Wind direction,Wind speed,Turbine 0,Turbine 1,Turbine 2,Turbine 3,Turbine 4,Turbine 5,Turbine 6,Turbine 7,Turbine 8,Turbine 9,Turbine 10,Turbine 11,Turbine 12,Turbine 13,Turbine 14,Turbine 15,Turbine 16,Turbine 17,Turbine 18,Turbine 19,Turbine 20,Turbine 21,Turbine 22,Turbine 23,Turbine 24,Turbine 25,Turbine 26,Turbine 27,Turbine 28,Turbine 29,Turbine 30,Turbine 31,Turbine 32,Turbine 33,Turbine 34,Turbine 35,Turbine 36,Turbine 37,Turbine 38,Turbine 39,Turbine 40,Turbine 41,Turbine 42,Turbine 43,Turbine 44,Turbine 45,Turbine 46,Turbine 47,Turbine 48,Turbine 49,Turbine 50,Turbine 51,Turbine 52,Turbine 53,Turbine 54,Turbine 55,Turbine 56,Turbine 57,Turbine 58,Turbine 59,Turbine 60,Turbine 61,Turbine 62,Turbine 63,Turbine 64,Turbine 65,Turbine 66,Turbine 67,Turbine 68
0,3,0.0,0.0,0.0,0.0,0.0,5.0,0.0,0.0,0.0,5.0,0.0,3.75,0.0,0.0,1.25,0.0,0.0,1.875,0.0,0.0,5.0,0.0,3.75,0.0,0.0,3.75,1.25,0.0,1.25,5.0,0.0,3.75,5.0,5.0,5.0,3.75,0.0,3.75,5.0,3.75,0.0,0.0,5.0,2.5,3.75,0.0,5.0,5.0,0.0,5.0,0.0,0.0,0.0,1.25,0.0,5.0,3.75,2.5,5.0,5.0,5.0,5.0,5.0,2.5,2.5,2.5,5.0,5.0,1.875
0,4,0.0,0.0,0.0,0.0,0.0,5.0,0.0,0.0,0.0,5.0,0.0,3.125,0.0,0.0,1.25,0.0,0.0,1.875,0.0,0.0,5.0,0.0,2.5,0.0,0.0,2.5,0.0,0.0,1.25,3.75,0.0,3.75,3.75,5.0,3.75,3.75,0.0,3.75,3.75,3.75,0.0,0.0,5.0,2.5,3.75,0.0,5.0,5.0,0.0,5.0,0.0,0.0,1.25,1.25,0.0,3.75,5.0,2.5,5.0,5.0,5.0,5.0,5.0,1.25,1.875,1.875,5.0,5.0,1.875
0,5,0.0,0.0,0.0,0.0,0.0,5.0,0.0,0.0,0.0,5.0,0.0,3.75,0.0,0.0,1.25,0.0,0.0,1.875,0.0,0.0,5.0,0.0,2.5,0.0,0.0,2.5,0.0,0.0,1.25,3.75,0.0,3.75,3.75,5.0,3.75,3.75,0.0,3.75,3.75,3.75,0.0,0.0,5.0,2.5,3.75,0.0,5.0,5.0,0.0,5.0,0.0,0.0,1.25,1.25,0.0,3.75,5.0,2.5,5.0,5.0,5.0,5.0,5.0,1.25,2.5,2.5,5.0,5.0,1.875
1,3,0.0,0.0,0.0,0.0,0.0,5.0,0.0,1.25,0.0,2.5,0.0,3.75,0.0,0.0,2.5,0.0,0.0,1.25,0.0,0.0,5.0,0.0,2.5,0.0,0.0,3.75,0.0,0.0,2.5,5.0,1.25,5.0,5.0,5.0,5.0,3.75,0.0,2.5,5.0,3.75,1.25,0.0,5.0,2.5,3.75,0.0,5.0,5.0,0.0,5.0,0.0,0.0,0.0,2.5,0.0,5.0,2.5,2.5,5.0,3.75,4.375,5.0,5.0,2.5,2.5,3.75,5.0,5.0,2.5
1,4,0.0,0.0,0.0,0.0,0.0,5.0,0.0,1.25,0.0,3.75,0.0,3.125,0.0,0.0,1.25,0.0,0.0,1.25,0.0,0.0,5.0,0.0,1.25,0.0,0.0,2.5,0.0,0.0,1.875,5.0,1.25,3.75,5.0,5.0,3.75,3.75,0.0,2.5,3.75,3.125,1.25,0.0,5.0,2.5,3.75,0.0,5.0,5.0,0.0,5.0,0.0,0.0,0.0,2.5,0.0,3.75,5.0,2.5,5.0,5.0,5.0,5.0,5.0,2.5,1.25,2.5,5.0,5.0,2.5
1,5,0.0,0.0,0.0,0.0,0.0,5.0,0.0,1.25,0.0,2.5,0.0,3.75,0.0,0.0,1.25,0.0,0.0,1.25,0.0,0.0,5.0,0.0,1.25,0.0,0.0,3.75,0.0,0.0,2.5,5.0,1.25,4.375,5.0,5.0,3.75,3.75,0.0,2.5,4.375,3.75,1.25,0.0,5.0,2.5,3.75,0.0,5.0,5.0,0.0,5.0,0.0,0.0,0.0,2.5,0.0,3.75,5.0,2.5,5.0,5.0,5.0,5.0,5.0,2.5,1.25,2.5,5.0,5.0,2.5
2,3,0.0,0.0,0.0,0.0,0.0,5.0,0.0,2.5,0.0,1.25,0.0,3.75,0.0,0.0,3.125,0.0,0.0,1.25,0.0,0.0,5.0,0.0,1.25,0.0,0.0,5.0,0.0,0.0,3.75,5.0,2.5,5.0,5.0,5.0,5.0,3.75,0.0,2.5,5.0,3.75,2.5,0.0,5.0,2.5,3.75,0.0,5.0,5.0,0.0,5.0,0.0,0.0,0.0,3.75,0.0,5.0,1.25,2.5,5.0,2.5,3.75,4.375,5.0,3.75,1.25,3.75,5.0,5.0,3.125
2,4,0.0,0.0,0.0,0.0,0.0,3.75,0.0,2.5,0.0,1.25,0.0,2.5,0.0,0.0,2.5,0.0,0.0,1.25,0.0,0.0,5.0,0.0,0.0,0.0,0.0,3.75,0.0,0.0,2.5,5.0,1.25,3.75,5.0,5.0,3.75,2.5,0.0,2.5,5.0,3.75,2.5,0.0,4.375,2.5,3.75,0.0,5.0,5.0,0.0,5.0,0.0,0.0,0.0,3.75,0.0,3.75,3.75,2.5,5.0,5.0,5.0,4.375,5.0,2.5,1.25,3.75,5.0,5.0,2.5
2,5,0.0,0.0,0.0,0.0,0.0,3.75,0.0,2.5,0.0,1.25,0.0,2.5,0.0,0.0,2.5,0.0,0.0,1.25,0.0,0.0,5.0,0.0,0.625,0.0,0.0,3.75,0.0,0.0,2.5,5.0,1.25,4.375,5.0,5.0,3.75,3.75,0.0,2.5,5.0,3.75,2.5,0.0,5.0,2.5,3.75,0.0,5.0,5.0,0.0,5.0,0.0,0.0,0.0,3.75,0.0,3.75,2.5,2.5,5.0,5.0,5.0,4.375,5.0,2.5,1.25,3.75,5.0,5.0,2.5
3,3,0.0,0.0,0.0,0.0,0.0,3.75,0.0,3.75,0.0,0.0,0.0,2.5,0.0,0.0,3.75,0.0,0.0,1.875,0.0,0.0,5.0,0.0,0.0,0.0,0.0,5.0,0.0,0.0,5.0,5.0,2.5,4.375,5.0,5.0,5.0,2.5,0.0,2.5,5.0,5.0,2.5,0.0,4.375,3.75,4.375,0.0,5.0,5.0,0.0,5.0,0.0,0.0,0.0,4.375,0.0,5.0,0.0,3.75,5.0,1.25,2.5,4.375,5.0,3.75,1.25,5.0,5.0,5.0,3.75
3,4,0.0,0.0,0.0,0.0,0.0,2.5,0.0,3.125,0.0,0.0,0.0,2.5,0.0,0.0,2.5,0.0,0.0,1.25,0.0,0.0,5.0,0.0,0.0,0.0,0.0,5.0,0.0,0.0,3.75,5.0,1.875,3.75,5.0,5.0,3.75,2.5,0.0,2.5,5.0,3.75,2.5,0.0,3.75,3.75,3.75,0.0,5.0,5.0,0.0,3.75,0.0,0.0,0.0,3.75,0.0,3.75,2.5,3.125,5.0,5.0,5.0,3.75,5.0,3.125,1.25,3.75,5.0,5.0,3.75
3,5,0.0,0.0,0.0,0.0,0.0,2.5,0.0,3.75,0.0,0.0,0.0,2.5,0.0,0.0,3.125,0.0,0.0,1.25,0.0,0.0,5.0,0.0,0.0,0.0,0.0,5.0,0.0,0.0,3.75,5.0,2.5,3.75,5.0,5.0,3.75,2.5,0.0,2.5,5.0,3.75,2.5,0.0,3.75,3.75,3.75,0.0,5.0,5.0,0.0,4.375,0.0,0.0,0.0,4.375,0.0,3.75,1.25,3.125,5.0,3.75,5.0,4.375,5.0,3.75,1.25,3.75,5.0,5.0,3.75
4,3,0.0,0.0,0.0,0.0,0.0,1.25,0.0,5.0,0.0,0.0,0.0,2.5,0.0,0.0,3.75,0.0,1.25,2.5,1.25,0.0,4.375,1.25,0.0,0.0,0.0,5.0,0.0,0.0,5.0,5.0,2.5,3.75,5.0,5.0,3.75,2.5,1.25,3.75,5.0,5.0,3.75,0.0,3.75,5.0,4.375,0.0,5.0,5.0,0.0,5.0,0.0,0.0,0.0,5.0,0.0,5.0,0.0,3.75,5.0,0.0,1.25,4.375,5.0,3.75,2.5,5.0,5.0,5.0,5.0
4,4,0.0,0.0,0.0,0.0,0.0,1.25,0.0,3.75,0.0,0.0,0.0,1.25,0.0,0.0,2.5,0.0,0.0,2.5,0.625,0.0,3.75,1.25,0.0,0.0,0.0,5.0,0.0,0.0,5.0,5.0,2.5,3.75,5.0,5.0,3.75,1.875,1.25,2.5,5.0,4.375,3.75,0.0,3.75,5.0,3.75,0.0,5.0,5.0,0.0,3.75,0.0,0.0,0.0,5.0,0.0,3.75,0.0,3.75,5.0,3.75,5.0,3.75,5.0,2.5,1.25,3.75,5.0,5.0,4.375
4,5,0.0,0.0,0.0,0.0,0.0,1.25,0.0,3.75,0.0,0.0,0.0,1.25,0.0,0.0,2.5,0.0,0.0,2.5,1.25,0.0,3.75,1.25,0.0,0.0,0.0,5.0,0.0,0.0,5.0,5.0,2.5,3.75,5.0,5.0,3.75,2.5,1.25,3.75,5.0,5.0,3.75,0.0,3.75,5.0,3.75,0.0,5.0,5.0,0.0,3.75,0.0,0.0,0.0,5.0,0.0,3.75,0.0,3.75,5.0,2.5,5.0,4.375,5.0,2.5,1.25,4.375,5.0,5.0,4.375
5,3,0.0,0.0,0.0,0.0,0.0,0.0,0.0,5.0,0.0,0.0,0.0,1.25,0.0,0.0,3.125,0.0,1.25,2.5,2.5,0.0,3.75,2.5,0.0,0.0,0.0,5.0,0.0,0.0,5.0,5.0,2.5,3.125,5.0,5.0,3.75,1.25,1.25,4.375,5.0,5.0,3.75,0.0,3.125,5.0,3.75,0.0,5.0,5.0,0.0,5.0,0.0,0.0,0.0,5.0,0.0,5.0,0.0,4.375,5.0,0.0,0.0,4.375,5.0,2.5,2.5,5.0,5.0,5.0,5.0
5,4,0.0,0.0,0.0,0.0,0.0,0.0,0.0,4.375,0.0,0.0,0.0,0.625,0.0,0.0,2.5,0.0,1.25,2.5,1.25,0.0,2.5,1.875,0.0,0.0,0.0,5.0,0.0,0.0,5.0,5.0,2.5,2.5,5.0,5.0,2.5,1.25,1.25,3.75,5.0,5.0,3.75,0.0,3.125,5.0,3.75,0.0,5.0,5.0,0.0,5.0,0.0,0.0,0.0,5.0,0.0,3.75,0.0,3.75,5.0,0.0,5.0,5.0,5.0,2.5,2.5,5.0,3.75,5.0,5.0
5,5,0.0,0.0,0.0,0.0,0.0,0.0,0.0,5.0,0.0,0.0,0.0,1.25,0.0,0.0,2.5,0.0,1.25,2.5,1.25,0.0,3.125,2.5,0.0,0.0,0.0,5.0,0.0,0.0,5.0,5.0,2.5,2.5,5.0,5.0,3.125,1.25,1.25,3.75,5.0,5.0,3.75,0.0,3.125,5.0,3.75,0.0,5.0,5.0,0.0,5.0,0.0,0.0,0.0,5.0,0.0,3.75,0.0,3.75,5.0,0.0,5.0,5.0,5.0,2.5,2.5,5.0,4.375,5.0,5.0
6,3,0.0,0.0,0.0,0.0,0.0,0.0,0.0,5.0,0.0,0.0,0.0,0.0,0.0,0.0,2.5,0.0,2.5,3.125,3.75,0.0,2.5,3.75,0.0,0.0,0.0,5.0,0.0,0.0,5.0,5.0,2.5,2.5,5.0,5.0,3.75,0.625,2.5,5.0,5.0,5.0,3.75,0.0,3.125,5.0,3.75,0.0,5.0,5.0,0.0,5.0,0.0,1.25,0.0,5.0,0.0,3.75,0.0,5.0,5.0,0.0,0.0,4.375,5.0,2.5,3.75,5.0,5.0,5.0,5.0
6,4,0.0,0.0,0.0,0.0,0.0,0.0,0.0,3.75,0.0,0.0,0.0,0.0,0.0,0.0,2.5,0.0,2.5,2.5,2.5,0.0,2.5,2.5,0.0,0.0,0.0,5.0,0.0,0.0,5.0,5.0,1.25,1.25,5.0,5.0,2.5,0.0,2.5,5.0,5.0,5.0,3.75,0.0,2.5,5.0,3.75,0.0,5.0,5.0,0.0,5.0,0.0,0.0,0.0,5.0,0.0,3.75,0.0,5.0,5.0,0.0,1.25,4.375,5.0,1.25,2.5,5.0,3.75,3.75,5.0
6,5,0.0,0.0,0.0,0.0,0.0,0.0,0.0,4.375,0.0,0.0,0.0,0.0,0.0,0.0,2.5,0.0,2.5,2.5,2.5,0.0,2.5,2.5,0.0,0.0,0.0,5.0,0.0,0.0,5.0,5.0,1.875,2.5,5.0,5.0,2.5,0.0,2.5,5.0,5.0,5.0,3.75,0.0,2.5,5.0,3.75,0.0,5.0,5.0,0.0,5.0,0.0,0.0,0.0,5.0,0.0,3.75,0.0,5.0,5.0,0.0,2.5,4.375,5.0,1.25,2.5,5.0,4.375,4.375,5.0
7,3,0.0,0.0,0.0,0.0,0.0,0.0,0.0,5.0,0.0,0.0,0.0,0.0,0.0,0.0,1.875,0.0,3.75,2.5,5.0,0.0,2.5,3.75,0.0,0.0,0.0,5.0,1.25,0.0,5.0,5.0,1.25,1.25,3.75,5.0,3.75,0.0,2.5,5.0,5.0,5.0,3.75,0.0,3.125,5.0,3.75,0.0,5.0,5.0,0.0,5.0,0.0,2.5,0.0,5.0,0.0,3.75,0.0,5.0,5.0,0.0,0.0,4.375,5.0,1.25,3.75,5.0,5.0,5.0,5.0
7,4,0.0,0.0,0.0,0.0,0.0,0.0,0.0,3.75,0.0,0.0,0.0,0.0,0.0,0.0,1.25,0.0,2.5,2.5,3.75,0.0,2.5,3.75,0.0,0.0,0.0,5.0,1.25,0.0,5.0,5.0,1.25,1.25,3.75,4.375,2.5,0.0,2.5,5.0,5.0,5.0,3.75,0.0,3.125,5.0,3.75,0.0,5.0,5.0,0.0,5.0,0.0,1.25,0.625,5.0,0.0,3.75,0.0,5.0,5.0,0.0,0.0,4.375,5.0,1.25,2.5,5.0,3.75,3.75,5.0
7,5,0.0,0.0,0.0,0.0,0.0,0.0,0.0,3.75,0.0,0.0,0.0,0.0,0.0,0.0,1.25,0.0,2.5,2.5,3.75,0.0,2.5,3.75,0.0,0.0,0.0,5.0,1.25,0.0,5.0,5.0,1.25,1.25,3.75,5.0,2.5,0.0,2.5,5.0,5.0,5.0,3.75,0.0,3.125,5.0,3.75,0.0,5.0,5.0,0.0,5.0,0.0,1.25,0.625,5.0,0.0,3.75,0.0,5.0,5.0,0.0,0.0,4.375,5.0,1.25,2.5,5.0,3.75,3.75,5.0
8,3,0.0,0.0,0.0,0.0,0.0,0.0,0.0,3.75,0.0,0.0,0.0,0.625,0.0,0.0,1.25,0.0,3.75,2.5,5.0,0.0,2.5,4.375,0.0,0.0,0.0,5.0,2.5,0.0,5.0,5.0,1.25,0.0,3.75,5.0,3.75,0.0,2.5,5.0,5.0,5.0,2.5,0.0,3.125,5.0,3.75,0.0,5.0,5.0,0.0,5.0,0.0,3.75,1.25,5.0,0.0,5.0,0.0,5.0,5.0,0.0,0.0,4.375,5.0,1.25,3.75,5.0,4.375,5.0,5.0
8,4,0.0,0.0,0.0,0.0,0.0,0.0,0.0,2.5,0.0,0.0,0.0,0.0,0.0,0.0,1.25,0.0,3.75,2.5,5.0,0.0,2.5,3.75,0.0,0.0,0.0,5.0,2.5,0.0,5.0,3.75,0.625,0.0,3.75,5.0,3.125,0.0,2.5,5.0,5.0,5.0,2.5,0.0,3.75,5.0,3.75,0.0,5.0,5.0,0.0,5.0,0.0,2.5,1.25,3.75,0.0,3.75,0.0,5.0,5.0,0.0,0.0,5.0,5.0,1.25,2.5,5.0,3.75,3.75,5.0
8,5,0.0,0.0,0.0,0.0,0.0,0.0,0.0,2.5,0.0,0.0,0.0,0.0,0.0,0.0,1.25,0.0,3.75,2.5,5.0,0.0,2.5,3.75,0.0,0.0,0.0,5.0,2.5,0.0,5.0,3.75,1.25,0.0,3.75,5.0,3.75,0.0,2.5,5.0,5.0,5.0,2.5,0.0,3.75,5.0,3.75,0.0,5.0,5.0,0.0,5.0,0.0,2.5,1.25,4.375,0.0,3.75,0.0,5.0,5.0,0.0,0.0,5.0,5.0,1.25,2.5,5.0,3.75,3.75,5.0
9,3,0.0,0.0,0.0,0.0,0.0,0.0,0.0,1.25,0.0,0.0,0.0,1.25,0.0,0.0,1.25,0.0,3.75,1.875,5.0,0.0,2.5,4.375,1.25,0.0,0.0,5.0,3.75,0.0,5.0,3.75,0.0,0.0,2.5,5.0,5.0,0.0,3.75,5.0,5.0,5.0,2.5,0.0,3.75,5.0,3.75,0.0,5.0,3.75,0.0,5.0,0.0,5.0,1.25,5.0,0.0,5.0,0.0,5.0,5.0,0.0,0.0,4.375,5.0,1.25,3.75,5.0,4.375,5.0,5.0
9,4,0.0,0.0,0.0,0.0,0.0,0.0,0.0,1.25,0.0,0.0,0.0,1.25,0.0,0.0,0.0,0.0,3.75,1.25,5.0,0.0,2.5,3.75,1.25,0.0,0.0,5.0,3.75,0.0,5.0,2.5,0.0,0.0,2.5,5.0,3.75,0.0,2.5,5.0,3.75,5.0,1.25,0.0,3.75,5.0,3.75,0.0,5.0,3.75,0.0,5.0,0.0,3.75,1.875,3.75,0.0,5.0,0.0,5.0,5.0,0.0,0.0,5.0,5.0,1.25,2.5,5.0,3.75,4.375,5.0
9,5,0.0,0.0,0.0,0.0,0.0,0.0,0.0,1.25,0.0,0.0,0.0,1.25,0.0,0.0,0.0,0.0,3.75,1.25,5.0,0.0,2.5,3.75,1.25,0.0,0.0,5.0,3.75,0.0,5.0,2.5,0.0,0.0,3.75,5.0,4.375,0.0,3.75,5.0,5.0,5.0,1.25,0.0,3.75,5.0,3.75,0.0,5.0,3.75,0.0,5.0,0.0,3.75,2.5,3.75,0.0,5.0,0.0,5.0,5.0,0.0,0.0,5.0,5.0,1.25,2.5,5.0,3.75,5.0,5.0
10,3,0.0,0.0,0.0,0.0,0.0,0.0,0.0,0.0,0.0,0.0,0.0,2.5,0.0,0.0,0.0,0.0,5.0,1.25,5.0,0.0,2.5,3.75,2.5,0.0,0.0,5.0,5.0,0.0,5.0,2.5,0.0,0.0,2.5,5.0,5.0,0.0,3.75,5.0,3.75,5.0,1.25,0.0,4.375,5.0,3.75,0.0,5.0,3.75,0.0,5.0,0.0,5.0,2.5,5.0,0.0,5.0,0.0,5.0,5.0,0.0,1.25,5.0,5.0,2.5,3.75,5.0,5.0,5.0,5.0
10,4,0.0,0.0,0.0,0.0,0.0,0.0,0.0,0.0,0.0,0.0,0.0,1.25,0.0,0.0,0.0,0.0,3.75,1.25,5.0,0.0,2.5,3.75,2.5,0.0,0.0,3.75,5.0,0.0,5.0,1.25,0.0,0.0,2.5,5.0,5.0,0.0,3.75,5.0,3.75,5.0,1.25,0.0,3.75,5.0,3.75,0.0,3.75,3.75,0.0,5.0,0.0,5.0,2.5,3.75,0.0,5.0,0.0,5.0,5.0,0.0,1.25,5.0,3.75,1.25,3.75,5.0,4.375,5.0,5.0
10,5,0.0,0.0,0.0,0.0,0.0,0.0,0.0,0.0,0.0,0.0,0.0,1.25,0.0,0.0,0.0,0.0,3.75,1.25,5.0,0.0,2.5,3.75,2.5,0.0,0.0,3.75,5.0,0.0,5.0,2.5,0.0,0.0,2.5,5.0,5.0,0.0,3.75,5.0,3.75,5.0,1.25,0.0,4.375,5.0,3.75,0.0,5.0,3.75,0.0,5.0,0.0,5.0,2.5,3.75,0.0,5.0,0.0,5.0,5.0,0.0,1.25,5.0,3.75,1.25,3.75,5.0,4.375,5.0,5.0
11,3,0.0,0.0,0.0,0.0,0.0,0.0,0.0,0.0,0.0,0.0,0.0,2.5,0.0,0.0,1.25,0.0,5.0,1.25,5.0,0.0,2.5,2.5,2.5,0.0,0.0,3.75,5.0,2.5,5.0,1.25,0.0,0.0,1.25,5.0,5.0,0.0,5.0,5.0,3.75,5.0,1.25,0.0,5.0,5.0,5.0,0.0,5.0,3.125,0.0,5.0,0.0,5.0,2.5,5.0,0.0,5.0,0.0,5.0,5.0,0.0,2.5,5.0,5.0,3.125,5.0,5.0,5.0,5.0,5.0
11,4,0.0,0.0,0.0,0.0,0.0,0.0,0.0,0.0,0.0,0.0,0.0,1.25,0.0,0.0,0.0,0.0,3.75,1.25,3.75,0.0,1.875,2.5,2.5,0.0,0.0,3.125,5.0,1.25,5.0,1.25,0.0,0.0,2.5,5.0,5.0,0.0,3.75,3.75,3.75,4.375,1.25,0.0,5.0,5.0,5.0,0.0,3.75,3.125,0.0,5.0,0.0,5.0,2.5,3.75,0.0,5.0,0.0,5.0,5.0,0.0,1.25,5.0,3.75,2.5,3.75,5.0,5.0,5.0,5.0
11,5,0.0,0.0,0.0,0.0,0.0,0.0,0.0,0.0,0.0,0.0,0.0,1.25,0.0,0.0,0.0,0.0,4.375,1.25,5.0,0.0,2.5,2.5,2.5,0.0,0.0,3.75,5.0,1.25,5.0,1.25,0.0,0.0,2.5,5.0,5.0,0.0,5.0,3.75,3.75,5.0,1.25,0.0,5.0,5.0,5.0,0.0,3.75,3.75,0.0,5.0,0.0,5.0,2.5,3.75,0.0,5.0,0.0,5.0,5.0,0.0,2.5,5.0,3.75,2.5,3.75,5.0,5.0,5.0,5.0
12,3,0.0,0.0,0.0,0.0,0.0,0.0,0.0,0.0,0.0,0.0,0.0,2.5,0.0,0.0,1.25,0.0,5.0,1.25,3.75,0.0,2.5,1.25,3.75,0.0,0.0,3.75,5.0,3.75,5.0,1.25,1.25,1.25,1.25,5.0,5.0,1.25,5.0,5.0,3.75,4.375,1.25,0.0,5.0,5.0,5.0,0.0,5.0,2.5,0.0,5.0,0.0,5.0,2.5,3.75,0.0,5.0,0.0,5.0,5.0,0.0,3.125,5.0,3.75,3.75,5.0,5.0,5.0,5.0,5.0
12,4,0.0,0.0,0.0,0.0,0.0,0.0,0.0,0.0,0.0,0.0,0.0,1.25,0.0,0.0,1.25,0.0,3.75,1.25,3.75,0.0,1.25,1.25,3.75,0.0,0.0,2.5,5.0,3.75,5.0,1.25,0.0,1.25,1.25,5.0,5.0,1.25,5.0,3.75,3.75,3.75,1.25,0.0,5.0,5.0,5.0,0.0,3.75,2.5,0.0,5.0,0.0,5.0,2.5,3.75,0.0,5.0,0.0,3.75,3.75,0.0,2.5,5.0,3.75,2.5,5.0,3.75,5.0,5.0,5.0
12,5,0.0,0.0,0.0,0.0,0.0,0.0,0.0,0.0,0.0,0.0,0.0,1.875,0.0,0.0,1.25,0.0,4.375,1.25,3.75,0.0,1.25,1.25,3.75,0.0,0.0,2.5,5.0,2.5,5.0,1.25,0.625,1.25,1.25,5.0,5.0,1.25,5.0,3.75,3.75,3.75,1.25,0.0,5.0,5.0,5.0,0.0,3.75,2.5,0.0,5.0,0.0,5.0,2.5,3.75,0.0,5.0,0.0,5.0,3.75,0.0,2.5,5.0,3.75,2.5,5.0,3.75,5.0,5.0,5.0
13,3,0.0,0.0,0.0,0.0,0.0,0.0,0.0,0.0,0.0,0.0,0.0,2.5,0.0,0.0,1.25,0.0,5.0,1.25,2.5,0.0,2.5,1.25,3.75,0.0,0.0,2.5,5.0,5.0,5.0,1.25,1.25,2.5,1.25,5.0,5.0,1.25,5.0,4.375,5.0,3.75,2.5,0.0,5.0,3.75,5.0,0.0,5.0,2.5,1.25,5.0,0.0,5.0,2.5,4.375,0.0,5.0,0.0,5.0,3.75,1.25,3.75,5.0,3.75,3.75,5.0,3.75,4.375,5.0,5.0
13,4,0.0,0.0,0.0,0.0,0.0,0.0,0.0,0.0,0.0,0.0,0.0,1.25,0.0,0.0,1.25,0.0,3.75,1.25,2.5,0.0,2.5,1.25,3.75,0.0,0.0,2.5,5.0,5.0,3.75,1.25,1.25,2.5,1.25,5.0,5.0,1.25,5.0,3.75,3.75,3.75,2.5,0.0,5.0,3.75,5.0,0.0,3.75,2.5,1.25,5.0,0.0,3.75,2.5,3.75,0.0,5.0,0.0,3.75,3.75,1.25,2.5,5.0,2.5,2.5,5.0,3.75,4.375,5.0,5.0
13,5,0.0,0.0,0.0,0.0,0.0,0.0,0.0,0.0,0.0,0.0,0.0,1.25,0.0,0.0,1.25,0.0,4.375,1.25,2.5,0.0,2.5,1.25,3.75,0.0,0.0,2.5,5.0,5.0,5.0,1.25,1.25,2.5,1.25,5.0,5.0,1.25,5.0,3.75,3.75,3.75,2.5,0.0,5.0,3.75,5.0,0.0,3.75,2.5,1.25,5.0,0.0,5.0,2.5,3.75,0.0,5.0,0.0,3.75,3.75,1.25,2.5,5.0,2.5,2.5,5.0,3.75,5.0,5.0,5.0
14,3,0.0,0.0,0.0,0.0,0.0,0.0,0.0,0.0,0.0,0.0,0.0,1.25,0.0,0.0,1.25,0.0,3.75,2.5,1.25,0.0,2.5,0.0,3.75,0.0,0.0,2.5,5.0,5.0,5.0,1.25,2.5,2.5,1.25,5.0,5.0,2.5,5.0,3.75,5.0,4.375,3.75,0.0,5.0,3.75,5.0,0.0,5.0,2.5,1.25,5.0,0.0,3.75,1.875,5.0,0.0,5.0,0.0,5.0,3.75,3.75,3.75,5.0,2.5,3.75,5.0,3.125,4.375,5.0,5.0
14,4,0.0,0.0,0.0,0.0,0.0,0.0,0.0,0.0,0.0,0.0,0.0,1.25,0.0,0.0,1.25,0.0,3.75,2.5,1.25,0.0,2.5,0.0,3.75,0.0,0.0,1.875,5.0,5.0,3.75,1.25,2.5,2.5,1.25,5.0,5.0,2.5,5.0,3.75,3.75,3.75,3.75,0.0,5.0,2.5,5.0,0.0,3.75,2.5,1.25,5.0,0.0,3.75,1.875,3.75,0.0,5.0,0.0,4.375,3.75,2.5,2.5,5.0,1.25,2.5,5.0,3.125,4.375,5.0,5.0
14,5,0.0,0.0,0.0,0.0,0.0,0.0,0.0,0.0,0.0,0.0,0.0,1.25,0.0,0.0,1.25,0.0,3.75,2.5,1.25,0.0,2.5,0.0,3.75,0.0,0.0,2.5,5.0,5.0,3.75,2.5,2.5,2.5,1.25,5.0,5.0,2.5,5.0,3.75,4.375,3.75,3.75,0.0,5.0,2.5,5.0,0.0,3.75,2.5,1.875,5.0,0.0,3.75,2.5,3.75,0.0,5.0,0.0,5.0,3.75,2.5,2.5,5.0,2.5,2.5,5.0,3.125,5.0,5.0,5.0
15,3,0.0,0.0,0.0,0.0,0.0,0.0,0.0,0.0,0.0,1.25,0.0,1.25,0.0,0.0,1.25,0.0,3.75,2.5,0.0,0.0,2.5,1.25,3.75,0.0,0.0,2.5,5.0,5.0,3.75,2.5,3.75,3.125,1.25,5.0,5.0,2.5,5.0,3.75,5.0,5.0,5.0,0.0,5.0,2.5,5.0,0.0,5.0,3.125,1.875,5.0,0.0,3.75,2.5,5.0,0.0,5.0,0.0,5.0,4.375,5.0,2.5,5.0,1.875,3.125,5.0,3.125,4.375,5.0,5.0
15,4,0.0,0.0,0.0,0.0,0.0,0.0,0.0,0.0,0.0,1.25,0.0,1.25,0.0,0.0,2.5,0.0,3.75,2.5,0.0,0.0,2.5,1.25,3.75,0.0,0.0,2.5,5.0,5.0,2.5,2.5,2.5,2.5,1.25,5.0,5.0,2.5,5.0,3.75,4.375,4.375,5.0,0.0,5.0,2.5,5.0,0.0,3.75,2.5,2.5,5.0,0.0,3.75,2.5,3.75,0.0,5.0,0.0,5.0,3.75,3.75,2.5,5.0,1.25,2.5,5.0,2.5,4.375,5.0,5.0
15,5,0.0,0.0,0.0,0.0,0.0,0.0,0.0,0.0,0.0,1.25,0.0,1.25,0.0,0.0,2.5,0.0,3.75,2.5,0.0,0.0,2.5,1.25,3.75,0.0,0.0,2.5,5.0,5.0,3.125,2.5,3.125,2.5,1.25,5.0,5.0,2.5,5.0,3.75,5.0,4.375,5.0,0.0,5.0,2.5,5.0,0.0,3.75,2.5,2.5,5.0,0.0,3.75,2.5,3.75,0.0,5.0,0.0,5.0,3.75,3.75,2.5,5.0,1.25,2.5,5.0,3.125,5.0,5.0,5.0
16,3,0.0,0.0,0.0,0.0,0.0,0.0,0.0,1.25,0.0,2.5,0.0,0.0,0.0,0.0,1.25,0.0,3.75,3.75,0.0,0.0,2.5,2.5,5.0,0.0,0.0,2.5,5.0,5.0,2.5,2.5,3.75,3.75,1.25,5.0,5.0,2.5,5.0,3.75,5.0,5.0,5.0,0.0,5.0,2.5,5.0,0.0,5.0,3.75,1.875,5.0,0.0,3.75,2.5,5.0,0.0,5.0,0.0,5.0,5.0,5.0,2.5,5.0,1.25,3.75,5.0,3.75,4.375,5.0,5.0
16,4,0.0,1.25,0.0,1.25,0.0,1.25,0.0,2.5,0.0,1.25,0.0,1.25,0.0,0.0,3.75,0.0,3.75,3.75,0.0,0.0,2.5,1.25,5.0,0.0,0.0,2.5,4.375,5.0,2.5,2.5,3.75,2.5,1.25,3.75,5.0,2.5,5.0,3.75,3.75,5.0,5.0,0.0,5.0,1.875,5.0,0.0,3.75,3.75,3.125,5.0,0.0,2.5,2.5,5.0,0.0,5.0,0.0,5.0,5.0,5.0,1.25,5.0,1.25,2.5,5.0,3.75,4.375,5.0,5.0
16,5,0.0,1.25,0.0,1.25,0.0,1.25,0.0,1.25,0.0,1.875,0.0,1.25,0.0,0.0,3.125,0.0,3.75,3.75,0.0,0.0,2.5,1.25,5.0,0.0,0.0,2.5,5.0,5.0,2.5,2.5,3.75,2.5,1.25,3.75,5.0,2.5,5.0,3.75,5.0,5.0,5.0,0.0,5.0,2.5,5.0,0.0,4.375,3.75,3.125,5.0,0.0,2.5,2.5,5.0,0.0,5.0,0.0,5.0,5.0,5.0,1.25,5.0,1.25,2.5,5.0,3.75,4.375,5.0,5.0
17,3,0.0,1.25,0.0,1.25,0.0,0.0,0.0,2.5,0.0,3.75,0.0,0.0,0.0,0.0,2.5,0.0,2.5,3.75,0.0,0.0,3.75,3.75,5.0,0.0,0.0,2.5,2.5,5.0,2.5,1.25,5.0,3.75,2.5,3.75,5.0,1.875,5.0,2.5,5.0,5.0,5.0,0.0,5.0,2.5,5.0,0.0,5.0,5.0,1.875,5.0,0.0,3.125,2.5,5.0,0.0,5.0,0.0,5.0,5.0,5.0,1.25,5.0,1.25,3.75,5.0,3.75,4.375,5.0,5.0
17,4,0.0,2.5,0.0,2.5,0.0,3.75,0.0,3.75,0.0,2.5,0.0,1.25,0.0,0.0,5.0,0.0,3.125,5.0,0.0,0.0,3.75,2.5,5.0,0.0,0.0,2.5,2.5,5.0,2.5,2.5,3.75,2.5,2.5,3.75,5.0,1.25,5.0,3.125,3.75,5.0,5.0,0.0,5.0,1.875,5.0,0.0,5.0,3.75,3.125,3.75,0.0,2.5,2.5,5.0,0.0,5.0,0.0,5.0,5.0,5.0,1.25,5.0,1.25,2.5,5.0,3.75,4.375,5.0,5.0
17,5,0.0,2.5,0.0,2.5,0.0,2.5,0.0,3.125,0.0,2.5,0.0,1.25,0.0,0.0,3.75,0.0,3.75,4.375,0.0,0.0,3.125,2.5,5.0,0.0,0.0,2.5,2.5,5.0,2.5,2.5,5.0,2.5,2.5,3.75,5.0,1.875,5.0,3.75,3.75,5.0,5.0,0.0,5.0,2.5,5.0,0.0,5.0,3.75,3.125,3.75,0.0,2.5,2.5,5.0,0.0,5.0,0.0,5.0,5.0,5.0,1.25,5.0,1.25,3.75,5.0,3.75,4.375,5.0,5.0
18,3,0.0,2.5,0.0,2.5,0.0,2.5,0.0,5.0,0.0,3.75,0.0,0.0,0.0,0.0,3.75,0.0,2.5,5.0,0.0,0.0,4.375,5.0,5.0,0.0,0.0,3.75,1.25,5.0,2.5,1.25,5.0,2.5,2.5,3.75,4.375,1.25,4.375,2.5,3.75,5.0,5.0,1.25,5.0,2.5,5.0,0.0,5.0,5.0,1.875,5.0,0.0,3.125,3.75,5.0,0.0,5.0,0.0,5.0,5.0,5.0,1.25,5.0,2.5,5.0,5.0,5.0,5.0,5.0,5.0
18,4,0.0,3.75,0.0,5.0,0.0,5.0,0.0,5.0,0.0,2.5,0.0,1.25,0.0,0.0,5.0,0.0,3.75,5.0,0.0,0.0,3.75,3.75,5.0,0.0,0.0,2.5,1.25,5.0,2.5,1.25,5.0,2.5,2.5,2.5,3.75,1.25,3.75,2.5,3.75,5.0,5.0,1.25,5.0,2.5,5.0,0.0,5.0,5.0,2.5,3.75,0.0,2.5,3.75,5.0,0.0,5.0,0.0,5.0,5.0,5.0,0.625,3.75,1.25,3.75,5.0,4.375,4.375,5.0,5.0
18,5,0.0,3.75,0.0,5.0,0.0,5.0,0.0,5.0,0.0,3.125,0.0,1.25,0.0,0.0,5.0,0.0,3.75,5.0,0.0,0.0,3.75,3.75,5.0,0.0,0.0,2.5,1.25,5.0,2.5,1.25,5.0,2.5,2.5,2.5,3.75,1.25,3.75,2.5,3.75,5.0,5.0,1.25,5.0,2.5,5.0,0.0,5.0,5.0,2.5,3.75,0.0,3.125,3.75,5.0,0.0,5.0,0.0,5.0,5.0,5.0,1.25,4.375,1.875,3.75,5.0,5.0,5.0,5.0,5.0
19,3,0.0,3.75,0.0,3.75,0.0,3.75,0.0,5.0,0.0,3.75,0.0,0.625,0.0,0.0,3.75,0.0,2.5,5.0,0.0,0.0,5.0,5.0,5.0,0.0,0.0,3.75,0.0,5.0,2.5,0.0,5.0,3.75,3.125,2.5,3.75,1.25,3.75,1.25,3.75,5.0,5.0,2.5,5.0,3.75,5.0,0.0,5.0,5.0,1.25,5.0,0.0,3.75,5.0,5.0,0.0,5.0,0.0,5.0,5.0,5.0,1.25,5.0,3.75,5.0,5.0,5.0,5.0,5.0,5.0
19,4,0.0,5.0,0.0,5.0,0.0,5.0,0.0,5.0,0.0,2.5,0.0,2.5,0.0,0.0,5.0,0.0,3.75,5.0,0.0,0.0,5.0,5.0,5.0,0.0,0.0,2.5,0.0,5.0,2.5,1.25,5.0,2.5,2.5,2.5,3.75,1.25,2.5,1.25,3.125,5.0,5.0,2.5,5.0,2.5,5.0,0.0,5.0,5.0,2.5,4.375,0.0,3.125,5.0,5.0,0.0,5.0,0.0,5.0,5.0,4.375,1.25,3.75,2.5,3.75,3.75,5.0,4.375,5.0,5.0
19,5,0.0,5.0,0.0,5.0,0.0,5.0,0.0,5.0,0.0,3.75,0.0,2.5,0.0,0.0,5.0,0.0,3.75,5.0,0.0,0.0,4.375,5.0,5.0,0.0,0.0,2.5,0.0,5.0,2.5,1.25,5.0,2.5,3.75,2.5,3.75,1.25,2.5,1.25,3.75,5.0,5.0,2.5,5.0,2.5,5.0,0.0,5.0,5.0,2.5,5.0,0.0,3.75,5.0,5.0,0.0,5.0,0.0,5.0,5.0,5.0,1.25,4.375,2.5,3.75,3.75,5.0,5.0,5.0,5.0
20,3,0.0,5.0,0.0,4.375,0.0,5.0,0.0,5.0,0.0,3.75,0.0,1.875,0.0,0.0,5.0,0.0,3.125,5.0,0.0,0.0,5.0,5.0,5.0,0.0,0.0,3.75,0.0,2.5,2.5,0.0,5.0,3.75,3.75,2.5,3.125,1.25,2.5,1.25,3.75,5.0,5.0,3.75,5.0,3.75,5.0,0.0,5.0,5.0,1.25,5.0,0.0,3.125,5.0,5.0,0.0,5.0,0.0,5.0,5.0,4.375,1.25,5.0,3.75,5.0,3.75,5.0,5.0,5.0,5.0
20,4,0.0,5.0,0.0,5.0,0.0,5.0,0.0,5.0,0.0,2.5,0.0,3.125,0.0,0.0,5.0,0.0,3.75,5.0,0.0,0.0,5.0,5.0,5.0,0.0,0.0,3.75,0.0,2.5,2.5,0.0,5.0,3.75,3.75,1.25,2.5,1.25,2.5,1.25,2.5,5.0,5.0,3.75,5.0,3.75,5.0,0.0,5.0,5.0,1.875,5.0,0.0,2.5,5.0,3.75,0.0,5.0,0.0,5.0,5.0,3.75,1.25,5.0,3.75,5.0,3.75,5.0,5.0,5.0,5.0
20,5,0.0,5.0,0.0,5.0,0.0,5.0,0.0,5.0,0.0,2.5,0.0,3.125,0.0,0.0,5.0,0.0,3.75,5.0,0.0,0.0,5.0,5.0,5.0,0.0,0.0,3.75,0.0,1.25,2.5,0.0,5.0,3.75,3.75,1.875,2.5,1.25,2.5,1.25,3.125,5.0,5.0,3.75,5.0,3.75,5.0,0.0,5.0,5.0,1.875,5.0,0.0,2.5,5.0,5.0,0.0,5.0,0.0,5.0,5.0,3.75,1.25,5.0,3.75,5.0,3.75,5.0,5.0,5.0,5.0
21,3,0.0,5.0,0.0,5.0,0.0,5.0,0.0,5.0,0.0,2.5,0.0,1.875,0.0,0.0,5.0,0.0,3.75,5.0,0.0,0.0,5.0,5.0,5.0,0.0,0.0,5.0,0.0,1.25,2.5,0.0,5.0,5.0,3.75,2.5,2.5,2.5,2.5,1.25,3.75,5.0,5.0,5.0,5.0,5.0,5.0,0.0,5.0,5.0,1.25,5.0,0.0,2.5,5.0,3.75,0.0,5.0,0.0,5.0,5.0,2.5,2.5,5.0,5.0,5.0,3.75,5.0,5.0,5.0,5.0
21,4,0.0,5.0,0.0,5.0,0.0,5.0,0.0,5.0,0.0,2.5,0.0,3.75,0.0,0.0,5.0,0.0,4.375,5.0,0.0,0.0,5.0,5.0,5.0,0.0,0.0,3.75,0.0,1.25,2.5,0.0,3.75,3.75,3.75,2.5,2.5,1.25,1.25,1.25,2.5,4.375,5.0,3.75,5.0,5.0,5.0,0.0,5.0,5.0,1.25,5.0,0.0,2.5,5.0,3.75,0.0,5.0,0.0,5.0,5.0,2.5,2.5,5.0,3.75,5.0,3.125,5.0,5.0,5.0,5.0
21,5,0.0,5.0,0.0,5.0,0.0,5.0,0.0,5.0,0.0,2.5,0.0,3.75,0.0,0.0,5.0,0.0,5.0,5.0,0.0,0.0,5.0,5.0,5.0,0.0,0.0,3.75,0.0,1.25,2.5,0.0,3.75,3.75,3.75,2.5,2.5,2.5,1.875,1.25,2.5,4.375,5.0,4.375,5.0,5.0,5.0,0.0,5.0,5.0,1.25,5.0,0.0,2.5,5.0,3.75,0.0,5.0,0.0,5.0,5.0,2.5,2.5,5.0,3.75,5.0,3.125,5.0,5.0,5.0,5.0
22,3,0.0,5.0,0.0,5.0,0.0,5.0,0.0,5.0,0.0,1.25,0.0,1.875,0.0,0.0,5.0,0.0,3.75,5.0,0.0,0.0,5.0,5.0,5.0,0.0,0.0,5.0,0.0,0.0,3.125,0.0,3.75,5.0,5.0,2.5,2.5,2.5,2.5,1.25,3.75,3.75,5.0,5.0,4.375,5.0,3.75,0.0,5.0,5.0,1.25,5.0,0.0,2.5,5.0,3.75,0.0,5.0,1.25,5.0,5.0,1.25,3.75,5.0,5.0,5.0,3.125,5.0,5.0,5.0,5.0
22,4,0.0,5.0,0.0,5.0,0.0,5.0,0.0,5.0,0.0,1.25,0.0,3.75,0.0,0.0,5.0,0.0,5.0,5.0,0.0,0.0,5.0,3.75,5.0,0.0,0.0,5.0,0.0,0.0,2.5,0.0,3.75,5.0,5.0,2.5,2.5,2.5,1.875,1.25,2.5,3.75,4.375,5.0,3.75,5.0,3.75,0.0,5.0,5.0,1.25,5.0,0.0,2.5,5.0,3.75,0.0,5.0,1.25,5.0,5.0,1.25,3.75,5.0,4.375,5.0,2.5,5.0,5.0,5.0,5.0
22,5,0.0,5.0,0.0,5.0,0.0,5.0,0.0,5.0,0.0,1.25,0.0,3.75,0.0,0.0,5.0,0.0,5.0,5.0,0.0,0.0,5.0,5.0,5.0,0.0,0.0,5.0,0.0,0.0,2.5,0.0,3.75,5.0,5.0,2.5,2.5,2.5,2.5,1.25,3.125,3.75,5.0,5.0,3.75,5.0,3.75,0.0,5.0,5.0,1.25,5.0,0.0,2.5,5.0,3.75,0.0,5.0,0.0,5.0,5.0,1.25,3.75,5.0,5.0,5.0,3.125,5.0,5.0,5.0,5.0
23,3,0.0,5.0,0.0,4.375,0.0,4.375,0.0,5.0,0.0,1.25,0.0,1.875,0.0,0.0,4.375,0.0,3.75,5.0,0.0,0.0,5.0,3.75,5.0,0.0,0.0,5.0,0.0,0.0,3.75,0.0,3.75,5.0,5.0,2.5,2.5,3.75,2.5,1.25,3.75,3.75,3.75,5.0,3.75,5.0,3.75,0.0,3.75,4.375,1.25,5.0,0.0,2.5,5.0,4.375,0.0,5.0,3.75,5.0,5.0,0.625,5.0,5.0,5.0,5.0,3.125,5.0,5.0,5.0,5.0
23,4,0.0,5.0,0.0,5.0,0.0,5.0,0.0,5.0,0.0,0.0,0.0,3.125,0.0,0.0,5.0,0.0,3.75,5.0,0.0,0.0,5.0,3.75,5.0,0.0,0.0,5.0,0.0,0.0,3.125,0.0,2.5,5.0,5.0,2.5,2.5,3.75,2.5,1.25,3.75,2.5,3.75,5.0,3.75,5.0,3.75,0.0,3.75,3.75,1.25,5.0,0.0,2.5,5.0,3.75,0.0,5.0,2.5,5.0,5.0,0.0,3.75,5.0,5.0,5.0,3.125,5.0,5.0,5.0,5.0
23,5,0.0,5.0,0.0,5.0,0.0,5.0,0.0,5.0,0.0,1.25,0.0,3.125,0.0,0.0,5.0,0.0,5.0,5.0,0.0,0.0,5.0,3.75,5.0,0.0,0.0,5.0,0.0,0.0,3.125,0.0,2.5,5.0,5.0,2.5,2.5,3.75,2.5,1.25,3.75,2.5,3.75,5.0,3.75,5.0,3.75,0.0,3.75,4.375,1.25,5.0,0.0,2.5,5.0,3.75,0.0,5.0,1.25,5.0,5.0,0.0,4.375,5.0,5.0,5.0,3.125,5.0,5.0,5.0,5.0
24,3,0.0,3.75,0.0,3.75,0.0,3.75,0.0,5.0,0.0,0.0,0.0,1.25,0.0,0.0,3.75,0.0,2.5,5.0,0.0,0.0,5.0,3.75,5.0,1.25,0.0,5.0,0.0,0.0,3.75,0.0,3.75,5.0,5.0,2.5,2.5,5.0,2.5,1.25,5.0,2.5,2.5,5.0,3.125,5.0,2.5,1.25,3.125,3.75,1.25,5.0,0.0,3.75,5.0,5.0,0.0,5.0,5.0,3.75,5.0,0.0,5.0,5.0,5.0,5.0,3.75,5.0,5.0,5.0,5.0
24,4,0.0,5.0,0.0,5.0,0.0,5.0,0.0,5.0,0.0,0.0,0.0,2.5,0.0,0.0,5.0,0.0,3.75,5.0,0.0,0.0,5.0,2.5,5.0,1.25,0.0,5.0,0.0,0.0,3.75,0.0,2.5,5.0,5.0,2.5,2.5,5.0,2.5,1.25,3.75,2.5,3.75,5.0,2.5,5.0,2.5,0.0,3.75,3.75,1.25,5.0,0.0,3.75,5.0,3.75,0.0,5.0,3.75,3.75,5.0,0.0,5.0,5.0,5.0,5.0,3.75,5.0,5.0,5.0,5.0
24,5,0.0,5.0,0.0,5.0,0.0,5.0,0.0,5.0,0.0,0.0,0.0,2.5,0.0,0.0,5.0,0.0,3.75,5.0,0.0,0.0,5.0,2.5,5.0,1.25,0.0,5.0,0.0,0.0,3.75,0.0,2.5,5.0,5.0,2.5,2.5,5.0,2.5,1.25,3.75,2.5,3.75,5.0,2.5,5.0,2.5,0.625,3.75,3.75,1.25,5.0,0.0,3.75,5.0,4.375,0.0,5.0,5.0,3.75,5.0,0.0,5.0,5.0,5.0,5.0,3.75,5.0,5.0,5.0,5.0
25,3,0.0,2.5,0.0,2.5,0.0,2.5,0.0,5.0,0.0,0.0,0.0,1.25,0.0,0.0,2.5,0.0,2.5,3.75,0.0,0.0,5.0,2.5,5.0,2.5,0.0,5.0,0.0,0.0,3.75,1.25,3.75,5.0,5.0,2.5,3.75,5.0,2.5,2.5,5.0,2.5,2.5,5.0,2.5,5.0,3.75,1.25,2.5,3.75,1.25,5.0,0.0,5.0,5.0,5.0,0.0,5.0,5.0,3.125,5.0,1.25,5.0,5.0,5.0,5.0,4.375,5.0,5.0,5.0,5.0
25,4,0.0,3.75,0.0,5.0,0.0,5.0,0.0,5.0,0.0,0.0,0.0,1.25,0.0,0.0,5.0,0.0,2.5,5.0,0.0,0.0,5.0,2.5,5.0,2.5,0.0,5.0,0.0,0.0,3.75,1.25,3.75,5.0,5.0,2.5,2.5,5.0,2.5,1.25,3.75,1.25,2.5,5.0,2.5,5.0,2.5,1.25,2.5,3.75,1.25,4.375,0.0,5.0,5.0,5.0,0.0,5.0,5.0,3.75,5.0,1.25,5.0,5.0,5.0,5.0,3.75,5.0,5.0,5.0,5.0
25,5,0.0,3.75,0.0,5.0,0.0,5.0,0.0,5.0,0.0,0.0,0.0,1.25,0.0,0.0,5.0,0.0,2.5,5.0,0.0,0.0,5.0,2.5,5.0,2.5,0.0,5.0,0.0,0.0,3.75,1.25,3.75,5.0,5.0,2.5,2.5,5.0,2.5,1.25,4.375,1.875,2.5,5.0,2.5,5.0,2.5,1.25,2.5,3.75,1.25,5.0,0.0,5.0,5.0,5.0,0.0,5.0,5.0,3.75,5.0,1.25,5.0,5.0,5.0,5.0,3.75,5.0,5.0,5.0,5.0
26,3,0.0,1.25,0.0,1.25,0.0,1.25,0.0,3.125,1.25,0.0,0.0,0.0,0.0,0.0,1.25,0.0,2.5,2.5,0.0,0.0,5.0,2.5,3.75,5.0,0.0,5.0,0.0,0.0,5.0,2.5,5.0,5.0,5.0,3.125,3.75,5.0,3.125,2.5,5.0,2.5,2.5,5.0,2.5,5.0,3.75,2.5,1.875,3.75,1.25,3.75,0.0,5.0,5.0,5.0,0.0,5.0,5.0,2.5,5.0,3.125,5.0,5.0,5.0,5.0,4.375,5.0,5.0,5.0,5.0
26,4,0.0,2.5,0.0,2.5,0.0,3.75,0.0,4.375,1.25,0.0,0.0,1.25,0.0,0.0,3.75,0.0,2.5,5.0,0.0,0.0,5.0,2.5,5.0,3.75,0.0,5.0,0.0,0.0,3.75,1.25,5.0,5.0,5.0,3.125,3.75,5.0,2.5,1.25,5.0,1.25,2.5,3.75,1.25,5.0,3.75,2.5,2.5,3.75,1.25,3.75,0.0,5.0,5.0,5.0,0.0,5.0,5.0,3.125,5.0,2.5,5.0,5.0,5.0,5.0,5.0,5.0,5.0,5.0,5.0
26,5,0.0,2.5,0.0,2.5,0.0,3.75,0.0,3.75,1.25,0.0,0.0,0.625,0.0,0.0,3.75,0.0,2.5,4.375,0.0,0.0,5.0,2.5,5.0,3.75,0.0,5.0,0.0,0.0,3.75,1.875,5.0,5.0,5.0,3.125,3.75,5.0,2.5,1.25,5.0,1.25,2.5,3.75,1.25,5.0,3.75,2.5,2.5,3.75,1.25,3.75,0.0,5.0,5.0,5.0,0.0,5.0,5.0,3.75,5.0,2.5,5.0,5.0,5.0,5.0,5.0,5.0,5.0,5.0,5.0
27,3,0.0,0.0,0.0,0.0,0.0,0.0,0.0,1.25,2.5,0.0,0.0,0.0,0.0,0.0,0.0,0.0,2.5,1.25,0.0,0.0,5.0,2.5,3.75,5.0,0.0,5.0,0.0,0.0,5.0,2.5,5.0,5.0,5.0,3.75,3.75,5.0,3.75,2.5,5.0,2.5,2.5,3.75,1.25,5.0,5.0,2.5,1.25,3.75,1.25,3.75,0.0,5.0,4.375,5.0,0.0,5.0,5.0,1.875,5.0,4.375,5.0,5.0,5.0,5.0,5.0,5.0,5.0,5.0,5.0
27,4,0.0,1.25,0.0,1.25,0.0,2.5,0.0,2.5,1.25,0.0,0.0,0.0,0.0,0.0,2.5,0.0,1.25,3.75,0.0,0.0,5.0,1.875,3.75,5.0,0.0,5.0,0.0,0.0,5.0,2.5,5.0,5.0,5.0,3.75,3.75,5.0,2.5,2.5,5.0,1.25,2.5,3.125,1.25,5.0,3.75,2.5,1.25,3.75,1.25,3.75,0.0,5.0,4.375,5.0,0.0,5.0,5.0,2.5,5.0,3.75,5.0,5.0,5.0,5.0,5.0,4.375,5.0,5.0,5.0
27,5,0.0,1.25,0.0,1.25,0.0,1.25,0.0,2.5,2.5,0.0,0.0,0.0,0.0,0.0,1.25,0.0,2.5,2.5,0.0,0.0,5.0,2.5,3.75,5.0,0.0,5.0,0.0,0.0,5.0,2.5,5.0,5.0,5.0,3.75,3.75,5.0,2.5,2.5,5.0,1.25,2.5,3.75,1.25,5.0,3.75,2.5,1.25,3.75,1.25,3.75,0.0,5.0,4.375,5.0,0.0,5.0,5.0,2.5,5.0,3.75,5.0,5.0,5.0,5.0,5.0,4.375,5.0,5.0,5.0
28,3,0.0,0.0,0.0,0.0,0.0,0.0,0.0,0.0,3.75,0.0,0.0,0.0,0.0,0.0,0.0,0.0,2.5,0.0,0.0,0.0,5.0,1.875,2.5,5.0,0.0,5.0,0.0,0.0,5.0,2.5,5.0,5.0,5.0,3.75,5.0,5.0,3.75,3.75,5.0,2.5,2.5,2.5,2.5,5.0,5.0,3.75,1.25,3.75,1.25,3.75,0.0,5.0,4.375,5.0,0.0,5.0,5.0,1.875,5.0,5.0,5.0,5.0,5.0,5.0,5.0,5.0,5.0,5.0,5.0
28,4,0.0,0.0,0.0,0.0,0.0,0.0,0.0,1.25,2.5,0.0,0.0,0.0,0.0,0.0,1.25,0.0,1.25,1.25,0.0,0.0,5.0,1.25,2.5,5.0,0.0,5.0,0.0,0.0,5.0,2.5,5.0,5.0,5.0,3.75,3.75,3.75,2.5,2.5,5.0,1.875,2.5,2.5,2.5,3.75,5.0,3.75,2.5,3.75,1.25,3.75,0.0,5.0,3.75,5.0,0.0,5.0,5.0,2.5,4.375,5.0,5.0,5.0,5.0,5.0,5.0,3.75,5.0,5.0,5.0
28,5,0.0,0.0,0.0,0.0,0.0,0.0,0.0,0.0,3.75,0.0,0.0,0.0,0.0,0.0,0.0,0.0,1.25,1.25,0.0,0.0,5.0,1.875,2.5,5.0,0.0,5.0,1.25,0.0,5.0,2.5,5.0,5.0,5.0,3.75,3.75,3.75,3.125,2.5,5.0,2.5,2.5,2.5,2.5,3.75,5.0,3.75,2.5,3.75,2.5,3.75,0.0,5.0,3.75,5.0,0.0,5.0,5.0,2.5,5.0,5.0,5.0,5.0,5.0,5.0,5.0,4.375,5.0,5.0,5.0
29,3,0.0,0.0,0.0,0.0,0.0,0.0,0.0,0.0,5.0,1.25,0.0,0.0,0.0,0.0,0.0,0.0,2.5,0.0,0.0,0.0,5.0,1.25,1.25,5.0,0.0,5.0,1.25,0.0,5.0,2.5,5.0,5.0,5.0,3.75,5.0,3.75,3.75,3.75,5.0,2.5,3.75,2.5,2.5,3.75,5.0,3.75,1.25,3.75,1.25,3.75,1.25,5.0,3.75,5.0,0.0,5.0,5.0,2.5,5.0,5.0,5.0,5.0,5.0,5.0,5.0,4.375,5.0,5.0,5.0
29,4,0.0,0.0,0.0,0.0,0.0,0.0,0.0,0.0,3.75,1.25,0.0,0.0,0.0,0.0,0.0,0.0,1.25,0.0,0.0,0.0,5.0,1.25,2.5,5.0,0.0,5.0,1.25,0.0,5.0,2.5,5.0,5.0,5.0,3.75,5.0,3.75,3.125,3.75,5.0,2.5,3.75,2.5,2.5,3.75,5.0,3.75,2.5,3.75,2.5,3.75,1.25,5.0,3.75,5.0,0.0,5.0,5.0,2.5,4.375,5.0,5.0,5.0,3.75,5.0,5.0,3.75,5.0,5.0,5.0
29,5,0.0,0.0,0.0,0.0,0.0,0.0,0.0,0.0,4.375,1.25,0.0,0.0,0.0,0.0,0.0,0.0,1.25,0.0,0.0,0.0,5.0,1.25,2.5,5.0,0.0,5.0,1.25,0.0,5.0,2.5,5.0,5.0,5.0,3.75,5.0,3.75,3.75,3.75,5.0,2.5,3.75,2.5,2.5,3.75,5.0,3.75,2.5,3.75,2.5,3.75,1.25,5.0,3.75,5.0,0.0,5.0,5.0,2.5,5.0,5.0,5.0,5.0,4.375,5.0,5.0,4.375,5.0,5.0,5.0
30,3,0.0,0.0,0.0,0.0,0.0,0.0,0.0,0.0,5.0,2.5,0.0,0.0,0.0,1.25,0.0,0.0,2.5,0.0,0.0,0.0,5.0,1.25,1.25,5.0,0.0,5.0,2.5,0.0,5.0,2.5,5.0,3.75,5.0,5.0,5.0,2.5,3.75,5.0,5.0,2.5,5.0,2.5,3.75,2.5,5.0,3.75,2.5,5.0,1.25,3.75,2.5,5.0,3.75,5.0,0.0,5.0,5.0,2.5,5.0,5.0,5.0,5.0,5.0,5.0,5.0,4.375,5.0,5.0,5.0
30,4,0.0,0.0,0.0,0.0,0.0,0.0,0.0,0.0,5.0,1.25,0.0,0.0,0.0,1.25,0.0,0.0,1.25,0.0,0.0,0.0,5.0,1.25,1.25,5.0,0.0,5.0,2.5,0.0,5.0,2.5,5.0,3.75,5.0,5.0,5.0,2.5,3.125,3.75,5.0,2.5,3.75,2.5,3.75,2.5,5.0,3.75,3.75,3.75,2.5,5.0,1.25,5.0,3.75,5.0,0.0,5.0,5.0,2.5,5.0,5.0,5.0,5.0,3.75,5.0,5.0,3.75,5.0,5.0,5.0
30,5,0.0,0.0,0.0,0.0,0.0,0.0,0.0,0.0,5.0,1.25,0.0,0.0,0.0,1.25,0.0,0.0,1.25,0.0,0.0,0.0,5.0,1.25,1.25,5.0,0.0,5.0,2.5,0.0,5.0,2.5,5.0,3.75,5.0,5.0,5.0,2.5,3.75,3.75,5.0,2.5,3.75,2.5,3.75,2.5,5.0,3.75,3.75,3.75,2.5,5.0,1.25,5.0,3.75,5.0,0.0,5.0,5.0,2.5,5.0,5.0,5.0,5.0,3.75,5.0,5.0,4.375,5.0,5.0,5.0
31,3,0.0,0.0,0.0,0.0,0.0,0.0,0.0,0.0,5.0,3.75,0.0,0.0,0.0,2.5,0.0,0.0,1.25,0.0,0.0,0.0,5.0,1.25,1.25,5.0,0.0,5.0,2.5,0.0,5.0,1.25,5.0,3.75,5.0,5.0,5.0,2.5,3.75,5.0,5.0,2.5,5.0,2.5,3.75,2.5,5.0,3.75,3.75,5.0,1.25,5.0,2.5,5.0,3.75,5.0,1.25,5.0,5.0,2.5,5.0,5.0,5.0,5.0,5.0,5.0,5.0,4.375,5.0,5.0,5.0
31,4,0.0,0.0,0.0,0.0,0.0,0.0,0.0,0.0,5.0,2.5,0.0,0.0,0.0,2.5,0.0,0.0,1.25,0.0,0.0,0.0,3.75,1.25,1.25,3.75,0.0,5.0,2.5,0.0,5.0,1.25,5.0,2.5,5.0,5.0,5.0,1.25,2.5,3.75,5.0,3.75,5.0,2.5,5.0,2.5,5.0,3.75,5.0,4.375,2.5,5.0,2.5,5.0,3.75,5.0,0.0,5.0,5.0,3.125,5.0,5.0,5.0,5.0,3.75,5.0,5.0,3.75,5.0,5.0,5.0
31,5,0.0,0.0,0.0,0.0,0.0,0.0,0.0,0.0,5.0,2.5,0.0,0.0,0.0,2.5,0.0,0.0,1.25,0.0,0.0,0.0,3.75,1.25,1.25,3.75,0.0,5.0,2.5,0.0,5.0,1.25,5.0,3.125,5.0,5.0,5.0,1.25,3.125,4.375,5.0,2.5,5.0,2.5,5.0,2.5,5.0,3.75,5.0,5.0,2.5,5.0,2.5,5.0,3.75,5.0,0.625,5.0,5.0,3.75,5.0,5.0,5.0,5.0,3.75,5.0,5.0,4.375,5.0,5.0,5.0
32,3,0.0,0.0,0.0,0.0,0.0,0.0,0.0,0.0,5.0,3.75,0.0,0.0,0.0,3.75,0.0,0.0,1.25,0.0,0.0,0.0,2.5,1.25,2.5,3.75,0.0,5.0,2.5,0.0,5.0,1.25,5.0,3.75,5.0,5.0,5.0,1.25,2.5,5.0,5.0,3.75,5.0,2.5,5.0,1.875,5.0,3.75,4.375,5.0,2.5,5.0,3.75,5.0,3.75,5.0,1.875,5.0,5.0,3.75,5.0,5.0,5.0,5.0,5.0,5.0,5.0,3.75,5.0,5.0,5.0
32,4,0.0,0.0,0.0,0.0,0.0,0.0,0.0,0.0,5.0,3.125,0.0,0.0,0.0,3.75,0.0,0.0,1.25,0.0,0.0,0.0,2.5,1.25,2.5,2.5,0.0,5.0,2.5,0.0,5.0,1.25,5.0,2.5,5.0,5.0,5.0,1.25,2.5,5.0,5.0,3.75,5.0,2.5,5.0,2.5,5.0,3.75,5.0,5.0,2.5,5.0,2.5,5.0,3.75,5.0,1.25,5.0,3.75,3.75,5.0,5.0,5.0,5.0,3.75,5.0,5.0,3.75,5.0,5.0,5.0
32,5,0.0,0.0,0.0,0.0,0.0,0.0,0.0,0.0,5.0,3.75,0.0,0.0,0.0,3.75,0.0,0.0,1.25,0.0,0.0,0.0,2.5,1.25,2.5,2.5,0.0,5.0,3.125,0.0,5.0,1.25,5.0,2.5,5.0,5.0,5.0,1.25,2.5,5.0,5.0,3.75,5.0,2.5,5.0,2.5,5.0,3.75,5.0,5.0,2.5,5.0,2.5,5.0,3.75,5.0,1.25,5.0,5.0,3.75,5.0,5.0,5.0,5.0,3.75,5.0,5.0,3.75,5.0,5.0,5.0
33,3,0.0,0.0,0.0,0.0,0.0,0.0,0.0,0.0,5.0,5.0,0.0,0.0,0.0,5.0,0.0,0.0,2.5,0.0,0.0,0.0,1.25,2.5,2.5,1.25,0.0,5.0,2.5,0.0,5.0,0.0,5.0,3.125,5.0,5.0,5.0,1.25,2.5,5.0,5.0,3.75,5.0,2.5,5.0,1.875,5.0,3.75,5.0,5.0,2.5,5.0,3.75,5.0,3.75,5.0,2.5,5.0,5.0,5.0,5.0,5.0,5.0,5.0,5.0,5.0,5.0,3.75,5.0,5.0,5.0
33,4,0.0,0.0,0.0,0.0,0.0,0.0,0.0,0.0,3.75,3.75,0.0,0.0,0.0,3.75,0.0,0.0,1.25,0.0,0.0,0.0,1.25,2.5,2.5,1.25,0.0,5.0,2.5,0.0,5.0,0.0,5.0,2.5,5.0,5.0,5.0,1.25,2.5,5.0,5.0,5.0,5.0,2.5,5.0,2.5,4.375,3.75,5.0,5.0,2.5,5.0,3.75,5.0,3.75,5.0,2.5,5.0,3.75,4.375,5.0,5.0,3.75,5.0,4.375,5.0,5.0,3.75,5.0,5.0,5.0
33,5,0.0,0.0,0.0,0.0,0.0,0.0,0.0,0.0,5.0,3.75,0.0,0.0,0.0,3.75,0.0,0.0,1.25,0.0,0.0,0.0,1.25,2.5,2.5,1.25,0.0,5.0,2.5,0.0,5.0,0.0,5.0,2.5,5.0,5.0,5.0,1.25,2.5,5.0,5.0,5.0,5.0,2.5,5.0,2.5,5.0,3.75,5.0,5.0,2.5,5.0,3.75,5.0,3.75,5.0,2.5,5.0,3.75,5.0,5.0,5.0,4.375,5.0,5.0,5.0,5.0,3.75,5.0,5.0,5.0
34,3,0.0,0.0,0.0,0.0,0.0,0.0,0.0,0.0,3.75,5.0,0.0,0.0,0.0,5.0,0.0,0.0,2.5,0.0,0.0,0.0,0.0,3.75,3.75,0.0,0.0,5.0,2.5,0.0,5.0,0.0,4.375,2.5,5.0,5.0,5.0,2.5,2.5,5.0,5.0,3.75,5.0,1.25,5.0,2.5,3.75,3.75,5.0,5.0,2.5,5.0,5.0,5.0,5.0,5.0,3.75,5.0,5.0,5.0,5.0,5.0,4.375,5.0,5.0,5.0,5.0,3.75,5.0,5.0,5.0
34,4,0.0,0.0,0.0,0.0,0.0,0.0,0.0,0.0,3.125,3.75,0.0,0.0,0.0,5.0,0.0,0.0,2.5,0.0,0.0,0.0,0.0,2.5,2.5,0.0,0.0,5.0,2.5,0.0,5.0,0.0,3.75,2.5,5.0,5.0,5.0,1.875,2.5,5.0,5.0,5.0,5.0,1.25,5.0,2.5,3.75,2.5,5.0,5.0,2.5,5.0,3.75,5.0,3.75,5.0,2.5,5.0,3.75,5.0,5.0,5.0,3.75,5.0,5.0,5.0,5.0,3.75,5.0,5.0,5.0
34,5,0.0,0.0,0.0,0.0,0.0,0.0,0.0,0.0,3.75,3.75,0.0,0.0,0.0,5.0,0.0,0.0,2.5,0.0,0.0,0.0,0.0,2.5,3.125,0.0,0.0,5.0,2.5,0.0,5.0,0.0,3.75,2.5,5.0,5.0,5.0,2.5,2.5,5.0,5.0,5.0,5.0,1.25,5.0,2.5,3.75,3.125,5.0,5.0,2.5,5.0,3.75,5.0,4.375,5.0,2.5,5.0,3.75,5.0,5.0,5.0,3.75,5.0,5.0,5.0,5.0,3.75,5.0,5.0,5.0
35,3,0.0,0.0,0.0,0.0,0.0,0.0,0.0,0.0,2.5,3.75,0.0,0.0,0.0,5.0,0.0,0.0,3.75,0.0,0.0,0.0,0.0,3.75,4.375,0.0,0.0,5.0,1.25,0.0,5.0,0.0,2.5,3.125,5.0,5.0,5.0,2.5,3.75,5.0,5.0,4.375,5.0,1.25,5.0,3.125,3.75,3.125,5.0,5.0,2.5,5.0,5.0,5.0,5.0,5.0,3.75,5.0,5.0,5.0,5.0,5.0,5.0,5.0,5.0,5.0,5.0,5.0,5.0,5.0,5.0
35,4,0.0,0.0,0.0,0.0,0.0,0.0,0.0,0.0,2.5,2.5,0.0,0.0,0.0,4.375,0.0,0.0,2.5,0.0,0.0,0.0,0.0,3.75,3.75,0.0,0.0,5.0,1.25,0.0,5.0,0.0,2.5,2.5,3.75,5.0,5.0,2.5,3.75,5.0,5.0,5.0,5.0,1.25,5.0,3.125,3.75,2.5,5.0,5.0,2.5,5.0,3.75,4.375,5.0,5.0,3.75,5.0,3.75,5.0,5.0,5.0,3.75,5.0,5.0,5.0,5.0,4.375,5.0,5.0,5.0
35,5,0.0,0.0,0.0,0.0,0.0,0.0,0.0,0.0,2.5,3.125,0.0,0.0,0.0,5.0,0.0,0.0,3.125,0.0,0.0,0.0,0.0,3.75,3.75,0.0,0.0,5.0,1.25,0.0,5.0,0.0,1.875,2.5,4.375,5.0,5.0,2.5,3.75,5.0,5.0,5.0,5.0,1.25,5.0,3.75,3.75,2.5,5.0,5.0,2.5,5.0,3.75,4.375,5.0,5.0,3.75,5.0,3.75,5.0,5.0,5.0,3.75,5.0,5.0,5.0,5.0,4.375,5.0,5.0,5.0
36,3,0.0,0.0,0.0,0.0,0.0,0.0,0.0,0.0,1.25,2.5,0.0,0.0,0.0,3.75,0.0,0.0,5.0,0.0,0.0,0.0,0.0,5.0,5.0,0.0,0.0,5.0,0.0,0.0,5.0,0.0,1.25,3.75,3.75,5.0,5.0,2.5,3.75,5.0,5.0,4.375,5.0,2.5,5.0,3.75,3.75,2.5,5.0,5.0,3.75,5.0,5.0,5.0,5.0,5.0,5.0,5.0,5.0,5.0,5.0,5.0,5.0,5.0,5.0,5.0,5.0,5.0,5.0,5.0,5.0
36,4,0.0,0.0,0.0,0.0,0.0,0.0,0.0,0.0,1.25,2.5,0.0,0.0,0.0,3.75,0.0,0.0,3.75,0.0,0.0,0.0,0.0,3.75,3.75,0.0,0.0,5.0,1.25,0.0,5.0,0.0,1.25,2.5,3.75,5.0,5.0,2.5,3.75,5.0,5.0,5.0,5.0,2.5,5.0,3.75,3.75,2.5,5.0,5.0,3.75,5.0,3.75,3.75,5.0,5.0,3.75,5.0,5.0,5.0,5.0,5.0,3.75,5.0,5.0,5.0,5.0,5.0,5.0,5.0,5.0
36,5,0.0,0.0,0.0,0.0,0.0,0.0,0.0,0.0,1.25,2.5,0.0,0.0,0.0,3.75,0.0,0.0,3.75,0.0,0.0,0.0,0.0,3.75,3.75,0.0,0.0,5.0,1.25,0.0,5.0,0.0,1.25,3.125,3.75,5.0,5.0,2.5,3.75,5.0,5.0,5.0,5.0,2.5,5.0,3.75,3.75,2.5,5.0,5.0,3.75,5.0,3.75,4.375,5.0,5.0,3.75,5.0,5.0,5.0,5.0,5.0,3.75,5.0,5.0,5.0,5.0,5.0,5.0,5.0,5.0
37,3,0.0,0.0,0.0,0.0,0.0,0.0,0.0,0.0,0.0,1.875,0.0,0.0,0.0,3.125,0.0,0.0,5.0,0.0,0.0,0.0,0.0,5.0,5.0,0.0,0.0,5.0,0.0,0.0,5.0,1.25,1.25,3.75,3.75,5.0,5.0,2.5,5.0,5.0,5.0,3.75,5.0,2.5,5.0,3.75,3.75,2.5,5.0,5.0,3.75,5.0,5.0,5.0,5.0,5.0,5.0,5.0,5.0,5.0,5.0,5.0,5.0,5.0,5.0,5.0,5.0,5.0,5.0,5.0,5.0
37,4,0.0,0.0,0.0,0.0,0.0,0.0,0.0,0.0,0.0,1.25,0.0,0.0,0.0,2.5,0.0,0.0,4.375,0.0,0.0,0.0,0.0,4.375,4.375,0.0,0.0,5.0,0.0,0.0,5.0,0.625,1.25,2.5,3.75,5.0,5.0,1.25,3.75,5.0,5.0,5.0,5.0,2.5,5.0,3.75,3.75,2.5,5.0,5.0,3.75,5.0,3.75,3.75,5.0,5.0,3.75,5.0,5.0,5.0,5.0,5.0,3.75,5.0,5.0,5.0,5.0,5.0,5.0,5.0,5.0
37,5,0.0,0.0,0.0,0.0,0.0,0.0,0.0,0.0,0.0,1.25,0.0,0.0,0.0,2.5,0.0,0.0,5.0,0.0,0.0,0.0,0.0,5.0,5.0,0.0,0.0,5.0,0.0,0.0,5.0,1.25,1.25,3.125,3.75,5.0,5.0,1.25,5.0,5.0,5.0,5.0,5.0,2.5,5.0,3.75,3.75,2.5,5.0,5.0,3.75,5.0,3.75,4.375,5.0,5.0,3.75,5.0,5.0,5.0,5.0,5.0,3.75,5.0,5.0,5.0,5.0,5.0,5.0,5.0,5.0
38,3,0.0,0.0,0.0,0.0,0.0,0.0,0.0,0.0,0.0,1.25,0.0,0.0,0.0,1.875,0.0,0.0,5.0,0.0,0.0,0.0,0.0,5.0,5.0,0.0,0.0,5.0,0.0,0.0,3.75,1.25,1.25,3.75,2.5,3.75,5.0,1.25,5.0,4.375,5.0,3.125,5.0,3.75,5.0,4.375,3.75,2.5,5.0,5.0,5.0,5.0,4.375,3.75,5.0,5.0,5.0,5.0,5.0,5.0,5.0,5.0,5.0,5.0,5.0,5.0,5.0,5.0,5.0,5.0,5.0
38,4,0.0,0.0,0.0,0.0,0.0,0.0,0.0,0.0,0.0,1.25,0.0,0.0,0.0,1.25,0.0,0.0,5.0,0.0,0.0,0.0,0.0,4.375,5.0,0.0,0.0,5.0,0.0,0.0,5.0,1.25,1.25,3.125,2.5,5.0,5.0,1.25,5.0,3.75,5.0,4.375,3.75,3.125,5.0,3.75,3.75,2.5,5.0,5.0,3.75,5.0,3.75,3.75,5.0,5.0,3.75,5.0,5.0,5.0,5.0,5.0,3.75,5.0,5.0,5.0,5.0,5.0,5.0,4.375,5.0
38,5,0.0,0.0,0.0,0.0,0.0,0.0,0.0,0.0,0.0,1.25,0.0,0.0,0.0,1.25,0.0,0.0,5.0,0.0,0.0,0.0,0.0,5.0,5.0,0.0,0.0,5.0,0.0,0.0,5.0,1.25,1.25,3.75,2.5,5.0,5.0,1.25,5.0,5.0,5.0,4.375,4.375,3.75,5.0,3.75,3.75,2.5,5.0,5.0,5.0,5.0,3.75,3.75,5.0,5.0,3.75,5.0,5.0,5.0,5.0,5.0,3.75,5.0,5.0,5.0,5.0,5.0,5.0,5.0,5.0
39,3,0.0,0.0,0.0,0.0,0.0,0.0,0.0,0.0,0.0,1.25,0.0,0.0,0.0,1.25,0.0,0.0,5.0,0.0,0.0,0.0,0.0,5.0,5.0,0.0,0.0,3.75,1.25,0.0,2.5,2.5,1.25,3.75,2.5,2.5,4.375,0.625,5.0,3.75,5.0,1.25,4.375,3.75,3.75,5.0,3.75,2.5,3.125,5.0,5.0,3.75,3.75,3.75,5.0,5.0,5.0,5.0,5.0,5.0,5.0,5.0,5.0,5.0,5.0,5.0,5.0,5.0,5.0,5.0,5.0
39,4,0.0,0.0,0.0,0.0,0.0,0.0,0.0,0.0,0.0,0.0,0.0,0.0,0.0,1.25,0.0,0.0,5.0,0.0,0.0,0.0,0.0,3.75,5.0,0.0,0.0,3.75,0.625,0.0,5.0,2.5,1.25,3.75,2.5,5.0,5.0,0.0,5.0,3.75,5.0,3.125,3.75,3.75,5.0,5.0,3.75,2.5,5.0,5.0,5.0,5.0,3.75,3.75,5.0,5.0,3.75,5.0,5.0,5.0,5.0,5.0,3.75,5.0,5.0,5.0,5.0,5.0,5.0,5.0,5.0
39,5,0.0,0.0,0.0,0.0,0.0,0.0,0.0,0.0,0.0,0.625,0.0,0.0,0.0,1.25,0.0,0.0,5.0,0.0,0.0,0.0,0.0,4.375,5.0,0.0,0.0,5.0,1.25,0.0,5.0,2.5,1.25,3.75,2.5,5.0,5.0,0.0,5.0,3.75,5.0,3.125,3.75,3.75,5.0,5.0,3.75,2.5,5.0,5.0,5.0,5.0,3.75,3.75,5.0,5.0,3.75,5.0,5.0,5.0,5.0,5.0,5.0,5.0,5.0,5.0,5.0,5.0,5.0,5.0,5.0
40,3,0.0,0.0,0.0,0.0,0.0,0.0,0.0,0.0,0.0,1.25,0.0,0.0,0.0,1.25,0.0,0.0,5.0,0.0,0.0,0.0,0.0,4.375,5.0,0.0,0.0,1.25,1.25,0.0,1.25,3.75,2.5,3.75,2.5,1.25,2.5,0.0,5.0,5.0,3.75,0.625,3.75,5.0,2.5,5.0,4.375,2.5,1.25,5.0,5.0,1.875,3.75,3.75,5.0,5.0,3.75,5.0,5.0,5.0,4.375,5.0,5.0,5.0,5.0,5.0,5.0,5.0,5.0,5.0,5.0
40,4,0.0,0.0,0.0,0.0,0.0,0.0,0.0,0.0,0.0,0.625,0.0,0.0,0.0,1.25,0.0,0.0,5.0,0.0,0.0,0.0,0.0,3.75,5.0,0.0,0.0,2.5,1.25,0.0,3.75,3.75,2.5,3.75,2.5,3.75,4.375,0.0,5.0,3.75,3.75,2.5,3.75,3.75,3.75,5.0,3.75,2.5,4.375,5.0,5.0,5.0,2.5,3.75,5.0,5.0,3.75,5.0,5.0,5.0,4.375,5.0,5.0,5.0,5.0,5.0,5.0,5.0,5.0,5.0,5.0
40,5,0.0,0.0,0.0,0.0,0.0,0.0,0.0,0.0,0.0,1.25,0.0,0.0,0.0,1.25,0.0,0.0,5.0,0.0,0.0,0.0,0.0,3.75,5.0,0.0,0.0,2.5,1.25,0.0,3.75,3.75,2.5,3.75,2.5,3.75,3.75,0.0,5.0,4.375,5.0,1.875,3.75,4.375,3.75,5.0,4.375,2.5,3.75,5.0,5.0,5.0,2.5,3.75,5.0,5.0,3.75,5.0,5.0,5.0,4.375,5.0,5.0,5.0,5.0,5.0,5.0,5.0,5.0,5.0,5.0
41,3,0.0,0.0,0.0,0.0,0.0,0.0,0.0,0.0,0.0,1.25,0.0,0.0,0.0,1.25,0.0,0.0,5.0,0.0,0.0,0.0,0.0,3.75,5.0,0.0,0.0,0.0,2.5,0.0,0.0,5.0,2.5,3.75,2.5,0.0,1.25,0.0,5.0,5.0,3.75,0.0,3.75,5.0,1.25,5.0,5.0,2.5,0.0,5.0,5.0,0.0,2.5,3.75,5.0,5.0,3.75,5.0,5.0,5.0,2.5,5.0,5.0,5.0,5.0,5.0,5.0,5.0,5.0,5.0,5.0
41,4,0.0,0.0,0.0,0.0,0.0,0.0,0.0,0.0,0.0,1.25,0.0,0.0,0.0,1.25,0.0,0.0,5.0,0.0,0.0,0.0,0.0,3.75,5.0,0.0,0.0,1.25,1.875,0.0,1.25,4.375,2.5,3.75,1.25,2.5,2.5,0.0,5.0,5.0,3.75,1.25,3.75,4.375,2.5,5.0,5.0,2.5,2.5,5.0,5.0,2.5,2.5,3.75,5.0,5.0,2.5,5.0,5.0,5.0,2.5,3.75,5.0,5.0,5.0,5.0,5.0,5.0,5.0,5.0,5.0
41,5,0.0,0.0,0.0,0.0,0.0,0.0,0.0,0.0,0.0,1.25,0.0,0.0,0.0,1.25,0.0,0.0,5.0,0.0,0.0,0.0,0.0,3.75,5.0,0.0,0.0,1.25,2.5,0.0,1.25,5.0,2.5,3.75,2.5,1.25,2.5,0.0,5.0,5.0,3.75,1.25,3.75,5.0,2.5,5.0,5.0,2.5,2.5,5.0,5.0,2.5,2.5,3.75,5.0,5.0,3.125,5.0,5.0,5.0,2.5,3.75,5.0,5.0,5.0,5.0,5.0,5.0,5.0,5.0,5.0
42,3,0.0,0.0,0.0,0.0,0.0,0.0,0.0,0.0,0.0,2.5,0.0,0.0,0.0,1.25,0.0,0.0,5.0,0.0,0.0,0.0,0.0,3.75,5.0,0.0,0.0,0.0,3.125,1.25,0.0,5.0,2.5,3.75,2.5,0.0,0.0,0.0,5.0,5.0,3.75,0.0,3.75,5.0,0.0,5.0,5.0,3.75,0.0,5.0,5.0,0.0,2.5,3.75,5.0,5.0,3.125,5.0,5.0,5.0,0.0,3.75,5.0,5.0,5.0,5.0,5.0,5.0,5.0,5.0,5.0
42,4,0.0,0.0,0.0,0.0,0.0,0.0,0.0,0.0,0.0,1.875,0.0,0.0,0.0,1.25,0.0,0.0,5.0,0.0,0.0,0.0,0.0,2.5,4.375,0.0,0.0,0.0,2.5,0.0,0.0,5.0,3.75,3.75,2.5,0.0,1.25,0.0,5.0,5.0,3.125,0.0,3.75,5.0,1.25,3.75,5.0,3.125,1.25,5.0,5.0,1.25,1.25,3.75,5.0,5.0,2.5,5.0,5.0,5.0,0.0,3.75,5.0,5.0,5.0,5.0,5.0,5.0,5.0,5.0,5.0
42,5,0.0,0.0,0.0,0.0,0.0,0.0,0.0,0.0,0.0,2.5,0.0,0.0,0.0,1.25,0.0,0.0,5.0,0.0,0.0,0.0,0.0,3.125,5.0,0.0,0.0,0.0,2.5,0.0,0.0,5.0,3.75,3.75,2.5,0.0,0.0,0.0,5.0,5.0,3.75,0.0,3.75,5.0,1.25,4.375,5.0,3.75,1.25,5.0,5.0,1.25,1.875,3.75,5.0,5.0,2.5,5.0,5.0,5.0,0.0,3.75,5.0,5.0,5.0,5.0,5.0,5.0,5.0,5.0,5.0
43,3,0.0,0.0,0.0,0.0,0.0,0.0,0.0,0.0,0.0,3.75,0.0,0.0,0.0,2.5,0.0,0.0,5.0,0.0,0.0,0.0,0.0,3.75,5.0,1.25,0.0,0.0,3.75,2.5,0.0,5.0,3.125,3.75,2.5,0.0,0.0,1.25,5.0,5.0,3.75,0.0,3.75,5.0,0.0,5.0,5.0,3.75,0.0,5.0,5.0,0.0,1.875,3.75,5.0,5.0,3.125,5.0,5.0,5.0,0.0,3.75,5.0,5.0,5.0,5.0,5.0,5.0,5.0,5.0,5.0
43,4,0.0,0.0,0.0,0.0,0.0,0.0,0.0,0.0,0.0,2.5,0.0,0.0,0.0,2.5,0.0,0.0,5.0,0.0,0.0,0.0,0.0,2.5,3.75,0.0,0.0,0.0,2.5,1.875,0.0,5.0,3.75,3.75,2.5,0.0,0.0,1.25,5.0,5.0,2.5,0.0,3.75,4.375,0.0,4.375,5.0,3.75,0.0,5.0,5.0,0.0,1.25,3.75,5.0,5.0,2.5,4.375,5.0,5.0,0.0,2.5,5.0,5.0,5.0,5.0,5.0,5.0,5.0,5.0,5.0
43,5,0.0,0.0,0.0,0.0,0.0,0.0,0.0,0.0,0.0,2.5,0.0,0.0,0.0,2.5,0.0,0.0,5.0,0.0,0.0,0.0,0.0,2.5,3.75,0.625,0.0,0.0,2.5,1.25,0.0,5.0,3.75,3.75,2.5,0.0,0.0,1.25,5.0,5.0,3.75,0.0,3.75,5.0,0.0,4.375,5.0,3.75,0.0,5.0,5.0,0.0,1.25,3.75,5.0,5.0,2.5,5.0,5.0,5.0,0.0,3.75,5.0,5.0,5.0,5.0,5.0,5.0,5.0,5.0,5.0
44,3,0.0,0.0,0.0,0.0,0.0,0.0,0.0,0.0,1.25,3.75,0.0,0.0,0.0,3.125,0.0,0.0,5.0,0.0,0.0,0.0,0.0,2.5,3.75,1.25,0.0,0.0,3.75,5.0,0.0,5.0,3.125,3.75,3.75,0.0,0.0,1.875,5.0,5.0,3.75,0.0,3.75,5.0,0.0,5.0,5.0,3.75,0.0,5.0,5.0,0.0,1.25,3.75,5.0,5.0,3.125,4.375,5.0,5.0,0.0,3.125,5.0,5.0,5.0,5.0,5.0,5.0,5.0,5.0,5.0
44,4,0.0,0.0,0.0,0.0,0.0,0.0,0.0,0.0,1.25,2.5,0.0,0.0,0.0,2.5,0.0,0.0,5.0,0.0,0.0,0.0,0.0,2.5,2.5,1.25,0.0,0.0,3.125,3.75,0.0,5.0,3.75,3.75,2.5,0.0,0.0,1.25,5.0,5.0,3.125,0.0,3.75,3.75,0.0,5.0,5.0,3.75,0.0,5.0,5.0,0.0,1.25,3.75,5.0,5.0,2.5,3.75,5.0,5.0,0.0,2.5,5.0,5.0,5.0,5.0,5.0,5.0,5.0,5.0,5.0
44,5,0.0,0.0,0.0,0.0,0.0,0.0,0.0,0.0,1.25,3.125,0.0,0.0,0.0,2.5,0.0,0.0,5.0,0.0,0.0,0.0,0.0,2.5,3.75,1.25,0.0,0.0,3.75,3.75,0.0,5.0,3.75,3.75,2.5,0.0,0.0,2.5,5.0,5.0,3.75,0.0,3.75,3.75,0.0,5.0,5.0,3.75,0.0,5.0,5.0,0.0,1.25,3.75,5.0,5.0,2.5,4.375,5.0,5.0,0.0,2.5,5.0,5.0,5.0,5.0,5.0,5.0,5.0,5.0,5.0
45,3,0.0,0.0,0.0,0.0,0.0,0.0,0.0,0.0,2.5,3.75,0.0,0.0,0.0,3.75,0.0,0.0,5.0,0.0,0.0,0.0,0.0,3.125,2.5,2.5,0.0,0.0,3.75,5.0,0.0,5.0,3.125,2.5,3.75,0.0,0.0,3.75,5.0,5.0,3.75,0.0,5.0,3.75,0.0,5.0,5.0,3.75,0.0,5.0,5.0,0.0,1.25,3.75,5.0,3.75,3.75,3.75,5.0,5.0,0.0,3.75,5.0,5.0,5.0,5.0,5.0,5.0,5.0,5.0,5.0
45,4,0.0,0.0,0.0,0.0,0.0,0.0,0.0,0.0,2.5,3.75,0.0,0.0,0.0,2.5,0.0,0.0,5.0,0.0,0.0,0.0,0.0,2.5,2.5,2.5,0.0,0.0,3.125,5.0,0.0,5.0,3.75,2.5,3.75,0.0,0.0,2.5,5.0,5.0,3.75,0.0,5.0,2.5,0.0,5.0,5.0,3.75,0.0,4.375,5.0,0.0,1.25,3.75,4.375,5.0,3.75,3.75,5.0,5.0,0.0,3.125,5.0,5.0,5.0,5.0,5.0,5.0,5.0,5.0,5.0
45,5,0.0,0.0,0.0,0.0,0.0,0.0,0.0,0.0,2.5,3.75,0.0,0.0,0.0,3.125,0.0,0.0,5.0,0.0,0.0,0.0,0.0,2.5,2.5,2.5,0.0,0.0,3.75,5.0,0.0,5.0,3.75,2.5,3.75,0.0,0.0,3.125,5.0,5.0,3.75,0.0,5.0,3.125,0.0,5.0,5.0,3.75,0.0,5.0,5.0,0.0,1.25,3.75,5.0,5.0,3.125,3.75,5.0,5.0,0.0,3.75,5.0,5.0,5.0,5.0,5.0,5.0,5.0,5.0,5.0
46,3,0.0,0.0,0.0,0.0,0.0,0.0,0.0,0.0,3.75,3.75,0.0,0.0,0.0,2.5,0.0,0.0,5.0,0.0,0.0,0.0,0.0,3.75,1.25,3.75,0.0,0.0,3.75,5.0,0.0,5.0,2.5,2.5,4.375,0.0,0.0,3.75,5.0,5.0,4.375,0.0,5.0,2.5,0.0,5.0,5.0,3.75,0.0,5.0,5.0,0.0,1.25,3.75,3.75,3.75,5.0,3.75,5.0,5.0,0.0,3.75,5.0,5.0,5.0,5.0,5.0,5.0,5.0,5.0,5.0
46,4,0.0,0.0,0.0,0.0,0.0,0.0,0.0,0.0,3.125,3.75,0.0,0.0,0.0,2.5,0.0,0.0,4.375,0.0,0.0,0.0,0.0,2.5,1.25,3.75,0.0,0.0,3.75,5.0,0.0,4.375,3.75,2.5,3.75,0.0,0.0,3.75,5.0,5.0,3.75,0.0,5.0,2.5,0.0,5.0,5.0,3.75,0.0,5.0,5.0,0.0,1.25,3.75,3.75,3.75,3.75,3.75,5.0,5.0,0.0,3.75,5.0,5.0,5.0,5.0,5.0,5.0,5.0,5.0,5.0
46,5,0.0,0.0,0.0,0.0,0.0,0.0,0.0,0.0,3.75,3.75,0.0,0.0,0.0,2.5,0.0,0.0,5.0,0.0,0.0,0.0,0.0,3.125,1.25,3.75,0.0,0.0,3.75,5.0,0.0,5.0,3.75,2.5,3.75,0.0,0.0,3.75,5.0,5.0,3.75,0.0,5.0,2.5,0.0,5.0,5.0,3.75,0.0,5.0,5.0,0.0,1.25,3.75,3.75,3.75,3.75,3.75,5.0,5.0,0.0,3.75,5.0,5.0,5.0,5.0,5.0,5.0,5.0,5.0,5.0
47,3,0.0,0.0,0.0,0.0,0.0,0.0,0.0,0.0,5.0,4.375,0.0,0.0,0.0,2.5,0.0,0.0,5.0,0.0,0.0,0.0,0.0,3.75,0.0,5.0,0.0,0.0,3.75,5.0,0.0,3.75,2.5,2.5,5.0,0.0,0.0,5.0,5.0,5.0,5.0,0.0,5.0,1.25,0.0,5.0,5.0,3.75,0.0,5.0,5.0,0.0,1.25,3.75,3.75,3.75,5.0,3.75,5.0,5.0,0.0,5.0,5.0,5.0,5.0,5.0,5.0,5.0,5.0,5.0,5.0
47,4,0.0,0.0,0.0,0.0,0.0,0.0,0.0,0.0,3.75,3.75,0.0,0.0,0.0,2.5,0.0,0.0,3.75,0.0,0.0,0.0,0.0,3.75,0.0,3.75,0.0,0.0,3.75,5.0,0.0,3.75,3.75,2.5,3.75,0.0,0.0,5.0,5.0,5.0,3.75,0.0,5.0,1.25,0.0,5.0,5.0,3.75,0.0,5.0,5.0,0.0,1.25,3.75,3.75,3.75,5.0,3.75,5.0,5.0,0.0,5.0,5.0,5.0,5.0,5.0,5.0,5.0,5.0,5.0,5.0
47,5,0.0,0.0,0.0,0.0,0.0,0.0,0.0,0.0,3.75,3.75,0.0,0.0,0.0,2.5,0.0,0.0,3.75,0.0,0.0,0.0,0.0,3.75,0.0,5.0,0.0,0.0,3.75,5.0,0.0,3.75,3.75,2.5,3.75,0.0,0.0,5.0,5.0,5.0,3.75,0.0,5.0,1.25,0.0,5.0,5.0,3.75,0.0,5.0,5.0,0.0,1.25,3.75,3.75,3.75,5.0,3.75,5.0,5.0,0.0,5.0,5.0,5.0,5.0,5.0,5.0,5.0,5.0,5.0,5.0
48,3,0.0,0.0,0.0,0.0,0.0,0.0,0.0,0.0,5.0,5.0,0.0,0.0,0.0,1.875,0.0,0.0,3.75,0.0,1.25,0.0,0.0,5.0,0.0,5.0,0.0,0.0,5.0,5.0,0.0,3.75,2.5,2.5,5.0,0.0,0.0,5.0,5.0,5.0,5.0,0.0,5.0,1.25,0.0,5.0,5.0,2.5,0.0,5.0,5.0,0.0,1.25,3.75,3.75,3.75,5.0,4.375,5.0,5.0,0.0,5.0,5.0,5.0,5.0,5.0,5.0,5.0,5.0,5.0,5.0
48,4,0.0,0.0,0.0,0.0,0.0,0.0,0.0,0.0,3.75,3.75,0.0,0.0,0.0,1.25,0.0,0.0,3.75,0.0,1.25,0.0,0.0,3.75,0.0,4.375,0.0,0.0,3.75,5.0,0.0,3.75,3.125,2.5,3.75,0.0,0.0,5.0,5.0,5.0,3.75,0.0,5.0,0.625,0.0,5.0,5.0,2.5,0.0,5.0,5.0,0.0,1.25,3.75,3.75,3.75,5.0,3.75,5.0,5.0,0.0,5.0,5.0,5.0,5.0,5.0,5.0,5.0,5.0,5.0,5.0
48,5,0.0,0.0,0.0,0.0,0.0,0.0,0.0,0.0,4.375,3.75,0.0,0.0,0.0,1.875,0.0,0.0,3.75,0.0,1.25,0.0,0.0,3.75,0.0,5.0,0.0,0.0,4.375,5.0,0.0,3.75,3.125,2.5,3.75,0.0,0.0,5.0,5.0,5.0,3.75,0.0,5.0,0.625,0.0,5.0,5.0,2.5,0.0,5.0,5.0,0.0,1.25,3.75,3.75,3.75,5.0,5.0,5.0,5.0,0.0,5.0,5.0,5.0,5.0,5.0,5.0,5.0,5.0,5.0,5.0
49,3,0.0,0.0,0.0,0.0,0.0,0.0,0.0,0.0,5.0,5.0,0.0,0.0,0.0,1.25,0.0,0.0,3.75,0.0,2.5,0.0,0.0,5.0,0.0,5.0,0.0,0.0,5.0,5.0,0.0,3.75,2.5,2.5,5.0,0.0,0.0,5.0,5.0,5.0,5.0,0.0,5.0,0.0,0.0,5.0,5.0,2.5,0.0,5.0,5.0,0.0,0.0,3.75,3.75,3.75,5.0,5.0,5.0,5.0,0.0,5.0,5.0,5.0,5.0,5.0,5.0,5.0,5.0,5.0,5.0
49,4,0.0,0.0,0.0,0.0,0.0,0.0,0.0,0.0,3.75,3.75,0.0,0.0,0.0,1.25,0.0,0.0,3.75,0.0,2.5,0.0,0.0,5.0,0.0,3.75,0.0,0.0,5.0,5.0,0.0,3.125,2.5,2.5,3.75,0.0,0.0,5.0,5.0,5.0,3.75,0.0,5.0,0.0,0.0,5.0,3.75,1.25,0.0,5.0,5.0,0.0,1.25,4.375,3.75,3.75,5.0,5.0,4.375,5.0,0.0,5.0,5.0,5.0,5.0,5.0,5.0,5.0,5.0,5.0,5.0
49,5,0.0,0.0,0.0,0.0,0.0,0.0,0.0,0.0,3.75,3.75,0.0,0.0,0.0,1.25,0.0,0.0,3.75,0.0,2.5,0.0,0.0,5.0,0.0,3.75,0.0,0.0,5.0,5.0,0.0,3.75,2.5,3.125,3.75,0.0,0.0,5.0,5.0,5.0,3.75,0.0,5.0,0.0,0.0,5.0,4.375,1.25,0.0,5.0,5.0,0.0,1.25,4.375,4.375,3.75,5.0,5.0,5.0,5.0,0.0,5.0,5.0,5.0,5.0,5.0,5.0,5.0,5.0,5.0,5.0
50,3,0.0,0.0,0.0,0.0,0.0,0.0,0.0,0.0,3.75,3.75,0.0,0.0,0.0,1.25,0.0,0.0,3.75,0.0,3.75,0.0,0.0,5.0,0.0,3.75,0.0,0.0,5.0,4.375,0.0,3.75,2.5,3.75,5.0,0.0,0.0,5.0,5.0,5.0,5.0,0.0,5.0,0.625,0.0,5.0,5.0,1.25,0.0,5.0,5.0,0.0,0.0,5.0,3.75,5.0,5.0,5.0,4.375,5.0,0.0,5.0,5.0,5.0,5.0,5.0,5.0,5.0,5.0,5.0,5.0
50,4,0.0,0.0,0.0,0.0,0.0,0.0,0.0,0.0,3.75,3.75,0.0,0.0,0.0,1.25,0.0,0.0,3.75,0.0,3.75,0.0,0.0,5.0,0.0,3.75,0.0,0.0,5.0,3.75,0.0,2.5,2.5,3.75,3.75,0.0,0.0,5.0,5.0,5.0,3.75,0.0,5.0,0.0,0.0,5.0,3.75,1.25,0.0,5.0,3.75,0.0,1.25,5.0,3.75,3.75,5.0,5.0,3.75,5.0,0.0,5.0,5.0,5.0,5.0,5.0,5.0,5.0,5.0,5.0,5.0
50,5,0.0,0.0,0.0,0.0,0.0,0.0,0.0,0.0,3.75,3.75,0.0,0.0,0.0,1.25,0.0,0.0,3.75,0.0,3.75,0.0,0.0,5.0,0.0,3.75,0.0,0.0,5.0,3.75,0.0,3.125,2.5,3.75,3.75,0.0,0.0,5.0,5.0,5.0,3.75,0.0,5.0,0.0,0.0,5.0,3.75,1.25,0.0,5.0,5.0,0.0,1.25,5.0,3.75,3.75,5.0,5.0,4.375,5.0,0.0,5.0,5.0,5.0,5.0,5.0,5.0,5.0,5.0,5.0,5.0
51,3,0.0,0.0,0.0,0.0,0.0,0.0,0.0,0.0,2.5,3.75,0.0,0.0,0.0,1.25,0.0,0.0,3.75,0.0,5.0,0.0,0.0,5.0,0.0,2.5,0.0,0.0,5.0,2.5,0.0,3.75,2.5,3.75,5.0,0.0,0.0,5.0,5.0,5.0,5.0,0.0,5.0,1.25,0.0,5.0,3.75,1.25,0.0,5.0,5.0,0.0,0.0,5.0,3.75,5.0,5.0,5.0,4.375,5.0,0.0,5.0,5.0,5.0,5.0,5.0,5.0,5.0,5.0,5.0,5.0
51,4,0.0,0.0,0.0,0.0,0.0,0.0,0.0,0.0,2.5,2.5,0.0,0.0,0.0,1.25,0.0,0.0,3.75,0.0,5.0,0.0,0.0,5.0,0.0,2.5,0.0,0.0,5.0,1.25,0.0,2.5,2.5,3.75,3.75,0.0,0.0,5.0,5.0,5.0,3.75,0.0,5.0,1.25,0.0,5.0,3.75,1.25,0.0,5.0,4.375,0.0,0.0,5.0,3.75,3.75,5.0,5.0,4.375,5.0,0.0,5.0,5.0,5.0,5.0,5.0,5.0,5.0,5.0,5.0,5.0
51,5,0.0,0.0,0.0,0.0,0.0,0.0,0.0,0.0,2.5,3.75,0.0,0.0,0.0,1.25,0.0,0.0,3.75,0.0,5.0,0.0,0.0,5.0,0.0,2.5,0.0,0.0,5.0,1.25,0.0,3.125,2.5,3.75,3.75,0.0,0.0,5.0,5.0,5.0,3.75,0.0,5.0,1.25,0.0,5.0,3.75,1.25,0.0,5.0,5.0,0.0,0.0,5.0,3.75,3.75,5.0,5.0,4.375,5.0,0.0,5.0,5.0,5.0,5.0,5.0,5.0,5.0,5.0,5.0,5.0
52,3,0.0,0.0,0.0,0.0,0.0,0.0,0.0,0.0,1.875,2.5,0.0,0.0,0.0,2.5,0.0,0.0,3.75,0.0,5.0,0.0,0.0,5.0,1.25,1.25,0.0,0.0,5.0,0.0,0.0,3.75,2.5,4.375,3.75,0.0,0.0,5.0,5.0,3.75,5.0,0.0,5.0,1.875,0.0,5.0,3.75,0.0,0.0,5.0,4.375,0.0,0.0,5.0,5.0,5.0,5.0,5.0,5.0,5.0,0.0,5.0,5.0,5.0,5.0,5.0,5.0,5.0,5.0,5.0,5.0
52,4,0.0,0.0,0.0,0.0,0.0,0.0,0.0,0.0,1.25,2.5,0.0,0.0,0.0,2.5,0.0,0.0,3.75,0.0,5.0,0.0,0.0,5.0,0.625,1.25,0.0,0.0,5.0,0.0,0.0,2.5,2.5,4.375,3.125,0.0,0.0,5.0,3.75,3.75,3.75,0.0,5.0,1.25,0.0,5.0,3.75,0.0,0.0,5.0,5.0,0.0,1.25,5.0,3.75,3.75,5.0,5.0,5.0,5.0,0.0,5.0,5.0,5.0,5.0,5.0,4.375,5.0,5.0,5.0,5.0
52,5,0.0,0.0,0.0,0.0,0.0,0.0,0.0,0.0,1.25,2.5,0.0,0.0,0.0,2.5,0.0,0.0,3.75,0.0,5.0,0.0,0.0,5.0,1.25,1.25,0.0,0.0,5.0,0.0,0.0,2.5,2.5,4.375,3.75,0.0,0.0,5.0,3.75,3.75,3.75,0.0,5.0,1.25,0.0,5.0,3.75,0.0,0.0,5.0,5.0,0.0,1.25,5.0,3.75,3.75,5.0,5.0,5.0,5.0,0.0,5.0,5.0,5.0,5.0,5.0,5.0,5.0,5.0,5.0,5.0
53,3,0.0,0.0,0.0,0.0,0.0,0.0,0.0,0.0,1.25,2.5,0.0,0.0,0.0,2.5,0.0,0.0,3.125,0.0,5.0,0.0,0.0,5.0,2.5,0.0,0.0,0.0,5.0,0.0,0.0,3.75,2.5,4.375,3.75,0.0,0.0,5.0,3.75,2.5,5.0,0.0,5.0,2.5,0.0,5.0,3.75,0.0,0.0,5.0,3.75,0.0,1.25,5.0,5.0,5.0,5.0,5.0,5.0,5.0,0.0,5.0,5.0,5.0,5.0,5.0,5.0,5.0,5.0,5.0,5.0
53,4,0.0,0.0,0.0,0.0,0.0,0.0,0.0,0.0,1.25,2.5,0.0,0.0,0.0,2.5,0.0,0.0,2.5,0.0,5.0,0.0,0.0,5.0,1.25,0.0,0.0,0.0,5.0,0.0,0.0,2.5,2.5,4.375,2.5,0.0,0.0,5.0,3.75,2.5,3.75,0.0,5.0,1.25,0.0,5.0,3.75,0.0,0.0,5.0,5.0,0.0,1.25,5.0,5.0,3.75,5.0,5.0,5.0,3.75,0.0,5.0,5.0,5.0,5.0,5.0,3.75,5.0,5.0,5.0,5.0
53,5,0.0,0.0,0.0,0.0,0.0,0.0,0.0,0.0,1.25,2.5,0.0,0.0,0.0,2.5,0.0,0.0,3.75,0.0,5.0,0.0,0.0,5.0,1.25,0.0,0.0,0.0,5.0,0.0,0.0,2.5,2.5,5.0,2.5,0.0,0.0,5.0,3.75,3.75,5.0,0.0,5.0,1.875,0.0,5.0,3.75,0.0,0.0,5.0,5.0,0.0,1.25,5.0,5.0,3.75,5.0,5.0,5.0,3.75,0.0,5.0,5.0,5.0,5.0,5.0,3.75,5.0,5.0,5.0,5.0
54,3,0.0,0.0,0.0,0.0,0.0,0.0,0.0,0.0,1.25,2.5,0.0,0.0,0.0,3.75,0.0,0.0,2.5,0.0,5.0,0.0,0.0,5.0,3.75,0.0,0.0,0.0,5.0,0.0,0.0,3.75,2.5,4.375,3.75,0.0,0.0,5.0,3.75,2.5,5.0,0.0,5.0,2.5,0.0,5.0,3.75,1.25,0.0,5.0,3.75,0.0,2.5,5.0,5.0,5.0,5.0,5.0,5.0,3.75,0.0,5.0,5.0,5.0,5.0,5.0,4.375,5.0,5.0,5.0,5.0
54,4,0.0,0.0,0.0,0.0,0.0,0.0,0.0,0.0,1.25,2.5,0.0,0.0,0.0,3.125,0.0,0.0,2.5,0.0,5.0,0.0,0.0,5.0,2.5,0.0,0.0,0.0,5.0,0.0,0.0,2.5,2.5,3.75,2.5,0.0,0.0,5.0,3.75,2.5,5.0,0.0,5.0,2.5,0.0,5.0,3.75,1.25,0.0,5.0,5.0,0.0,2.5,5.0,5.0,3.75,5.0,5.0,5.0,3.75,0.0,5.0,5.0,3.75,3.75,5.0,3.75,5.0,5.0,5.0,5.0
54,5,0.0,0.0,0.0,0.0,0.0,0.0,0.0,0.0,1.25,2.5,0.0,0.0,0.0,3.75,0.0,0.0,2.5,0.0,5.0,0.0,0.0,5.0,2.5,0.0,0.0,0.0,5.0,0.0,0.0,2.5,2.5,4.375,2.5,0.0,0.0,5.0,3.75,2.5,5.0,0.0,5.0,2.5,0.0,5.0,3.75,1.25,0.0,5.0,5.0,0.0,2.5,5.0,5.0,3.75,5.0,5.0,5.0,3.75,0.0,5.0,5.0,3.75,4.375,5.0,3.75,5.0,5.0,5.0,5.0
55,3,0.0,0.0,0.0,0.0,0.0,0.0,0.0,0.0,1.25,2.5,0.0,0.0,0.0,4.375,0.0,0.0,2.5,0.0,5.0,0.0,0.0,5.0,5.0,0.0,0.0,0.0,5.0,0.0,0.0,2.5,2.5,3.75,3.75,0.0,0.0,5.0,4.375,1.25,5.0,0.0,5.0,3.125,0.0,5.0,3.75,1.25,0.0,5.0,3.75,0.0,2.5,5.0,5.0,5.0,5.0,5.0,5.0,3.75,0.0,5.0,5.0,2.5,5.0,5.0,4.375,5.0,5.0,5.0,5.0
55,4,0.0,0.0,0.0,0.0,0.0,0.0,0.0,0.0,1.25,2.5,0.0,0.0,0.0,3.75,0.0,0.0,2.5,0.0,5.0,0.0,0.0,5.0,3.75,0.0,0.0,0.0,5.0,0.0,0.0,2.5,2.5,3.75,2.5,0.0,0.0,5.0,3.75,1.25,5.0,0.0,5.0,2.5,0.0,5.0,3.75,1.25,0.0,5.0,5.0,0.0,2.5,5.0,5.0,3.75,5.0,5.0,5.0,3.75,0.0,5.0,5.0,2.5,3.75,5.0,3.75,5.0,5.0,5.0,5.0
55,5,0.0,0.0,0.0,0.0,0.0,0.0,0.0,0.0,1.25,2.5,0.0,0.0,0.0,3.75,0.0,0.0,2.5,0.0,5.0,0.0,0.0,5.0,3.75,0.0,0.0,0.0,5.0,0.0,0.0,2.5,2.5,3.75,3.125,0.0,0.0,5.0,3.75,2.5,5.0,0.0,5.0,2.5,0.0,5.0,3.75,1.25,0.0,5.0,5.0,0.0,2.5,5.0,5.0,3.75,5.0,5.0,5.0,3.75,0.0,5.0,5.0,2.5,4.375,5.0,3.75,5.0,5.0,5.0,5.0
56,3,0.0,0.0,0.0,0.0,0.0,0.0,0.0,0.0,1.25,3.75,0.0,0.0,0.0,5.0,0.0,0.0,1.25,0.0,5.0,0.0,0.0,5.0,5.0,0.0,0.0,0.0,5.0,1.25,0.0,2.5,2.5,3.125,3.75,0.0,0.0,5.0,5.0,1.25,5.0,0.0,5.0,3.75,0.0,5.0,4.375,1.25,0.0,5.0,3.75,0.0,5.0,5.0,5.0,5.0,5.0,5.0,5.0,3.125,0.0,5.0,5.0,1.25,5.0,5.0,5.0,5.0,5.0,5.0,5.0
56,4,0.0,0.0,0.0,0.0,0.0,0.0,0.0,0.0,1.25,2.5,0.0,0.0,0.0,4.375,0.0,0.0,1.25,0.0,5.0,0.0,0.0,3.75,4.375,0.0,0.0,0.0,5.0,1.25,0.0,2.5,2.5,2.5,3.75,0.0,0.0,5.0,3.75,1.25,5.0,0.0,5.0,2.5,0.0,5.0,4.375,2.5,0.0,5.0,5.0,0.0,3.75,5.0,5.0,3.75,5.0,5.0,5.0,2.5,0.0,5.0,5.0,1.25,3.75,5.0,3.75,5.0,5.0,5.0,5.0
56,5,0.0,0.0,0.0,0.0,0.0,0.0,0.0,0.0,2.5,2.5,0.0,0.0,0.0,5.0,0.0,0.0,1.25,0.0,5.0,0.0,0.0,5.0,5.0,0.0,0.0,0.0,5.0,1.25,0.0,2.5,2.5,3.125,3.75,0.0,0.0,5.0,4.375,1.25,5.0,0.0,5.0,2.5,0.0,5.0,4.375,2.5,0.0,5.0,5.0,0.0,3.75,5.0,5.0,3.75,5.0,5.0,5.0,3.75,0.0,5.0,5.0,1.25,3.75,5.0,3.75,5.0,5.0,5.0,5.0
57,3,0.0,0.0,0.0,0.0,0.0,0.0,0.0,0.0,2.5,3.75,0.0,0.0,0.0,5.0,0.0,0.0,0.0,0.0,5.0,0.0,0.0,3.75,5.0,0.0,0.0,0.0,5.0,2.5,0.0,2.5,3.125,2.5,3.75,0.0,0.0,5.0,4.375,1.25,5.0,0.0,5.0,3.75,0.0,5.0,4.375,1.25,0.0,5.0,3.75,0.0,5.0,5.0,5.0,5.0,5.0,5.0,5.0,3.125,0.0,5.0,5.0,0.0,5.0,5.0,5.0,5.0,5.0,5.0,5.0
57,4,0.0,0.0,0.0,0.0,0.0,0.0,0.0,0.0,2.5,3.75,0.0,0.0,0.0,5.0,0.0,0.0,0.0,0.0,5.0,0.0,0.0,3.75,5.0,0.0,0.0,0.0,5.0,2.5,0.0,2.5,2.5,1.875,3.75,0.0,0.0,5.0,3.75,1.25,5.0,0.0,5.0,2.5,0.0,5.0,4.375,2.5,0.0,5.0,5.0,0.0,5.0,5.0,5.0,5.0,5.0,5.0,5.0,3.125,0.0,5.0,5.0,0.0,3.75,5.0,5.0,5.0,5.0,5.0,5.0
57,5,0.0,0.0,0.0,0.0,0.0,0.0,0.0,0.0,2.5,3.75,0.0,0.0,0.0,5.0,0.0,0.0,0.0,0.0,5.0,0.0,0.0,3.75,5.0,0.0,0.0,0.0,5.0,2.5,0.0,2.5,3.125,2.5,3.75,0.0,0.0,5.0,4.375,1.25,5.0,0.0,5.0,2.5,0.0,5.0,5.0,3.75,0.0,5.0,5.0,0.0,5.0,5.0,5.0,5.0,5.0,5.0,5.0,3.75,0.0,5.0,5.0,0.0,3.75,5.0,5.0,5.0,5.0,5.0,5.0
58,3,0.0,0.0,0.0,0.0,0.0,0.0,0.0,0.0,2.5,3.75,2.5,0.0,0.0,5.0,0.0,0.0,0.0,0.0,5.0,0.0,0.0,3.75,5.0,0.0,0.0,0.0,5.0,3.75,0.0,2.5,3.125,1.25,2.5,0.0,0.0,5.0,3.75,1.25,5.0,0.0,3.75,3.125,0.0,5.0,4.375,2.5,0.0,5.0,5.0,0.0,5.0,5.0,5.0,5.0,5.0,5.0,5.0,3.75,0.0,5.0,5.0,0.0,5.0,5.0,5.0,5.0,5.0,5.0,5.0
58,4,0.0,0.0,0.0,0.0,0.0,0.0,0.0,0.0,2.5,3.75,1.25,0.0,0.0,5.0,0.0,0.0,0.0,0.0,5.0,0.0,0.0,2.5,3.75,0.0,0.0,0.0,3.75,3.75,0.0,2.5,3.75,1.25,2.5,0.0,0.0,5.0,3.75,2.5,5.0,0.0,5.0,2.5,0.0,5.0,4.375,3.75,0.0,5.0,5.0,0.0,5.0,5.0,5.0,5.0,5.0,5.0,5.0,3.75,0.0,5.0,5.0,0.0,3.75,5.0,5.0,5.0,5.0,5.0,4.375
58,5,0.0,0.0,0.0,0.0,0.0,0.0,0.0,0.0,2.5,3.75,1.25,0.0,0.0,5.0,0.0,0.0,0.0,0.0,5.0,0.0,0.0,2.5,5.0,0.0,0.0,0.0,3.75,3.75,0.0,2.5,3.75,1.25,3.75,0.0,0.0,5.0,5.0,2.5,5.0,0.0,5.0,3.125,0.0,5.0,5.0,3.75,0.0,5.0,5.0,0.0,5.0,5.0,5.0,5.0,5.0,5.0,5.0,3.75,0.0,5.0,5.0,0.0,3.75,5.0,5.0,5.0,5.0,5.0,5.0
59,3,0.0,0.0,0.0,0.0,0.0,0.0,0.0,0.0,1.25,3.75,3.75,0.0,0.0,5.0,0.0,0.0,0.0,0.0,5.0,0.0,0.0,2.5,5.0,0.0,0.0,0.0,3.75,5.0,0.0,2.5,3.125,0.0,2.5,0.0,0.0,5.0,3.75,2.5,5.0,0.0,4.375,3.125,0.0,5.0,3.75,2.5,0.0,5.0,5.0,0.0,5.0,5.0,5.0,5.0,5.0,5.0,5.0,3.75,0.0,5.0,5.0,0.0,5.0,5.0,5.0,5.0,5.0,5.0,5.0
59,4,0.0,0.0,0.0,0.0,0.0,0.0,0.0,0.0,1.25,3.75,3.125,0.0,0.0,5.0,0.0,0.0,0.0,0.0,5.0,0.0,0.0,2.5,3.75,0.0,0.0,0.0,3.75,3.75,0.0,2.5,3.75,0.0,2.5,0.0,0.0,5.0,3.75,2.5,4.375,0.0,5.0,3.75,0.0,5.0,3.75,5.0,0.0,4.375,5.0,0.0,5.0,5.0,5.0,5.0,5.0,5.0,5.0,3.75,0.0,5.0,5.0,0.0,3.75,5.0,5.0,5.0,5.0,5.0,3.75
59,5,0.0,0.0,0.0,0.0,0.0,0.0,0.0,0.0,2.5,3.75,3.75,0.0,0.0,5.0,0.0,0.0,0.0,0.0,5.0,0.0,0.0,2.5,3.75,0.0,0.0,0.0,3.75,3.75,0.0,2.5,3.75,0.0,2.5,0.0,0.0,5.0,3.75,2.5,5.0,0.0,5.0,3.75,0.0,5.0,4.375,5.0,0.0,5.0,5.0,0.0,5.0,5.0,5.0,5.0,5.0,5.0,5.0,3.75,0.0,5.0,5.0,0.0,5.0,5.0,5.0,5.0,5.0,5.0,3.75
60,3,0.0,0.0,0.0,0.0,0.0,0.0,0.0,0.0,1.25,3.75,5.0,0.0,0.0,5.0,0.0,0.0,0.0,0.0,5.0,0.0,0.0,2.5,3.75,0.0,0.0,0.0,3.75,5.0,0.0,2.5,3.125,0.0,1.25,0.0,0.0,5.0,3.75,3.75,5.0,0.0,4.375,2.5,0.0,5.0,3.75,3.75,0.0,3.75,5.0,0.0,5.0,5.0,5.0,5.0,5.0,5.0,5.0,4.375,0.0,5.0,5.0,0.0,5.0,5.0,5.0,5.0,5.0,5.0,3.75
60,4,0.0,0.0,0.0,0.0,0.0,0.0,1.25,0.0,1.25,2.5,5.0,0.0,0.0,5.0,0.0,0.0,0.0,0.0,5.0,0.0,0.0,2.5,2.5,0.0,0.0,0.0,3.125,5.0,0.0,2.5,3.75,0.0,1.25,0.0,0.0,5.0,3.75,3.75,3.75,0.0,5.0,2.5,0.0,5.0,3.75,5.0,0.0,3.75,5.0,0.0,5.0,5.0,5.0,5.0,5.0,5.0,5.0,3.75,0.0,5.0,4.375,0.0,5.0,5.0,5.0,5.0,4.375,5.0,2.5
60,5,0.0,0.0,0.0,0.0,0.0,0.0,0.0,0.0,1.25,2.5,5.0,0.0,0.0,5.0,0.0,0.0,0.0,0.0,5.0,0.0,0.0,2.5,2.5,0.0,0.0,0.0,3.75,5.0,0.0,2.5,3.75,0.0,1.875,0.0,0.0,5.0,3.75,3.75,4.375,0.0,5.0,3.75,0.0,5.0,3.75,5.0,0.0,3.75,5.0,0.0,5.0,5.0,5.0,5.0,5.0,5.0,5.0,3.75,0.0,5.0,5.0,0.0,5.0,5.0,5.0,5.0,4.375,5.0,2.5
61,3,0.0,0.0,0.0,0.0,0.0,0.0,1.25,0.0,1.25,2.5,5.0,0.0,0.0,5.0,0.0,0.0,0.0,0.0,5.0,0.0,0.0,2.5,2.5,0.0,0.0,0.0,3.75,5.0,0.0,2.5,2.5,0.0,1.25,0.0,0.0,5.0,2.5,3.75,5.0,0.0,5.0,2.5,0.0,5.0,3.75,5.0,0.0,3.75,5.0,0.0,5.0,5.0,5.0,5.0,5.0,5.0,5.0,5.0,0.0,5.0,5.0,0.0,5.0,5.0,5.0,5.0,4.375,5.0,2.5
61,4,0.0,0.0,0.0,0.0,0.0,0.0,2.5,0.0,1.25,2.5,5.0,0.0,0.0,5.0,0.0,0.0,0.0,0.0,5.0,0.0,0.0,2.5,1.25,0.0,0.0,0.0,2.5,5.0,0.0,2.5,3.125,0.0,1.25,0.0,0.0,5.0,2.5,3.75,3.75,0.0,5.0,3.75,0.0,5.0,3.75,5.0,0.0,3.75,5.0,0.0,5.0,5.0,5.0,5.0,5.0,5.0,5.0,3.75,0.0,5.0,3.75,0.0,5.0,3.75,5.0,5.0,3.75,5.0,1.25
61,5,0.0,0.0,0.0,0.0,0.0,0.0,1.25,0.0,1.25,2.5,5.0,0.0,0.0,5.0,0.0,0.0,0.0,0.0,5.0,0.0,0.0,2.5,1.25,0.0,0.0,0.0,2.5,5.0,0.0,2.5,3.75,0.0,1.25,0.0,0.0,5.0,2.5,3.75,5.0,0.0,5.0,3.75,0.0,5.0,3.75,5.0,0.0,3.75,5.0,0.0,5.0,5.0,5.0,5.0,5.0,5.0,5.0,4.375,0.0,5.0,3.75,0.0,5.0,3.75,5.0,5.0,3.75,5.0,1.25
62,3,0.0,0.0,0.0,0.0,0.0,0.0,2.5,0.0,1.25,1.25,5.0,0.0,0.0,5.0,0.0,0.0,0.0,0.0,5.0,0.0,0.0,2.5,1.25,0.0,0.0,0.0,3.75,5.0,0.0,2.5,2.5,1.25,1.25,0.0,0.0,5.0,2.5,3.75,5.0,0.0,5.0,3.75,0.0,5.0,3.75,5.0,0.0,3.75,5.0,0.0,5.0,5.0,5.0,5.0,5.0,5.0,5.0,5.0,0.0,5.0,3.75,0.0,5.0,3.75,5.0,5.0,3.75,5.0,1.25
62,4,0.0,0.0,0.0,0.0,0.0,0.0,3.75,0.0,1.25,1.25,5.0,0.0,0.0,5.0,0.0,0.0,0.0,0.0,5.0,0.0,0.0,1.875,0.0,0.0,0.0,0.0,2.5,5.0,0.0,2.5,3.125,0.625,1.25,0.0,0.0,5.0,2.5,3.75,5.0,0.0,5.0,3.75,0.0,5.0,3.75,5.0,0.0,3.75,5.0,0.0,5.0,5.0,5.0,5.0,5.0,5.0,5.0,4.375,0.0,5.0,3.75,0.0,5.0,3.75,5.0,5.0,3.75,3.75,0.0
62,5,0.0,0.0,0.0,0.0,0.0,0.0,2.5,0.0,1.25,1.25,5.0,0.0,0.0,5.0,0.0,0.0,0.0,0.0,5.0,0.0,0.0,2.5,0.0,0.0,0.0,0.0,2.5,5.0,0.0,2.5,3.75,1.25,1.25,0.0,0.0,5.0,2.5,3.75,5.0,0.0,5.0,3.75,0.0,5.0,3.75,5.0,0.0,3.75,5.0,0.0,5.0,5.0,5.0,5.0,5.0,5.0,5.0,5.0,0.0,5.0,3.75,0.0,5.0,3.75,5.0,5.0,3.75,5.0,0.625
63,3,0.0,0.0,0.0,0.0,0.0,0.0,5.0,0.0,1.25,0.0,5.0,0.0,0.0,5.0,0.0,0.0,0.0,0.0,5.0,0.0,0.0,1.25,0.0,0.0,0.0,0.0,3.75,5.0,0.0,2.5,3.75,1.25,1.25,0.0,0.0,5.0,1.25,4.375,5.0,0.0,5.0,3.75,0.0,5.0,3.75,5.0,0.0,3.75,5.0,0.0,5.0,5.0,5.0,5.0,5.0,5.0,5.0,5.0,0.0,5.0,3.75,0.0,5.0,3.75,5.0,5.0,3.75,5.0,0.0
63,4,0.0,0.0,0.0,0.0,0.0,0.0,5.0,0.0,1.25,0.0,5.0,0.0,0.0,3.75,0.0,0.0,0.0,0.0,5.0,0.0,0.0,1.25,0.0,0.0,0.0,0.0,2.5,3.75,0.0,2.5,3.75,1.25,1.25,0.0,0.0,5.0,1.25,3.75,5.0,0.0,5.0,5.0,0.0,3.75,3.75,5.0,0.0,3.75,5.0,0.0,5.0,3.75,5.0,5.0,5.0,5.0,5.0,3.75,0.0,5.0,3.75,0.0,5.0,3.75,5.0,5.0,3.125,3.75,0.0
63,5,0.0,0.0,0.0,0.0,0.0,0.0,5.0,0.0,1.25,0.0,5.0,0.0,0.0,3.75,0.0,0.0,0.0,0.0,5.0,0.0,0.0,1.875,0.0,0.0,0.0,0.0,2.5,4.375,0.0,2.5,3.75,1.25,1.875,0.0,0.0,5.0,1.25,4.375,5.0,0.0,5.0,5.0,0.0,4.375,3.75,5.0,0.0,3.75,5.0,0.0,5.0,5.0,5.0,5.0,5.0,5.0,5.0,4.375,0.0,5.0,3.75,0.0,5.0,3.75,5.0,5.0,3.75,3.75,0.0
64,3,0.0,0.0,0.0,0.0,0.0,0.0,5.0,0.0,2.5,0.0,5.0,0.0,0.0,3.75,0.0,0.0,0.0,0.0,5.0,0.0,0.0,1.25,0.0,0.0,0.0,0.0,3.75,5.0,0.0,2.5,3.75,2.5,2.5,0.0,0.0,5.0,1.25,3.75,5.0,0.0,5.0,3.75,0.0,3.75,3.75,5.0,0.0,3.75,5.0,0.0,5.0,3.75,5.0,5.0,5.0,5.0,5.0,5.0,0.0,5.0,3.75,0.0,5.0,3.75,5.0,5.0,3.75,5.0,0.0
64,4,0.0,0.0,0.0,0.0,0.0,0.0,5.0,0.0,2.5,0.0,5.0,0.0,0.0,3.125,0.0,0.0,0.0,0.0,5.0,0.0,0.0,1.25,0.0,0.0,0.0,0.0,2.5,3.75,0.0,1.25,3.75,2.5,2.5,0.0,0.0,3.75,1.25,3.75,5.0,0.0,5.0,5.0,0.0,3.75,3.125,5.0,0.0,3.75,5.0,0.0,5.0,3.75,5.0,5.0,5.0,5.0,5.0,3.75,0.0,5.0,3.75,0.0,5.0,3.75,5.0,5.0,3.125,3.75,0.0
64,5,0.0,0.0,0.0,0.0,0.0,0.0,5.0,0.0,2.5,0.0,5.0,0.0,0.0,3.75,0.0,0.0,0.0,0.0,5.0,0.0,0.0,1.875,0.0,0.0,0.0,0.0,2.5,3.75,0.0,1.875,3.75,2.5,2.5,0.0,0.0,5.0,1.25,3.75,5.0,0.0,5.0,5.0,0.0,3.75,3.75,5.0,0.0,3.75,5.0,0.0,5.0,3.75,5.0,5.0,5.0,5.0,5.0,3.75,0.0,5.0,3.75,0.0,5.0,3.75,5.0,5.0,3.125,3.75,0.0
65,3,0.0,0.0,0.0,0.0,0.0,0.0,5.0,0.0,3.75,0.0,5.0,0.0,0.0,3.75,0.0,0.0,0.0,0.0,5.0,0.0,0.0,1.25,1.25,1.25,0.0,0.0,3.75,5.0,0.0,1.25,5.0,3.75,4.375,0.0,0.0,3.75,1.25,3.75,5.0,0.0,5.0,3.75,0.0,3.75,3.75,5.0,0.0,2.5,5.0,0.0,5.0,3.75,5.0,5.0,5.0,5.0,5.0,3.75,0.0,5.0,3.75,0.0,5.0,3.75,5.0,5.0,3.75,5.0,0.0
65,4,0.0,0.0,0.0,0.0,0.0,0.0,5.0,0.0,3.75,0.0,5.0,0.0,0.0,2.5,0.0,0.0,0.0,0.0,5.0,0.0,0.0,2.5,0.0,1.25,0.0,0.0,2.5,3.75,0.0,1.25,4.375,2.5,3.75,0.0,0.0,3.75,1.25,3.75,3.75,0.0,5.0,5.0,0.0,3.75,2.5,5.0,0.0,3.75,5.0,0.0,5.0,2.5,5.0,5.0,5.0,5.0,5.0,3.125,0.0,5.0,3.75,0.0,5.0,3.75,5.0,5.0,3.75,3.75,0.0
65,5,0.0,0.0,0.0,0.0,0.0,0.0,5.0,0.0,3.75,0.0,5.0,0.0,0.0,2.5,0.0,0.0,0.0,0.0,5.0,0.0,0.0,2.5,0.0,1.25,0.0,0.0,2.5,3.75,0.0,1.25,5.0,2.5,3.75,0.0,0.0,3.75,1.25,3.75,5.0,0.0,5.0,5.0,0.0,3.75,3.125,5.0,0.0,3.75,5.0,0.0,5.0,3.125,5.0,5.0,5.0,5.0,5.0,3.75,0.0,5.0,3.75,0.0,5.0,3.75,5.0,5.0,3.75,3.75,0.0
66,3,0.0,0.0,0.0,0.0,0.0,0.0,5.0,0.0,5.0,0.0,5.0,0.0,0.0,2.5,0.0,0.0,0.0,0.0,5.0,0.0,0.0,2.5,2.5,2.5,0.0,0.0,3.75,5.0,0.0,1.875,5.0,3.75,5.0,0.0,0.0,3.75,1.25,3.75,5.0,0.0,5.0,3.75,0.0,2.5,3.75,5.0,0.0,2.5,5.0,0.0,5.0,2.5,5.0,5.0,5.0,5.0,5.0,3.75,0.0,5.0,3.75,0.0,5.0,3.75,5.0,5.0,3.75,5.0,0.0
66,4,0.0,0.0,0.0,0.0,0.0,0.0,5.0,0.0,3.75,0.0,5.0,0.0,0.0,1.25,0.0,0.0,0.0,0.0,3.75,0.0,0.0,2.5,1.25,2.5,0.0,0.0,2.5,3.75,0.0,1.25,5.0,3.125,5.0,0.0,0.0,2.5,1.25,3.125,3.75,0.0,5.0,5.0,0.0,2.5,3.125,5.0,0.0,2.5,5.0,0.0,5.0,2.5,5.0,5.0,5.0,5.0,5.0,2.5,0.0,5.0,3.75,0.0,5.0,3.75,5.0,5.0,3.75,3.75,0.0
66,5,0.0,0.0,0.0,0.0,0.0,0.0,5.0,0.0,3.75,0.0,5.0,0.0,0.0,1.25,0.0,0.0,0.0,0.0,4.375,0.0,0.0,2.5,1.875,2.5,0.0,0.0,2.5,3.75,0.0,1.25,5.0,3.75,5.0,0.0,0.0,2.5,1.25,3.75,3.75,0.0,5.0,5.0,0.0,2.5,3.75,5.0,0.0,2.5,5.0,0.0,5.0,2.5,5.0,5.0,5.0,5.0,5.0,2.5,0.0,5.0,3.75,0.0,5.0,3.75,5.0,5.0,3.75,3.75,0.0
67,3,0.0,0.0,0.0,0.0,0.0,0.0,5.0,0.0,5.0,0.0,5.0,0.0,0.0,2.5,0.0,0.0,0.0,0.0,5.0,0.0,0.0,2.5,3.75,3.75,0.0,0.0,3.75,4.375,0.0,2.5,5.0,3.75,5.0,0.0,0.0,3.75,1.25,2.5,3.75,0.0,5.0,3.75,0.0,2.5,3.75,5.0,0.0,1.25,5.0,0.0,5.0,2.5,5.0,5.0,5.0,5.0,5.0,3.125,0.0,5.0,3.75,0.0,5.0,4.375,5.0,5.0,4.375,3.75,0.0
67,4,0.0,0.0,0.0,0.0,0.0,0.0,5.0,0.0,5.0,0.0,5.0,0.0,0.0,1.25,0.0,0.0,0.0,0.0,3.75,0.0,0.0,2.5,2.5,3.75,0.0,0.0,3.75,3.75,0.0,1.875,5.0,2.5,5.0,0.0,0.0,3.75,1.25,2.5,2.5,0.0,5.0,5.0,0.0,2.5,3.125,5.0,0.0,1.25,5.0,0.0,5.0,2.5,5.0,4.375,5.0,5.0,5.0,2.5,0.0,5.0,3.75,0.0,5.0,3.75,5.0,5.0,3.75,3.75,0.0
67,5,0.0,0.0,0.0,0.0,0.0,0.0,5.0,0.0,5.0,0.0,5.0,0.0,0.0,1.25,0.0,0.0,0.0,0.0,3.75,0.0,0.0,2.5,3.75,3.75,0.0,0.0,3.75,3.75,0.0,1.875,5.0,3.75,5.0,0.0,0.0,3.75,1.25,2.5,2.5,0.0,5.0,5.0,0.0,2.5,3.75,5.0,0.0,1.25,5.0,0.0,5.0,2.5,5.0,5.0,5.0,5.0,5.0,2.5,0.0,5.0,3.75,0.0,5.0,4.375,5.0,5.0,3.75,3.75,0.0
68,3,0.0,0.0,0.0,0.0,0.0,0.0,5.0,0.0,5.0,1.25,5.0,0.0,0.0,2.5,0.0,0.0,0.0,0.0,4.375,0.0,0.0,2.5,5.0,5.0,0.0,0.0,3.75,3.75,0.0,2.5,5.0,2.5,5.0,0.0,0.0,3.75,1.25,2.5,2.5,0.0,5.0,3.75,0.0,2.5,3.75,5.0,0.0,0.625,3.75,0.0,5.0,2.5,5.0,5.0,5.0,5.0,5.0,3.75,0.0,5.0,3.75,0.0,5.0,4.375,5.0,5.0,4.375,4.375,2.5
68,4,0.0,0.0,0.0,0.0,0.0,0.0,5.0,0.0,5.0,1.25,5.0,0.0,0.0,1.25,0.0,0.0,0.0,0.0,3.75,0.0,0.0,2.5,3.75,5.0,0.0,0.0,3.75,2.5,0.0,2.5,5.0,2.5,5.0,0.0,0.0,3.75,1.25,2.5,1.25,0.0,5.0,5.0,0.0,2.5,3.125,5.0,0.0,1.25,3.75,0.0,5.0,2.5,5.0,5.0,5.0,5.0,5.0,2.5,0.0,5.0,3.75,0.0,5.0,3.75,5.0,5.0,3.75,3.75,1.25
68,5,0.0,0.0,0.0,0.0,0.0,0.0,5.0,0.0,5.0,1.25,5.0,0.0,0.0,1.25,0.0,0.0,0.0,0.0,3.75,0.0,0.0,2.5,5.0,5.0,0.0,0.0,3.75,2.5,0.0,2.5,5.0,2.5,5.0,0.0,0.0,3.75,1.25,2.5,1.25,0.0,5.0,5.0,0.0,2.5,3.75,5.0,0.0,1.25,3.75,0.0,5.0,2.5,5.0,5.0,5.0,5.0,5.0,2.5,0.0,5.0,3.75,0.0,5.0,4.375,5.0,5.0,3.75,3.75,1.25
69,3,0.0,0.0,0.0,0.0,0.0,0.0,5.0,0.0,5.0,2.5,5.0,0.0,0.0,2.5,0.0,0.0,0.0,0.0,3.75,0.0,0.0,1.25,5.0,5.0,0.0,0.0,3.75,2.5,0.0,3.125,5.0,2.5,5.0,0.0,0.0,5.0,1.25,2.5,1.25,0.0,5.0,3.125,0.0,2.5,3.75,5.0,0.0,0.0,3.75,0.0,5.0,2.5,5.0,5.0,5.0,5.0,5.0,3.75,0.0,5.0,3.75,0.0,5.0,4.375,5.0,5.0,5.0,5.0,5.0
69,4,0.0,0.0,0.0,0.0,0.0,0.0,5.0,0.0,4.375,2.5,5.0,0.0,0.0,1.25,0.0,0.0,0.0,0.0,3.125,0.0,0.0,1.875,5.0,5.0,0.0,0.0,3.75,2.5,0.0,2.5,5.0,2.5,3.75,0.0,0.0,4.375,1.25,2.5,1.25,0.0,5.0,3.75,0.0,2.5,3.75,5.0,0.0,0.0,3.75,0.0,5.0,3.75,5.0,5.0,5.0,3.75,5.0,3.125,0.0,5.0,3.75,0.0,5.0,4.375,4.375,5.0,3.75,3.75,4.375
69,5,0.0,0.0,0.0,0.0,0.0,0.0,5.0,0.0,5.0,2.5,5.0,0.0,0.0,1.25,0.0,0.0,0.0,0.0,3.75,0.0,0.0,2.5,5.0,5.0,0.0,0.0,3.75,2.5,0.0,2.5,5.0,2.5,3.75,0.0,0.0,4.375,1.25,2.5,1.25,0.0,5.0,4.375,0.0,2.5,3.75,5.0,0.0,0.0,3.75,0.0,5.0,3.75,5.0,5.0,5.0,5.0,5.0,3.75,0.0,5.0,3.75,0.0,5.0,5.0,5.0,5.0,3.75,3.75,3.125
70,3,0.0,0.0,0.0,0.0,0.0,0.0,5.0,0.0,5.0,3.75,5.0,0.0,0.0,2.5,0.0,0.0,0.0,0.0,3.75,0.0,0.0,1.25,5.0,5.0,0.0,0.0,3.75,2.5,0.0,3.125,5.0,2.5,3.75,0.0,0.0,5.0,1.25,2.5,1.25,0.0,5.0,2.5,0.0,2.5,3.75,5.0,0.0,0.0,3.75,0.0,5.0,3.75,5.0,5.0,5.0,3.75,5.0,5.0,0.0,5.0,4.375,0.0,5.0,5.0,5.0,5.0,5.0,5.0,5.0
70,4,0.0,0.0,0.0,0.0,0.0,0.0,5.0,0.0,3.75,3.75,5.0,0.0,0.0,2.5,0.0,0.0,0.0,0.0,2.5,0.0,0.0,1.25,5.0,5.0,0.0,0.0,2.5,1.25,0.0,3.75,5.0,2.5,2.5,0.0,0.0,5.0,1.25,2.5,1.25,0.0,5.0,3.75,0.0,2.5,3.75,5.0,0.0,0.0,3.75,0.0,5.0,3.75,5.0,5.0,5.0,3.75,5.0,3.75,0.0,5.0,3.75,0.0,5.0,5.0,3.75,5.0,3.75,3.75,5.0
70,5,0.0,0.0,0.0,0.0,0.0,0.0,5.0,0.0,3.75,3.75,5.0,0.0,0.0,2.5,0.0,0.0,0.0,0.0,2.5,0.0,0.0,1.25,5.0,5.0,0.0,0.0,3.75,1.875,0.0,3.75,5.0,2.5,2.5,0.0,0.0,5.0,1.25,2.5,1.25,0.0,5.0,3.75,0.0,2.5,3.75,5.0,0.0,0.0,3.75,0.0,5.0,3.75,5.0,5.0,5.0,3.75,5.0,3.75,0.0,5.0,3.75,0.0,5.0,5.0,3.75,5.0,3.75,3.75,5.0
71,3,0.0,0.0,0.0,0.0,0.0,0.0,5.0,0.0,3.125,5.0,5.0,0.0,0.0,3.75,0.0,0.0,0.0,0.0,3.75,0.0,0.0,0.0,5.0,5.0,0.0,0.0,2.5,2.5,0.0,3.75,5.0,2.5,2.5,0.0,0.0,5.0,1.25,3.125,2.5,0.0,5.0,2.5,0.0,2.5,3.75,3.75,0.0,0.0,5.0,0.0,5.0,3.75,5.0,5.0,5.0,3.75,5.0,5.0,0.0,5.0,5.0,0.0,5.0,5.0,4.375,5.0,3.75,5.0,5.0
71,4,0.0,0.0,0.0,0.0,0.0,0.0,5.0,0.0,2.5,5.0,5.0,0.0,0.0,2.5,0.0,0.0,0.0,0.0,2.5,0.0,0.0,0.0,5.0,5.0,0.0,0.0,2.5,2.5,0.0,3.75,5.0,2.5,1.25,0.0,0.0,5.0,1.25,2.5,2.5,0.0,5.0,2.5,0.0,2.5,3.75,3.75,0.0,0.0,3.75,0.0,3.75,3.75,5.0,5.0,5.0,2.5,5.0,5.0,0.0,5.0,5.0,2.5,5.0,5.0,3.75,5.0,3.75,3.75,5.0
71,5,0.0,0.0,0.0,0.0,0.0,0.0,5.0,0.0,2.5,5.0,5.0,0.0,0.0,3.125,0.0,0.0,0.0,0.0,2.5,0.0,0.0,1.25,5.0,5.0,0.0,0.0,2.5,2.5,0.0,3.75,5.0,2.5,1.25,0.0,0.0,5.0,1.25,2.5,2.5,0.0,5.0,2.5,0.0,2.5,3.75,3.75,0.0,0.0,5.0,0.0,3.75,3.75,5.0,5.0,5.0,2.5,5.0,5.0,0.0,5.0,5.0,1.25,5.0,5.0,3.75,5.0,3.75,3.75,5.0
72,3,0.0,0.0,0.0,0.0,0.0,0.0,5.0,0.0,1.25,5.0,5.0,0.0,0.0,5.0,0.0,0.0,0.0,0.0,3.75,0.0,0.0,0.0,5.0,5.0,0.0,0.0,2.5,3.125,0.0,3.75,3.75,2.5,1.25,0.0,0.0,5.0,1.25,3.125,3.75,0.0,5.0,2.5,0.0,2.5,3.75,3.75,0.0,0.0,5.0,0.0,5.0,3.75,5.0,5.0,5.0,3.75,5.0,5.0,0.0,5.0,5.0,1.25,5.0,5.0,3.75,5.0,3.75,3.75,5.0
72,4,0.0,0.0,0.0,0.0,0.0,0.0,5.0,0.0,1.25,5.0,4.375,0.0,0.0,3.75,0.0,0.0,0.0,0.0,3.75,0.0,0.0,0.0,5.0,5.0,0.0,0.0,2.5,2.5,0.0,3.75,3.75,2.5,0.0,0.0,0.0,5.0,1.25,2.5,3.75,0.0,5.0,2.5,0.0,2.5,3.125,3.75,0.0,0.0,5.0,0.0,3.75,3.75,5.0,5.0,5.0,2.5,5.0,5.0,0.0,5.0,5.0,5.0,5.0,5.0,3.75,5.0,3.75,3.75,5.0
72,5,0.0,0.0,0.0,0.0,0.0,0.0,5.0,0.0,1.25,5.0,5.0,0.0,0.0,3.75,0.0,0.0,0.0,0.0,3.75,0.0,0.0,0.0,5.0,5.0,0.0,0.0,2.5,2.5,0.0,3.75,3.75,2.5,0.625,0.0,0.0,5.0,1.25,2.5,3.75,0.0,4.375,2.5,0.0,2.5,3.75,3.75,0.0,0.0,5.0,0.0,3.75,3.75,5.0,5.0,5.0,3.125,5.0,5.0,0.0,5.0,5.0,3.75,5.0,5.0,3.75,5.0,3.75,3.75,5.0
73,3,0.0,0.0,0.0,0.0,0.0,0.0,5.0,0.0,0.0,5.0,4.375,0.0,0.0,5.0,0.0,0.0,0.0,0.0,5.0,0.0,0.0,0.0,5.0,5.0,0.0,0.0,2.5,3.75,0.0,3.75,2.5,3.75,0.0,0.0,0.0,5.0,1.25,2.5,5.0,0.0,3.75,2.5,0.0,2.5,2.5,3.75,0.0,0.0,5.0,0.0,5.0,3.75,5.0,5.0,5.0,3.75,5.0,5.0,0.0,5.0,5.0,2.5,5.0,5.0,3.75,5.0,5.0,3.75,5.0
73,4,0.0,0.0,0.0,0.0,0.0,0.0,5.0,0.0,0.0,5.0,3.75,0.0,0.0,3.75,0.0,0.0,0.0,0.0,3.75,0.0,0.0,0.0,3.75,5.0,0.0,0.0,2.5,3.75,0.0,3.75,1.25,2.5,0.0,0.0,0.0,5.0,1.25,2.5,3.75,0.0,3.75,2.5,0.0,2.5,2.5,3.75,0.0,0.0,5.0,0.0,5.0,3.75,5.0,5.0,5.0,3.75,5.0,4.375,0.0,5.0,5.0,5.0,3.75,5.0,2.5,3.75,3.75,2.5,5.0
73,5,0.0,0.0,0.0,0.0,0.0,0.0,5.0,0.0,0.0,5.0,3.75,0.0,0.0,3.75,0.0,0.0,0.0,0.0,3.75,0.0,0.0,0.0,3.75,5.0,0.0,0.0,2.5,3.75,0.0,3.75,1.25,3.75,0.0,0.0,0.0,5.0,1.25,2.5,5.0,0.0,3.75,2.5,0.0,2.5,2.5,3.75,0.0,0.0,5.0,0.0,5.0,3.75,5.0,5.0,5.0,3.75,5.0,5.0,0.0,5.0,5.0,5.0,3.75,5.0,3.125,5.0,3.75,2.5,5.0
74,3,0.0,0.0,0.0,0.0,0.0,0.0,5.0,0.0,0.0,5.0,3.75,0.0,0.0,3.75,0.0,0.0,0.0,0.0,5.0,0.0,0.0,0.0,3.75,5.0,0.0,0.0,2.5,4.375,0.0,3.75,1.25,5.0,0.0,0.0,0.0,5.0,1.25,2.5,5.0,0.0,2.5,2.5,0.0,3.75,2.5,3.75,0.0,0.0,5.0,0.0,5.0,3.75,5.0,5.0,5.0,4.375,5.0,5.0,0.0,5.0,5.0,3.75,5.0,5.0,3.75,5.0,5.0,2.5,5.0
74,4,0.0,0.0,0.0,0.0,0.0,0.0,5.0,0.0,0.0,5.0,2.5,0.0,0.0,3.125,0.0,0.0,0.0,0.0,3.75,0.0,0.0,0.0,2.5,5.0,0.0,0.0,2.5,3.75,0.0,3.75,0.625,3.75,0.0,0.0,0.0,3.75,1.25,2.5,5.0,0.0,2.5,1.875,0.0,2.5,2.5,3.75,0.0,0.0,5.0,0.0,5.0,3.75,5.0,5.0,4.375,3.75,5.0,3.75,0.0,5.0,5.0,5.0,3.75,5.0,2.5,3.75,5.0,1.25,5.0
74,5,0.0,0.0,0.0,0.0,0.0,0.0,5.0,0.0,0.0,5.0,2.5,0.0,0.0,3.75,0.0,0.0,0.0,0.0,4.375,0.0,0.0,0.0,2.5,5.0,0.0,0.0,2.5,3.75,0.0,3.75,0.0,3.75,0.0,0.0,0.0,3.75,1.25,2.5,5.0,0.0,2.5,2.5,0.0,3.125,2.5,3.75,0.0,0.0,5.0,0.0,5.0,3.75,5.0,5.0,5.0,3.75,5.0,3.75,0.0,5.0,5.0,5.0,3.75,5.0,3.125,3.75,5.0,1.875,5.0
75,3,0.0,0.0,0.0,0.0,0.0,0.0,5.0,0.0,0.0,3.75,2.5,0.0,0.0,3.125,0.0,0.0,0.0,0.0,5.0,0.0,0.0,0.0,1.25,5.0,0.0,0.0,2.5,5.0,0.0,3.75,0.0,5.0,0.0,0.0,0.0,3.75,1.25,2.5,5.0,0.0,1.875,2.5,0.0,3.75,2.5,4.375,0.0,0.0,5.0,0.0,5.0,3.75,5.0,5.0,5.0,4.375,5.0,3.75,0.0,5.0,5.0,5.0,5.0,5.0,3.75,3.75,5.0,1.25,5.0
75,4,0.0,0.0,0.0,0.0,0.0,0.0,5.0,0.0,0.0,3.75,2.5,0.0,0.0,2.5,0.0,0.0,0.0,0.0,5.0,0.0,0.0,0.0,1.25,5.0,0.0,0.0,2.5,5.0,0.0,3.75,0.0,5.0,0.0,0.0,0.0,3.75,1.25,2.5,5.0,0.0,1.875,2.5,0.0,3.75,2.5,3.75,0.0,0.0,5.0,0.0,5.0,3.75,5.0,3.75,3.75,3.75,5.0,2.5,0.0,4.375,5.0,5.0,3.75,5.0,3.75,3.75,5.0,1.25,5.0
75,5,0.0,0.0,0.0,0.0,0.0,0.0,5.0,0.0,0.0,3.75,2.5,0.0,0.0,2.5,0.0,0.0,0.0,0.0,5.0,0.0,0.0,0.0,1.25,5.0,0.0,0.0,2.5,5.0,0.0,3.75,0.0,5.0,0.0,0.0,0.0,3.75,1.25,2.5,5.0,0.0,2.5,2.5,0.0,3.75,2.5,3.75,0.0,0.0,5.0,0.0,5.0,3.75,5.0,4.375,3.75,3.75,5.0,2.5,0.0,5.0,5.0,5.0,3.75,5.0,3.75,3.75,5.0,1.25,5.0
76,3,0.0,0.0,0.0,0.0,0.0,0.0,5.0,0.0,0.0,2.5,2.5,0.0,0.0,1.875,0.0,0.0,0.0,0.0,5.0,0.0,0.0,0.0,0.0,5.0,0.0,0.0,2.5,5.0,0.0,4.375,0.0,5.0,1.25,0.0,0.0,2.5,1.25,2.5,5.0,0.0,1.25,3.75,0.0,3.75,2.5,5.0,0.0,0.0,5.0,0.0,5.0,3.75,5.0,3.75,5.0,3.75,5.0,2.5,0.0,5.0,5.0,5.0,4.375,5.0,5.0,3.75,5.0,0.0,5.0
76,4,0.0,0.0,0.0,0.0,0.0,0.0,5.0,0.0,0.0,2.5,1.25,0.0,0.0,1.25,0.0,0.0,0.0,0.0,5.0,0.0,0.0,0.0,0.0,5.0,0.0,0.0,2.5,5.0,0.0,3.75,0.0,5.0,1.25,0.0,0.0,2.5,1.25,2.5,3.75,0.0,2.5,2.5,0.0,3.75,2.5,3.75,0.0,0.0,5.0,0.0,5.0,3.75,5.0,3.75,3.75,2.5,5.0,1.25,0.0,3.75,5.0,5.0,3.75,5.0,3.75,3.75,5.0,0.0,5.0
76,5,0.0,0.0,0.0,0.0,0.0,0.0,5.0,0.0,0.0,2.5,1.25,0.0,0.0,1.25,0.0,0.0,0.0,0.0,5.0,0.0,0.0,0.0,0.0,5.0,0.0,0.0,2.5,5.0,0.0,3.75,0.625,5.0,1.25,0.0,0.0,2.5,1.25,2.5,5.0,0.0,2.5,2.5,0.0,3.75,2.5,5.0,0.0,0.0,5.0,0.0,5.0,3.75,5.0,3.75,3.75,2.5,5.0,1.25,0.0,3.75,5.0,5.0,3.75,5.0,3.75,3.75,5.0,0.0,5.0
77,3,0.0,0.0,0.0,0.0,0.0,0.0,5.0,0.0,0.0,1.25,2.5,0.0,0.0,1.25,0.0,0.0,0.0,0.0,5.0,0.0,0.0,0.0,0.0,5.0,0.0,0.0,2.5,4.375,0.0,5.0,1.25,5.0,2.5,0.0,0.0,2.5,1.25,2.5,3.75,0.0,1.25,3.75,0.0,5.0,3.75,5.0,0.0,1.25,5.0,0.0,5.0,3.75,5.0,3.75,5.0,2.5,5.0,1.25,0.0,3.75,5.0,5.0,4.375,5.0,5.0,3.75,5.0,0.0,5.0
77,4,0.0,0.0,0.0,0.0,0.0,0.0,5.0,0.0,0.0,1.25,1.875,0.0,0.0,0.625,0.0,0.0,0.0,0.0,5.0,0.0,0.0,0.0,0.0,5.0,0.0,0.0,2.5,5.0,0.0,3.75,1.25,5.0,2.5,0.0,0.0,1.25,1.25,2.5,3.75,0.0,2.5,3.75,0.0,5.0,2.5,5.0,0.0,1.25,5.0,0.0,5.0,2.5,5.0,3.75,3.75,2.5,5.0,0.0,0.0,3.75,5.0,5.0,3.75,5.0,3.75,2.5,5.0,0.0,5.0
77,5,0.0,0.0,0.0,0.0,0.0,0.0,5.0,0.0,0.0,1.25,2.5,0.0,0.0,1.25,0.0,0.0,0.0,0.0,5.0,0.0,0.0,0.0,0.0,5.0,0.0,0.0,2.5,5.0,0.0,3.75,1.25,5.0,2.5,0.0,0.0,1.25,1.25,2.5,3.75,0.0,2.5,3.75,0.0,5.0,2.5,5.0,0.0,0.0,5.0,0.0,5.0,3.75,5.0,3.75,3.75,2.5,5.0,0.0,0.0,3.75,5.0,5.0,3.75,5.0,4.375,3.125,5.0,0.0,4.375
78,3,0.0,0.0,0.0,0.0,0.0,0.0,5.0,0.0,1.25,0.0,2.5,0.0,0.0,1.25,0.0,0.0,0.0,0.0,5.0,0.0,0.0,0.0,0.0,5.0,0.0,0.0,2.5,4.375,0.0,5.0,2.5,5.0,3.75,0.0,0.0,1.875,1.875,2.5,2.5,0.0,1.875,5.0,0.0,5.0,3.75,5.0,0.0,2.5,5.0,0.0,5.0,3.75,5.0,2.5,5.0,1.25,5.0,0.0,0.0,3.75,5.0,3.75,5.0,5.0,5.0,3.75,5.0,0.0,5.0
78,4,0.0,0.0,0.0,0.0,0.0,0.0,5.0,0.0,1.25,0.0,2.5,0.0,0.0,0.0,0.0,1.25,0.0,0.0,5.0,0.0,0.0,0.0,0.0,3.75,0.0,0.0,1.25,4.375,0.0,5.0,2.5,5.0,3.75,0.0,0.0,1.25,1.25,2.5,2.5,0.0,2.5,3.75,0.0,5.0,3.75,5.0,0.0,1.25,5.0,0.0,5.0,3.75,3.75,2.5,3.75,1.25,5.0,0.0,0.0,3.75,5.0,5.0,3.75,5.0,5.0,2.5,5.0,0.0,3.75
78,5,0.0,0.0,0.0,0.0,0.0,0.0,5.0,0.0,1.25,0.0,2.5,0.0,0.0,0.0,0.0,1.25,0.0,0.0,5.0,0.0,0.0,0.0,0.0,4.375,0.0,0.0,1.875,5.0,0.0,5.0,2.5,5.0,3.75,0.0,0.0,1.25,1.25,2.5,2.5,0.0,2.5,3.75,0.0,5.0,3.75,5.0,0.0,1.25,5.0,0.0,5.0,3.75,3.75,3.75,3.75,1.25,5.0,0.0,0.0,3.75,5.0,5.0,3.75,5.0,5.0,2.5,5.0,0.0,2.5
79,3,0.0,0.0,0.0,0.0,0.0,0.0,5.0,0.0,2.5,0.0,3.75,0.0,0.0,1.25,0.0,1.25,0.0,0.0,5.0,0.0,0.0,0.0,0.0,3.75,1.25,0.0,1.25,4.375,0.0,5.0,3.75,5.0,5.0,0.0,0.0,2.5,2.5,2.5,1.25,0.0,2.5,5.0,0.0,5.0,5.0,5.0,0.0,3.75,5.0,0.0,5.0,3.75,3.75,2.5,5.0,1.25,5.0,0.0,0.0,4.375,5.0,2.5,5.0,5.0,5.0,3.75,5.0,0.0,2.5
79,4,0.0,0.0,1.25,0.0,1.25,0.0,5.0,0.0,1.25,0.0,2.5,0.0,0.0,0.625,0.0,2.5,0.0,0.0,5.0,1.875,0.0,0.0,0.0,3.75,1.25,0.0,1.25,4.375,0.0,5.0,3.75,5.0,5.0,0.0,0.0,1.25,2.5,2.5,1.25,0.0,3.125,4.375,0.0,5.0,3.75,5.0,0.0,3.75,5.0,0.0,3.75,3.75,3.75,2.5,5.0,1.25,5.0,0.0,0.0,3.75,5.0,3.75,4.375,5.0,4.375,2.5,5.0,0.0,1.25
79,5,0.0,0.0,1.25,0.0,1.25,0.0,5.0,0.0,1.25,0.0,2.5,0.0,0.0,1.25,0.0,2.5,0.0,0.0,5.0,1.25,0.0,0.0,0.0,3.75,1.25,0.0,1.25,4.375,0.0,5.0,3.75,5.0,5.0,0.0,0.0,1.25,2.5,2.5,1.25,0.0,3.125,5.0,0.0,5.0,4.375,5.0,0.0,3.75,5.0,0.0,5.0,3.75,3.75,2.5,5.0,1.25,5.0,0.0,0.0,3.75,5.0,2.5,5.0,5.0,5.0,2.5,5.0,0.0,1.25
80,3,0.0,0.0,0.0,0.0,2.5,0.0,3.75,0.0,3.75,0.0,3.75,0.0,0.0,1.875,0.0,3.125,0.0,0.0,5.0,0.625,0.0,0.0,0.0,3.75,3.75,0.0,1.25,4.375,0.0,5.0,3.75,5.0,5.0,0.0,0.0,2.5,2.5,2.5,0.0,0.0,2.5,5.0,0.0,4.375,5.0,5.0,0.0,5.0,5.0,0.0,5.0,5.0,3.125,1.25,5.0,1.25,5.0,1.25,0.0,4.375,5.0,1.25,5.0,4.375,5.0,3.75,5.0,0.0,0.625
80,4,0.0,0.0,2.5,0.0,3.75,0.0,2.5,0.0,2.5,0.0,2.5,0.0,0.0,1.25,0.0,5.0,0.0,0.0,5.0,3.75,0.0,0.0,0.0,3.75,3.125,0.0,1.25,4.375,0.0,5.0,3.75,5.0,5.0,0.0,0.0,2.5,2.5,2.5,0.0,0.0,3.75,5.0,0.0,4.375,5.0,5.0,0.0,5.0,5.0,0.0,3.75,3.75,2.5,2.5,5.0,1.25,3.75,0.0,0.0,3.75,5.0,1.25,5.0,3.75,3.75,2.5,5.0,0.0,0.0
80,5,0.0,0.0,1.25,0.0,2.5,0.0,3.75,0.0,3.125,0.0,3.125,0.0,0.0,1.25,0.0,4.375,0.0,0.0,5.0,3.75,0.0,0.0,0.0,3.75,2.5,0.0,1.25,4.375,0.0,5.0,5.0,5.0,5.0,0.0,0.0,2.5,2.5,2.5,0.0,0.0,3.75,5.0,0.0,4.375,5.0,5.0,0.0,5.0,5.0,0.0,3.75,3.75,2.5,2.5,5.0,1.25,3.75,0.0,0.0,4.375,5.0,1.25,5.0,3.75,4.375,2.5,5.0,0.0,0.0
81,3,0.0,0.0,1.25,0.0,5.0,0.0,2.5,0.0,4.375,0.0,3.75,0.0,0.0,3.75,0.0,5.0,0.0,0.0,5.0,1.875,0.0,0.0,0.0,3.75,5.0,0.0,0.0,5.0,0.0,5.0,5.0,5.0,5.0,0.0,0.0,3.75,3.75,2.5,0.0,0.0,2.5,5.0,0.0,4.375,5.0,5.0,0.0,5.0,5.0,0.0,3.75,5.0,2.5,1.25,5.0,1.25,3.75,2.5,0.0,4.375,5.0,0.0,5.0,3.75,5.0,3.75,5.0,0.0,0.0
81,4,0.0,0.0,3.75,0.0,5.0,0.0,1.25,0.0,3.75,0.0,2.5,0.0,1.25,2.5,0.0,5.0,0.0,0.0,3.75,5.0,0.0,0.0,0.0,3.75,5.0,0.0,0.0,4.375,0.0,5.0,5.0,5.0,5.0,0.0,0.0,3.75,2.5,2.5,0.0,0.0,3.75,5.0,0.0,3.75,5.0,5.0,0.0,5.0,5.0,0.0,3.75,5.0,2.5,1.25,5.0,1.25,3.75,1.25,0.0,4.375,5.0,0.0,5.0,2.5,3.75,2.5,5.0,0.0,0.0
81,5,0.0,0.0,3.75,0.0,4.375,0.0,1.25,0.0,3.75,0.0,2.5,0.0,1.25,2.5,0.0,5.0,0.0,0.0,3.75,5.0,0.0,0.0,0.0,3.75,4.375,0.0,0.0,4.375,0.0,5.0,5.0,5.0,5.0,0.0,0.0,3.75,2.5,2.5,0.0,0.0,4.375,5.0,0.0,3.75,5.0,5.0,0.0,5.0,5.0,0.0,3.75,5.0,2.5,1.25,5.0,1.25,3.75,1.25,0.0,4.375,5.0,0.0,5.0,3.125,3.75,2.5,5.0,0.0,0.0
82,3,0.0,0.0,2.5,0.0,5.0,0.0,1.25,0.0,5.0,0.0,2.5,0.0,0.625,4.375,0.0,5.0,0.0,0.0,3.75,3.125,0.0,0.0,0.0,3.75,5.0,0.0,0.0,5.0,0.0,5.0,5.0,5.0,5.0,0.0,0.0,5.0,3.75,2.5,0.0,0.0,2.5,5.0,0.0,3.75,5.0,5.0,0.0,5.0,5.0,0.0,3.75,5.0,2.5,0.0,5.0,2.5,3.75,3.75,0.0,5.0,5.0,0.0,5.0,3.75,5.0,3.75,5.0,0.0,0.0
82,4,0.0,0.0,5.0,0.0,5.0,0.0,0.625,0.0,5.0,0.0,2.5,0.0,1.25,3.75,0.0,5.0,0.0,0.0,2.5,5.0,0.0,0.0,0.0,3.75,5.0,0.0,0.0,5.0,0.0,5.0,5.0,5.0,5.0,0.0,0.0,3.75,3.75,2.5,0.0,0.0,3.75,5.0,0.0,3.75,5.0,3.75,0.0,5.0,5.0,0.0,3.75,5.0,2.5,1.25,5.0,2.5,3.75,2.5,0.0,5.0,5.0,0.0,5.0,2.5,4.375,2.5,5.0,0.0,0.0
82,5,0.0,0.0,5.0,0.0,5.0,0.0,1.25,0.0,5.0,0.0,2.5,0.0,1.25,3.75,0.0,5.0,0.0,0.0,3.75,5.0,0.0,0.0,0.0,3.75,5.0,0.0,0.0,5.0,0.0,5.0,5.0,5.0,5.0,0.0,0.0,3.75,3.75,2.5,0.0,0.0,4.375,5.0,0.0,3.75,5.0,3.75,0.0,5.0,5.0,0.0,3.75,5.0,2.5,1.25,5.0,2.5,3.75,2.5,0.0,5.0,5.0,0.0,5.0,2.5,5.0,2.5,5.0,0.0,0.0
83,3,0.0,0.0,3.75,0.0,5.0,0.0,0.0,0.0,5.0,0.0,1.25,0.0,0.625,5.0,0.0,5.0,0.0,0.0,2.5,3.75,0.0,0.0,0.0,3.75,5.0,0.0,0.0,5.0,0.0,5.0,3.75,5.0,3.75,0.0,0.0,5.0,5.0,2.5,0.0,0.0,1.25,5.0,0.0,3.125,5.0,3.75,0.0,5.0,5.0,0.0,3.75,5.0,2.5,0.0,5.0,3.75,3.75,5.0,0.0,5.0,5.0,0.0,5.0,3.75,5.0,3.75,5.0,0.0,0.0
83,4,0.0,0.0,5.0,0.0,5.0,0.0,0.0,0.0,5.0,0.0,1.25,0.0,1.25,3.75,0.0,5.0,0.0,0.0,2.5,5.0,0.0,0.0,0.0,3.75,5.0,0.0,0.0,5.0,0.0,5.0,3.75,3.75,3.75,0.0,0.0,5.0,3.75,2.5,0.0,0.0,3.75,5.0,0.0,2.5,5.0,3.75,0.0,5.0,5.0,0.0,3.75,5.0,2.5,0.0,5.0,3.75,3.75,3.75,0.0,5.0,5.0,0.0,5.0,2.5,5.0,2.5,5.0,0.0,0.0
83,5,0.0,0.0,5.0,0.0,5.0,0.0,0.0,0.0,5.0,0.0,1.25,0.0,1.25,3.75,0.0,5.0,0.0,0.0,2.5,5.0,0.0,0.0,0.0,3.75,5.0,0.0,0.0,5.0,0.0,5.0,4.375,5.0,3.75,0.0,0.0,5.0,3.75,2.5,0.0,0.0,3.75,5.0,0.0,3.125,5.0,3.75,0.0,5.0,5.0,0.0,3.75,5.0,2.5,0.0,5.0,3.75,3.75,3.75,0.0,5.0,5.0,0.0,5.0,2.5,5.0,2.5,5.0,0.0,0.0
84,3,0.0,0.0,3.75,0.0,5.0,0.0,0.0,0.0,5.0,0.0,1.25,0.0,1.25,5.0,0.0,5.0,0.0,0.0,2.5,4.375,0.0,0.0,0.0,3.75,5.0,0.0,0.0,5.0,0.0,5.0,3.75,5.0,2.5,0.0,0.0,5.0,5.0,2.5,0.0,0.0,1.25,5.0,0.0,2.5,5.0,3.75,0.0,5.0,5.0,0.0,5.0,5.0,2.5,0.0,5.0,3.75,3.75,5.0,0.0,5.0,5.0,0.0,5.0,3.75,5.0,3.75,5.0,0.0,0.0
84,4,0.0,0.0,5.0,0.0,5.0,0.0,0.0,0.0,5.0,0.0,1.25,0.0,1.25,3.75,0.0,5.0,0.625,0.0,2.5,5.0,0.0,0.0,0.0,3.75,5.0,0.0,0.0,5.0,0.0,5.0,3.75,3.75,2.5,0.0,0.0,5.0,5.0,2.5,0.0,0.0,3.75,4.375,0.0,2.5,5.0,3.75,0.0,5.0,5.0,0.0,3.75,5.0,2.5,0.0,5.0,3.75,3.75,5.0,0.0,5.0,5.0,0.0,3.75,3.125,5.0,2.5,3.75,0.0,0.0
84,5,0.0,0.0,5.0,0.0,5.0,0.0,0.0,0.0,5.0,0.0,1.25,0.0,1.25,3.75,0.0,5.0,0.0,0.0,2.5,5.0,0.0,0.0,0.0,3.75,5.0,0.0,0.0,5.0,0.0,5.0,3.75,3.75,2.5,0.0,0.0,5.0,5.0,2.5,0.0,0.0,3.75,4.375,0.0,2.5,5.0,3.75,0.0,5.0,5.0,0.0,3.75,5.0,2.5,0.0,5.0,3.75,3.75,5.0,0.0,5.0,5.0,0.0,3.75,3.75,5.0,2.5,3.75,0.0,0.0
85,3,0.0,0.0,3.75,0.0,5.0,0.0,0.0,0.0,3.75,0.0,1.25,0.0,1.25,5.0,0.0,5.0,2.5,0.0,2.5,4.375,0.0,0.0,0.0,3.75,5.0,0.0,0.0,5.0,0.0,5.0,2.5,3.75,1.25,0.0,0.0,5.0,5.0,2.5,0.0,0.0,1.25,3.75,0.0,2.5,5.0,3.75,0.0,5.0,5.0,0.0,5.0,5.0,2.5,0.0,5.0,3.125,4.375,5.0,0.0,5.0,5.0,0.0,3.75,5.0,5.0,3.125,2.5,0.0,0.0
85,4,0.0,0.0,5.0,0.0,5.0,0.0,0.0,0.0,3.75,0.0,1.25,0.0,1.875,3.75,0.0,5.0,1.25,0.0,2.5,5.0,0.0,0.0,0.0,3.75,5.0,0.0,0.0,5.0,0.0,3.75,2.5,3.75,1.25,0.0,0.0,5.0,5.0,2.5,0.0,0.0,2.5,3.75,0.0,2.5,5.0,2.5,0.0,3.75,5.0,0.0,5.0,5.0,2.5,0.0,5.0,3.75,3.75,5.0,0.0,5.0,5.0,0.0,3.75,3.75,5.0,2.5,2.5,0.0,0.0
85,5,0.0,0.0,5.0,0.0,5.0,0.0,0.0,0.0,3.75,0.0,1.25,0.0,2.5,3.75,0.0,5.0,1.25,0.0,2.5,5.0,0.0,0.0,0.0,3.75,5.0,0.0,0.0,5.0,0.0,3.75,2.5,3.75,1.25,0.0,0.0,5.0,5.0,2.5,0.0,0.0,2.5,3.75,0.0,2.5,5.0,3.125,0.0,3.75,5.0,0.0,5.0,5.0,2.5,0.0,5.0,3.75,3.75,5.0,0.0,5.0,5.0,0.0,3.75,3.75,5.0,2.5,2.5,0.0,0.0
86,3,0.0,0.0,3.75,0.0,5.0,0.0,0.0,0.0,2.5,0.0,1.25,0.0,2.5,3.75,0.0,5.0,3.75,0.0,3.125,3.75,0.0,0.0,0.0,3.125,5.0,0.0,0.0,5.0,0.0,3.75,1.25,3.75,0.0,0.0,0.0,5.0,5.0,2.5,0.0,0.0,1.25,3.75,0.0,2.5,5.0,3.125,0.0,3.75,5.0,0.0,5.0,5.0,2.5,0.0,5.0,2.5,5.0,5.0,0.0,5.0,5.0,0.0,3.75,5.0,5.0,2.5,1.25,1.25,0.0
86,4,0.0,0.0,5.0,0.0,5.0,0.0,0.0,0.0,2.5,0.0,1.25,0.0,2.5,2.5,0.0,5.0,3.75,0.0,2.5,5.0,0.0,0.0,0.0,3.75,5.0,0.0,0.0,3.75,0.0,2.5,1.25,2.5,0.0,0.0,0.0,5.0,5.0,2.5,0.0,0.0,2.5,3.125,0.0,2.5,5.0,2.5,0.0,2.5,5.0,0.0,5.0,5.0,2.5,0.0,5.0,2.5,4.375,5.0,0.0,5.0,5.0,0.0,2.5,3.75,5.0,2.5,1.25,0.625,0.0
86,5,0.0,0.0,5.0,0.0,5.0,0.0,0.0,0.0,3.75,0.0,1.25,0.0,2.5,2.5,0.0,5.0,3.75,0.0,2.5,5.0,0.0,0.0,0.0,3.75,5.0,0.0,0.0,4.375,0.0,1.25,1.25,2.5,0.0,0.0,0.0,5.0,5.0,2.5,0.0,0.0,2.5,3.75,0.0,2.5,5.0,2.5,0.0,2.5,5.0,0.0,5.0,5.0,2.5,0.0,5.0,2.5,5.0,5.0,0.0,5.0,5.0,0.0,2.5,5.0,5.0,2.5,1.25,1.25,0.0
87,3,0.0,0.0,2.5,0.0,5.0,0.0,0.0,0.0,1.25,0.0,2.5,0.0,2.5,2.5,0.0,5.0,5.0,0.0,3.75,3.125,0.0,0.0,0.0,2.5,5.0,0.0,0.0,5.0,0.0,1.25,1.25,3.125,0.0,0.0,0.0,5.0,5.0,3.75,0.0,0.0,1.25,3.75,0.0,2.5,5.0,3.75,0.0,1.25,5.0,0.0,5.0,5.0,2.5,0.0,5.0,1.25,5.0,5.0,0.0,5.0,5.0,0.0,2.5,5.0,5.0,2.5,1.25,2.5,0.0
87,4,0.0,0.0,5.0,0.0,5.0,0.0,0.0,0.0,1.25,0.0,1.25,0.0,2.5,1.25,0.0,5.0,5.0,0.0,2.5,5.0,0.0,0.0,1.25,2.5,5.0,0.0,0.0,3.75,0.0,0.0,1.25,2.5,0.0,0.0,0.0,4.375,5.0,3.75,0.0,0.0,1.25,2.5,0.0,2.5,5.0,2.5,0.0,1.25,5.0,0.0,5.0,5.0,2.5,0.0,5.0,1.25,5.0,5.0,0.0,4.375,5.0,0.0,2.5,5.0,5.0,1.875,0.0,1.25,0.0
87,5,0.0,0.0,5.0,0.0,5.0,0.0,0.0,0.0,1.25,0.0,1.25,0.0,2.5,1.25,0.0,5.0,5.0,0.0,2.5,5.0,0.0,0.0,0.0,2.5,5.0,0.0,0.0,3.75,0.0,0.0,1.25,2.5,0.0,0.0,0.0,5.0,5.0,3.75,0.0,0.0,1.25,2.5,0.0,2.5,5.0,3.125,0.0,1.25,5.0,0.0,5.0,5.0,2.5,0.0,5.0,1.25,5.0,5.0,0.0,5.0,5.0,0.0,2.5,5.0,5.0,1.875,0.0,1.25,0.0
88,3,0.0,0.0,1.25,0.0,5.0,0.0,1.25,0.0,0.0,0.0,3.125,0.0,3.75,1.25,0.0,5.0,5.0,0.0,3.75,2.5,0.0,1.25,2.5,2.5,5.0,0.0,0.0,4.375,0.0,0.0,1.25,2.5,0.0,0.0,0.0,4.375,5.0,3.75,0.0,0.0,1.875,2.5,0.0,2.5,5.0,3.75,0.0,0.0,3.75,0.0,5.0,5.0,2.5,0.0,5.0,0.0,5.0,5.0,0.0,4.375,5.0,0.0,2.5,5.0,5.0,2.5,0.0,3.75,0.0
88,4,0.0,0.0,5.0,0.0,5.0,0.0,1.25,0.0,1.25,0.0,2.5,0.0,3.125,0.0,0.0,5.0,5.0,0.0,2.5,5.0,0.0,1.25,1.25,2.5,5.0,0.0,0.0,3.75,0.0,0.0,1.25,1.25,0.0,0.0,0.0,3.75,5.0,3.75,0.0,0.0,1.25,2.5,0.0,2.5,5.0,3.75,0.0,0.0,3.75,0.0,5.0,5.0,2.5,1.25,5.0,0.625,5.0,3.75,0.0,3.75,5.0,0.0,2.5,4.375,3.75,1.875,0.0,2.5,0.0
88,5,0.0,0.0,5.0,0.0,5.0,0.0,1.25,0.0,1.25,0.0,2.5,0.0,3.75,0.0,0.0,5.0,5.0,0.0,2.5,5.0,0.0,1.25,1.25,2.5,5.0,0.0,0.0,3.75,0.0,0.0,1.25,1.25,0.0,0.0,0.0,3.75,5.0,3.75,0.0,0.0,1.25,2.5,0.0,2.5,5.0,3.75,0.0,0.0,3.75,0.0,5.0,5.0,2.5,1.25,5.0,1.25,5.0,5.0,0.0,3.75,5.0,0.0,2.5,5.0,4.375,2.5,0.0,2.5,0.0
89,3,0.0,0.0,0.0,0.0,5.0,0.0,1.25,0.0,0.0,0.0,3.75,0.0,3.75,0.0,0.0,3.75,5.0,0.0,3.125,1.25,0.0,1.25,3.75,2.5,5.0,0.0,0.0,3.75,0.0,1.25,2.5,1.25,0.0,0.0,0.0,3.75,5.0,5.0,1.25,0.0,2.5,2.5,0.0,1.25,5.0,3.75,0.0,0.0,2.5,0.0,5.0,5.0,2.5,1.25,5.0,0.0,5.0,3.75,0.0,3.75,5.0,0.0,3.75,5.0,5.0,2.5,0.0,5.0,0.0
89,4,0.0,0.0,2.5,0.0,3.75,0.0,1.875,0.0,0.0,0.0,3.125,0.0,3.75,0.0,0.0,3.75,5.0,0.0,2.5,5.0,0.0,1.25,3.75,1.875,5.0,0.0,0.0,3.125,0.0,1.25,1.25,1.25,0.0,0.0,0.0,3.75,5.0,3.75,1.25,0.0,1.25,2.5,0.0,1.25,5.0,3.75,0.0,0.0,2.5,0.0,5.0,3.75,2.5,1.25,5.0,0.0,5.0,2.5,0.0,3.75,5.0,0.0,3.75,3.75,3.75,2.5,0.0,3.75,0.0
89,5,0.0,0.0,2.5,0.0,2.5,0.0,2.5,0.0,0.0,0.0,3.75,0.0,3.75,0.0,0.0,3.75,5.0,0.0,2.5,5.0,0.0,1.25,3.75,2.5,5.0,0.0,0.0,3.75,0.0,1.25,1.25,1.25,0.0,0.0,0.0,3.75,5.0,3.75,1.25,0.0,1.25,2.5,0.0,1.875,5.0,3.75,0.0,0.0,2.5,0.0,5.0,5.0,2.5,1.25,5.0,0.0,5.0,3.125,0.0,3.75,5.0,0.0,3.75,3.75,3.75,2.5,0.0,3.75,0.0
90,3,0.0,0.0,0.0,0.0,2.5,0.0,2.5,0.0,0.0,0.0,4.375,0.0,5.0,0.0,0.0,3.75,5.0,0.0,2.5,1.25,0.0,2.5,5.0,1.875,5.0,0.0,0.0,3.75,0.0,2.5,2.5,1.25,0.0,0.0,0.0,3.75,5.0,5.0,2.5,0.0,2.5,2.5,0.0,1.25,5.0,5.0,0.0,0.0,2.5,0.0,5.0,3.75,3.125,1.875,5.0,0.0,5.0,2.5,0.0,3.75,5.0,0.0,4.375,4.375,3.75,3.75,0.0,5.0,0.0
90,4,0.0,0.0,1.25,0.0,1.875,0.0,2.5,0.0,0.0,0.0,3.75,0.0,3.75,0.0,0.0,2.5,5.0,0.0,2.5,5.0,0.0,2.5,5.0,1.25,5.0,0.0,0.0,3.75,0.0,2.5,2.5,0.0,0.0,0.0,0.0,2.5,5.0,3.75,2.5,0.0,1.25,2.5,0.0,1.25,5.0,4.375,0.0,0.0,2.5,0.0,5.0,3.75,3.75,2.5,5.0,0.0,5.0,1.25,0.0,3.125,5.0,0.0,3.75,3.75,3.75,2.5,0.0,3.75,0.0
90,5,0.0,0.0,1.25,0.0,1.25,0.0,2.5,0.0,0.0,0.0,3.75,0.0,3.75,0.0,0.0,2.5,5.0,0.0,2.5,3.75,0.0,2.5,5.0,1.875,5.0,0.0,0.0,3.75,0.0,2.5,2.5,0.0,0.0,0.0,0.0,2.5,5.0,5.0,3.75,0.0,1.25,2.5,0.0,1.25,5.0,5.0,0.0,0.0,2.5,0.0,5.0,3.75,3.75,2.5,5.0,0.0,5.0,1.25,0.0,3.75,5.0,0.0,4.375,3.75,3.75,2.5,0.0,5.0,0.0
91,3,0.0,0.0,0.0,0.0,0.0,0.0,3.75,0.0,0.0,0.0,3.75,0.0,5.0,0.0,0.0,2.5,5.0,0.0,1.875,1.25,0.0,3.75,5.0,2.5,5.0,0.0,0.0,5.0,0.0,3.75,3.75,0.0,0.0,0.0,0.0,3.75,5.0,5.0,3.75,0.0,1.875,2.5,0.0,1.25,3.75,5.0,0.0,0.0,2.5,0.0,5.0,3.75,3.75,2.5,5.0,0.0,5.0,1.25,0.0,3.75,4.375,0.0,5.0,3.75,3.75,5.0,0.0,5.0,0.0
91,4,0.0,0.0,0.0,0.0,0.0,0.0,3.75,0.0,0.0,0.0,3.75,0.0,3.75,0.0,0.0,2.5,5.0,0.0,1.875,2.5,0.0,3.75,5.0,2.5,5.0,0.0,0.0,3.75,0.0,3.75,2.5,0.0,0.0,0.0,0.0,2.5,5.0,5.0,5.0,0.0,1.25,2.5,0.0,1.25,3.75,5.0,0.0,0.0,2.5,0.0,5.0,2.5,3.75,2.5,5.0,0.0,5.0,0.0,0.0,2.5,3.75,0.0,5.0,3.125,2.5,3.75,0.0,3.75,0.0
91,5,0.0,0.0,0.0,0.0,0.0,0.0,3.75,0.0,0.0,0.0,3.75,0.0,3.75,0.0,0.0,2.5,5.0,0.0,1.875,2.5,0.0,3.75,5.0,2.5,5.0,0.0,0.0,3.75,0.0,3.75,2.5,0.0,0.0,0.0,0.0,2.5,5.0,5.0,5.0,0.0,1.25,3.125,0.0,1.25,3.75,5.0,0.0,0.0,2.5,0.0,5.0,2.5,3.75,2.5,5.0,0.0,5.0,0.0,0.0,3.125,3.75,0.0,5.0,3.75,3.125,3.75,0.0,5.0,0.0
92,3,0.0,0.0,0.0,0.0,0.0,0.0,3.75,0.0,0.0,0.0,3.75,0.0,4.375,0.0,0.0,2.5,5.0,0.0,1.25,1.25,0.0,5.0,5.0,1.875,5.0,0.0,1.25,5.0,0.0,5.0,3.75,0.0,0.0,0.0,0.0,3.75,5.0,5.0,5.0,0.0,1.875,2.5,0.0,1.25,2.5,5.0,0.0,0.0,2.5,0.0,5.0,2.5,4.375,2.5,5.0,0.0,5.0,0.0,0.0,3.125,3.75,0.0,5.0,3.75,3.125,5.0,0.0,5.0,0.0
92,4,0.0,0.0,0.0,0.0,0.0,0.0,3.75,0.0,0.0,0.0,2.5,0.0,3.75,1.25,0.0,2.5,3.75,0.0,2.5,2.5,0.0,5.0,5.0,2.5,3.75,0.0,0.0,5.0,0.0,5.0,2.5,0.0,0.0,0.0,0.0,2.5,5.0,5.0,5.0,0.0,1.25,3.125,0.0,1.25,2.5,5.0,0.0,0.0,2.5,0.0,4.375,2.5,4.375,2.5,3.75,0.0,5.0,0.0,0.0,2.5,3.75,0.0,5.0,2.5,2.5,4.375,0.0,3.75,0.0
92,5,0.0,0.0,0.0,0.0,0.0,0.0,3.75,0.0,0.0,0.0,3.125,0.0,3.75,1.25,0.0,2.5,5.0,0.0,2.5,2.5,0.0,5.0,5.0,2.5,3.75,0.0,0.625,5.0,0.0,5.0,3.125,0.0,0.0,0.0,0.0,2.5,5.0,5.0,5.0,0.0,1.25,3.125,0.0,1.25,2.5,5.0,0.0,0.0,2.5,0.0,4.375,2.5,4.375,2.5,4.375,0.0,5.0,0.0,0.0,2.5,3.75,0.0,5.0,2.5,2.5,5.0,0.0,3.75,0.0
93,3,0.0,0.0,0.0,0.0,0.0,0.0,3.75,0.0,0.0,0.0,2.5,0.0,3.125,0.0,0.0,2.5,3.75,0.0,1.25,1.25,0.0,5.0,5.0,1.25,3.75,0.0,1.25,5.0,0.0,5.0,3.75,0.0,0.0,0.0,0.0,3.75,5.0,5.0,5.0,0.0,1.25,3.125,0.0,1.25,1.25,5.0,0.0,0.0,2.5,0.0,5.0,2.5,4.375,2.5,4.375,0.0,5.0,0.0,0.0,3.125,2.5,0.0,5.0,2.5,2.5,5.0,0.0,3.75,0.0
93,4,0.0,0.0,0.0,0.0,0.0,0.0,3.75,0.0,0.0,1.25,2.5,0.0,2.5,2.5,0.0,2.5,2.5,0.0,2.5,1.25,0.0,5.0,5.0,3.75,3.75,0.0,1.25,5.0,0.0,5.0,2.5,0.0,0.0,0.0,0.0,2.5,5.0,5.0,5.0,0.0,1.25,3.75,0.0,1.25,1.25,5.0,0.0,0.0,2.5,0.0,3.75,2.5,5.0,2.5,3.75,0.625,5.0,0.0,0.0,2.5,2.5,0.0,5.0,2.5,2.5,5.0,0.0,2.5,0.0
93,5,0.0,0.0,0.0,0.0,0.0,0.0,3.75,0.0,0.0,1.25,2.5,0.0,2.5,2.5,0.0,2.5,3.75,0.0,3.125,2.5,0.0,5.0,5.0,3.75,3.75,0.0,1.25,5.0,0.0,5.0,2.5,0.0,0.0,0.0,0.0,2.5,5.0,5.0,5.0,0.0,1.25,3.75,0.0,1.25,1.25,5.0,0.0,0.0,2.5,0.0,4.375,2.5,5.0,2.5,4.375,1.25,5.0,0.0,0.0,3.125,2.5,0.0,5.0,2.5,2.5,5.0,0.0,3.125,0.0
94,3,0.0,0.0,0.0,0.0,0.0,0.0,2.5,0.0,0.0,2.5,2.5,0.0,2.5,1.875,0.0,2.5,2.5,0.0,2.5,1.25,0.0,5.0,5.0,2.5,3.75,0.0,2.5,5.0,0.0,5.0,3.125,0.625,0.0,0.0,0.0,5.0,3.75,5.0,5.0,0.0,1.25,3.125,0.0,2.5,0.0,5.0,0.0,0.0,3.75,0.0,5.0,2.5,5.0,1.25,5.0,1.25,5.0,0.0,0.0,3.75,2.5,0.0,5.0,2.5,2.5,5.0,0.0,2.5,0.0
94,4,0.0,0.0,0.0,0.0,0.0,0.0,2.5,0.0,0.0,2.5,1.25,0.0,2.5,3.75,0.0,1.875,1.25,0.0,3.75,1.25,0.0,5.0,5.0,5.0,3.75,0.0,2.5,5.0,0.0,5.0,2.5,1.25,0.0,0.0,0.0,3.75,3.75,5.0,5.0,0.0,1.25,3.75,0.0,1.875,1.25,5.0,0.0,0.0,2.5,0.0,4.375,2.5,5.0,2.5,4.375,1.25,5.0,0.0,0.0,3.75,1.875,0.0,5.0,2.5,1.875,5.0,0.0,2.5,0.0
94,5,0.0,0.0,0.0,0.0,0.0,0.0,2.5,0.0,0.0,2.5,2.5,0.0,2.5,3.75,0.0,2.5,2.5,0.0,4.375,1.25,0.0,5.0,5.0,5.0,3.75,0.0,2.5,5.0,0.0,5.0,2.5,1.25,0.0,0.0,0.0,3.75,3.75,5.0,5.0,0.0,1.875,3.75,0.0,2.5,1.25,5.0,0.0,0.0,2.5,0.0,5.0,2.5,5.0,2.5,5.0,1.25,5.0,0.0,0.0,3.75,1.875,0.0,5.0,2.5,1.875,5.0,0.0,2.5,0.0
95,3,0.0,0.0,0.0,0.0,0.0,0.0,1.25,0.0,0.0,3.75,1.25,0.0,1.875,3.125,0.0,2.5,1.25,0.0,3.75,2.5,0.0,5.0,5.0,2.5,3.75,0.0,3.75,5.0,0.0,5.0,2.5,1.25,0.0,0.0,0.0,5.0,3.75,5.0,5.0,0.0,1.25,3.125,0.0,2.5,0.0,5.0,0.0,0.0,3.75,0.0,5.0,2.5,5.0,1.875,5.0,2.5,5.0,0.0,0.0,4.375,1.875,0.0,5.0,3.75,2.5,5.0,0.0,2.5,0.0
95,4,0.0,0.0,0.0,0.0,0.0,0.0,1.25,0.0,0.0,3.75,2.5,0.0,1.25,5.0,0.0,2.5,0.0,0.0,5.0,1.25,0.0,5.0,3.75,5.0,3.75,0.0,3.125,5.0,0.0,5.0,1.25,1.25,0.0,0.0,0.0,4.375,3.75,5.0,5.0,0.0,2.5,3.75,0.0,2.5,0.0,5.0,0.0,0.0,3.125,0.0,5.0,3.75,5.0,1.875,4.375,2.5,5.0,0.0,0.0,3.75,1.25,0.0,5.0,2.5,1.25,5.0,0.0,2.5,0.0
95,5,0.0,0.0,0.0,0.0,0.0,0.0,1.875,0.0,0.0,3.75,2.5,0.0,1.25,5.0,0.0,2.5,0.0,0.0,5.0,1.875,0.0,5.0,4.375,5.0,3.75,0.0,3.75,5.0,0.0,5.0,1.25,2.5,0.0,0.0,0.0,5.0,3.75,5.0,5.0,0.0,2.5,3.75,0.0,2.5,0.0,5.0,0.0,0.0,3.75,0.0,5.0,3.75,5.0,2.5,5.0,2.5,5.0,0.0,0.0,3.75,1.25,0.0,5.0,3.125,1.25,5.0,0.0,1.25,0.0
96,3,0.0,0.0,0.0,0.0,0.0,0.0,0.0,0.0,0.0,5.0,2.5,0.0,1.25,4.375,0.0,3.125,0.0,0.0,4.375,2.5,0.0,5.0,2.5,3.125,4.375,0.0,5.0,5.0,0.0,5.0,1.25,2.5,0.0,0.0,0.0,5.0,2.5,5.0,5.0,0.0,1.25,3.125,0.0,2.5,0.0,5.0,0.0,0.0,5.0,0.0,5.0,3.75,5.0,2.5,4.375,3.75,5.0,0.0,0.0,5.0,2.5,0.0,5.0,3.75,2.5,5.0,0.0,3.75,0.0
96,4,0.0,0.0,0.0,0.0,0.0,0.0,1.25,0.0,0.0,5.0,2.5,0.0,1.25,5.0,0.0,2.5,0.0,0.0,5.0,2.5,0.0,5.0,2.5,5.0,4.375,0.0,3.75,5.0,0.0,5.0,1.25,2.5,0.0,0.0,0.0,5.0,2.5,5.0,5.0,0.0,2.5,3.75,0.0,2.5,0.0,5.0,0.0,0.0,3.75,0.0,5.0,3.75,5.0,2.5,3.75,3.75,5.0,0.0,0.0,5.0,1.25,0.0,5.0,3.75,1.25,5.0,0.0,2.5,0.0
96,5,0.0,0.0,0.0,0.0,0.0,0.0,1.25,0.0,0.0,5.0,2.5,0.0,1.25,5.0,0.0,2.5,0.0,0.0,5.0,2.5,0.0,5.0,2.5,5.0,4.375,0.0,3.75,5.0,0.0,5.0,1.25,2.5,0.0,0.0,0.0,5.0,2.5,5.0,5.0,0.0,2.5,3.75,0.0,2.5,0.0,5.0,0.0,0.0,3.75,0.0,5.0,3.75,5.0,2.5,4.375,3.75,5.0,0.0,0.0,5.0,1.25,0.0,5.0,3.75,1.875,5.0,0.0,2.5,0.0
97,3,0.0,0.0,0.0,0.0,0.0,0.0,0.0,0.0,0.0,5.0,3.75,0.0,2.5,4.375,0.0,3.75,0.0,0.0,4.375,3.75,0.0,5.0,1.25,3.125,5.0,0.0,5.0,5.0,0.0,5.0,1.25,3.75,0.0,0.0,0.0,5.0,1.25,5.0,2.5,0.0,2.5,3.75,0.0,2.5,0.0,5.0,0.0,0.0,5.0,0.0,5.0,3.75,5.0,3.75,4.375,3.75,5.0,0.0,0.0,5.0,2.5,0.0,5.0,4.375,2.5,5.0,0.0,5.0,0.0
97,4,0.0,0.0,0.0,0.0,0.0,0.0,0.0,0.0,0.0,5.0,3.75,0.0,1.25,5.0,0.0,2.5,0.0,0.0,5.0,3.75,0.0,5.0,1.25,5.0,5.0,0.0,5.0,5.0,0.0,5.0,1.25,3.75,0.0,0.0,0.0,5.0,2.5,5.0,2.5,0.0,2.5,3.75,0.0,2.5,0.0,5.0,0.0,0.0,3.75,0.0,5.0,5.0,5.0,3.75,3.75,3.75,5.0,0.0,0.0,5.0,1.875,0.0,3.75,3.75,2.5,5.0,0.0,3.75,0.0
97,5,0.0,0.0,0.0,0.0,0.0,0.0,0.0,0.0,0.0,5.0,3.75,0.0,1.25,5.0,0.0,2.5,0.0,0.0,5.0,3.75,0.0,5.0,1.25,5.0,5.0,0.0,5.0,5.0,0.0,5.0,1.25,3.75,0.0,0.0,0.0,5.0,2.5,5.0,3.75,0.0,2.5,3.75,0.0,2.5,0.0,5.0,0.0,0.0,4.375,0.0,5.0,5.0,5.0,3.75,3.75,3.75,5.0,0.0,0.0,5.0,2.5,0.0,4.375,4.375,2.5,5.0,0.0,3.75,0.0
98,3,0.0,0.0,0.0,0.0,0.0,0.0,0.0,0.0,0.0,3.75,5.0,0.0,2.5,3.75,0.0,3.75,0.0,0.0,3.75,4.375,0.0,5.0,0.0,2.5,5.0,0.0,5.0,5.0,0.0,5.0,1.25,3.75,0.0,0.0,0.0,5.0,1.25,5.0,1.25,0.0,2.5,3.75,0.0,1.25,0.0,5.0,0.0,0.0,5.0,0.0,5.0,3.75,5.0,5.0,3.75,3.75,5.0,0.0,0.0,5.0,3.75,0.0,3.75,5.0,3.75,5.0,1.25,5.0,0.0
98,4,0.0,0.0,0.0,0.0,0.0,0.0,0.0,0.0,0.0,5.0,5.0,0.0,2.5,5.0,0.0,2.5,0.0,0.0,5.0,3.75,0.0,5.0,0.0,5.0,5.0,0.0,5.0,5.0,0.0,3.75,1.25,3.75,0.0,0.0,0.0,5.0,1.25,5.0,1.25,0.0,2.5,3.75,0.0,1.25,0.0,5.0,0.0,0.0,5.0,0.0,5.0,5.0,5.0,5.0,3.75,3.75,5.0,0.0,0.0,5.0,2.5,0.0,3.75,4.375,2.5,3.75,0.0,5.0,0.0
98,5,0.0,0.0,0.0,0.0,0.0,0.0,0.0,0.0,0.0,5.0,5.0,0.0,2.5,5.0,0.0,2.5,0.0,0.0,5.0,3.75,0.0,5.0,0.0,5.0,5.0,0.0,5.0,5.0,0.0,3.75,1.25,3.75,0.0,0.0,0.0,5.0,1.25,5.0,1.25,0.0,2.5,3.75,0.0,1.25,0.0,5.0,0.0,0.0,5.0,0.0,5.0,5.0,5.0,5.0,3.75,3.75,5.0,0.0,0.0,5.0,2.5,0.0,3.75,5.0,2.5,3.75,0.0,5.0,0.0
99,3,0.0,0.0,0.0,0.0,0.0,0.0,0.0,0.0,0.0,2.5,5.0,0.0,3.75,2.5,0.0,2.5,0.0,0.0,3.125,5.0,0.0,5.0,0.0,1.875,5.0,0.0,5.0,5.0,0.0,3.75,1.25,3.75,0.0,0.0,0.0,5.0,1.25,5.0,0.0,0.0,2.5,3.75,0.0,1.25,0.0,5.0,0.0,0.0,5.0,0.0,5.0,3.75,5.0,5.0,3.75,3.75,5.0,0.0,0.0,5.0,3.75,0.0,3.75,5.0,3.75,3.75,1.25,5.0,0.0
99,4,0.0,0.0,0.0,0.0,0.0,0.0,0.0,0.0,0.0,3.75,5.0,0.0,2.5,4.375,0.0,2.5,0.0,0.0,5.0,5.0,0.0,5.0,0.0,5.0,5.0,0.0,5.0,5.0,0.0,3.75,1.25,3.75,0.0,0.0,0.0,5.0,1.25,5.0,0.0,0.0,2.5,3.75,0.0,1.25,0.0,3.75,0.0,0.0,5.0,0.0,5.0,4.375,3.75,5.0,3.75,3.75,5.0,0.0,0.0,5.0,2.5,0.0,2.5,5.0,2.5,2.5,1.25,5.0,0.0
99,5,0.0,0.0,0.0,0.0,0.0,0.0,0.0,0.0,0.0,3.75,5.0,0.0,2.5,5.0,0.0,2.5,0.0,0.0,5.0,5.0,0.0,5.0,0.0,5.0,5.0,0.0,5.0,5.0,0.0,3.75,1.25,3.75,0.0,0.0,0.0,5.0,1.25,5.0,0.0,0.0,2.5,3.75,0.0,1.25,0.0,3.75,0.0,0.0,5.0,0.0,5.0,5.0,5.0,5.0,3.75,3.75,5.0,0.0,0.0,5.0,3.125,0.0,2.5,5.0,2.5,2.5,1.25,5.0,0.0
100,3,0.0,0.0,0.0,0.0,0.0,0.0,0.0,0.0,1.25,1.25,5.0,0.0,3.75,1.25,0.0,2.5,0.0,0.0,1.25,5.0,0.0,3.75,0.0,0.0,5.0,0.0,5.0,4.375,0.0,3.75,2.5,3.75,0.0,0.0,0.0,5.0,1.25,3.75,0.0,0.0,3.75,3.75,0.0,0.0,0.0,3.75,0.0,0.0,5.0,0.0,5.0,4.375,3.75,5.0,3.75,2.5,5.0,0.0,0.0,5.0,4.375,0.0,2.5,5.0,3.75,2.5,3.125,5.0,0.0
100,4,0.0,0.0,0.0,0.0,0.0,0.0,0.0,0.0,1.25,2.5,5.0,0.0,2.5,2.5,0.0,2.5,0.0,0.0,3.75,5.0,0.0,3.75,0.0,3.75,5.0,0.0,5.0,4.375,0.0,3.125,2.5,3.75,1.25,0.0,0.0,5.0,1.25,3.75,0.0,0.0,3.75,3.75,0.0,0.0,0.0,3.75,0.0,0.0,5.0,0.0,5.0,3.75,3.75,5.0,2.5,2.5,5.0,0.0,0.0,5.0,3.75,0.0,2.5,4.375,2.5,1.25,2.5,5.0,0.0
100,5,0.0,0.0,0.0,0.0,0.0,0.0,0.0,0.0,1.25,2.5,5.0,0.0,2.5,2.5,0.0,2.5,0.0,0.0,3.75,5.0,0.0,3.75,0.0,3.75,5.0,0.0,5.0,4.375,0.0,3.125,2.5,3.75,0.0,0.0,0.0,5.0,1.25,3.75,0.0,0.0,3.75,3.75,0.0,0.0,0.0,3.75,0.0,0.0,5.0,0.0,5.0,4.375,3.75,5.0,2.5,2.5,5.0,0.0,0.0,5.0,3.75,0.0,2.5,4.375,2.5,1.25,2.5,5.0,0.0
101,3,0.0,0.0,0.0,0.0,0.0,0.0,0.0,0.0,2.5,0.0,5.0,0.0,3.75,0.0,0.0,2.5,0.0,0.0,0.0,5.0,0.0,2.5,0.0,0.0,4.375,0.0,5.0,2.5,0.0,3.75,2.5,2.5,1.25,0.0,0.0,5.0,2.5,3.125,0.0,0.0,3.75,3.75,0.0,0.0,0.0,3.75,0.0,1.25,5.0,0.0,5.0,5.0,3.125,5.0,3.125,1.25,5.0,0.0,0.0,5.0,5.0,0.0,2.5,3.75,2.5,1.25,3.75,5.0,0.0
101,4,0.0,0.0,0.0,0.0,0.0,0.0,0.0,0.0,2.5,1.25,5.0,0.0,2.5,1.25,0.0,2.5,0.0,0.0,1.25,5.0,0.0,2.5,0.0,2.5,3.75,0.0,5.0,2.5,0.0,2.5,2.5,2.5,2.5,0.0,0.0,5.0,1.875,2.5,0.0,0.0,3.75,3.75,0.0,0.0,0.0,2.5,0.0,1.25,5.0,0.0,5.0,3.75,2.5,5.0,2.5,1.25,3.75,0.0,0.0,5.0,3.75,0.0,2.5,3.75,2.5,0.0,3.75,5.0,0.0
101,5,0.0,0.0,0.0,0.0,0.0,0.0,0.0,0.0,2.5,1.25,5.0,0.0,2.5,1.25,0.0,2.5,0.0,0.0,1.25,5.0,0.0,1.25,0.0,1.25,3.75,0.0,5.0,1.875,0.0,2.5,2.5,2.5,1.25,0.0,0.0,5.0,2.5,2.5,0.0,0.0,3.75,3.75,0.0,0.0,0.0,3.125,0.0,1.25,5.0,0.0,5.0,4.375,3.125,5.0,2.5,1.25,4.375,0.0,0.0,5.0,5.0,0.0,2.5,3.75,2.5,0.0,3.75,5.0,0.0
102,3,0.0,0.0,0.0,0.0,0.0,0.0,0.0,0.0,3.125,0.0,5.0,0.0,2.5,0.0,0.0,3.125,0.0,0.0,0.0,5.0,0.0,1.25,0.0,0.0,3.75,0.0,5.0,1.25,0.0,3.75,3.75,1.25,3.75,0.0,0.0,5.0,2.5,2.5,0.0,0.0,4.375,4.375,0.0,0.0,0.0,2.5,0.0,3.75,5.0,0.0,5.0,5.0,2.5,5.0,2.5,0.0,5.0,0.0,0.0,5.0,5.0,0.0,2.5,3.75,2.5,0.0,5.0,5.0,0.0
102,4,0.0,0.0,0.0,0.0,0.0,0.0,0.0,0.0,3.75,0.0,5.0,0.0,2.5,0.0,0.0,2.5,0.0,0.0,0.0,5.0,0.0,1.25,0.0,0.0,3.75,0.0,5.0,1.25,0.0,2.5,3.75,1.25,3.75,0.0,0.0,5.0,2.5,1.25,0.0,0.0,4.375,3.75,0.0,1.25,0.0,2.5,0.0,2.5,5.0,0.0,5.0,3.75,2.5,5.0,2.5,0.0,3.75,0.0,0.0,5.0,5.0,0.0,2.5,2.5,1.25,0.0,3.75,5.0,0.0
102,5,0.0,0.0,0.0,0.0,0.0,0.0,0.0,0.0,3.75,0.0,5.0,0.0,2.5,0.0,0.0,3.125,0.0,0.0,0.0,5.0,0.0,1.25,0.0,0.0,3.75,0.0,5.0,0.0,0.0,2.5,3.75,1.25,3.75,0.0,0.0,5.0,2.5,1.25,0.0,0.0,4.375,3.75,0.0,1.25,0.0,2.5,0.0,2.5,5.0,0.0,5.0,5.0,2.5,5.0,2.5,0.0,3.75,0.0,0.0,5.0,5.0,0.0,2.5,3.125,1.25,0.0,3.75,5.0,0.0
103,3,0.0,0.0,0.0,0.0,0.0,0.0,0.0,0.0,3.75,0.0,5.0,0.0,2.5,0.0,0.0,3.75,0.0,0.0,0.0,5.0,0.0,0.0,0.0,0.0,3.75,0.0,5.0,0.0,0.0,2.5,3.75,0.0,5.0,0.0,0.0,5.0,2.5,1.25,0.0,0.0,5.0,5.0,0.0,1.25,0.0,2.5,0.0,5.0,5.0,0.0,5.0,5.0,2.5,5.0,3.125,0.0,5.0,0.0,0.0,5.0,5.0,0.0,3.75,3.125,2.5,0.0,5.0,5.0,0.0
103,4,0.0,0.0,0.0,0.0,0.0,0.0,0.0,0.0,3.75,0.0,5.0,0.0,1.25,0.0,0.0,3.75,0.0,0.0,0.0,5.0,0.0,1.25,0.0,0.0,3.75,0.0,5.0,0.0,0.0,2.5,3.75,0.0,5.0,0.0,0.0,5.0,2.5,1.25,0.0,0.0,5.0,4.375,0.0,1.25,0.0,2.5,0.0,3.75,5.0,0.0,5.0,4.375,2.5,5.0,2.5,0.0,3.75,0.0,0.0,5.0,5.0,0.0,2.5,2.5,1.25,0.0,3.75,3.75,0.0
103,5,0.0,0.0,0.0,0.0,0.0,0.0,0.0,0.0,3.75,0.0,5.0,0.0,1.25,0.0,0.0,3.75,0.0,0.0,0.0,5.0,0.0,0.0,0.0,0.0,3.75,0.0,5.0,0.0,0.0,2.5,3.75,0.0,5.0,0.0,0.0,5.0,2.5,1.25,0.0,0.0,5.0,5.0,0.0,1.25,0.0,2.5,0.0,3.75,5.0,0.0,5.0,5.0,2.5,5.0,2.5,0.0,3.75,0.0,0.0,5.0,5.0,0.0,2.5,2.5,1.25,0.0,3.75,3.75,0.0
104,3,0.0,0.0,0.0,0.0,0.0,0.0,0.0,0.0,5.0,0.0,3.75,0.0,1.25,0.0,0.0,4.375,0.0,0.0,0.0,5.0,0.0,0.0,0.0,0.0,3.75,0.0,5.0,0.0,0.0,2.5,5.0,0.0,5.0,0.0,0.0,5.0,2.5,0.0,0.0,0.0,5.0,5.0,0.0,2.5,0.0,2.5,0.0,5.0,3.75,0.0,5.0,5.0,3.75,5.0,3.75,0.0,5.0,0.0,0.0,5.0,5.0,0.0,3.75,3.125,2.5,0.0,5.0,2.5,0.0
104,4,0.0,0.0,0.0,0.0,0.0,0.0,0.0,0.0,5.0,0.0,3.75,0.0,1.25,0.0,0.0,4.375,0.0,0.0,0.0,5.0,0.0,1.25,0.0,0.0,2.5,0.0,5.0,0.0,0.0,1.25,3.75,0.0,5.0,0.0,0.0,5.0,2.5,0.0,0.0,0.0,4.375,5.0,0.0,2.5,0.0,2.5,0.0,5.0,3.75,0.0,5.0,4.375,2.5,5.0,3.75,0.0,3.75,0.0,0.0,3.75,5.0,0.0,3.125,2.5,1.25,0.0,3.75,1.25,0.0
104,5,0.0,0.0,0.0,0.0,0.0,0.0,0.0,0.0,5.0,0.0,3.75,0.0,1.25,0.0,0.0,5.0,0.0,0.0,0.0,5.0,0.0,1.25,0.0,0.0,3.75,0.0,5.0,0.0,0.0,1.875,3.75,0.0,5.0,0.0,0.0,5.0,2.5,0.0,0.0,0.0,4.375,5.0,0.0,2.5,0.0,2.5,0.0,5.0,3.75,0.0,5.0,5.0,2.5,5.0,3.75,0.0,3.75,0.0,0.0,3.75,5.0,0.0,3.75,2.5,1.875,0.0,3.75,1.25,0.0
105,3,0.0,0.0,0.0,0.0,0.0,0.0,0.0,0.0,5.0,0.0,2.5,0.0,1.25,0.0,0.0,5.0,0.0,0.0,0.0,3.75,0.0,0.0,0.0,0.0,3.75,0.0,5.0,0.0,0.0,1.25,5.0,0.0,5.0,0.0,0.0,5.0,2.5,0.0,0.0,0.0,3.75,5.0,0.0,3.125,0.0,2.5,0.0,5.0,2.5,0.0,5.0,5.0,3.75,5.0,4.375,0.0,5.0,0.0,0.0,3.75,5.0,0.0,5.0,3.125,3.125,0.0,3.75,1.25,0.0
105,4,0.0,0.0,0.0,0.0,0.0,0.0,0.0,0.0,5.0,0.0,2.5,0.0,1.25,0.0,0.0,5.0,0.0,0.0,0.0,3.75,0.0,1.25,0.0,0.0,3.75,0.0,5.0,0.0,0.0,1.25,4.375,0.0,5.0,0.0,0.0,4.375,1.25,0.0,0.0,0.0,3.75,5.0,0.0,2.5,0.0,3.125,0.0,5.0,2.5,0.0,5.0,3.75,2.5,3.75,3.75,0.0,3.75,0.0,0.0,2.5,5.0,0.0,3.75,2.5,2.5,0.0,2.5,0.0,0.0
105,5,0.0,0.0,0.0,0.0,0.0,0.0,0.0,0.0,5.0,0.0,2.5,0.0,1.25,0.0,0.0,5.0,0.0,0.0,0.0,3.75,0.0,1.25,0.0,0.0,3.75,0.0,5.0,0.0,0.0,1.25,5.0,0.0,5.0,0.0,0.0,5.0,2.5,0.0,0.0,0.0,3.75,5.0,0.0,3.75,0.0,3.125,0.0,5.0,3.75,0.0,5.0,4.375,2.5,3.75,3.75,0.0,3.75,0.0,0.0,3.75,5.0,0.0,3.75,2.5,2.5,0.0,2.5,0.0,0.0
106,3,0.0,0.0,0.0,0.0,1.25,0.0,1.25,0.0,3.75,0.0,1.25,0.0,2.5,0.0,0.0,5.0,0.0,0.0,0.0,3.75,0.0,1.25,0.0,0.0,5.0,0.0,5.0,0.0,0.0,1.25,5.0,0.0,5.0,0.0,0.0,5.0,1.25,0.0,0.0,0.0,3.75,5.0,0.0,3.75,0.0,3.125,0.0,5.0,2.5,0.0,5.0,5.0,3.75,3.75,4.375,0.0,5.0,0.0,0.0,3.75,5.0,0.0,5.0,3.125,3.75,0.0,2.5,0.0,0.0
106,4,0.0,0.0,0.0,0.0,0.625,0.0,1.25,0.0,3.75,0.0,1.25,0.0,1.25,0.0,0.0,5.0,0.0,0.0,0.0,3.75,0.0,2.5,0.0,0.0,3.75,0.0,5.0,0.0,0.0,1.25,5.0,0.0,5.0,0.0,0.0,3.75,1.25,0.0,0.0,0.0,3.75,5.0,0.0,3.75,0.0,3.75,0.0,5.0,2.5,0.0,5.0,3.75,2.5,2.5,4.375,0.0,3.75,0.0,0.0,2.5,5.0,0.0,3.75,2.5,3.125,0.0,1.25,0.0,0.0
106,5,0.0,0.0,0.0,0.0,0.0,0.0,1.25,0.0,4.375,0.0,1.25,0.0,1.25,0.0,0.0,5.0,0.0,0.0,0.0,3.75,0.0,2.5,0.0,0.0,3.75,0.0,5.0,0.0,0.0,1.25,5.0,0.0,5.0,0.0,0.0,3.75,1.25,0.0,0.0,0.0,3.75,5.0,0.0,3.75,0.0,3.75,0.0,5.0,2.5,0.0,5.0,3.75,3.125,2.5,5.0,0.0,3.75,0.0,0.0,2.5,5.0,0.0,5.0,2.5,3.75,0.0,1.25,0.0,0.0
107,3,0.0,0.0,0.0,0.0,2.5,0.0,2.5,0.0,3.75,0.0,0.0,0.0,3.125,0.0,0.0,5.0,0.0,0.0,0.0,3.75,0.0,1.25,0.0,0.0,5.0,0.0,5.0,0.625,0.0,2.5,5.0,0.0,5.0,0.0,0.0,5.0,1.25,0.0,0.0,0.0,3.125,5.0,0.0,3.75,0.0,3.75,0.0,5.0,1.25,0.0,5.0,3.75,3.75,1.25,5.0,0.0,5.0,0.0,0.0,3.75,5.0,0.0,5.0,2.5,5.0,1.25,1.25,0.0,0.0
107,4,0.0,0.0,0.0,0.0,2.5,0.0,2.5,0.0,3.75,0.0,1.25,0.0,2.5,0.0,0.0,5.0,0.0,0.0,0.0,3.75,0.0,3.75,0.0,0.0,3.75,0.0,5.0,0.0,0.0,1.25,5.0,0.0,5.0,0.0,0.0,3.75,1.25,0.0,0.0,0.0,3.75,5.0,0.0,3.125,0.0,3.75,0.0,5.0,1.25,0.0,5.0,3.125,2.5,1.25,5.0,0.0,3.75,0.0,0.0,2.5,5.0,0.0,5.0,2.5,3.75,1.25,0.0,0.0,0.0
107,5,0.0,0.0,0.0,0.0,1.25,0.0,2.5,0.0,3.75,0.0,1.25,0.0,2.5,0.0,0.0,5.0,0.0,0.0,0.0,3.75,0.0,3.75,0.0,0.0,3.75,0.0,5.0,0.0,0.0,1.25,5.0,0.0,5.0,0.0,0.0,3.75,1.25,0.0,0.0,0.0,3.75,5.0,0.0,3.75,0.0,4.375,0.0,5.0,1.875,0.0,5.0,3.75,2.5,1.25,5.0,0.0,3.75,0.0,0.0,2.5,5.0,0.0,5.0,2.5,3.75,1.25,0.0,0.0,0.0
108,3,0.0,0.0,0.0,0.0,5.0,0.0,5.0,0.0,2.5,0.0,0.0,0.0,4.375,0.0,0.0,5.0,0.0,0.0,0.0,3.75,0.0,1.25,0.0,0.0,5.0,0.0,5.0,1.25,0.0,2.5,5.0,0.0,5.0,0.0,0.0,3.75,1.25,0.0,0.0,0.0,2.5,5.0,0.0,2.5,0.0,4.375,0.0,5.0,1.25,0.0,5.0,2.5,2.5,0.0,5.0,0.0,5.0,0.0,0.0,3.75,5.0,0.0,5.0,2.5,5.0,2.5,0.0,0.0,0.0
108,4,0.0,0.0,0.0,0.0,3.75,0.0,3.75,0.0,2.5,0.0,0.0,0.0,3.75,0.0,0.0,5.0,0.0,0.0,0.0,3.125,0.0,3.75,0.0,0.0,5.0,0.0,5.0,1.25,0.0,1.875,5.0,0.0,5.0,0.0,0.0,3.75,1.25,1.25,0.0,0.0,3.75,5.0,0.0,2.5,0.0,5.0,0.0,5.0,1.25,0.0,5.0,2.5,2.5,0.0,4.375,0.0,3.75,0.0,0.0,2.5,3.75,0.0,5.0,1.25,3.75,1.25,0.0,0.0,0.0
108,5,0.0,0.0,0.0,0.0,3.75,0.0,3.75,0.0,2.5,0.0,0.0,0.0,3.75,0.0,0.0,5.0,0.0,0.0,0.0,3.75,0.0,3.75,0.0,0.0,5.0,0.0,5.0,1.25,0.0,2.5,5.0,0.0,5.0,0.0,0.0,3.75,1.25,1.25,0.0,0.0,3.75,5.0,0.0,2.5,0.0,5.0,0.0,5.0,1.25,0.0,5.0,2.5,2.5,0.0,5.0,0.0,3.75,0.0,0.0,3.75,3.75,0.0,5.0,1.25,3.75,1.25,0.0,0.0,0.0
109,3,0.0,0.0,0.0,0.0,5.0,0.0,5.0,0.0,1.25,0.0,0.0,0.0,5.0,0.0,0.0,5.0,0.0,0.0,0.0,4.375,0.0,1.25,0.0,0.0,5.0,0.0,5.0,2.5,0.0,3.125,5.0,1.25,5.0,0.0,0.0,3.75,2.5,1.25,0.0,0.0,2.5,5.0,0.0,2.5,1.25,5.0,0.0,5.0,1.25,0.0,5.0,2.5,1.25,0.0,4.375,0.0,5.0,0.0,0.0,4.375,3.75,0.0,5.0,1.25,5.0,3.75,0.0,0.0,0.0
109,4,0.0,0.0,0.0,0.0,5.0,0.0,4.375,0.0,1.25,0.0,0.0,0.0,5.0,0.0,0.0,5.0,0.0,0.0,0.0,3.75,0.0,2.5,0.0,0.0,5.0,0.0,5.0,1.25,0.0,2.5,5.0,0.625,3.75,0.0,0.0,2.5,2.5,1.25,0.0,0.0,5.0,5.0,0.0,2.5,1.25,5.0,0.0,3.75,1.25,0.0,3.75,1.25,1.25,0.0,3.75,0.0,3.75,0.0,0.0,3.75,3.75,0.0,5.0,1.25,3.75,2.5,0.0,0.0,0.0
109,5,0.0,0.0,0.0,0.0,5.0,0.0,5.0,0.0,1.25,0.0,0.0,0.0,5.0,0.0,0.0,5.0,0.0,0.0,0.0,3.75,0.0,3.125,0.0,0.0,5.0,0.0,5.0,1.25,0.0,2.5,5.0,0.625,3.75,0.0,0.0,3.75,2.5,1.25,0.0,0.0,5.0,5.0,0.0,2.5,1.25,5.0,0.0,5.0,1.25,0.0,3.75,1.25,1.25,0.0,3.75,0.0,3.75,0.0,0.0,3.75,3.75,0.0,5.0,1.25,3.75,2.5,0.0,0.0,0.0
110,3,0.0,0.0,0.0,0.0,5.0,0.0,5.0,0.0,0.0,0.0,1.25,0.0,5.0,0.0,0.0,5.0,0.0,0.0,0.0,5.0,0.0,1.25,0.0,0.625,5.0,0.0,5.0,2.5,0.0,3.75,5.0,2.5,3.75,0.0,0.0,3.125,3.75,2.5,0.0,0.0,3.125,5.0,0.0,2.5,1.25,5.0,0.0,3.75,1.25,0.0,3.75,1.25,1.25,0.0,3.75,1.25,5.0,0.0,0.0,5.0,3.75,0.0,5.0,1.25,3.75,3.75,1.25,0.0,0.0
110,4,0.0,0.0,0.0,0.0,5.0,0.0,5.0,0.0,0.0,0.0,1.25,0.0,5.0,0.0,0.0,5.0,0.0,0.0,0.0,3.75,0.0,2.5,0.0,0.0,4.375,0.0,4.375,1.875,0.0,2.5,5.0,1.25,2.5,0.0,0.0,2.5,3.125,2.5,0.0,0.0,5.0,5.0,0.0,2.5,1.25,5.0,0.0,2.5,1.25,0.0,2.5,1.25,1.25,0.0,3.75,0.0,3.75,0.0,0.0,3.75,2.5,0.0,4.375,0.0,2.5,3.75,0.625,0.0,0.0
110,5,0.0,0.0,0.0,0.0,5.0,0.0,5.0,0.0,0.0,0.0,1.25,0.0,5.0,0.0,0.0,5.0,0.0,0.0,0.0,3.75,0.0,2.5,0.0,0.0,5.0,0.0,3.75,2.5,0.0,2.5,5.0,1.25,2.5,0.0,0.0,2.5,3.75,2.5,0.0,0.0,5.0,5.0,0.0,2.5,1.25,5.0,0.0,1.25,1.25,0.0,3.125,1.25,1.25,0.0,3.75,0.0,3.75,0.0,0.0,3.75,2.5,0.0,5.0,0.0,3.125,3.75,0.0,0.0,0.0
111,3,0.0,0.0,0.0,0.0,5.0,0.0,5.0,0.0,0.0,0.0,2.5,0.0,5.0,0.0,0.0,5.0,0.0,0.0,0.0,5.0,0.0,0.0,0.0,1.25,5.0,0.0,3.75,2.5,0.0,3.125,5.0,3.75,1.25,0.0,0.0,2.5,5.0,2.5,0.0,0.0,3.75,5.0,0.0,2.5,2.5,5.0,0.0,1.875,2.5,0.0,3.75,1.25,1.25,0.0,3.75,2.5,3.75,0.0,0.0,5.0,2.5,0.0,5.0,1.25,2.5,5.0,2.5,0.0,0.0
111,4,0.0,0.0,0.0,0.0,5.0,0.0,5.0,0.0,0.0,0.0,1.25,0.0,5.0,0.0,0.0,5.0,0.0,0.0,0.0,3.75,0.0,1.25,0.0,1.25,3.75,0.0,2.5,2.5,0.0,2.5,3.75,2.5,1.25,0.0,0.0,2.5,3.75,2.5,0.0,0.0,5.0,4.375,0.0,2.5,2.5,5.0,0.0,1.25,1.875,0.0,2.5,1.25,1.25,0.0,3.75,1.25,3.75,0.0,0.0,3.75,2.5,0.0,3.75,0.0,2.5,3.75,1.875,0.0,0.0
111,5,0.0,0.0,0.0,0.0,5.0,0.0,5.0,0.0,0.0,0.0,1.25,0.0,5.0,0.0,0.0,5.0,0.0,0.0,0.0,3.75,0.0,1.25,0.0,1.25,4.375,0.0,2.5,2.5,0.0,2.5,5.0,2.5,0.0,0.0,0.0,2.5,4.375,3.125,0.0,0.0,5.0,5.0,0.0,2.5,2.5,5.0,0.0,1.25,2.5,0.0,2.5,1.875,1.25,0.0,3.75,1.25,3.75,0.0,0.0,3.75,2.5,0.0,3.75,0.625,2.5,3.75,2.5,0.0,0.0
112,3,0.0,0.0,0.0,0.0,5.0,0.0,5.0,0.0,0.0,0.0,2.5,0.0,5.0,0.0,0.0,5.0,0.0,0.0,0.0,5.0,0.0,0.0,0.0,2.5,5.0,0.0,1.25,2.5,0.0,2.5,5.0,5.0,0.0,0.0,0.0,3.125,5.0,2.5,0.0,0.0,2.5,5.0,0.0,3.75,3.75,5.0,0.0,0.0,2.5,0.0,3.75,1.875,0.0,1.25,3.75,3.75,3.75,0.0,0.0,5.0,2.5,0.0,3.75,1.25,2.5,3.75,3.75,0.0,0.0
112,4,0.0,0.0,0.0,0.0,5.0,0.0,3.75,0.0,0.0,0.0,2.5,0.0,5.0,0.0,0.0,5.0,0.0,0.0,0.0,3.75,0.0,0.0,0.0,1.25,3.75,0.0,1.25,2.5,0.0,2.5,3.75,3.75,0.0,0.0,0.0,2.5,5.0,3.125,0.0,0.0,5.0,3.75,0.0,2.5,3.75,5.0,0.0,0.0,2.5,0.0,3.75,2.5,1.25,1.25,3.75,2.5,3.75,0.0,0.0,3.75,2.5,0.0,2.5,1.25,1.25,3.75,3.75,0.0,0.0
112,5,0.0,0.0,0.0,0.0,5.0,0.0,3.75,0.0,0.0,0.0,2.5,0.0,5.0,0.0,0.0,5.0,0.0,0.0,0.0,3.75,0.0,0.0,0.0,1.875,3.75,0.0,0.625,2.5,0.0,2.5,3.75,3.75,0.0,0.0,0.0,2.5,5.0,3.75,0.0,0.0,5.0,3.75,0.0,3.75,3.75,5.0,0.0,0.0,2.5,0.0,3.75,2.5,1.25,1.25,3.75,2.5,3.75,0.0,0.0,3.75,2.5,0.0,3.125,1.25,1.25,3.75,3.75,0.0,0.0
113,3,0.0,0.0,0.0,0.0,5.0,0.0,3.75,0.0,0.0,0.0,3.75,0.0,5.0,0.0,0.0,5.0,0.0,0.0,0.0,4.375,0.0,0.0,0.0,2.5,3.75,0.0,0.0,2.5,0.0,3.125,3.75,5.0,0.0,0.0,0.0,3.75,5.0,2.5,0.0,0.0,2.5,5.0,0.0,5.0,3.75,5.0,0.0,0.0,3.125,0.0,3.75,2.5,0.625,1.25,5.0,5.0,4.375,0.0,0.0,4.375,2.5,0.0,2.5,2.5,1.875,3.75,5.0,0.0,0.0
113,4,0.0,0.0,0.0,0.0,5.0,0.0,2.5,0.0,0.0,0.0,2.5,0.0,5.0,0.0,0.0,5.0,0.0,0.0,0.0,3.75,0.0,0.0,0.0,2.5,3.125,0.0,0.0,2.5,0.0,2.5,3.75,4.375,0.0,0.0,0.0,2.5,5.0,2.5,0.0,0.0,4.375,3.75,0.0,3.75,3.75,5.0,0.0,0.0,2.5,0.0,3.75,3.125,1.25,1.25,3.75,3.75,3.75,0.0,0.0,3.75,2.5,0.0,2.5,1.25,1.25,2.5,3.75,0.0,0.0
113,5,0.0,0.0,0.0,0.0,5.0,0.0,2.5,0.0,0.0,0.0,3.125,0.0,5.0,0.0,0.0,5.0,0.0,0.0,0.0,3.75,0.0,0.0,0.0,2.5,3.75,0.0,0.0,2.5,0.0,2.5,3.75,5.0,0.0,0.0,0.0,3.125,5.0,2.5,0.0,0.0,4.375,3.75,0.0,3.75,3.75,5.0,0.0,0.0,2.5,0.0,3.75,3.125,1.25,1.25,3.75,3.75,3.75,0.0,0.0,3.75,2.5,0.0,2.5,1.25,1.25,2.5,5.0,0.0,0.0
114,3,0.0,0.0,0.0,0.0,5.0,0.0,2.5,0.0,0.0,0.0,3.75,0.0,5.0,0.0,0.0,5.0,1.25,0.0,0.0,3.75,0.0,0.0,0.0,3.125,3.75,0.0,0.0,3.125,0.0,3.75,3.75,5.0,0.0,0.0,0.0,5.0,5.0,2.5,0.0,0.0,1.25,3.75,0.0,5.0,3.75,5.0,0.0,0.0,3.75,0.0,4.375,3.125,2.5,2.5,5.0,5.0,5.0,0.0,0.0,4.375,3.75,0.0,1.25,3.75,2.5,2.5,5.0,0.0,0.0
114,4,0.0,0.0,0.0,0.0,3.75,0.0,1.25,0.0,0.0,0.0,3.75,0.0,5.0,0.0,0.0,5.0,1.25,0.0,0.0,3.125,0.0,0.0,0.0,2.5,2.5,0.0,0.0,2.5,0.0,2.5,2.5,4.375,0.0,0.0,0.0,3.75,5.0,2.5,0.0,0.0,3.125,3.75,0.0,5.0,3.75,5.0,0.0,0.0,2.5,0.0,3.75,3.75,2.5,2.5,5.0,5.0,5.0,0.0,0.0,3.75,2.5,0.0,1.25,2.5,1.25,1.25,5.0,0.0,0.0
114,5,0.0,0.0,0.0,0.0,3.75,0.0,1.25,0.0,0.0,0.0,3.75,0.0,5.0,0.0,0.0,5.0,0.0,0.0,0.0,3.75,0.0,0.0,0.0,2.5,2.5,0.0,0.0,2.5,0.0,2.5,2.5,5.0,0.0,0.0,0.0,3.75,5.0,2.5,0.0,0.0,3.75,3.75,0.0,5.0,3.75,5.0,0.0,0.0,2.5,0.0,3.75,3.75,2.5,2.5,5.0,5.0,5.0,0.0,0.0,3.75,2.5,0.0,1.25,2.5,1.25,1.875,5.0,0.0,0.0
115,3,0.0,0.0,0.0,0.0,2.5,0.0,1.25,0.0,0.0,0.0,3.75,0.0,5.0,0.0,0.0,5.0,2.5,0.0,0.0,3.75,0.0,0.0,0.0,3.125,3.125,0.0,1.25,3.75,0.0,5.0,2.5,5.0,0.0,0.0,0.0,5.0,5.0,1.25,0.0,0.0,1.25,3.75,0.0,5.0,3.75,4.375,0.0,0.0,3.75,0.0,5.0,3.125,2.5,3.125,5.0,5.0,5.0,0.0,0.0,4.375,3.75,0.0,0.625,3.75,2.5,1.25,5.0,0.0,0.0
115,4,0.0,0.0,0.0,0.0,2.5,0.0,0.0,0.0,0.0,0.0,3.75,0.0,3.75,0.0,0.0,3.75,2.5,0.0,0.0,2.5,0.0,0.0,0.0,2.5,2.5,0.0,1.25,3.125,0.0,3.75,1.25,3.75,0.0,0.0,0.0,5.0,5.0,1.25,0.0,0.0,2.5,3.125,0.0,5.0,3.75,3.75,0.0,0.0,2.5,0.0,3.75,3.75,3.125,3.75,5.0,5.0,5.0,0.0,0.0,3.75,3.75,0.0,0.0,3.75,2.5,1.25,5.0,0.0,0.0
115,5,0.0,0.0,0.0,0.0,1.25,0.0,0.625,0.0,0.0,0.0,3.75,0.0,4.375,0.0,0.0,3.75,1.25,0.0,0.0,3.125,0.0,0.0,0.0,2.5,2.5,0.0,1.25,3.125,0.0,3.75,1.25,3.75,0.0,0.0,0.0,5.0,5.0,1.25,0.0,0.0,2.5,3.75,0.0,5.0,3.75,3.75,0.0,0.0,2.5,0.0,4.375,3.75,3.75,3.75,5.0,5.0,5.0,0.0,0.0,3.75,3.75,0.0,0.0,3.75,2.5,1.25,5.0,0.0,0.0
116,3,0.0,0.0,0.0,0.0,1.25,0.0,0.0,0.0,0.0,0.0,3.75,0.0,5.0,0.0,0.0,5.0,5.0,0.0,0.0,3.75,0.0,0.0,0.0,2.5,3.75,0.0,2.5,3.75,0.0,5.0,1.25,3.75,0.0,0.0,0.0,5.0,5.0,0.0,0.0,0.0,1.25,5.0,0.0,5.0,2.5,3.75,0.0,0.0,3.75,0.0,5.0,3.125,3.75,3.75,5.0,5.0,5.0,0.0,0.0,4.375,5.0,0.0,0.625,5.0,3.75,0.0,5.0,0.0,0.0
116,4,0.0,0.0,0.0,0.0,0.625,0.0,0.0,0.0,0.0,0.0,2.5,0.0,3.75,0.0,0.0,3.75,3.75,0.0,0.0,3.125,0.0,0.0,0.0,2.5,2.5,0.0,1.875,3.75,0.0,4.375,1.25,3.125,0.0,0.0,0.0,5.0,5.0,0.0,0.0,0.0,1.25,3.75,0.0,5.0,2.5,2.5,0.0,0.0,2.5,0.0,5.0,3.75,3.75,3.75,5.0,5.0,5.0,0.0,0.0,4.375,3.75,0.0,0.0,3.75,2.5,0.0,4.375,0.0,0.0
116,5,0.0,0.0,0.0,0.0,0.0,0.0,0.0,0.0,0.0,0.0,3.125,0.0,3.75,0.0,0.0,3.75,3.75,0.0,0.0,3.75,0.0,0.0,0.0,2.5,2.5,0.0,2.5,3.75,0.0,5.0,1.25,3.75,0.0,0.0,0.0,5.0,5.0,0.0,0.0,0.0,1.25,3.75,0.0,5.0,2.5,3.125,0.0,0.0,2.5,0.0,5.0,3.75,3.75,3.75,5.0,5.0,5.0,0.0,0.0,4.375,3.75,0.0,0.0,3.75,2.5,0.0,5.0,0.0,0.0
117,3,0.0,0.0,0.0,0.0,0.0,0.0,0.0,0.0,0.0,0.0,2.5,0.0,3.75,0.0,0.0,5.0,5.0,0.0,0.0,4.375,0.0,0.0,1.25,2.5,3.75,0.0,3.75,3.75,0.0,5.0,0.625,2.5,0.0,0.0,0.0,5.0,5.0,0.0,0.0,0.0,1.25,5.0,0.0,3.75,1.25,3.125,0.0,0.0,3.75,0.0,5.0,2.5,5.0,3.125,5.0,5.0,5.0,0.0,0.0,4.375,5.0,0.0,1.25,5.0,3.75,0.0,5.0,0.0,0.0
117,4,0.0,0.0,0.0,0.0,0.0,0.0,0.0,0.0,0.0,0.0,2.5,0.0,3.75,0.0,0.0,3.75,5.0,0.0,1.25,3.75,0.0,0.0,1.25,2.5,3.75,0.0,2.5,3.75,0.0,5.0,0.0,2.5,0.0,0.0,0.0,5.0,3.75,0.0,0.0,0.0,1.25,3.75,0.0,3.75,1.25,2.5,0.0,0.0,2.5,0.0,5.0,2.5,3.75,3.75,5.0,3.75,5.0,0.0,0.0,3.75,3.75,0.0,0.0,3.75,3.125,0.0,3.75,0.0,0.0
117,5,0.0,0.0,0.0,0.0,0.0,0.0,0.0,0.0,0.0,0.0,2.5,0.0,3.75,0.0,0.0,3.75,5.0,0.0,1.25,3.75,0.0,0.0,0.0,2.5,3.75,0.0,2.5,3.75,0.0,5.0,0.0,2.5,0.0,0.0,0.0,5.0,3.75,0.0,0.0,0.0,1.875,3.75,0.0,3.75,1.25,2.5,0.0,0.0,2.5,0.0,5.0,2.5,4.375,3.75,5.0,3.75,5.0,0.0,0.0,4.375,5.0,0.0,0.625,3.75,3.75,0.0,3.75,0.0,0.0
118,3,0.0,0.0,0.0,0.0,0.0,0.0,0.0,0.0,0.0,0.0,1.25,0.0,3.75,0.0,0.0,5.0,5.0,0.0,1.25,5.0,0.0,0.0,3.75,2.5,5.0,0.0,3.75,3.75,0.0,5.0,0.625,1.25,0.0,0.0,0.0,5.0,3.75,0.0,0.0,0.0,2.5,5.0,0.0,2.5,0.0,2.5,0.0,0.0,3.75,0.0,5.0,2.5,5.0,2.5,5.0,3.75,5.0,0.0,0.0,4.375,5.0,0.0,1.25,5.0,3.75,1.25,2.5,0.0,0.0
118,4,0.0,0.0,0.0,0.0,0.0,0.0,0.0,0.0,0.0,0.0,1.25,0.0,3.125,0.0,0.0,3.75,5.0,0.0,1.25,3.75,0.0,0.0,2.5,2.5,3.75,0.0,3.125,3.75,0.0,5.0,0.0,1.25,0.0,0.0,0.0,5.0,2.5,0.0,0.0,0.0,2.5,4.375,0.0,2.5,0.0,2.5,0.0,0.0,2.5,0.0,3.75,2.5,5.0,2.5,5.0,2.5,5.0,0.0,0.0,3.75,5.0,0.0,1.25,3.75,2.5,0.0,2.5,0.0,0.0
118,5,0.0,0.0,0.0,0.0,0.0,0.0,0.0,0.0,0.0,0.0,1.25,0.0,3.75,0.0,0.0,3.75,5.0,0.0,1.875,3.75,0.0,0.0,1.25,2.5,4.375,0.0,3.75,3.75,0.0,5.0,0.0,1.25,0.0,0.0,0.0,5.0,2.5,0.0,0.0,0.0,2.5,5.0,0.0,2.5,0.625,2.5,0.0,0.0,2.5,0.0,4.375,2.5,5.0,2.5,5.0,3.75,5.0,0.0,0.0,3.75,5.0,0.0,1.25,3.75,3.125,0.0,2.5,0.0,0.0
119,3,0.0,0.0,0.0,0.0,0.0,0.0,0.0,0.0,0.0,0.0,1.25,0.0,3.75,0.0,0.0,3.75,5.0,0.0,2.5,5.0,0.0,0.0,5.0,3.75,5.0,0.0,3.75,3.75,0.0,5.0,1.25,0.0,0.0,0.0,0.0,5.0,3.75,0.0,0.0,0.0,3.75,5.0,0.0,1.25,0.0,2.5,0.0,0.0,4.375,0.0,4.375,2.5,5.0,1.25,5.0,2.5,5.0,0.0,0.0,3.75,5.0,0.0,2.5,5.0,3.125,2.5,1.25,0.0,0.0
119,4,0.0,0.0,0.0,0.0,0.0,0.0,0.0,0.0,0.0,0.0,0.0,0.0,2.5,0.0,0.0,3.75,5.0,0.0,2.5,3.75,0.0,0.0,3.75,2.5,5.0,0.0,3.125,3.75,0.0,5.0,0.625,0.0,0.0,0.0,0.0,5.0,2.5,0.0,0.0,0.0,2.5,5.0,0.0,1.25,0.0,2.5,0.0,0.0,3.75,0.0,3.75,2.5,5.0,1.25,5.0,1.25,5.0,0.0,0.0,3.75,3.75,0.0,2.5,3.75,2.5,1.25,1.25,0.0,0.0
119,5,0.0,0.0,0.0,0.0,0.0,0.0,0.0,0.0,0.0,0.0,0.0,0.0,2.5,0.0,0.0,3.75,5.0,0.0,2.5,3.75,0.0,1.25,5.0,2.5,5.0,0.0,3.75,3.75,0.0,5.0,1.25,0.0,0.0,0.0,0.0,5.0,2.5,0.0,0.0,0.0,2.5,5.0,0.0,1.25,0.0,2.5,0.0,0.0,3.75,0.0,3.75,2.5,5.0,1.25,5.0,2.5,5.0,0.0,0.0,3.75,4.375,0.0,2.5,3.75,2.5,1.25,1.25,0.0,0.0
120,3,0.0,0.0,0.0,0.0,0.0,0.0,0.0,0.0,0.0,0.0,0.0,0.0,2.5,0.0,0.0,3.75,5.0,0.0,2.5,5.0,0.0,1.25,5.0,3.75,5.0,0.0,3.75,3.75,0.0,5.0,2.5,0.0,0.0,0.0,0.0,5.0,3.75,0.0,0.0,0.0,3.75,5.0,0.0,0.0,0.0,2.5,0.0,0.0,5.0,0.0,3.75,2.5,5.0,0.0,5.0,1.25,5.0,0.0,0.0,3.75,5.0,0.0,3.75,5.0,2.5,3.75,0.0,0.0,0.0
120,4,0.0,0.0,0.0,0.0,0.0,0.0,0.0,0.0,0.0,0.0,0.0,0.0,2.5,0.0,0.0,2.5,5.0,0.0,2.5,3.75,0.0,1.25,5.0,3.75,5.0,0.0,2.5,3.75,0.0,3.75,1.25,0.0,0.0,0.0,0.0,3.75,2.5,0.0,0.0,0.0,2.5,5.0,0.0,0.0,0.0,2.5,0.0,0.0,3.75,0.0,3.75,1.25,5.0,1.25,5.0,1.25,5.0,0.0,0.0,2.5,3.75,0.0,3.75,3.75,1.25,2.5,0.0,0.0,0.0
120,5,0.0,0.0,0.0,0.0,0.0,0.0,0.0,0.0,0.0,0.0,0.0,0.0,2.5,0.0,0.0,2.5,5.0,0.0,2.5,3.75,0.0,1.25,5.0,3.75,5.0,0.0,2.5,3.75,0.0,3.75,1.25,0.0,0.0,0.0,0.0,4.375,2.5,0.0,0.0,0.0,2.5,5.0,0.0,0.0,0.0,2.5,0.0,0.0,3.75,0.0,3.75,2.5,5.0,1.25,5.0,1.25,5.0,0.0,0.0,3.125,3.75,0.0,3.75,3.75,1.25,2.5,0.0,0.0,0.0
121,3,0.0,0.0,0.0,0.0,0.0,0.0,0.0,0.0,0.0,0.0,0.0,0.0,2.5,0.0,0.0,2.5,5.0,0.0,2.5,3.75,0.0,2.5,5.0,5.0,5.0,0.0,2.5,3.75,0.0,3.75,3.125,0.0,0.0,0.0,0.0,5.0,3.75,0.0,0.0,0.0,3.75,5.0,0.0,0.0,0.0,3.125,0.0,0.0,5.0,0.0,3.75,2.5,5.0,0.0,5.0,0.0,5.0,0.0,0.0,2.5,3.75,0.0,5.0,3.75,1.25,5.0,0.0,0.0,0.0
121,4,0.0,0.0,0.0,0.0,0.0,0.0,0.0,0.0,0.0,0.0,0.0,0.0,1.25,0.0,0.0,2.5,5.0,0.0,2.5,3.75,0.0,2.5,5.0,3.75,4.375,0.0,2.5,3.75,0.0,2.5,2.5,0.0,0.0,0.0,0.0,3.75,2.5,0.0,0.0,0.0,2.5,5.0,0.0,0.0,0.0,2.5,0.0,0.0,5.0,0.0,3.75,2.5,3.75,0.0,5.0,0.0,3.75,0.0,0.0,2.5,2.5,0.0,3.75,3.75,1.25,3.75,0.0,0.0,0.0
121,5,0.0,0.0,0.0,0.0,0.0,0.0,0.0,0.0,0.0,0.0,0.0,0.0,1.25,0.0,0.0,2.5,5.0,0.0,2.5,3.75,0.0,2.5,5.0,3.75,4.375,0.0,2.5,3.75,0.0,2.5,2.5,0.0,0.0,0.0,0.0,3.75,2.5,0.0,0.0,0.0,2.5,5.0,0.0,0.0,0.0,2.5,0.0,0.0,5.0,0.0,3.75,2.5,4.375,0.0,5.0,0.0,3.75,0.0,0.0,2.5,2.5,0.0,3.75,3.75,1.25,3.75,0.0,0.0,0.0
122,3,0.0,0.0,0.0,0.0,0.0,0.0,0.0,0.0,0.0,0.0,0.0,0.0,1.25,0.0,0.0,1.25,5.0,0.0,1.25,3.75,0.0,3.75,5.0,5.0,4.375,0.0,1.25,4.375,0.0,2.5,3.75,0.0,0.0,0.0,0.0,3.75,3.75,1.25,0.0,0.0,3.125,5.0,0.0,0.0,0.0,3.75,0.0,0.0,5.0,0.0,4.375,2.5,5.0,0.0,5.0,0.0,5.0,0.0,0.0,3.125,2.5,0.0,5.0,3.75,1.25,5.0,0.0,0.0,0.0
122,4,0.0,0.0,0.0,0.0,0.0,0.0,0.0,0.0,0.0,0.0,0.0,0.0,1.25,0.0,0.0,1.25,3.75,0.0,1.875,2.5,0.0,3.75,5.0,3.75,3.75,0.0,1.25,3.75,0.0,2.5,2.5,0.0,0.0,0.0,0.0,2.5,2.5,1.25,0.0,0.0,2.5,4.375,0.0,0.0,0.0,2.5,0.0,0.0,5.0,0.0,3.75,2.5,3.75,0.0,5.0,0.0,3.75,0.0,0.0,2.5,1.25,0.0,3.75,3.125,1.25,3.75,0.0,0.0,0.0
122,5,0.0,0.0,0.0,0.0,0.0,0.0,0.0,0.0,0.0,0.0,0.0,0.0,1.25,0.0,0.0,1.25,3.75,0.0,2.5,2.5,0.0,3.75,5.0,4.375,3.75,0.0,1.25,3.75,0.0,2.5,3.75,0.0,0.0,0.0,0.0,3.75,3.125,1.25,0.0,0.0,2.5,5.0,0.0,0.0,0.0,2.5,0.0,0.0,5.0,0.0,3.75,2.5,3.75,0.0,5.0,0.0,3.75,0.0,0.0,2.5,1.25,0.0,3.75,3.75,1.25,4.375,0.0,0.0,0.0
123,3,0.0,0.0,0.0,0.0,0.0,0.0,0.0,0.0,1.25,0.0,0.0,0.0,1.25,0.0,0.0,0.0,3.75,0.0,1.25,3.75,0.0,3.75,5.0,5.0,3.75,0.0,1.25,3.75,0.0,2.5,3.75,0.0,0.0,0.0,0.0,3.75,3.75,2.5,0.0,0.0,2.5,5.0,0.0,0.0,0.0,3.75,0.0,0.0,5.0,0.0,5.0,3.75,4.375,0.0,5.0,0.0,5.0,0.0,0.0,3.75,1.25,0.0,5.0,3.75,1.25,5.0,0.0,0.0,0.0
123,4,0.0,0.0,0.0,0.0,0.0,0.0,0.0,0.0,0.0,0.0,1.25,0.0,1.25,0.0,0.0,0.0,2.5,0.0,1.25,2.5,0.0,3.75,5.0,4.375,3.75,0.0,0.625,3.75,0.0,1.25,3.75,0.0,0.0,0.0,0.0,2.5,2.5,1.25,0.0,0.0,1.25,3.75,0.0,1.25,0.0,3.75,0.0,0.0,5.0,0.0,3.75,2.5,3.75,0.0,4.375,0.0,3.75,0.0,0.0,2.5,0.625,0.0,3.75,2.5,1.25,3.75,0.0,0.0,0.0
123,5,0.0,0.0,0.0,0.0,0.0,0.0,0.0,0.0,0.0,0.0,1.25,0.0,1.25,0.0,0.0,0.0,2.5,0.0,1.25,2.5,0.0,3.75,5.0,5.0,3.75,0.0,0.625,3.75,0.0,1.25,3.75,0.0,0.0,0.0,0.0,2.5,2.5,1.25,0.0,0.0,1.25,3.75,0.0,1.25,0.0,3.75,0.0,0.0,5.0,0.0,3.75,2.5,3.75,0.0,5.0,0.0,3.75,0.0,0.0,2.5,1.25,0.0,4.375,2.5,1.25,5.0,0.0,0.0,0.0
124,3,0.0,0.0,0.0,0.0,0.0,0.0,1.25,0.0,2.5,0.0,1.25,0.0,2.5,0.0,0.0,0.0,1.25,0.0,0.0,2.5,0.0,4.375,5.0,5.0,3.75,0.0,0.0,4.375,0.0,2.5,3.75,0.0,0.0,0.0,0.0,3.75,3.125,3.75,0.0,0.0,1.25,3.75,0.0,1.25,0.0,4.375,0.0,0.0,5.0,0.0,5.0,3.75,3.75,0.0,5.0,0.0,5.0,0.0,0.0,3.75,0.0,0.0,5.0,2.5,1.875,5.0,0.0,0.0,0.0
124,4,0.0,0.0,0.0,0.0,0.0,0.0,1.25,0.0,1.25,0.0,2.5,0.0,1.25,0.0,0.0,0.0,1.25,0.0,1.25,2.5,0.0,3.75,5.0,3.75,3.75,0.0,0.0,3.75,0.0,1.25,3.125,0.0,0.0,0.0,0.0,2.5,2.5,2.5,0.0,0.0,1.25,2.5,0.0,1.25,0.0,3.75,0.0,0.0,5.0,0.0,3.75,2.5,3.75,0.0,5.0,0.0,3.75,0.0,0.0,2.5,0.0,0.0,3.75,2.5,1.25,3.75,0.0,0.0,0.0
124,5,0.0,0.0,0.0,0.0,0.0,0.0,1.25,0.0,1.25,0.0,2.5,0.0,1.25,0.0,0.0,0.0,0.0,0.0,1.25,2.5,0.0,3.75,5.0,3.75,3.75,0.0,0.0,3.75,0.0,1.25,3.75,0.0,0.0,0.0,0.0,3.125,2.5,2.5,0.0,0.0,1.25,3.125,0.0,1.25,0.0,3.75,0.0,0.0,5.0,0.0,3.75,3.125,3.75,0.0,5.0,0.0,3.75,0.0,0.0,3.125,0.0,0.0,3.75,2.5,1.25,3.75,0.0,0.0,0.0
125,3,0.0,0.0,0.0,0.0,0.0,0.0,2.5,0.0,3.75,0.0,2.5,0.0,3.75,0.0,0.0,1.25,0.0,0.0,0.0,2.5,0.0,3.75,5.0,3.75,4.375,0.0,0.0,4.375,0.0,2.5,3.75,0.0,0.0,0.0,0.0,3.75,2.5,5.0,0.0,0.0,0.625,2.5,0.0,2.5,0.0,5.0,0.0,0.0,5.0,0.0,5.0,5.0,3.75,0.0,5.0,0.0,5.0,0.0,0.0,3.75,0.0,0.0,4.375,2.5,3.75,3.75,0.0,0.0,0.0
125,4,0.0,0.0,0.0,0.0,0.0,0.0,1.25,0.0,3.125,0.0,2.5,0.0,2.5,0.0,0.0,0.0,0.0,0.0,0.0,2.5,0.0,3.75,5.0,3.75,3.75,0.0,0.625,3.75,0.0,2.5,2.5,0.0,0.0,0.0,0.0,2.5,1.25,3.75,0.0,0.0,0.625,2.5,0.0,2.5,0.0,3.75,0.0,0.0,5.0,0.0,3.75,3.75,3.75,0.0,5.0,0.0,3.75,0.0,0.0,3.75,0.0,0.0,3.75,1.25,2.5,2.5,0.0,0.0,0.0
125,5,0.0,0.0,0.0,0.0,0.0,0.0,1.875,0.0,3.75,0.0,3.75,0.0,2.5,0.0,0.0,0.625,0.0,0.0,0.0,2.5,0.0,3.75,5.0,3.75,3.75,0.0,1.25,3.75,0.0,2.5,2.5,0.0,0.0,0.0,0.0,2.5,1.25,3.75,0.0,0.0,1.25,2.5,0.0,2.5,0.0,3.75,0.0,0.0,5.0,0.0,4.375,3.75,3.75,0.0,5.0,0.0,3.75,0.0,0.0,3.75,0.0,0.0,3.75,1.25,2.5,3.125,0.0,0.0,0.0
126,3,0.0,0.0,0.0,0.0,0.0,0.0,3.75,0.0,5.0,0.0,3.75,0.0,5.0,0.0,0.0,1.875,0.0,0.0,1.25,2.5,0.0,2.5,5.0,3.75,5.0,0.0,1.25,5.0,0.0,3.75,2.5,1.25,0.0,0.0,0.0,3.75,1.25,5.0,0.0,0.0,0.0,2.5,0.0,2.5,0.0,5.0,0.0,0.0,5.0,0.0,5.0,5.0,3.75,1.25,5.0,0.0,5.0,0.0,0.0,5.0,1.25,0.0,3.75,1.25,3.75,2.5,0.0,1.25,0.0
126,4,0.0,0.0,0.0,0.0,0.0,0.0,2.5,0.0,5.0,0.0,3.75,0.0,5.0,0.0,0.0,1.25,0.0,0.0,1.25,2.5,0.0,2.5,3.75,2.5,3.75,0.0,1.25,4.375,0.0,2.5,1.25,1.25,0.0,0.0,0.0,3.125,1.25,3.75,0.0,0.0,0.0,2.5,0.0,2.5,0.0,5.0,0.0,0.0,5.0,0.0,3.75,3.75,2.5,1.25,5.0,0.0,4.375,0.0,0.0,3.75,1.25,0.0,2.5,1.25,3.75,2.5,0.0,0.0,0.0
126,5,0.0,0.0,0.0,0.0,0.0,0.0,3.125,0.0,5.0,0.0,3.75,0.0,5.0,0.0,0.0,1.25,0.0,0.0,1.25,2.5,0.0,2.5,2.5,3.125,3.75,0.0,1.25,4.375,0.0,2.5,1.875,1.25,0.0,0.0,0.0,3.75,1.25,4.375,0.0,0.0,0.0,2.5,0.0,2.5,0.0,5.0,0.0,0.0,5.0,0.0,4.375,3.75,3.125,1.25,5.0,0.0,5.0,0.0,0.0,3.75,1.25,0.0,2.5,1.25,3.75,2.5,0.0,0.0,0.0
127,3,0.0,0.0,0.0,0.0,0.0,0.0,5.0,0.0,5.0,0.0,3.75,0.0,5.0,0.0,0.0,3.75,0.0,0.0,1.25,2.5,0.0,1.875,2.5,3.75,5.0,0.0,2.5,5.0,0.0,3.75,1.25,2.5,0.0,0.0,0.0,5.0,1.25,5.0,0.0,0.0,0.0,2.5,0.0,2.5,0.0,5.0,0.0,0.0,5.0,0.0,5.0,5.0,2.5,2.5,5.0,0.0,5.0,0.0,0.0,5.0,2.5,0.0,2.5,1.25,5.0,1.25,0.0,3.75,0.0
127,4,0.0,0.0,0.0,0.0,0.0,0.0,3.75,0.0,5.0,0.0,3.75,0.0,5.0,0.0,0.0,2.5,0.0,0.0,1.25,2.5,0.0,1.25,1.25,2.5,3.75,0.0,2.5,5.0,0.0,2.5,1.25,2.5,0.0,0.0,0.0,3.75,0.625,3.75,0.0,0.0,0.0,2.5,0.0,2.5,0.0,5.0,0.0,0.0,5.0,0.0,3.75,4.375,2.5,1.25,5.0,0.0,5.0,0.0,0.0,3.75,2.5,0.0,2.5,1.25,3.75,1.25,0.0,2.5,0.0
127,5,0.0,0.0,0.0,0.0,0.0,0.0,3.75,0.0,5.0,0.0,5.0,0.0,5.0,0.0,0.0,2.5,0.0,0.0,1.25,2.5,0.0,1.25,1.25,2.5,3.75,0.0,2.5,5.0,0.0,2.5,1.25,2.5,0.0,0.0,0.0,3.75,1.25,5.0,0.0,0.0,0.0,2.5,0.0,2.5,0.0,5.0,0.0,0.0,5.0,0.0,3.75,5.0,2.5,1.25,5.0,0.0,5.0,0.0,0.0,3.75,2.5,0.0,2.5,1.25,3.75,1.25,0.0,1.25,0.0
128,3,0.0,0.0,0.0,0.0,0.0,0.0,5.0,0.0,5.0,0.0,3.75,0.0,5.0,1.25,0.0,4.375,0.0,0.0,1.875,3.75,0.0,1.25,1.25,3.75,5.0,0.0,3.75,5.0,0.0,3.75,1.25,3.75,0.0,0.0,0.0,5.0,1.25,5.0,0.0,0.0,0.0,3.75,0.0,2.5,0.0,5.0,0.0,0.0,4.375,0.0,5.0,5.0,2.5,3.75,5.0,0.0,5.0,0.0,0.0,3.75,3.75,0.0,2.5,2.5,5.0,0.0,0.0,5.0,0.0
128,4,0.0,0.0,0.0,0.0,0.0,0.0,5.0,0.0,5.0,0.0,3.75,0.0,5.0,1.25,0.0,3.75,0.0,0.0,1.25,2.5,0.0,0.625,0.0,2.5,3.75,0.0,3.75,5.0,0.0,2.5,0.0,3.125,0.0,0.0,0.0,3.75,1.25,3.75,0.0,0.0,1.25,3.75,0.0,2.5,0.0,5.0,0.0,0.0,3.75,0.0,3.75,5.0,1.875,2.5,5.0,0.0,5.0,0.0,0.0,3.75,3.75,0.0,1.25,1.25,3.75,0.0,0.0,5.0,0.0
128,5,0.0,0.0,0.0,0.0,0.0,0.0,5.0,0.0,5.0,0.0,3.75,0.0,5.0,1.25,0.0,3.75,0.0,0.0,1.25,2.5,0.0,1.25,0.0,2.5,3.75,0.0,3.75,5.0,0.0,2.5,0.625,3.75,0.0,0.0,0.0,3.75,1.25,3.75,0.0,0.0,1.25,3.75,0.0,2.5,0.0,5.0,0.0,0.0,3.75,0.0,3.75,5.0,2.5,2.5,5.0,0.0,5.0,0.0,0.0,3.75,3.75,0.0,1.25,1.25,3.75,0.0,0.0,2.5,0.0
129,3,0.0,0.0,0.0,0.0,0.0,0.0,5.0,0.0,5.0,0.0,2.5,0.0,5.0,2.5,0.0,5.0,0.0,0.0,2.5,4.375,0.0,0.0,0.0,3.75,4.375,0.0,5.0,5.0,0.0,2.5,1.25,5.0,0.0,0.0,0.0,5.0,1.25,3.75,0.0,0.0,1.25,5.0,0.0,1.25,1.25,5.0,0.0,0.0,3.125,0.0,4.375,5.0,1.25,5.0,5.0,0.0,5.0,0.0,0.0,3.75,5.0,0.0,2.5,2.5,3.75,0.0,0.0,5.0,0.0
129,4,0.0,0.0,0.0,0.0,0.0,0.0,5.0,0.0,5.0,0.0,3.75,0.0,5.0,2.5,0.0,5.0,0.0,0.0,2.5,3.75,0.0,0.0,0.0,2.5,3.75,0.0,5.0,5.0,0.0,2.5,0.0,3.75,0.0,0.0,0.0,4.375,1.25,3.125,0.0,0.0,2.5,5.0,0.0,1.25,1.25,5.0,0.0,0.0,2.5,0.0,3.75,5.0,1.25,3.75,5.0,0.0,3.75,0.0,0.0,2.5,3.75,0.0,1.25,2.5,3.75,0.0,0.0,5.0,0.0
129,5,0.0,0.0,0.0,0.0,0.0,0.0,5.0,0.0,5.0,0.0,3.75,0.0,5.0,2.5,0.0,5.0,0.0,0.0,2.5,3.75,0.0,0.0,0.0,2.5,3.75,0.0,5.0,5.0,0.0,2.5,0.0,4.375,0.0,0.0,0.0,5.0,1.25,3.75,0.0,0.0,2.5,5.0,0.0,1.25,1.25,5.0,0.0,0.0,2.5,0.0,3.75,5.0,1.25,3.75,5.0,0.0,3.75,0.0,0.0,2.5,3.75,0.0,1.25,2.5,3.75,0.0,0.0,5.0,0.0
130,3,0.0,0.0,0.0,0.0,0.0,0.0,5.0,0.0,5.0,0.0,1.25,0.0,5.0,2.5,0.0,5.0,0.0,0.0,3.75,5.0,0.0,0.0,0.0,3.75,3.75,0.0,5.0,5.0,0.0,2.5,1.25,5.0,0.0,0.0,0.0,5.0,2.5,2.5,0.0,0.0,2.5,5.0,0.0,0.0,2.5,5.0,0.0,0.0,2.5,0.0,4.375,5.0,1.25,5.0,5.0,0.0,5.0,1.25,0.0,2.5,5.0,0.0,2.5,3.75,3.75,0.0,0.0,5.0,0.0
130,4,0.0,0.0,0.0,0.0,0.0,0.0,3.75,0.0,3.75,0.0,2.5,0.0,5.0,3.125,0.0,5.0,0.0,0.0,2.5,5.0,0.0,0.0,0.0,2.5,3.75,0.0,5.0,5.0,0.0,1.25,0.625,5.0,0.0,0.0,0.0,5.0,2.5,2.5,0.0,0.0,2.5,5.0,0.0,1.25,2.5,5.0,0.0,0.0,2.5,0.0,3.75,3.75,1.25,3.75,5.0,0.0,3.75,1.25,0.0,2.5,3.75,0.0,1.25,2.5,2.5,0.0,0.0,5.0,0.0
130,5,0.0,0.0,0.0,0.0,0.0,0.0,3.75,0.0,5.0,0.0,2.5,0.0,5.0,3.75,0.0,5.0,0.0,0.0,2.5,5.0,0.0,0.0,0.0,3.125,3.75,0.0,5.0,5.0,0.0,1.875,1.25,5.0,0.0,0.0,0.0,5.0,2.5,2.5,0.0,0.0,3.125,5.0,0.0,1.25,2.5,5.0,0.0,0.0,2.5,0.0,3.75,5.0,1.25,3.75,5.0,0.0,3.75,0.0,0.0,2.5,4.375,0.0,1.25,2.5,2.5,0.0,0.0,5.0,0.0
131,3,0.0,0.0,0.0,0.0,0.0,0.0,3.75,0.0,3.75,0.0,1.25,0.0,5.0,3.75,0.0,5.0,0.0,0.0,3.75,5.0,0.0,0.0,0.0,3.75,3.75,0.0,5.0,5.0,0.0,1.875,1.25,5.0,0.0,0.0,0.0,5.0,3.75,1.25,0.0,0.0,2.5,5.0,0.0,0.0,3.75,5.0,0.0,0.0,1.25,0.0,5.0,5.0,1.25,5.0,5.0,0.0,3.75,2.5,0.0,2.5,5.0,0.0,2.5,3.75,2.5,0.0,0.0,5.0,0.0
131,4,0.0,0.0,0.0,0.0,0.0,0.0,2.5,0.0,2.5,0.0,1.25,0.0,5.0,3.75,0.0,5.0,0.0,0.0,3.75,5.0,0.0,0.0,0.0,3.75,3.75,0.0,5.0,5.0,0.0,1.25,1.25,5.0,0.0,0.0,0.0,3.75,2.5,1.25,0.0,0.0,3.75,5.0,0.0,0.0,3.125,5.0,0.0,0.0,1.875,0.0,3.75,3.75,1.25,3.75,5.0,0.0,3.75,2.5,0.0,1.25,3.75,0.0,2.5,2.5,1.25,0.0,0.0,5.0,0.0
131,5,0.0,0.0,0.0,0.0,0.0,0.0,3.75,0.0,2.5,0.0,1.25,0.0,5.0,3.75,0.0,5.0,0.0,0.0,3.75,5.0,0.0,0.0,0.0,3.75,3.75,0.0,5.0,5.0,0.0,1.25,1.25,5.0,0.0,0.0,0.0,5.0,2.5,1.25,0.0,0.0,3.75,5.0,0.0,0.0,3.75,5.0,0.0,0.0,1.875,0.0,3.75,3.75,1.25,3.75,5.0,0.0,3.75,1.25,0.0,1.25,4.375,0.0,2.5,2.5,1.25,0.0,0.0,5.0,0.0
132,3,0.0,0.0,2.5,0.0,0.0,0.0,2.5,0.0,2.5,0.0,0.0,0.0,5.0,3.75,0.0,5.0,0.0,0.0,3.75,5.0,0.0,0.0,0.0,4.375,3.75,0.0,5.0,5.0,0.0,2.5,2.5,5.0,0.0,0.0,0.0,5.0,3.75,0.0,0.0,0.0,2.5,5.0,0.0,0.0,5.0,5.0,0.0,0.0,1.25,0.0,5.0,3.75,1.25,5.0,5.0,0.0,3.75,4.375,0.0,1.875,5.0,0.0,2.5,3.75,1.25,0.0,0.0,5.0,0.0
132,4,0.0,0.0,1.25,0.0,0.0,0.0,1.25,0.0,1.25,0.0,0.0,0.0,5.0,3.75,0.0,3.75,0.0,0.0,3.75,5.0,0.0,0.0,0.0,3.75,3.75,0.0,5.0,5.0,0.0,1.25,2.5,3.75,0.0,0.0,0.0,3.75,2.5,0.0,0.0,0.0,3.75,5.0,0.0,0.0,3.75,5.0,0.0,0.0,1.875,0.0,3.75,2.5,1.25,3.75,5.0,0.0,2.5,3.75,0.0,1.25,3.75,0.0,2.5,2.5,0.0,0.0,0.0,5.0,0.0
132,5,0.0,0.0,1.25,0.0,0.0,0.0,2.5,0.0,1.25,0.0,0.0,0.0,5.0,3.75,0.0,4.375,0.0,0.0,3.75,5.0,0.0,0.0,0.0,3.75,3.75,0.0,5.0,5.0,0.0,1.25,2.5,3.75,0.0,0.0,0.0,3.75,3.125,0.0,0.0,0.0,3.75,5.0,0.0,0.0,3.75,5.0,0.0,0.0,2.5,0.0,3.75,2.5,1.25,3.75,5.0,0.0,3.75,3.75,0.0,1.875,3.75,0.0,2.5,2.5,0.625,0.0,0.0,5.0,0.0
133,3,0.0,0.0,5.0,0.0,1.25,0.0,1.25,0.0,0.0,0.0,0.0,0.0,5.0,2.5,0.0,3.75,0.0,0.0,3.75,5.0,0.0,0.0,0.0,5.0,5.0,0.0,5.0,5.0,0.0,2.5,3.75,3.75,0.0,0.0,0.0,3.75,3.75,0.0,0.0,0.0,2.5,5.0,0.0,0.0,5.0,5.0,0.0,0.0,1.25,0.0,5.0,2.5,2.5,3.75,5.0,0.0,3.75,5.0,0.0,2.5,3.75,0.0,3.75,3.125,0.0,0.0,1.25,5.0,0.0
133,4,0.0,0.0,3.75,0.0,1.25,0.0,1.25,0.0,0.0,0.0,0.0,0.0,5.0,2.5,0.0,3.75,0.0,0.0,3.75,5.0,0.0,0.0,0.0,3.75,3.75,0.0,5.0,3.75,0.0,1.25,2.5,3.125,0.0,0.0,0.0,2.5,2.5,0.0,0.0,0.0,3.75,5.0,0.0,0.0,3.75,5.0,0.0,0.0,2.5,0.0,3.75,2.5,1.25,2.5,5.0,0.0,2.5,5.0,0.0,2.5,2.5,0.0,2.5,2.5,0.0,0.0,0.0,5.0,0.0
133,5,0.0,0.0,2.5,0.0,1.25,0.0,1.25,0.0,0.0,0.0,0.0,0.0,5.0,2.5,0.0,3.75,0.0,0.0,3.75,5.0,0.0,0.0,0.0,3.75,3.75,0.0,5.0,3.75,0.0,1.25,2.5,3.75,0.0,0.0,0.0,3.125,2.5,0.0,0.0,0.0,3.75,5.0,0.0,0.0,3.75,5.0,0.0,0.0,2.5,0.0,3.75,2.5,1.25,2.5,5.0,0.0,2.5,5.0,0.0,1.875,2.5,0.0,2.5,2.5,0.0,0.0,0.0,5.0,0.0
134,3,0.0,0.0,5.0,0.0,3.75,0.0,0.0,0.0,0.0,0.0,0.0,0.0,5.0,1.25,0.0,3.125,0.0,0.0,5.0,5.0,0.0,1.25,0.0,5.0,5.0,0.0,5.0,3.75,0.0,2.5,3.75,2.5,0.0,0.0,0.0,2.5,3.125,0.0,0.0,0.0,2.5,5.0,0.0,0.0,3.75,5.0,0.0,2.5,1.25,0.0,5.0,2.5,2.5,2.5,5.0,0.0,3.75,5.0,0.0,2.5,2.5,0.0,2.5,2.5,0.0,0.0,1.25,5.0,0.0
134,4,0.0,0.0,5.0,0.0,2.5,0.0,0.0,0.0,0.0,0.0,0.0,0.0,3.75,1.25,0.0,2.5,0.0,0.0,5.0,5.0,0.0,1.25,0.0,4.375,5.0,0.0,3.75,3.75,0.0,2.5,2.5,2.5,0.0,0.0,0.0,2.5,2.5,0.0,0.0,0.0,2.5,5.0,0.0,0.0,3.75,5.0,0.0,1.25,3.125,0.0,3.75,1.25,2.5,1.25,5.0,0.0,2.5,5.0,0.0,2.5,2.5,0.0,2.5,1.25,0.0,0.0,1.25,5.0,0.0
134,5,0.0,0.0,3.75,0.0,2.5,0.0,0.0,0.0,0.0,0.0,0.0,0.0,3.125,1.875,0.0,2.5,0.0,0.0,5.0,5.0,0.0,1.25,0.0,5.0,5.0,0.0,3.75,3.75,0.0,2.5,3.125,2.5,0.0,0.0,0.0,2.5,2.5,0.0,0.0,0.0,2.5,5.0,0.0,0.0,3.75,5.0,0.0,1.25,3.125,0.0,3.75,1.25,2.5,1.875,5.0,0.0,2.5,5.0,0.0,2.5,2.5,0.0,2.5,1.25,0.0,0.0,1.25,5.0,0.0
135,3,0.0,0.0,5.0,0.0,5.0,0.0,0.0,0.0,0.0,0.0,0.0,0.0,3.75,0.625,0.0,2.5,0.0,0.0,5.0,5.0,0.0,2.5,0.0,5.0,5.0,0.0,3.75,3.75,0.0,3.75,3.75,1.25,0.0,0.0,0.0,2.5,2.5,0.0,0.0,0.0,1.875,5.0,0.0,0.0,3.75,5.0,0.0,3.75,1.25,0.0,3.75,2.5,3.75,1.25,5.0,0.0,3.75,5.0,0.0,2.5,2.5,0.0,2.5,1.25,0.0,0.0,2.5,5.0,0.0
135,4,0.0,0.0,5.0,0.0,3.75,0.0,0.0,0.0,0.0,0.0,0.0,0.0,2.5,1.25,0.0,2.5,0.0,0.0,5.0,5.0,0.0,1.25,0.0,5.0,5.0,0.0,3.75,2.5,0.0,2.5,3.75,1.25,0.0,0.0,0.0,1.25,1.25,0.0,0.0,0.0,2.5,5.0,0.0,0.0,2.5,5.0,0.0,2.5,3.75,0.0,3.75,1.25,2.5,1.25,3.75,0.0,2.5,5.0,0.0,2.5,1.25,0.0,1.25,1.25,0.0,0.0,1.25,5.0,0.0
135,5,0.0,0.0,5.0,0.0,4.375,0.0,0.0,0.0,0.0,0.0,0.0,0.0,2.5,1.25,0.0,2.5,0.0,0.0,5.0,5.0,0.0,1.875,0.0,5.0,5.0,0.0,3.75,2.5,0.0,2.5,3.75,1.25,0.0,0.0,0.0,1.25,1.25,0.0,0.0,0.0,2.5,5.0,0.0,0.0,3.125,5.0,0.0,3.75,3.75,0.0,3.75,1.25,3.125,1.25,4.375,0.0,3.75,5.0,0.0,3.125,1.25,0.0,1.25,1.25,0.0,0.0,1.25,5.0,0.0
136,3,0.0,0.0,5.0,0.0,5.0,0.0,0.0,0.0,0.0,0.0,1.25,0.0,3.125,0.0,0.0,2.5,0.0,0.0,5.0,5.0,0.0,3.75,0.0,5.0,5.0,0.0,3.75,2.5,0.0,3.75,3.75,0.0,1.25,0.0,0.0,1.875,1.25,0.0,0.0,0.0,1.25,4.375,0.0,1.25,2.5,5.0,0.0,5.0,1.25,0.0,3.75,2.5,3.75,0.0,5.0,0.0,3.75,5.0,0.0,3.125,1.25,0.0,1.25,0.0,0.0,0.0,3.75,5.0,0.0
136,4,0.0,0.0,5.0,0.0,5.0,0.0,0.0,0.0,0.0,0.0,0.0,0.0,2.5,0.0,0.0,2.5,0.0,0.0,5.0,5.0,0.0,2.5,0.0,5.0,5.0,0.0,2.5,2.5,0.0,3.75,3.75,0.0,1.25,0.0,0.0,1.25,1.25,0.0,0.0,0.0,1.25,3.75,0.0,1.25,2.5,5.0,0.0,3.75,3.75,0.0,2.5,1.25,3.125,0.0,3.75,0.0,3.125,5.0,0.0,3.125,1.25,0.0,1.25,0.0,0.0,0.0,2.5,5.0,0.0
136,5,0.0,0.0,5.0,0.0,5.0,0.0,0.0,0.0,0.0,0.0,0.0,0.0,2.5,0.0,0.0,2.5,0.0,0.0,5.0,5.0,0.0,2.5,0.0,5.0,5.0,0.0,2.5,2.5,0.0,3.125,3.75,0.0,0.0,0.0,0.0,1.25,1.25,0.0,0.0,0.0,1.25,3.75,0.0,1.25,2.5,5.0,0.0,5.0,3.75,0.0,2.5,1.25,3.75,0.0,3.75,0.0,3.75,5.0,0.0,3.125,1.25,0.0,1.25,0.0,0.0,0.0,2.5,3.75,0.0
137,3,0.0,0.0,5.0,0.0,5.0,0.0,0.0,0.0,0.0,0.0,1.25,0.0,2.5,0.0,0.0,2.5,0.0,0.0,5.0,5.0,0.0,4.375,0.0,5.0,5.0,0.0,3.75,2.5,0.0,5.0,3.75,0.0,3.75,0.0,0.0,2.5,0.0,0.0,0.0,0.0,0.625,3.75,0.0,1.25,1.25,5.0,0.0,5.0,2.5,0.0,2.5,2.5,3.75,0.0,4.375,0.0,3.75,5.0,0.0,2.5,2.5,0.0,1.25,0.0,0.0,0.0,5.0,3.75,0.0
137,4,0.0,0.0,5.0,0.0,5.0,0.0,0.0,0.0,0.0,0.0,1.25,0.0,2.5,0.0,0.0,2.5,0.0,0.0,5.0,4.375,0.0,3.75,0.0,3.75,5.0,0.0,2.5,2.5,0.0,3.75,3.75,0.0,2.5,0.0,0.0,1.25,0.0,0.0,0.0,0.0,1.25,2.5,0.0,1.25,1.25,5.0,0.0,5.0,2.5,0.0,2.5,1.25,2.5,0.0,3.75,0.0,3.75,5.0,0.0,2.5,1.25,0.0,1.25,0.0,0.0,0.0,3.75,2.5,0.0
137,5,0.0,0.0,5.0,0.0,5.0,0.0,0.0,0.0,0.0,0.0,1.25,0.0,2.5,0.0,0.0,2.5,0.0,0.0,5.0,5.0,0.0,3.75,0.0,5.0,5.0,0.0,2.5,2.5,0.0,3.75,3.75,0.0,1.25,0.0,0.0,1.875,0.0,0.0,0.0,0.0,1.25,3.125,0.0,1.25,1.25,5.0,0.0,5.0,2.5,0.0,2.5,1.875,2.5,0.0,3.75,0.0,3.75,5.0,0.0,3.125,1.25,0.0,1.25,0.0,0.0,0.0,3.75,2.5,0.0
138,3,0.0,0.0,5.0,0.0,5.0,0.0,0.0,0.0,0.0,0.0,2.5,0.0,3.125,0.0,0.0,3.125,0.0,0.0,5.0,4.375,0.0,5.0,0.0,3.75,5.0,0.0,3.75,2.5,0.0,5.0,3.75,0.0,5.0,0.0,0.0,2.5,1.25,0.0,0.0,0.0,1.25,3.75,0.0,2.5,0.0,5.0,0.0,5.0,2.5,0.0,3.75,2.5,3.125,0.0,3.75,0.0,3.75,5.0,0.0,2.5,2.5,0.0,2.5,0.0,0.0,1.25,5.0,2.5,0.0
138,4,0.0,0.0,5.0,0.0,5.0,0.0,0.0,0.0,0.0,0.0,2.5,0.0,2.5,0.0,0.0,2.5,0.0,0.0,3.75,3.75,0.0,3.75,0.0,3.75,5.0,0.0,3.125,2.5,0.0,5.0,5.0,0.0,3.75,0.0,0.0,2.5,0.0,0.0,0.0,0.0,1.25,2.5,0.0,2.5,0.0,5.0,0.0,5.0,2.5,0.0,2.5,2.5,2.5,0.0,3.75,0.0,3.75,5.0,0.0,2.5,2.5,0.0,1.25,0.0,0.0,1.25,3.75,1.25,0.0
138,5,0.0,0.0,5.0,0.0,5.0,0.0,0.0,0.0,0.0,0.0,2.5,0.0,2.5,0.0,0.0,2.5,0.0,0.0,3.75,3.75,0.0,3.75,0.0,5.0,5.0,0.0,3.75,2.5,0.0,4.375,5.0,0.0,3.75,0.0,0.0,2.5,0.0,0.0,0.0,0.0,1.25,3.125,0.0,2.5,0.0,5.0,0.0,5.0,2.5,0.0,2.5,2.5,2.5,0.0,3.75,0.0,3.75,5.0,0.0,2.5,2.5,0.0,1.25,0.0,0.0,1.25,4.375,1.25,0.0
139,3,0.0,0.0,5.0,0.0,5.0,0.0,0.0,0.0,0.0,0.0,3.75,0.0,3.75,0.0,0.0,3.75,0.0,0.0,3.75,3.75,0.0,5.0,0.0,3.75,5.0,0.0,3.75,2.5,0.0,5.0,5.0,0.0,5.0,0.0,0.0,2.5,2.5,0.0,0.0,0.0,1.25,3.75,0.0,3.125,0.0,5.0,0.0,5.0,2.5,0.0,3.75,2.5,2.5,0.0,3.75,0.0,5.0,2.5,0.0,1.875,3.125,0.0,5.0,0.0,1.25,1.25,5.0,1.25,0.0
139,4,0.0,0.0,5.0,0.0,5.0,0.0,0.0,0.0,0.0,0.0,2.5,0.0,2.5,0.0,0.0,2.5,0.0,0.0,3.75,2.5,0.0,3.75,0.0,3.75,5.0,0.0,3.75,2.5,0.0,5.0,5.0,0.0,5.0,0.0,0.0,2.5,1.25,0.0,0.0,0.0,1.25,3.75,0.0,2.5,0.0,5.0,0.0,5.0,2.5,0.0,2.5,2.5,1.25,0.0,3.75,0.0,3.75,2.5,0.0,2.5,2.5,0.0,2.5,0.0,1.25,1.25,5.0,0.0,0.0
139,5,0.0,0.0,5.0,0.0,5.0,0.0,0.0,0.0,0.0,0.0,2.5,0.0,2.5,0.0,0.0,2.5,0.0,0.0,3.75,2.5,0.0,3.75,0.0,3.75,5.0,0.0,3.75,2.5,0.0,5.0,5.0,0.0,5.0,0.0,0.0,2.5,1.25,0.0,0.0,0.0,1.25,3.75,0.0,3.75,0.0,5.0,0.0,5.0,2.5,0.0,3.125,2.5,1.25,0.0,3.75,0.0,3.75,2.5,0.0,2.5,2.5,0.0,2.5,0.0,1.25,1.25,5.0,0.0,0.0
140,3,0.0,0.0,5.0,0.0,5.0,0.0,1.25,0.0,0.0,0.0,3.75,0.0,3.75,1.25,0.0,3.75,0.0,0.0,3.75,3.75,0.0,3.75,0.0,3.75,5.0,0.0,3.75,2.5,0.0,5.0,5.0,0.0,5.0,0.0,0.0,2.5,3.75,0.0,0.0,0.0,1.875,5.0,0.0,3.75,0.0,5.0,0.0,5.0,2.5,0.0,5.0,2.5,1.25,0.0,4.375,0.0,5.0,1.25,0.0,1.875,2.5,0.0,5.0,0.0,2.5,2.5,5.0,0.0,0.0
140,4,0.0,0.0,5.0,0.0,3.75,0.0,1.25,0.0,0.0,0.0,3.75,0.0,2.5,1.25,0.0,2.5,0.0,0.0,2.5,2.5,0.0,2.5,0.0,3.75,5.0,0.0,3.125,2.5,0.0,5.0,5.0,0.0,5.0,0.0,0.0,2.5,2.5,0.0,0.0,0.0,1.25,4.375,0.0,3.75,0.0,5.0,0.0,5.0,2.5,0.0,3.75,2.5,1.25,0.0,3.75,0.0,3.75,1.25,0.0,1.25,2.5,0.0,5.0,1.25,2.5,2.5,5.0,0.0,0.0
140,5,0.0,0.0,5.0,0.0,3.75,0.0,1.25,0.0,0.0,0.0,3.75,0.0,2.5,1.25,0.0,3.125,0.0,0.0,2.5,2.5,0.0,2.5,0.0,3.75,5.0,0.0,3.75,2.5,0.0,5.0,5.0,0.0,5.0,0.0,0.0,2.5,1.25,0.0,0.0,0.0,1.25,5.0,0.0,3.75,0.0,5.0,0.0,5.0,2.5,0.0,3.75,2.5,1.25,0.0,3.75,0.0,3.75,1.25,0.0,1.25,2.5,0.0,5.0,1.25,2.5,3.125,5.0,0.0,0.0
141,3,0.0,0.0,5.0,0.0,3.75,0.0,2.5,0.0,0.0,0.0,3.75,0.0,2.5,2.5,0.0,3.75,1.25,0.0,2.5,3.75,0.0,2.5,0.0,3.75,5.0,0.0,3.75,3.75,0.0,5.0,5.0,0.0,5.0,0.0,0.0,2.5,5.0,0.0,1.25,0.0,2.5,5.0,0.0,3.75,0.0,5.0,0.0,5.0,2.5,0.0,5.0,2.5,0.0,0.0,5.0,0.0,5.0,0.0,0.0,1.875,2.5,0.0,5.0,0.0,3.75,3.125,5.0,0.0,0.0
141,4,0.0,0.0,5.0,0.0,2.5,0.0,2.5,0.0,0.0,0.0,3.75,0.0,2.5,1.25,0.0,3.75,1.25,0.0,2.5,2.5,0.0,1.875,0.0,3.75,5.0,0.0,2.5,2.5,0.0,5.0,5.0,0.0,5.0,0.0,0.0,2.5,5.0,0.0,1.25,0.0,1.875,5.0,0.0,3.75,0.0,5.0,0.0,5.0,2.5,0.0,5.0,3.75,0.0,0.0,3.75,0.0,3.75,0.0,0.0,1.25,1.875,0.0,5.0,2.5,3.75,5.0,5.0,0.0,0.0
141,5,0.0,0.0,3.75,0.0,2.5,0.0,2.5,0.0,0.0,0.0,3.75,0.0,2.5,1.25,0.0,3.75,1.25,0.0,2.5,3.125,0.0,2.5,0.0,3.75,5.0,0.0,2.5,2.5,0.0,5.0,5.0,0.0,5.0,0.0,0.0,2.5,5.0,0.0,0.0,0.0,2.5,5.0,0.0,3.75,0.0,5.0,0.0,5.0,2.5,0.0,5.0,3.75,0.0,0.0,3.75,0.0,3.75,0.0,0.0,1.25,2.5,0.0,5.0,2.5,3.75,4.375,5.0,0.0,0.0
142,3,0.0,0.0,5.0,0.0,1.25,0.0,4.375,0.0,0.0,0.0,3.75,0.0,3.75,3.125,0.0,3.75,3.75,0.0,2.5,5.0,0.0,1.25,0.0,2.5,5.0,0.0,2.5,3.75,0.0,5.0,5.0,1.25,5.0,0.0,0.0,1.875,5.0,0.0,2.5,0.0,2.5,5.0,0.0,2.5,0.0,5.0,0.0,5.0,2.5,0.0,5.0,3.75,0.0,0.0,5.0,0.0,5.0,0.0,0.0,2.5,1.25,0.0,5.0,0.0,5.0,3.75,5.0,0.0,0.0
142,4,0.0,0.0,2.5,0.0,1.25,0.0,3.75,0.0,0.0,0.0,2.5,0.0,2.5,2.5,0.0,3.75,2.5,0.0,1.25,3.75,0.0,1.25,0.0,3.125,5.0,0.0,2.5,3.75,0.0,5.0,5.0,1.25,5.0,0.0,0.0,1.25,5.0,0.0,2.5,0.0,2.5,5.0,0.0,2.5,0.0,3.75,0.0,3.75,2.5,0.0,5.0,5.0,0.0,0.0,3.75,0.0,3.75,0.0,0.0,1.875,1.25,0.0,5.0,3.75,5.0,5.0,5.0,0.0,0.0
142,5,0.0,0.0,2.5,0.0,0.0,0.0,3.75,0.0,0.0,0.0,3.75,0.0,2.5,2.5,0.0,3.75,2.5,0.0,1.25,3.75,0.0,1.25,0.0,3.75,5.0,0.0,2.5,3.75,0.0,5.0,5.0,1.25,5.0,0.0,0.0,1.25,5.0,0.0,1.25,0.0,2.5,5.0,0.0,2.5,0.0,3.75,0.0,3.75,2.5,0.0,5.0,5.0,0.0,0.0,3.75,0.0,3.75,0.0,0.0,1.875,1.25,0.0,5.0,3.75,5.0,5.0,5.0,0.0,0.0
143,3,0.0,0.0,2.5,0.0,0.0,0.0,5.0,0.0,0.0,0.0,3.125,0.0,3.75,3.75,0.0,3.75,5.0,0.0,2.5,5.0,0.0,0.0,0.0,2.5,5.0,0.0,2.5,5.0,0.0,5.0,5.0,2.5,5.0,0.0,0.0,1.25,5.0,0.0,5.0,0.0,3.75,5.0,0.0,1.25,0.0,3.75,0.0,2.5,2.5,0.0,5.0,3.75,0.0,0.0,5.0,0.0,3.75,0.0,0.0,2.5,1.25,0.0,5.0,1.25,5.0,4.375,5.0,0.0,0.0
143,4,0.0,0.0,1.25,0.0,0.0,0.0,3.75,0.0,0.0,0.0,2.5,0.0,3.75,3.125,0.0,3.75,3.75,0.0,1.25,3.75,0.0,0.0,0.0,2.5,5.0,0.0,1.25,3.75,0.0,5.0,5.0,2.5,5.0,0.0,0.0,1.25,5.0,0.0,3.75,0.0,2.5,5.0,0.0,1.25,0.0,3.125,0.0,2.5,2.5,0.0,5.0,5.0,0.0,0.0,3.75,0.0,3.125,0.0,0.0,2.5,1.25,0.0,5.0,5.0,5.0,5.0,5.0,0.0,0.0
143,5,0.0,0.0,0.0,0.0,0.0,0.0,3.75,0.0,0.0,0.0,2.5,0.0,3.75,3.75,0.0,3.75,5.0,0.0,1.25,5.0,0.0,0.0,0.0,2.5,5.0,0.0,1.25,4.375,0.0,5.0,5.0,2.5,5.0,0.0,0.0,1.25,5.0,0.0,3.75,0.0,2.5,5.0,0.0,1.25,0.0,3.125,0.0,1.25,2.5,0.0,5.0,5.0,0.0,0.0,3.75,0.0,3.75,0.0,0.0,2.5,1.25,0.0,5.0,5.0,5.0,5.0,5.0,0.0,0.0
144,3,0.0,0.0,0.0,0.0,0.0,0.0,5.0,0.0,0.0,0.0,2.5,0.0,5.0,3.75,0.0,3.75,5.0,0.0,2.5,5.0,0.0,0.0,0.0,2.5,5.0,0.0,1.25,5.0,0.0,5.0,3.75,3.75,5.0,0.0,0.0,0.0,5.0,0.0,5.0,0.0,3.75,5.0,0.0,1.25,0.0,2.5,0.0,0.0,2.5,0.0,5.0,5.0,0.0,0.0,5.0,0.0,3.75,0.0,0.0,2.5,1.25,0.0,5.0,2.5,5.0,5.0,5.0,0.0,0.0
144,4,0.0,0.0,0.0,0.0,0.0,0.0,4.375,0.0,0.0,0.0,1.25,0.0,3.75,3.75,0.0,3.75,5.0,0.0,2.5,5.0,0.0,0.0,0.0,2.5,5.0,0.0,1.25,5.0,0.0,5.0,5.0,2.5,5.0,0.0,0.0,0.0,5.0,0.0,5.0,0.0,2.5,5.0,0.0,1.25,0.0,2.5,0.0,0.625,2.5,0.0,5.0,5.0,1.25,0.0,3.75,0.0,2.5,0.0,0.0,2.5,1.25,0.0,5.0,5.0,5.0,5.0,5.0,0.0,0.0
144,5,0.0,0.0,0.0,0.0,0.0,0.0,5.0,0.0,0.0,0.0,1.875,0.0,3.75,3.75,0.0,3.75,5.0,0.0,2.5,5.0,0.0,0.0,0.0,2.5,5.0,0.0,1.25,5.0,0.0,5.0,5.0,3.75,5.0,0.0,0.0,0.0,5.0,0.0,5.0,0.0,2.5,5.0,0.0,1.25,0.0,2.5,0.0,0.0,2.5,0.0,5.0,5.0,1.25,0.0,3.75,0.0,2.5,0.0,0.0,2.5,1.25,0.0,5.0,5.0,5.0,5.0,5.0,0.0,0.0
145,3,0.0,0.0,0.0,0.0,0.0,0.0,5.0,0.0,0.0,0.0,2.5,0.0,5.0,3.75,0.0,3.75,5.0,0.0,3.125,5.0,0.0,0.0,0.0,2.5,5.0,0.0,1.25,5.0,0.0,5.0,3.75,5.0,5.0,0.0,0.0,0.0,5.0,1.25,5.0,0.0,3.75,5.0,0.0,0.0,0.0,2.5,0.0,0.0,2.5,0.0,5.0,5.0,1.25,0.0,5.0,0.0,3.75,0.0,0.0,2.5,1.25,0.0,5.0,3.75,5.0,5.0,5.0,0.0,0.0
145,4,0.0,0.0,0.0,0.0,0.0,0.0,3.75,0.0,0.0,0.0,1.25,0.0,5.0,3.125,0.0,3.75,5.0,0.0,2.5,5.0,0.0,0.0,0.0,2.5,5.0,0.0,1.25,5.0,0.0,5.0,5.0,3.75,3.75,0.0,0.0,0.0,5.0,1.25,5.0,0.0,3.125,5.0,0.0,0.0,0.0,2.5,0.0,0.0,2.5,0.0,5.0,5.0,2.5,0.0,3.75,0.0,2.5,0.0,0.0,2.5,1.25,0.0,5.0,5.0,5.0,5.0,5.0,0.0,0.0
145,5,0.0,0.0,0.0,0.0,0.0,0.0,3.75,0.0,0.0,0.0,1.25,0.0,5.0,3.75,0.0,3.75,5.0,0.0,2.5,5.0,0.0,0.0,0.0,2.5,5.0,0.0,1.25,5.0,0.0,5.0,5.0,3.75,3.75,0.0,0.0,0.0,5.0,1.25,5.0,0.0,3.75,5.0,0.0,0.0,0.0,2.5,0.0,0.0,2.5,0.0,5.0,5.0,2.5,0.0,3.75,0.0,2.5,0.0,0.0,2.5,1.25,0.0,5.0,5.0,5.0,5.0,5.0,0.0,0.0
146,3,0.0,0.0,0.0,0.0,0.0,0.0,3.75,0.0,0.0,0.0,2.5,0.0,5.0,3.75,0.0,3.75,5.0,0.0,3.75,5.0,0.0,1.25,0.0,3.75,5.0,0.0,0.625,5.0,0.0,5.0,2.5,5.0,2.5,0.0,0.0,0.625,5.0,2.5,5.0,0.0,5.0,5.0,0.0,0.0,0.0,2.5,0.0,0.0,2.5,0.0,5.0,5.0,3.75,0.0,3.75,0.0,2.5,0.0,0.0,2.5,1.875,0.0,5.0,5.0,5.0,5.0,5.0,0.0,0.0
146,4,0.0,0.0,0.0,0.0,0.0,0.0,3.125,0.0,0.0,0.0,1.25,0.0,5.0,2.5,0.0,3.75,5.0,0.0,2.5,5.0,0.0,1.25,0.0,2.5,5.0,0.0,1.25,5.0,0.0,5.0,5.0,5.0,1.25,0.0,0.0,0.0,5.0,2.5,5.0,0.0,3.75,5.0,0.0,0.0,0.0,1.875,0.0,0.0,2.5,0.0,5.0,5.0,3.75,0.0,3.75,0.0,2.5,0.0,0.0,1.25,1.25,0.0,5.0,5.0,5.0,5.0,5.0,0.0,0.0
146,5,0.0,0.0,0.0,0.0,0.0,0.0,3.75,0.0,0.0,0.0,1.25,0.0,5.0,2.5,0.0,3.75,5.0,0.0,2.5,5.0,0.0,1.25,0.0,3.125,5.0,0.0,1.25,5.0,0.0,5.0,5.0,5.0,1.25,0.0,0.0,0.0,5.0,2.5,5.0,0.0,3.75,5.0,0.0,0.0,0.0,2.5,0.0,0.0,2.5,0.0,5.0,5.0,5.0,0.0,3.75,0.0,2.5,0.0,0.0,1.25,1.25,0.0,5.0,5.0,5.0,5.0,5.0,0.0,0.0
147,3,0.0,0.0,0.0,0.0,0.0,0.0,2.5,0.0,0.0,0.0,2.5,0.0,5.0,2.5,0.0,3.75,5.0,0.0,3.75,5.0,0.0,3.75,0.0,5.0,5.0,0.0,1.25,5.0,0.0,5.0,2.5,5.0,1.25,0.0,0.0,1.875,5.0,3.75,5.0,0.0,5.0,5.0,0.0,0.0,1.25,2.5,0.0,0.0,2.5,0.0,5.0,5.0,5.0,0.0,3.75,0.0,2.5,0.0,0.0,1.25,3.75,0.0,5.0,5.0,5.0,5.0,5.0,0.0,0.0
147,4,0.0,0.0,0.0,0.0,0.0,0.0,2.5,0.0,0.0,0.0,2.5,0.0,5.0,1.25,0.0,2.5,5.0,0.0,2.5,5.0,0.0,2.5,0.0,3.75,3.75,0.0,1.25,5.0,0.0,5.0,3.75,5.0,0.0,0.0,0.0,1.25,5.0,3.75,5.0,0.0,5.0,5.0,0.0,0.0,1.25,1.25,0.0,0.0,2.5,0.0,5.0,5.0,5.0,0.0,3.125,0.0,2.5,0.0,0.0,1.25,2.5,0.0,5.0,5.0,5.0,5.0,5.0,0.0,0.0
147,5,0.0,0.0,0.0,0.0,0.0,0.0,2.5,0.0,0.0,0.0,2.5,0.0,5.0,2.5,0.0,2.5,5.0,0.0,2.5,5.0,0.0,2.5,0.0,3.75,5.0,0.0,1.25,5.0,0.0,5.0,3.75,5.0,0.0,0.0,0.0,1.25,5.0,3.75,5.0,0.0,5.0,5.0,0.0,0.0,1.25,1.875,0.0,0.0,2.5,0.0,5.0,5.0,5.0,0.0,3.125,0.0,2.5,0.0,0.0,1.25,2.5,0.0,5.0,5.0,5.0,5.0,5.0,0.0,0.0
148,3,0.0,0.0,0.0,0.0,0.0,0.0,1.25,0.0,0.0,0.0,3.75,0.0,5.0,2.5,0.0,3.75,5.0,0.0,3.75,5.0,0.0,5.0,0.0,5.0,5.0,0.0,1.25,5.0,0.0,5.0,2.5,5.0,0.0,0.0,0.0,3.125,5.0,3.75,5.0,0.0,5.0,5.0,0.0,0.0,2.5,2.5,0.0,0.0,3.125,0.0,5.0,5.0,5.0,0.0,3.75,1.25,2.5,0.0,0.0,1.25,5.0,0.0,5.0,5.0,5.0,4.375,5.0,0.0,0.0
148,4,0.0,0.0,0.0,0.0,0.0,0.0,1.25,0.0,0.0,0.0,2.5,0.0,5.0,1.25,0.0,2.5,3.75,0.0,2.5,5.0,0.0,5.0,2.5,5.0,3.75,0.0,2.5,5.0,0.0,5.0,2.5,5.0,0.0,0.0,0.0,2.5,5.0,3.75,5.0,0.0,5.0,5.0,0.0,1.25,1.25,1.25,0.0,0.0,2.5,0.0,5.0,5.0,5.0,0.0,2.5,1.25,2.5,0.0,0.0,1.25,3.75,0.0,5.0,5.0,5.0,5.0,5.0,0.0,0.0
148,5,0.0,0.0,0.0,0.0,0.0,0.0,1.25,0.0,0.0,0.0,2.5,0.0,5.0,1.25,0.0,2.5,3.75,0.0,2.5,5.0,0.0,5.0,2.5,5.0,3.75,0.0,2.5,5.0,0.0,5.0,3.75,5.0,0.0,0.0,0.0,2.5,5.0,4.375,5.0,0.0,5.0,5.0,0.0,1.25,1.25,1.875,0.0,0.0,2.5,0.0,5.0,5.0,5.0,0.0,2.5,1.25,2.5,0.0,0.0,1.25,3.75,0.0,5.0,5.0,5.0,5.0,5.0,0.0,0.0
149,3,0.0,0.0,0.0,0.0,0.0,0.0,0.0,0.0,0.0,0.0,3.75,0.0,5.0,2.5,0.0,3.75,3.75,0.0,2.5,5.0,0.0,5.0,1.25,5.0,5.0,0.0,1.25,5.0,0.0,5.0,2.5,5.0,0.0,0.0,0.0,4.375,5.0,5.0,5.0,0.0,5.0,5.0,0.0,2.5,2.5,1.25,0.0,0.0,2.5,0.0,5.0,5.0,5.0,0.0,3.125,2.5,2.5,0.0,0.0,1.25,5.0,0.0,5.0,5.0,3.75,3.125,3.75,0.0,0.0
149,4,0.0,0.0,0.0,0.0,0.0,0.0,0.0,0.0,0.0,0.0,2.5,0.0,5.0,1.25,0.0,2.5,2.5,0.0,2.5,3.75,0.0,5.0,3.75,5.0,3.75,0.0,2.5,5.0,0.0,3.75,2.5,5.0,0.0,0.0,0.0,3.75,5.0,5.0,3.75,0.0,5.0,5.0,0.0,2.5,2.5,1.25,0.0,0.0,2.5,0.0,5.0,5.0,5.0,0.0,2.5,2.5,1.875,0.0,0.0,1.25,5.0,0.0,5.0,5.0,5.0,5.0,5.0,0.0,0.0
149,5,0.0,0.0,0.0,0.0,0.0,0.0,0.0,0.0,0.0,0.0,3.125,0.0,5.0,1.25,0.0,2.5,2.5,0.0,2.5,5.0,0.0,5.0,3.75,5.0,3.75,0.0,2.5,5.0,0.0,3.75,2.5,5.0,0.0,0.0,0.0,3.75,5.0,5.0,5.0,0.0,5.0,5.0,0.0,2.5,2.5,1.25,0.0,0.0,2.5,0.0,5.0,5.0,5.0,0.0,2.5,2.5,1.875,0.0,0.0,1.25,5.0,0.0,5.0,5.0,5.0,5.0,5.0,0.0,0.0
150,3,0.0,0.0,0.0,0.0,0.0,0.0,0.0,0.0,0.0,0.0,3.75,0.0,5.0,2.5,0.0,2.5,1.25,0.0,2.5,5.0,0.0,5.0,2.5,5.0,5.0,0.0,1.25,5.0,0.0,3.75,2.5,5.0,0.0,0.0,0.0,5.0,5.0,5.0,2.5,0.0,5.0,5.0,0.0,3.75,3.75,1.25,0.0,0.0,2.5,0.0,5.0,5.0,5.0,1.25,2.5,2.5,2.5,0.0,0.0,1.875,5.0,0.0,5.0,5.0,2.5,2.5,2.5,0.0,0.0
150,4,0.0,0.0,0.0,0.0,0.0,0.0,0.0,0.0,0.0,0.0,3.125,0.0,5.0,1.25,0.0,2.5,1.25,0.0,2.5,3.75,0.0,5.0,5.0,5.0,3.75,0.0,2.5,5.0,0.0,2.5,2.5,5.0,0.0,0.0,0.0,5.0,5.0,5.0,2.5,0.0,5.0,3.75,0.0,3.75,2.5,0.0,0.0,0.0,1.25,0.0,5.0,5.0,5.0,1.25,2.5,2.5,1.25,0.0,0.0,1.25,5.0,0.0,5.0,5.0,5.0,5.0,3.75,0.0,0.0
150,5,0.0,0.0,0.0,0.0,0.0,0.0,0.0,0.0,0.0,0.0,3.75,0.0,5.0,1.25,0.0,2.5,1.25,0.0,2.5,3.75,0.0,5.0,5.0,5.0,3.75,0.0,2.5,5.0,0.0,2.5,2.5,5.0,0.0,0.0,0.0,5.0,5.0,5.0,2.5,0.0,5.0,4.375,0.0,3.75,2.5,0.0,0.0,0.0,1.875,0.0,5.0,5.0,5.0,1.25,2.5,3.75,1.25,0.0,0.0,1.25,5.0,0.0,4.375,5.0,5.0,5.0,3.75,0.0,0.0
151,3,0.0,0.0,0.0,0.0,0.625,0.0,0.0,0.0,0.0,0.0,3.75,0.0,5.0,3.125,0.0,3.125,0.0,0.0,2.5,3.75,0.0,5.0,3.75,5.0,5.0,0.0,1.25,5.0,0.0,2.5,2.5,5.0,0.0,0.0,0.0,5.0,3.75,5.0,1.25,0.0,5.0,5.0,0.0,5.0,3.75,1.25,0.0,0.0,1.875,0.0,5.0,5.0,5.0,1.25,2.5,3.75,1.25,0.0,0.0,2.5,5.0,0.0,3.75,3.75,1.25,1.25,1.25,0.0,0.0
151,4,0.0,0.0,0.0,0.0,0.0,0.0,0.0,0.0,0.0,0.0,2.5,0.0,5.0,2.5,0.0,2.5,0.0,0.0,2.5,2.5,0.0,5.0,5.0,5.0,3.75,0.0,1.25,5.0,0.0,2.5,2.5,5.0,0.0,0.0,0.0,5.0,3.75,5.0,1.25,0.0,5.0,3.75,0.0,5.0,2.5,0.625,0.0,0.0,1.25,0.0,5.0,5.0,5.0,1.25,1.875,3.75,1.25,0.0,0.0,2.5,5.0,0.0,2.5,5.0,3.75,3.75,2.5,0.0,0.0
151,5,0.0,0.0,0.0,0.0,0.0,0.0,0.0,0.0,0.0,0.0,3.125,0.0,5.0,2.5,0.0,2.5,0.0,0.0,2.5,3.125,0.0,5.0,5.0,5.0,3.75,0.0,1.875,5.0,0.0,2.5,2.5,5.0,0.0,0.0,0.0,5.0,3.75,5.0,1.25,0.0,5.0,3.75,0.0,5.0,2.5,1.25,0.0,0.0,1.25,0.0,5.0,5.0,5.0,1.25,2.5,3.75,1.25,0.0,0.0,2.5,5.0,0.0,2.5,5.0,3.75,2.5,2.5,0.0,0.0
152,3,0.0,0.0,0.0,0.0,2.5,0.0,0.0,0.0,0.0,1.875,3.75,0.0,5.0,3.75,0.0,3.75,0.0,0.0,2.5,3.125,0.0,5.0,3.75,5.0,5.0,0.0,1.25,5.0,0.0,2.5,3.75,5.0,0.0,0.0,0.0,5.0,3.125,5.0,0.0,0.0,5.0,3.75,0.0,5.0,3.75,1.25,0.0,0.0,1.25,0.0,5.0,5.0,5.0,2.5,2.5,3.75,1.25,0.0,0.0,3.75,5.0,0.0,1.25,2.5,0.0,0.0,0.0,0.0,0.0
152,4,0.0,0.0,0.0,0.0,1.25,0.0,0.0,0.0,0.0,1.25,2.5,0.0,5.0,2.5,0.0,3.125,0.0,0.0,2.5,2.5,0.0,5.0,5.0,5.0,3.75,0.0,1.25,5.0,0.0,2.5,2.5,5.0,0.0,0.0,0.0,5.0,2.5,5.0,0.0,0.0,5.0,2.5,0.0,5.0,2.5,1.25,0.0,0.0,1.25,0.0,3.75,5.0,5.0,2.5,1.25,3.75,1.25,0.0,0.0,3.75,5.0,0.0,0.0,5.0,1.25,1.25,1.25,0.0,0.0
152,5,0.0,0.0,0.0,0.0,1.25,0.0,0.0,0.0,0.0,1.25,2.5,0.0,5.0,3.125,0.0,3.75,0.0,0.0,2.5,2.5,0.0,5.0,5.0,5.0,4.375,0.0,1.25,5.0,0.0,2.5,2.5,5.0,0.0,0.0,0.0,5.0,2.5,5.0,0.0,0.0,5.0,3.125,0.0,5.0,2.5,1.25,0.0,0.0,1.25,0.0,3.75,5.0,5.0,2.5,1.25,3.75,1.25,0.0,0.0,3.75,5.0,0.0,1.25,3.75,1.25,1.25,1.25,0.0,0.0
153,3,0.0,0.0,0.0,0.0,3.75,0.0,0.0,0.0,0.0,3.75,3.125,0.0,5.0,4.375,0.0,5.0,0.0,0.0,2.5,2.5,0.0,5.0,3.75,5.0,5.0,0.0,1.25,5.0,0.0,1.25,3.75,5.0,0.0,0.0,0.0,5.0,2.5,5.0,0.0,0.0,5.0,3.125,0.0,5.0,2.5,2.5,0.0,0.0,0.0,0.0,5.0,5.0,5.0,2.5,1.875,2.5,2.5,0.0,0.0,5.0,5.0,0.0,0.0,1.25,0.0,0.0,0.0,0.0,0.0
153,4,0.0,0.0,0.0,0.0,2.5,0.0,0.0,0.0,0.0,2.5,2.5,0.0,5.0,3.75,0.0,3.75,0.0,0.0,3.75,2.5,0.0,5.0,5.0,5.0,5.0,0.0,1.25,3.75,0.0,1.25,3.75,5.0,0.0,0.0,0.0,5.0,2.5,5.0,0.0,0.0,5.0,2.5,0.0,5.0,2.5,1.25,0.0,0.0,0.0,0.0,3.75,5.0,5.0,2.5,1.25,2.5,1.25,0.0,0.0,3.75,5.0,0.0,0.0,2.5,0.0,0.0,0.0,0.0,0.0
153,5,0.0,0.0,0.0,0.0,2.5,0.0,0.0,0.0,0.0,2.5,2.5,0.0,5.0,3.75,0.0,4.375,0.0,0.0,3.75,2.5,0.0,5.0,5.0,5.0,5.0,0.0,1.25,3.75,0.0,1.25,3.75,5.0,0.0,0.0,0.0,5.0,2.5,5.0,0.0,0.0,5.0,2.5,0.0,5.0,2.5,1.25,0.0,0.0,0.0,0.0,3.75,5.0,5.0,2.5,1.25,2.5,1.25,0.0,0.0,4.375,5.0,0.0,0.0,2.5,0.0,0.0,0.0,0.0,0.0
154,3,0.0,0.0,0.0,0.0,5.0,0.0,0.0,0.0,0.0,5.0,2.5,0.0,5.0,5.0,0.0,5.0,0.0,0.0,3.75,3.75,0.0,5.0,2.5,5.0,5.0,0.0,1.25,3.125,0.0,1.25,3.75,5.0,0.0,0.0,0.0,5.0,2.5,5.0,0.0,0.0,5.0,2.5,0.0,5.0,1.25,3.75,0.0,0.0,0.0,0.0,5.0,5.0,5.0,3.75,1.25,2.5,2.5,0.0,0.0,5.0,5.0,0.0,0.0,0.0,0.0,0.0,0.0,0.0,0.0
154,4,0.0,0.0,0.0,0.0,3.75,0.0,0.0,0.0,0.0,3.75,2.5,0.0,5.0,3.75,0.0,5.0,0.0,0.0,3.75,2.5,0.0,5.0,3.75,5.0,5.0,0.0,1.25,2.5,0.0,1.25,2.5,3.75,0.0,0.0,0.0,5.0,1.25,5.0,0.0,0.0,5.0,1.875,0.0,5.0,1.25,2.5,0.0,0.0,0.0,0.0,3.75,5.0,5.0,2.5,1.25,2.5,2.5,0.0,0.0,5.0,5.0,0.0,0.0,1.25,0.0,0.0,0.0,0.0,0.0
154,5,0.0,0.0,0.0,0.0,3.75,0.0,0.0,0.0,0.0,3.75,2.5,0.0,5.0,3.75,0.0,5.0,0.0,0.0,3.75,2.5,0.0,5.0,5.0,5.0,5.0,0.0,1.25,2.5,0.0,1.25,3.125,3.75,0.0,0.0,0.0,5.0,1.25,5.0,0.0,0.0,5.0,2.5,0.0,5.0,1.25,2.5,0.0,0.0,0.0,0.0,3.75,5.0,5.0,2.5,1.25,2.5,2.5,0.0,0.0,5.0,5.0,0.0,0.0,1.25,0.0,0.0,0.0,0.0,0.0
155,3,0.0,0.0,0.0,0.0,5.0,0.0,0.0,0.0,0.0,5.0,3.75,0.0,5.0,5.0,0.0,5.0,0.0,0.0,3.75,3.75,0.0,3.75,1.25,5.0,5.0,0.0,1.25,2.5,0.0,1.25,3.75,3.75,0.0,0.0,0.0,5.0,2.5,2.5,0.0,0.0,5.0,1.25,0.0,5.0,0.0,5.0,0.0,0.0,0.0,0.0,3.75,5.0,5.0,3.75,2.5,1.25,3.75,0.0,0.0,5.0,5.0,0.0,0.0,0.0,0.0,0.0,0.0,0.0,0.0
155,4,0.0,0.0,0.0,0.0,5.0,0.0,0.0,0.0,0.0,5.0,2.5,0.0,5.0,3.75,0.0,5.0,0.0,0.0,5.0,3.125,0.0,3.75,2.5,3.75,5.0,0.0,1.25,1.25,0.0,1.25,2.5,2.5,0.0,0.0,0.0,5.0,1.25,3.75,0.0,0.0,5.0,1.25,0.0,5.0,0.0,3.75,0.0,0.0,0.0,0.0,3.75,5.0,5.0,2.5,1.25,1.25,3.125,0.0,0.0,5.0,5.0,0.0,0.0,0.0,0.0,0.0,0.0,0.0,0.0
155,5,0.0,0.0,0.0,0.0,5.0,0.0,0.0,0.0,0.0,5.0,2.5,0.0,5.0,3.75,0.0,5.0,0.0,0.0,5.0,3.75,0.0,3.75,2.5,4.375,5.0,0.0,1.25,1.875,0.0,1.25,2.5,2.5,0.0,0.0,0.0,5.0,1.875,3.75,0.0,0.0,5.0,1.25,0.0,5.0,0.0,3.75,0.0,0.0,0.0,0.0,3.75,5.0,5.0,3.125,1.25,1.25,3.75,0.0,0.0,5.0,5.0,0.0,0.0,0.0,0.0,0.0,0.0,0.0,0.0
156,3,0.0,0.0,0.0,0.0,5.0,0.0,0.0,0.0,0.0,5.0,3.75,0.0,5.0,5.0,0.0,5.0,0.0,0.0,5.0,4.375,0.0,2.5,0.0,5.0,5.0,0.0,2.5,2.5,0.0,0.0,2.5,2.5,0.0,0.0,0.0,5.0,2.5,2.5,0.0,0.0,5.0,1.25,0.0,5.0,0.0,5.0,0.0,0.0,1.25,0.0,3.75,5.0,5.0,3.75,2.5,0.0,5.0,0.0,0.0,5.0,5.0,0.0,0.0,0.0,0.0,0.0,0.0,0.0,0.0
156,4,0.0,0.0,0.0,0.0,5.0,0.0,0.0,0.0,0.0,5.0,2.5,0.0,5.0,3.75,0.0,5.0,0.0,0.0,5.0,3.75,0.0,2.5,1.25,4.375,5.0,0.0,2.5,1.25,0.0,0.0,2.5,2.5,0.0,0.0,0.0,5.0,1.875,2.5,0.0,0.0,5.0,0.0,0.0,5.0,0.0,5.0,0.0,0.0,0.0,0.0,2.5,5.0,5.0,2.5,2.5,0.0,3.75,0.0,0.0,5.0,5.0,0.0,0.0,0.0,0.0,0.0,0.0,0.0,0.0
156,5,0.0,0.0,0.0,0.0,5.0,0.0,0.0,0.0,0.0,5.0,2.5,0.0,5.0,3.75,0.0,5.0,0.0,0.0,5.0,3.75,0.0,2.5,1.25,5.0,5.0,0.0,2.5,1.25,0.0,0.0,2.5,2.5,0.0,0.0,0.0,5.0,2.5,2.5,0.0,0.0,5.0,0.0,0.0,5.0,0.0,5.0,0.0,0.0,0.625,0.0,2.5,5.0,5.0,2.5,2.5,0.0,3.75,0.0,0.0,5.0,5.0,0.0,0.0,0.0,0.0,0.0,0.0,0.0,0.0
157,3,0.0,0.0,0.0,0.0,5.0,0.0,0.0,0.0,0.0,5.0,3.75,0.0,5.0,5.0,0.0,5.0,0.0,0.0,5.0,5.0,0.0,1.25,0.0,5.0,5.0,0.0,2.5,2.5,0.0,0.0,2.5,3.75,0.0,0.0,0.0,5.0,2.5,1.25,0.0,0.0,5.0,1.25,0.0,5.0,0.0,5.0,0.0,0.0,1.25,0.0,3.125,5.0,5.0,3.75,3.125,0.0,5.0,0.0,0.0,5.0,5.0,0.0,0.0,0.0,0.0,0.0,0.0,0.0,0.0
157,4,0.0,0.0,0.0,0.0,5.0,0.0,0.0,0.0,0.0,5.0,2.5,0.0,3.75,3.75,0.0,5.0,0.0,0.0,5.0,4.375,0.0,1.25,0.0,5.0,5.0,0.0,2.5,2.5,0.0,0.0,1.25,2.5,0.0,0.0,0.0,5.0,1.875,1.25,0.0,0.0,5.0,0.0,0.0,5.0,0.0,5.0,0.0,0.0,1.25,0.0,2.5,5.0,5.0,3.125,2.5,0.0,4.375,0.0,0.0,5.0,5.0,0.0,0.0,0.0,0.0,0.0,0.0,0.0,0.0
157,5,0.0,0.0,0.0,0.0,5.0,0.0,0.0,0.0,0.0,5.0,3.75,0.0,3.75,3.75,0.0,5.0,0.0,0.0,5.0,5.0,0.0,1.25,0.0,5.0,5.0,0.0,2.5,2.5,0.0,0.0,1.25,2.5,0.0,0.0,0.0,5.0,2.5,1.875,0.0,0.0,5.0,0.625,0.0,5.0,0.0,5.0,0.0,0.0,1.25,0.0,2.5,5.0,5.0,3.75,2.5,0.0,5.0,0.0,0.0,5.0,5.0,0.0,0.0,0.0,0.0,0.0,0.0,0.0,0.0
158,3,0.0,0.0,0.0,0.0,5.0,0.0,0.0,0.0,0.625,5.0,3.75,0.0,3.75,5.0,0.0,5.0,0.0,0.0,5.0,5.0,0.0,1.25,0.0,5.0,5.0,0.0,3.75,3.75,0.0,0.0,1.25,3.75,0.0,0.0,0.0,5.0,2.5,2.5,0.0,0.0,5.0,1.25,0.0,5.0,2.5,5.0,0.0,0.0,2.5,0.0,2.5,5.0,5.0,5.0,3.75,0.0,5.0,0.0,0.0,5.0,5.0,0.0,0.0,0.0,0.0,0.0,0.0,0.0,0.0
158,4,0.0,0.0,0.0,0.0,3.75,0.0,0.0,0.0,0.0,5.0,3.75,0.0,3.75,3.75,0.0,5.0,0.0,0.0,5.0,5.0,0.0,1.25,0.0,5.0,5.0,0.0,3.125,2.5,0.0,0.0,0.625,3.75,0.0,0.0,0.0,5.0,1.25,1.25,0.0,0.0,5.0,1.25,0.0,5.0,1.25,5.0,0.0,0.0,1.875,0.0,2.5,3.75,5.0,3.75,3.75,0.0,5.0,0.0,0.0,5.0,5.0,0.0,0.0,0.0,0.0,0.0,0.0,0.0,0.0
158,5,0.0,0.0,0.0,0.0,3.75,0.0,0.0,0.0,0.0,5.0,3.75,0.0,3.75,5.0,0.0,5.0,0.0,0.0,5.0,5.0,0.0,1.25,0.0,5.0,5.0,0.0,3.75,2.5,0.0,0.0,1.25,3.75,0.0,0.0,0.0,5.0,1.875,1.875,0.0,0.0,5.0,1.25,0.0,5.0,1.25,5.0,0.0,0.0,1.875,0.0,2.5,3.75,5.0,3.75,3.75,0.0,5.0,0.0,0.0,5.0,5.0,0.0,0.0,0.0,0.0,0.0,0.0,0.0,0.0
159,3,0.0,0.0,0.0,0.0,3.75,0.0,0.0,0.0,1.25,4.375,5.0,0.0,3.75,5.0,0.0,5.0,1.25,0.0,5.0,5.0,0.0,1.25,0.0,5.0,5.0,0.0,3.75,4.375,0.0,1.25,0.0,3.75,0.0,0.0,0.0,5.0,2.5,2.5,0.0,0.0,5.0,1.25,0.0,5.0,4.375,5.0,0.0,0.0,3.75,0.0,2.5,5.0,5.0,5.0,5.0,0.0,5.0,0.0,0.0,5.0,5.0,0.0,0.0,0.0,0.0,0.0,0.0,0.0,0.0
159,4,0.0,0.0,0.0,0.0,2.5,0.0,0.0,0.0,1.25,3.75,3.75,0.0,2.5,5.0,0.0,5.0,1.25,0.0,5.0,5.0,0.0,1.25,0.0,5.0,5.0,0.0,3.75,3.75,0.0,1.25,0.0,3.75,0.0,0.0,0.0,5.0,1.25,2.5,0.0,0.0,3.75,1.25,0.0,5.0,3.75,5.0,0.0,0.0,2.5,0.0,1.25,3.75,5.0,4.375,3.75,0.0,5.0,0.0,0.0,5.0,5.0,0.0,0.0,0.0,0.0,0.0,0.0,0.0,0.0
159,5,0.0,0.0,0.0,0.0,2.5,0.0,0.0,0.0,1.25,3.75,3.75,0.0,2.5,5.0,0.0,5.0,1.25,0.0,5.0,5.0,0.0,1.25,0.0,5.0,5.0,0.0,3.75,3.75,0.0,1.25,0.0,3.75,0.0,0.0,0.0,5.0,1.25,2.5,0.0,0.0,3.75,1.25,0.0,5.0,2.5,5.0,0.0,0.0,2.5,0.0,1.25,3.75,5.0,3.75,3.75,0.0,5.0,0.0,0.0,5.0,5.0,0.0,0.0,0.0,0.0,0.0,0.0,0.0,0.0
160,3,0.0,0.0,0.0,0.0,1.25,0.0,0.0,0.0,2.5,2.5,5.0,0.0,3.75,5.0,0.0,5.0,1.25,0.0,3.75,5.0,0.0,2.5,0.0,5.0,5.0,0.0,5.0,5.0,0.0,1.25,0.0,3.75,0.0,0.0,0.0,5.0,1.25,3.75,0.0,0.0,3.75,1.25,0.0,5.0,5.0,5.0,0.0,0.0,3.75,0.0,1.25,4.375,5.0,5.0,5.0,0.0,5.0,0.0,0.0,5.0,5.0,0.0,0.0,0.0,0.0,0.0,0.0,0.0,0.0
160,4,0.0,0.0,0.0,0.0,1.25,0.0,0.0,0.0,2.5,1.25,3.75,0.0,2.5,5.0,0.0,5.0,2.5,0.0,5.0,5.0,0.0,2.5,0.0,5.0,5.0,0.0,3.75,3.75,0.0,1.25,0.0,3.75,0.0,0.0,0.0,5.0,1.25,2.5,0.0,0.0,2.5,1.25,0.0,5.0,5.0,5.0,0.0,0.0,3.75,0.0,1.25,3.75,5.0,5.0,3.75,0.0,5.0,0.0,0.0,5.0,5.0,0.0,0.0,0.0,0.0,0.0,0.0,0.0,0.0
160,5,0.0,0.0,0.0,0.0,1.25,0.0,0.0,0.0,2.5,1.25,3.75,0.0,2.5,5.0,0.0,5.0,2.5,0.0,5.0,5.0,0.0,2.5,0.0,5.0,5.0,0.0,3.75,4.375,0.0,1.25,0.0,3.75,0.0,0.0,0.0,5.0,1.25,2.5,0.0,0.0,2.5,1.25,0.0,5.0,5.0,5.0,0.0,0.0,3.75,0.0,1.25,3.75,5.0,5.0,5.0,0.0,5.0,0.0,0.0,5.0,5.0,0.0,0.0,0.0,0.0,0.0,0.0,0.0,0.0
161,3,0.0,0.0,0.0,0.0,0.0,0.0,1.25,0.0,3.75,1.25,5.0,0.0,3.75,5.0,0.0,5.0,2.5,0.0,3.75,5.0,0.0,3.75,0.0,5.0,5.0,0.0,5.0,5.0,0.0,2.5,0.0,3.75,0.0,0.0,0.0,5.0,1.25,3.75,0.0,0.0,2.5,2.5,0.0,5.0,5.0,5.0,0.0,0.0,4.375,0.0,1.25,3.75,5.0,5.0,5.0,0.0,5.0,0.0,0.0,5.0,5.0,0.0,0.0,0.0,0.0,0.0,0.0,0.0,0.0
161,4,0.0,0.0,0.0,0.0,0.0,0.0,1.25,0.0,3.125,0.625,5.0,0.0,2.5,5.0,0.0,5.0,2.5,0.0,3.75,5.0,0.0,2.5,0.0,5.0,5.0,0.0,4.375,5.0,0.0,2.5,0.0,3.75,0.0,0.0,0.0,5.0,1.25,3.75,0.0,0.0,1.25,2.5,0.0,5.0,5.0,5.0,0.0,1.25,3.75,0.0,1.25,3.125,5.0,5.0,5.0,0.0,5.0,0.0,0.0,5.0,5.0,0.0,0.0,0.0,0.0,0.0,0.0,0.0,0.0
161,5,0.0,0.0,0.0,0.0,0.0,0.0,1.25,0.0,3.75,0.0,5.0,0.0,2.5,5.0,0.0,5.0,3.75,0.0,4.375,5.0,0.0,2.5,0.0,5.0,5.0,0.0,5.0,5.0,0.0,2.5,0.0,3.75,0.0,0.0,0.0,5.0,1.25,3.75,0.0,0.0,1.875,2.5,0.0,5.0,5.0,5.0,0.0,1.25,3.75,0.0,1.25,3.75,5.0,5.0,5.0,0.0,5.0,0.0,0.0,5.0,5.0,0.0,0.0,0.0,0.0,0.0,0.0,0.0,0.0
162,3,0.0,0.0,0.0,0.0,0.0,0.0,1.25,0.0,5.0,0.0,5.0,0.0,3.75,5.0,0.0,5.0,3.75,0.0,3.75,5.0,0.0,3.75,0.0,5.0,5.0,0.0,5.0,5.0,0.0,3.75,1.25,2.5,0.0,0.0,0.0,5.0,1.25,3.75,0.0,0.0,1.25,3.75,0.0,5.0,5.0,5.0,0.0,1.25,5.0,0.0,1.875,3.125,5.0,5.0,5.0,0.0,5.0,0.0,0.0,5.0,5.0,0.0,0.0,0.0,0.0,0.0,0.0,0.0,0.0
162,4,0.0,0.0,0.0,0.0,0.0,0.0,1.25,0.0,3.75,0.0,5.0,0.0,3.75,5.0,0.0,3.75,3.75,0.0,3.75,5.0,0.0,2.5,0.0,5.0,5.0,0.0,5.0,5.0,0.0,2.5,1.25,2.5,0.0,0.0,0.0,5.0,1.25,3.75,0.0,0.0,1.25,2.5,0.0,5.0,5.0,5.0,0.0,2.5,5.0,0.0,1.25,2.5,4.375,5.0,5.0,0.0,5.0,0.0,0.0,5.0,5.0,0.0,0.0,0.0,0.0,0.0,0.0,0.0,0.0
162,5,0.0,0.0,0.0,0.0,0.0,0.0,1.25,0.0,3.75,0.0,5.0,0.0,3.75,5.0,0.0,4.375,3.75,0.0,3.75,5.0,0.0,2.5,0.0,5.0,5.0,0.0,5.0,5.0,0.0,2.5,1.25,2.5,0.0,0.0,0.0,5.0,1.25,3.75,0.0,0.0,1.25,2.5,0.0,5.0,5.0,5.0,0.0,3.75,4.375,0.0,1.25,2.5,5.0,5.0,5.0,0.0,5.0,0.0,0.0,5.0,5.0,0.0,0.0,0.0,0.0,0.0,0.0,0.0,0.0
163,3,0.0,0.0,2.5,0.0,1.25,0.0,2.5,0.0,5.0,0.0,5.0,0.0,5.0,5.0,0.0,3.75,3.75,0.0,2.5,5.0,0.0,3.75,0.0,3.75,5.0,0.0,5.0,5.0,0.0,3.75,2.5,1.25,1.25,0.0,0.0,5.0,1.25,3.75,0.0,0.0,0.625,3.75,0.0,5.0,5.0,5.0,0.0,2.5,5.0,0.0,2.5,2.5,4.375,5.0,5.0,0.0,5.0,0.0,0.0,5.0,5.0,0.0,0.0,0.0,0.0,0.0,0.0,0.0,0.0
163,4,0.0,0.0,1.25,0.0,0.0,0.0,2.5,0.0,3.75,0.0,5.0,0.0,3.75,4.375,0.0,3.125,3.75,0.0,2.5,5.0,0.0,2.5,0.0,3.75,5.0,0.0,5.0,5.0,0.0,3.125,1.25,1.25,1.25,0.0,0.0,5.0,1.25,2.5,0.0,0.0,0.0,3.75,0.0,5.0,5.0,5.0,0.0,3.75,5.0,0.0,1.875,1.25,3.75,5.0,5.0,0.0,5.0,0.0,0.0,5.0,5.0,0.0,0.0,0.0,0.0,0.0,0.0,0.0,0.0
163,5,0.0,0.0,1.25,0.0,0.625,0.0,2.5,0.0,3.75,0.0,5.0,0.0,3.75,4.375,0.0,3.75,3.75,0.0,2.5,5.0,0.0,2.5,0.0,3.75,5.0,0.0,5.0,5.0,0.0,3.75,1.25,1.875,1.25,0.0,0.0,5.0,1.25,2.5,0.0,0.0,0.0,3.75,0.0,5.0,5.0,5.0,0.0,3.75,5.0,0.0,2.5,1.25,3.75,5.0,5.0,0.0,5.0,0.0,0.0,5.0,5.0,0.0,0.0,0.0,0.0,0.0,0.0,0.0,0.0
164,3,0.0,0.0,5.0,0.0,2.5,0.0,3.75,0.0,5.0,0.0,5.0,0.0,5.0,3.75,0.0,3.75,3.75,0.0,2.5,5.0,0.0,2.5,0.0,3.75,5.0,0.0,5.0,5.0,0.0,3.75,2.5,1.25,2.5,0.0,0.0,5.0,1.25,2.5,0.0,0.0,0.0,4.375,0.0,5.0,5.0,5.0,0.0,2.5,5.0,0.0,2.5,1.25,3.75,5.0,5.0,0.0,5.0,0.0,0.0,5.0,5.0,0.0,0.0,0.0,0.0,0.0,0.0,0.0,0.0
164,4,0.0,0.0,3.75,0.0,1.25,0.0,2.5,0.0,3.75,0.0,5.0,0.0,3.75,3.75,0.0,2.5,3.75,0.0,2.5,5.0,0.0,2.5,0.0,2.5,5.0,0.0,5.0,4.375,0.0,3.75,2.5,1.25,2.5,0.0,0.0,5.0,1.25,2.5,0.0,0.0,0.0,3.75,0.0,3.75,5.0,4.375,0.0,5.0,5.0,0.0,2.5,1.25,3.75,5.0,5.0,0.0,5.0,0.0,0.0,5.0,5.0,0.0,0.0,0.0,0.0,0.0,0.0,0.0,0.0
164,5,0.0,0.0,2.5,0.0,1.25,0.0,2.5,0.0,3.75,0.0,5.0,0.0,3.75,3.75,0.0,2.5,3.75,0.0,2.5,5.0,0.0,2.5,0.0,2.5,5.0,0.0,5.0,5.0,0.0,3.75,2.5,1.25,1.25,0.0,0.0,5.0,1.875,2.5,0.0,0.0,0.0,3.75,0.0,3.75,5.0,5.0,0.0,5.0,5.0,0.0,2.5,1.25,3.75,5.0,5.0,0.0,5.0,0.0,0.0,5.0,5.0,0.0,0.0,0.0,0.0,0.0,0.0,0.0,0.0
165,3,0.0,0.0,5.0,0.0,3.75,0.0,3.75,0.0,4.375,1.25,5.0,0.0,5.0,3.125,0.0,3.125,2.5,0.0,3.75,5.0,0.0,2.5,0.0,2.5,5.0,0.0,5.0,5.0,0.0,4.375,3.75,0.0,4.375,0.0,0.0,5.0,1.875,2.5,0.0,0.0,0.625,5.0,0.0,3.75,5.0,3.75,0.0,3.75,5.0,0.0,3.75,1.25,3.75,5.0,5.0,0.0,5.0,0.0,0.0,5.0,5.0,0.0,0.0,0.0,0.0,0.0,0.0,0.0,0.0
165,4,0.0,0.0,5.0,0.0,2.5,0.0,3.75,0.0,3.75,1.25,5.0,0.0,4.375,2.5,0.0,2.5,2.5,0.0,2.5,3.75,0.0,1.25,0.0,2.5,5.0,0.0,5.0,3.75,0.0,3.75,2.5,0.0,3.75,0.0,0.0,5.0,2.5,1.25,0.0,0.0,0.0,5.0,0.0,2.5,5.0,3.75,0.0,5.0,5.0,0.0,2.5,1.25,3.75,5.0,5.0,0.0,5.0,0.0,0.0,5.0,5.0,0.0,0.0,0.0,0.0,0.0,0.0,0.0,0.0
165,5,0.0,0.0,5.0,0.0,2.5,0.0,3.75,0.0,3.75,1.25,5.0,0.0,5.0,2.5,0.0,2.5,2.5,0.0,2.5,3.75,0.0,1.875,0.0,2.5,5.0,0.0,5.0,5.0,0.0,3.75,2.5,0.0,3.75,0.0,0.0,5.0,2.5,1.25,0.0,0.0,0.0,5.0,0.0,2.5,5.0,3.75,0.0,5.0,5.0,0.0,2.5,1.25,3.75,5.0,5.0,0.0,5.0,0.0,0.0,5.0,5.0,0.0,0.0,0.0,0.0,0.0,0.0,0.0,0.0
166,3,0.0,0.0,5.0,0.0,5.0,0.0,5.0,0.0,3.75,2.5,5.0,0.0,5.0,2.5,0.0,3.125,1.25,0.0,3.75,5.0,0.0,1.25,0.0,2.5,5.0,0.0,5.0,5.0,0.0,5.0,3.75,0.0,5.0,0.0,0.0,5.0,2.5,1.25,1.25,0.0,1.25,5.0,0.0,2.5,5.0,3.75,0.0,2.5,5.0,0.0,3.75,0.0,3.125,5.0,5.0,1.25,5.0,0.0,0.0,5.0,5.0,0.0,0.0,0.0,0.0,0.0,0.0,0.0,0.0
166,4,0.0,0.0,5.0,0.0,3.75,0.0,3.75,0.0,2.5,2.5,5.0,0.0,4.375,2.5,0.0,2.5,1.875,0.0,2.5,3.75,0.0,1.25,0.0,2.5,5.0,0.0,3.75,3.75,0.0,3.75,2.5,0.0,5.0,0.0,0.0,5.0,2.5,1.25,1.25,0.0,1.25,5.0,0.0,1.25,5.0,2.5,0.0,5.0,5.0,0.0,3.125,0.0,2.5,5.0,5.0,0.0,5.0,0.0,0.0,5.0,3.75,0.0,0.0,0.0,0.0,0.0,0.0,0.0,0.0
166,5,0.0,0.0,5.0,0.0,3.75,0.0,3.75,0.0,2.5,2.5,5.0,0.0,5.0,2.5,0.0,3.125,2.5,0.0,2.5,3.75,0.0,1.25,0.0,2.5,5.0,0.0,3.75,4.375,0.0,3.75,3.125,0.0,5.0,0.0,0.0,5.0,2.5,1.25,1.25,0.0,1.25,5.0,0.0,1.25,5.0,2.5,0.0,5.0,5.0,0.0,3.75,0.0,2.5,5.0,5.0,0.0,5.0,0.0,0.0,5.0,4.375,0.0,0.0,0.0,0.0,0.0,0.0,0.0,0.0
167,3,0.0,0.0,5.0,0.0,5.0,0.0,5.0,0.0,2.5,3.75,5.0,0.0,5.0,1.25,0.0,2.5,0.0,0.0,3.75,5.0,0.0,1.25,1.25,1.25,5.0,0.0,5.0,5.0,0.0,5.0,3.75,0.0,5.0,0.0,0.0,5.0,2.5,1.25,2.5,0.0,2.5,5.0,0.0,1.25,5.0,2.5,0.0,2.5,5.0,0.0,3.75,0.0,2.5,5.0,5.0,2.5,5.0,0.0,0.0,5.0,3.75,0.0,0.0,0.0,0.0,0.0,0.0,0.0,0.0
167,4,0.0,0.0,5.0,0.0,3.75,0.0,3.75,0.0,2.5,2.5,5.0,0.0,4.375,1.25,0.0,2.5,1.25,0.0,2.5,3.75,0.0,1.25,1.25,2.5,5.0,0.0,3.75,3.75,0.0,3.75,2.5,0.0,5.0,0.0,0.0,5.0,2.5,1.25,1.25,0.0,1.25,5.0,0.0,0.0,5.0,2.5,0.0,3.75,5.0,0.0,3.75,0.0,1.875,5.0,5.0,1.25,3.75,0.0,0.0,5.0,2.5,0.0,0.0,0.0,0.0,0.0,0.0,0.0,0.0
167,5,0.0,0.0,5.0,0.0,5.0,0.0,3.75,0.0,2.5,2.5,5.0,0.0,5.0,1.25,0.0,3.125,1.25,0.0,3.125,3.75,0.0,1.25,1.25,2.5,5.0,0.0,3.75,4.375,0.0,3.75,3.125,0.0,5.0,0.0,0.0,5.0,2.5,1.25,2.5,0.0,1.25,5.0,0.0,0.0,5.0,2.5,0.0,3.75,5.0,0.0,3.75,0.0,2.5,5.0,5.0,1.25,3.75,0.0,0.0,5.0,2.5,0.0,0.0,0.0,0.0,0.0,0.0,0.0,0.0
168,3,0.0,0.0,5.0,0.0,5.0,0.0,5.0,0.0,2.5,5.0,5.0,0.0,5.0,1.25,0.0,3.125,0.0,0.0,3.75,5.0,0.0,2.5,2.5,1.25,5.0,0.0,5.0,5.0,0.0,5.0,3.75,0.0,5.0,0.0,0.0,5.0,3.75,2.5,3.75,0.0,2.5,5.0,0.0,0.0,4.375,3.75,0.0,1.25,5.0,0.0,5.0,0.0,1.25,5.0,5.0,5.0,5.0,0.0,0.0,5.0,1.25,0.0,0.0,0.0,0.0,0.0,0.0,0.0,0.0
168,4,0.0,0.0,5.0,0.0,3.75,0.0,5.0,0.0,2.5,3.75,5.0,0.0,4.375,1.25,0.0,3.125,0.0,0.0,3.75,5.0,0.0,1.25,1.25,2.5,5.0,0.0,3.75,4.375,0.0,3.75,2.5,0.0,5.0,0.0,0.0,5.0,3.75,1.25,2.5,0.0,1.875,5.0,0.0,0.0,3.75,2.5,0.0,2.5,5.0,0.0,3.75,1.25,1.25,5.0,5.0,3.75,3.75,0.0,0.0,5.0,1.25,0.0,0.0,0.0,0.0,0.0,0.0,0.0,0.0
168,5,0.0,0.0,5.0,0.0,4.375,0.0,5.0,0.0,2.5,3.75,5.0,0.0,4.375,1.25,0.0,3.75,0.0,0.0,3.75,5.0,0.0,1.875,2.5,2.5,5.0,0.0,3.75,5.0,0.0,3.75,3.125,0.0,5.0,0.0,0.0,5.0,3.75,1.25,3.75,0.0,2.5,5.0,0.0,0.0,3.75,3.125,0.0,2.5,5.0,0.0,3.75,1.25,1.25,5.0,5.0,2.5,3.75,0.0,0.0,5.0,1.25,0.0,0.0,0.0,0.0,0.0,0.0,0.0,0.0
169,3,0.0,0.0,5.0,0.0,5.0,0.0,5.0,0.0,1.25,5.0,5.0,0.0,5.0,1.25,0.0,3.125,0.0,0.0,5.0,5.0,0.0,2.5,3.75,2.5,5.0,0.0,5.0,5.0,0.0,5.0,3.125,0.0,5.0,0.0,0.0,5.0,5.0,2.5,5.0,0.0,2.5,5.0,0.0,0.0,2.5,5.0,0.0,0.0,3.75,0.0,5.0,1.25,0.0,5.0,5.0,5.0,3.75,0.0,0.0,5.0,0.0,0.0,0.0,0.0,0.0,0.0,0.0,0.0,0.0
169,4,0.0,0.0,5.0,0.0,3.75,0.0,5.0,0.0,2.5,3.75,5.0,0.0,4.375,2.5,0.0,3.75,0.0,0.0,3.75,5.0,0.0,2.5,2.5,3.75,4.375,0.0,3.75,5.0,0.0,3.75,2.5,0.0,5.0,0.0,0.0,5.0,4.375,2.5,3.75,0.0,2.5,5.0,0.0,0.0,1.875,3.75,0.0,1.25,3.75,0.0,3.75,1.25,0.0,5.0,5.0,5.0,3.75,0.0,0.0,3.75,0.0,0.0,0.0,0.0,0.0,0.0,0.0,0.0,0.0
169,5,0.0,0.0,5.0,0.0,3.75,0.0,5.0,0.0,2.5,3.75,5.0,0.0,4.375,2.5,0.0,3.75,0.0,0.0,3.75,5.0,0.0,2.5,3.75,3.75,5.0,0.0,5.0,5.0,0.0,3.75,3.125,0.0,5.0,0.0,0.0,5.0,5.0,2.5,5.0,0.0,2.5,5.0,0.0,0.0,1.25,3.75,0.0,1.25,3.75,0.0,3.75,1.25,0.0,5.0,5.0,5.0,3.75,0.0,0.0,4.375,0.0,0.0,0.0,0.0,0.0,0.0,0.0,0.0,0.0
170,3,0.0,0.0,5.0,0.0,3.75,0.0,5.0,0.0,1.25,3.75,5.0,0.0,5.0,1.25,0.0,3.75,0.0,0.0,5.0,5.0,0.0,2.5,5.0,2.5,5.0,0.0,5.0,5.0,0.0,5.0,2.5,0.0,5.0,0.0,0.0,5.0,5.0,3.75,5.0,0.0,2.5,5.0,0.0,0.0,1.25,5.0,0.0,0.0,3.125,0.0,5.0,1.25,0.0,5.0,5.0,5.0,3.75,0.0,0.0,5.0,0.0,0.0,0.0,0.0,0.0,0.0,0.0,0.0,0.0
170,4,0.0,0.0,5.0,0.0,2.5,0.0,5.0,0.0,2.5,3.75,5.0,0.0,4.375,2.5,0.0,3.75,0.0,0.0,3.75,5.0,0.0,2.5,3.75,3.75,3.75,0.0,5.0,5.0,0.0,3.75,2.5,0.0,5.0,0.0,0.0,5.0,5.0,2.5,5.0,0.0,1.875,5.0,0.0,0.0,0.0,5.0,0.0,0.0,3.75,0.0,3.75,1.25,0.0,5.0,5.0,5.0,3.75,0.0,0.0,3.75,0.0,0.0,0.0,0.0,0.0,0.0,0.0,0.0,0.0
170,5,0.0,0.0,5.0,0.0,2.5,0.0,5.0,0.0,2.5,3.75,5.0,0.0,5.0,2.5,0.0,3.75,0.0,0.0,3.75,5.0,0.0,2.5,4.375,3.75,4.375,0.0,5.0,5.0,0.0,5.0,3.125,0.0,5.0,0.0,0.0,5.0,5.0,2.5,5.0,0.0,2.5,5.0,0.0,0.0,0.0,5.0,0.0,0.0,3.75,0.0,3.75,1.25,0.0,5.0,5.0,5.0,3.75,0.0,0.0,3.75,0.0,0.0,0.0,0.0,0.0,0.0,0.0,0.0,0.0
171,3,0.0,0.0,3.75,0.0,2.5,0.0,5.0,0.0,1.25,3.75,5.0,0.0,5.0,2.5,0.0,4.375,0.0,0.0,5.0,5.0,0.0,2.5,5.0,2.5,5.0,0.0,5.0,5.0,0.0,5.0,3.125,1.25,5.0,0.0,0.0,5.0,5.0,3.75,5.0,0.0,1.875,5.0,0.0,0.0,0.0,5.0,0.0,0.0,2.5,0.0,5.0,1.875,0.0,5.0,5.0,5.0,3.75,0.0,0.0,3.75,0.0,0.0,0.0,0.0,0.0,0.0,0.0,0.0,0.0
171,4,0.0,0.0,2.5,0.0,1.25,0.0,5.0,0.0,3.75,2.5,5.0,0.0,5.0,2.5,0.0,3.75,0.0,0.0,3.75,5.0,0.0,2.5,5.0,3.75,3.75,0.0,5.0,5.0,0.0,5.0,3.125,1.25,3.75,0.0,0.0,5.0,5.0,2.5,5.0,0.0,1.25,5.0,0.0,0.0,0.0,5.0,0.0,0.0,2.5,0.0,3.75,2.5,0.0,5.0,5.0,5.0,3.75,1.25,0.0,2.5,0.0,0.0,0.0,0.0,0.0,0.0,0.0,0.0,0.0
171,5,0.0,0.0,1.25,0.0,1.25,0.0,5.0,0.0,3.75,2.5,5.0,0.0,5.0,2.5,0.0,3.75,0.0,0.0,3.75,5.0,0.0,2.5,5.0,4.375,4.375,0.0,5.0,5.0,0.0,5.0,3.75,1.25,3.75,0.0,0.0,5.0,5.0,2.5,5.0,0.0,1.25,5.0,0.0,0.0,0.0,5.0,0.0,0.0,2.5,0.0,3.75,2.5,0.0,5.0,5.0,5.0,3.75,0.0,0.0,2.5,0.0,0.0,0.0,0.0,0.0,0.0,0.0,0.0,0.0
172,3,0.0,0.0,1.25,0.0,1.25,0.0,5.0,0.0,2.5,2.5,5.0,0.0,5.0,3.75,0.0,5.0,1.25,0.0,5.0,5.0,0.0,3.125,5.0,2.5,5.0,0.0,5.0,5.0,0.0,5.0,3.125,2.5,2.5,0.0,0.0,5.0,5.0,3.75,5.0,0.0,1.25,5.0,0.0,1.25,0.0,5.0,0.0,0.0,1.25,0.0,5.0,2.5,0.0,5.0,5.0,5.0,2.5,1.25,0.0,2.5,0.0,0.0,0.0,0.0,0.0,0.0,0.0,0.0,0.0
172,4,0.0,0.0,1.25,0.0,0.0,0.0,5.0,0.0,5.0,2.5,5.0,0.0,5.0,2.5,0.0,5.0,1.25,0.0,3.75,5.0,0.0,2.5,5.0,3.75,4.375,0.0,5.0,5.0,0.0,5.0,3.75,1.25,2.5,0.0,0.0,5.0,5.0,2.5,5.0,0.0,1.25,5.0,0.0,1.25,0.0,5.0,0.0,0.0,2.5,0.0,3.75,2.5,0.0,5.0,5.0,5.0,3.75,2.5,0.0,2.5,0.0,0.0,0.0,0.0,0.0,0.0,0.0,0.0,0.0
172,5,0.0,0.0,0.625,0.0,0.625,0.0,5.0,0.0,5.0,2.5,5.0,0.0,5.0,2.5,0.0,5.0,1.25,0.0,3.75,5.0,0.0,3.125,5.0,4.375,5.0,0.0,5.0,5.0,0.0,5.0,3.75,1.25,2.5,0.0,0.0,5.0,5.0,2.5,5.0,0.0,1.25,5.0,0.0,1.25,0.0,5.0,0.0,0.0,2.5,0.0,3.75,2.5,0.0,5.0,5.0,5.0,3.75,2.5,0.0,2.5,0.0,0.0,0.0,0.0,0.0,0.0,0.0,0.0,0.0
173,3,0.0,0.0,0.0,0.0,0.0,0.0,5.0,0.0,3.75,2.5,5.0,0.0,5.0,3.75,0.0,5.0,2.5,0.0,5.0,5.0,0.0,3.125,5.0,2.5,5.0,0.0,5.0,5.0,0.0,5.0,3.125,2.5,1.25,0.0,0.0,5.0,5.0,2.5,5.0,0.0,2.5,5.0,0.0,1.25,0.0,5.0,0.0,0.0,1.25,0.0,5.0,2.5,0.0,5.0,5.0,5.0,2.5,2.5,0.0,1.25,0.0,0.0,0.0,0.0,0.0,0.0,0.0,0.0,0.0
173,4,0.0,0.0,0.0,0.0,0.0,0.0,5.0,0.0,5.0,2.5,5.0,0.0,5.0,3.75,0.0,5.0,2.5,0.0,3.75,5.0,0.0,2.5,5.0,3.75,5.0,0.0,5.0,5.0,0.0,5.0,3.75,2.5,1.25,0.0,0.0,5.0,5.0,2.5,3.75,0.0,1.875,5.0,0.0,1.25,0.0,5.0,0.0,0.0,3.75,0.0,3.75,2.5,0.0,3.75,5.0,5.0,3.75,3.75,0.0,1.25,0.0,0.0,0.0,0.0,0.0,0.0,0.0,0.0,0.0
173,5,0.0,0.0,0.0,0.0,0.0,0.0,5.0,0.0,5.0,2.5,5.0,0.0,5.0,3.75,0.0,5.0,2.5,0.0,3.75,5.0,0.0,2.5,5.0,3.75,5.0,0.0,5.0,5.0,0.0,5.0,3.75,2.5,1.25,0.0,0.0,5.0,5.0,2.5,3.75,0.0,1.875,5.0,0.0,1.25,0.0,5.0,0.0,0.0,3.75,0.0,3.75,2.5,0.0,3.75,5.0,5.0,3.75,3.75,0.0,1.25,0.0,0.0,0.0,0.0,0.0,0.0,0.0,0.0,0.0
174,3,0.0,0.0,0.0,0.0,0.0,0.0,5.0,0.0,3.75,1.25,5.0,0.0,5.0,5.0,0.0,5.0,3.75,0.0,4.375,5.0,0.0,3.125,5.0,2.5,5.0,0.0,5.0,5.0,0.0,5.0,3.125,2.5,0.0,0.0,0.0,3.75,5.0,2.5,2.5,0.0,2.5,5.0,0.0,1.875,0.0,5.0,0.0,0.0,1.25,0.0,5.0,2.5,1.25,3.75,5.0,5.0,2.5,3.75,0.0,0.0,0.0,0.0,0.0,0.0,0.0,0.0,0.0,0.0,0.0
174,4,0.0,0.0,0.0,0.0,0.0,0.0,5.0,0.0,5.0,2.5,5.0,0.0,5.0,3.75,0.0,5.0,3.125,0.0,3.75,5.0,0.0,2.5,3.75,3.75,5.0,0.0,5.0,5.0,0.0,5.0,3.75,2.5,0.0,0.0,0.0,5.0,5.0,2.5,2.5,0.0,2.5,5.0,0.0,1.25,0.0,5.0,0.0,0.0,3.75,0.0,3.75,2.5,1.25,2.5,5.0,5.0,5.0,5.0,0.0,1.25,0.0,0.0,0.0,0.0,0.0,0.0,0.0,0.0,0.0
174,5,0.0,0.0,0.0,0.0,0.0,0.0,5.0,0.0,5.0,2.5,5.0,0.0,5.0,5.0,0.0,5.0,3.75,0.0,3.75,5.0,0.0,2.5,4.375,3.75,5.0,0.0,5.0,5.0,0.0,5.0,3.75,2.5,0.0,0.0,0.0,5.0,5.0,2.5,2.5,0.0,2.5,5.0,0.0,1.875,0.0,5.0,0.0,0.0,5.0,0.0,3.75,2.5,1.25,2.5,5.0,5.0,5.0,5.0,0.0,1.25,0.0,0.0,0.0,0.0,0.0,0.0,0.0,0.0,0.0
175,3,0.0,0.0,1.25,0.0,0.0,0.0,5.0,0.0,5.0,1.25,5.0,0.0,5.0,5.0,0.0,5.0,5.0,0.0,3.75,5.0,0.0,3.75,3.75,2.5,5.0,0.0,5.0,5.0,0.0,5.0,3.75,3.75,0.0,0.0,0.0,3.75,5.0,2.5,1.25,0.0,3.75,5.0,0.0,2.5,0.0,5.0,0.0,0.0,1.25,0.0,5.0,3.125,1.25,2.5,5.0,5.0,1.25,5.0,0.0,0.0,0.0,0.0,0.0,0.0,0.0,0.0,0.0,0.0,0.0
175,4,0.0,0.0,0.625,0.0,0.0,0.0,5.0,0.0,5.0,2.5,5.0,0.0,5.0,5.0,0.0,5.0,3.75,0.0,3.75,5.0,0.0,2.5,2.5,3.75,5.0,0.0,5.0,5.0,0.0,5.0,3.75,2.5,0.0,0.0,0.0,3.75,5.0,2.5,1.25,0.0,3.75,5.0,0.0,2.5,0.0,5.0,0.0,0.0,5.0,0.0,3.75,2.5,1.25,1.25,5.0,5.0,5.0,5.0,0.0,1.25,0.0,0.0,0.0,0.0,0.0,0.0,0.0,0.0,0.0
175,5,0.0,0.0,0.0,0.0,0.0,0.0,5.0,0.0,5.0,2.5,5.0,0.0,5.0,5.0,0.0,5.0,3.75,0.0,3.75,5.0,0.0,2.5,3.75,3.75,5.0,0.0,5.0,5.0,0.0,5.0,3.75,2.5,0.0,0.0,0.0,4.375,5.0,2.5,1.25,0.0,3.75,5.0,0.0,2.5,0.0,5.0,0.0,0.0,5.0,0.0,3.75,2.5,1.25,1.25,5.0,5.0,5.0,5.0,0.0,1.25,0.0,0.0,0.0,0.0,0.0,0.0,0.0,0.0,0.0
176,3,0.0,0.0,2.5,0.0,0.0,0.0,5.0,0.0,5.0,1.25,5.0,0.0,5.0,5.0,0.0,5.0,5.0,0.0,3.75,5.0,0.0,3.75,2.5,3.125,5.0,0.0,5.0,5.0,0.0,5.0,3.75,3.125,0.0,0.0,0.0,2.5,5.0,2.5,0.0,0.0,5.0,5.0,0.0,2.5,0.625,5.0,0.0,0.0,2.5,0.0,5.0,3.75,1.25,1.25,5.0,5.0,1.25,5.0,0.0,0.0,0.0,0.0,0.0,0.0,0.0,0.0,0.0,0.0,0.0
176,4,0.0,0.0,1.25,0.0,0.0,0.0,5.0,0.0,5.0,2.5,5.0,0.0,4.375,5.0,0.0,5.0,4.375,0.0,3.75,5.0,0.0,3.125,1.25,3.75,5.0,0.0,3.75,5.0,0.0,5.0,3.75,2.5,0.0,0.0,0.0,3.75,5.0,2.5,0.0,0.0,3.75,5.0,0.0,1.875,0.0,5.0,0.0,0.0,5.0,0.0,3.75,2.5,1.25,0.0,5.0,5.0,5.0,5.0,0.0,2.5,0.0,0.0,0.0,0.0,0.0,0.0,0.0,0.0,0.0
176,5,0.0,0.0,2.5,0.0,0.0,0.0,5.0,0.0,5.0,2.5,5.0,0.0,5.0,5.0,0.0,5.0,5.0,0.0,3.75,5.0,0.0,3.75,2.5,3.75,5.0,0.0,4.375,5.0,0.0,5.0,3.75,2.5,0.0,0.0,0.0,3.75,5.0,2.5,0.0,0.0,3.75,5.0,0.0,2.5,0.0,5.0,0.0,0.0,5.0,0.0,3.75,2.5,1.25,0.0,5.0,5.0,5.0,5.0,0.0,2.5,0.0,0.0,0.0,0.0,0.0,0.0,0.0,0.0,0.0
177,3,0.0,0.0,3.75,0.0,1.25,0.0,5.0,0.0,5.0,2.5,5.0,0.0,5.0,5.0,0.0,5.0,5.0,0.0,3.75,5.0,0.0,5.0,1.25,3.75,5.0,0.0,5.0,5.0,0.0,5.0,3.75,2.5,0.0,0.0,0.0,2.5,5.0,2.5,0.0,0.0,5.0,5.0,0.0,1.25,1.25,5.0,0.0,0.0,2.5,0.0,4.375,3.75,1.25,0.0,5.0,5.0,2.5,5.0,0.0,1.25,0.0,0.0,0.0,0.0,0.0,0.0,0.0,0.0,0.0
177,4,0.0,0.0,3.75,0.0,1.25,0.0,5.0,0.0,5.0,2.5,5.0,0.0,4.375,5.0,0.0,5.0,3.75,0.0,3.75,5.0,0.0,3.75,1.25,3.75,5.0,0.0,3.75,5.0,0.0,5.0,3.125,2.5,0.0,0.0,0.0,3.75,3.75,2.5,0.0,0.0,5.0,5.0,0.0,1.25,1.25,3.75,0.0,0.0,4.375,0.0,3.75,3.125,1.25,0.0,5.0,5.0,5.0,5.0,0.0,5.0,0.0,0.0,0.0,0.0,0.0,0.0,0.0,0.0,0.0
177,5,0.0,0.0,3.75,0.0,1.25,0.0,5.0,0.0,5.0,2.5,5.0,0.0,5.0,5.0,0.0,5.0,3.75,0.0,3.75,5.0,0.0,3.75,1.25,3.75,5.0,0.0,3.75,5.0,0.0,5.0,3.75,2.5,0.0,0.0,0.0,3.75,3.75,2.5,0.0,0.0,5.0,5.0,0.0,1.25,1.25,3.75,0.0,0.0,5.0,0.0,3.75,3.75,1.25,0.0,5.0,5.0,5.0,5.0,0.0,3.75,0.0,0.0,0.0,0.0,0.0,0.0,0.0,0.0,0.0
178,3,0.0,0.0,5.0,0.0,2.5,0.0,5.0,0.0,5.0,2.5,5.0,0.0,5.0,5.0,0.0,5.0,5.0,0.0,4.375,5.0,0.0,5.0,1.25,5.0,5.0,0.0,5.0,5.0,0.0,5.0,3.75,2.5,0.0,0.0,0.0,2.5,3.75,2.5,0.0,0.0,5.0,5.0,0.0,1.25,2.5,5.0,0.0,0.0,2.5,0.0,4.375,3.75,1.25,0.0,5.0,5.0,2.5,5.0,0.0,2.5,0.0,0.0,0.0,0.0,0.0,0.0,0.0,0.0,0.0
178,4,0.0,0.0,4.375,0.0,1.875,0.0,5.0,0.0,5.0,2.5,3.75,0.0,3.75,5.0,0.0,5.0,3.75,0.0,3.75,5.0,0.0,3.75,0.0,3.75,5.0,0.0,3.75,5.0,0.0,3.75,3.125,2.5,0.0,0.0,0.0,3.125,2.5,2.5,0.0,0.0,5.0,5.0,0.0,1.25,1.25,3.75,0.0,0.0,3.75,0.0,3.75,3.75,1.25,0.0,5.0,3.75,5.0,5.0,0.0,5.0,1.25,0.0,0.0,0.0,0.0,0.0,0.0,0.0,0.0
178,5,0.0,0.0,5.0,0.0,2.5,0.0,5.0,0.0,5.0,2.5,4.375,0.0,4.375,5.0,0.0,5.0,3.75,0.0,3.75,5.0,0.0,3.75,1.25,3.75,5.0,0.0,4.375,5.0,0.0,4.375,3.125,2.5,0.0,0.0,0.0,3.75,3.125,2.5,0.0,0.0,5.0,5.0,0.0,1.25,1.25,3.75,0.0,0.0,3.75,0.0,3.75,3.75,1.25,0.0,5.0,3.125,5.0,5.0,0.0,5.0,1.25,0.0,0.0,0.0,0.0,0.0,0.0,0.0,0.0
179,3,0.0,0.0,5.0,0.0,3.75,0.0,5.0,0.0,5.0,2.5,5.0,0.0,5.0,5.0,0.0,5.0,3.75,0.0,5.0,5.0,0.0,5.0,1.25,5.0,5.0,0.0,5.0,5.0,0.0,3.75,3.75,2.5,0.0,0.0,0.0,2.5,2.5,2.5,0.0,0.0,5.0,5.0,0.0,0.0,2.5,3.75,0.0,0.0,1.875,0.0,3.75,3.75,1.25,0.0,5.0,2.5,3.75,3.75,0.0,3.75,0.0,0.0,0.0,0.0,0.0,0.0,0.0,0.0,0.0
179,4,0.0,0.0,5.0,0.0,2.5,0.0,5.0,0.0,5.0,2.5,3.75,0.0,3.75,5.0,0.0,5.0,2.5,0.0,4.375,5.0,0.0,4.375,1.25,3.75,5.0,0.0,5.0,5.0,0.0,3.75,2.5,2.5,0.0,0.0,0.0,2.5,2.5,2.5,0.0,0.0,5.0,5.0,0.0,0.0,2.5,3.75,0.0,0.0,2.5,0.0,3.75,3.75,1.25,0.0,5.0,1.875,5.0,3.75,0.0,5.0,3.75,0.0,0.0,0.0,0.0,0.0,0.0,0.0,0.0
179,5,0.0,0.0,5.0,0.0,2.5,0.0,5.0,0.0,5.0,2.5,3.75,0.0,3.75,5.0,0.0,5.0,2.5,0.0,5.0,5.0,0.0,5.0,1.25,4.375,5.0,0.0,5.0,5.0,0.0,3.75,3.125,2.5,0.0,0.0,0.0,3.75,2.5,2.5,0.0,0.0,5.0,5.0,0.0,0.0,2.5,3.75,0.0,0.0,3.125,0.0,3.75,3.75,1.25,0.0,5.0,1.25,5.0,3.75,0.0,5.0,1.25,0.0,0.0,0.0,0.0,0.0,0.0,0.0,0.0
180,3,0.0,0.0,5.0,0.0,5.0,0.0,5.0,0.0,5.0,2.5,5.0,0.0,5.0,5.0,0.0,5.0,2.5,0.0,5.0,5.0,0.0,5.0,2.5,5.0,5.0,0.0,5.0,5.0,0.0,3.75,3.75,2.5,0.0,0.0,0.0,2.5,2.5,2.5,1.25,0.0,5.0,5.0,0.0,0.0,3.75,3.75,0.0,0.0,2.5,0.0,3.75,4.375,1.875,0.0,5.0,1.25,3.125,2.5,0.0,5.0,2.5,0.0,0.0,0.0,0.0,0.0,0.0,0.0,0.0
180,4,0.0,0.0,5.0,0.0,3.75,0.0,4.375,0.0,5.0,2.5,3.75,0.0,3.75,5.0,0.0,5.0,2.5,0.0,5.0,5.0,0.0,5.0,2.5,5.0,5.0,0.0,5.0,4.375,0.0,3.75,2.5,2.5,0.0,0.0,0.0,3.125,2.5,2.5,1.25,0.0,5.0,3.75,0.0,0.0,2.5,3.75,0.0,0.0,2.5,0.0,3.75,3.75,1.25,0.0,5.0,0.625,5.0,2.5,0.0,5.0,5.0,0.0,0.0,0.0,0.0,0.0,0.0,0.0,0.0
180,5,0.0,0.0,5.0,0.0,3.75,0.0,4.375,0.0,5.0,2.5,3.75,0.0,3.75,5.0,0.0,5.0,2.5,0.0,5.0,5.0,0.0,5.0,2.5,5.0,5.0,0.0,5.0,5.0,0.0,3.75,2.5,2.5,0.0,0.0,0.0,3.75,2.5,2.5,1.25,0.0,5.0,3.75,0.0,0.0,2.5,3.75,0.0,0.0,2.5,0.0,3.75,3.75,1.25,0.0,5.0,0.0,5.0,2.5,0.0,5.0,3.75,0.0,0.0,0.0,0.0,0.0,0.0,0.0,0.0
181,3,0.0,0.0,5.0,0.0,5.0,0.0,5.0,0.0,5.0,2.5,5.0,0.0,5.0,5.0,0.0,5.0,2.5,0.0,5.0,5.0,0.0,5.0,3.75,5.0,5.0,0.0,5.0,5.0,0.0,3.75,3.75,3.125,0.0,0.0,0.0,3.75,2.5,2.5,2.5,0.0,5.0,3.75,0.0,0.0,3.75,3.75,0.0,0.0,2.5,0.0,3.75,4.375,2.5,0.0,5.0,0.0,3.125,1.25,0.0,5.0,3.75,0.0,0.0,0.0,0.0,0.0,0.0,0.0,0.0
181,4,0.0,0.0,5.0,0.0,5.0,0.0,3.75,0.0,5.0,2.5,3.75,0.0,4.375,3.75,0.0,5.0,2.5,0.0,5.0,5.0,0.0,5.0,3.125,5.0,5.0,0.0,5.0,5.0,0.0,3.75,2.5,3.125,0.0,0.0,0.0,3.75,2.5,2.5,1.25,0.0,5.0,3.75,0.0,0.0,2.5,3.75,0.0,0.0,2.5,0.0,3.75,3.75,2.5,0.0,5.0,0.0,5.0,1.25,0.0,5.0,5.0,0.0,0.0,0.0,0.0,0.0,0.0,0.0,0.0
181,5,0.0,0.0,5.0,0.0,5.0,0.0,3.75,0.0,5.0,2.5,3.75,0.0,5.0,5.0,0.0,5.0,2.5,0.0,5.0,5.0,0.0,5.0,3.75,5.0,5.0,0.0,5.0,5.0,0.0,3.75,2.5,3.75,0.0,0.0,0.0,3.75,2.5,2.5,1.25,0.0,5.0,3.75,0.0,0.0,2.5,3.75,0.0,0.0,2.5,0.0,3.75,3.75,2.5,0.0,5.0,0.0,5.0,1.25,0.0,5.0,5.0,0.0,0.0,0.0,0.0,0.0,0.0,0.0,0.0
182,3,0.0,0.0,5.0,0.0,5.0,0.0,5.0,0.0,4.375,2.5,5.0,0.0,5.0,5.0,0.0,5.0,3.125,0.0,5.0,5.0,0.0,5.0,5.0,5.0,5.0,0.0,5.0,5.0,0.0,2.5,3.75,3.75,0.0,0.0,0.0,3.75,2.5,3.75,3.75,0.0,5.0,3.75,0.0,0.0,3.125,3.75,0.0,0.0,2.5,0.0,4.375,3.75,3.75,0.625,5.0,0.0,2.5,0.0,0.0,5.0,5.0,0.0,0.0,0.0,0.0,0.0,0.0,0.0,0.0
182,4,0.0,0.0,5.0,0.0,5.0,0.0,3.75,0.0,3.75,2.5,3.75,0.0,5.0,3.75,0.0,5.0,2.5,0.0,5.0,5.0,0.0,5.0,3.75,5.0,5.0,0.0,5.0,5.0,0.0,2.5,3.75,3.75,0.0,0.0,0.0,3.75,2.5,2.5,2.5,0.0,5.0,2.5,0.0,0.0,2.5,3.75,0.0,0.0,2.5,0.0,3.75,3.75,2.5,0.0,5.0,0.0,5.0,0.0,0.0,5.0,5.0,0.0,0.0,0.0,0.0,0.0,0.0,0.0,0.0
182,5,0.0,0.0,5.0,0.0,5.0,0.0,3.75,0.0,3.75,2.5,3.75,0.0,5.0,3.75,0.0,5.0,2.5,0.0,5.0,5.0,0.0,5.0,3.75,5.0,5.0,0.0,5.0,5.0,0.0,3.125,3.75,3.75,0.0,0.0,0.0,3.75,2.5,3.125,2.5,0.0,5.0,3.125,0.0,0.0,2.5,3.75,0.0,0.0,2.5,0.0,3.75,3.75,2.5,0.0,5.0,0.0,5.0,0.0,0.0,5.0,5.0,0.0,0.0,0.0,0.0,0.0,0.0,0.0,0.0
183,3,0.0,0.0,5.0,0.0,5.0,0.0,5.0,0.0,3.75,2.5,5.0,0.0,5.0,3.75,0.0,5.0,3.75,0.0,5.0,5.0,0.0,5.0,5.0,5.0,5.0,0.0,5.0,5.0,0.0,2.5,4.375,5.0,0.0,0.0,0.0,5.0,3.75,3.75,3.75,0.0,5.0,3.75,0.0,1.25,2.5,3.75,0.0,0.0,3.75,0.0,3.75,3.75,3.75,1.25,5.0,0.0,1.875,0.0,0.0,5.0,5.0,0.0,0.0,0.0,0.0,0.0,0.0,0.0,0.0
183,4,0.0,0.0,5.0,0.0,5.0,0.0,3.75,0.0,3.75,2.5,4.375,0.0,5.0,3.75,0.0,5.0,2.5,0.0,5.0,5.0,0.0,5.0,5.0,5.0,5.0,0.0,5.0,5.0,0.0,2.5,3.75,3.75,0.0,0.0,0.0,3.75,3.75,3.75,3.75,0.0,5.0,3.125,0.0,1.25,1.875,3.75,0.0,0.0,2.5,0.0,3.75,3.125,2.5,1.25,5.0,0.0,5.0,0.0,0.0,5.0,5.0,0.0,0.0,0.0,0.0,0.0,0.0,0.0,0.0
183,5,0.0,0.0,5.0,0.0,5.0,0.0,3.75,0.0,3.75,2.5,5.0,0.0,5.0,3.75,0.0,5.0,3.125,0.0,5.0,5.0,0.0,5.0,5.0,5.0,5.0,0.0,5.0,5.0,0.0,2.5,3.75,3.75,0.0,0.0,0.0,4.375,3.75,3.75,3.75,0.0,5.0,3.75,0.0,1.25,2.5,3.75,0.0,0.0,2.5,0.0,3.75,3.75,3.125,1.25,5.0,0.0,5.0,0.0,0.0,5.0,5.0,0.0,0.0,0.0,0.0,0.0,0.0,0.0,0.0
184,3,0.0,0.0,5.0,0.0,5.0,0.0,5.0,0.0,3.75,2.5,5.0,0.0,5.0,3.75,0.0,5.0,5.0,0.0,5.0,5.0,0.0,5.0,5.0,5.0,5.0,0.0,5.0,5.0,0.0,2.5,5.0,5.0,1.25,0.0,0.0,5.0,5.0,5.0,5.0,0.0,4.375,3.75,0.0,1.25,1.25,3.75,0.0,1.25,3.75,0.0,3.75,3.75,3.75,2.5,5.0,0.0,1.25,0.0,0.0,4.375,5.0,0.0,0.0,0.0,0.0,0.0,0.0,0.0,0.0
184,4,0.0,0.0,5.0,0.0,5.0,0.0,3.75,0.0,3.75,2.5,5.0,0.0,5.0,3.75,0.0,5.0,3.75,0.0,5.0,5.0,0.0,5.0,5.0,5.0,5.0,0.0,3.75,5.0,0.0,2.5,4.375,5.0,1.25,0.0,0.0,4.375,5.0,3.75,3.75,0.0,3.75,3.75,0.0,1.25,1.25,3.125,0.0,1.25,2.5,0.0,2.5,3.125,3.125,1.25,3.75,0.0,4.375,0.0,0.0,5.0,5.0,0.0,0.0,0.0,0.0,0.0,0.0,0.0,0.0
184,5,0.0,0.0,5.0,0.0,5.0,0.0,4.375,0.0,3.75,2.5,5.0,0.0,5.0,3.75,0.0,5.0,3.75,0.0,5.0,5.0,0.0,5.0,5.0,5.0,5.0,0.0,3.75,5.0,0.0,2.5,4.375,5.0,1.25,0.0,0.0,5.0,5.0,3.75,3.75,0.0,4.375,3.75,0.0,1.875,1.25,3.75,0.0,1.25,2.5,0.0,2.5,3.75,3.75,1.875,3.75,0.0,3.75,0.0,0.0,5.0,5.0,0.0,0.0,0.0,0.0,0.0,0.0,0.0,0.0
185,3,0.0,0.0,5.0,0.0,5.0,0.0,5.0,0.0,3.75,3.75,5.0,0.0,5.0,3.75,0.0,5.0,5.0,0.0,4.375,5.0,0.0,5.0,5.0,5.0,5.0,0.0,3.75,4.375,0.0,2.5,5.0,5.0,2.5,0.0,0.0,5.0,5.0,5.0,5.0,0.0,3.75,3.75,0.0,2.5,1.25,3.75,0.0,2.5,3.75,0.0,2.5,3.75,3.75,2.5,2.5,0.0,0.0,0.0,0.0,3.125,5.0,0.0,0.0,0.0,0.0,0.0,0.0,0.0,0.0
185,4,0.0,0.0,5.0,0.0,5.0,0.0,5.0,0.0,3.75,2.5,5.0,0.0,5.0,3.75,0.0,5.0,3.75,0.0,3.75,5.0,0.0,5.0,4.375,5.0,5.0,0.0,3.75,4.375,0.0,2.5,5.0,5.0,2.5,0.0,0.0,5.0,5.0,3.75,3.75,0.0,3.75,3.75,0.0,2.5,0.0,3.125,0.0,1.25,2.5,0.0,2.5,3.75,2.5,2.5,1.875,0.0,2.5,0.0,0.0,5.0,5.0,0.0,0.0,0.0,0.0,0.0,0.0,0.0,0.0
185,5,0.0,0.0,5.0,0.0,5.0,0.0,5.0,0.0,3.75,2.5,5.0,0.0,5.0,3.75,0.0,5.0,3.75,0.0,4.375,5.0,0.0,5.0,5.0,5.0,5.0,0.0,3.75,5.0,0.0,2.5,5.0,5.0,2.5,0.0,0.0,5.0,5.0,5.0,3.75,0.0,3.75,3.75,0.0,2.5,0.0,3.125,0.0,1.25,2.5,0.0,2.5,3.75,3.125,2.5,1.25,0.0,2.5,0.0,0.0,4.375,5.0,0.0,0.0,0.0,0.0,0.0,0.0,0.0,0.0
186,3,0.0,0.0,5.0,0.0,5.0,0.0,5.0,0.0,3.75,3.75,5.0,0.0,5.0,3.75,0.0,5.0,5.0,0.0,3.75,5.0,0.0,5.0,5.0,5.0,5.0,0.0,3.75,4.375,0.0,3.125,5.0,5.0,3.75,0.0,0.0,5.0,5.0,5.0,3.75,0.0,3.75,5.0,0.0,2.5,0.0,3.75,0.0,3.125,3.75,0.0,2.5,3.75,3.75,2.5,0.0,0.0,0.0,0.0,0.0,2.5,5.0,0.0,0.0,0.0,0.0,0.0,0.0,0.0,0.0
186,4,0.0,0.0,4.375,0.0,5.0,0.0,5.0,0.0,3.75,3.75,5.0,0.0,5.0,3.75,0.0,5.0,3.75,0.0,3.75,5.0,0.0,5.0,3.75,5.0,5.0,0.0,2.5,3.75,0.0,2.5,5.0,5.0,2.5,0.0,0.0,5.0,5.0,3.75,3.75,0.0,3.75,3.75,0.0,2.5,0.0,2.5,0.0,2.5,3.125,0.0,2.5,3.75,2.5,2.5,0.0,0.0,1.25,0.0,0.0,3.75,5.0,0.0,0.0,0.0,0.0,0.0,0.0,0.0,0.0
186,5,0.0,0.0,5.0,0.0,5.0,0.0,5.0,0.0,3.75,3.75,5.0,0.0,5.0,3.75,0.0,5.0,3.75,0.0,3.75,5.0,0.0,5.0,3.75,5.0,5.0,0.0,3.125,3.75,0.0,2.5,5.0,5.0,3.75,0.0,0.0,5.0,5.0,3.75,3.75,0.0,3.75,3.75,0.0,2.5,0.0,3.125,0.0,2.5,3.75,0.0,2.5,3.75,2.5,2.5,0.0,0.0,0.0,0.0,0.0,2.5,5.0,0.0,0.0,0.0,0.0,0.0,0.0,0.0,0.0
187,3,0.0,0.0,5.0,0.0,5.0,0.0,5.0,0.0,5.0,4.375,5.0,0.0,5.0,3.75,0.0,5.0,5.0,0.0,2.5,5.0,0.0,5.0,3.75,5.0,5.0,0.0,2.5,3.75,0.0,3.75,5.0,5.0,3.75,0.0,0.0,5.0,5.0,3.75,3.75,0.0,3.125,5.0,0.0,2.5,0.0,3.75,0.0,3.75,3.75,0.0,2.5,3.75,3.125,2.5,0.0,0.0,0.0,0.0,0.0,1.25,3.75,0.0,0.0,0.0,0.0,0.0,0.0,0.0,0.0
187,4,0.0,0.0,3.75,0.0,5.0,0.0,5.0,0.0,3.75,3.75,5.0,0.0,5.0,3.75,0.0,5.0,3.75,0.0,2.5,5.0,0.0,3.75,3.75,5.0,4.375,0.0,2.5,3.75,0.0,3.75,5.0,5.0,3.75,0.0,0.0,5.0,5.0,3.75,3.75,0.0,2.5,3.75,0.0,2.5,0.0,2.5,0.0,2.5,3.125,0.0,2.5,2.5,2.5,2.5,0.0,0.0,0.0,0.0,0.0,1.25,5.0,0.0,0.0,0.0,0.0,0.0,0.0,0.0,0.0
187,5,0.0,0.0,3.75,0.0,5.0,0.0,5.0,0.0,3.75,3.75,5.0,0.0,5.0,3.75,0.0,5.0,3.75,0.0,3.125,5.0,0.0,3.75,3.75,5.0,4.375,0.0,2.5,3.75,0.0,3.75,5.0,5.0,3.75,0.0,0.0,5.0,5.0,3.75,3.75,0.0,3.125,5.0,0.0,3.125,0.0,3.125,0.0,2.5,3.125,0.0,2.5,3.125,2.5,2.5,0.0,0.0,0.0,0.0,0.0,1.25,5.0,0.0,0.0,0.0,0.0,0.0,0.0,0.0,0.0
188,3,0.0,0.0,5.0,0.0,5.0,0.0,5.0,0.0,5.0,5.0,5.0,0.0,5.0,4.375,0.0,5.0,4.375,0.0,2.5,5.0,0.0,3.75,3.75,5.0,5.0,0.0,2.5,3.125,0.0,5.0,5.0,5.0,5.0,0.0,0.0,5.0,5.0,3.75,3.75,0.0,2.5,5.0,0.0,2.5,0.0,3.75,0.0,3.75,3.75,0.0,3.75,3.75,2.5,2.5,0.0,0.0,0.0,0.0,0.0,0.0,2.5,0.0,0.0,0.0,0.0,0.0,0.0,0.0,0.0
188,4,0.0,0.0,3.75,0.0,5.0,0.0,5.0,0.0,4.375,3.75,5.0,0.0,5.0,3.75,0.0,5.0,3.75,0.0,3.75,5.0,0.0,3.75,3.75,5.0,3.75,0.0,2.5,3.125,0.0,3.75,5.0,5.0,3.75,0.0,0.0,5.0,5.0,2.5,2.5,0.0,2.5,5.0,0.0,3.125,0.0,2.5,0.0,3.125,2.5,0.0,2.5,2.5,2.5,1.25,0.0,0.0,0.0,0.0,0.0,0.0,3.75,0.0,0.0,0.0,0.0,0.0,0.0,0.0,0.0
188,5,0.0,0.0,3.75,0.0,5.0,0.0,5.0,0.0,5.0,3.75,5.0,0.0,5.0,4.375,0.0,5.0,3.75,0.0,3.75,5.0,0.0,3.75,3.75,5.0,3.75,0.0,2.5,3.125,0.0,3.75,5.0,5.0,5.0,0.0,0.0,5.0,5.0,2.5,3.75,0.0,2.5,5.0,0.0,3.75,0.0,2.5,0.0,3.75,3.125,0.0,2.5,2.5,2.5,1.875,0.0,0.0,0.0,0.0,0.0,0.0,2.5,0.0,0.0,0.0,0.0,0.0,0.0,0.0,0.0
189,3,0.0,0.0,5.0,0.0,5.0,0.0,5.0,0.0,5.0,5.0,5.0,0.0,5.0,5.0,0.0,5.0,3.75,0.0,3.75,5.0,0.0,3.75,3.75,5.0,5.0,0.0,2.5,2.5,0.0,5.0,5.0,5.0,5.0,0.0,0.0,5.0,5.0,2.5,3.75,0.0,2.5,5.0,0.0,3.125,0.0,3.75,0.0,3.75,3.75,0.0,5.0,2.5,3.125,1.25,0.0,0.0,0.0,0.0,0.0,0.0,1.25,0.0,0.0,0.0,0.0,0.0,0.0,0.0,0.0
189,4,0.0,0.0,3.75,0.0,5.0,0.0,5.0,0.0,5.0,3.75,5.0,0.0,5.0,5.0,0.0,5.0,3.75,0.0,3.75,5.0,0.0,3.75,3.75,5.0,3.75,0.0,2.5,2.5,0.0,5.0,5.0,5.0,5.0,0.0,0.0,3.75,5.0,2.5,2.5,0.0,2.5,5.0,0.0,3.75,0.0,2.5,0.0,2.5,3.125,0.0,3.75,2.5,2.5,1.25,0.0,0.0,0.0,0.0,0.0,0.0,2.5,0.0,0.0,0.0,0.0,0.0,0.0,0.0,0.0
189,5,0.0,0.0,4.375,0.0,5.0,0.0,5.0,0.0,5.0,3.75,5.0,0.0,5.0,5.0,0.0,5.0,3.75,0.0,3.75,5.0,0.0,3.75,3.75,5.0,3.75,0.0,2.5,2.5,0.0,5.0,5.0,5.0,5.0,0.0,0.0,4.375,5.0,2.5,3.125,0.0,2.5,5.0,0.0,3.75,0.0,2.5,0.0,3.125,3.75,0.0,3.75,2.5,2.5,1.25,0.0,0.0,0.0,0.0,0.0,0.0,1.25,0.0,0.0,0.0,0.0,0.0,0.0,0.0,0.0
190,3,0.0,0.0,5.0,0.0,5.0,0.0,5.0,0.0,5.0,5.0,5.0,0.0,5.0,5.0,0.0,5.0,3.75,0.0,5.0,5.0,0.0,3.75,3.75,5.0,5.0,0.0,2.5,2.5,0.0,5.0,5.0,5.0,5.0,0.0,0.0,5.0,5.0,1.25,3.75,0.0,2.5,5.0,0.0,3.75,0.0,3.75,0.0,3.75,3.75,0.0,5.0,2.5,3.75,1.25,0.0,0.0,0.0,0.0,0.0,0.0,0.0,0.0,0.0,0.0,0.0,0.0,0.0,0.0,0.0
190,4,0.0,0.0,5.0,0.0,5.0,0.0,5.0,0.0,5.0,3.75,5.0,0.0,5.0,5.0,0.0,5.0,3.75,0.0,5.0,5.0,0.0,3.75,3.75,5.0,4.375,0.0,2.5,2.5,0.0,5.0,5.0,5.0,5.0,0.0,0.0,3.75,5.0,1.25,3.75,0.0,2.5,5.0,0.0,3.75,0.0,2.5,0.0,2.5,3.125,0.0,5.0,2.5,2.5,0.0,0.0,0.0,0.0,0.0,0.0,0.0,1.25,0.0,0.0,0.0,0.0,0.0,0.0,0.0,0.0
190,5,0.0,0.0,5.0,0.0,5.0,0.0,5.0,0.0,5.0,4.375,5.0,0.0,5.0,5.0,0.0,5.0,3.75,0.0,5.0,5.0,0.0,3.75,3.75,5.0,4.375,0.0,2.5,2.5,0.0,5.0,5.0,5.0,5.0,0.0,0.0,3.75,5.0,1.25,3.75,0.0,2.5,5.0,0.0,3.75,0.0,2.5,0.0,2.5,3.75,0.0,5.0,2.5,2.5,0.0,0.0,0.0,0.0,0.0,0.0,0.0,0.0,0.0,0.0,0.0,0.0,0.0,0.0,0.0,0.0
191,3,0.0,0.0,5.0,0.0,5.0,0.0,5.0,0.0,5.0,5.0,5.0,0.0,5.0,5.0,0.0,5.0,3.75,0.0,5.0,5.0,0.0,5.0,3.75,5.0,5.0,0.0,2.5,1.875,0.0,5.0,5.0,5.0,5.0,0.0,0.0,5.0,4.375,1.25,3.75,0.0,2.5,5.0,0.0,3.75,1.25,3.75,0.0,2.5,3.75,0.0,5.0,2.5,3.75,0.0,0.0,1.25,0.0,0.0,0.0,0.0,0.0,0.0,0.0,0.0,0.0,0.0,0.0,0.0,0.0
191,4,0.0,0.0,5.0,0.0,3.75,0.0,5.0,0.0,5.0,4.375,5.0,0.0,5.0,5.0,0.0,5.0,3.75,0.0,5.0,5.0,0.0,3.75,3.75,5.0,5.0,0.0,2.5,2.5,0.0,5.0,5.0,5.0,3.75,0.0,0.0,3.75,3.75,1.25,3.75,0.0,2.5,5.0,0.0,3.75,1.25,2.5,0.0,1.25,2.5,0.0,5.0,2.5,2.5,0.0,0.0,1.25,0.0,0.0,0.0,0.0,0.0,0.0,0.0,0.0,0.0,0.0,0.0,0.0,0.0
191,5,0.0,0.0,5.0,0.0,5.0,0.0,5.0,0.0,5.0,5.0,5.0,0.0,5.0,5.0,0.0,5.0,3.75,0.0,5.0,5.0,0.0,4.375,3.75,5.0,4.375,0.0,2.5,2.5,0.0,5.0,5.0,5.0,5.0,0.0,0.0,3.75,4.375,1.25,3.75,0.0,2.5,5.0,0.0,3.75,1.25,2.5,0.0,1.25,3.125,0.0,5.0,2.5,3.125,0.0,0.0,1.25,0.0,0.0,0.0,0.0,0.0,0.0,0.0,0.0,0.0,0.0,0.0,0.0,0.0
192,3,0.0,0.0,5.0,0.0,5.0,0.0,5.0,0.0,5.0,5.0,5.0,0.0,5.0,5.0,0.0,5.0,3.75,0.0,5.0,5.0,0.0,5.0,3.75,5.0,5.0,0.0,2.5,1.875,0.0,5.0,5.0,5.0,5.0,0.0,0.0,3.75,3.75,1.25,3.75,0.0,2.5,5.0,0.0,3.75,1.25,3.75,0.0,1.25,3.75,0.0,5.0,2.5,3.75,0.0,0.0,1.25,0.0,0.0,0.0,0.0,0.0,0.0,0.0,0.0,0.0,0.0,0.0,0.0,0.0
192,4,0.0,0.0,5.0,0.0,4.375,0.0,5.0,0.0,5.0,5.0,5.0,0.0,5.0,5.0,0.0,5.0,3.75,0.0,5.0,5.0,0.0,3.75,3.75,5.0,5.0,0.0,2.5,2.5,0.0,5.0,5.0,3.75,3.75,0.0,0.0,3.75,3.75,1.25,3.75,0.0,2.5,5.0,0.0,3.75,1.25,2.5,0.0,1.25,2.5,0.0,5.0,2.5,2.5,0.0,0.0,1.25,0.0,0.0,0.0,0.0,0.0,0.0,0.0,0.0,0.0,0.0,0.0,0.0,0.0
192,5,0.0,0.0,5.0,0.0,5.0,0.0,5.0,0.0,5.0,5.0,5.0,0.0,5.0,5.0,0.0,5.0,3.75,0.0,5.0,5.0,0.0,5.0,3.75,5.0,5.0,0.0,3.125,2.5,0.0,5.0,5.0,3.75,4.375,0.0,0.0,3.75,3.75,1.25,3.75,0.0,2.5,5.0,0.0,3.75,1.25,2.5,0.0,1.25,2.5,0.0,5.0,2.5,2.5,0.0,0.0,2.5,0.0,0.0,0.0,0.0,0.0,0.0,0.0,0.0,0.0,0.0,0.0,0.0,0.0
193,3,0.0,0.0,5.0,0.0,5.0,0.0,5.0,0.0,5.0,5.0,5.0,0.0,5.0,5.0,0.0,5.0,3.75,0.0,5.0,5.0,0.0,5.0,3.75,5.0,5.0,0.0,3.125,1.25,0.0,5.0,5.0,3.75,5.0,0.0,0.0,3.75,2.5,2.5,3.75,0.0,2.5,5.0,0.0,4.375,2.5,3.75,0.0,0.0,3.75,0.0,5.0,3.75,2.5,0.0,0.0,2.5,0.0,0.0,0.0,0.0,0.0,0.0,0.0,0.0,0.0,0.0,0.0,0.0,0.0
193,4,0.0,0.0,5.0,0.0,5.0,0.0,5.0,0.0,5.0,5.0,5.0,0.0,5.0,5.0,0.0,5.0,3.75,0.0,5.0,5.0,0.0,5.0,3.75,5.0,5.0,0.0,3.75,2.5,0.0,5.0,5.0,3.75,3.75,0.0,0.0,3.75,2.5,2.5,3.75,0.0,2.5,5.0,0.0,4.375,1.25,2.5,0.0,0.0,2.5,0.0,5.0,2.5,2.5,0.0,0.0,2.5,0.0,0.0,0.0,0.0,0.0,0.0,0.0,0.0,0.0,0.0,0.0,0.0,0.0
193,5,0.0,0.0,5.0,0.0,5.0,0.0,5.0,0.0,5.0,5.0,5.0,0.0,5.0,5.0,0.0,5.0,3.75,0.0,5.0,5.0,0.0,5.0,3.75,5.0,5.0,0.0,3.75,2.5,0.0,5.0,5.0,3.75,5.0,0.0,0.0,3.75,3.75,2.5,3.75,0.0,2.5,5.0,0.0,5.0,1.25,2.5,0.0,0.0,2.5,0.0,5.0,2.5,2.5,0.0,0.0,2.5,0.0,0.0,0.0,0.0,0.0,0.0,0.0,0.0,0.0,0.0,0.0,0.0,0.0
194,3,0.0,0.0,5.0,0.0,5.0,0.0,5.0,0.0,5.0,5.0,5.0,0.0,5.0,5.0,0.0,5.0,3.75,0.0,5.0,5.0,0.0,5.0,2.5,5.0,5.0,0.0,3.75,1.25,0.0,5.0,5.0,3.75,5.0,0.0,0.0,5.0,2.5,3.75,3.75,0.0,2.5,5.0,0.0,4.375,2.5,2.5,0.0,0.0,2.5,0.0,5.0,3.75,2.5,1.25,0.0,3.75,0.0,0.0,0.0,0.0,0.0,0.0,0.0,0.0,0.0,0.0,0.0,0.0,0.0
194,4,0.0,0.0,5.0,0.0,5.0,0.0,5.0,0.0,5.0,3.75,5.0,0.0,5.0,5.0,0.0,5.0,3.75,0.0,5.0,5.0,0.0,5.0,2.5,5.0,5.0,0.0,3.75,2.5,0.0,5.0,5.0,2.5,5.0,0.0,0.0,4.375,2.5,3.75,3.125,0.0,2.5,5.0,0.0,4.375,1.25,2.5,0.0,0.0,2.5,0.0,5.0,3.125,1.25,1.25,0.0,3.75,0.0,0.0,0.0,0.0,0.0,0.0,0.0,0.0,0.0,0.0,0.0,0.0,0.0
194,5,0.0,0.0,5.0,0.0,5.0,0.0,5.0,0.0,5.0,4.375,5.0,0.0,5.0,5.0,0.0,5.0,3.75,0.0,5.0,5.0,0.0,5.0,2.5,5.0,5.0,0.0,4.375,2.5,0.0,5.0,5.0,2.5,5.0,0.0,0.0,5.0,2.5,3.75,3.75,0.0,2.5,5.0,0.0,5.0,1.25,2.5,0.0,0.0,2.5,0.0,5.0,3.75,1.875,1.25,0.0,3.75,0.0,0.0,0.0,0.0,0.0,0.0,0.0,0.0,0.0,0.0,0.0,0.0,0.0
195,3,1.25,0.0,5.0,0.0,5.0,0.0,5.0,0.0,5.0,5.0,5.0,0.0,5.0,5.0,0.0,5.0,3.75,0.0,5.0,5.0,0.0,5.0,2.5,5.0,5.0,0.0,3.75,1.25,0.0,5.0,5.0,3.75,5.0,0.0,0.0,5.0,2.5,5.0,3.75,0.0,2.5,5.0,0.0,4.375,2.5,2.5,0.0,0.0,2.5,0.0,5.0,3.75,1.25,1.875,0.0,3.75,0.0,0.0,0.0,0.0,0.0,0.0,0.0,0.0,0.0,0.0,0.0,0.0,0.0
195,4,0.0,0.0,5.0,0.0,5.0,0.0,5.0,0.0,5.0,3.75,5.0,0.0,5.0,5.0,0.0,5.0,3.75,0.0,5.0,5.0,0.0,5.0,2.5,3.75,5.0,0.0,5.0,2.5,0.0,5.0,3.75,2.5,5.0,0.0,0.0,5.0,2.5,4.375,2.5,0.0,2.5,3.75,0.0,4.375,1.25,1.25,0.0,0.0,2.5,0.0,5.0,2.5,1.25,1.25,0.0,3.75,0.0,0.0,0.0,0.0,0.0,0.0,0.0,0.0,0.0,0.0,0.0,0.0,0.0
195,5,1.25,0.0,5.0,0.0,5.0,0.0,5.0,0.0,5.0,5.0,5.0,0.0,5.0,5.0,0.0,5.0,3.75,0.0,5.0,5.0,0.0,5.0,2.5,5.0,5.0,0.0,5.0,2.5,0.0,5.0,4.375,2.5,5.0,0.0,0.0,5.0,2.5,5.0,2.5,0.0,2.5,3.75,0.0,4.375,2.5,1.875,0.0,0.0,2.5,0.0,5.0,3.125,1.25,1.25,0.0,3.75,0.0,0.0,0.0,0.0,0.0,0.0,0.0,0.0,0.0,0.0,0.0,0.0,0.0
196,3,5.0,0.0,5.0,0.0,5.0,0.0,5.0,0.0,5.0,5.0,5.0,1.25,5.0,5.0,0.0,5.0,3.75,0.0,5.0,5.0,0.0,5.0,2.5,5.0,5.0,0.0,5.0,1.25,0.0,5.0,3.75,3.75,5.0,0.0,0.0,5.0,2.5,5.0,3.125,0.0,2.5,3.75,0.0,3.75,2.5,2.5,0.0,0.0,2.5,0.0,5.0,2.5,1.25,2.5,0.0,3.75,0.0,0.0,0.0,0.0,0.0,0.0,0.0,0.0,0.0,0.0,0.0,0.0,0.0
196,4,2.5,1.25,5.0,1.25,5.0,1.25,5.0,0.0,5.0,5.0,5.0,1.25,5.0,5.0,1.25,5.0,3.75,0.0,5.0,5.0,0.0,3.75,2.5,3.75,5.0,0.0,5.0,3.125,0.0,5.0,3.75,2.5,5.0,0.0,0.0,5.0,2.5,5.0,2.5,0.0,1.875,3.125,0.0,3.75,2.5,1.25,0.0,0.0,2.5,0.0,5.0,2.5,1.25,2.5,0.0,3.75,0.0,0.0,0.0,0.0,0.0,0.0,0.0,0.0,0.0,0.0,0.0,0.0,0.0
196,5,2.5,1.25,5.0,1.25,5.0,1.25,5.0,0.0,5.0,5.0,5.0,1.25,5.0,5.0,1.25,5.0,3.75,0.0,5.0,5.0,0.0,4.375,2.5,3.75,5.0,0.0,5.0,3.75,0.0,5.0,3.75,3.125,5.0,0.0,0.0,5.0,2.5,5.0,2.5,0.0,2.5,3.75,0.0,3.75,2.5,1.25,0.0,0.0,2.5,0.0,5.0,2.5,1.25,2.5,0.0,3.75,0.0,0.0,0.0,0.0,0.0,0.0,0.0,0.0,0.0,0.0,0.0,0.0,0.0
197,3,5.0,0.0,5.0,1.25,5.0,1.25,5.0,0.0,5.0,5.0,5.0,2.5,5.0,5.0,0.0,5.0,3.75,0.0,5.0,5.0,0.0,5.0,2.5,3.75,5.0,0.0,5.0,2.5,0.0,5.0,3.75,3.75,5.0,0.0,0.0,5.0,2.5,5.0,3.75,0.0,1.875,3.75,0.0,3.125,2.5,2.5,0.0,0.0,2.5,0.0,5.0,2.5,1.25,3.75,0.0,2.5,0.0,0.0,0.0,0.0,0.0,0.0,0.0,0.0,0.0,0.0,0.0,0.0,0.0
197,4,5.0,4.375,5.0,3.75,5.0,3.75,5.0,0.0,5.0,5.0,5.0,3.75,5.0,5.0,2.5,5.0,3.75,0.0,5.0,5.0,0.0,3.75,2.5,3.75,5.0,0.0,5.0,3.75,0.0,5.0,3.75,3.75,5.0,0.0,0.0,5.0,2.5,5.0,2.5,0.0,1.875,2.5,0.0,2.5,2.5,1.25,0.0,0.0,2.5,0.0,5.0,1.25,1.25,2.5,0.0,2.5,0.0,0.0,0.0,0.0,0.0,0.0,0.0,0.0,0.0,0.0,0.0,0.0,0.0
197,5,5.0,3.75,5.0,3.75,5.0,2.5,5.0,0.0,5.0,5.0,5.0,3.75,5.0,5.0,2.5,5.0,3.75,0.0,5.0,5.0,0.0,3.75,2.5,3.75,5.0,0.0,5.0,3.75,0.0,5.0,3.75,3.75,5.0,0.0,0.0,5.0,3.75,5.0,2.5,0.0,2.5,2.5,0.0,3.125,2.5,1.25,0.0,0.0,2.5,0.0,5.0,1.25,1.25,3.125,0.0,2.5,0.0,0.0,0.0,0.0,0.0,0.0,0.0,0.0,0.0,0.0,0.0,0.0,0.0
198,3,5.0,0.0,5.0,2.5,5.0,2.5,5.0,0.0,5.0,5.0,5.0,4.375,5.0,5.0,2.5,5.0,3.75,0.0,5.0,5.0,0.0,3.75,2.5,3.75,5.0,0.0,5.0,2.5,0.0,5.0,3.75,5.0,5.0,0.0,0.0,5.0,3.125,5.0,3.75,0.0,2.5,3.75,0.0,2.5,2.5,2.5,0.0,0.0,2.5,0.0,5.0,1.25,1.25,3.75,0.0,1.25,0.0,0.0,0.0,0.0,0.0,0.0,0.0,0.0,0.0,0.0,0.0,0.0,0.0
198,4,5.0,5.0,5.0,5.0,5.0,5.0,5.0,1.25,5.0,5.0,5.0,5.0,5.0,5.0,5.0,5.0,5.0,0.0,5.0,5.0,0.0,3.75,2.5,3.75,5.0,0.0,4.375,3.75,0.0,5.0,3.75,3.75,5.0,0.0,0.0,5.0,3.75,5.0,2.5,0.0,2.5,2.5,0.0,2.5,3.125,2.5,0.0,0.0,2.5,0.0,5.0,1.25,1.25,3.125,0.0,1.25,0.0,0.0,0.0,0.0,0.0,0.0,0.0,0.0,0.0,0.0,0.0,0.0,0.0
198,5,5.0,5.0,5.0,5.0,5.0,5.0,5.0,1.25,5.0,5.0,5.0,5.0,5.0,5.0,5.0,5.0,5.0,0.0,5.0,5.0,0.0,3.75,2.5,3.75,5.0,0.0,5.0,3.75,0.0,5.0,3.75,3.75,5.0,0.0,0.0,5.0,3.75,5.0,2.5,0.0,2.5,2.5,0.0,2.5,3.75,2.5,0.0,0.0,2.5,0.0,5.0,1.25,1.25,3.75,0.0,1.875,0.0,0.0,0.0,0.0,0.0,0.0,0.0,0.0,0.0,0.0,0.0,0.0,0.0
199,3,5.0,1.25,5.0,3.75,5.0,5.0,5.0,0.625,5.0,5.0,5.0,5.0,5.0,5.0,3.75,4.375,5.0,0.0,5.0,5.0,0.0,3.75,3.75,3.75,5.0,0.0,5.0,3.75,0.0,3.75,3.125,5.0,5.0,0.0,0.0,5.0,3.75,5.0,3.75,0.0,2.5,3.125,0.0,1.875,3.75,3.75,0.0,0.625,2.5,0.0,5.0,1.25,1.25,2.5,0.0,0.625,0.0,0.0,0.0,0.0,0.0,0.0,0.0,0.0,0.0,0.0,0.0,0.0,0.0
199,4,5.0,5.0,5.0,5.0,5.0,5.0,4.375,2.5,5.0,5.0,5.0,5.0,5.0,5.0,5.0,3.75,5.0,0.0,5.0,4.375,0.0,3.75,3.75,3.75,5.0,0.0,4.375,3.75,0.0,3.75,3.125,3.75,5.0,0.0,0.0,5.0,3.75,5.0,2.5,0.0,2.5,2.5,0.0,1.25,3.75,2.5,0.0,0.0,1.875,0.0,3.75,0.625,1.25,2.5,0.0,1.25,0.0,0.0,0.0,0.0,0.0,0.0,0.0,0.0,0.0,0.0,0.0,0.0,0.0
199,5,5.0,5.0,5.0,5.0,5.0,5.0,5.0,2.5,5.0,5.0,5.0,5.0,5.0,5.0,5.0,3.75,5.0,0.0,5.0,4.375,0.0,3.75,3.75,3.75,5.0,0.0,5.0,3.75,0.0,4.375,3.75,3.75,5.0,0.0,0.0,5.0,3.75,5.0,2.5,0.0,2.5,2.5,0.0,1.875,3.75,2.5,0.0,0.0,2.5,0.0,5.0,0.625,2.5,2.5,0.0,1.25,0.0,0.0,0.0,0.0,0.0,0.0,0.0,0.0,0.0,0.0,0.0,0.0,0.0
200,3,5.0,1.875,5.0,5.0,5.0,5.0,4.375,1.875,5.0,5.0,5.0,5.0,5.0,5.0,5.0,3.75,5.0,0.0,5.0,4.375,0.0,3.75,3.75,5.0,5.0,0.0,5.0,3.75,0.0,3.75,2.5,5.0,5.0,0.0,0.0,5.0,3.75,5.0,3.75,0.0,3.75,2.5,0.0,1.25,3.75,5.0,0.0,1.25,1.25,0.0,3.75,0.0,2.5,2.5,0.0,0.0,0.0,0.0,0.0,0.0,0.0,0.0,0.0,0.0,0.0,0.0,0.0,0.0,0.0
200,4,5.0,5.0,5.0,5.0,5.0,5.0,3.75,3.125,5.0,5.0,5.0,5.0,5.0,5.0,5.0,3.75,5.0,0.0,5.0,3.75,0.0,3.75,3.75,4.375,5.0,0.0,4.375,3.75,0.0,3.75,3.125,3.75,5.0,0.0,0.0,5.0,3.75,5.0,2.5,0.0,3.75,2.5,0.0,1.25,3.75,3.75,0.0,1.25,1.25,0.0,2.5,0.0,2.5,2.5,0.0,0.0,0.0,0.0,0.0,0.0,0.0,0.0,0.0,0.0,0.0,0.0,0.0,0.0,0.0
200,5,5.0,5.0,5.0,5.0,5.0,5.0,4.375,3.125,5.0,5.0,5.0,5.0,5.0,5.0,5.0,3.75,5.0,0.0,5.0,3.75,0.0,3.75,3.75,5.0,5.0,0.0,5.0,3.75,0.0,3.75,3.75,3.75,5.0,0.0,0.0,5.0,3.75,5.0,3.125,0.0,3.75,2.5,0.0,1.25,3.75,3.75,0.0,1.25,1.25,0.0,3.75,0.0,2.5,2.5,0.0,0.0,0.0,0.0,0.0,0.0,0.0,0.0,0.0,0.0,0.0,0.0,0.0,0.0,0.0
201,3,5.0,2.5,5.0,5.0,5.0,5.0,4.375,2.5,5.0,5.0,5.0,5.0,5.0,5.0,5.0,4.375,5.0,0.0,5.0,3.75,0.0,3.75,3.75,5.0,5.0,0.0,5.0,3.75,0.0,3.125,3.125,5.0,5.0,0.0,0.0,5.0,3.125,5.0,3.75,0.0,3.75,2.5,0.0,1.25,3.75,5.0,0.0,2.5,1.25,0.0,3.75,1.25,2.5,1.25,0.0,0.0,0.0,0.0,0.0,0.0,0.0,0.0,0.0,0.0,0.0,0.0,0.0,0.0,0.0
201,4,5.0,5.0,5.0,5.0,5.0,5.0,3.75,3.75,5.0,5.0,5.0,5.0,5.0,5.0,5.0,3.75,5.0,1.25,5.0,3.75,0.0,3.75,3.75,5.0,5.0,0.0,4.375,3.75,0.0,2.5,3.125,3.75,4.375,0.0,0.0,5.0,2.5,5.0,2.5,0.0,3.75,2.5,0.0,1.25,3.75,5.0,0.0,2.5,1.25,0.0,2.5,0.625,2.5,1.25,0.0,0.0,0.0,0.0,0.0,0.0,0.0,0.0,0.0,0.0,0.0,0.0,0.0,0.0,0.0
201,5,5.0,5.0,5.0,5.0,5.0,5.0,3.75,3.75,5.0,5.0,5.0,5.0,5.0,5.0,5.0,3.75,5.0,1.25,5.0,3.75,0.0,5.0,3.75,5.0,5.0,0.0,5.0,3.75,0.0,2.5,3.75,3.75,5.0,0.0,0.0,5.0,3.125,5.0,2.5,0.0,3.75,2.5,0.0,1.25,3.75,5.0,0.0,2.5,1.25,0.0,2.5,1.25,2.5,1.25,0.0,0.0,0.0,0.0,0.0,0.0,0.0,0.0,0.0,0.0,0.0,0.0,0.0,0.0,0.0
202,3,5.0,3.125,5.0,5.0,5.0,5.0,3.75,2.5,5.0,5.0,5.0,5.0,5.0,5.0,5.0,5.0,5.0,2.5,5.0,3.75,0.0,5.0,3.75,5.0,5.0,0.0,5.0,5.0,0.0,2.5,3.75,3.75,5.0,0.0,0.0,5.0,2.5,5.0,2.5,0.0,5.0,2.5,0.0,1.25,3.75,5.0,0.0,3.75,2.5,0.0,3.125,1.25,2.5,0.0,0.0,0.0,0.0,0.0,0.0,0.0,0.0,0.0,0.0,0.0,0.0,0.0,0.0,0.0,0.0
202,4,5.0,5.0,5.0,5.0,5.0,5.0,3.75,3.75,5.0,5.0,5.0,5.0,5.0,5.0,5.0,3.75,5.0,2.5,5.0,3.75,0.0,5.0,3.75,5.0,5.0,0.0,4.375,3.75,0.0,2.5,3.75,3.75,3.75,0.0,0.0,5.0,2.5,5.0,1.875,0.0,4.375,1.25,0.0,1.25,3.75,5.0,0.0,2.5,1.25,0.0,2.5,1.25,2.5,0.625,0.0,0.0,0.0,0.0,0.0,0.0,0.0,0.0,0.0,0.0,0.0,0.0,0.0,0.0,0.0
202,5,5.0,5.0,5.0,5.0,5.0,5.0,3.75,3.75,5.0,5.0,5.0,5.0,5.0,5.0,5.0,5.0,5.0,3.75,5.0,3.75,0.0,5.0,3.75,5.0,5.0,0.0,5.0,5.0,0.0,2.5,3.75,3.75,3.75,0.0,0.0,5.0,2.5,5.0,2.5,0.0,5.0,1.875,0.0,1.25,3.75,5.0,0.0,2.5,1.875,0.0,1.25,1.25,2.5,1.25,0.0,0.0,0.0,0.0,0.0,0.0,0.0,0.0,0.0,0.0,0.0,0.0,0.0,0.0,0.0
203,3,5.0,3.75,5.0,5.0,5.0,5.0,3.75,3.125,5.0,5.0,5.0,5.0,5.0,5.0,5.0,5.0,5.0,3.75,5.0,3.75,0.0,5.0,3.75,5.0,5.0,0.0,5.0,5.0,0.0,2.5,3.75,3.75,3.75,0.0,0.0,5.0,2.5,5.0,1.25,0.0,5.0,2.5,0.0,2.5,3.75,5.0,0.0,3.75,3.75,0.0,3.75,2.5,1.875,0.0,0.0,0.0,0.0,0.0,0.0,0.0,0.0,0.0,0.0,0.0,0.0,0.0,0.0,0.0,0.0
203,4,5.0,5.0,5.0,5.0,5.0,5.0,3.75,3.75,5.0,5.0,5.0,5.0,5.0,5.0,5.0,5.0,5.0,5.0,5.0,3.75,0.0,5.0,3.75,5.0,5.0,0.0,5.0,5.0,0.0,2.5,3.75,2.5,3.75,0.0,0.0,3.75,2.5,5.0,1.25,0.0,5.0,1.25,0.0,1.25,3.75,5.0,0.0,3.75,2.5,0.0,2.5,2.5,1.25,0.0,0.0,0.0,0.0,0.0,0.0,0.0,0.0,0.0,0.0,0.0,0.0,0.0,0.0,0.0,0.0
203,5,5.0,5.0,5.0,5.0,5.0,5.0,3.75,3.75,5.0,5.0,5.0,5.0,5.0,5.0,5.0,5.0,5.0,5.0,5.0,3.75,0.0,5.0,3.75,5.0,5.0,0.0,5.0,5.0,0.0,2.5,3.75,2.5,3.75,0.0,0.0,3.75,2.5,5.0,1.25,0.0,5.0,1.25,0.0,1.875,3.75,5.0,0.0,3.75,2.5,0.0,2.5,2.5,1.875,0.0,0.0,0.0,0.0,0.0,0.0,0.0,0.0,0.0,0.0,0.0,0.0,0.0,0.0,0.0,0.0
204,3,5.0,3.75,5.0,5.0,5.0,5.0,4.375,3.125,5.0,5.0,5.0,5.0,5.0,5.0,5.0,5.0,5.0,5.0,5.0,3.75,0.0,5.0,3.75,5.0,5.0,0.0,5.0,5.0,0.0,3.125,3.75,2.5,3.75,0.0,0.0,3.75,2.5,5.0,1.25,0.0,5.0,2.5,0.0,2.5,3.125,5.0,0.0,3.75,5.0,0.0,5.0,2.5,1.25,0.0,0.0,0.0,0.0,1.25,0.0,0.0,0.0,0.0,0.0,0.0,0.0,0.0,0.0,0.0,0.0
204,4,5.0,5.0,5.0,5.0,5.0,5.0,3.75,3.75,3.75,5.0,5.0,5.0,5.0,5.0,5.0,5.0,5.0,5.0,5.0,3.75,0.0,5.0,3.75,5.0,5.0,0.0,5.0,5.0,0.0,2.5,3.75,2.5,2.5,0.0,0.0,3.75,2.5,5.0,1.25,0.0,5.0,1.875,0.0,2.5,2.5,5.0,0.0,3.75,3.75,0.0,3.75,2.5,1.25,0.0,0.0,0.0,0.0,1.25,0.0,0.0,0.0,0.0,0.0,0.0,0.0,0.0,0.0,0.0,0.0
204,5,5.0,5.0,5.0,5.0,5.0,5.0,4.375,3.75,4.375,5.0,5.0,5.0,5.0,5.0,5.0,5.0,5.0,5.0,5.0,3.75,0.0,5.0,3.75,5.0,5.0,0.0,5.0,5.0,0.0,2.5,3.75,2.5,2.5,0.0,0.0,3.75,2.5,5.0,1.25,0.0,5.0,2.5,0.0,2.5,2.5,5.0,0.0,3.75,3.75,0.0,4.375,2.5,1.25,0.0,0.0,0.0,0.0,1.25,0.0,0.0,0.0,0.0,0.0,0.0,0.0,0.0,0.0,0.0,0.0
205,3,5.0,3.75,5.0,5.0,5.0,5.0,5.0,3.75,4.375,5.0,5.0,5.0,5.0,5.0,5.0,5.0,5.0,5.0,5.0,4.375,0.0,5.0,3.75,5.0,5.0,0.0,5.0,5.0,0.0,3.75,3.75,2.5,2.5,0.0,0.0,2.5,2.5,5.0,1.25,0.0,5.0,2.5,0.0,2.5,2.5,5.0,0.0,3.75,5.0,0.0,5.0,2.5,0.0,0.0,0.0,0.0,0.0,2.5,0.0,0.0,0.0,0.0,0.0,0.0,0.0,0.0,0.0,0.0,0.0
205,4,5.0,5.0,5.0,5.0,5.0,5.0,5.0,3.75,3.75,5.0,5.0,5.0,5.0,5.0,5.0,5.0,5.0,5.0,5.0,3.75,0.0,5.0,3.75,5.0,5.0,0.0,5.0,5.0,0.0,2.5,3.75,2.5,2.5,0.0,0.0,2.5,2.5,4.375,1.25,0.0,3.75,2.5,0.0,2.5,2.5,5.0,0.0,3.125,5.0,0.0,5.0,2.5,0.0,0.0,0.0,0.0,0.0,2.5,0.0,0.0,0.0,0.0,0.0,0.0,0.0,0.0,0.0,0.0,0.0
205,5,5.0,5.0,5.0,5.0,5.0,5.0,5.0,3.75,3.75,5.0,5.0,5.0,5.0,5.0,5.0,5.0,5.0,5.0,5.0,3.75,0.0,5.0,3.75,5.0,5.0,0.0,5.0,5.0,0.0,3.125,4.375,2.5,2.5,0.0,0.0,2.5,2.5,5.0,1.25,0.0,4.375,2.5,0.0,2.5,2.5,5.0,0.0,3.75,5.0,0.0,5.0,2.5,0.0,0.0,0.0,0.0,0.0,2.5,0.0,0.0,0.0,0.0,0.0,0.0,0.0,0.0,0.0,0.0,0.0
206,3,5.0,3.75,5.0,5.0,5.0,5.0,5.0,3.75,3.75,5.0,5.0,5.0,5.0,5.0,5.0,5.0,5.0,5.0,5.0,4.375,0.0,5.0,5.0,5.0,5.0,0.0,5.0,5.0,0.0,3.75,3.75,2.5,2.5,0.0,0.0,2.5,2.5,5.0,1.25,0.0,3.75,3.75,0.0,3.75,1.25,5.0,0.0,2.5,5.0,0.0,5.0,2.5,0.0,0.0,0.0,0.0,0.0,5.0,0.0,0.0,0.0,0.0,0.0,0.0,0.0,0.0,0.0,0.0,0.0
206,4,5.0,5.0,5.0,5.0,5.0,5.0,5.0,3.75,3.75,5.0,5.0,5.0,5.0,5.0,5.0,5.0,5.0,5.0,5.0,3.75,0.0,5.0,3.75,5.0,5.0,0.0,5.0,5.0,0.0,3.75,3.75,2.5,1.25,0.0,0.0,2.5,2.5,5.0,1.25,0.0,3.75,2.5,0.0,3.75,1.25,4.375,0.0,2.5,5.0,0.0,5.0,2.5,0.0,1.25,0.0,0.0,0.0,3.75,0.0,0.0,0.0,0.0,0.0,0.0,0.0,0.0,0.0,0.0,0.0
206,5,5.0,5.0,5.0,5.0,5.0,5.0,5.0,3.75,3.75,5.0,5.0,5.0,5.0,5.0,5.0,5.0,5.0,5.0,5.0,3.75,0.0,5.0,5.0,5.0,5.0,0.0,5.0,5.0,0.0,3.75,5.0,2.5,1.25,0.0,0.0,2.5,2.5,5.0,1.25,0.0,3.75,3.75,0.0,3.75,1.25,5.0,0.0,2.5,5.0,0.0,5.0,2.5,0.0,1.25,0.0,0.0,0.0,3.75,0.0,0.0,0.0,0.0,0.0,0.0,0.0,0.0,0.0,0.0,0.0
207,3,5.0,2.5,5.0,3.75,5.0,5.0,5.0,3.75,3.75,5.0,5.0,5.0,5.0,5.0,5.0,5.0,5.0,5.0,5.0,4.375,0.0,5.0,5.0,4.375,5.0,0.0,5.0,5.0,0.0,3.75,3.75,2.5,1.25,0.0,0.0,2.5,2.5,5.0,1.25,0.0,3.75,3.75,0.0,4.375,1.25,5.0,0.0,2.5,5.0,0.0,5.0,2.5,0.0,1.25,0.0,0.0,0.0,5.0,0.0,0.0,0.0,0.0,0.0,0.0,0.0,0.0,0.0,0.0,0.0
207,4,5.0,5.0,5.0,5.0,5.0,5.0,5.0,2.5,2.5,5.0,5.0,5.0,5.0,5.0,5.0,5.0,5.0,5.0,4.375,3.75,0.0,5.0,5.0,5.0,5.0,0.0,5.0,5.0,0.0,3.75,3.75,2.5,1.25,0.0,0.0,2.5,2.5,4.375,1.25,0.0,3.75,3.75,0.0,3.75,1.25,3.75,0.0,1.25,5.0,0.0,5.0,2.5,0.0,1.25,0.0,0.0,0.0,5.0,0.0,0.0,0.0,0.0,0.0,0.0,0.0,0.0,0.0,0.0,0.0
207,5,5.0,5.0,5.0,5.0,5.0,5.0,5.0,3.125,3.125,5.0,5.0,5.0,5.0,5.0,5.0,5.0,5.0,5.0,5.0,3.75,0.0,5.0,5.0,5.0,5.0,0.0,5.0,5.0,0.0,3.75,5.0,2.5,1.25,0.0,0.0,2.5,2.5,5.0,1.25,0.0,3.75,3.75,0.0,3.75,1.25,3.75,0.0,1.25,5.0,0.0,5.0,2.5,0.0,1.25,0.0,0.0,0.0,5.0,0.0,0.0,0.0,0.0,0.0,0.0,0.0,0.0,0.0,0.0,0.0
208,3,5.0,2.5,5.0,3.75,5.0,3.75,5.0,3.75,2.5,5.0,5.0,5.0,5.0,5.0,5.0,5.0,5.0,5.0,5.0,4.375,0.0,5.0,5.0,3.75,5.0,0.0,5.0,5.0,0.0,5.0,3.75,2.5,1.25,0.0,0.0,2.5,2.5,5.0,2.5,0.0,3.75,5.0,0.0,5.0,1.25,5.0,0.0,1.25,5.0,0.0,5.0,1.25,0.0,2.5,0.0,0.0,0.0,5.0,0.0,0.0,0.0,0.0,0.0,0.0,0.0,0.0,0.0,0.0,0.0
208,4,5.0,3.75,5.0,3.75,5.0,3.75,5.0,2.5,2.5,5.0,5.0,5.0,5.0,5.0,5.0,5.0,5.0,5.0,4.375,3.75,0.0,5.0,5.0,3.75,5.0,0.0,5.0,5.0,0.0,5.0,3.75,2.5,1.25,0.0,0.0,2.5,2.5,3.75,1.25,0.0,2.5,3.75,0.0,5.0,1.25,3.75,0.0,1.25,5.0,0.0,5.0,1.25,0.0,2.5,0.0,1.25,0.0,5.0,0.0,0.0,0.0,0.0,0.0,0.0,0.0,0.0,0.0,0.0,0.0
208,5,5.0,3.75,5.0,3.75,5.0,3.75,5.0,2.5,2.5,5.0,5.0,5.0,5.0,5.0,5.0,5.0,5.0,5.0,4.375,3.75,0.0,5.0,5.0,3.75,5.0,0.0,5.0,5.0,0.0,5.0,3.75,3.75,1.25,0.0,0.0,2.5,2.5,4.375,1.875,0.0,3.125,3.75,0.0,5.0,1.25,4.375,0.0,1.25,5.0,0.0,5.0,1.25,0.0,2.5,0.0,1.25,0.0,5.0,0.0,0.0,0.0,0.0,0.0,0.0,0.0,0.0,0.0,0.0,0.0
209,3,5.0,2.5,5.0,2.5,5.0,2.5,5.0,3.75,2.5,5.0,5.0,5.0,5.0,5.0,5.0,5.0,5.0,5.0,5.0,5.0,1.25,5.0,5.0,3.75,5.0,0.0,5.0,5.0,0.0,5.0,2.5,3.75,1.25,0.0,0.0,2.5,2.5,5.0,2.5,0.0,3.75,5.0,0.0,5.0,1.25,5.0,0.0,1.25,5.0,0.0,5.0,1.25,1.25,2.5,0.0,1.25,0.0,5.0,0.0,0.0,0.0,0.0,0.0,0.0,0.0,0.0,0.0,0.0,0.0
209,4,5.0,3.125,5.0,2.5,5.0,2.5,5.0,2.5,2.5,5.0,5.0,5.0,5.0,5.0,5.0,5.0,5.0,5.0,4.375,4.375,1.25,5.0,5.0,3.75,5.0,0.0,5.0,5.0,0.0,5.0,3.75,3.75,1.25,0.0,0.0,2.5,2.5,3.75,2.5,0.0,2.5,3.75,0.0,5.0,2.5,3.75,0.0,0.0,5.0,0.0,5.0,0.0,1.25,2.5,0.0,1.25,0.0,5.0,0.0,0.0,0.0,0.0,0.0,0.0,0.0,0.0,0.0,0.0,0.0
209,5,5.0,2.5,5.0,2.5,5.0,2.5,5.0,2.5,2.5,5.0,5.0,5.0,5.0,5.0,5.0,5.0,5.0,5.0,5.0,4.375,1.25,5.0,5.0,3.75,5.0,0.0,5.0,5.0,0.0,5.0,3.75,3.75,1.25,0.0,0.0,2.5,2.5,3.75,2.5,0.0,2.5,3.75,0.0,5.0,2.5,4.375,0.0,0.0,5.0,0.0,5.0,1.25,1.25,3.125,0.0,1.25,0.0,5.0,0.0,0.0,0.0,0.0,0.0,0.0,0.0,0.0,0.0,0.0,0.0
210,3,5.0,2.5,5.0,2.5,5.0,2.5,5.0,3.125,2.5,5.0,5.0,5.0,5.0,5.0,5.0,5.0,5.0,5.0,5.0,5.0,3.75,5.0,5.0,3.75,5.0,0.0,5.0,5.0,0.0,5.0,2.5,3.75,1.25,0.0,0.0,2.5,2.5,3.75,2.5,0.0,2.5,5.0,0.0,5.0,2.5,4.375,0.0,0.0,5.0,0.0,5.0,0.0,2.5,2.5,0.0,2.5,0.0,5.0,0.0,0.0,0.0,0.0,0.0,0.0,0.0,0.0,0.0,0.0,0.0
210,4,4.375,2.5,5.0,2.5,5.0,2.5,5.0,2.5,2.5,3.75,5.0,5.0,5.0,5.0,5.0,5.0,5.0,5.0,5.0,5.0,3.75,5.0,5.0,3.75,5.0,2.5,5.0,5.0,1.25,5.0,2.5,3.75,1.25,1.25,0.0,2.5,2.5,3.125,1.875,1.25,2.5,3.75,1.25,5.0,2.5,3.75,1.25,0.0,5.0,0.0,3.75,0.0,2.5,2.5,0.0,2.5,0.0,5.0,0.0,0.0,0.0,0.0,0.0,0.0,0.0,0.0,0.0,0.0,0.0
210,5,4.375,2.5,5.0,2.5,5.0,2.5,5.0,2.5,2.5,3.75,5.0,5.0,5.0,5.0,5.0,5.0,5.0,5.0,5.0,5.0,2.5,5.0,5.0,3.75,5.0,1.25,5.0,5.0,1.25,5.0,3.75,3.75,1.25,1.25,0.0,2.5,2.5,3.75,2.5,1.25,2.5,3.75,1.25,5.0,3.125,3.75,1.25,0.0,5.0,0.0,3.75,0.0,2.5,3.125,0.0,2.5,0.0,5.0,0.0,0.0,0.0,0.0,0.0,0.0,0.0,0.0,0.0,0.0,0.0
211,3,5.0,3.125,5.0,2.5,5.0,2.5,5.0,2.5,2.5,3.75,5.0,5.0,5.0,5.0,5.0,5.0,5.0,5.0,5.0,5.0,5.0,5.0,5.0,3.75,5.0,0.0,5.0,5.0,1.25,5.0,1.25,4.375,1.25,1.25,0.0,3.75,2.5,2.5,2.5,1.25,2.5,4.375,1.25,5.0,3.75,3.75,1.25,1.25,5.0,0.0,3.75,0.0,3.75,2.5,0.0,2.5,0.0,5.0,0.0,0.0,0.0,0.0,0.0,0.0,0.0,0.0,0.0,0.0,0.0
211,4,3.75,2.5,5.0,2.5,5.0,2.5,5.0,2.5,2.5,3.75,5.0,5.0,5.0,5.0,5.0,5.0,5.0,5.0,4.375,5.0,5.0,5.0,5.0,3.75,5.0,3.75,5.0,5.0,3.75,5.0,2.5,3.75,1.25,2.5,1.25,2.5,2.5,2.5,1.25,2.5,1.25,3.75,2.5,5.0,3.75,3.75,2.5,0.0,5.0,0.0,2.5,0.0,2.5,2.5,0.0,2.5,0.0,3.75,0.0,0.0,0.0,0.0,0.0,0.0,0.0,0.0,0.0,0.0,0.0
211,5,4.375,2.5,5.0,2.5,5.0,2.5,5.0,2.5,3.125,3.75,5.0,5.0,5.0,5.0,5.0,5.0,5.0,5.0,5.0,5.0,3.75,5.0,5.0,3.75,5.0,3.75,5.0,5.0,2.5,5.0,2.5,3.75,2.5,2.5,1.25,2.5,2.5,2.5,1.25,2.5,1.875,3.75,2.5,5.0,3.75,3.75,2.5,0.0,5.0,0.0,2.5,0.0,3.125,2.5,0.0,3.125,0.0,3.75,0.0,0.0,0.0,0.0,0.0,0.0,0.0,0.0,0.0,0.0,0.0
212,3,5.0,3.75,5.0,3.125,5.0,2.5,5.0,2.5,3.75,3.75,5.0,5.0,5.0,4.375,5.0,5.0,5.0,5.0,4.375,5.0,5.0,5.0,5.0,3.75,5.0,1.25,5.0,5.0,2.5,5.0,1.25,4.375,2.5,2.5,1.25,3.75,2.5,2.5,1.25,3.75,2.5,3.75,2.5,5.0,4.375,3.75,2.5,1.25,5.0,1.25,1.25,0.0,3.75,1.25,0.0,3.75,0.0,3.75,0.0,0.0,0.0,0.0,0.0,0.0,0.0,0.0,0.0,0.0,0.0
212,4,4.375,3.125,5.0,2.5,5.0,2.5,5.0,2.5,3.75,3.75,5.0,5.0,5.0,3.75,5.0,5.0,5.0,5.0,4.375,5.0,5.0,5.0,5.0,3.75,5.0,5.0,5.0,5.0,5.0,5.0,1.25,3.75,2.5,3.75,2.5,2.5,2.5,2.5,1.25,5.0,1.25,3.75,3.75,4.375,5.0,2.5,3.75,1.25,5.0,1.25,1.25,0.0,3.75,2.5,0.0,3.75,0.0,2.5,0.0,0.0,0.0,0.0,0.0,0.0,0.0,0.0,0.0,0.0,0.0
212,5,5.0,3.75,5.0,2.5,5.0,2.5,5.0,2.5,3.75,3.75,5.0,5.0,5.0,5.0,5.0,5.0,5.0,5.0,5.0,5.0,5.0,5.0,5.0,3.75,5.0,4.375,5.0,5.0,4.375,5.0,1.25,4.375,2.5,3.75,2.5,2.5,2.5,2.5,1.25,5.0,1.25,3.75,5.0,5.0,5.0,3.75,3.75,1.25,5.0,1.25,0.0,0.0,3.75,2.5,0.0,3.75,0.0,2.5,0.0,0.0,0.0,0.0,0.0,0.0,0.0,0.0,0.0,0.0,0.0
213,3,5.0,3.75,5.0,3.75,5.0,2.5,5.0,2.5,3.75,3.75,5.0,5.0,5.0,3.75,5.0,5.0,5.0,5.0,4.375,5.0,5.0,5.0,5.0,3.75,5.0,1.875,5.0,5.0,3.75,5.0,1.25,3.75,3.75,3.75,1.875,3.75,2.5,2.5,1.25,5.0,1.25,3.75,3.75,3.75,5.0,2.5,3.75,2.5,5.0,1.25,0.0,0.0,5.0,1.25,0.0,3.75,0.0,2.5,0.0,0.0,0.0,0.0,0.0,0.0,0.0,0.0,0.0,0.0,0.0
213,4,5.0,3.75,5.0,3.75,5.0,2.5,5.0,2.5,3.75,3.75,5.0,5.0,5.0,3.75,5.0,5.0,5.0,5.0,3.75,5.0,5.0,5.0,5.0,3.75,5.0,5.0,5.0,5.0,5.0,5.0,1.25,3.75,3.75,5.0,3.125,3.75,2.5,1.875,1.25,5.0,1.25,3.75,5.0,3.75,5.0,2.5,5.0,1.25,3.75,1.25,0.0,0.0,3.75,1.25,0.0,3.75,0.0,1.25,0.0,0.0,0.0,0.0,0.0,0.0,0.0,0.0,0.0,0.0,0.0
213,5,5.0,3.75,5.0,3.75,5.0,2.5,5.0,2.5,4.375,3.75,5.0,5.0,5.0,3.75,5.0,5.0,5.0,5.0,3.75,5.0,5.0,5.0,5.0,3.75,5.0,5.0,5.0,5.0,5.0,5.0,1.25,3.75,3.75,5.0,3.125,3.75,2.5,2.5,1.25,5.0,1.25,3.75,5.0,3.75,5.0,2.5,5.0,1.25,3.75,1.25,0.0,0.0,3.75,1.25,0.0,3.75,0.0,1.25,0.0,0.0,0.0,0.0,0.0,0.0,0.0,0.0,0.0,0.0,0.0
214,3,5.0,5.0,5.0,4.375,5.0,3.75,5.0,2.5,5.0,3.75,5.0,5.0,5.0,3.75,5.0,5.0,5.0,5.0,3.75,5.0,5.0,5.0,5.0,3.75,5.0,2.5,5.0,5.0,4.375,5.0,1.25,3.75,4.375,5.0,2.5,5.0,3.75,2.5,1.875,5.0,1.25,3.75,4.375,2.5,4.375,1.25,5.0,2.5,3.75,2.5,0.0,0.0,5.0,0.0,0.0,2.5,0.0,1.25,0.0,0.0,0.0,0.0,0.0,0.0,0.0,0.0,0.0,0.0,0.0
214,4,5.0,3.75,5.0,3.75,5.0,3.75,5.0,2.5,5.0,3.75,5.0,5.0,5.0,3.75,5.0,3.75,5.0,5.0,3.75,5.0,5.0,5.0,5.0,3.75,3.75,5.0,5.0,5.0,5.0,5.0,1.25,3.75,5.0,5.0,3.75,3.75,3.75,2.5,2.5,5.0,1.25,3.75,5.0,2.5,4.375,1.25,5.0,2.5,3.75,2.5,0.0,0.0,3.75,0.0,0.0,2.5,0.0,0.0,0.0,0.0,0.0,0.0,0.0,0.0,0.0,0.0,0.0,0.0,0.0
214,5,5.0,4.375,5.0,3.75,5.0,3.75,5.0,2.5,5.0,3.75,5.0,5.0,5.0,3.75,5.0,4.375,5.0,5.0,3.75,5.0,5.0,5.0,5.0,3.75,4.375,5.0,5.0,5.0,5.0,5.0,1.25,3.75,5.0,5.0,3.75,3.75,3.75,2.5,2.5,5.0,1.25,3.75,5.0,2.5,5.0,1.25,5.0,2.5,3.75,2.5,0.0,0.0,3.75,0.0,0.0,2.5,0.0,0.0,0.0,0.0,0.0,0.0,0.0,0.0,0.0,0.0,0.0,0.0,0.0
215,3,5.0,5.0,5.0,5.0,5.0,3.75,5.0,3.75,5.0,3.75,5.0,5.0,5.0,3.75,5.0,4.375,5.0,5.0,4.375,5.0,5.0,5.0,5.0,3.75,4.375,3.125,5.0,5.0,5.0,5.0,2.5,3.125,5.0,5.0,3.125,5.0,3.75,2.5,2.5,5.0,2.5,3.75,5.0,2.5,3.75,1.25,5.0,2.5,3.75,2.5,0.0,1.25,3.75,0.0,0.0,1.25,0.0,0.0,0.0,0.0,0.0,0.0,0.0,0.0,0.0,0.0,0.0,0.0,0.0
215,4,5.0,5.0,5.0,4.375,5.0,3.75,5.0,3.125,5.0,3.75,5.0,3.75,5.0,3.75,5.0,3.75,3.75,5.0,3.75,5.0,5.0,5.0,5.0,3.75,3.75,5.0,5.0,5.0,5.0,5.0,1.25,2.5,5.0,5.0,4.375,5.0,3.75,2.5,3.75,5.0,1.875,3.75,5.0,2.5,3.75,1.25,5.0,2.5,3.125,2.5,0.0,0.0,3.75,0.0,0.0,1.25,0.0,0.0,0.0,0.0,0.0,0.0,0.0,0.0,0.0,0.0,0.0,0.0,0.0
215,5,5.0,5.0,5.0,5.0,5.0,3.75,5.0,3.75,5.0,3.75,5.0,3.75,5.0,3.75,5.0,3.75,3.75,5.0,3.75,5.0,5.0,5.0,5.0,3.75,3.75,5.0,5.0,5.0,5.0,5.0,1.25,3.125,5.0,5.0,5.0,5.0,3.75,2.5,3.75,5.0,2.5,3.75,5.0,2.5,3.75,1.25,5.0,2.5,3.125,2.5,0.0,0.625,3.75,0.0,0.0,2.5,0.0,0.0,0.0,0.0,0.0,0.0,0.0,0.0,0.0,0.0,0.0,0.0,0.0
216,3,5.0,5.0,5.0,5.0,5.0,5.0,5.0,3.75,5.0,5.0,5.0,3.75,5.0,2.5,5.0,4.375,3.75,5.0,4.375,5.0,5.0,5.0,5.0,3.75,3.75,3.75,5.0,5.0,5.0,5.0,2.5,2.5,5.0,5.0,3.125,5.0,5.0,3.75,3.75,5.0,2.5,3.75,5.0,2.5,2.5,2.5,5.0,3.75,3.75,2.5,0.0,1.25,2.5,0.0,0.0,0.625,0.0,0.0,0.0,0.0,0.0,0.0,0.0,0.0,0.0,0.0,0.0,0.0,0.0
216,4,5.0,5.0,5.0,5.0,5.0,4.375,5.0,3.75,5.0,3.75,5.0,3.75,5.0,3.75,4.375,3.75,3.75,5.0,3.75,5.0,5.0,5.0,5.0,3.75,2.5,5.0,5.0,5.0,5.0,4.375,2.5,2.5,5.0,5.0,5.0,5.0,3.75,2.5,4.375,5.0,2.5,3.75,5.0,1.875,2.5,2.5,5.0,3.75,2.5,2.5,0.0,1.25,2.5,0.0,0.0,1.25,0.0,0.0,0.0,0.0,0.0,0.0,0.0,0.0,0.0,0.0,0.0,0.0,0.0
216,5,5.0,5.0,5.0,5.0,5.0,5.0,5.0,3.75,5.0,4.375,5.0,3.75,5.0,3.75,3.75,3.75,3.75,5.0,3.75,5.0,5.0,5.0,5.0,3.75,2.5,5.0,5.0,5.0,5.0,5.0,2.5,2.5,5.0,5.0,5.0,5.0,4.375,3.125,4.375,5.0,2.5,3.75,5.0,2.5,2.5,2.5,5.0,3.75,3.75,2.5,0.0,1.25,2.5,0.0,0.0,1.25,0.0,0.0,0.0,0.0,0.0,0.0,0.0,0.0,0.0,0.0,0.0,0.0,0.0
217,3,5.0,5.0,5.0,5.0,5.0,5.0,5.0,4.375,5.0,5.0,5.0,3.75,5.0,2.5,3.75,4.375,3.75,5.0,5.0,5.0,5.0,5.0,5.0,5.0,2.5,3.125,5.0,5.0,5.0,4.375,2.5,2.5,5.0,5.0,3.125,5.0,5.0,3.75,4.375,5.0,2.5,3.75,4.375,2.5,2.5,3.75,5.0,3.75,3.75,2.5,0.0,2.5,1.25,0.0,0.0,0.0,0.0,0.0,0.0,0.0,0.0,0.0,0.0,0.0,0.0,0.0,0.0,0.0,0.0
217,4,5.0,5.0,5.0,5.0,5.0,5.0,5.0,4.375,5.0,4.375,5.0,3.75,5.0,2.5,3.75,3.75,3.75,5.0,5.0,5.0,5.0,5.0,5.0,3.75,1.25,5.0,5.0,5.0,5.0,3.75,2.5,2.5,5.0,5.0,4.375,5.0,3.75,3.75,5.0,5.0,2.5,3.75,5.0,2.5,2.5,2.5,5.0,3.75,2.5,2.5,0.0,2.5,1.25,0.0,0.0,0.0,0.0,0.0,0.0,0.0,0.0,0.0,0.0,0.0,0.0,0.0,0.0,0.0,0.0
217,5,5.0,5.0,5.0,5.0,5.0,5.0,5.0,4.375,5.0,5.0,5.0,3.75,5.0,2.5,3.75,3.75,3.75,5.0,5.0,5.0,5.0,5.0,5.0,3.75,1.875,5.0,5.0,5.0,5.0,3.75,2.5,2.5,5.0,5.0,5.0,5.0,4.375,3.75,5.0,5.0,2.5,3.75,5.0,2.5,2.5,2.5,5.0,3.75,2.5,2.5,0.0,2.5,1.25,0.0,0.0,0.0,0.0,0.0,0.0,0.0,0.0,0.0,0.0,0.0,0.0,0.0,0.0,0.0,0.0
218,3,5.0,5.0,5.0,5.0,5.0,5.0,5.0,5.0,5.0,5.0,5.0,3.75,5.0,2.5,3.75,4.375,3.125,5.0,5.0,5.0,5.0,5.0,3.75,5.0,1.25,2.5,5.0,5.0,5.0,3.75,3.75,2.5,5.0,5.0,2.5,5.0,3.75,5.0,5.0,5.0,2.5,3.75,3.75,2.5,1.25,5.0,3.75,3.75,3.75,2.5,0.0,3.75,1.25,0.0,0.0,0.0,0.0,0.0,0.0,0.0,0.0,0.0,0.0,0.0,0.0,0.0,0.0,0.0,0.0
218,4,5.0,5.0,5.0,5.0,5.0,5.0,5.0,5.0,5.0,5.0,5.0,3.75,5.0,2.5,3.75,3.75,3.125,5.0,5.0,5.0,5.0,5.0,3.75,3.75,1.25,5.0,5.0,4.375,5.0,3.75,3.125,2.5,5.0,5.0,3.75,5.0,3.75,3.75,5.0,5.0,2.5,3.75,5.0,2.5,1.25,3.75,5.0,3.75,2.5,1.25,0.0,2.5,0.625,0.0,0.0,0.0,0.0,0.0,0.0,0.0,0.0,0.0,0.0,0.0,0.0,0.0,0.0,0.0,0.0
218,5,5.0,5.0,5.0,5.0,5.0,5.0,5.0,5.0,5.0,5.0,5.0,3.75,5.0,3.75,3.75,4.375,3.75,5.0,5.0,5.0,5.0,5.0,3.75,3.75,1.25,5.0,5.0,5.0,5.0,3.75,3.125,2.5,5.0,5.0,3.75,5.0,3.75,3.75,5.0,5.0,2.5,3.75,5.0,2.5,1.25,3.75,5.0,3.75,2.5,2.5,0.0,3.75,1.25,0.0,0.0,0.0,0.0,0.0,0.0,0.0,0.0,0.0,0.0,0.0,0.0,0.0,0.0,0.0,0.0
219,3,5.0,5.0,5.0,5.0,5.0,5.0,5.0,5.0,5.0,5.0,5.0,5.0,5.0,3.75,3.75,5.0,2.5,5.0,5.0,5.0,5.0,5.0,3.75,5.0,0.0,2.5,5.0,5.0,3.75,2.5,3.75,3.75,5.0,3.75,1.875,5.0,3.75,5.0,5.0,5.0,1.25,3.75,2.5,2.5,2.5,5.0,2.5,3.75,3.75,1.25,0.0,5.0,0.0,0.0,0.0,0.0,0.0,0.0,0.0,0.0,0.0,0.0,0.0,0.0,0.0,0.0,0.0,0.0,0.0
219,4,5.0,5.0,5.0,5.0,3.75,5.0,5.0,5.0,5.0,5.0,5.0,3.75,5.0,3.75,3.75,5.0,2.5,5.0,5.0,4.375,5.0,5.0,3.75,4.375,0.0,5.0,5.0,3.75,5.0,2.5,3.75,2.5,5.0,5.0,3.125,5.0,3.75,3.75,5.0,5.0,1.25,2.5,5.0,2.5,1.25,5.0,3.75,3.75,2.5,1.25,0.0,3.75,0.0,0.0,0.0,0.0,0.0,0.0,0.0,0.0,0.0,0.0,0.0,0.0,0.0,0.0,0.0,0.0,0.0
219,5,5.0,5.0,5.0,5.0,4.375,5.0,5.0,5.0,5.0,5.0,5.0,3.75,5.0,3.75,3.75,5.0,3.125,4.375,5.0,5.0,5.0,5.0,3.75,5.0,0.0,5.0,5.0,3.75,5.0,3.75,3.75,3.75,5.0,5.0,3.125,5.0,3.75,3.75,5.0,5.0,1.25,3.125,5.0,2.5,1.25,5.0,5.0,3.75,2.5,1.25,0.0,3.75,0.0,0.0,0.0,0.0,0.0,0.0,0.0,0.0,0.0,0.0,0.0,0.0,0.0,0.0,0.0,0.0,0.0
220,3,5.0,5.0,5.0,5.0,5.0,5.0,5.0,5.0,5.0,5.0,5.0,5.0,5.0,3.75,3.75,5.0,2.5,3.75,5.0,5.0,5.0,5.0,3.125,5.0,0.0,1.25,5.0,3.75,2.5,2.5,3.75,3.75,5.0,2.5,1.25,5.0,2.5,5.0,5.0,3.75,1.25,2.5,1.25,2.5,2.5,5.0,1.25,3.75,2.5,0.0,0.0,5.0,0.0,1.25,0.0,0.0,0.0,0.0,0.0,0.0,0.0,0.0,0.0,0.0,0.0,0.0,0.0,0.0,0.0
220,4,5.0,5.0,5.0,5.0,3.75,5.0,5.0,5.0,5.0,5.0,5.0,4.375,3.75,3.75,3.75,5.0,3.125,3.75,5.0,3.75,5.0,3.75,3.75,5.0,0.0,5.0,5.0,2.5,5.0,2.5,3.75,3.75,5.0,4.375,2.5,5.0,2.5,3.75,5.0,5.0,1.25,2.5,3.75,1.25,1.875,5.0,2.5,3.75,2.5,0.0,0.0,3.75,0.0,0.0,0.0,0.0,0.0,0.0,0.0,0.0,0.0,0.0,0.0,0.0,0.0,0.0,0.0,0.0,0.0
220,5,5.0,5.0,5.0,5.0,4.375,5.0,5.0,5.0,5.0,5.0,5.0,5.0,5.0,3.75,3.75,5.0,3.125,3.75,5.0,3.75,5.0,5.0,3.75,5.0,0.0,5.0,5.0,2.5,4.375,3.125,3.75,3.75,5.0,3.75,2.5,5.0,2.5,3.75,5.0,5.0,1.25,2.5,3.75,1.25,2.5,5.0,2.5,3.75,2.5,0.0,0.0,3.75,0.0,1.25,0.0,0.0,0.0,0.0,0.0,0.0,0.0,0.0,0.0,0.0,0.0,0.0,0.0,0.0,0.0
221,3,5.0,5.0,5.0,5.0,5.0,5.0,5.0,5.0,5.0,5.0,5.0,5.0,5.0,3.75,5.0,5.0,2.5,3.75,5.0,3.75,5.0,3.75,3.75,5.0,0.0,1.25,5.0,2.5,2.5,2.5,4.375,5.0,4.375,2.5,1.25,5.0,2.5,5.0,5.0,3.75,1.25,2.5,1.25,1.25,2.5,5.0,0.0,2.5,2.5,0.0,0.0,3.75,0.0,2.5,0.0,0.0,0.0,0.0,0.0,0.0,0.0,0.0,0.0,0.0,0.0,0.0,0.0,0.0,0.0
221,4,5.0,5.0,5.0,5.0,4.375,5.0,5.0,5.0,3.75,5.0,5.0,5.0,3.75,3.75,3.75,5.0,3.125,3.75,5.0,3.75,5.0,3.75,3.75,5.0,0.0,3.75,5.0,1.25,3.75,3.75,3.75,5.0,4.375,2.5,1.25,5.0,2.5,3.75,5.0,3.75,0.625,2.5,2.5,1.25,2.5,5.0,1.25,2.5,2.5,0.0,0.0,3.75,0.0,1.25,0.0,0.0,0.0,0.0,0.0,0.0,0.0,0.0,0.0,0.0,0.0,0.0,0.0,0.0,0.0
221,5,5.0,5.0,5.0,5.0,5.0,5.0,5.0,5.0,3.75,5.0,5.0,5.0,4.375,3.75,3.75,5.0,3.75,3.75,5.0,3.75,4.375,3.75,3.75,5.0,0.0,3.75,5.0,1.875,3.125,3.75,3.75,5.0,4.375,2.5,1.25,5.0,2.5,3.75,5.0,3.75,1.25,2.5,2.5,1.25,2.5,5.0,1.25,2.5,2.5,0.0,0.0,3.75,0.0,1.25,0.0,0.0,0.0,0.0,0.0,0.0,0.0,0.0,0.0,0.0,0.0,0.0,0.0,0.0,0.0
222,3,5.0,5.0,5.0,5.0,5.0,5.0,5.0,5.0,5.0,5.0,5.0,5.0,5.0,5.0,5.0,5.0,2.5,3.75,5.0,3.75,5.0,3.75,3.75,5.0,0.0,1.25,5.0,1.25,1.25,3.75,5.0,5.0,3.75,1.25,1.25,5.0,1.25,3.75,4.375,3.75,0.625,2.5,1.25,1.25,2.5,5.0,0.0,2.5,3.125,0.0,0.0,3.75,0.0,3.125,0.0,0.0,0.0,0.0,0.0,0.0,0.0,0.0,0.0,0.0,0.0,0.0,0.0,0.0,0.0
222,4,5.0,5.0,5.0,5.0,5.0,5.0,5.0,5.0,3.75,5.0,5.0,5.0,4.375,5.0,5.0,5.0,3.125,3.75,5.0,3.125,3.75,3.75,3.75,5.0,0.0,2.5,5.0,1.25,2.5,3.75,3.75,5.0,3.75,2.5,1.25,5.0,1.25,3.75,5.0,2.5,0.0,2.5,2.5,1.25,2.5,3.75,1.25,2.5,2.5,0.0,0.0,2.5,0.0,2.5,0.0,0.0,0.0,0.0,0.0,0.0,0.0,0.0,0.0,0.0,0.0,0.0,0.0,0.0,0.0
222,5,5.0,5.0,5.0,5.0,5.0,5.0,5.0,5.0,3.75,5.0,5.0,5.0,5.0,5.0,5.0,5.0,3.75,3.75,5.0,3.75,3.75,3.75,3.75,5.0,0.0,2.5,5.0,1.25,1.25,3.75,5.0,5.0,3.75,2.5,1.25,5.0,1.25,3.75,5.0,2.5,0.625,2.5,2.5,1.25,2.5,4.375,1.25,2.5,2.5,0.0,0.0,2.5,0.0,2.5,0.0,0.0,0.0,0.0,0.0,0.0,0.0,0.0,0.0,0.0,0.0,0.0,0.0,0.0,0.0
223,3,5.0,5.0,5.0,5.0,5.0,5.0,5.0,5.0,3.75,5.0,5.0,5.0,5.0,5.0,5.0,5.0,2.5,4.375,5.0,3.75,3.75,3.75,3.75,5.0,0.0,1.25,5.0,0.0,1.25,3.75,5.0,5.0,3.75,1.25,1.25,5.0,1.25,3.75,3.75,3.75,1.25,2.5,2.5,1.25,2.5,3.75,1.25,2.5,3.75,0.0,0.0,2.5,0.0,3.75,0.0,0.0,0.0,0.0,0.0,0.0,0.0,0.0,0.0,0.0,0.0,0.0,0.0,0.0,0.0
223,4,5.0,5.0,5.0,5.0,5.0,5.0,5.0,5.0,3.75,5.0,5.0,5.0,5.0,5.0,5.0,5.0,2.5,3.75,5.0,3.125,3.75,2.5,3.75,5.0,0.0,1.25,3.75,0.0,1.25,4.375,5.0,5.0,3.125,1.25,1.25,5.0,1.25,2.5,3.75,2.5,1.25,2.5,2.5,1.25,2.5,2.5,1.25,2.5,2.5,0.0,0.0,1.25,0.0,2.5,0.0,0.0,0.0,0.0,0.0,0.0,0.0,0.0,0.0,0.0,0.0,0.0,0.0,0.0,0.0
223,5,5.0,5.0,5.0,5.0,5.0,5.0,5.0,5.0,3.75,5.0,5.0,5.0,5.0,5.0,5.0,5.0,3.125,3.75,5.0,3.75,3.75,2.5,3.75,5.0,0.0,1.25,3.75,0.0,1.25,5.0,5.0,5.0,3.75,1.25,1.25,5.0,1.25,2.5,3.75,2.5,1.25,2.5,2.5,1.25,2.5,3.75,1.25,2.5,2.5,0.0,0.0,1.25,0.0,3.75,0.0,0.0,0.0,0.0,0.0,0.0,0.0,0.0,0.0,0.0,0.0,0.0,0.0,0.0,0.0
224,3,5.0,5.0,5.0,5.0,5.0,5.0,5.0,5.0,3.75,5.0,5.0,5.0,5.0,5.0,5.0,4.375,2.5,4.375,5.0,5.0,3.75,2.5,5.0,5.0,0.0,1.25,3.75,0.0,1.25,3.75,5.0,5.0,3.125,1.25,1.25,5.0,1.25,2.5,3.75,3.75,1.25,3.75,2.5,1.25,1.25,2.5,1.25,2.5,2.5,0.0,0.0,1.25,0.0,4.375,0.0,0.0,0.0,0.0,0.0,0.0,0.0,0.0,0.0,0.0,0.0,0.0,0.0,0.0,0.0
224,4,5.0,5.0,5.0,5.0,5.0,5.0,5.0,5.0,2.5,5.0,5.0,5.0,5.0,5.0,5.0,3.75,2.5,3.75,5.0,3.75,3.75,2.5,3.75,5.0,0.0,1.25,3.75,0.0,1.25,5.0,5.0,5.0,2.5,1.25,1.25,4.375,0.0,2.5,3.75,2.5,1.25,2.5,2.5,1.25,1.25,1.875,1.25,2.5,2.5,0.0,0.0,1.25,0.0,3.75,0.0,0.0,0.0,0.0,0.0,0.0,0.0,0.0,0.0,0.0,0.0,0.0,0.0,0.0,0.0
224,5,5.0,5.0,5.0,5.0,5.0,5.0,5.0,5.0,3.125,5.0,5.0,5.0,5.0,5.0,5.0,3.75,2.5,3.75,5.0,3.75,3.75,2.5,4.375,5.0,0.0,1.25,3.75,0.0,1.25,5.0,5.0,5.0,2.5,1.25,1.25,5.0,0.0,2.5,3.75,2.5,1.25,3.125,2.5,1.25,1.25,2.5,1.25,2.5,2.5,0.0,0.0,1.25,0.0,3.75,0.0,0.0,0.0,0.0,0.0,0.0,0.0,0.0,0.0,0.0,0.0,0.0,0.0,0.0,0.0
225,3,5.0,5.0,5.0,5.0,5.0,5.0,5.0,5.0,3.75,3.75,5.0,5.0,5.0,5.0,5.0,3.75,2.5,5.0,5.0,5.0,3.75,2.5,5.0,5.0,0.0,2.5,3.75,0.0,1.25,3.75,5.0,5.0,3.75,1.25,2.5,4.375,1.25,1.25,2.5,3.75,2.5,5.0,2.5,1.25,1.25,1.25,2.5,2.5,2.5,0.0,0.0,0.0,1.25,4.375,0.0,0.0,0.0,0.0,0.0,0.0,0.0,0.0,0.0,0.0,0.0,0.0,0.0,0.0,0.0
225,4,5.0,5.0,5.0,5.0,5.0,5.0,5.0,5.0,3.75,3.75,5.0,5.0,5.0,5.0,5.0,3.75,2.5,4.375,5.0,5.0,3.75,2.5,5.0,5.0,0.0,1.25,3.75,0.0,1.25,5.0,5.0,5.0,2.5,1.25,1.25,3.75,0.0,1.25,2.5,2.5,1.25,3.75,2.5,1.25,1.25,1.25,2.5,2.5,2.5,0.0,0.0,0.0,1.25,3.75,0.0,0.0,0.0,0.0,0.0,0.0,0.0,0.0,0.0,0.0,0.0,0.0,0.0,0.0,0.0
225,5,5.0,5.0,5.0,5.0,5.0,5.0,5.0,5.0,3.75,5.0,5.0,5.0,5.0,5.0,5.0,3.75,2.5,5.0,5.0,5.0,3.75,2.5,5.0,5.0,0.0,1.875,3.75,0.0,1.25,5.0,5.0,5.0,2.5,1.25,1.25,3.75,0.0,2.5,2.5,2.5,1.875,3.75,2.5,1.25,1.25,1.25,2.5,2.5,2.5,0.0,0.0,0.0,1.25,3.75,0.0,0.0,0.0,0.0,0.0,0.0,0.0,0.0,0.0,0.0,0.0,0.0,0.0,0.0,0.0
226,3,5.0,5.0,5.0,5.0,5.0,5.0,5.0,5.0,3.75,3.75,5.0,5.0,5.0,5.0,5.0,3.75,2.5,5.0,5.0,5.0,5.0,2.5,5.0,5.0,0.0,2.5,3.75,0.0,2.5,4.375,5.0,5.0,3.75,2.5,1.25,3.75,1.25,1.25,2.5,3.75,2.5,5.0,3.75,2.5,1.25,0.0,3.75,3.125,2.5,0.0,1.25,0.0,2.5,3.75,0.0,1.25,0.0,0.0,0.0,0.0,0.0,0.0,0.0,0.0,0.0,0.0,0.0,0.0,0.0
226,4,5.0,5.0,5.0,5.0,5.0,5.0,5.0,5.0,3.75,3.75,5.0,5.0,5.0,5.0,5.0,2.5,2.5,5.0,5.0,5.0,3.75,2.5,5.0,5.0,0.0,2.5,3.75,0.0,1.875,5.0,5.0,5.0,2.5,1.25,1.25,2.5,0.0,1.25,2.5,2.5,2.5,3.75,2.5,1.25,1.25,0.0,2.5,2.5,1.25,0.0,1.25,0.0,2.5,3.125,0.0,1.25,0.0,0.0,0.0,0.0,0.0,0.0,0.0,0.0,0.0,0.0,0.0,0.0,0.0
226,5,5.0,5.0,5.0,5.0,5.0,5.0,5.0,5.0,3.75,3.75,5.0,5.0,5.0,5.0,5.0,2.5,3.125,5.0,5.0,5.0,3.75,2.5,5.0,5.0,0.0,2.5,3.75,0.0,2.5,5.0,5.0,5.0,3.125,1.25,1.25,3.125,0.0,1.25,2.5,2.5,2.5,3.75,2.5,1.25,1.25,0.0,2.5,2.5,1.25,0.0,1.25,0.0,2.5,3.75,0.0,1.25,0.0,0.0,0.0,0.0,0.0,0.0,0.0,0.0,0.0,0.0,0.0,0.0,0.0
227,3,5.0,5.0,5.0,4.375,5.0,5.0,5.0,5.0,3.75,3.75,5.0,5.0,5.0,5.0,5.0,2.5,2.5,5.0,5.0,5.0,5.0,1.875,5.0,3.75,0.0,3.75,3.75,0.0,2.5,5.0,5.0,5.0,3.75,2.5,2.5,2.5,1.25,1.25,2.5,3.75,2.5,5.0,3.75,2.5,1.25,0.0,3.75,2.5,1.25,1.25,3.75,0.0,3.75,2.5,0.0,2.5,0.0,0.0,0.0,0.0,0.0,0.0,0.0,0.0,0.0,0.0,0.0,0.0,0.0
227,4,5.0,5.0,5.0,5.0,5.0,5.0,5.0,3.75,3.75,3.75,5.0,5.0,5.0,5.0,5.0,2.5,3.75,5.0,5.0,5.0,3.75,1.875,5.0,5.0,0.0,2.5,3.75,0.0,2.5,5.0,5.0,5.0,3.125,1.875,1.25,2.5,0.0,1.25,2.5,2.5,2.5,3.75,2.5,1.25,1.25,0.0,3.75,2.5,1.25,1.25,3.75,0.0,3.125,2.5,0.0,2.5,0.0,0.0,0.0,0.0,0.0,0.0,0.0,0.0,0.0,0.0,0.0,0.0,0.0
227,5,5.0,5.0,5.0,5.0,5.0,5.0,5.0,3.75,3.75,3.75,5.0,5.0,5.0,5.0,5.0,2.5,3.75,5.0,5.0,5.0,3.75,1.875,5.0,5.0,0.0,2.5,3.75,0.0,2.5,5.0,5.0,5.0,3.75,2.5,1.25,2.5,1.25,1.25,2.5,2.5,2.5,3.75,2.5,1.25,1.25,0.0,3.75,2.5,1.25,1.25,2.5,0.0,3.75,2.5,0.0,2.5,0.0,0.0,0.0,0.0,0.0,0.0,0.0,0.0,0.0,0.0,0.0,0.0,0.0
228,3,5.0,5.0,5.0,3.75,5.0,5.0,5.0,5.0,3.75,3.75,5.0,5.0,5.0,5.0,5.0,1.25,3.75,5.0,5.0,5.0,5.0,1.875,5.0,3.75,0.0,3.75,3.75,0.0,3.75,3.75,5.0,5.0,3.75,3.125,2.5,2.5,1.25,1.25,2.5,3.75,2.5,3.75,3.75,2.5,1.25,0.0,4.375,2.5,0.0,2.5,5.0,1.25,4.375,1.25,0.0,3.75,0.0,0.0,0.0,0.0,0.0,0.0,0.0,0.0,0.0,0.0,0.0,0.0,0.0
228,4,5.0,5.0,5.0,3.75,5.0,5.0,5.0,5.0,5.0,3.75,5.0,5.0,5.0,5.0,5.0,1.25,3.75,5.0,5.0,5.0,5.0,1.875,5.0,3.75,0.0,3.75,3.75,0.0,2.5,3.75,5.0,5.0,2.5,2.5,2.5,2.5,1.25,1.25,2.5,2.5,2.5,3.75,2.5,1.25,1.25,0.0,3.75,2.5,0.0,2.5,5.0,1.25,3.75,1.25,0.0,3.125,0.0,0.0,0.0,0.0,0.0,0.0,0.0,0.0,0.0,0.0,0.0,0.0,0.0
228,5,5.0,5.0,5.0,3.75,5.0,5.0,5.0,5.0,5.0,3.75,5.0,5.0,5.0,5.0,5.0,1.25,3.75,5.0,5.0,5.0,5.0,1.875,5.0,3.75,0.0,3.75,3.75,0.0,2.5,3.75,5.0,5.0,2.5,2.5,2.5,2.5,1.25,1.25,2.5,3.125,2.5,3.75,2.5,1.25,1.25,0.0,3.75,2.5,0.0,2.5,3.75,1.25,3.75,1.25,0.0,3.75,0.0,0.0,0.0,0.0,0.0,0.0,0.0,0.0,0.0,0.0,0.0,0.0,0.0
229,3,5.0,5.0,5.0,3.75,5.0,5.0,5.0,5.0,3.75,3.75,5.0,5.0,5.0,5.0,5.0,0.0,5.0,5.0,5.0,5.0,5.0,1.875,5.0,2.5,0.0,5.0,3.75,0.0,3.75,3.75,5.0,5.0,2.5,3.75,2.5,2.5,1.25,2.5,2.5,3.75,2.5,2.5,3.75,1.25,2.5,0.0,5.0,1.25,0.0,4.375,5.0,2.5,5.0,1.25,0.0,5.0,0.0,0.0,0.0,0.0,0.0,0.0,0.0,0.0,0.0,0.0,0.0,0.0,0.0
229,4,5.0,5.0,5.0,3.75,5.0,5.0,5.0,5.0,5.0,3.75,5.0,4.375,5.0,5.0,5.0,0.0,5.0,5.0,4.375,5.0,5.0,1.875,5.0,2.5,0.0,3.75,3.75,0.0,3.75,3.75,5.0,5.0,2.5,2.5,2.5,1.875,1.25,1.25,2.5,2.5,2.5,2.5,3.75,1.25,2.5,0.0,3.75,1.25,0.0,3.75,5.0,2.5,3.75,0.0,0.0,3.75,0.0,0.0,0.0,0.0,0.0,0.0,0.0,0.0,0.0,0.0,0.0,0.0,0.0
229,5,5.0,5.0,5.0,3.75,5.0,5.0,5.0,5.0,5.0,4.375,5.0,5.0,5.0,5.0,5.0,0.0,5.0,5.0,5.0,5.0,5.0,1.875,5.0,2.5,0.0,3.75,3.75,0.0,3.75,3.75,5.0,5.0,2.5,3.125,2.5,2.5,1.25,1.25,2.5,2.5,2.5,2.5,3.75,1.25,2.5,0.0,3.75,1.25,0.0,3.75,5.0,2.5,3.75,0.625,0.0,3.75,0.0,0.0,0.0,0.0,0.0,0.0,0.0,0.0,0.0,0.0,0.0,0.0,0.0
230,3,5.0,5.0,5.0,3.75,5.0,5.0,5.0,5.0,5.0,5.0,5.0,5.0,5.0,5.0,5.0,0.0,5.0,5.0,3.75,4.375,5.0,1.25,5.0,1.25,0.0,5.0,3.75,0.0,4.375,3.75,5.0,5.0,2.5,3.75,3.125,1.25,1.25,2.5,3.75,2.5,2.5,1.875,3.75,1.25,2.5,0.0,5.0,1.25,1.25,5.0,5.0,3.75,3.75,0.0,0.0,5.0,0.0,0.0,0.0,0.0,0.0,0.0,0.0,0.0,0.0,0.0,0.0,0.0,0.0
230,4,5.0,5.0,5.0,3.75,5.0,5.0,5.0,5.0,5.0,5.0,5.0,3.75,5.0,5.0,5.0,0.0,5.0,5.0,3.75,3.75,5.0,1.25,5.0,2.5,0.0,4.375,3.75,0.0,3.75,3.125,5.0,5.0,2.5,3.75,2.5,1.25,1.25,2.5,3.75,2.5,2.5,1.25,3.75,1.25,2.5,0.0,3.75,1.25,1.25,3.75,5.0,2.5,3.75,0.0,0.0,3.75,0.0,0.0,0.0,0.0,0.0,0.0,0.0,0.0,0.0,0.0,0.0,0.0,0.0
230,5,5.0,5.0,5.0,3.75,5.0,5.0,5.0,5.0,5.0,5.0,5.0,4.375,5.0,5.0,5.0,0.0,5.0,5.0,3.75,3.75,5.0,1.25,5.0,2.5,0.0,4.375,3.75,0.0,3.75,3.75,5.0,5.0,2.5,3.75,2.5,1.25,1.25,2.5,3.75,2.5,2.5,1.25,3.75,1.25,2.5,0.0,3.75,1.25,1.25,5.0,5.0,2.5,3.75,0.0,0.0,3.75,0.0,0.0,0.0,0.0,0.0,0.0,0.0,0.0,0.0,0.0,0.0,0.0,0.0
231,3,5.0,5.0,5.0,3.75,5.0,5.0,5.0,5.0,5.0,5.0,5.0,5.0,3.75,5.0,5.0,0.0,5.0,5.0,3.75,2.5,5.0,1.25,5.0,0.0,0.0,5.0,3.125,0.0,5.0,3.125,5.0,5.0,2.5,3.75,3.75,1.25,1.25,5.0,3.75,2.5,3.75,1.25,3.75,0.0,3.75,1.25,5.0,0.0,1.25,5.0,5.0,3.75,3.75,0.0,0.0,5.0,0.0,1.25,0.0,0.0,0.0,0.0,0.0,0.0,0.0,0.0,0.0,0.0,0.0
231,4,5.0,5.0,5.0,3.75,5.0,5.0,5.0,5.0,5.0,5.0,5.0,4.375,3.75,5.0,5.0,0.0,5.0,5.0,3.75,1.25,5.0,1.25,5.0,1.25,0.0,5.0,3.75,0.0,3.75,2.5,5.0,5.0,2.5,3.75,3.75,1.25,1.25,3.75,3.75,1.875,3.75,0.0,3.125,0.0,2.5,0.0,3.75,0.0,1.25,5.0,5.0,3.75,2.5,0.0,0.0,3.75,0.0,1.25,0.0,0.0,0.0,0.0,0.0,0.0,0.0,0.0,0.0,0.0,0.0
231,5,5.0,5.0,5.0,3.75,5.0,5.0,5.0,5.0,5.0,5.0,5.0,5.0,3.75,5.0,5.0,0.0,5.0,5.0,3.75,1.25,5.0,1.25,5.0,1.25,0.0,5.0,3.75,0.0,3.75,2.5,5.0,5.0,2.5,3.75,3.75,1.25,1.25,3.75,3.75,2.5,3.75,0.625,3.75,0.0,2.5,0.0,3.75,0.0,1.25,5.0,5.0,3.75,2.5,0.0,0.0,3.75,0.0,1.25,0.0,0.0,0.0,0.0,0.0,0.0,0.0,0.0,0.0,0.0,0.0
232,3,5.0,5.0,5.0,5.0,5.0,5.0,5.0,5.0,5.0,5.0,5.0,5.0,2.5,5.0,5.0,0.0,5.0,5.0,2.5,1.25,5.0,1.25,5.0,0.0,0.0,5.0,2.5,0.0,5.0,2.5,5.0,5.0,2.5,3.75,3.75,1.25,1.25,5.0,3.75,2.5,3.75,0.0,3.75,0.0,3.75,1.25,5.0,0.0,2.5,5.0,5.0,3.75,2.5,0.0,0.0,3.75,0.0,3.75,0.0,0.0,0.0,0.0,0.0,0.0,0.0,0.0,0.0,0.0,0.0
232,4,5.0,5.0,5.0,3.75,5.0,4.375,5.0,5.0,5.0,5.0,5.0,4.375,2.5,5.0,5.0,0.0,5.0,5.0,3.75,0.0,5.0,1.25,3.75,0.0,0.0,5.0,3.125,0.0,4.375,2.5,5.0,5.0,2.5,3.75,3.75,1.25,1.25,5.0,3.75,2.5,3.75,0.0,2.5,0.0,2.5,1.25,3.75,0.0,2.5,5.0,5.0,3.75,1.25,0.0,0.0,3.75,0.0,2.5,0.0,0.0,0.0,0.0,0.0,0.0,0.0,0.0,0.0,0.0,0.0
232,5,5.0,5.0,5.0,4.375,5.0,5.0,5.0,5.0,5.0,5.0,5.0,5.0,2.5,5.0,5.0,0.0,5.0,5.0,3.75,0.0,5.0,1.25,3.75,0.0,0.0,5.0,3.125,0.0,5.0,2.5,5.0,5.0,2.5,3.75,3.75,1.25,1.25,5.0,4.375,2.5,3.75,0.0,2.5,0.0,2.5,0.0,3.75,0.0,2.5,5.0,5.0,3.75,2.5,0.0,0.0,3.75,0.0,2.5,0.0,0.0,0.0,0.0,0.0,0.0,0.0,0.0,0.0,0.0,0.0
233,3,5.0,5.0,5.0,5.0,5.0,4.375,5.0,5.0,5.0,5.0,5.0,5.0,1.25,5.0,5.0,0.0,5.0,5.0,2.5,0.0,5.0,1.875,3.75,0.0,0.0,5.0,2.5,0.0,5.0,3.75,5.0,4.375,2.5,3.75,4.375,1.25,2.5,5.0,3.75,2.5,5.0,0.0,2.5,0.0,2.5,2.5,5.0,1.25,3.75,5.0,5.0,3.75,1.25,0.0,0.0,2.5,0.0,5.0,0.0,0.0,0.0,0.0,0.0,0.0,0.0,0.0,0.0,0.0,0.0
233,4,5.0,5.0,5.0,5.0,5.0,3.75,5.0,5.0,5.0,5.0,5.0,5.0,1.25,5.0,5.0,0.0,5.0,5.0,3.75,0.0,5.0,1.875,3.75,0.0,0.0,5.0,2.5,0.0,5.0,2.5,5.0,3.75,2.5,3.75,3.75,1.25,1.25,5.0,3.75,2.5,5.0,0.0,2.5,0.0,2.5,1.25,3.75,1.25,2.5,5.0,5.0,2.5,1.25,0.0,0.0,2.5,0.0,3.75,0.0,0.0,0.0,0.0,0.0,0.0,0.0,0.0,0.0,0.0,0.0
233,5,5.0,5.0,5.0,5.0,5.0,3.75,5.0,5.0,5.0,5.0,5.0,5.0,1.25,5.0,5.0,0.0,5.0,5.0,3.75,0.0,5.0,1.875,3.75,0.0,0.0,5.0,2.5,0.0,5.0,2.5,5.0,3.75,2.5,3.75,3.75,1.25,1.25,5.0,3.75,2.5,5.0,0.0,2.5,0.0,2.5,1.25,3.75,1.25,3.125,5.0,5.0,3.75,1.25,0.0,0.0,2.5,0.0,3.75,0.0,0.0,0.0,0.0,0.0,0.0,0.0,0.0,0.0,0.0,0.0
234,3,5.0,5.0,5.0,5.0,5.0,3.75,5.0,5.0,5.0,5.0,5.0,5.0,0.0,5.0,5.0,0.0,5.0,5.0,2.5,0.0,5.0,2.5,3.75,0.0,0.0,5.0,2.5,0.0,5.0,3.75,5.0,3.75,3.75,3.75,3.75,1.25,2.5,5.0,3.75,3.75,5.0,0.0,2.5,0.0,2.5,2.5,5.0,1.25,3.75,5.0,5.0,2.5,0.0,0.0,0.0,1.25,0.0,5.0,0.0,0.0,0.0,0.0,0.0,0.0,0.0,0.0,0.0,0.0,0.0
234,4,5.0,5.0,5.0,5.0,5.0,3.75,5.0,5.0,5.0,5.0,5.0,5.0,0.0,5.0,5.0,0.0,5.0,5.0,3.75,0.0,5.0,2.5,2.5,0.0,0.0,5.0,2.5,0.0,5.0,3.75,5.0,3.75,3.75,3.75,3.75,1.25,2.5,5.0,3.75,2.5,5.0,0.0,1.25,1.25,1.25,2.5,3.75,1.25,3.75,5.0,5.0,2.5,0.0,0.0,0.0,1.25,0.0,5.0,0.0,0.0,0.0,0.0,0.0,0.0,0.0,0.0,0.0,0.0,0.0
234,5,5.0,5.0,5.0,5.0,5.0,3.75,5.0,5.0,5.0,5.0,5.0,5.0,0.0,5.0,5.0,0.0,5.0,5.0,3.75,0.0,5.0,2.5,2.5,0.0,0.0,5.0,2.5,0.0,5.0,3.75,5.0,3.75,3.75,3.75,3.75,1.25,2.5,5.0,3.75,2.5,5.0,0.0,1.25,1.25,1.25,2.5,3.75,1.25,3.75,5.0,5.0,2.5,0.0,0.0,0.0,1.25,0.0,5.0,0.0,0.0,0.0,0.0,0.0,0.0,0.0,0.0,0.0,0.0,0.0
235,3,5.0,5.0,5.0,5.0,5.0,3.75,5.0,5.0,5.0,5.0,5.0,5.0,0.0,3.75,5.0,0.0,5.0,5.0,2.5,0.0,5.0,3.125,2.5,0.0,0.0,5.0,2.5,0.0,5.0,5.0,5.0,3.75,3.75,4.375,3.75,1.25,2.5,5.0,3.75,3.75,5.0,1.25,1.25,0.0,1.25,3.75,3.75,2.5,3.75,5.0,5.0,2.5,0.0,0.0,0.0,0.0,0.0,5.0,0.0,0.0,0.0,0.0,0.0,0.0,0.0,0.0,0.0,0.0,0.0
235,4,5.0,5.0,5.0,5.0,5.0,3.75,5.0,5.0,5.0,5.0,5.0,5.0,0.0,3.75,5.0,0.0,5.0,5.0,3.75,0.0,5.0,3.125,2.5,0.0,0.0,5.0,2.5,0.0,5.0,5.0,5.0,3.75,3.75,3.75,3.75,1.25,2.5,5.0,3.75,3.75,5.0,1.25,1.25,1.25,1.25,3.75,3.75,2.5,3.75,5.0,5.0,1.25,0.0,0.0,0.0,0.0,0.0,5.0,0.0,0.0,0.0,0.0,0.0,0.0,0.0,0.0,0.0,0.0,0.0
235,5,5.0,5.0,5.0,5.0,5.0,3.75,5.0,5.0,5.0,5.0,5.0,5.0,0.0,3.75,5.0,0.0,5.0,5.0,3.75,0.0,5.0,3.75,2.5,0.0,0.0,5.0,2.5,0.0,5.0,5.0,5.0,3.75,3.75,3.75,3.75,1.25,2.5,5.0,3.75,3.75,5.0,1.25,1.25,1.25,1.25,3.75,3.75,2.5,3.75,5.0,5.0,1.25,0.0,0.0,0.0,0.0,0.0,5.0,0.0,0.0,0.0,0.0,0.0,0.0,0.0,0.0,0.0,0.0,0.0
236,3,5.0,5.0,5.0,5.0,5.0,3.75,5.0,5.0,5.0,5.0,5.0,5.0,0.0,3.125,5.0,1.25,5.0,5.0,2.5,0.0,5.0,4.375,2.5,0.0,0.0,5.0,2.5,0.0,5.0,5.0,5.0,5.0,5.0,5.0,3.75,1.25,3.75,5.0,2.5,4.375,5.0,2.5,1.25,1.25,1.25,5.0,3.75,2.5,3.75,5.0,5.0,1.25,0.0,0.0,0.0,0.0,0.0,5.0,0.0,0.0,0.0,0.0,0.0,0.0,0.0,0.0,0.0,0.0,0.0
236,4,5.0,5.0,5.0,5.0,5.0,3.75,5.0,5.0,5.0,5.0,5.0,5.0,0.0,3.75,5.0,1.25,5.0,5.0,3.75,0.0,3.75,3.75,2.5,0.0,0.0,5.0,2.5,0.0,5.0,5.0,5.0,3.75,5.0,4.375,2.5,1.25,3.75,5.0,2.5,3.75,5.0,2.5,1.25,1.25,1.25,3.75,2.5,2.5,2.5,3.75,3.75,1.25,0.0,0.0,0.0,0.0,0.0,5.0,0.0,0.0,0.0,0.0,0.0,0.0,0.0,0.0,0.0,0.0,0.0
236,5,5.0,5.0,5.0,5.0,5.0,3.75,5.0,5.0,5.0,5.0,5.0,5.0,0.0,3.75,5.0,1.25,5.0,5.0,3.75,0.0,4.375,4.375,2.5,0.0,0.0,5.0,2.5,0.0,5.0,5.0,5.0,3.75,5.0,5.0,2.5,1.25,3.75,5.0,2.5,3.75,5.0,2.5,1.25,2.5,1.25,5.0,2.5,2.5,2.5,5.0,2.5,1.25,0.0,0.0,0.0,0.0,0.0,5.0,0.0,0.0,0.0,0.0,0.0,0.0,0.0,0.0,0.0,0.0,0.0
237,3,5.0,5.0,5.0,5.0,5.0,5.0,5.0,5.0,5.0,5.0,5.0,5.0,0.0,2.5,5.0,2.5,3.75,5.0,1.25,0.0,3.75,5.0,3.75,0.0,0.0,5.0,2.5,0.0,5.0,5.0,5.0,4.375,5.0,5.0,3.75,1.25,3.75,5.0,2.5,5.0,4.375,4.375,2.5,1.25,2.5,5.0,2.5,2.5,2.5,5.0,2.5,0.0,0.0,0.0,0.0,0.0,0.0,5.0,0.0,0.0,0.0,0.0,0.0,0.0,0.0,0.0,0.0,0.0,0.0
237,4,5.0,5.0,5.0,5.0,5.0,3.75,5.0,3.75,5.0,5.0,5.0,5.0,0.0,3.75,3.75,2.5,3.75,5.0,2.5,0.0,3.75,5.0,2.5,0.0,0.0,5.0,2.5,0.0,5.0,5.0,5.0,3.75,5.0,5.0,2.5,1.25,3.75,5.0,2.5,3.75,4.375,3.75,1.25,1.25,2.5,5.0,1.25,2.5,2.5,3.75,2.5,0.0,0.0,0.0,0.0,0.0,0.0,5.0,0.0,0.0,0.0,0.0,0.0,0.0,0.0,0.0,0.0,0.0,0.0
237,5,5.0,5.0,5.0,5.0,5.0,4.375,5.0,4.375,5.0,5.0,5.0,5.0,0.0,3.75,3.75,2.5,3.75,5.0,2.5,0.0,3.75,5.0,3.125,0.0,0.0,5.0,2.5,0.0,5.0,5.0,5.0,3.75,5.0,5.0,2.5,1.25,3.75,5.0,2.5,4.375,5.0,3.75,1.25,2.5,2.5,5.0,1.25,2.5,2.5,4.375,1.25,0.0,0.0,0.0,0.0,0.0,0.0,5.0,0.0,0.0,0.0,0.0,0.0,0.0,0.0,0.0,0.0,0.0,0.0
238,3,5.0,5.0,4.375,5.0,5.0,5.0,5.0,3.75,5.0,5.0,5.0,5.0,0.0,2.5,3.75,4.375,3.75,5.0,1.25,0.0,3.75,5.0,4.375,0.0,0.0,5.0,2.5,0.0,5.0,5.0,5.0,4.375,5.0,5.0,3.75,1.25,5.0,5.0,2.5,5.0,3.75,5.0,3.75,1.25,2.5,5.0,1.25,2.5,1.25,5.0,1.25,0.0,0.0,0.0,0.0,0.0,0.0,5.0,0.0,0.0,0.0,0.0,0.0,0.0,0.0,0.0,0.0,0.0,0.0
238,4,5.0,5.0,5.0,5.0,5.0,5.0,5.0,3.75,5.0,5.0,3.75,5.0,0.0,3.75,3.75,3.75,3.75,5.0,1.25,0.0,3.75,5.0,3.75,0.0,0.0,5.0,2.5,0.0,5.0,5.0,5.0,3.75,5.0,5.0,2.5,1.25,3.75,5.0,2.5,4.375,3.75,5.0,2.5,1.25,3.75,5.0,0.625,2.5,1.25,3.75,1.25,0.0,0.0,1.25,0.0,0.0,0.0,3.75,0.0,0.0,0.0,0.0,0.0,0.0,0.0,0.0,0.0,0.0,0.0
238,5,5.0,5.0,5.0,5.0,5.0,5.0,5.0,3.75,5.0,5.0,3.75,5.0,0.0,3.75,3.75,3.75,3.75,5.0,2.5,0.0,3.75,5.0,3.75,0.0,0.0,5.0,2.5,0.0,5.0,5.0,5.0,3.75,5.0,5.0,2.5,1.25,5.0,5.0,2.5,4.375,3.75,5.0,2.5,1.25,3.75,5.0,1.25,2.5,1.25,3.75,0.0,0.0,0.0,1.25,0.0,0.0,0.0,3.75,0.0,0.0,0.0,0.0,0.0,0.0,0.0,0.0,0.0,0.0,0.0
239,3,5.0,5.0,3.75,5.0,5.0,5.0,5.0,3.75,5.0,5.0,2.5,5.0,0.0,2.5,3.75,5.0,3.75,5.0,0.0,0.0,3.75,5.0,5.0,0.0,0.0,5.0,2.5,0.0,5.0,5.0,4.375,3.75,5.0,5.0,3.75,1.25,5.0,5.0,2.5,4.375,2.5,5.0,5.0,0.0,3.75,5.0,0.625,2.5,0.0,5.0,0.0,0.0,0.0,1.25,0.0,0.0,0.0,2.5,0.0,0.0,0.0,0.0,0.0,0.0,0.0,0.0,0.0,0.0,0.0
239,4,5.0,5.0,3.75,5.0,5.0,5.0,5.0,3.75,5.0,5.0,2.5,5.0,0.0,3.75,3.75,3.75,2.5,5.0,1.25,0.0,3.75,5.0,5.0,0.0,0.0,5.0,2.5,0.0,5.0,5.0,4.375,3.75,5.0,5.0,2.5,2.5,5.0,5.0,2.5,3.75,2.5,5.0,3.75,1.25,5.0,5.0,0.0,2.5,0.0,3.75,0.0,0.0,0.0,2.5,0.0,0.0,0.0,2.5,0.0,0.0,0.0,0.0,0.0,0.0,0.0,0.0,0.0,0.0,0.0
239,5,5.0,5.0,4.375,5.0,5.0,5.0,5.0,3.75,5.0,5.0,2.5,5.0,0.0,3.75,3.75,4.375,3.125,5.0,1.25,0.0,3.75,5.0,5.0,0.0,0.0,5.0,2.5,0.0,5.0,5.0,4.375,3.75,5.0,5.0,3.75,2.5,5.0,5.0,2.5,3.75,2.5,5.0,3.75,1.25,5.0,5.0,0.0,2.5,0.0,3.75,0.0,0.0,0.0,2.5,0.0,0.0,0.0,2.5,0.0,0.0,0.0,0.0,0.0,0.0,0.0,0.0,0.0,0.0,0.0
240,3,5.0,5.0,3.75,5.0,5.0,5.0,5.0,3.75,5.0,3.75,1.25,5.0,0.0,2.5,3.75,5.0,3.75,5.0,0.0,0.0,3.75,5.0,5.0,0.0,0.0,5.0,2.5,0.0,5.0,5.0,4.375,3.75,5.0,5.0,4.375,2.5,5.0,5.0,2.5,3.75,2.5,5.0,5.0,0.0,5.0,5.0,1.25,1.25,0.0,3.75,0.0,0.0,0.0,2.5,0.0,0.0,0.0,1.25,0.0,0.0,0.0,0.0,0.0,0.0,0.0,0.0,0.0,0.0,0.0
240,4,5.0,5.0,3.75,5.0,5.0,5.0,5.0,3.75,5.0,5.0,1.25,5.0,0.0,3.75,3.75,5.0,2.5,5.0,0.0,0.0,3.75,5.0,5.0,0.0,0.0,5.0,2.5,0.0,5.0,5.0,3.75,3.75,5.0,5.0,3.75,2.5,5.0,5.0,1.25,3.75,2.5,5.0,5.0,0.0,5.0,5.0,0.0,1.25,0.0,2.5,0.0,0.0,0.0,2.5,0.0,0.0,0.0,1.25,0.0,0.0,0.0,0.0,0.0,0.0,0.0,0.0,0.0,0.0,0.0
240,5,5.0,5.0,3.75,5.0,5.0,5.0,5.0,3.75,5.0,5.0,1.25,5.0,0.0,3.75,3.75,5.0,2.5,5.0,0.0,0.0,3.75,5.0,5.0,0.0,0.0,5.0,2.5,0.0,5.0,5.0,3.75,3.75,5.0,5.0,3.75,2.5,5.0,5.0,1.875,3.75,2.5,5.0,5.0,0.0,5.0,5.0,0.0,1.25,0.0,2.5,0.0,0.0,0.0,2.5,0.0,0.0,0.0,1.25,0.0,0.0,0.0,0.0,0.0,0.0,0.0,0.0,0.0,0.0,0.0
241,3,5.0,5.0,3.75,5.0,5.0,5.0,5.0,4.375,5.0,3.75,0.0,5.0,0.0,3.125,5.0,5.0,3.75,4.375,0.0,0.0,3.75,5.0,5.0,0.0,0.0,5.0,2.5,0.0,5.0,5.0,4.375,3.75,3.75,5.0,5.0,2.5,5.0,5.0,1.875,3.75,2.5,5.0,5.0,0.0,5.0,5.0,1.25,1.25,0.0,2.5,0.0,0.0,0.0,2.5,0.0,0.0,0.0,0.0,0.0,0.0,0.0,0.0,0.0,0.0,0.0,0.0,0.0,0.0,0.0
241,4,5.0,5.0,3.75,5.0,5.0,5.0,5.0,3.75,5.0,5.0,0.0,5.0,0.0,3.75,3.75,4.375,2.5,3.75,0.0,0.0,3.75,5.0,5.0,0.0,0.0,3.75,2.5,0.0,5.0,5.0,3.75,2.5,3.75,5.0,5.0,3.75,5.0,5.0,1.25,2.5,2.5,5.0,5.0,0.0,5.0,5.0,1.25,1.25,0.0,1.25,0.0,0.0,0.0,3.75,0.0,0.0,0.0,0.0,0.0,0.0,0.0,0.0,0.0,0.0,0.0,0.0,0.0,0.0,0.0
241,5,5.0,5.0,3.75,5.0,5.0,5.0,5.0,3.75,5.0,5.0,0.0,5.0,0.0,3.75,3.75,5.0,2.5,3.75,0.0,0.0,3.75,5.0,5.0,0.0,0.0,5.0,2.5,0.0,5.0,5.0,3.75,3.125,4.375,5.0,5.0,2.5,5.0,5.0,1.25,2.5,2.5,5.0,5.0,0.0,5.0,5.0,1.25,2.5,0.0,1.875,0.0,0.0,0.0,3.75,0.0,0.0,0.0,0.0,0.0,0.0,0.0,0.0,0.0,0.0,0.0,0.0,0.0,0.0,0.0
242,3,5.0,5.0,3.75,5.0,5.0,5.0,5.0,5.0,5.0,3.75,0.0,5.0,1.25,2.5,5.0,5.0,3.75,3.75,0.0,0.0,4.375,5.0,5.0,0.0,0.0,5.0,2.5,0.0,5.0,5.0,5.0,3.75,3.75,5.0,5.0,3.75,5.0,4.375,1.25,3.125,2.5,5.0,5.0,1.25,5.0,5.0,2.5,2.5,0.0,1.25,0.0,0.0,0.0,2.5,0.0,0.0,0.0,0.0,0.0,0.0,0.0,0.0,0.0,0.0,0.0,0.0,0.0,0.0,0.0
242,4,5.0,5.0,3.75,5.0,5.0,5.0,5.0,5.0,5.0,3.75,0.0,5.0,1.25,3.75,4.375,3.75,2.5,3.75,0.0,0.0,4.375,5.0,5.0,0.0,0.0,5.0,2.5,0.0,5.0,5.0,3.75,2.5,3.75,5.0,5.0,3.75,5.0,4.375,1.25,2.5,1.875,5.0,5.0,1.25,5.0,5.0,1.25,2.5,0.0,1.25,0.0,0.0,0.0,2.5,0.0,0.0,0.0,0.0,0.0,0.0,0.0,0.0,0.0,0.0,0.0,0.0,0.0,0.0,0.0
242,5,5.0,5.0,3.75,5.0,5.0,5.0,5.0,5.0,5.0,3.75,0.0,5.0,1.25,3.75,5.0,3.75,3.125,3.75,0.0,0.0,4.375,5.0,5.0,0.0,0.0,5.0,2.5,0.0,5.0,5.0,3.75,2.5,3.75,5.0,5.0,3.75,5.0,5.0,1.25,2.5,2.5,5.0,5.0,1.25,5.0,5.0,1.875,2.5,0.0,1.25,0.0,0.0,0.0,3.125,0.0,0.0,0.0,0.0,0.0,0.0,0.0,0.0,0.0,0.0,0.0,0.0,0.0,0.0,0.0
243,3,3.75,5.0,4.375,5.0,5.0,5.0,5.0,5.0,5.0,3.75,0.0,5.0,2.5,2.5,5.0,3.75,4.375,3.125,0.0,0.0,5.0,5.0,5.0,0.0,0.0,5.0,2.5,0.0,5.0,5.0,5.0,2.5,2.5,5.0,5.0,5.0,5.0,3.75,1.25,3.125,2.5,5.0,5.0,1.25,5.0,5.0,3.125,3.75,0.0,0.0,0.0,0.0,1.25,2.5,0.0,0.0,0.0,0.0,0.0,0.0,0.0,0.0,0.0,0.0,0.0,0.0,0.0,0.0,0.0
243,4,3.75,5.0,3.75,5.0,5.0,5.0,5.0,5.0,5.0,3.75,0.0,5.0,1.25,3.75,5.0,2.5,3.75,2.5,0.0,0.0,5.0,5.0,5.0,0.0,0.0,5.0,2.5,0.0,5.0,5.0,3.75,2.5,2.5,3.75,5.0,5.0,5.0,3.75,1.25,2.5,1.25,5.0,5.0,1.25,5.0,5.0,2.5,3.75,0.0,0.0,0.0,0.0,1.25,2.5,0.0,0.0,0.0,0.0,0.0,0.0,0.0,0.0,0.0,0.0,0.0,0.0,0.0,0.0,0.0
243,5,3.75,5.0,3.75,5.0,5.0,5.0,5.0,5.0,5.0,3.75,0.0,5.0,1.875,3.75,5.0,2.5,3.75,2.5,0.0,0.0,5.0,5.0,5.0,0.0,0.0,5.0,2.5,0.0,5.0,5.0,3.75,2.5,2.5,4.375,5.0,4.375,5.0,4.375,1.25,2.5,1.25,5.0,5.0,1.25,5.0,5.0,2.5,3.75,0.0,0.0,0.0,0.0,1.25,2.5,0.0,0.0,0.0,0.0,0.0,0.0,0.0,0.0,0.0,0.0,0.0,0.0,0.0,0.0,0.0
244,3,3.75,5.0,5.0,5.0,5.0,5.0,3.75,5.0,5.0,3.75,0.0,5.0,3.75,2.5,5.0,2.5,5.0,2.5,0.0,0.0,5.0,5.0,5.0,0.0,0.0,5.0,3.75,0.0,5.0,5.0,5.0,2.5,2.5,4.375,5.0,5.0,5.0,3.75,1.25,2.5,1.25,5.0,5.0,3.125,3.75,3.75,3.75,5.0,0.625,0.0,0.0,0.0,1.25,1.25,0.0,0.0,0.0,0.0,0.0,0.0,0.0,0.0,0.0,0.0,0.0,0.0,0.0,0.0,0.0
244,4,3.125,5.0,3.75,5.0,5.0,5.0,5.0,5.0,5.0,3.75,0.0,5.0,2.5,3.75,5.0,1.25,3.75,2.5,0.0,0.0,5.0,5.0,5.0,0.0,0.0,5.0,3.75,0.0,5.0,5.0,3.75,2.5,2.5,3.75,5.0,5.0,5.0,3.75,1.25,2.5,1.25,5.0,5.0,2.5,4.375,5.0,2.5,5.0,0.0,0.0,0.0,0.0,1.25,1.25,0.0,0.0,0.0,0.0,0.0,0.0,0.0,0.0,0.0,0.0,0.0,0.0,0.0,0.0,0.0
244,5,3.75,5.0,3.75,5.0,5.0,5.0,5.0,5.0,5.0,3.75,0.0,5.0,2.5,3.75,5.0,1.25,3.75,2.5,0.0,0.0,5.0,5.0,5.0,0.0,0.0,5.0,3.75,0.0,5.0,5.0,3.75,2.5,2.5,3.75,5.0,5.0,5.0,3.75,1.25,2.5,1.25,5.0,5.0,2.5,5.0,5.0,3.125,5.0,0.0,0.0,0.0,0.0,1.25,1.875,0.0,0.0,0.0,0.0,0.0,0.0,0.0,0.0,0.0,0.0,0.0,0.0,0.0,0.0,0.0
245,3,3.75,5.0,5.0,5.0,5.0,5.0,3.75,5.0,3.75,3.75,0.0,5.0,4.375,1.25,5.0,1.25,5.0,2.5,0.0,0.0,5.0,5.0,5.0,0.0,0.0,5.0,3.75,0.0,5.0,5.0,3.75,2.5,1.25,3.75,5.0,5.0,5.0,3.75,2.5,3.125,1.25,5.0,5.0,4.375,2.5,2.5,3.75,5.0,1.25,0.0,0.0,0.0,2.5,0.0,0.0,1.25,0.0,0.0,0.0,0.0,0.0,0.0,0.0,0.0,0.0,0.0,0.0,0.0,0.0
245,4,2.5,5.0,3.75,5.0,5.0,5.0,5.0,5.0,3.75,3.75,0.0,5.0,3.75,2.5,5.0,0.625,5.0,2.5,0.0,0.0,5.0,5.0,5.0,0.0,0.0,5.0,3.75,0.0,5.0,5.0,3.75,2.5,2.5,2.5,5.0,5.0,5.0,3.75,1.25,2.5,1.25,5.0,5.0,3.75,2.5,5.0,3.125,5.0,1.25,0.0,0.0,0.0,2.5,1.25,0.0,1.25,0.0,0.0,0.0,0.0,0.0,0.0,0.0,0.0,0.0,0.0,0.0,0.0,0.0
245,5,3.125,5.0,4.375,5.0,5.0,5.0,5.0,5.0,3.75,3.75,0.0,5.0,3.75,2.5,5.0,0.625,5.0,2.5,0.0,0.0,5.0,5.0,5.0,0.0,0.0,5.0,3.75,0.0,5.0,5.0,3.75,2.5,2.5,2.5,5.0,5.0,5.0,3.75,1.875,2.5,1.25,5.0,5.0,4.375,3.125,5.0,3.75,5.0,1.25,0.0,0.0,0.0,2.5,1.25,0.0,1.25,0.0,0.0,0.0,0.0,0.0,0.0,0.0,0.0,0.0,0.0,0.0,0.0,0.0
246,3,3.75,5.0,5.0,5.0,5.0,5.0,2.5,5.0,2.5,4.375,0.0,5.0,5.0,1.25,5.0,0.0,5.0,3.125,0.0,0.0,5.0,5.0,4.375,0.0,0.0,5.0,5.0,0.0,5.0,3.75,3.75,2.5,1.25,3.125,5.0,5.0,5.0,2.5,2.5,2.5,1.25,5.0,5.0,5.0,1.875,1.25,3.75,5.0,3.125,0.0,0.0,1.25,2.5,0.0,0.0,2.5,0.0,0.0,0.0,0.0,0.0,0.0,0.0,0.0,0.0,0.0,0.0,0.0,0.0
246,4,3.75,5.0,5.0,5.0,5.0,5.0,3.75,5.0,2.5,3.75,0.0,5.0,3.75,1.25,5.0,0.0,5.0,3.125,0.0,0.0,5.0,5.0,3.75,0.0,0.0,5.0,5.0,0.0,5.0,4.375,3.125,2.5,1.25,2.5,5.0,5.0,5.0,3.125,2.5,2.5,0.0,5.0,3.75,5.0,2.5,2.5,3.75,5.0,2.5,0.0,0.0,1.25,2.5,0.0,0.0,2.5,0.0,0.0,0.0,0.0,0.0,0.0,0.0,0.0,0.0,0.0,0.0,0.0,0.0
246,5,3.75,5.0,5.0,5.0,5.0,5.0,3.75,5.0,2.5,4.375,0.0,5.0,3.75,1.25,5.0,0.0,5.0,3.125,0.0,0.0,5.0,5.0,4.375,0.0,0.0,5.0,5.0,0.0,5.0,4.375,3.75,2.5,1.25,2.5,5.0,5.0,5.0,3.75,2.5,2.5,0.0,5.0,3.75,5.0,2.5,2.5,3.75,5.0,2.5,0.0,0.0,1.25,2.5,0.0,0.0,2.5,0.0,0.0,0.0,0.0,0.0,0.0,0.0,0.0,0.0,0.0,0.0,0.0,0.0
247,3,3.75,5.0,5.0,5.0,5.0,5.0,1.25,5.0,1.25,5.0,0.0,5.0,5.0,0.0,5.0,0.0,5.0,3.75,0.0,0.0,5.0,5.0,3.75,0.0,0.0,5.0,5.0,0.0,5.0,2.5,2.5,2.5,1.25,2.5,5.0,5.0,5.0,2.5,2.5,2.5,0.0,5.0,3.75,5.0,1.25,0.0,3.75,5.0,4.375,1.25,0.0,2.5,2.5,0.0,0.0,3.75,0.0,0.0,0.0,0.0,0.0,0.0,0.0,0.0,0.0,0.0,0.0,0.0,0.0
247,4,3.75,5.0,5.0,5.0,5.0,5.0,2.5,5.0,1.25,5.0,0.0,5.0,3.75,1.25,5.0,0.0,5.0,3.75,0.0,0.0,5.0,5.0,3.75,0.0,0.0,5.0,5.0,0.0,5.0,3.75,2.5,2.5,1.25,2.5,5.0,5.0,5.0,2.5,2.5,2.5,0.0,5.0,3.75,5.0,1.25,1.25,3.75,5.0,3.75,1.25,0.0,2.5,2.5,0.0,0.0,3.75,0.0,0.0,0.0,0.0,0.0,0.0,0.0,0.0,0.0,0.0,0.0,0.0,0.0
247,5,3.75,5.0,5.0,5.0,5.0,5.0,2.5,5.0,1.25,5.0,0.0,5.0,3.75,1.25,5.0,0.0,5.0,3.75,0.0,0.0,5.0,5.0,3.75,0.0,0.0,5.0,5.0,0.0,5.0,3.75,2.5,2.5,1.25,2.5,5.0,5.0,5.0,2.5,2.5,2.5,0.0,5.0,3.75,5.0,1.25,1.25,3.75,5.0,3.75,1.25,0.0,2.5,3.125,0.0,0.0,3.75,0.0,0.0,0.0,0.0,0.0,0.0,0.0,0.0,0.0,0.0,0.0,0.0,0.0
248,3,4.375,5.0,5.0,5.0,5.0,5.0,1.25,5.0,0.0,5.0,0.0,5.0,3.75,0.0,5.0,0.0,5.0,3.75,0.0,0.0,5.0,5.0,2.5,0.0,0.0,5.0,5.0,0.0,5.0,2.5,2.5,2.5,1.25,3.125,5.0,5.0,5.0,2.5,3.75,2.5,0.0,3.75,3.75,5.0,1.25,0.0,4.375,5.0,5.0,2.5,0.0,3.75,2.5,0.0,0.0,3.75,0.0,0.0,0.0,0.0,0.0,0.0,0.0,0.0,0.0,0.0,0.0,0.0,0.0
248,4,3.75,5.0,5.0,5.0,5.0,5.0,2.5,5.0,0.0,5.0,0.0,4.375,2.5,0.0,5.0,0.0,5.0,3.75,0.0,0.0,5.0,5.0,2.5,0.0,0.0,3.75,5.0,0.0,5.0,2.5,2.5,2.5,1.25,2.5,3.75,5.0,5.0,2.5,2.5,1.875,0.0,5.0,3.125,5.0,1.25,0.0,3.75,5.0,3.75,1.25,0.0,3.75,2.5,0.0,0.0,3.75,0.0,0.0,0.0,0.0,0.0,1.25,0.0,0.0,0.0,0.0,0.0,0.0,0.0
248,5,3.75,5.0,5.0,5.0,5.0,5.0,2.5,5.0,0.0,5.0,0.0,5.0,2.5,0.0,5.0,0.0,5.0,3.75,0.0,0.0,5.0,5.0,2.5,0.0,0.0,4.375,5.0,0.0,5.0,2.5,2.5,2.5,1.25,2.5,3.75,5.0,5.0,2.5,3.125,2.5,0.0,5.0,3.75,5.0,1.25,0.0,3.75,5.0,4.375,1.875,0.0,3.75,2.5,0.0,0.0,3.75,0.0,0.0,0.0,0.0,0.0,1.25,0.0,0.0,0.0,0.0,0.0,0.0,0.0
249,3,5.0,5.0,5.0,5.0,5.0,5.0,1.25,5.0,0.0,5.0,0.0,4.375,2.5,0.0,5.0,0.0,5.0,4.375,0.0,0.0,5.0,5.0,2.5,0.0,0.0,4.375,5.0,0.0,5.0,1.25,2.5,2.5,2.5,3.75,3.75,3.75,5.0,2.5,3.75,2.5,1.25,1.25,3.75,5.0,1.875,0.0,5.0,5.0,5.0,3.75,0.0,5.0,1.25,0.0,0.0,4.375,0.0,0.0,1.25,0.0,0.0,1.25,0.0,0.0,0.0,0.0,0.0,0.0,0.0
249,4,3.75,5.0,5.0,5.0,5.0,5.0,1.25,5.0,0.0,5.0,0.0,3.75,1.875,0.0,5.0,0.0,5.0,3.75,0.0,0.0,5.0,5.0,2.5,0.0,0.0,3.75,5.0,0.0,5.0,1.25,1.25,2.5,1.875,3.75,3.75,5.0,5.0,2.5,3.75,2.5,0.0,3.75,2.5,5.0,1.875,0.0,3.75,5.0,5.0,2.5,0.0,5.0,2.5,0.0,0.0,3.75,0.0,0.0,0.0,0.0,0.0,2.5,0.0,0.0,0.0,0.0,0.0,0.0,0.0
249,5,3.75,5.0,5.0,5.0,5.0,5.0,1.25,5.0,0.0,5.0,0.0,4.375,2.5,0.0,5.0,0.0,5.0,4.375,0.0,0.0,5.0,5.0,2.5,0.0,0.0,3.75,5.0,0.0,5.0,1.25,1.25,2.5,2.5,3.75,3.75,5.0,5.0,2.5,3.75,2.5,0.0,2.5,3.125,5.0,2.5,0.0,3.75,5.0,5.0,2.5,0.0,5.0,2.5,0.0,0.0,5.0,0.0,0.0,0.0,0.0,0.0,2.5,0.0,0.0,0.0,0.0,0.0,0.0,0.0
250,3,5.0,5.0,5.0,5.0,5.0,5.0,1.25,5.0,0.0,5.0,1.25,4.375,1.25,0.0,5.0,0.0,5.0,4.375,0.0,0.0,5.0,5.0,2.5,0.0,0.0,3.75,5.0,0.0,5.0,0.0,2.5,3.125,2.5,5.0,3.75,3.125,5.0,2.5,3.75,3.75,1.25,0.0,3.125,5.0,2.5,0.0,5.0,3.75,5.0,3.75,0.0,5.0,1.25,0.0,0.0,3.75,0.0,0.0,3.75,0.0,0.0,2.5,0.0,0.0,0.0,0.0,0.0,0.0,0.0
250,4,3.75,5.0,5.0,3.75,5.0,5.0,1.25,5.0,0.0,5.0,1.25,3.75,1.25,0.0,5.0,0.0,5.0,4.375,0.0,0.0,5.0,5.0,2.5,0.0,0.0,2.5,5.0,0.0,5.0,0.0,1.875,2.5,2.5,3.75,2.5,3.75,5.0,2.5,3.75,2.5,1.25,1.25,2.5,5.0,2.5,0.0,5.0,3.75,4.375,3.75,0.0,5.0,1.25,0.0,0.0,3.75,0.0,0.0,2.5,0.0,0.0,5.0,0.0,0.0,0.0,0.0,0.0,0.0,0.0
250,5,5.0,5.0,5.0,4.375,5.0,5.0,1.25,5.0,0.0,5.0,1.25,4.375,1.25,0.0,5.0,0.0,5.0,4.375,0.0,0.0,5.0,5.0,2.5,0.0,0.0,3.125,5.0,0.0,5.0,0.0,2.5,3.125,2.5,4.375,2.5,3.75,5.0,2.5,3.75,3.125,1.25,1.25,2.5,5.0,2.5,0.0,5.0,3.75,5.0,3.75,0.0,5.0,1.25,0.0,0.0,3.75,0.0,0.0,1.25,0.0,0.0,3.75,0.0,0.0,0.0,0.0,0.0,0.0,0.0
251,3,5.0,5.0,5.0,5.0,5.0,5.0,1.25,5.0,0.0,4.375,2.5,4.375,0.0,0.0,5.0,0.0,5.0,4.375,0.0,0.0,5.0,5.0,2.5,0.0,0.0,3.75,5.0,0.0,5.0,0.0,2.5,3.125,3.75,5.0,2.5,1.25,5.0,2.5,3.75,5.0,2.5,0.0,2.5,5.0,2.5,0.0,5.0,2.5,5.0,5.0,0.0,5.0,0.0,0.0,0.0,3.75,0.0,0.0,5.0,0.0,0.0,3.75,0.0,0.0,0.0,0.0,0.0,0.0,0.0
251,4,5.0,3.75,5.0,3.75,3.75,5.0,1.25,5.0,0.0,5.0,2.5,3.75,0.0,0.0,5.0,0.0,5.0,4.375,0.0,0.0,5.0,5.0,2.5,0.0,0.0,2.5,5.0,0.0,5.0,0.0,2.5,3.125,2.5,5.0,2.5,2.5,5.0,2.5,3.75,3.75,1.25,0.0,2.5,4.375,2.5,0.0,5.0,2.5,3.75,3.75,0.0,5.0,0.0,0.0,0.0,3.125,0.0,0.0,4.375,0.0,0.0,5.0,0.0,0.0,0.0,0.0,0.0,0.0,0.0
251,5,5.0,4.375,5.0,3.75,3.75,5.0,1.25,5.0,0.0,5.0,2.5,3.75,0.0,0.0,5.0,0.0,5.0,5.0,0.0,0.0,5.0,5.0,2.5,0.0,0.0,2.5,5.0,0.0,5.0,0.0,2.5,3.125,2.5,5.0,2.5,2.5,5.0,2.5,4.375,3.75,2.5,0.0,2.5,5.0,2.5,0.0,5.0,2.5,3.75,3.75,0.0,5.0,0.0,0.0,0.0,3.75,0.0,0.0,3.75,0.0,0.0,5.0,0.0,0.0,0.0,0.0,0.0,0.0,0.0
252,3,5.0,5.0,5.0,5.0,3.75,5.0,1.25,5.0,0.0,3.75,3.75,4.375,0.0,0.0,5.0,0.0,5.0,4.375,0.0,0.0,5.0,5.0,2.5,0.0,0.0,3.75,5.0,0.0,5.0,0.0,3.75,3.125,3.75,5.0,2.5,0.0,5.0,2.5,4.375,5.0,2.5,0.0,2.5,3.75,2.5,0.0,5.0,1.25,3.75,3.75,0.0,5.0,0.0,0.0,0.0,2.5,0.0,0.0,5.0,0.0,0.0,5.0,0.0,0.0,0.0,0.0,0.0,0.0,0.0
252,4,5.0,3.75,5.0,3.75,2.5,5.0,1.25,5.0,0.0,3.75,3.125,4.375,0.0,0.0,5.0,0.0,5.0,4.375,0.0,0.0,5.0,5.0,2.5,0.0,0.0,2.5,5.0,0.0,5.0,0.0,2.5,3.125,3.125,5.0,2.5,0.0,5.0,2.5,5.0,4.375,2.5,0.0,1.25,3.75,2.5,0.0,5.0,1.25,2.5,3.75,0.0,5.0,0.0,0.0,0.0,2.5,0.0,0.0,5.0,0.0,0.0,5.0,0.0,0.0,0.0,0.0,0.0,0.0,0.0
252,5,5.0,3.75,5.0,3.75,2.5,5.0,1.25,5.0,0.0,4.375,3.75,5.0,0.0,0.0,5.0,0.0,5.0,5.0,0.0,0.0,5.0,5.0,2.5,0.0,0.0,2.5,5.0,0.0,5.0,0.0,2.5,3.125,3.75,5.0,2.5,1.25,5.0,2.5,5.0,5.0,2.5,0.0,1.875,3.75,2.5,0.0,5.0,1.25,3.75,3.75,0.0,5.0,0.0,0.0,0.0,2.5,0.0,0.0,5.0,0.0,0.0,5.0,0.0,0.0,0.0,0.0,0.0,0.0,0.0
253,3,5.0,3.75,5.0,5.0,2.5,5.0,1.25,5.0,1.25,2.5,5.0,5.0,0.0,0.0,5.0,0.0,5.0,5.0,0.0,0.0,5.0,5.0,2.5,0.0,0.0,3.75,3.75,0.0,4.375,0.0,3.75,2.5,3.75,5.0,2.5,0.0,5.0,2.5,3.75,5.0,3.75,0.0,1.875,2.5,2.5,0.0,5.0,1.25,2.5,3.75,0.0,3.75,0.0,1.25,0.0,1.25,0.0,1.25,5.0,0.0,0.0,5.0,0.0,0.0,0.0,0.0,0.0,0.0,0.0
253,4,5.0,3.75,5.0,3.75,2.5,5.0,1.25,5.0,1.25,3.75,3.75,5.0,0.0,0.0,5.0,0.0,3.75,4.375,0.0,0.0,5.0,5.0,2.5,0.0,0.0,2.5,3.75,0.0,3.75,0.0,3.75,2.5,3.75,5.0,2.5,0.0,5.0,2.5,3.75,5.0,2.5,0.0,1.25,2.5,2.5,0.0,5.0,0.0,2.5,2.5,0.0,3.75,0.0,1.25,0.0,1.25,0.0,0.0,5.0,0.0,0.0,5.0,0.0,0.0,0.0,0.0,0.0,0.0,0.0
253,5,5.0,3.75,5.0,3.75,2.5,5.0,1.25,5.0,1.25,3.75,3.75,5.0,0.0,0.0,5.0,0.0,3.75,4.375,0.0,0.0,5.0,5.0,3.75,0.0,0.0,2.5,3.75,0.0,3.75,0.0,3.75,2.5,3.75,5.0,2.5,0.0,5.0,2.5,5.0,5.0,2.5,0.0,1.25,2.5,2.5,0.0,5.0,0.625,2.5,2.5,0.0,3.75,0.0,1.25,0.0,1.25,0.0,0.0,5.0,0.0,0.0,5.0,0.0,0.0,0.0,0.0,0.0,0.0,0.0
254,3,5.0,3.75,5.0,5.0,2.5,5.0,1.25,5.0,2.5,1.25,5.0,5.0,0.0,0.0,5.0,0.0,3.75,5.0,0.0,0.0,5.0,5.0,3.75,0.0,0.0,4.375,2.5,0.0,3.75,0.0,5.0,2.5,5.0,5.0,2.5,0.0,5.0,1.25,3.75,5.0,3.75,0.0,2.5,2.5,1.25,0.0,5.0,1.25,1.25,2.5,0.0,2.5,0.0,1.25,0.0,0.0,0.0,2.5,5.0,0.0,0.0,5.0,0.0,0.0,0.0,0.0,0.0,0.0,0.0
254,4,5.0,3.125,5.0,3.75,1.25,5.0,1.25,5.0,2.5,2.5,3.75,5.0,0.0,0.0,5.0,0.0,3.75,3.75,0.0,0.0,5.0,5.0,3.75,0.0,0.0,3.75,2.5,0.0,3.75,0.0,3.75,2.5,3.75,5.0,2.5,0.0,5.0,1.25,3.75,5.0,2.5,0.0,1.25,2.5,1.25,0.0,5.0,0.0,1.25,1.25,0.0,2.5,0.0,1.25,0.0,0.0,0.0,1.25,5.0,0.0,0.0,5.0,0.0,0.0,0.0,0.0,0.0,0.0,0.0
254,5,5.0,3.75,5.0,3.75,1.25,5.0,1.25,5.0,2.5,2.5,5.0,5.0,0.0,0.0,5.0,0.0,3.75,4.375,0.0,0.0,5.0,5.0,3.75,0.0,0.0,3.75,2.5,0.0,3.75,0.0,3.75,2.5,3.75,5.0,2.5,0.0,5.0,1.875,3.75,5.0,2.5,0.0,1.25,2.5,1.25,0.0,5.0,0.625,1.25,1.875,0.0,2.5,0.0,1.25,0.0,0.0,0.0,1.25,5.0,0.0,0.0,5.0,0.0,0.0,0.0,0.0,0.0,0.0,0.0
255,3,5.0,3.75,5.0,3.75,1.875,5.0,1.25,5.0,3.75,1.25,5.0,5.0,0.0,0.0,5.0,0.0,5.0,5.0,0.0,0.0,5.0,5.0,5.0,0.0,0.0,5.0,2.5,0.0,3.125,0.0,5.0,1.875,5.0,5.0,2.5,0.0,5.0,1.25,2.5,5.0,2.5,0.0,2.5,2.5,1.25,0.0,5.0,1.25,0.0,1.25,0.0,1.25,0.0,2.5,0.0,0.0,0.0,3.75,5.0,0.0,0.0,3.75,0.0,0.0,0.0,0.0,0.0,0.0,0.0
255,4,5.0,3.75,5.0,3.75,1.25,5.0,1.25,5.0,2.5,1.25,3.75,4.375,0.0,0.0,5.0,0.0,3.75,3.75,0.0,0.0,5.0,5.0,3.75,0.0,0.0,3.75,1.25,0.0,2.5,0.0,3.75,2.5,3.75,5.0,2.5,0.0,5.0,1.25,3.75,5.0,2.5,0.0,1.25,2.5,1.25,0.0,5.0,1.25,0.0,1.25,0.0,1.25,0.0,2.5,0.0,0.0,0.0,2.5,5.0,0.0,0.0,5.0,0.0,0.0,0.0,0.0,0.0,0.0,0.0
255,5,5.0,3.75,5.0,3.75,1.25,5.0,1.25,5.0,2.5,1.25,4.375,5.0,0.0,0.0,5.0,0.0,3.75,3.75,0.0,0.0,5.0,5.0,3.75,0.0,0.0,5.0,1.25,0.0,2.5,0.0,4.375,2.5,4.375,5.0,2.5,0.0,5.0,1.25,3.75,5.0,2.5,0.0,1.875,2.5,1.25,0.0,5.0,1.25,0.0,1.25,0.0,1.25,0.0,2.5,0.0,0.0,0.0,2.5,5.0,0.0,0.0,5.0,0.0,0.0,0.0,0.0,0.0,0.0,0.0
256,3,5.0,5.0,5.0,3.75,1.25,3.75,1.25,5.0,5.0,0.0,5.0,4.375,0.0,0.0,5.0,0.0,5.0,5.0,0.0,0.0,5.0,5.0,5.0,0.0,0.0,5.0,1.875,0.0,3.125,0.0,5.0,1.25,5.0,5.0,3.125,0.0,5.0,1.25,2.5,5.0,2.5,0.0,2.5,2.5,0.0,0.0,5.0,2.5,0.0,1.25,0.0,0.0,0.0,3.75,0.0,0.0,0.0,5.0,5.0,0.0,0.0,1.25,0.0,0.0,0.0,0.0,0.0,0.0,0.0
256,4,5.0,3.75,5.0,2.5,1.25,3.125,1.25,5.0,3.75,0.0,3.75,3.75,0.0,0.0,5.0,0.0,3.75,3.75,0.0,0.0,5.0,5.0,5.0,0.0,0.0,5.0,1.25,0.0,2.5,0.0,5.0,1.875,4.375,5.0,2.5,0.0,5.0,1.25,2.5,5.0,2.5,0.0,2.5,2.5,0.625,0.0,3.75,1.25,0.0,0.0,0.0,0.0,0.0,3.75,0.0,0.0,0.0,3.75,5.0,0.0,0.0,5.0,0.0,0.0,0.0,0.0,0.0,0.0,0.0
256,5,5.0,3.75,5.0,2.5,1.25,3.75,1.25,5.0,3.75,0.0,3.75,4.375,0.0,0.0,5.0,0.0,5.0,3.75,0.0,0.0,5.0,5.0,5.0,0.0,0.0,5.0,1.25,0.0,2.5,0.0,5.0,2.5,5.0,5.0,3.125,0.0,5.0,1.25,2.5,5.0,2.5,0.0,2.5,2.5,1.25,0.0,3.75,1.875,0.0,0.0,0.0,0.0,0.0,3.75,0.0,0.0,0.0,3.75,5.0,0.0,0.0,5.0,0.0,0.0,0.0,0.0,0.0,0.0,0.0
257,3,5.0,5.0,5.0,3.75,1.25,2.5,0.0,5.0,5.0,0.0,3.75,5.0,0.0,0.0,5.0,0.0,5.0,4.375,0.0,0.0,5.0,5.0,5.0,0.0,0.0,5.0,2.5,0.0,2.5,0.0,5.0,1.25,5.0,5.0,3.75,0.0,5.0,1.875,2.5,5.0,2.5,0.0,3.125,2.5,0.0,0.0,3.75,2.5,0.0,0.0,0.0,0.0,0.0,4.375,0.0,0.0,0.0,5.0,5.0,0.0,0.0,0.0,0.0,0.0,0.0,0.0,0.0,0.0,0.0
257,4,5.0,3.75,3.75,2.5,1.25,1.25,1.25,5.0,3.75,0.0,3.75,3.75,0.0,0.0,5.0,0.0,5.0,3.75,0.0,0.0,5.0,5.0,5.0,0.0,0.0,5.0,2.5,0.0,2.5,0.0,5.0,2.5,5.0,5.0,3.125,0.0,5.0,1.875,2.5,5.0,1.25,0.0,2.5,2.5,0.0,0.0,2.5,2.5,0.0,0.0,0.0,0.0,0.0,3.75,0.0,0.0,0.0,5.0,5.0,0.0,0.0,3.75,0.0,0.0,0.0,0.0,0.0,0.0,0.0
257,5,5.0,3.75,3.75,3.75,1.25,1.25,1.25,5.0,4.375,0.0,3.75,4.375,0.0,0.0,5.0,0.0,5.0,3.75,0.0,0.0,5.0,5.0,5.0,0.0,0.0,5.0,1.25,0.0,2.5,0.0,5.0,2.5,5.0,5.0,3.75,0.0,5.0,2.5,2.5,5.0,1.875,0.0,2.5,2.5,0.0,0.0,2.5,2.5,0.0,0.0,0.0,0.0,0.0,3.75,0.0,0.0,0.0,5.0,5.0,0.0,0.0,2.5,0.0,0.0,0.0,0.0,0.0,0.0,0.0
258,3,5.0,5.0,3.75,5.0,1.25,1.25,0.0,5.0,5.0,0.0,3.75,5.0,1.25,0.0,5.0,0.0,5.0,3.75,0.0,0.0,5.0,5.0,5.0,0.0,0.0,5.0,5.0,0.0,2.5,0.0,5.0,1.25,5.0,5.0,3.75,0.0,5.0,2.5,2.5,5.0,2.5,0.0,3.75,2.5,0.0,0.0,2.5,3.125,0.0,1.25,0.0,0.0,1.25,3.75,0.0,0.0,0.0,5.0,5.0,0.0,0.0,0.0,0.0,0.0,0.0,0.0,0.0,0.0,0.0
258,4,5.0,4.375,3.75,3.75,1.25,1.25,1.25,5.0,3.75,0.0,2.5,4.375,1.25,0.0,5.0,0.0,5.0,3.75,0.0,0.0,5.0,5.0,5.0,0.0,0.0,5.0,3.75,0.0,2.5,0.0,5.0,2.5,5.0,5.0,3.75,0.0,3.75,2.5,2.5,5.0,2.5,0.0,2.5,1.25,0.0,0.0,1.25,2.5,0.0,1.25,0.0,0.0,1.25,3.75,0.0,0.0,0.0,5.0,5.0,0.0,0.0,1.25,0.0,0.0,0.0,0.0,0.0,0.0,0.0
258,5,5.0,5.0,3.75,3.75,1.25,1.25,1.25,5.0,4.375,0.0,2.5,5.0,1.25,0.0,5.0,0.0,5.0,3.75,0.0,0.0,5.0,5.0,5.0,0.0,0.0,5.0,2.5,0.0,2.5,0.0,5.0,2.5,5.0,5.0,3.75,0.0,5.0,2.5,2.5,5.0,2.5,0.0,2.5,1.875,0.625,0.0,1.875,2.5,0.0,1.25,0.0,0.0,1.25,3.75,0.0,0.0,0.0,5.0,5.0,0.0,0.0,0.0,0.0,0.0,0.0,0.0,0.0,0.0,0.0
259,3,5.0,5.0,2.5,5.0,0.0,1.25,0.0,5.0,5.0,0.0,3.75,5.0,3.75,0.0,5.0,0.0,5.0,3.75,0.0,0.0,5.0,5.0,5.0,0.0,0.0,5.0,5.0,0.0,3.125,0.0,5.0,1.875,3.75,5.0,3.75,0.0,4.375,3.75,3.75,5.0,2.5,0.0,3.75,1.25,1.25,0.0,1.25,2.5,0.0,2.5,0.0,0.0,2.5,3.75,0.0,0.0,0.0,5.0,5.0,0.0,0.0,0.0,0.0,0.0,0.0,0.0,0.0,0.0,0.0
259,4,5.0,5.0,3.75,5.0,1.25,0.625,0.0,3.75,3.75,0.0,2.5,5.0,3.75,0.0,5.0,1.25,5.0,3.75,0.0,0.0,5.0,5.0,5.0,0.0,0.0,5.0,5.0,0.0,2.5,0.0,5.0,3.125,5.0,5.0,3.75,0.0,3.75,3.75,2.5,5.0,3.75,0.0,2.5,1.25,1.25,0.0,1.25,2.5,0.0,2.5,0.0,0.0,2.5,3.75,0.0,0.0,0.0,5.0,5.0,0.0,0.0,0.0,0.0,0.0,0.0,0.0,0.0,0.0,0.0
259,5,5.0,5.0,3.75,5.0,1.25,0.0,0.0,3.75,3.75,0.0,2.5,5.0,2.5,0.0,5.0,0.0,5.0,3.75,0.0,0.0,5.0,5.0,5.0,0.0,0.0,5.0,5.0,0.0,2.5,0.0,5.0,3.125,5.0,5.0,3.75,0.0,3.75,3.75,2.5,5.0,2.5,0.0,2.5,1.25,1.25,0.0,1.25,2.5,0.0,2.5,0.0,0.0,2.5,3.75,0.0,0.0,0.0,5.0,5.0,0.0,0.0,0.0,0.0,0.0,0.0,0.0,0.0,0.0,0.0
260,3,5.0,5.0,1.25,5.0,0.625,1.25,0.0,3.75,3.75,0.0,3.75,5.0,5.0,0.0,5.0,0.0,5.0,4.375,0.0,0.0,5.0,5.0,5.0,0.0,0.0,5.0,5.0,0.0,3.125,0.0,5.0,2.5,3.75,5.0,3.75,0.0,3.75,3.75,5.0,5.0,5.0,0.0,3.75,1.25,1.25,0.0,1.25,2.5,0.0,3.75,0.0,0.0,3.75,2.5,0.0,0.0,0.0,5.0,3.75,0.0,0.0,0.0,0.0,0.0,0.0,0.0,0.0,0.0,0.0
260,4,5.0,5.0,3.75,5.0,1.25,1.25,0.0,2.5,3.75,0.0,2.5,5.0,5.0,0.0,5.0,2.5,5.0,3.75,0.0,0.0,5.0,3.75,5.0,0.0,0.0,5.0,5.0,0.0,3.125,0.0,5.0,3.75,3.75,5.0,3.75,0.0,3.75,3.75,3.75,5.0,5.0,0.0,2.5,1.25,1.25,0.0,1.25,1.875,0.0,3.75,0.0,0.0,3.75,2.5,0.0,0.0,0.0,5.0,2.5,0.0,0.0,0.0,0.0,0.0,0.0,0.0,0.0,0.0,0.0
260,5,5.0,5.0,3.75,5.0,1.25,1.25,0.0,2.5,3.75,0.0,2.5,5.0,5.0,0.0,5.0,2.5,5.0,3.75,0.0,0.0,5.0,4.375,5.0,0.0,0.0,5.0,5.0,0.0,3.125,0.0,5.0,3.75,4.375,5.0,3.75,0.0,3.75,3.75,3.75,5.0,5.0,0.0,3.125,1.25,1.25,0.0,1.25,2.5,0.0,3.75,0.0,0.0,3.75,2.5,0.0,0.0,0.0,5.0,1.25,0.0,0.0,0.0,0.0,0.0,0.0,0.0,0.0,0.0,0.0
261,3,5.0,5.0,1.25,5.0,0.0,2.5,0.0,2.5,3.75,0.0,3.75,5.0,5.0,0.0,5.0,1.25,5.0,5.0,0.0,0.0,5.0,5.0,5.0,0.0,0.0,5.0,5.0,0.0,3.75,0.0,5.0,2.5,3.125,5.0,3.75,0.0,3.75,5.0,5.0,5.0,5.0,0.0,3.75,1.25,1.25,0.0,2.5,2.5,0.0,5.0,0.0,0.0,5.0,1.25,0.0,0.0,0.0,5.0,1.25,0.0,0.0,0.0,0.0,0.0,0.0,0.0,0.0,0.0,0.0
261,4,5.0,4.375,5.0,5.0,1.25,2.5,0.0,1.25,3.75,0.0,2.5,5.0,5.0,0.0,5.0,5.0,5.0,5.0,0.0,1.25,5.0,3.75,5.0,0.0,0.0,5.0,5.0,0.0,3.75,0.0,5.0,3.75,3.75,3.75,3.75,0.0,3.125,3.75,5.0,5.0,5.0,0.0,3.75,1.25,1.25,0.0,1.25,1.25,0.0,3.75,0.0,0.0,3.75,1.25,0.0,0.625,0.0,3.75,0.0,0.0,0.0,0.0,0.0,0.0,0.0,0.0,0.0,0.0,0.0
261,5,5.0,4.375,5.0,5.0,1.25,2.5,0.0,1.25,3.75,0.0,2.5,5.0,5.0,0.0,5.0,5.0,5.0,5.0,0.0,1.25,5.0,3.75,5.0,0.0,0.0,5.0,5.0,0.0,3.75,0.0,5.0,3.75,3.75,4.375,3.75,0.0,3.75,3.75,5.0,5.0,5.0,0.0,3.75,1.25,1.25,0.0,1.875,1.25,0.0,5.0,0.0,0.0,4.375,1.25,0.0,1.25,0.0,5.0,0.0,0.0,0.0,0.0,0.0,0.0,0.0,0.0,0.0,0.0,0.0
262,3,5.0,4.375,1.25,5.0,0.625,3.75,0.0,1.25,3.75,0.0,3.75,5.0,5.0,0.0,5.0,2.5,5.0,5.0,0.0,1.25,5.0,5.0,5.0,0.0,0.0,5.0,5.0,0.0,3.75,0.0,3.75,3.125,2.5,5.0,3.75,0.0,3.75,5.0,5.0,5.0,5.0,0.0,5.0,1.25,1.25,0.0,2.5,1.25,0.0,5.0,0.0,0.0,5.0,0.0,0.0,1.25,0.0,3.75,0.0,0.0,0.0,0.0,0.0,0.0,0.0,0.0,0.0,0.0,0.0
262,4,5.0,3.75,5.0,5.0,1.25,3.75,0.0,1.25,3.75,0.0,2.5,5.0,5.0,0.0,5.0,5.0,5.0,5.0,0.0,2.5,5.0,3.75,5.0,0.0,0.0,5.0,5.0,0.0,3.75,0.0,3.75,3.75,3.75,3.75,2.5,0.0,2.5,5.0,5.0,5.0,5.0,0.0,3.75,1.25,1.25,0.0,2.5,1.25,0.0,5.0,0.0,0.0,5.0,0.625,0.0,1.25,0.0,3.125,0.0,0.0,0.0,0.0,0.0,0.0,0.0,0.0,0.0,0.0,0.0
262,5,5.0,3.75,5.0,5.0,1.25,3.75,0.0,1.25,3.75,0.0,2.5,5.0,5.0,0.0,5.0,5.0,5.0,5.0,0.0,2.5,5.0,3.75,5.0,0.0,0.0,5.0,5.0,0.0,3.75,0.0,5.0,4.375,3.75,3.75,2.5,0.0,2.5,5.0,5.0,5.0,5.0,0.0,4.375,1.25,1.25,0.0,2.5,1.25,0.0,5.0,0.0,0.0,5.0,1.25,0.0,1.25,0.0,3.75,0.0,0.0,0.0,0.0,0.0,0.0,0.0,0.0,0.0,0.0,0.0
263,3,5.0,3.75,2.5,5.0,0.625,5.0,1.25,0.0,2.5,0.0,2.5,5.0,5.0,0.0,5.0,3.75,5.0,5.0,0.0,2.5,5.0,5.0,5.0,0.0,0.0,5.0,5.0,0.0,3.75,0.0,3.75,3.125,2.5,5.0,3.75,0.0,2.5,5.0,5.0,5.0,5.0,0.0,5.0,1.25,1.25,0.0,3.75,1.25,0.0,5.0,0.0,0.0,5.0,0.0,0.0,2.5,0.0,2.5,0.0,0.0,0.0,0.0,0.0,0.0,0.0,0.0,0.0,0.0,0.0
263,4,5.0,2.5,5.0,5.0,1.875,3.75,1.25,0.0,3.75,0.0,2.5,5.0,5.0,0.0,4.375,5.0,4.375,5.0,0.0,3.75,3.75,3.75,5.0,0.0,0.0,5.0,5.0,0.0,3.75,0.0,3.75,3.75,2.5,3.75,2.5,0.0,2.5,5.0,5.0,5.0,5.0,0.0,5.0,1.25,1.25,0.0,2.5,1.25,1.25,5.0,0.0,0.0,5.0,0.0,0.0,2.5,0.0,1.875,0.0,0.0,0.0,0.0,0.0,0.0,0.0,0.0,0.0,0.0,0.0
263,5,5.0,3.125,5.0,5.0,2.5,4.375,1.25,0.0,3.75,0.0,2.5,5.0,5.0,0.0,5.0,5.0,4.375,5.0,0.0,5.0,4.375,3.75,5.0,0.0,0.0,5.0,5.0,0.0,3.75,0.0,3.75,4.375,2.5,3.75,2.5,0.0,2.5,5.0,5.0,5.0,5.0,0.0,5.0,1.25,1.25,0.0,2.5,1.25,1.25,5.0,0.0,0.0,5.0,0.0,0.0,2.5,0.0,2.5,0.0,0.0,0.0,0.0,0.0,0.0,0.0,0.0,0.0,0.0,0.0
264,3,5.0,2.5,2.5,5.0,0.625,5.0,2.5,0.0,3.125,0.0,2.5,5.0,5.0,0.0,5.0,3.75,3.75,5.0,0.0,3.75,5.0,4.375,5.0,0.0,0.0,5.0,5.0,0.0,3.75,0.0,2.5,3.75,3.75,5.0,3.75,0.0,2.5,5.0,5.0,5.0,5.0,0.0,5.0,1.875,1.25,0.0,3.75,2.5,1.25,5.0,0.0,0.0,5.0,0.0,0.0,3.75,0.0,1.25,0.0,0.0,0.0,0.0,0.0,0.0,0.0,0.0,0.0,0.0,0.0
264,4,5.0,2.5,5.0,5.0,1.875,5.0,2.5,0.0,3.75,0.0,1.875,5.0,5.0,0.0,3.75,5.0,3.75,5.0,0.0,5.0,3.75,3.75,5.0,0.0,0.0,5.0,5.0,0.0,3.75,0.0,2.5,5.0,2.5,3.75,2.5,0.0,2.5,5.0,5.0,5.0,5.0,0.0,5.0,2.5,1.25,0.0,2.5,1.25,1.25,5.0,0.0,0.0,3.75,0.0,0.0,3.75,0.0,1.25,0.0,0.0,0.0,0.0,0.0,0.0,0.0,0.0,0.0,0.0,0.0
264,5,5.0,2.5,5.0,5.0,1.875,5.0,2.5,0.0,3.75,0.0,2.5,5.0,5.0,0.0,4.375,5.0,3.75,5.0,0.0,5.0,3.75,3.75,5.0,0.0,0.0,5.0,5.0,0.0,3.75,0.0,2.5,5.0,3.75,3.75,3.125,0.0,2.5,5.0,5.0,5.0,5.0,0.0,5.0,2.5,1.25,0.0,2.5,1.25,2.5,5.0,0.0,0.0,3.75,0.0,0.0,3.75,0.0,0.0,0.0,0.0,0.0,0.0,0.0,0.0,0.0,0.0,0.0,0.0,0.0
265,3,5.0,2.5,2.5,5.0,0.625,5.0,3.75,0.0,3.75,0.0,1.25,5.0,5.0,0.0,5.0,3.75,3.75,5.0,0.0,5.0,4.375,3.75,5.0,0.0,0.0,5.0,5.0,0.0,4.375,0.0,1.25,4.375,3.75,5.0,3.75,0.0,2.5,5.0,5.0,5.0,5.0,0.0,5.0,2.5,0.0,0.0,3.125,2.5,2.5,5.0,0.0,0.0,3.75,0.0,0.0,3.75,0.0,0.0,0.0,0.0,0.0,0.0,0.0,0.0,0.0,0.0,0.0,0.0,0.0
265,4,5.0,2.5,5.0,5.0,1.25,5.0,3.75,0.0,3.75,0.0,1.25,5.0,5.0,0.0,3.75,5.0,3.125,5.0,0.0,5.0,3.75,2.5,5.0,0.0,0.0,5.0,3.75,0.0,3.75,0.0,1.25,5.0,3.75,3.75,3.75,0.0,2.5,5.0,5.0,5.0,5.0,0.0,5.0,2.5,0.0,0.0,2.5,2.5,2.5,5.0,0.0,0.0,2.5,0.0,0.0,3.75,0.0,0.0,0.0,0.0,0.0,0.0,0.0,0.0,0.0,0.0,0.0,0.0,0.0
265,5,5.0,2.5,5.0,5.0,1.25,5.0,3.75,0.0,3.75,0.0,1.25,5.0,5.0,0.0,3.75,5.0,3.125,5.0,0.0,5.0,3.75,2.5,5.0,0.0,0.0,5.0,3.75,0.0,3.75,0.0,1.25,5.0,3.75,3.75,3.75,0.0,2.5,5.0,5.0,5.0,5.0,0.0,5.0,2.5,1.25,0.0,2.5,2.5,2.5,5.0,0.0,0.0,3.75,0.0,0.0,3.75,0.0,0.0,0.0,0.0,0.0,0.0,0.0,0.0,0.0,0.0,0.0,0.0,0.0
266,3,5.0,3.75,2.5,5.0,0.625,5.0,5.0,0.0,3.125,0.0,1.25,5.0,5.0,0.0,5.0,3.75,2.5,5.0,0.0,5.0,3.75,2.5,5.0,0.0,0.0,5.0,3.75,0.0,4.375,0.0,0.0,5.0,3.75,5.0,5.0,0.0,2.5,5.0,5.0,5.0,5.0,0.0,4.375,2.5,1.25,0.0,2.5,2.5,2.5,5.0,0.0,0.0,2.5,0.0,0.0,3.75,0.0,0.0,0.0,0.0,0.0,0.0,0.0,0.0,0.0,0.0,0.0,0.0,0.0
266,4,5.0,2.5,5.0,5.0,1.25,5.0,5.0,0.0,3.75,0.0,0.0,5.0,5.0,0.0,3.75,5.0,2.5,5.0,0.0,5.0,3.75,1.25,5.0,0.0,0.0,5.0,2.5,0.0,4.375,0.0,0.0,5.0,3.75,3.75,3.75,0.0,2.5,3.75,5.0,3.75,5.0,0.0,3.75,2.5,1.25,0.0,2.5,2.5,3.75,5.0,0.0,0.0,2.5,0.0,0.0,3.75,0.0,0.0,0.0,0.0,0.0,0.0,0.0,0.0,0.0,0.0,0.0,0.0,0.0
266,5,5.0,2.5,5.0,5.0,1.25,5.0,5.0,0.0,3.75,0.0,0.0,5.0,5.0,0.0,3.75,5.0,2.5,5.0,0.0,5.0,3.75,1.875,5.0,0.0,0.0,5.0,1.25,0.0,4.375,0.0,0.0,5.0,3.75,3.75,3.75,0.0,2.5,4.375,5.0,5.0,5.0,0.0,4.375,2.5,1.25,0.0,2.5,2.5,3.75,5.0,0.0,0.0,2.5,0.0,0.0,3.75,0.0,0.0,0.0,0.0,0.0,0.0,0.0,0.0,0.0,0.0,0.0,0.0,0.0
267,3,5.0,4.375,1.25,5.0,0.0,5.0,5.0,0.0,2.5,0.0,0.0,5.0,5.0,0.0,4.375,2.5,2.5,5.0,0.0,5.0,5.0,1.25,5.0,0.0,0.0,5.0,1.25,0.0,5.0,0.0,0.0,5.0,5.0,5.0,5.0,0.0,2.5,3.75,5.0,5.0,5.0,0.0,3.75,2.5,1.25,0.0,2.5,3.125,3.75,5.0,0.0,0.0,1.25,0.0,0.0,3.75,0.0,0.0,2.5,0.0,0.0,0.0,0.0,0.0,0.0,0.0,0.0,0.0,0.0
267,4,5.0,3.75,5.0,5.0,1.25,5.0,5.0,0.0,2.5,0.0,0.0,5.0,5.0,0.0,3.75,5.0,2.5,5.0,0.0,5.0,3.75,1.25,5.0,0.0,0.0,5.0,1.25,0.0,4.375,0.0,0.0,5.0,3.75,3.75,5.0,0.0,2.5,3.75,5.0,3.75,5.0,0.0,3.75,2.5,1.25,0.0,1.875,2.5,3.75,5.0,0.0,0.0,1.25,0.0,0.0,3.75,0.0,0.0,1.25,0.0,0.0,0.0,0.0,0.0,0.0,0.0,0.0,0.0,0.0
267,5,5.0,3.75,5.0,5.0,1.25,5.0,5.0,0.0,2.5,0.0,0.0,5.0,5.0,0.0,3.75,5.0,2.5,5.0,0.0,5.0,3.75,1.25,5.0,0.0,0.0,5.0,0.0,0.0,4.375,0.0,0.0,5.0,3.75,3.75,5.0,0.0,2.5,3.75,5.0,3.75,5.0,0.0,3.75,2.5,1.25,0.0,1.875,2.5,3.75,5.0,0.0,0.0,1.25,0.0,0.0,3.75,0.0,0.0,1.25,0.0,0.0,0.0,0.0,0.0,0.0,0.0,0.0,0.0,0.0
268,3,5.0,5.0,1.25,5.0,0.0,5.0,5.0,0.0,2.5,0.0,0.0,5.0,3.75,0.0,5.0,1.25,1.25,5.0,0.0,5.0,5.0,0.0,5.0,0.0,0.0,5.0,0.0,0.0,5.0,0.0,0.0,5.0,5.0,5.0,5.0,0.0,2.5,3.75,5.0,3.75,5.0,0.0,3.75,2.5,1.25,0.0,2.5,2.5,3.125,5.0,0.0,0.0,0.0,1.25,0.0,2.5,0.0,0.0,3.75,0.0,0.0,0.0,0.0,0.0,0.0,0.0,0.0,0.0,0.0
268,4,5.0,5.0,5.0,4.375,0.0,5.0,5.0,0.0,2.5,0.0,0.0,5.0,3.75,0.0,3.75,3.75,1.25,5.0,0.0,5.0,3.75,0.0,3.75,0.0,0.0,5.0,0.0,0.0,4.375,0.0,0.0,5.0,3.75,3.75,5.0,0.0,2.5,3.125,5.0,3.75,3.75,0.0,2.5,2.5,1.25,0.0,1.25,2.5,3.75,5.0,0.0,0.0,0.0,1.25,0.0,2.5,0.0,0.0,2.5,0.0,0.0,0.0,0.0,0.0,0.0,0.0,0.0,0.0,0.0
268,5,5.0,5.0,5.0,5.0,0.0,5.0,5.0,0.0,2.5,0.0,0.0,5.0,3.75,0.0,3.75,3.75,1.25,5.0,0.0,5.0,5.0,0.0,3.75,0.0,0.0,5.0,0.0,0.0,4.375,0.0,0.0,5.0,5.0,3.75,5.0,0.0,2.5,3.75,5.0,3.75,4.375,0.0,2.5,2.5,1.25,0.0,1.875,2.5,3.75,5.0,0.0,0.0,0.0,1.25,0.0,2.5,0.0,0.0,2.5,0.0,0.0,0.0,0.0,0.0,0.0,0.0,0.0,0.0,0.0
269,3,5.0,5.0,0.0,5.0,0.0,5.0,5.0,0.0,1.25,0.0,0.0,5.0,2.5,0.0,5.0,0.0,1.25,5.0,0.0,3.75,5.0,0.0,3.75,0.0,0.0,5.0,0.0,0.0,5.0,0.0,0.0,5.0,5.0,3.75,5.0,0.0,2.5,2.5,5.0,3.75,3.75,0.0,3.125,1.25,1.25,0.0,2.5,2.5,2.5,5.0,0.0,0.0,0.0,1.25,0.0,1.25,0.0,0.0,5.0,0.0,0.0,0.0,0.0,0.0,0.0,0.0,0.0,0.0,0.0
269,4,5.0,5.0,3.75,3.75,0.0,5.0,5.0,0.0,1.25,0.0,0.0,5.0,2.5,0.0,3.75,2.5,1.25,5.0,0.0,3.75,5.0,0.0,3.75,0.0,0.0,5.0,0.0,0.0,3.75,0.0,0.0,5.0,5.0,3.75,5.0,0.0,2.5,2.5,5.0,3.75,2.5,0.0,2.5,1.25,1.25,0.0,2.5,1.875,2.5,5.0,0.0,0.0,0.0,2.5,0.0,1.25,0.0,0.0,3.75,0.0,0.0,0.0,0.0,0.0,0.0,0.0,0.0,0.0,0.0
269,5,4.375,5.0,3.125,4.375,0.0,5.0,5.0,0.0,1.25,0.0,0.0,5.0,1.25,0.0,3.75,1.875,1.25,5.0,0.0,3.75,5.0,0.0,3.75,0.0,0.0,5.0,0.0,0.0,4.375,0.0,0.0,5.0,5.0,3.75,5.0,0.0,2.5,2.5,5.0,3.75,2.5,0.0,2.5,1.25,1.25,0.0,2.5,2.5,2.5,5.0,0.0,0.0,0.0,2.5,0.0,1.25,0.0,0.0,3.75,0.0,0.0,0.0,0.0,0.0,0.0,0.0,0.0,0.0,0.0
270,3,3.75,5.0,0.0,5.0,0.0,5.0,5.0,0.0,0.0,0.0,0.0,5.0,1.25,0.0,5.0,0.0,2.5,5.0,0.0,2.5,5.0,0.0,3.75,0.0,0.0,5.0,0.0,0.0,5.0,0.0,0.0,5.0,5.0,3.75,5.0,0.0,2.5,1.25,5.0,3.75,2.5,0.0,2.5,1.25,1.25,0.0,2.5,2.5,1.25,5.0,0.0,1.25,0.0,2.5,0.0,0.0,0.0,0.0,5.0,0.0,0.0,0.0,0.0,0.0,0.0,0.0,0.0,0.0,0.0
270,4,1.875,5.0,1.25,3.75,0.0,5.0,5.0,0.0,0.0,0.0,0.0,5.0,1.25,0.0,3.75,1.25,1.25,5.0,0.0,2.5,5.0,0.0,3.75,0.0,0.0,5.0,0.0,0.0,3.75,0.0,0.0,5.0,5.0,3.125,5.0,0.0,2.5,1.25,3.75,3.75,1.25,0.0,2.5,1.25,1.25,0.0,2.5,1.25,1.875,3.75,0.0,0.0,0.0,2.5,0.0,0.0,0.0,0.0,4.375,0.0,0.0,0.0,0.0,0.0,0.0,0.0,0.0,0.0,0.0
270,5,1.25,5.0,1.25,5.0,0.0,5.0,5.0,0.0,0.0,0.0,0.0,5.0,0.0,0.0,3.75,0.0,1.25,5.0,0.0,2.5,5.0,0.0,3.75,0.0,0.0,5.0,0.0,0.0,4.375,0.0,0.0,5.0,5.0,3.75,5.0,0.0,2.5,1.25,5.0,3.75,1.25,0.0,2.5,1.25,1.25,0.0,2.5,1.25,2.5,4.375,0.0,0.625,0.0,3.125,0.0,0.0,0.0,0.0,5.0,0.0,0.0,0.0,0.0,0.0,0.0,0.0,0.0,0.0,0.0
271,3,1.25,5.0,0.0,5.0,0.0,5.0,5.0,1.25,0.0,0.0,0.0,5.0,0.0,0.0,5.0,0.0,3.75,5.0,0.0,1.25,5.0,0.0,2.5,0.0,0.0,5.0,0.0,0.0,5.0,0.0,0.0,5.0,5.0,3.75,5.0,0.0,2.5,1.25,3.75,3.75,1.25,0.0,2.5,0.0,1.25,0.0,3.75,2.5,1.25,5.0,0.0,2.5,0.0,3.125,0.0,0.0,0.0,1.25,5.0,0.0,0.0,0.0,0.0,0.0,0.0,0.0,0.0,0.0,0.0
271,4,0.0,5.0,0.0,5.0,0.0,5.0,5.0,0.0,0.0,0.0,0.0,5.0,0.0,0.0,4.375,0.0,2.5,5.0,0.0,1.25,5.0,1.25,2.5,0.0,0.0,5.0,0.0,0.0,3.75,0.0,0.0,5.0,5.0,3.75,5.0,0.0,2.5,1.25,3.75,3.75,1.25,0.0,2.5,0.625,1.25,0.0,2.5,1.25,1.25,3.75,0.0,1.25,0.0,3.75,0.0,0.0,0.0,0.0,5.0,0.0,0.0,0.0,0.0,0.0,0.0,0.0,0.0,0.0,0.0
271,5,0.0,5.0,0.0,5.0,0.0,5.0,5.0,0.0,0.0,0.0,0.0,5.0,0.0,0.0,5.0,0.0,2.5,5.0,0.0,1.25,5.0,1.25,3.75,0.0,0.0,5.0,0.0,0.0,3.75,0.0,0.0,5.0,5.0,3.75,5.0,0.0,2.5,1.25,3.75,3.75,1.25,0.0,2.5,1.25,1.25,0.0,2.5,1.25,1.25,3.75,0.0,1.25,0.0,3.75,0.0,0.0,0.0,0.0,5.0,0.0,0.0,0.0,0.0,0.0,0.0,0.0,0.0,0.0,0.0
272,3,0.0,5.0,0.0,5.0,0.0,5.0,5.0,2.5,0.0,0.0,0.0,5.0,0.0,0.0,5.0,0.0,5.0,5.0,0.0,0.0,5.0,1.25,2.5,1.25,0.0,5.0,0.0,0.0,3.75,0.0,0.0,5.0,5.0,3.75,5.0,0.0,2.5,1.25,2.5,4.375,1.25,0.0,3.125,1.25,1.25,0.0,3.75,2.5,0.0,3.75,0.0,3.75,0.0,3.75,0.0,0.0,0.0,2.5,5.0,0.0,0.0,0.0,0.0,0.0,0.0,0.0,0.0,0.0,0.0
272,4,0.0,5.0,0.0,5.0,0.0,3.75,5.0,2.5,0.0,1.25,0.0,5.0,0.0,1.25,5.0,0.0,3.75,5.0,1.25,0.0,5.0,2.5,2.5,1.25,0.0,5.0,0.0,0.0,3.75,0.0,0.0,5.0,5.0,3.75,5.0,0.0,2.5,1.25,3.75,3.75,1.25,0.0,2.5,1.25,1.25,0.0,2.5,1.875,0.0,3.125,0.0,2.5,0.0,3.75,0.0,0.0,0.0,1.25,3.75,0.0,0.0,0.0,0.0,0.0,0.0,0.0,0.0,0.0,0.0
272,5,0.0,5.0,0.0,5.0,0.0,3.75,5.0,1.25,0.0,0.0,0.0,5.0,0.0,0.0,5.0,0.0,3.75,5.0,0.625,0.0,5.0,2.5,2.5,1.25,0.0,5.0,0.0,0.0,3.75,0.0,0.0,5.0,5.0,3.75,5.0,0.0,2.5,1.25,3.75,3.75,1.25,0.0,2.5,1.25,1.25,0.0,3.125,1.875,0.0,3.75,0.0,2.5,0.0,3.75,0.0,0.0,0.0,1.25,3.75,0.0,0.0,0.0,0.0,0.0,0.0,0.0,0.0,0.0,0.0
273,3,0.0,5.0,0.0,5.0,0.0,3.75,3.75,4.375,0.0,0.0,0.0,5.0,0.0,1.25,5.0,0.0,5.0,5.0,1.25,0.0,5.0,1.25,1.25,2.5,0.0,5.0,0.0,0.0,3.75,0.0,0.0,5.0,5.0,4.375,5.0,0.0,2.5,1.25,2.5,3.75,1.25,0.0,3.75,1.875,2.5,0.0,3.75,2.5,0.0,3.75,0.0,5.0,0.0,2.5,0.0,0.0,0.0,3.75,3.75,0.0,0.0,0.0,0.0,0.0,0.0,0.0,0.0,0.0,0.0
273,4,0.0,5.0,0.0,5.0,0.0,2.5,3.75,3.75,0.0,3.125,0.0,5.0,0.0,2.5,5.0,0.0,5.0,5.0,2.5,0.0,5.0,2.5,2.5,2.5,0.0,5.0,0.0,0.0,3.75,0.0,0.0,5.0,5.0,3.75,5.0,0.0,2.5,1.25,3.75,3.75,1.25,0.0,2.5,1.25,1.25,0.0,3.75,2.5,0.0,2.5,0.0,3.75,0.0,3.125,0.0,0.0,0.0,2.5,2.5,0.0,0.0,0.0,0.0,0.0,0.0,0.0,0.0,0.0,0.0
273,5,0.0,5.0,0.0,5.0,0.0,2.5,3.75,3.75,0.0,2.5,0.0,5.0,0.0,2.5,5.0,0.0,5.0,5.0,2.5,0.0,5.0,2.5,2.5,2.5,0.0,5.0,0.0,0.0,3.75,0.0,0.0,5.0,5.0,3.75,5.0,0.0,2.5,1.25,3.75,3.75,1.25,0.0,2.5,1.875,1.875,0.0,3.75,2.5,0.0,2.5,0.0,3.75,0.0,3.75,0.0,0.0,0.0,2.5,3.75,0.0,0.0,0.0,0.0,0.0,0.0,0.0,0.0,0.0,0.0
274,3,0.0,5.0,0.0,5.0,0.0,2.5,1.25,5.0,1.25,1.25,0.0,5.0,0.0,2.5,5.0,0.0,5.0,5.0,2.5,0.0,5.0,2.5,1.25,3.75,0.0,5.0,0.0,0.0,4.375,0.0,1.25,5.0,5.0,5.0,5.0,0.0,3.75,1.25,2.5,3.75,2.5,0.0,3.125,2.5,3.75,0.0,5.0,3.75,0.0,3.125,0.0,5.0,0.0,2.5,0.0,0.0,0.0,5.0,2.5,0.0,0.0,0.0,0.0,0.0,0.0,0.0,0.0,0.0,0.0
274,4,0.0,5.0,0.0,5.0,0.0,2.5,2.5,5.0,1.25,5.0,0.0,5.0,0.0,3.75,3.75,0.0,5.0,5.0,3.75,0.0,5.0,3.75,1.25,3.75,0.0,5.0,0.0,0.0,3.75,0.0,1.25,5.0,5.0,4.375,5.0,0.0,3.75,1.25,3.75,3.125,2.5,0.0,2.5,2.5,2.5,0.0,3.75,2.5,0.0,2.5,0.0,5.0,0.0,2.5,0.0,0.0,0.0,3.75,1.25,0.0,0.0,0.0,0.0,0.0,0.0,0.0,0.0,0.0,0.0
274,5,0.0,5.0,0.0,5.0,0.0,2.5,2.5,5.0,1.25,5.0,0.0,5.0,0.0,4.375,3.75,0.0,5.0,5.0,3.75,0.0,5.0,3.75,1.875,3.75,0.0,5.0,0.0,0.0,3.75,0.0,1.25,5.0,5.0,4.375,5.0,0.0,3.75,1.25,3.75,3.75,2.5,0.0,2.5,3.125,2.5,0.0,3.75,2.5,0.0,2.5,0.0,5.0,0.0,2.5,0.0,0.0,0.0,3.75,2.5,0.0,0.0,0.0,0.0,0.0,0.0,0.0,0.0,0.0,0.0
275,3,0.0,3.75,0.0,5.0,0.0,2.5,0.0,5.0,2.5,2.5,0.0,5.0,0.0,3.75,3.75,0.0,5.0,5.0,3.75,0.0,5.0,2.5,0.0,5.0,0.0,5.0,0.0,0.0,5.0,0.0,3.75,5.0,5.0,5.0,5.0,0.0,3.75,1.25,2.5,3.125,3.75,0.0,2.5,3.75,5.0,0.0,5.0,3.75,0.0,2.5,0.0,5.0,0.0,1.25,0.0,1.25,0.0,5.0,1.25,0.0,0.0,1.25,0.0,0.0,0.0,0.0,0.0,0.0,0.0
275,4,0.0,3.75,0.0,5.0,0.0,1.25,0.0,5.0,2.5,5.0,1.25,5.0,0.0,5.0,3.75,0.0,5.0,5.0,5.0,0.0,5.0,2.5,1.25,5.0,0.0,5.0,0.0,0.0,3.75,0.0,2.5,5.0,5.0,5.0,5.0,0.0,3.75,1.25,3.75,2.5,3.75,0.0,2.5,3.75,3.75,0.0,4.375,3.75,0.0,2.5,0.0,5.0,0.0,1.25,0.0,1.25,0.0,5.0,1.25,0.0,0.0,1.25,0.0,0.0,0.0,0.0,0.0,0.0,0.0
275,5,0.0,3.75,0.0,5.0,0.0,1.25,0.625,5.0,2.5,5.0,1.25,5.0,0.0,5.0,3.75,0.0,5.0,5.0,5.0,0.0,5.0,3.75,1.25,5.0,0.0,5.0,0.0,0.0,3.75,0.0,2.5,5.0,5.0,5.0,5.0,0.0,3.75,1.25,3.75,2.5,3.75,0.0,2.5,3.75,3.75,0.0,5.0,3.75,0.0,2.5,0.0,5.0,0.0,1.25,0.0,1.25,0.0,5.0,1.25,0.0,0.0,0.0,0.0,0.0,0.0,0.0,0.0,0.0,0.0
276,3,0.0,2.5,0.0,5.0,0.0,2.5,0.0,5.0,4.375,3.125,1.25,5.0,0.0,4.375,3.75,0.0,5.0,5.0,4.375,0.0,5.0,1.25,0.0,5.0,0.0,5.0,0.0,0.0,5.0,0.0,5.0,5.0,5.0,5.0,5.0,0.0,3.75,1.25,1.25,2.5,5.0,0.0,3.125,5.0,5.0,0.0,5.0,5.0,0.0,2.5,0.0,5.0,1.25,0.0,0.0,1.25,0.0,5.0,0.0,0.0,0.0,3.125,0.0,0.0,0.0,0.0,0.0,0.0,0.0
276,4,0.0,1.875,0.0,5.0,0.0,1.25,0.0,5.0,3.75,5.0,2.5,5.0,0.0,5.0,2.5,0.0,5.0,3.75,5.0,0.0,5.0,2.5,0.0,5.0,0.0,5.0,0.0,0.0,5.0,0.0,3.75,3.75,5.0,5.0,5.0,0.0,3.75,2.5,2.5,2.5,3.75,0.0,2.5,5.0,5.0,0.0,5.0,3.75,0.0,2.5,0.0,5.0,1.25,0.625,0.0,1.875,0.0,5.0,0.0,0.0,0.0,2.5,0.0,0.0,0.0,0.0,0.0,0.0,0.0
276,5,0.0,2.5,0.0,5.0,0.0,1.25,0.0,5.0,3.75,5.0,2.5,5.0,0.0,5.0,2.5,0.0,5.0,3.75,5.0,0.0,5.0,2.5,0.0,5.0,0.0,5.0,0.0,0.0,5.0,0.0,3.75,3.75,5.0,5.0,5.0,0.0,3.75,2.5,2.5,2.5,4.375,0.0,2.5,5.0,5.0,0.0,5.0,3.75,0.0,2.5,0.0,5.0,1.25,1.25,0.0,2.5,0.0,5.0,0.0,0.0,0.0,1.875,0.0,0.0,0.0,0.0,0.0,0.0,0.0
277,3,0.0,1.25,0.0,5.0,0.0,3.125,0.0,5.0,5.0,3.125,2.5,5.0,0.0,4.375,2.5,0.0,5.0,3.75,4.375,0.0,5.0,1.25,0.0,5.0,0.0,5.0,0.0,0.0,5.0,0.0,5.0,3.75,5.0,5.0,5.0,0.0,3.75,2.5,1.25,2.5,5.0,0.0,3.75,5.0,5.0,0.0,5.0,5.0,0.0,2.5,0.0,5.0,2.5,0.0,0.0,2.5,0.0,5.0,0.0,0.0,0.0,5.0,0.0,0.0,0.0,0.0,0.0,0.0,0.0
277,4,0.0,0.625,0.0,5.0,0.0,2.5,0.0,5.0,5.0,5.0,2.5,5.0,0.0,5.0,2.5,0.0,5.0,3.75,5.0,0.0,5.0,1.25,0.0,5.0,0.0,4.375,0.0,0.0,5.0,0.0,5.0,3.75,5.0,4.375,5.0,0.0,3.75,2.5,2.5,2.5,3.75,0.0,2.5,5.0,5.0,0.0,5.0,3.75,0.0,2.5,0.0,4.375,2.5,0.0,0.0,2.5,0.0,5.0,0.0,0.0,0.0,3.75,0.0,0.0,0.0,0.0,0.0,0.0,0.0
277,5,0.0,1.25,0.0,5.0,0.0,2.5,0.0,5.0,5.0,5.0,3.125,5.0,0.0,5.0,2.5,0.0,5.0,2.5,5.0,0.0,5.0,1.25,0.0,5.0,0.0,5.0,0.0,0.0,5.0,0.0,5.0,3.75,5.0,4.375,5.0,0.0,3.75,2.5,2.5,2.5,5.0,0.0,2.5,5.0,5.0,0.0,5.0,5.0,0.0,2.5,0.0,5.0,2.5,0.0,0.0,2.5,0.0,5.0,0.0,0.0,0.0,3.75,0.0,0.0,0.0,0.0,0.0,0.0,0.0
278,3,0.0,0.0,0.0,5.0,0.0,3.75,0.0,5.0,5.0,2.5,2.5,5.0,0.0,3.75,2.5,0.0,5.0,3.75,3.75,0.0,5.0,0.0,0.0,3.75,0.0,4.375,0.0,0.0,5.0,0.0,5.0,3.75,5.0,4.375,5.0,0.0,2.5,3.75,1.25,2.5,3.75,0.0,3.75,5.0,5.0,0.0,5.0,5.0,0.0,3.75,0.0,3.75,3.75,0.0,0.0,2.5,0.0,5.0,0.0,0.0,0.0,5.0,0.0,0.0,0.0,0.0,0.0,0.0,0.0
278,4,0.0,0.0,0.0,5.0,0.0,3.75,0.0,5.0,5.0,5.0,3.75,3.75,0.0,5.0,1.875,0.0,5.0,2.5,5.0,0.0,5.0,1.25,0.0,3.75,0.0,4.375,0.0,0.0,5.0,0.0,5.0,3.75,5.0,3.75,3.75,0.0,2.5,3.125,1.25,2.5,3.75,0.0,2.5,5.0,5.0,0.0,5.0,5.0,0.0,2.5,0.0,3.75,3.75,0.0,0.0,3.75,0.0,3.75,0.0,0.0,0.0,5.0,0.0,0.0,0.0,0.0,0.0,0.0,0.0
278,5,0.0,0.0,0.0,5.0,0.0,3.75,0.0,5.0,5.0,5.0,3.75,3.75,0.0,5.0,1.875,0.0,5.0,2.5,5.0,0.0,5.0,1.25,0.0,3.75,0.0,4.375,0.0,0.0,5.0,0.0,5.0,3.75,5.0,3.75,4.375,0.0,2.5,3.75,1.875,2.5,3.75,0.0,3.75,5.0,5.0,0.0,5.0,5.0,0.0,2.5,0.0,3.75,3.75,0.0,0.0,3.75,0.0,3.75,0.0,0.0,0.0,5.0,0.0,0.0,0.0,0.0,0.0,0.0,0.0
279,3,0.0,0.0,0.0,5.0,0.0,5.0,0.0,5.0,5.0,1.25,3.75,3.75,0.0,2.5,2.5,0.0,5.0,3.75,2.5,0.0,5.0,0.0,0.0,2.5,0.0,4.375,0.0,0.0,5.0,0.0,5.0,2.5,5.0,3.75,4.375,0.0,2.5,4.375,1.25,2.5,3.75,0.0,5.0,5.0,5.0,0.0,5.0,5.0,0.0,3.75,0.0,2.5,3.75,0.0,0.0,3.125,0.0,3.75,1.25,0.0,0.0,5.0,0.0,0.0,0.0,0.0,0.0,0.0,0.0
279,4,0.0,0.0,0.0,5.0,0.0,5.0,0.0,5.0,5.0,5.0,3.75,2.5,0.0,5.0,1.875,0.0,5.0,3.75,4.375,0.0,5.0,0.0,0.0,2.5,0.0,3.75,0.0,0.0,5.0,0.0,5.0,2.5,5.0,3.75,3.75,0.0,1.25,3.75,1.25,2.5,2.5,0.0,3.75,4.375,5.0,0.0,5.0,5.0,0.0,2.5,0.0,1.25,3.75,0.0,0.0,3.75,0.0,2.5,1.25,0.0,0.0,5.0,0.0,0.0,0.0,0.0,0.0,0.0,0.0
279,5,0.0,0.0,0.0,5.0,0.0,5.0,0.0,5.0,5.0,5.0,3.75,3.75,0.0,5.0,2.5,0.0,5.0,3.75,5.0,0.0,5.0,0.0,0.0,2.5,0.0,4.375,0.0,0.0,5.0,0.0,5.0,3.125,5.0,3.75,3.75,0.0,1.875,3.75,1.25,2.5,3.75,0.0,3.75,5.0,5.0,0.0,5.0,5.0,0.0,2.5,0.0,2.5,3.75,0.0,0.0,3.75,0.0,2.5,1.25,0.0,0.0,5.0,0.0,0.0,0.0,0.0,0.0,0.0,0.0
280,3,0.0,0.0,0.0,5.0,0.0,5.0,0.0,5.0,5.0,0.0,3.75,2.5,0.0,1.25,3.125,0.0,5.0,5.0,1.25,0.0,5.0,1.25,1.25,0.0,0.0,5.0,0.0,0.0,5.0,0.0,5.0,1.25,5.0,3.75,4.375,0.0,1.25,5.0,2.5,2.5,2.5,0.0,5.0,3.75,5.0,0.0,5.0,5.0,1.25,3.75,0.0,0.0,5.0,0.0,0.0,2.5,0.0,1.875,3.125,0.0,0.0,5.0,0.0,0.0,0.0,0.0,0.0,0.0,0.0
280,4,0.0,0.0,0.0,4.375,0.0,5.0,0.0,5.0,5.0,3.75,3.75,1.25,0.0,3.75,2.5,0.0,5.0,3.75,2.5,0.0,4.375,0.0,1.25,1.25,0.0,3.75,0.0,0.0,5.0,0.0,5.0,2.5,5.0,2.5,3.75,0.0,1.25,5.0,2.5,2.5,2.5,0.0,3.75,3.75,5.0,0.0,4.375,5.0,0.0,2.5,0.0,1.25,3.75,0.0,0.0,2.5,0.0,1.25,2.5,0.0,0.0,5.0,0.0,0.0,0.0,0.0,0.0,0.0,0.0
280,5,0.0,0.0,0.0,5.0,0.0,5.0,0.0,5.0,5.0,3.75,5.0,1.875,0.0,3.75,2.5,0.0,5.0,3.75,2.5,0.0,5.0,0.0,1.25,1.25,0.0,4.375,0.0,0.0,5.0,0.0,5.0,2.5,5.0,3.125,3.75,0.0,1.25,5.0,2.5,2.5,2.5,0.0,4.375,3.75,5.0,0.0,4.375,5.0,0.0,2.5,0.0,1.25,5.0,0.0,0.0,2.5,0.0,1.25,2.5,0.0,0.0,5.0,0.0,0.0,0.0,0.0,0.0,0.0,0.0
281,3,0.0,0.0,0.0,4.375,0.0,5.0,0.0,3.75,5.0,0.0,3.75,1.25,0.0,0.0,3.75,0.0,5.0,5.0,0.0,0.0,3.75,1.25,2.5,0.0,0.0,5.0,0.0,0.0,5.0,0.0,5.0,1.25,5.0,3.125,5.0,0.0,1.25,5.0,3.75,3.125,1.25,0.0,5.0,2.5,5.0,0.0,3.75,5.0,2.5,3.75,0.0,0.0,4.375,1.25,0.0,1.25,0.0,0.0,3.75,0.0,0.0,5.0,0.0,0.0,0.0,0.0,0.0,0.0,0.0
281,4,0.0,0.0,0.0,3.75,0.0,5.0,0.0,3.75,5.0,2.5,3.75,1.25,0.0,1.25,2.5,0.0,5.0,3.75,1.25,0.0,3.125,1.25,2.5,0.0,0.0,4.375,0.0,0.0,5.0,0.0,5.0,1.25,5.0,2.5,3.75,0.0,1.25,5.0,2.5,2.5,1.25,0.0,5.0,2.5,3.75,0.0,3.75,5.0,1.25,2.5,0.0,0.0,3.75,1.25,0.0,2.5,0.0,0.0,3.75,0.0,0.0,5.0,0.0,0.0,0.0,0.0,0.0,0.0,0.0
281,5,0.0,0.0,0.0,3.75,0.0,5.0,0.0,3.125,5.0,1.25,3.75,1.25,0.0,1.25,2.5,0.0,5.0,3.75,1.25,0.0,3.75,1.25,2.5,0.0,0.0,5.0,0.0,0.0,5.0,0.0,5.0,1.25,5.0,2.5,3.75,0.0,1.25,5.0,2.5,2.5,1.25,0.0,5.0,2.5,3.75,0.0,3.75,5.0,2.5,2.5,0.0,0.0,3.75,1.25,0.0,2.5,0.0,0.0,3.75,0.0,0.0,5.0,0.0,0.0,0.0,0.0,0.0,0.0,0.0
282,3,0.0,0.0,0.0,3.125,0.0,5.0,0.0,2.5,5.0,0.0,2.5,0.0,0.0,0.0,3.75,0.0,5.0,5.0,0.0,0.0,2.5,3.75,3.75,0.0,0.0,5.0,0.0,0.0,5.0,0.0,3.75,0.0,5.0,2.5,5.0,0.0,2.5,5.0,3.75,3.75,0.0,0.0,5.0,1.25,3.75,0.0,3.75,5.0,3.75,3.125,0.0,0.0,3.75,2.5,0.0,1.25,0.0,0.0,5.0,0.0,0.0,5.0,0.0,0.0,0.0,0.0,0.0,0.0,0.0
282,4,0.0,0.0,0.0,2.5,0.0,5.0,0.0,2.5,5.0,0.0,3.75,0.0,0.0,0.0,3.125,0.0,5.0,3.75,0.0,0.0,2.5,2.5,3.75,0.0,0.0,5.0,0.0,0.0,5.0,0.0,3.75,0.0,5.0,2.5,4.375,0.0,1.25,5.0,3.75,2.5,0.0,0.0,5.0,1.25,2.5,0.0,3.125,5.0,2.5,2.5,0.0,0.0,3.75,1.25,0.0,1.25,0.0,0.0,3.75,0.0,0.0,5.0,0.0,0.0,0.0,0.0,0.0,0.0,0.0
282,5,0.0,0.0,0.0,2.5,0.0,5.0,0.0,1.25,5.0,0.0,3.75,0.0,0.0,0.0,3.125,0.0,5.0,3.75,0.0,0.0,2.5,2.5,3.75,0.0,0.0,5.0,0.0,0.0,5.0,0.0,3.75,0.0,5.0,2.5,5.0,0.0,2.5,5.0,3.75,2.5,0.0,0.0,5.0,1.875,3.125,0.0,3.125,5.0,3.75,2.5,0.0,0.0,3.75,1.25,0.0,1.25,0.0,0.0,3.75,0.0,0.0,5.0,0.0,0.0,0.0,0.0,0.0,0.0,0.0
283,3,0.0,0.0,0.0,1.875,0.0,5.0,0.0,1.25,5.0,0.0,2.5,0.0,0.0,0.0,3.75,0.0,5.0,4.375,0.0,0.0,1.25,5.0,5.0,0.0,0.0,5.0,0.0,0.0,5.0,0.0,2.5,0.0,3.75,2.5,5.0,0.0,3.75,5.0,5.0,3.75,0.0,0.0,5.0,1.25,2.5,0.0,3.75,5.0,5.0,2.5,0.0,0.0,2.5,3.125,0.0,1.25,0.0,0.0,5.0,0.0,0.0,5.0,0.0,0.0,0.0,0.0,0.0,0.0,0.0
283,4,0.0,0.0,0.0,1.25,0.0,5.0,0.0,1.25,5.0,0.0,2.5,0.0,0.0,0.0,3.75,0.0,3.75,3.75,0.0,0.0,1.25,3.75,4.375,0.0,0.0,5.0,0.0,0.0,5.0,0.0,2.5,0.0,5.0,2.5,5.0,0.0,2.5,5.0,3.75,3.75,0.0,0.0,5.0,1.25,2.5,0.0,2.5,5.0,4.375,2.5,0.0,0.0,2.5,2.5,0.0,1.25,0.0,0.0,3.75,0.0,0.0,3.75,0.0,0.0,0.0,0.0,0.0,0.0,0.0
283,5,0.0,0.0,0.0,1.25,0.0,5.0,0.0,1.25,5.0,0.0,3.125,0.0,0.0,0.0,3.75,0.0,4.375,3.75,0.0,0.0,1.25,3.75,5.0,0.0,0.0,5.0,0.0,0.0,5.0,0.0,2.5,0.0,5.0,2.5,5.0,0.0,2.5,5.0,3.75,3.75,0.0,0.0,5.0,1.25,2.5,0.0,2.5,5.0,5.0,2.5,0.0,0.0,2.5,2.5,0.0,1.25,0.0,0.0,3.75,0.0,0.0,3.75,0.0,0.0,0.0,0.0,0.0,0.0,0.0
284,3,0.0,0.0,0.0,1.25,0.0,5.0,0.0,2.5,4.375,0.0,2.5,0.0,0.0,0.0,4.375,0.0,3.75,3.75,0.0,0.0,1.25,5.0,5.0,0.0,0.0,5.0,0.0,0.0,5.0,0.0,1.25,0.0,3.75,3.125,5.0,0.0,5.0,5.0,5.0,5.0,0.0,0.0,5.0,1.25,2.5,0.0,2.5,5.0,5.0,3.125,0.0,0.0,1.25,3.75,0.0,1.25,0.0,1.25,5.0,0.0,0.0,2.5,0.0,0.0,0.0,0.0,0.0,0.0,0.0
284,4,0.0,0.0,0.0,0.625,0.0,5.0,0.0,1.25,5.0,0.0,2.5,0.0,0.0,0.0,3.75,0.0,2.5,3.125,0.0,0.0,1.25,5.0,5.0,0.0,0.0,3.75,0.0,0.0,5.0,0.0,1.25,0.0,3.75,2.5,5.0,0.0,3.75,3.75,4.375,3.75,0.0,0.0,5.0,1.25,1.25,0.0,2.5,3.75,5.0,2.5,0.0,0.0,1.25,2.5,0.0,1.25,0.0,1.25,3.75,0.0,0.0,1.25,0.0,0.0,0.0,0.0,0.0,0.0,0.0
284,5,0.0,0.0,0.0,1.25,0.0,5.0,0.0,1.25,5.0,0.0,2.5,0.0,0.0,0.0,3.75,0.0,2.5,3.125,0.0,0.0,1.25,5.0,5.0,0.0,0.0,4.375,0.0,0.0,5.0,0.0,1.25,0.0,3.75,2.5,5.0,0.0,3.75,3.75,5.0,3.75,0.0,0.0,5.0,1.875,1.25,0.0,2.5,3.75,5.0,2.5,0.0,0.0,1.25,2.5,0.0,1.25,0.0,1.25,3.75,0.0,0.0,1.25,0.0,0.0,0.0,0.0,0.0,0.0,0.0
285,3,0.0,0.0,0.0,1.25,0.0,5.0,0.0,2.5,3.75,1.25,2.5,0.0,0.0,0.0,4.375,0.0,2.5,2.5,0.0,0.0,1.25,5.0,5.0,0.0,0.0,3.75,0.0,0.0,5.0,0.0,0.0,0.0,2.5,3.125,5.0,0.0,5.0,3.75,5.0,5.0,0.0,0.0,5.0,2.5,2.5,0.0,2.5,3.75,5.0,3.75,0.0,0.0,1.25,3.75,0.0,2.5,0.0,2.5,3.75,0.0,0.0,0.0,0.0,0.0,0.0,0.0,0.0,0.0,0.0
285,4,0.0,0.0,0.0,1.25,0.0,5.0,0.0,2.5,3.75,1.25,2.5,0.0,0.0,0.0,4.375,0.0,1.25,2.5,0.0,0.0,1.25,5.0,5.0,0.0,0.0,3.75,0.0,0.0,5.0,0.0,0.0,0.0,3.75,2.5,5.0,0.0,5.0,3.75,5.0,5.0,0.0,0.0,5.0,2.5,1.25,0.0,2.5,2.5,5.0,2.5,0.0,0.0,0.0,2.5,0.0,2.5,0.0,2.5,2.5,0.0,0.0,0.0,0.0,0.0,0.0,0.0,0.0,0.0,0.0
285,5,0.0,0.0,0.0,1.25,0.0,5.0,0.0,2.5,3.75,1.25,2.5,0.0,0.0,0.0,4.375,0.0,1.25,2.5,0.0,0.0,1.25,5.0,5.0,0.0,0.0,3.75,0.0,0.0,5.0,0.0,0.0,0.0,3.75,3.125,5.0,0.0,5.0,3.75,5.0,5.0,0.0,0.0,5.0,2.5,1.25,0.0,2.5,3.75,5.0,2.5,0.0,0.0,0.625,2.5,0.0,2.5,0.0,2.5,2.5,0.0,0.0,0.0,0.0,0.0,0.0,0.0,0.0,0.0,0.0
286,3,0.0,1.25,0.0,1.25,0.0,5.0,0.0,3.75,2.5,2.5,3.75,0.0,0.0,0.0,5.0,0.0,1.25,2.5,0.0,0.0,2.5,5.0,5.0,0.0,0.0,3.75,0.0,0.0,5.0,0.0,0.0,0.0,2.5,3.125,5.0,0.0,5.0,3.75,5.0,5.0,0.0,0.0,5.0,2.5,2.5,0.0,2.5,2.5,5.0,3.75,0.0,0.0,0.0,3.75,0.0,3.75,0.0,3.75,2.5,0.0,0.0,0.0,0.0,0.0,0.0,0.0,0.0,0.0,0.0
286,4,0.0,0.625,0.0,1.25,0.0,5.0,0.0,2.5,3.125,1.875,2.5,0.0,0.0,0.0,5.0,0.0,1.25,1.875,0.0,0.0,1.25,5.0,5.0,0.0,0.0,2.5,0.0,0.0,5.0,0.0,0.0,0.0,2.5,3.125,5.0,0.0,5.0,2.5,4.375,5.0,0.0,0.0,5.0,2.5,2.5,0.0,1.875,2.5,5.0,2.5,0.0,0.0,0.0,2.5,0.0,2.5,0.0,3.125,2.5,0.0,0.0,0.0,0.0,0.0,0.0,0.0,0.0,0.0,0.0
286,5,0.0,0.0,0.0,1.25,0.0,5.0,0.0,3.125,3.75,2.5,2.5,0.0,0.0,0.0,5.0,0.0,1.25,2.5,0.0,0.0,1.25,5.0,5.0,0.0,0.0,2.5,0.0,0.0,5.0,0.0,0.0,0.0,3.75,3.125,5.0,0.0,5.0,3.75,5.0,5.0,0.0,0.0,5.0,2.5,2.5,0.0,2.5,2.5,5.0,3.125,0.0,0.0,0.0,2.5,0.0,2.5,0.0,3.75,2.5,0.0,0.0,0.0,0.0,0.0,0.0,0.0,0.0,0.0,0.0
287,3,0.0,2.5,0.0,2.5,0.0,5.0,0.0,3.75,2.5,3.75,5.0,0.625,0.0,0.0,5.0,0.0,0.0,2.5,0.0,0.0,3.75,5.0,5.0,0.0,0.0,2.5,0.0,0.0,5.0,0.0,0.0,0.0,2.5,3.125,5.0,0.0,5.0,2.5,5.0,5.0,0.0,0.0,5.0,2.5,3.125,0.0,2.5,1.25,5.0,3.75,0.0,0.0,0.0,2.5,0.0,4.375,0.0,5.0,2.5,0.0,0.0,0.0,0.0,0.0,0.0,0.0,0.0,0.0,0.0
287,4,0.0,2.5,0.0,2.5,0.0,5.0,0.0,3.75,2.5,2.5,3.75,0.0,0.0,0.0,5.0,0.0,0.0,1.875,0.0,0.0,2.5,5.0,5.0,0.0,0.0,1.25,0.0,0.0,5.0,0.0,0.0,0.0,2.5,3.75,5.0,0.0,5.0,2.5,3.75,4.375,1.25,0.0,5.0,2.5,2.5,0.0,1.875,1.25,5.0,2.5,0.0,0.0,0.0,1.25,0.0,3.75,0.0,3.75,1.875,0.0,0.0,0.0,0.0,0.0,0.0,0.0,0.0,0.0,0.0
287,5,0.0,1.25,0.0,2.5,0.0,5.0,0.0,3.75,2.5,2.5,3.75,0.0,0.0,0.0,5.0,0.0,0.0,2.5,0.0,0.0,2.5,5.0,5.0,0.0,0.0,1.25,0.0,0.0,5.0,0.0,0.0,0.0,2.5,3.75,5.0,0.0,5.0,3.125,3.75,5.0,1.25,0.0,5.0,2.5,2.5,0.0,2.5,1.25,5.0,2.5,0.0,0.0,0.0,2.5,0.0,3.75,0.0,3.75,2.5,0.0,0.0,0.0,0.0,0.0,0.0,0.0,0.0,0.0,0.0
288,3,0.0,5.0,0.0,5.0,0.0,5.0,0.0,5.0,2.5,3.75,5.0,1.25,0.0,1.25,5.0,0.0,0.0,2.5,0.0,0.0,3.75,5.0,5.0,0.0,0.0,2.5,0.0,0.0,5.0,0.0,0.0,0.0,2.5,3.75,5.0,0.0,5.0,2.5,5.0,5.0,1.25,0.0,5.0,2.5,3.75,0.0,2.5,1.25,3.75,3.75,0.0,0.0,0.0,1.25,0.0,5.0,0.0,5.0,2.5,0.0,0.0,0.0,0.0,0.0,0.0,0.0,0.0,0.0,0.0
288,4,0.0,3.75,0.0,3.75,0.0,5.0,0.0,3.75,2.5,3.125,5.0,1.25,0.0,1.25,5.0,0.0,0.0,2.5,0.0,0.0,3.75,5.0,5.0,0.0,0.0,1.25,0.0,0.0,5.0,0.0,0.0,0.0,2.5,3.75,3.75,0.0,3.75,3.75,3.75,3.75,2.5,0.0,5.0,2.5,2.5,0.0,1.875,1.25,3.75,2.5,0.0,0.0,0.0,1.25,0.0,3.75,0.0,3.75,2.5,0.0,0.0,0.0,0.0,0.0,0.0,0.0,0.0,0.0,0.0
288,5,0.0,3.75,0.0,3.75,0.0,5.0,0.0,3.75,2.5,3.75,5.0,1.25,0.0,1.25,5.0,0.0,0.0,2.5,0.0,0.0,3.75,5.0,5.0,0.0,0.0,1.25,0.0,0.0,5.0,0.0,0.0,0.0,2.5,3.75,4.375,0.0,3.75,3.75,3.75,5.0,2.5,0.0,5.0,2.5,2.5,0.0,2.5,1.25,3.75,3.125,0.0,0.0,0.0,1.25,0.0,3.75,0.0,3.75,2.5,0.0,0.0,0.0,0.0,0.0,0.0,0.0,0.0,0.0,0.0
289,3,0.0,5.0,0.0,5.0,0.0,5.0,0.0,5.0,3.75,5.0,5.0,2.5,0.0,2.5,4.375,0.0,0.0,3.125,0.0,0.0,5.0,3.75,5.0,0.0,0.0,2.5,0.0,0.0,5.0,0.0,0.0,0.0,2.5,3.75,3.75,0.0,3.75,3.125,3.75,5.0,2.5,0.0,5.0,1.25,3.75,0.0,2.5,2.5,2.5,3.75,0.0,0.0,0.0,0.625,0.0,5.0,0.0,5.0,3.75,0.0,0.0,0.0,0.0,0.0,0.0,0.0,0.0,0.0,0.0
289,4,0.0,5.0,0.0,4.375,0.0,5.0,0.0,3.75,3.125,3.75,5.0,1.875,0.0,1.25,5.0,0.0,0.0,2.5,0.0,0.0,3.75,5.0,3.75,0.0,0.0,1.25,0.0,0.0,5.0,0.0,0.0,0.0,2.5,4.375,3.75,0.0,2.5,5.0,3.75,3.75,3.125,0.0,5.0,1.25,2.5,0.0,2.5,1.25,2.5,3.125,0.0,0.0,0.0,0.0,0.0,3.75,0.0,3.75,2.5,0.0,0.0,0.0,0.0,0.0,0.0,0.0,0.0,0.0,0.0
289,5,0.0,5.0,0.0,5.0,0.0,5.0,0.0,3.75,3.75,3.75,5.0,2.5,0.0,1.25,5.0,0.0,0.0,2.5,0.0,0.0,3.75,5.0,3.75,0.0,0.0,1.25,0.0,0.0,5.0,0.0,0.0,0.0,2.5,4.375,3.75,0.0,2.5,5.0,3.75,5.0,3.75,0.0,5.0,1.25,2.5,0.0,2.5,1.25,2.5,3.75,0.0,0.0,0.0,0.0,0.0,3.75,0.0,3.75,2.5,0.0,0.0,0.0,0.0,0.0,0.0,0.0,0.0,0.0,0.0
290,3,0.0,5.0,0.0,5.0,0.0,5.0,0.0,5.0,4.375,5.0,5.0,3.125,0.0,3.125,3.75,0.0,0.0,3.75,0.0,0.0,5.0,1.25,3.75,0.0,0.0,2.5,0.0,0.0,5.0,0.0,0.0,0.0,3.75,5.0,3.75,0.0,2.5,3.75,4.375,5.0,3.75,0.0,5.0,1.25,3.125,0.0,2.5,2.5,1.25,3.75,0.0,0.0,0.0,0.0,0.0,3.75,0.0,3.75,3.75,0.0,0.0,1.25,0.0,0.0,0.0,0.0,0.0,0.0,0.0
290,4,0.0,5.0,0.0,5.0,0.0,3.75,0.0,5.0,3.75,3.75,5.0,2.5,0.0,2.5,3.75,0.0,0.0,2.5,0.0,0.0,3.75,2.5,2.5,0.0,0.0,1.875,0.0,0.0,5.0,0.0,0.0,0.0,2.5,5.0,3.75,0.0,1.25,5.0,3.75,5.0,3.75,0.0,4.375,1.25,2.5,0.0,2.5,1.25,1.25,3.75,0.0,0.0,0.0,0.0,0.0,2.5,0.0,2.5,2.5,0.0,0.0,1.25,0.0,0.0,0.0,0.0,0.0,0.0,0.0
290,5,0.0,5.0,0.0,5.0,0.0,3.75,0.0,5.0,3.75,3.75,5.0,2.5,0.0,2.5,3.75,0.0,0.0,2.5,0.0,0.0,3.75,2.5,2.5,0.0,0.0,2.5,0.0,0.0,5.0,0.0,0.0,0.0,2.5,5.0,3.75,0.0,1.25,5.0,3.75,5.0,3.75,0.0,5.0,1.25,2.5,0.0,2.5,1.875,0.0,3.75,0.0,0.0,0.0,0.0,0.0,2.5,0.0,3.75,3.125,0.0,0.0,0.0,0.0,0.0,0.0,0.0,0.0,0.0,0.0
291,3,0.0,5.0,0.0,5.0,0.0,3.75,0.0,5.0,5.0,5.0,5.0,3.75,0.0,3.75,2.5,0.0,0.0,2.5,0.0,0.0,5.0,0.0,1.875,0.0,0.0,3.75,0.0,0.0,5.0,0.0,0.0,0.0,3.75,5.0,4.375,0.0,1.25,4.375,5.0,5.0,3.75,0.0,4.375,0.0,2.5,0.0,3.75,2.5,0.0,5.0,0.0,0.0,0.0,0.0,0.0,2.5,0.0,3.125,4.375,0.0,0.0,2.5,0.0,0.0,0.0,0.0,0.0,0.0,0.0
291,4,0.0,5.0,0.0,5.0,0.0,2.5,0.0,5.0,3.75,3.75,5.0,2.5,0.0,2.5,2.5,0.0,0.0,2.5,0.0,0.0,3.75,1.25,1.25,0.0,0.0,3.125,0.0,0.0,5.0,0.0,0.0,0.0,3.75,5.0,3.75,0.0,0.0,5.0,3.75,5.0,5.0,0.0,3.75,0.0,2.5,0.0,2.5,1.25,0.0,3.75,0.0,0.0,0.0,0.0,0.0,2.5,0.0,2.5,3.75,0.0,0.0,1.875,0.0,0.0,0.0,0.0,0.0,0.0,0.0
291,5,0.0,5.0,0.0,5.0,0.0,2.5,0.0,5.0,4.375,3.75,5.0,2.5,0.0,3.125,2.5,0.0,0.0,2.5,0.0,0.0,3.75,1.25,1.25,0.0,0.0,3.75,0.0,0.0,5.0,0.0,0.0,0.0,3.75,5.0,3.75,0.0,0.0,5.0,3.75,5.0,5.0,0.0,3.75,0.625,2.5,0.0,2.5,1.875,0.0,3.75,0.0,0.0,0.0,0.0,0.0,2.5,0.0,2.5,3.75,0.0,0.0,2.5,0.0,0.0,0.0,0.0,0.0,0.0,0.0
292,3,0.0,5.0,0.0,5.0,0.0,2.5,0.0,5.0,5.0,5.0,5.0,3.75,0.0,3.75,1.25,0.0,0.0,2.5,0.0,0.0,5.0,0.0,1.25,0.0,0.0,5.0,0.0,0.0,5.0,0.0,0.0,0.0,5.0,5.0,5.0,0.0,0.0,3.75,5.0,5.0,3.75,0.0,3.75,0.0,2.5,0.0,3.75,2.5,0.0,5.0,0.0,0.0,0.0,0.0,0.0,1.25,0.0,2.5,5.0,0.0,0.0,3.75,0.0,0.0,0.0,0.0,0.0,0.0,0.0
292,4,0.0,5.0,0.0,3.75,0.0,1.25,0.0,5.0,4.375,3.75,5.0,3.125,0.0,3.125,1.25,0.0,0.0,1.875,0.0,0.0,3.75,0.0,1.25,0.0,0.0,4.375,0.0,0.0,5.0,0.0,0.0,0.0,3.75,5.0,3.75,0.0,0.0,5.0,4.375,5.0,3.75,0.0,3.125,0.0,3.75,0.0,2.5,1.25,0.0,3.75,0.0,0.0,1.25,0.0,0.0,1.25,0.0,2.5,3.75,0.0,0.0,3.75,0.0,0.0,0.0,0.0,0.0,0.0,0.0
292,5,0.0,5.0,0.0,3.75,0.0,1.25,0.0,5.0,5.0,3.75,5.0,3.75,0.0,3.75,1.25,0.0,0.0,2.5,0.0,0.0,3.75,0.0,1.25,0.0,0.0,5.0,0.0,0.0,5.0,0.0,0.0,0.0,3.75,5.0,3.75,0.0,0.0,5.0,5.0,5.0,5.0,0.0,3.125,0.0,3.75,0.0,3.125,1.25,0.0,5.0,0.0,0.0,1.25,0.0,0.0,1.25,0.0,2.5,3.75,0.0,0.0,3.75,0.0,0.0,0.0,0.0,0.0,0.0,0.0
293,3,0.0,5.0,0.0,3.75,0.0,1.25,0.0,5.0,5.0,3.75,5.0,3.75,0.0,3.75,1.25,0.0,0.0,2.5,0.0,0.0,5.0,0.0,1.25,0.0,0.0,5.0,0.0,0.0,5.0,0.0,0.0,1.25,5.0,5.0,5.0,0.0,0.0,3.125,5.0,5.0,2.5,0.0,3.75,1.25,3.125,0.0,3.75,2.5,0.0,5.0,0.0,1.25,1.25,0.0,0.0,1.25,0.0,2.5,5.0,0.0,0.0,5.0,0.0,0.0,0.0,0.0,0.0,0.0,0.0
293,4,0.0,5.0,0.0,2.5,0.0,1.25,0.0,5.0,4.375,3.75,3.75,3.125,0.0,3.125,1.25,0.0,0.0,1.25,0.0,0.0,3.75,0.0,1.25,0.0,0.0,5.0,0.0,0.0,3.75,0.0,0.0,0.0,3.75,5.0,3.75,0.0,0.0,5.0,5.0,5.0,3.75,0.0,3.125,1.25,3.75,0.0,3.75,1.25,0.0,5.0,0.0,1.25,1.25,0.0,0.0,1.25,0.0,2.5,3.75,0.0,0.0,3.75,0.0,0.0,0.0,0.0,0.0,0.0,0.0
293,5,0.0,5.0,0.0,2.5,0.0,1.25,0.0,5.0,5.0,3.75,3.75,3.75,0.0,3.75,1.25,0.0,0.0,1.25,0.0,0.0,3.75,0.0,1.25,0.0,0.0,5.0,0.0,0.0,3.75,0.0,0.0,0.625,4.375,5.0,3.75,0.0,0.0,5.0,5.0,5.0,3.75,0.0,3.75,1.25,3.75,0.0,3.75,1.875,0.0,5.0,0.0,1.25,1.25,0.0,0.0,1.25,0.0,2.5,3.75,0.0,0.0,5.0,0.0,0.0,0.0,0.0,0.0,0.0,0.0
294,3,0.0,5.0,0.0,2.5,0.0,1.25,0.0,5.0,5.0,3.75,2.5,3.75,0.0,3.75,2.5,0.0,0.0,1.875,0.0,0.0,3.75,0.0,1.25,0.0,0.0,5.0,0.0,0.0,3.75,0.0,0.0,2.5,5.0,5.0,5.0,0.0,0.0,1.875,5.0,5.0,1.25,0.0,3.75,1.25,3.75,0.0,4.375,2.5,0.0,5.0,0.0,2.5,2.5,1.25,0.0,1.25,0.0,3.75,3.75,0.0,0.0,5.0,0.0,0.0,0.0,0.0,0.0,0.0,0.0
294,4,0.0,3.75,0.0,1.25,0.0,0.0,0.0,5.0,3.75,3.125,2.5,3.125,0.0,2.5,2.5,0.0,0.625,1.25,0.0,0.0,3.125,0.0,1.25,0.0,0.0,5.0,0.0,0.0,3.75,0.0,0.0,1.25,4.375,5.0,3.75,0.0,0.0,3.75,5.0,5.0,2.5,0.0,3.75,1.25,3.75,0.0,3.75,2.5,0.0,5.0,0.0,2.5,2.5,1.25,0.0,0.0,0.0,2.5,3.75,0.0,0.0,5.0,0.0,0.0,0.0,0.0,0.0,0.0,0.0
294,5,0.0,3.75,0.0,1.25,0.0,0.0,0.0,5.0,3.75,3.75,2.5,3.75,0.0,2.5,1.875,0.0,0.625,1.25,0.0,0.0,3.75,0.0,1.25,0.0,0.0,5.0,0.0,0.0,3.75,0.0,0.0,1.25,5.0,5.0,3.75,0.0,0.0,3.75,5.0,5.0,2.5,0.0,3.75,1.25,3.75,0.0,3.75,2.5,0.0,5.0,0.0,2.5,2.5,1.25,0.0,1.25,0.0,2.5,3.75,0.0,0.0,5.0,0.0,0.0,0.0,0.0,0.0,0.0,0.0
295,3,0.0,2.5,0.0,1.25,0.0,0.0,0.0,5.0,3.75,3.75,1.25,3.75,0.0,3.75,4.375,0.0,1.25,2.5,0.0,0.0,3.75,0.0,2.5,0.0,0.0,5.0,0.0,0.0,2.5,0.0,0.0,3.75,5.0,4.375,5.0,0.0,0.0,1.25,5.0,5.0,1.25,0.0,3.75,2.5,3.75,0.0,5.0,3.75,0.0,5.0,0.0,3.75,3.75,2.5,0.0,1.25,0.0,3.75,3.75,0.0,0.0,5.0,0.0,0.0,0.0,0.0,0.0,0.0,0.0
295,4,0.0,2.5,0.0,0.0,0.0,0.0,0.0,5.0,2.5,2.5,1.25,3.125,0.0,2.5,3.75,0.0,1.25,1.25,0.0,0.0,2.5,0.0,1.25,0.0,0.0,5.0,0.0,0.0,2.5,0.0,0.0,2.5,3.75,3.75,3.75,0.0,0.0,2.5,5.0,5.0,1.25,0.0,3.75,2.5,3.75,0.0,4.375,2.5,0.0,5.0,0.0,3.75,3.75,2.5,0.0,1.25,0.0,3.125,3.75,0.0,0.0,5.0,0.0,0.0,0.0,0.0,0.0,0.0,0.0
295,5,0.0,1.25,0.0,0.625,0.0,0.0,0.0,5.0,3.125,2.5,1.25,3.75,0.0,2.5,3.125,0.0,1.25,1.25,0.625,0.0,2.5,0.0,1.25,0.0,0.0,5.0,0.0,0.0,2.5,0.0,0.0,2.5,4.375,3.75,3.75,0.0,0.0,2.5,5.0,5.0,1.25,0.0,3.75,2.5,4.375,0.0,5.0,2.5,0.0,5.0,0.0,3.75,3.75,2.5,0.0,1.25,0.0,3.75,3.75,0.0,0.0,5.0,0.0,0.0,0.0,0.0,0.0,0.0,0.0
296,3,0.0,1.25,0.0,0.0,0.0,0.0,0.0,5.0,2.5,3.75,0.0,3.75,0.0,3.75,5.0,0.0,1.25,2.5,1.25,0.0,3.75,0.0,2.5,0.0,0.0,5.0,0.0,0.0,1.25,0.0,0.0,3.75,5.0,3.75,5.0,0.0,0.0,1.25,5.0,5.0,0.0,0.0,3.75,2.5,3.75,0.0,5.0,3.75,0.0,5.0,0.0,5.0,3.75,2.5,0.0,2.5,0.0,5.0,4.375,0.0,0.0,5.0,0.0,0.0,0.0,0.0,0.0,0.0,0.0
296,4,0.0,0.625,0.0,0.0,0.0,0.0,0.0,5.0,1.25,2.5,0.0,2.5,0.0,2.5,5.0,0.0,1.25,2.5,1.25,0.0,2.5,0.0,2.5,0.0,0.0,5.0,0.0,0.0,1.25,0.0,0.0,3.75,3.75,3.75,3.75,0.0,0.0,2.5,5.0,5.0,0.0,0.0,3.75,2.5,3.75,0.0,5.0,3.75,0.0,5.0,0.0,5.0,3.75,2.5,0.0,1.25,0.0,3.75,3.75,0.0,0.0,3.75,0.0,0.0,0.0,0.0,0.0,0.0,0.0
296,5,0.0,0.0,0.0,0.0,0.0,0.0,0.0,5.0,1.875,2.5,0.0,3.125,0.0,3.75,5.0,0.0,1.25,2.5,1.25,0.0,2.5,0.0,2.5,0.0,0.0,5.0,0.0,0.0,1.25,0.0,0.0,3.75,3.75,3.75,3.75,0.0,0.0,2.5,5.0,5.0,0.0,0.0,3.75,2.5,3.75,0.0,5.0,3.75,0.0,5.0,0.0,5.0,3.75,3.125,0.0,1.875,0.0,3.75,3.75,0.0,0.0,5.0,0.0,0.0,0.0,0.0,0.0,0.0,0.0
297,3,0.0,0.0,0.0,0.0,0.0,0.0,0.0,5.0,1.25,3.75,0.0,3.75,0.0,4.375,5.0,0.0,1.25,3.75,2.5,0.0,5.0,0.0,3.75,0.0,0.0,5.0,0.0,0.0,1.25,0.0,0.0,5.0,3.75,3.75,5.0,0.0,0.0,2.5,5.0,5.0,0.0,0.0,4.375,2.5,2.5,0.0,5.0,5.0,0.0,5.0,0.0,5.0,3.75,2.5,0.0,2.5,0.0,5.0,5.0,0.0,0.0,5.0,0.0,0.0,0.0,0.0,0.0,0.0,0.0
297,4,0.0,0.0,0.0,0.0,0.0,0.0,0.0,5.0,1.25,3.125,0.0,3.125,0.0,3.75,5.0,0.0,1.25,2.5,2.5,0.0,3.75,0.0,2.5,0.0,0.0,3.75,0.0,0.0,0.0,0.0,0.0,3.75,2.5,3.125,3.75,0.0,0.0,2.5,5.0,3.75,0.0,0.0,3.75,2.5,2.5,0.0,4.375,5.0,0.0,5.0,0.0,5.0,3.75,3.125,0.0,2.5,0.0,3.75,3.75,0.0,0.0,3.75,0.0,0.0,0.0,0.0,0.0,0.0,0.0
297,5,0.0,0.0,0.0,0.0,0.0,0.0,0.0,5.0,1.25,3.75,0.0,3.125,0.0,3.75,5.0,0.0,1.25,2.5,2.5,0.0,3.75,0.0,2.5,0.0,0.0,4.375,0.0,0.0,0.0,0.0,0.0,3.75,2.5,3.125,4.375,0.0,0.0,2.5,5.0,3.75,0.0,0.0,3.75,2.5,3.75,0.0,5.0,5.0,0.0,5.0,0.0,5.0,3.75,3.75,0.0,2.5,0.0,3.75,3.75,0.0,0.0,3.75,0.0,0.0,0.0,0.0,0.0,0.0,0.0
298,3,0.0,0.0,0.0,0.0,0.0,0.0,0.0,5.0,0.0,3.75,0.0,3.75,0.0,5.0,5.0,0.0,1.25,4.375,3.75,0.0,5.0,0.0,3.75,0.0,0.0,4.375,0.0,0.0,0.0,0.0,0.0,5.0,2.5,3.75,5.0,0.0,0.0,3.75,5.0,3.75,0.0,0.0,4.375,2.5,2.5,0.0,4.375,5.0,0.0,5.0,0.0,5.0,3.75,2.5,0.0,3.75,0.0,5.0,5.0,0.0,0.0,3.75,0.0,0.0,0.0,0.0,0.0,0.0,0.0
298,4,0.0,0.0,0.0,0.0,0.0,0.0,0.0,4.375,0.0,3.125,0.0,3.75,0.0,3.75,5.0,0.0,1.25,3.75,3.75,0.0,5.0,0.0,2.5,0.0,0.0,3.75,0.0,0.0,0.0,0.0,0.0,3.75,1.25,2.5,4.375,0.0,0.0,2.5,5.0,3.125,0.0,0.0,3.75,2.5,2.5,0.0,3.75,5.0,0.0,5.0,0.0,5.0,2.5,2.5,0.0,2.5,0.0,3.75,3.75,0.0,0.0,2.5,0.0,0.0,0.0,0.0,0.0,0.0,0.0
298,5,0.0,0.0,0.0,0.0,0.0,0.0,0.0,5.0,0.0,3.75,0.0,3.75,0.0,3.75,5.0,0.0,1.25,3.75,3.75,0.0,5.0,0.0,2.5,0.0,0.0,3.75,0.0,0.0,0.0,0.0,0.0,3.75,1.875,2.5,4.375,0.0,0.0,2.5,5.0,3.75,0.0,0.0,3.75,2.5,2.5,0.0,3.75,5.0,0.0,5.0,0.0,5.0,3.75,2.5,0.0,2.5,0.0,3.75,3.75,0.0,0.0,3.125,0.0,0.0,0.0,0.0,0.0,0.0,0.0
299,3,0.0,0.0,0.0,0.0,0.0,0.0,0.0,5.0,0.0,3.75,0.0,3.75,0.0,5.0,5.0,0.0,1.25,5.0,3.75,0.0,5.0,1.25,2.5,0.0,0.0,3.75,0.0,0.0,0.0,0.0,0.0,5.0,1.25,3.75,5.0,0.0,0.0,3.75,5.0,3.125,0.0,0.0,4.375,2.5,1.25,0.0,3.75,5.0,0.0,5.0,0.0,5.0,2.5,1.875,0.0,3.125,0.0,5.0,5.0,0.0,0.0,3.75,0.0,0.0,0.0,0.0,0.0,0.0,0.0
299,4,0.0,0.0,0.0,0.0,0.0,0.0,0.0,3.75,0.0,2.5,0.0,3.75,0.0,3.75,5.0,0.0,1.25,3.75,3.75,0.0,5.0,1.25,2.5,0.0,0.0,2.5,0.0,0.0,0.0,0.0,0.0,3.75,1.25,2.5,4.375,0.0,0.0,3.75,5.0,2.5,0.0,0.0,3.75,2.5,1.25,0.0,3.75,5.0,0.0,3.75,0.0,5.0,2.5,2.5,0.0,2.5,0.0,3.75,3.75,0.0,0.0,2.5,0.0,0.0,0.0,0.0,0.0,0.0,0.0
299,5,0.0,0.0,0.0,0.0,0.0,0.0,0.0,3.75,0.0,3.125,0.0,3.75,0.0,3.75,5.0,0.0,1.25,3.75,3.75,0.0,5.0,1.25,2.5,0.0,0.0,2.5,0.0,0.0,0.0,0.0,0.0,3.75,1.25,2.5,5.0,0.0,0.0,3.75,5.0,2.5,0.0,0.0,3.75,2.5,1.25,0.0,3.75,5.0,0.0,3.75,0.0,5.0,2.5,2.5,0.0,2.5,0.0,3.75,3.75,0.0,0.0,2.5,0.0,0.0,0.0,0.0,0.0,0.0,0.0
300,3,0.0,0.0,0.0,0.0,0.0,0.0,0.0,3.75,0.0,3.75,0.0,4.375,0.0,3.75,5.0,0.0,2.5,5.0,3.75,0.0,5.0,1.25,2.5,0.0,0.0,3.75,0.0,0.0,1.25,0.0,0.0,3.75,0.0,3.75,5.0,0.0,0.0,5.0,5.0,2.5,0.0,0.0,5.0,2.5,1.25,0.0,3.75,5.0,0.0,3.75,0.0,5.0,1.25,1.25,0.0,2.5,0.0,5.0,5.0,0.0,0.0,3.75,0.0,0.0,0.0,0.0,0.0,0.0,0.0
300,4,0.0,0.0,0.0,0.0,0.0,0.0,0.0,2.5,0.0,2.5,0.0,3.75,0.0,3.125,5.0,0.0,1.25,4.375,3.75,0.0,5.0,1.25,1.25,0.0,0.0,2.5,0.0,0.0,1.25,0.0,0.0,2.5,0.0,2.5,5.0,0.0,0.0,3.75,5.0,2.5,0.0,0.0,3.75,2.5,1.25,0.0,3.125,5.0,0.0,2.5,0.0,3.75,1.25,1.25,0.0,2.5,0.0,3.75,3.75,0.0,0.0,2.5,0.0,0.0,0.0,0.0,0.0,0.0,0.0
300,5,0.0,0.0,0.0,0.0,0.0,0.0,0.0,2.5,0.0,2.5,0.0,3.75,0.0,3.75,5.0,0.0,2.5,5.0,3.75,0.0,5.0,1.25,1.25,0.0,0.0,2.5,0.0,0.0,1.25,0.0,0.0,2.5,0.0,2.5,5.0,0.0,0.0,3.75,5.0,2.5,0.0,0.0,3.75,2.5,1.25,0.0,3.75,5.0,0.0,3.75,0.0,3.75,1.25,1.25,0.0,2.5,0.0,3.75,3.75,0.0,0.0,2.5,0.0,0.0,0.0,0.0,0.0,0.0,0.0
301,3,0.0,0.0,0.0,0.0,0.0,0.0,0.0,2.5,0.0,2.5,0.0,3.75,0.0,2.5,5.0,0.0,2.5,5.0,2.5,0.0,5.0,2.5,1.25,0.0,0.0,3.75,0.0,0.0,1.875,0.0,0.0,2.5,0.0,3.75,5.0,0.0,0.0,5.0,5.0,3.125,0.0,0.0,5.0,2.5,1.25,0.0,3.75,5.0,0.0,3.75,0.0,3.75,0.0,1.25,0.0,1.875,0.0,5.0,5.0,0.0,0.0,5.0,0.0,0.0,0.0,0.0,0.0,0.0,0.0
301,4,0.0,0.0,0.0,0.0,0.0,0.0,0.0,1.25,0.0,2.5,0.0,3.75,0.0,2.5,5.0,0.0,2.5,5.0,2.5,0.0,5.0,2.5,1.25,0.0,0.0,2.5,0.0,0.0,1.25,0.0,0.0,1.25,0.0,3.75,5.0,0.0,0.0,3.75,4.375,2.5,0.0,0.0,3.75,2.5,1.25,0.0,3.125,5.0,0.0,2.5,0.0,2.5,0.0,1.25,0.0,1.25,0.0,3.75,3.75,0.0,0.0,3.75,0.0,0.0,0.0,0.0,0.0,0.0,0.0
301,5,0.0,0.0,0.0,0.0,0.0,0.0,0.0,1.875,0.0,2.5,0.0,3.75,0.0,2.5,5.0,0.0,2.5,5.0,3.75,0.0,5.0,2.5,1.25,0.0,0.0,2.5,0.0,0.0,1.25,0.0,0.0,2.5,0.0,3.75,5.0,0.0,0.0,3.75,5.0,2.5,0.0,0.0,3.75,2.5,1.25,0.0,3.75,5.0,0.0,2.5,0.0,2.5,0.0,1.25,0.0,1.25,0.0,3.75,3.75,0.0,0.0,3.75,0.0,0.0,0.0,0.0,0.0,0.0,0.0
302,3,0.0,0.0,0.0,0.0,0.0,0.0,0.0,1.25,0.0,2.5,0.0,3.75,0.0,1.25,5.0,0.0,2.5,5.0,2.5,0.0,5.0,2.5,0.0,0.0,0.0,4.375,0.0,0.0,2.5,0.0,0.0,1.25,0.0,3.75,5.0,0.0,0.0,3.75,5.0,3.75,0.0,0.0,5.0,3.75,2.5,0.0,3.75,5.0,0.0,3.125,0.0,1.25,0.0,1.25,0.0,1.25,0.0,3.75,5.0,0.0,0.0,5.0,0.0,0.0,0.0,0.0,0.0,0.0,0.0
302,4,0.0,0.0,0.0,0.0,0.0,0.0,0.0,1.25,0.0,2.5,0.0,3.75,0.0,1.25,5.0,0.0,2.5,5.0,2.5,0.0,5.0,2.5,0.0,0.0,0.0,3.75,0.0,0.0,1.875,0.0,0.0,1.25,0.0,3.75,5.0,0.0,0.0,3.125,3.75,3.125,0.0,0.0,3.75,2.5,1.25,0.0,3.75,5.0,0.0,2.5,0.0,1.25,0.0,0.625,0.0,1.25,0.0,3.75,3.75,0.0,0.0,3.75,0.0,0.0,0.0,0.0,0.0,0.0,0.0
302,5,0.0,0.0,0.0,0.0,0.0,0.0,0.0,1.25,0.0,2.5,0.0,3.75,0.0,1.25,5.0,0.0,2.5,5.0,2.5,0.0,5.0,2.5,0.0,0.0,0.0,3.75,0.0,0.0,2.5,0.0,0.0,1.25,0.0,3.75,5.0,0.0,0.0,3.75,3.75,3.125,0.0,0.0,3.75,2.5,1.25,0.0,3.75,5.0,0.0,2.5,0.0,1.25,0.0,1.25,0.0,1.25,0.0,3.75,4.375,0.0,0.0,4.375,0.0,0.0,0.0,0.0,0.0,0.0,0.0
303,3,0.0,0.0,0.0,0.0,0.0,0.0,0.0,2.5,0.0,3.75,0.0,3.75,0.0,1.25,5.0,0.0,3.75,5.0,1.25,0.0,5.0,2.5,0.0,0.0,0.0,5.0,0.0,0.0,2.5,0.0,0.0,0.0,0.0,3.75,5.0,0.0,0.0,3.125,5.0,4.375,0.0,0.0,5.0,3.75,2.5,0.0,5.0,5.0,0.0,3.75,0.0,0.0,0.0,1.25,0.0,1.25,0.0,3.75,5.0,0.0,0.0,5.0,0.0,0.0,0.0,0.0,0.0,0.0,0.0
303,4,0.0,0.0,0.0,0.0,0.0,0.0,0.0,1.25,0.0,2.5,0.0,3.75,0.0,0.0,5.0,0.0,2.5,5.0,1.25,0.0,5.0,2.5,0.0,0.0,0.0,3.75,0.0,0.0,2.5,0.0,0.0,0.0,0.0,2.5,5.0,0.0,0.0,2.5,3.75,3.75,0.0,0.0,3.75,3.75,2.5,0.0,3.75,5.0,0.0,2.5,0.0,0.0,0.0,1.25,0.0,1.25,0.0,2.5,3.75,0.0,0.0,5.0,0.0,0.0,0.0,0.0,0.0,0.0,0.0
303,5,0.0,0.0,0.0,0.0,0.0,0.0,0.0,1.25,0.0,2.5,0.0,3.75,0.0,0.0,5.0,0.0,2.5,5.0,1.25,0.0,5.0,2.5,0.0,0.0,0.0,3.75,0.0,0.0,2.5,0.0,0.0,0.0,0.0,2.5,5.0,0.0,0.0,2.5,3.75,3.75,0.0,0.0,3.75,3.75,2.5,0.0,3.75,5.0,0.0,2.5,0.0,0.0,0.0,1.25,0.0,1.25,0.0,2.5,4.375,0.0,0.0,5.0,0.0,0.0,0.0,0.0,0.0,0.0,0.0
304,3,0.0,0.0,0.0,0.0,0.0,1.25,0.0,2.5,0.0,5.0,0.0,3.75,0.0,0.0,5.0,0.0,3.75,5.0,0.0,0.0,5.0,2.5,0.0,0.0,0.0,5.0,0.0,0.0,3.75,0.0,0.0,0.0,0.0,3.125,5.0,0.0,0.0,2.5,3.75,5.0,0.0,0.0,3.75,5.0,3.75,0.0,5.0,5.0,0.0,3.75,0.0,0.0,1.25,2.5,0.0,1.25,0.0,2.5,5.0,0.0,0.0,5.0,0.0,0.0,0.0,0.0,0.0,0.0,0.0
304,4,0.0,0.0,0.0,0.0,0.0,1.25,0.0,2.5,0.0,3.75,0.0,2.5,0.0,0.0,3.75,0.0,2.5,5.0,0.0,0.0,5.0,2.5,0.0,0.0,0.0,3.75,0.0,0.0,2.5,0.0,0.0,0.0,0.0,2.5,5.0,0.0,0.0,1.25,3.75,4.375,0.0,0.0,3.75,5.0,2.5,0.0,3.75,5.0,0.0,2.5,0.0,0.0,1.25,1.25,0.0,1.25,0.0,2.5,3.75,0.0,0.0,5.0,0.0,0.0,0.0,0.0,0.0,0.0,0.0
304,5,0.0,0.0,0.0,0.0,0.0,1.25,0.0,2.5,0.0,3.75,0.0,3.125,0.0,0.0,3.75,0.0,2.5,5.0,0.0,0.0,5.0,2.5,0.0,0.0,0.0,3.75,0.0,0.0,2.5,0.0,0.0,0.0,0.0,2.5,5.0,0.0,0.0,1.25,3.75,5.0,0.0,0.0,3.75,5.0,2.5,0.0,4.375,5.0,0.0,2.5,0.0,0.0,1.25,1.25,0.0,1.25,0.0,2.5,3.75,0.0,0.0,5.0,0.0,0.0,0.0,0.0,0.0,0.0,0.0
305,3,0.0,0.0,0.0,0.0,0.0,2.5,0.0,3.75,0.0,5.0,0.0,3.125,0.0,0.0,4.375,0.0,3.75,5.0,0.0,0.0,5.0,1.25,0.0,0.0,0.0,5.0,1.25,0.0,3.75,0.0,0.0,0.0,1.25,2.5,5.0,0.0,0.0,1.25,3.75,5.0,0.0,0.0,3.75,5.0,3.75,0.0,5.0,5.0,0.0,3.75,0.0,0.0,2.5,2.5,0.0,2.5,0.0,2.5,4.375,0.0,0.0,5.0,0.0,0.0,0.0,0.0,0.0,0.0,0.0
305,4,0.0,0.0,0.0,0.0,0.0,1.25,0.0,3.125,0.0,5.0,0.0,2.5,0.0,0.0,3.75,0.0,2.5,5.0,0.0,0.0,5.0,1.25,0.0,0.0,0.0,3.75,1.25,0.0,2.5,0.0,0.0,0.0,1.25,1.25,5.0,0.0,0.0,0.0,2.5,5.0,0.0,0.0,2.5,5.0,2.5,0.0,5.0,5.0,0.0,2.5,0.0,0.0,1.25,2.5,0.0,2.5,0.0,1.25,3.75,0.0,0.0,5.0,0.0,0.0,0.0,0.0,0.0,0.0,0.0
305,5,0.0,0.0,0.0,0.0,0.0,1.875,0.0,3.75,0.0,5.0,0.0,2.5,0.0,0.0,3.75,0.0,3.125,5.0,0.0,0.0,5.0,1.25,0.0,0.0,0.0,3.75,1.25,0.0,2.5,0.0,0.0,0.0,1.25,1.25,5.0,0.0,0.0,1.25,3.125,5.0,0.0,0.0,2.5,5.0,2.5,0.0,5.0,5.0,0.0,2.5,0.0,0.0,1.25,2.5,0.0,2.5,0.0,1.25,3.75,0.0,0.0,5.0,0.0,0.0,0.0,0.0,0.0,0.0,0.0
306,3,0.0,0.0,0.0,0.0,0.0,3.75,0.0,5.0,0.0,5.0,2.5,2.5,0.0,0.0,3.75,0.0,3.75,5.0,0.0,0.0,5.0,0.0,1.25,0.0,0.0,5.0,1.25,0.0,3.75,0.0,0.0,0.0,2.5,1.25,5.0,0.0,0.0,0.0,2.5,5.0,0.0,0.0,3.75,5.0,3.75,0.0,5.0,5.0,0.0,4.375,0.0,0.0,3.75,3.75,0.0,3.75,0.0,1.25,3.75,0.0,0.0,5.0,0.0,0.0,0.0,0.0,0.0,0.0,1.25
306,4,0.0,0.0,0.0,0.0,0.0,2.5,0.0,4.375,0.0,5.0,2.5,2.5,0.0,1.25,3.75,0.0,2.5,3.75,0.0,0.0,5.0,0.625,1.25,0.0,0.0,3.75,1.25,0.0,2.5,0.0,0.0,0.0,1.25,1.25,5.0,0.0,0.0,0.0,2.5,5.0,0.0,0.0,2.5,5.0,2.5,0.0,5.0,5.0,0.0,3.75,0.0,0.0,2.5,2.5,0.0,2.5,0.0,1.25,2.5,0.0,0.0,5.0,0.0,0.0,0.0,0.0,0.0,0.0,0.0
306,5,0.0,0.0,0.0,0.0,0.0,3.125,0.0,5.0,0.0,5.0,1.25,2.5,0.0,1.25,3.75,0.0,2.5,4.375,0.0,0.0,5.0,1.25,1.25,0.0,0.0,3.75,1.875,0.0,2.5,0.0,0.0,0.0,1.25,1.25,5.0,0.0,0.0,0.0,2.5,5.0,0.0,0.0,2.5,5.0,2.5,0.0,5.0,5.0,0.0,3.75,0.0,0.0,2.5,2.5,0.0,2.5,0.0,1.25,3.125,0.0,0.0,5.0,0.0,0.0,0.0,0.0,0.0,0.0,0.0
307,3,0.0,0.0,0.0,0.0,0.0,5.0,0.0,5.0,0.0,5.0,3.75,3.125,0.0,1.25,5.0,0.0,3.75,5.0,0.0,0.0,5.0,0.0,2.5,0.0,0.0,4.375,2.5,0.0,3.75,0.0,0.0,0.0,3.125,1.25,5.0,0.0,0.0,0.0,2.5,5.0,0.0,0.0,3.75,5.0,2.5,0.0,5.0,5.0,0.0,5.0,0.0,0.0,3.75,3.75,0.0,3.75,0.0,1.875,3.75,0.0,0.0,5.0,0.0,0.0,0.0,0.0,0.0,0.0,3.75
307,4,0.0,0.0,0.0,0.0,0.0,3.75,0.0,5.0,0.0,5.0,3.75,2.5,0.0,1.25,3.75,0.0,2.5,3.75,0.0,0.0,5.0,0.0,2.5,0.0,0.0,3.75,2.5,0.0,2.5,0.0,0.0,0.0,2.5,1.25,5.0,0.0,0.0,0.0,2.5,5.0,0.0,0.0,2.5,5.0,2.5,0.0,5.0,4.375,0.0,3.75,0.0,0.0,3.75,3.125,0.0,2.5,0.0,1.25,2.5,0.0,0.0,5.0,0.0,0.0,0.0,0.0,0.0,0.0,2.5
307,5,0.0,0.0,0.0,0.0,0.0,3.75,0.0,5.0,0.0,5.0,5.0,2.5,0.0,1.25,3.75,0.0,2.5,3.75,0.0,0.0,5.0,0.0,2.5,0.0,0.0,3.75,2.5,0.0,3.75,0.0,0.0,0.0,2.5,1.25,5.0,0.0,0.0,0.0,2.5,5.0,0.0,0.0,2.5,5.0,2.5,0.0,5.0,5.0,0.0,3.75,0.0,0.0,3.75,3.75,0.0,3.125,0.0,1.25,2.5,0.0,0.0,5.0,0.0,0.0,0.0,0.0,0.0,0.0,1.25
308,3,0.0,0.0,0.0,0.0,0.0,5.0,0.0,5.0,0.0,5.0,5.0,3.75,0.0,2.5,5.0,0.0,3.125,5.0,0.0,0.0,5.0,0.0,3.75,0.0,0.0,3.75,3.125,0.0,5.0,0.0,0.0,0.0,3.75,1.25,5.0,0.0,0.0,0.0,3.125,5.0,1.25,0.0,3.75,5.0,2.5,0.0,5.0,5.0,0.0,5.0,0.0,0.0,5.0,3.75,0.0,3.75,0.0,2.5,2.5,0.0,0.0,5.0,0.0,0.0,0.0,0.0,0.0,0.0,5.0
308,4,0.0,0.0,0.0,0.0,0.0,5.0,0.0,5.0,0.0,5.0,5.0,3.125,0.0,2.5,3.75,0.0,2.5,3.75,0.0,0.0,4.375,0.0,2.5,0.0,0.0,2.5,2.5,0.0,3.75,0.0,0.0,0.0,2.5,1.25,5.0,0.0,0.0,0.0,3.75,5.0,1.25,0.0,2.5,5.0,1.25,0.0,5.0,3.75,0.0,5.0,0.0,0.0,3.75,2.5,0.0,2.5,0.0,1.25,2.5,0.0,0.0,5.0,0.0,0.0,0.0,0.0,0.0,0.0,3.75
308,5,0.0,0.0,0.0,0.0,0.0,5.0,0.0,5.0,0.0,5.0,5.0,3.75,0.0,2.5,3.75,0.0,2.5,3.75,0.0,0.0,5.0,0.0,3.75,0.0,0.0,3.125,3.75,0.0,3.75,0.0,0.0,0.0,3.125,1.25,5.0,0.0,0.0,0.0,3.125,5.0,2.5,0.0,2.5,5.0,1.25,0.0,5.0,4.375,0.0,5.0,0.0,0.0,3.75,3.125,0.0,3.125,0.0,1.25,2.5,0.0,0.0,5.0,0.0,0.0,0.0,0.0,0.0,0.0,2.5
309,3,0.0,0.0,0.0,0.0,0.0,5.0,0.0,5.0,0.0,5.0,5.0,4.375,0.0,3.75,5.0,0.0,2.5,5.0,1.25,0.0,4.375,0.0,5.0,0.0,0.0,2.5,3.125,0.0,5.0,0.0,0.0,0.0,3.75,1.875,5.0,0.0,0.0,0.0,3.75,5.0,2.5,0.0,3.75,5.0,1.25,0.0,5.0,5.0,0.0,5.0,0.0,0.0,5.0,3.75,0.0,3.75,0.0,2.5,3.75,0.0,0.0,5.0,0.0,0.0,0.0,0.0,0.0,0.0,5.0
309,4,0.0,0.0,0.0,0.0,0.0,5.0,0.0,5.0,0.0,5.0,5.0,3.75,0.0,3.75,3.75,0.0,2.5,3.75,1.25,0.0,3.75,0.0,3.75,0.0,0.0,2.5,3.125,0.0,5.0,0.0,0.0,0.0,3.125,1.25,3.75,0.0,0.0,0.0,3.75,4.375,3.75,0.0,3.75,4.375,1.25,0.0,5.0,3.75,0.0,5.0,0.0,0.0,3.75,2.5,0.0,2.5,0.0,2.5,2.5,0.0,0.0,5.0,0.0,0.0,0.0,0.0,0.0,0.0,5.0
309,5,0.0,0.0,0.0,0.0,0.0,5.0,0.0,5.0,0.0,5.0,5.0,3.75,0.0,3.75,5.0,0.0,2.5,3.75,1.25,0.0,4.375,0.0,3.75,0.0,0.0,2.5,3.75,0.0,5.0,0.0,0.0,0.0,3.75,1.25,4.375,0.0,0.0,0.0,3.75,4.375,3.75,0.0,3.75,5.0,1.25,0.0,5.0,3.75,0.0,5.0,0.0,0.0,3.75,2.5,0.0,2.5,0.0,2.5,2.5,0.0,0.0,5.0,0.0,0.0,0.0,0.0,0.0,0.0,5.0
310,3,0.0,0.0,0.0,0.0,0.0,5.0,0.0,5.0,0.0,5.0,5.0,5.0,0.0,3.75,5.0,0.0,3.125,5.0,2.5,0.0,3.75,1.25,5.0,0.0,0.0,2.5,2.5,0.0,5.0,0.0,0.0,0.0,3.75,2.5,5.0,0.0,0.0,0.0,4.375,4.375,5.0,0.0,5.0,3.75,1.25,0.0,5.0,3.75,0.0,5.0,0.0,0.0,3.75,3.75,0.0,3.75,0.0,2.5,3.75,0.0,0.0,5.0,0.0,0.0,0.0,0.0,0.0,0.0,5.0
310,4,0.0,0.0,0.0,0.0,0.0,3.75,0.0,3.75,0.0,5.0,5.0,4.375,0.0,3.75,5.0,0.0,2.5,3.75,2.5,0.0,3.75,1.25,5.0,0.0,0.0,1.25,2.5,0.0,5.0,0.0,0.0,0.0,3.125,2.5,3.75,0.0,0.0,0.0,3.75,3.75,5.0,0.0,3.75,3.75,1.25,0.0,3.75,3.75,0.0,5.0,0.0,0.0,3.125,2.5,0.0,2.5,0.0,2.5,3.75,0.0,0.0,5.0,0.0,0.0,0.0,0.0,0.0,0.0,5.0
310,5,0.0,0.0,0.0,0.0,0.0,3.75,0.0,5.0,0.0,4.375,5.0,5.0,0.0,3.75,5.0,0.0,2.5,3.75,2.5,0.0,3.75,1.25,5.0,0.0,0.0,1.875,2.5,0.0,5.0,0.0,0.0,0.0,3.75,2.5,3.75,0.0,0.0,0.0,4.375,3.75,5.0,0.0,4.375,3.75,1.25,0.0,4.375,3.75,0.0,5.0,0.0,0.0,3.75,2.5,0.0,2.5,0.0,2.5,3.75,0.0,0.0,5.0,0.0,0.0,0.0,0.0,0.0,0.0,5.0
311,3,0.0,0.0,0.0,0.0,0.0,3.75,0.0,3.75,0.0,4.375,5.0,5.0,0.0,3.75,5.0,0.0,3.75,4.375,3.75,0.0,3.75,2.5,5.0,0.0,0.0,1.875,2.5,0.0,5.0,0.0,0.0,0.0,3.75,2.5,5.0,0.0,0.0,0.0,4.375,3.75,5.0,0.0,5.0,2.5,1.25,0.0,5.0,3.75,0.0,5.0,0.0,0.0,2.5,3.125,0.0,2.5,0.0,2.5,5.0,0.0,0.0,5.0,0.0,0.0,0.0,0.0,0.0,0.0,5.0
311,4,0.0,0.0,0.0,0.0,0.0,2.5,0.0,2.5,0.0,3.75,5.0,5.0,0.0,3.75,3.75,0.0,3.125,3.75,3.75,0.0,3.75,2.5,5.0,0.0,0.0,1.25,2.5,0.0,5.0,0.0,0.0,0.0,2.5,2.5,3.75,0.0,0.0,0.0,4.375,3.75,5.0,0.0,5.0,2.5,1.25,0.0,3.75,2.5,0.0,5.0,0.0,0.0,2.5,2.5,0.0,2.5,0.0,2.5,3.75,0.0,0.0,5.0,0.0,0.0,0.0,0.0,0.0,0.0,5.0
311,5,0.0,0.0,0.0,0.0,0.0,3.75,0.0,2.5,0.0,3.125,5.0,5.0,0.0,3.75,4.375,0.0,3.75,3.75,3.75,0.0,3.75,2.5,5.0,0.0,0.0,1.25,2.5,0.0,5.0,0.0,0.0,0.0,2.5,2.5,3.75,0.0,0.0,0.0,4.375,3.75,5.0,0.0,5.0,2.5,1.25,0.0,3.75,3.125,0.0,5.0,0.0,0.0,2.5,2.5,0.0,2.5,0.0,2.5,5.0,0.0,0.0,5.0,0.0,0.0,0.0,0.0,0.0,0.0,5.0
312,3,0.0,2.5,0.0,0.0,0.0,2.5,0.0,2.5,0.0,2.5,5.0,5.0,0.0,2.5,5.0,0.0,4.375,3.75,5.0,0.0,3.75,3.75,5.0,0.0,0.0,1.875,1.25,0.0,5.0,0.0,0.0,0.0,2.5,2.5,4.375,0.0,0.0,0.0,3.75,3.75,5.0,0.0,5.0,1.25,1.25,0.0,5.0,3.75,1.25,5.0,0.0,0.0,1.25,3.75,0.0,2.5,0.0,2.5,5.0,0.0,0.0,5.0,0.0,0.0,0.0,0.0,0.0,0.0,5.0
312,4,0.0,1.25,0.0,0.0,0.0,1.25,0.0,1.25,0.0,2.5,5.0,5.0,0.0,2.5,3.75,0.0,3.75,3.75,3.75,0.0,3.75,3.75,5.0,0.0,0.0,1.25,1.25,0.0,5.0,0.0,0.0,0.0,1.25,2.5,3.75,0.0,0.0,0.0,3.75,3.75,5.0,0.0,5.0,1.25,2.5,0.0,3.75,2.5,1.25,5.0,0.0,0.0,1.25,2.5,0.0,2.5,0.0,2.5,5.0,0.0,0.0,5.0,0.0,0.0,0.0,0.0,0.0,0.0,5.0
312,5,0.0,1.25,0.0,0.0,0.0,2.5,0.0,1.25,0.0,1.875,5.0,5.0,0.0,2.5,3.75,0.0,3.75,3.75,5.0,0.0,3.75,3.75,5.0,0.0,0.0,1.25,1.25,0.0,5.0,0.0,0.0,0.0,1.875,2.5,3.75,0.0,0.0,0.0,3.75,3.75,5.0,0.0,5.0,1.25,2.5,0.0,3.75,2.5,1.25,5.0,0.0,0.0,1.25,2.5,0.0,2.5,0.0,2.5,5.0,0.0,0.0,5.0,0.0,0.0,0.0,0.0,0.0,0.0,5.0
313,3,0.0,5.0,0.0,1.25,0.0,1.25,0.0,0.0,0.0,1.25,5.0,5.0,0.0,1.25,3.75,0.0,5.0,3.75,5.0,0.0,3.75,5.0,5.0,0.0,0.0,2.5,0.0,0.0,5.0,0.0,0.0,0.0,1.25,2.5,3.75,0.0,0.0,0.0,3.75,3.75,5.0,0.0,5.0,1.25,2.5,0.0,5.0,2.5,2.5,5.0,0.0,0.0,1.25,3.75,0.0,3.125,0.0,2.5,5.0,0.0,0.0,5.0,0.0,0.0,0.0,0.0,0.0,0.0,5.0
313,4,0.0,3.75,0.0,1.25,0.0,1.25,0.0,0.0,0.0,1.25,5.0,3.75,0.0,1.25,3.75,0.0,4.375,3.125,5.0,0.0,3.75,3.75,5.0,0.0,0.0,1.25,0.0,0.0,5.0,0.0,0.0,0.0,1.25,1.875,2.5,0.0,0.0,0.0,3.75,3.75,5.0,0.0,5.0,0.0,3.75,0.0,3.75,2.5,3.75,5.0,0.0,0.0,0.0,2.5,0.0,2.5,0.0,1.875,5.0,0.0,0.0,5.0,0.0,0.0,0.0,0.0,0.0,0.0,5.0
313,5,0.0,2.5,0.0,1.25,0.0,1.25,0.0,0.0,0.0,0.625,5.0,4.375,0.0,1.25,3.75,0.0,5.0,3.75,5.0,0.0,3.75,4.375,5.0,0.0,0.0,1.25,0.625,0.0,5.0,0.0,0.0,0.0,1.25,2.5,3.125,0.0,0.0,0.0,3.75,3.75,5.0,0.0,5.0,0.625,3.75,0.0,3.75,2.5,2.5,5.0,0.0,0.0,0.625,2.5,0.0,2.5,0.0,2.5,5.0,0.0,0.0,5.0,0.0,0.0,0.0,0.0,0.0,0.0,5.0
314,3,0.0,5.0,0.0,3.75,0.0,0.0,0.0,0.0,0.0,0.0,3.75,3.75,0.0,0.0,3.75,0.0,5.0,3.75,5.0,0.0,5.0,5.0,5.0,1.25,0.0,2.5,0.0,0.0,5.0,0.0,0.0,0.0,0.625,2.5,3.75,0.0,0.0,0.0,2.5,3.75,3.75,0.0,5.0,0.0,2.5,0.0,5.0,2.5,5.0,5.0,0.0,0.0,0.0,3.75,0.0,3.75,0.0,1.25,5.0,0.0,0.0,5.0,0.0,0.0,0.0,0.0,0.0,0.0,5.0
314,4,0.0,5.0,0.0,2.5,0.0,0.0,0.0,0.0,0.0,0.0,2.5,3.75,0.0,1.25,2.5,0.0,5.0,3.75,5.0,0.0,3.75,5.0,4.375,1.25,0.0,1.875,0.0,0.0,5.0,0.0,0.0,0.0,0.0,1.25,2.5,0.0,0.0,0.0,2.5,3.75,3.75,0.0,5.0,0.0,3.75,0.0,3.75,1.25,5.0,5.0,0.0,0.0,0.0,2.5,0.0,2.5,0.0,1.875,5.0,0.0,0.0,3.75,0.0,0.0,0.0,0.0,0.0,0.0,5.0
314,5,0.0,3.75,0.0,2.5,0.0,0.0,0.0,0.0,0.0,0.0,1.25,3.75,0.0,1.25,2.5,0.0,5.0,3.75,5.0,0.0,3.75,5.0,5.0,1.25,0.0,2.5,0.0,0.0,5.0,0.0,0.0,0.0,0.0,1.25,2.5,0.0,0.0,0.0,2.5,3.75,5.0,0.0,5.0,0.0,3.75,0.0,3.75,1.25,5.0,5.0,0.0,0.0,0.0,2.5,0.0,2.5,0.0,2.5,5.0,0.0,0.0,4.375,0.0,0.0,0.0,0.0,0.0,0.0,5.0
315,3,0.0,5.0,0.0,5.0,0.0,0.0,0.0,0.0,0.0,0.0,1.875,3.75,0.0,0.0,3.75,0.0,5.0,3.75,3.75,0.0,5.0,5.0,5.0,2.5,0.0,3.75,0.0,0.0,5.0,0.0,0.0,0.0,0.0,1.25,2.5,0.0,0.0,0.0,1.25,3.75,2.5,0.0,5.0,0.0,2.5,0.0,5.0,1.25,5.0,5.0,0.0,0.0,0.0,3.75,0.0,3.75,0.0,1.25,5.0,0.0,0.0,5.0,0.0,0.0,0.0,0.0,0.0,0.0,5.0
315,4,0.0,5.0,0.0,3.75,0.0,0.0,0.0,0.0,0.0,0.0,1.25,2.5,0.0,0.0,2.5,0.0,5.0,3.75,3.75,0.0,5.0,5.0,3.75,2.5,0.0,2.5,0.0,0.0,5.0,0.0,0.0,0.0,0.0,1.25,2.5,0.0,0.0,0.0,1.25,3.75,2.5,0.0,5.0,0.0,3.75,0.0,5.0,1.25,5.0,5.0,0.0,0.0,0.0,2.5,0.0,2.5,0.0,1.875,5.0,0.0,0.0,3.75,0.0,0.0,0.0,0.0,0.0,0.0,5.0
315,5,0.0,5.0,0.0,4.375,0.0,0.0,0.0,0.0,0.0,0.0,1.25,3.125,0.0,0.0,2.5,0.0,5.0,3.75,3.75,0.0,5.0,5.0,3.75,2.5,0.0,2.5,0.0,0.0,5.0,0.0,0.0,0.0,0.0,1.25,2.5,0.0,0.0,0.0,1.25,3.75,2.5,0.0,5.0,0.0,3.75,0.0,5.0,1.25,5.0,5.0,0.0,0.0,0.0,2.5,0.0,3.125,0.0,2.5,5.0,0.0,0.0,3.75,0.0,0.0,0.0,0.0,0.0,0.0,5.0
316,3,0.0,5.0,0.0,5.0,0.0,0.0,0.0,0.0,0.0,0.0,0.0,3.75,0.0,0.0,2.5,0.0,5.0,5.0,2.5,0.0,5.0,5.0,3.75,5.0,0.0,3.75,0.0,0.0,5.0,0.0,0.0,2.5,0.0,2.5,2.5,0.0,0.0,0.0,1.25,3.125,1.25,0.0,5.0,0.0,2.5,0.0,5.0,1.25,5.0,5.0,0.0,0.0,0.0,2.5,0.0,3.75,0.0,1.25,5.0,0.0,0.0,3.75,0.0,0.0,0.0,0.0,0.0,0.0,5.0
316,4,0.0,5.0,0.0,5.0,0.0,0.0,0.0,0.0,0.0,0.0,0.0,3.125,0.0,0.0,2.5,0.0,5.0,3.75,2.5,0.0,5.0,5.0,3.125,3.75,0.0,2.5,0.0,0.0,5.0,0.0,0.0,1.25,0.0,1.25,2.5,0.0,0.0,0.0,0.0,2.5,1.25,0.0,5.0,0.0,3.75,0.0,5.0,1.25,5.0,5.0,0.0,0.0,0.0,2.5,0.0,2.5,0.0,2.5,5.0,0.0,0.0,3.125,0.0,0.0,0.0,0.0,0.0,0.0,5.0
316,5,0.0,5.0,0.0,5.0,0.0,0.0,0.0,0.0,0.0,0.0,0.0,3.75,0.0,0.0,2.5,0.0,5.0,3.75,2.5,0.0,5.0,5.0,3.75,3.75,0.0,3.125,0.0,0.0,5.0,0.0,0.0,1.25,0.0,1.25,2.5,0.0,0.0,0.0,0.0,2.5,1.25,0.0,5.0,0.0,3.75,0.0,5.0,1.25,5.0,5.0,0.0,0.0,0.0,2.5,0.0,3.125,0.0,2.5,5.0,0.0,0.0,3.75,0.0,0.0,0.0,0.0,0.0,0.0,5.0
317,3,0.0,5.0,0.0,5.0,0.0,0.0,0.0,0.0,0.0,0.0,0.0,4.375,0.0,0.0,2.5,0.0,4.375,5.0,1.25,0.0,5.0,5.0,3.75,5.0,0.0,4.375,0.0,0.0,5.0,0.0,0.0,4.375,0.0,3.75,2.5,0.0,0.0,0.0,0.0,2.5,0.0,0.0,5.0,0.0,2.5,0.0,5.0,1.25,5.0,5.0,0.0,0.0,0.0,2.5,0.0,3.75,0.0,1.25,5.0,0.0,0.0,3.75,0.0,0.0,0.0,0.0,0.0,0.0,5.0
317,4,0.0,5.0,0.0,5.0,0.0,0.0,0.0,0.0,0.0,0.0,0.0,3.75,0.0,0.0,2.5,0.0,3.75,3.75,1.25,0.0,5.0,3.75,2.5,5.0,0.0,3.75,0.0,0.0,5.0,0.0,0.0,3.75,0.0,2.5,2.5,0.0,0.0,0.0,0.0,2.5,0.0,0.0,5.0,0.0,2.5,0.0,5.0,1.25,5.0,5.0,0.0,0.0,0.0,1.25,0.0,2.5,0.0,2.5,5.0,0.0,0.0,2.5,0.0,0.0,0.0,0.0,0.0,0.0,5.0
317,5,0.0,5.0,0.0,5.0,0.0,0.0,0.0,0.0,0.0,0.0,0.0,3.75,0.0,0.0,2.5,0.0,3.75,3.75,1.25,0.0,5.0,3.75,3.125,5.0,0.0,3.75,0.0,0.0,5.0,0.0,0.0,2.5,0.0,1.25,2.5,0.0,0.0,0.0,0.0,2.5,0.0,0.0,5.0,0.625,2.5,0.0,5.0,1.25,5.0,5.0,0.0,0.0,0.0,1.25,0.0,3.125,0.0,2.5,5.0,0.0,0.0,2.5,0.0,0.0,0.0,0.0,0.0,0.0,5.0
318,3,0.0,5.0,0.0,5.0,0.0,0.0,0.0,0.0,0.0,0.0,0.0,5.0,0.0,0.0,2.5,0.0,3.75,5.0,0.0,0.0,5.0,3.75,3.75,5.0,0.0,5.0,0.0,0.0,5.0,0.0,0.0,5.0,0.0,5.0,2.5,0.0,0.0,0.0,0.0,1.25,0.0,0.0,5.0,1.25,1.25,0.0,5.0,1.25,5.0,5.0,0.0,0.0,0.0,1.25,0.0,3.75,0.0,1.875,5.0,0.0,0.0,3.75,0.0,0.0,0.0,0.0,0.0,0.0,5.0
318,4,0.0,5.0,0.0,5.0,0.0,0.0,0.0,0.0,0.0,0.0,0.0,3.75,0.0,0.0,2.5,0.0,2.5,3.75,0.0,0.0,5.0,3.75,3.75,5.0,0.0,3.75,0.0,0.0,3.75,0.0,1.25,5.0,0.0,5.0,2.5,0.0,0.0,0.0,0.0,1.25,0.0,0.0,5.0,1.25,1.875,0.0,5.0,1.25,5.0,5.0,0.0,0.0,0.0,1.25,0.0,2.5,0.0,2.5,5.0,0.0,0.0,2.5,0.0,0.0,0.0,0.0,0.0,0.0,5.0
318,5,0.0,5.0,0.0,5.0,0.0,0.0,0.0,0.0,0.0,0.0,0.0,3.75,0.0,0.0,2.5,0.0,3.125,4.375,0.0,0.0,5.0,3.75,3.75,5.0,0.0,3.75,0.0,0.0,3.75,0.0,1.25,5.0,0.0,3.75,2.5,0.0,0.0,0.0,0.0,1.25,0.0,0.0,5.0,1.25,1.875,0.0,5.0,1.25,5.0,5.0,0.0,0.0,0.0,1.25,0.0,3.125,0.0,2.5,5.0,0.0,0.0,2.5,0.0,0.0,0.0,0.0,0.0,0.0,5.0
319,3,0.0,5.0,0.0,5.0,0.0,0.0,0.0,0.0,0.0,0.0,0.0,5.0,0.0,0.0,3.75,0.0,2.5,5.0,0.0,0.0,5.0,2.5,3.75,5.0,0.0,5.0,0.0,0.0,3.75,0.0,1.25,5.0,0.0,5.0,2.5,0.0,0.0,2.5,0.0,0.0,0.0,0.0,5.0,2.5,1.25,0.0,5.0,2.5,5.0,5.0,0.0,0.0,0.0,0.0,0.0,3.75,0.0,2.5,5.0,0.0,0.0,3.75,0.0,1.25,0.0,0.0,0.0,1.25,5.0
319,4,0.0,5.0,0.0,5.0,0.0,0.0,0.0,0.0,0.0,0.0,0.0,5.0,0.0,0.0,2.5,0.0,2.5,3.75,0.0,0.0,5.0,2.5,3.75,5.0,0.0,5.0,0.0,0.0,3.75,0.0,2.5,5.0,0.0,5.0,2.5,0.0,0.0,1.25,0.0,0.0,0.0,0.0,5.0,2.5,1.25,0.0,5.0,2.5,5.0,5.0,0.0,0.0,0.0,0.0,0.0,2.5,0.0,2.5,5.0,0.0,0.0,2.5,0.0,1.25,0.0,0.0,0.0,0.0,5.0
319,5,0.0,5.0,0.0,5.0,0.0,0.0,0.0,0.0,0.0,0.0,0.0,5.0,0.0,0.0,2.5,0.0,2.5,4.375,0.0,0.0,5.0,2.5,3.75,5.0,0.0,5.0,0.0,0.0,3.75,0.0,1.25,5.0,0.0,5.0,2.5,0.0,0.0,1.25,0.0,0.0,0.0,0.0,5.0,2.5,1.25,0.0,5.0,2.5,5.0,5.0,0.0,0.0,0.0,0.0,0.0,3.125,0.0,2.5,5.0,0.0,0.0,2.5,0.0,1.25,0.0,0.0,0.0,0.0,5.0
320,3,0.0,5.0,0.0,5.0,0.0,0.0,0.0,1.25,0.0,0.0,0.0,5.0,0.0,0.0,3.75,0.0,1.25,5.0,0.0,0.0,5.0,1.25,3.75,5.0,0.0,5.0,1.25,0.0,3.75,0.0,2.5,5.0,0.0,5.0,2.5,0.0,0.0,3.75,0.0,0.0,0.0,0.0,5.0,3.75,1.25,0.0,5.0,2.5,5.0,5.0,0.0,0.0,1.25,0.0,0.0,3.75,0.0,2.5,5.0,0.0,0.0,3.75,0.0,2.5,0.0,0.0,0.0,3.75,5.0
320,4,0.0,5.0,0.0,3.75,0.0,0.0,0.0,1.25,0.0,0.0,0.0,5.0,0.0,0.0,2.5,0.0,1.25,3.75,0.0,0.0,5.0,1.25,3.75,5.0,0.0,5.0,0.0,0.0,2.5,0.0,3.75,5.0,1.25,5.0,2.5,0.0,0.0,2.5,0.0,0.0,0.0,0.0,5.0,3.125,1.25,0.0,5.0,2.5,3.75,3.75,0.0,1.25,1.25,0.0,0.0,2.5,0.0,2.5,3.75,0.0,0.0,2.5,0.0,2.5,0.0,0.0,1.25,1.25,5.0
320,5,0.0,5.0,0.0,3.75,0.0,0.0,0.0,1.25,0.0,0.0,0.0,5.0,0.0,0.0,2.5,0.0,1.25,4.375,0.0,0.0,5.0,1.25,3.75,5.0,0.0,5.0,0.0,0.0,2.5,0.0,5.0,5.0,1.25,5.0,2.5,0.0,0.0,2.5,0.0,0.0,0.0,0.0,5.0,3.75,1.25,0.0,5.0,2.5,3.75,4.375,0.0,1.25,1.25,0.0,0.0,2.5,0.0,2.5,4.375,0.0,0.0,2.5,0.0,1.25,0.0,0.0,1.25,1.875,5.0
321,3,0.0,5.0,0.0,3.75,0.0,0.0,0.0,2.5,0.0,0.0,0.0,5.0,0.0,0.0,3.75,0.0,1.25,5.0,0.0,0.0,5.0,1.25,3.75,4.375,0.0,5.0,1.25,0.0,2.5,0.0,3.75,5.0,1.25,5.0,2.5,0.0,0.0,5.0,0.0,1.25,0.0,0.0,5.0,3.75,2.5,0.0,5.0,2.5,3.75,3.75,0.0,1.25,2.5,1.25,0.0,3.125,0.0,3.125,4.375,0.0,0.0,3.75,0.0,3.75,0.0,0.0,0.0,5.0,5.0
321,4,0.0,5.0,0.0,2.5,0.0,0.0,0.0,2.5,0.0,0.0,0.0,5.0,0.0,0.0,3.75,0.0,1.25,4.375,0.0,0.0,4.375,1.25,3.75,3.75,0.0,5.0,1.25,0.0,2.5,0.0,5.0,5.0,2.5,5.0,2.5,0.0,0.0,5.0,0.0,1.25,0.0,0.0,5.0,3.75,1.25,0.0,5.0,2.5,2.5,3.75,0.0,2.5,2.5,0.625,0.0,2.5,0.0,2.5,3.75,0.0,0.0,2.5,0.0,2.5,0.0,2.5,2.5,3.75,5.0
321,5,0.0,3.75,0.0,2.5,0.0,0.0,0.0,2.5,0.0,0.0,0.0,5.0,0.0,0.0,3.75,0.0,1.25,5.0,0.0,0.0,5.0,1.25,3.75,3.75,0.0,5.0,1.25,0.0,2.5,0.0,5.0,5.0,2.5,5.0,2.5,0.0,0.0,5.0,0.0,0.0,0.0,0.0,5.0,3.75,1.25,0.0,5.0,2.5,1.25,3.75,0.0,2.5,2.5,0.0,0.0,2.5,0.0,2.5,3.75,0.0,0.0,2.5,0.0,2.5,0.0,1.25,2.5,3.75,5.0
322,3,0.0,5.0,0.0,1.25,0.0,0.0,0.0,4.375,0.0,0.0,0.0,5.0,0.0,0.0,5.0,0.0,1.25,5.0,0.0,0.0,5.0,1.25,3.125,2.5,0.0,5.0,2.5,0.0,2.5,0.0,5.0,5.0,2.5,5.0,1.875,0.0,0.0,5.0,0.0,3.75,0.0,0.0,5.0,3.75,2.5,0.0,5.0,2.5,1.25,3.125,0.0,2.5,3.75,2.5,0.0,2.5,0.0,3.75,3.75,0.0,0.0,3.75,0.0,5.0,0.0,1.25,0.0,5.0,5.0
322,4,0.0,2.5,0.0,1.25,0.0,0.0,0.0,3.75,0.0,0.0,0.0,3.75,0.0,0.0,3.75,0.0,1.25,5.0,0.0,0.0,3.75,1.25,3.125,2.5,0.0,5.0,1.875,0.0,2.5,0.0,5.0,5.0,2.5,5.0,1.25,0.0,0.0,5.0,0.0,2.5,0.0,0.0,5.0,3.75,1.875,0.0,5.0,2.5,1.25,2.5,0.0,3.75,3.75,1.875,0.0,1.875,0.0,2.5,2.5,0.0,0.0,2.5,0.0,3.75,1.25,3.75,5.0,5.0,5.0
322,5,0.0,2.5,0.0,0.0,0.0,0.0,0.0,3.75,0.0,0.0,0.0,3.75,0.0,0.0,3.75,0.0,1.875,5.0,0.0,0.0,3.75,1.25,3.125,2.5,0.0,5.0,2.5,0.0,2.5,0.0,5.0,5.0,3.75,5.0,1.25,0.0,0.0,5.0,0.0,1.25,0.0,0.0,5.0,3.75,1.875,0.0,5.0,2.5,0.0,2.5,0.0,3.75,3.75,1.25,0.0,2.5,0.0,2.5,3.125,0.0,0.0,3.125,0.0,5.0,1.25,3.75,5.0,5.0,5.0
323,3,0.0,2.5,0.0,0.0,0.0,0.0,0.0,5.0,0.0,0.0,0.0,3.75,0.0,1.25,5.0,0.0,1.25,5.0,0.0,0.0,4.375,2.5,2.5,1.25,0.0,5.0,3.75,0.0,2.5,0.0,5.0,5.0,3.75,5.0,1.25,0.0,0.0,5.0,0.0,5.0,0.0,0.0,5.0,3.125,3.75,0.0,5.0,2.5,0.0,2.5,0.0,3.75,5.0,4.375,0.0,1.25,0.0,3.75,3.125,0.0,0.0,3.75,0.0,5.0,1.25,2.5,1.25,5.0,5.0
323,4,0.0,1.25,0.0,0.0,0.0,0.0,0.0,3.75,0.0,0.0,0.0,2.5,0.0,1.25,5.0,0.0,2.5,5.0,0.0,0.0,3.75,2.5,2.5,1.25,0.0,3.75,2.5,0.0,1.875,0.0,5.0,5.0,3.75,5.0,1.25,0.0,0.0,5.0,0.0,5.0,0.0,0.0,5.0,2.5,2.5,0.0,5.0,2.5,0.0,2.5,0.0,3.75,5.0,3.75,0.0,1.25,0.0,2.5,2.5,0.0,0.0,3.125,0.0,5.0,3.75,5.0,5.0,5.0,5.0
323,5,0.0,0.0,0.0,0.0,0.0,0.0,0.0,3.75,0.0,0.0,0.0,2.5,0.0,1.25,5.0,0.0,2.5,5.0,0.0,0.0,3.75,2.5,2.5,1.25,0.0,4.375,2.5,0.0,2.5,0.0,5.0,5.0,3.75,5.0,1.25,0.0,0.0,5.0,0.0,5.0,0.0,0.0,5.0,2.5,2.5,0.0,5.0,2.5,0.0,2.5,0.0,5.0,5.0,3.125,0.0,1.25,0.0,2.5,2.5,0.0,0.0,3.75,0.0,5.0,2.5,5.0,5.0,5.0,5.0
324,3,0.0,0.0,0.0,0.0,0.0,0.0,0.0,5.0,0.0,0.0,0.0,2.5,0.0,2.5,5.0,0.0,1.25,5.0,0.0,0.0,4.375,2.5,2.5,0.0,0.0,5.0,5.0,0.0,2.5,0.0,5.0,5.0,5.0,5.0,0.0,0.0,0.0,5.0,0.0,5.0,0.0,0.0,5.0,2.5,3.75,0.0,5.0,2.5,0.0,2.5,0.0,3.75,5.0,5.0,0.0,1.25,0.0,3.75,2.5,0.0,0.0,3.75,0.0,5.0,2.5,3.75,1.25,5.0,5.0
324,4,0.0,0.0,0.0,0.0,0.0,0.0,0.0,4.375,0.0,0.0,0.0,1.25,0.0,1.875,5.0,0.0,2.5,5.0,0.0,0.0,3.75,2.5,2.5,0.0,0.0,3.75,3.75,0.0,2.5,0.0,5.0,5.0,5.0,5.0,0.0,0.0,0.0,5.0,0.0,5.0,0.0,0.0,3.75,2.5,2.5,0.0,3.75,2.5,0.0,2.5,0.0,5.0,5.0,5.0,0.0,1.25,0.0,2.5,2.5,0.0,0.0,3.125,0.0,5.0,5.0,5.0,5.0,5.0,5.0
324,5,0.0,0.0,0.0,0.0,0.0,0.0,0.0,5.0,0.0,0.0,0.0,1.875,0.0,2.5,5.0,0.0,2.5,5.0,0.0,0.0,3.75,2.5,2.5,0.0,0.0,3.75,3.75,0.0,2.5,0.0,5.0,5.0,5.0,5.0,0.0,0.0,0.0,5.0,0.0,5.0,0.0,0.0,3.75,2.5,3.125,0.0,3.75,2.5,0.0,2.5,0.0,5.0,5.0,5.0,0.0,1.25,0.0,2.5,2.5,0.0,0.0,3.75,0.0,5.0,4.375,5.0,5.0,5.0,5.0
325,3,0.0,0.0,0.0,0.0,0.0,0.0,0.0,5.0,0.0,0.0,0.0,1.25,0.0,3.75,5.0,0.0,1.25,5.0,0.0,0.0,4.375,3.75,2.5,0.0,0.0,3.75,5.0,0.0,2.5,1.25,5.0,5.0,5.0,5.0,0.0,0.0,0.0,5.0,1.25,5.0,0.0,0.0,3.75,2.5,3.75,0.0,3.75,2.5,0.0,3.75,0.0,2.5,5.0,5.0,0.0,1.25,0.0,3.75,2.5,0.0,0.0,3.75,0.0,5.0,3.75,5.0,2.5,5.0,5.0
325,4,0.0,0.0,0.0,0.0,0.0,0.0,0.0,3.75,0.0,0.0,0.0,0.625,0.0,3.125,5.0,0.0,1.25,5.0,0.0,0.0,3.75,2.5,2.5,0.0,0.0,3.75,4.375,0.0,2.5,0.0,5.0,5.0,5.0,5.0,0.0,0.0,0.0,5.0,1.25,5.0,0.0,0.0,2.5,2.5,3.125,0.0,3.75,2.5,0.0,2.5,0.0,3.75,5.0,5.0,0.0,1.25,0.0,2.5,2.5,0.0,0.0,3.75,0.0,5.0,5.0,5.0,5.0,5.0,5.0
325,5,0.0,0.0,0.0,0.0,0.0,0.0,0.0,3.75,0.0,0.0,0.0,1.25,0.0,3.75,5.0,0.0,1.25,5.0,0.0,0.0,3.75,2.5,2.5,0.0,0.0,3.75,5.0,0.0,2.5,0.0,5.0,5.0,5.0,5.0,0.0,0.0,0.0,5.0,1.25,5.0,0.0,0.0,3.125,2.5,3.75,0.0,3.75,2.5,0.0,2.5,0.0,5.0,5.0,5.0,0.0,1.25,0.0,2.5,2.5,0.0,0.0,3.75,0.0,5.0,5.0,5.0,5.0,5.0,5.0
326,3,0.0,0.0,0.0,0.0,0.0,0.0,0.0,3.75,0.0,0.0,0.0,0.0,0.0,5.0,5.0,0.0,1.25,5.0,0.0,0.0,5.0,3.75,2.5,0.0,0.0,3.75,5.0,0.0,3.75,1.25,5.0,4.375,5.0,5.0,0.0,0.0,0.0,5.0,2.5,5.0,0.0,0.0,2.5,2.5,3.75,0.0,4.375,2.5,0.0,3.75,0.0,2.5,5.0,5.0,0.0,1.25,0.0,2.5,2.5,0.0,0.0,3.75,0.0,5.0,5.0,5.0,2.5,5.0,5.0
326,4,0.0,0.0,0.0,0.0,0.0,0.0,0.0,3.125,0.0,0.0,0.0,0.0,0.0,3.75,5.0,0.0,1.25,5.0,0.0,0.0,3.75,2.5,2.5,0.0,0.0,3.75,5.0,0.0,3.75,1.25,5.0,3.75,5.0,5.0,0.0,0.0,0.0,5.0,2.5,5.0,0.0,0.0,1.875,1.25,2.5,0.0,3.75,2.5,0.0,3.125,0.0,3.75,5.0,5.0,0.0,1.25,0.0,2.5,2.5,0.0,0.0,3.75,0.0,5.0,5.0,5.0,5.0,5.0,5.0
326,5,0.0,0.0,0.0,0.0,0.0,0.0,0.0,3.75,0.0,0.0,0.0,0.0,0.0,5.0,5.0,0.0,1.25,5.0,0.0,0.0,3.75,2.5,2.5,0.0,0.0,3.75,5.0,0.0,3.75,1.25,5.0,3.75,5.0,5.0,0.0,0.0,0.0,5.0,2.5,5.0,0.0,0.0,2.5,2.5,3.125,0.0,3.75,2.5,0.0,3.75,0.0,3.75,5.0,5.0,0.0,1.25,0.0,2.5,2.5,0.0,0.0,3.75,0.0,5.0,5.0,5.0,5.0,5.0,5.0
327,3,0.0,0.0,0.0,0.0,0.0,0.0,0.0,2.5,0.0,0.0,0.0,0.0,0.0,5.0,5.0,0.0,0.0,5.0,0.0,0.0,5.0,3.75,2.5,0.0,0.0,5.0,5.0,0.0,4.375,2.5,5.0,3.125,5.0,5.0,1.25,0.0,0.0,5.0,3.75,5.0,0.0,0.0,1.25,2.5,3.75,0.0,5.0,2.5,0.0,4.375,0.0,1.25,5.0,5.0,0.0,1.25,0.0,2.5,3.75,0.0,0.0,3.75,0.0,3.75,5.0,5.0,2.5,5.0,5.0
327,4,0.0,0.0,0.0,0.0,0.0,0.0,0.0,2.5,0.0,0.0,0.0,0.0,0.0,5.0,5.0,0.0,0.0,5.0,0.0,0.0,3.75,2.5,3.75,0.0,0.0,3.75,5.0,0.0,3.75,2.5,5.0,2.5,5.0,5.0,1.25,0.0,0.0,3.75,3.75,5.0,0.0,0.0,1.25,2.5,2.5,0.0,3.75,2.5,0.0,3.75,0.0,2.5,5.0,5.0,0.0,1.25,0.0,1.875,2.5,0.0,0.0,3.75,0.0,5.0,5.0,5.0,5.0,5.0,5.0
327,5,0.0,0.0,0.0,0.0,0.0,0.0,0.0,2.5,0.0,0.0,0.0,0.0,0.0,5.0,5.0,0.0,0.0,5.0,0.0,0.0,3.75,2.5,3.75,0.0,0.0,3.75,5.0,0.0,3.75,2.5,5.0,2.5,5.0,5.0,1.25,0.0,0.0,5.0,3.75,5.0,0.0,0.0,1.25,2.5,3.125,0.0,5.0,2.5,0.0,3.75,0.0,2.5,5.0,5.0,0.0,1.25,0.0,2.5,3.125,0.0,0.0,3.75,0.0,5.0,5.0,5.0,5.0,5.0,5.0
328,3,0.0,0.0,0.0,0.0,0.0,0.0,0.0,1.25,0.0,0.0,0.0,0.0,0.0,5.0,5.0,0.0,0.0,5.0,0.0,0.0,5.0,2.5,3.75,0.0,0.0,5.0,5.0,0.0,5.0,3.75,5.0,1.25,5.0,5.0,2.5,0.0,0.0,3.75,5.0,5.0,0.0,0.0,0.0,3.75,3.75,0.0,5.0,3.125,0.0,5.0,0.0,0.0,5.0,5.0,0.0,2.5,0.0,2.5,5.0,0.0,0.0,3.75,0.0,2.5,5.0,5.0,2.5,5.0,5.0
328,4,0.0,0.0,0.0,0.0,0.0,0.0,0.0,1.25,0.0,0.0,0.0,0.0,0.0,5.0,5.0,0.0,0.0,5.0,0.0,0.0,3.75,2.5,3.75,0.0,0.0,5.0,5.0,0.0,4.375,2.5,3.75,1.25,5.0,5.0,1.25,0.0,0.0,3.75,5.0,5.0,0.0,0.0,0.0,2.5,3.125,0.0,5.0,2.5,0.0,3.75,0.0,1.25,5.0,5.0,0.0,2.5,0.0,1.25,3.75,0.0,0.0,3.75,0.0,3.75,5.0,5.0,5.0,5.0,5.0
328,5,0.0,0.0,0.0,0.0,0.0,0.0,0.0,1.25,0.0,0.0,0.0,0.0,0.0,5.0,5.0,0.0,0.0,5.0,0.0,0.0,3.75,2.5,3.75,0.0,0.0,5.0,5.0,0.0,5.0,2.5,3.75,2.5,5.0,5.0,1.875,0.0,0.0,3.75,5.0,5.0,0.0,0.0,0.0,3.75,3.75,0.0,5.0,2.5,0.0,3.75,0.0,1.25,5.0,5.0,0.0,2.5,0.0,1.25,3.75,0.0,0.0,3.75,0.0,3.75,5.0,5.0,5.0,5.0,5.0
329,3,0.0,0.0,0.0,0.0,0.0,0.0,0.0,0.0,0.0,0.0,0.0,0.0,0.0,5.0,5.0,0.0,1.25,5.0,0.0,0.0,4.375,1.25,3.75,0.0,0.0,5.0,5.0,0.0,5.0,3.75,3.75,1.25,5.0,5.0,3.125,0.0,0.0,2.5,5.0,5.0,0.0,0.0,0.0,5.0,3.75,0.0,5.0,3.75,0.0,5.0,0.0,0.0,2.5,5.0,0.0,3.75,0.0,1.25,5.0,0.0,0.0,3.75,0.0,1.25,5.0,4.375,2.5,5.0,5.0
329,4,0.0,0.0,0.0,0.0,0.0,0.0,0.0,0.0,0.0,0.0,0.0,0.0,0.0,5.0,3.75,0.0,0.0,5.0,0.0,0.0,3.75,1.25,5.0,0.0,0.0,5.0,5.0,0.0,5.0,3.75,3.75,1.25,5.0,5.0,2.5,0.0,0.0,2.5,5.0,5.0,0.0,0.0,0.0,3.75,3.75,0.0,5.0,2.5,0.0,3.75,0.0,0.0,5.0,5.0,0.0,3.75,0.0,1.25,5.0,0.0,0.0,3.75,0.0,2.5,5.0,5.0,5.0,5.0,4.375
329,5,0.0,0.0,0.0,0.0,0.0,0.0,0.0,0.0,0.0,0.0,0.0,0.0,0.0,5.0,5.0,0.0,0.625,5.0,0.0,0.0,3.75,1.25,5.0,0.0,0.0,5.0,5.0,0.0,5.0,3.75,3.75,1.25,5.0,5.0,2.5,0.0,0.0,2.5,5.0,5.0,0.0,0.0,0.0,3.75,3.75,0.0,5.0,2.5,0.0,3.75,0.0,0.0,5.0,5.0,0.0,3.75,0.0,1.25,5.0,0.0,0.0,3.75,0.0,1.25,5.0,5.0,5.0,5.0,5.0
330,3,0.0,0.0,0.0,0.0,0.0,0.0,0.0,0.0,0.0,0.0,0.0,0.0,0.0,5.0,5.0,0.0,1.25,5.0,0.0,0.0,3.75,1.25,5.0,0.0,0.0,5.0,5.0,0.0,5.0,3.75,2.5,1.25,5.0,5.0,3.75,0.0,0.0,2.5,5.0,5.0,0.0,0.0,0.0,5.0,5.0,0.0,5.0,3.75,0.0,3.75,0.0,0.0,1.25,5.0,0.0,5.0,0.0,2.5,5.0,0.0,0.0,3.75,0.0,0.0,5.0,3.125,2.5,5.0,5.0
330,4,0.0,0.0,0.0,0.0,0.0,0.0,0.0,0.0,0.0,0.0,0.0,0.0,0.0,3.75,3.75,0.0,1.25,3.75,0.0,0.0,2.5,0.0,5.0,0.0,0.0,5.0,5.0,0.0,5.0,3.75,2.5,1.25,5.0,3.75,3.75,0.0,0.0,2.5,5.0,5.0,0.0,0.0,0.0,4.375,5.0,0.0,5.0,2.5,0.0,3.75,0.0,0.0,2.5,5.0,0.0,5.0,0.0,1.25,5.0,0.0,0.0,2.5,0.0,1.25,5.0,5.0,5.0,5.0,3.75
330,5,0.0,0.0,0.0,0.0,0.0,0.0,0.0,0.0,0.0,0.0,0.0,0.0,0.0,3.75,3.75,0.0,1.25,4.375,0.0,0.0,3.125,0.0,5.0,0.0,0.0,5.0,5.0,0.0,5.0,3.75,2.5,1.25,5.0,3.75,3.75,0.0,0.0,2.5,5.0,5.0,0.0,0.0,0.0,5.0,5.0,0.0,5.0,2.5,0.0,3.75,0.0,0.0,2.5,5.0,0.0,5.0,0.0,1.25,5.0,0.0,0.0,2.5,0.0,0.0,5.0,5.0,5.0,5.0,3.75
331,3,0.0,0.0,0.0,0.0,0.0,0.625,0.0,0.0,0.0,0.0,0.0,0.0,0.0,3.75,3.75,0.0,2.5,5.0,0.0,0.0,2.5,0.0,5.0,0.0,0.0,5.0,5.0,0.0,4.375,3.75,1.25,1.25,5.0,4.375,5.0,0.0,0.0,2.5,5.0,5.0,0.0,0.0,0.0,5.0,5.0,0.0,5.0,3.75,0.0,3.75,0.0,0.0,0.0,5.0,0.0,5.0,0.0,2.5,5.0,0.0,0.0,3.125,0.0,0.0,3.75,2.5,2.5,5.0,5.0
331,4,0.0,0.0,0.0,0.0,0.0,0.0,0.0,0.0,0.0,0.0,0.0,0.0,0.0,2.5,2.5,0.0,1.875,5.0,0.0,0.0,2.5,0.0,5.0,0.0,0.0,5.0,5.0,0.0,3.75,3.75,1.25,1.25,5.0,3.75,5.0,0.0,0.0,2.5,5.0,5.0,0.0,0.0,0.0,5.0,5.0,0.0,5.0,2.5,0.0,3.125,0.0,0.0,1.25,5.0,0.0,5.0,0.0,2.5,5.0,0.0,0.0,2.5,0.0,0.0,5.0,5.0,5.0,5.0,3.75
331,5,0.0,0.0,0.0,0.0,0.0,0.0,0.0,0.0,0.0,0.0,0.0,0.0,0.0,3.125,3.125,0.0,2.5,5.0,0.0,0.0,2.5,0.0,5.0,0.0,0.0,5.0,5.0,0.0,3.75,3.75,1.25,1.25,5.0,3.75,5.0,0.0,0.0,3.125,5.0,5.0,0.0,0.0,0.0,5.0,5.0,0.0,5.0,2.5,0.0,3.75,0.0,0.0,0.0,5.0,0.0,5.0,0.0,2.5,5.0,0.0,0.0,2.5,0.0,0.0,5.0,4.375,5.0,5.0,3.75
332,3,0.0,0.0,0.0,0.0,0.0,2.5,0.0,0.0,0.0,0.0,0.0,1.875,0.0,2.5,2.5,0.0,3.75,5.0,0.0,0.0,2.5,0.0,5.0,0.0,0.0,5.0,5.0,0.0,3.75,2.5,1.25,1.25,5.0,3.75,5.0,0.0,0.0,2.5,5.0,5.0,0.0,0.0,1.25,5.0,5.0,0.0,5.0,3.75,0.0,3.75,0.0,0.0,0.0,5.0,0.0,5.0,0.0,3.75,5.0,0.0,0.0,2.5,0.0,0.0,3.75,2.5,2.5,5.0,5.0
332,4,0.0,0.0,0.0,0.0,0.0,1.25,0.0,0.0,0.0,0.0,0.0,1.25,0.0,1.25,2.5,0.0,2.5,5.0,0.0,0.0,1.25,0.0,5.0,0.0,0.0,5.0,3.75,0.0,3.75,2.5,1.25,1.25,5.0,3.75,5.0,0.0,0.0,2.5,5.0,5.0,0.0,0.0,1.25,3.75,5.0,0.0,5.0,2.5,0.0,2.5,0.0,0.0,0.0,5.0,0.0,5.0,0.0,2.5,5.0,0.0,0.0,2.5,0.0,0.0,5.0,3.75,3.75,5.0,3.75
332,5,0.0,0.0,0.0,0.0,0.0,1.25,0.0,0.0,0.0,0.0,0.0,1.25,0.0,1.25,2.5,0.0,2.5,5.0,0.0,0.0,1.875,0.0,5.0,0.0,0.0,5.0,4.375,0.0,3.75,2.5,1.25,1.25,5.0,3.75,5.0,0.0,0.0,3.75,5.0,5.0,0.0,0.0,1.25,3.75,5.0,0.0,5.0,2.5,0.0,2.5,0.0,0.0,0.0,5.0,0.0,5.0,0.0,2.5,5.0,0.0,0.0,2.5,0.0,0.0,5.0,3.75,3.75,5.0,3.75
333,3,0.0,0.0,0.0,0.0,0.0,3.75,0.0,0.0,0.0,0.0,0.0,3.75,0.0,1.25,1.25,0.0,3.75,5.0,0.0,0.0,1.875,1.25,5.0,0.0,0.0,5.0,3.75,0.0,3.75,1.25,0.0,1.25,5.0,5.0,5.0,0.0,0.0,2.5,5.0,5.0,0.0,0.0,2.5,3.75,5.0,0.0,5.0,5.0,0.0,3.75,0.0,0.0,0.0,5.0,0.0,5.0,0.0,3.75,5.0,0.0,0.0,2.5,0.0,0.0,2.5,2.5,2.5,5.0,5.0
333,4,0.0,0.0,0.0,0.0,0.0,2.5,0.0,0.0,0.0,0.0,0.0,2.5,0.0,0.625,1.25,0.0,3.125,5.0,0.0,0.0,1.25,1.25,5.0,0.0,0.0,5.0,3.75,0.0,3.125,1.25,0.0,1.25,5.0,3.75,5.0,0.0,0.0,2.5,5.0,3.75,0.0,0.0,1.25,3.75,5.0,0.0,5.0,3.75,0.0,2.5,0.0,0.0,0.0,3.75,0.0,5.0,0.0,3.75,5.0,0.0,0.0,1.875,0.0,0.0,3.75,3.75,3.75,5.0,3.75
333,5,0.0,0.0,0.0,0.0,0.0,2.5,0.0,0.0,0.0,0.0,0.0,2.5,0.0,1.25,1.25,0.0,3.75,5.0,0.0,0.0,1.25,1.25,5.0,0.0,0.0,5.0,3.75,0.0,3.75,1.25,0.0,1.25,5.0,3.75,5.0,0.0,0.0,2.5,5.0,3.75,0.0,0.0,1.25,3.75,5.0,0.0,5.0,3.75,0.0,2.5,0.0,0.0,0.0,3.75,0.0,5.0,0.0,3.75,5.0,0.0,0.0,1.875,0.0,0.0,3.75,3.75,3.75,5.0,4.375
334,3,0.0,0.0,0.0,0.0,0.0,5.0,0.0,0.0,0.0,0.0,0.0,5.0,0.0,0.0,1.25,0.0,4.375,5.0,1.25,0.0,2.5,2.5,3.75,0.0,0.0,5.0,2.5,0.0,3.125,1.25,1.25,1.875,5.0,5.0,5.0,0.0,0.0,1.25,5.0,3.75,0.0,0.0,3.125,2.5,5.0,0.0,5.0,5.0,0.0,3.125,0.0,0.0,0.0,2.5,0.0,5.0,0.0,5.0,5.0,0.0,0.0,1.875,0.0,0.0,3.75,3.75,2.5,5.0,5.0
334,4,0.0,0.0,0.0,0.0,0.0,3.75,0.0,0.0,0.0,0.0,0.0,3.75,0.0,0.0,0.0,0.0,3.75,5.0,1.25,0.0,1.25,2.5,5.0,0.0,0.0,5.0,2.5,0.0,2.5,1.25,0.0,1.25,5.0,3.75,5.0,0.0,0.0,2.5,5.0,2.5,0.0,0.0,2.5,2.5,5.0,0.0,4.375,3.75,0.0,2.5,0.0,0.0,0.0,2.5,0.0,5.0,0.0,3.75,5.0,0.0,0.0,1.25,0.0,0.0,3.75,2.5,2.5,5.0,4.375
334,5,0.0,0.0,0.0,0.0,0.0,3.75,0.0,0.0,0.0,0.0,0.0,3.75,0.0,0.0,0.0,0.0,3.75,5.0,1.25,0.0,1.25,2.5,5.0,0.0,0.0,5.0,2.5,0.0,2.5,1.25,0.0,1.25,5.0,3.75,5.0,0.0,0.0,2.5,5.0,2.5,0.0,0.0,2.5,2.5,5.0,0.0,4.375,3.75,0.0,2.5,0.0,0.0,0.0,1.25,0.0,5.0,0.0,3.75,5.0,0.0,0.0,1.25,0.0,0.0,3.75,2.5,2.5,5.0,5.0
335,3,0.0,0.0,0.0,0.0,0.0,5.0,0.0,0.0,0.0,0.0,0.0,5.0,0.0,0.0,0.0,0.0,5.0,5.0,2.5,0.0,2.5,3.75,3.75,0.0,0.0,5.0,2.5,0.0,2.5,0.0,1.25,2.5,5.0,5.0,5.0,0.0,1.25,0.0,3.75,2.5,0.0,0.0,3.75,1.25,5.0,0.0,3.75,5.0,0.0,3.75,0.0,0.0,0.0,2.5,0.0,5.0,0.0,5.0,5.0,0.0,0.0,2.5,0.0,0.0,3.75,3.75,3.75,5.0,5.0
335,4,0.0,0.0,0.0,0.0,0.0,5.0,0.0,0.0,0.0,0.0,0.0,5.0,0.0,0.0,0.0,0.0,3.75,5.0,2.5,0.0,1.25,3.75,5.0,0.0,0.0,5.0,2.5,0.0,2.5,0.0,1.25,1.25,4.375,5.0,5.0,0.0,0.0,1.25,3.75,1.25,0.0,0.0,3.75,1.25,5.0,0.0,3.125,5.0,0.0,2.5,0.0,0.0,0.0,1.25,0.0,5.0,0.0,4.375,5.0,0.0,0.0,1.875,0.0,0.0,3.75,3.125,2.5,5.0,4.375
335,5,0.0,0.0,0.0,0.0,0.0,5.0,0.0,0.0,0.0,0.0,0.0,5.0,0.0,0.0,0.0,0.0,3.75,5.0,3.75,0.0,1.875,3.75,5.0,0.0,0.0,5.0,2.5,0.0,2.5,0.0,1.25,1.25,5.0,5.0,5.0,0.0,0.0,1.25,3.75,2.5,0.0,0.0,3.75,1.25,5.0,0.0,3.125,5.0,0.0,2.5,0.0,0.0,0.0,1.25,0.0,5.0,0.0,5.0,5.0,0.0,0.0,1.875,0.0,0.0,3.75,3.75,2.5,5.0,5.0
336,3,0.0,0.0,0.0,0.0,0.0,5.0,0.0,0.0,0.0,0.0,0.0,5.0,0.0,0.0,0.0,0.0,5.0,5.0,3.75,0.0,2.5,5.0,3.75,0.0,0.0,5.0,2.5,0.0,2.5,0.0,2.5,2.5,5.0,5.0,5.0,0.0,2.5,0.0,2.5,2.5,0.0,0.0,5.0,0.0,5.0,0.0,2.5,5.0,0.0,3.75,0.0,0.0,0.0,1.25,0.0,5.0,0.0,5.0,5.0,0.0,0.0,2.5,0.0,0.0,5.0,3.75,3.75,5.0,5.0
336,4,0.0,0.0,0.0,0.0,0.0,5.0,0.0,0.0,0.0,0.0,0.0,5.0,0.0,0.0,0.0,0.0,3.75,5.0,3.75,0.0,2.5,5.0,3.75,0.0,0.0,5.0,2.5,0.0,2.5,0.0,1.25,1.875,3.75,5.0,5.0,0.0,1.25,0.0,2.5,1.25,0.0,0.0,3.75,0.0,5.0,0.0,1.25,5.0,0.0,2.5,0.0,0.0,0.0,1.25,0.0,5.0,0.0,5.0,5.0,0.0,0.0,2.5,0.0,0.0,3.75,3.75,3.75,5.0,3.75
336,5,0.0,0.0,0.0,0.0,0.0,5.0,0.0,0.0,0.0,0.0,0.0,5.0,0.0,0.0,0.0,0.0,3.75,5.0,4.375,0.0,2.5,5.0,3.75,0.0,0.0,5.0,2.5,0.0,2.5,0.0,1.25,2.5,3.75,5.0,5.0,0.0,1.25,0.0,2.5,1.875,0.0,0.0,4.375,0.0,5.0,0.0,1.875,5.0,0.0,2.5,0.0,0.0,0.0,1.25,0.0,5.0,0.0,5.0,5.0,0.0,0.0,2.5,0.0,0.0,3.75,3.75,3.75,5.0,4.375
337,3,0.0,0.0,0.0,0.0,0.0,5.0,0.0,0.0,0.0,0.0,0.0,5.0,0.0,0.0,0.0,0.0,5.0,5.0,3.75,0.0,3.75,5.0,2.5,0.0,0.0,3.75,2.5,0.0,3.75,0.0,3.125,2.5,5.0,5.0,5.0,0.0,5.0,0.0,2.5,2.5,0.0,0.0,5.0,0.0,5.0,0.0,1.25,5.0,0.0,3.75,0.0,0.0,1.25,1.25,0.0,5.0,0.0,5.0,5.0,0.0,0.0,3.75,0.0,0.0,5.0,5.0,3.75,5.0,5.0
337,4,0.0,0.0,0.0,0.0,0.0,5.0,0.0,0.0,0.0,0.0,0.0,5.0,0.0,0.0,0.0,0.0,3.75,4.375,5.0,0.0,2.5,5.0,3.75,0.0,0.0,3.75,2.5,0.0,2.5,0.0,2.5,2.5,3.75,5.0,5.0,0.0,3.75,0.0,1.25,2.5,0.0,0.0,5.0,0.0,5.0,0.0,1.25,5.0,0.0,3.75,0.0,0.0,1.25,1.25,0.0,5.0,0.0,5.0,5.0,0.0,0.0,2.5,0.0,0.0,3.75,3.75,3.75,5.0,3.75
337,5,0.0,0.0,0.0,0.0,0.0,5.0,0.0,0.0,0.0,0.0,0.0,5.0,0.0,0.0,0.0,0.0,3.75,5.0,5.0,0.0,2.5,5.0,3.75,0.0,0.0,3.75,2.5,0.0,2.5,0.0,2.5,2.5,3.75,5.0,5.0,0.0,3.75,0.0,1.875,2.5,0.0,0.0,5.0,0.0,5.0,0.0,0.625,5.0,0.0,3.75,0.0,0.0,1.25,1.25,0.0,5.0,0.0,5.0,5.0,0.0,0.0,2.5,0.0,0.0,3.75,3.75,3.75,5.0,3.75
338,3,0.0,0.0,0.0,0.0,0.0,5.0,0.0,0.0,0.0,0.0,0.0,5.0,0.0,0.0,0.0,0.0,5.0,4.375,3.75,0.0,4.375,5.0,2.5,0.0,0.0,2.5,3.75,0.0,4.375,0.0,3.75,2.5,5.0,5.0,5.0,0.0,5.0,0.0,2.5,2.5,0.0,0.0,5.0,0.0,5.0,0.0,1.25,5.0,0.0,5.0,0.0,0.0,1.25,1.25,0.0,5.0,0.0,5.0,5.0,0.0,0.0,3.75,0.0,1.25,5.0,5.0,5.0,5.0,4.375
338,4,0.0,0.0,0.0,0.0,0.0,3.75,0.0,0.0,0.0,0.0,0.0,5.0,0.0,0.0,0.0,0.0,5.0,3.75,5.0,0.0,3.75,5.0,2.5,0.0,0.0,2.5,3.125,0.0,3.75,0.0,2.5,2.5,3.75,3.75,5.0,0.0,5.0,0.0,1.25,2.5,0.0,0.0,5.0,0.0,5.0,0.0,0.0,5.0,0.0,3.75,0.0,0.0,1.25,1.25,0.0,5.0,0.0,5.0,5.0,0.0,0.0,2.5,0.0,1.25,5.0,3.75,3.75,5.0,3.75
338,5,0.0,0.0,0.0,0.0,0.0,3.75,0.0,0.0,0.0,0.0,0.0,5.0,0.0,0.0,0.0,0.0,5.0,3.75,5.0,0.0,3.75,5.0,2.5,0.0,0.0,2.5,3.75,0.0,3.75,0.0,3.125,2.5,3.75,4.375,5.0,0.0,5.0,0.0,1.25,2.5,0.0,0.0,5.0,0.0,3.75,0.0,0.0,5.0,0.0,3.75,0.0,0.0,1.25,1.25,0.0,5.0,0.0,5.0,5.0,0.0,0.0,3.125,0.0,0.0,5.0,3.75,3.75,5.0,3.75
339,3,0.0,0.0,0.0,0.0,0.0,3.75,0.0,0.0,0.0,0.0,0.0,5.0,0.0,0.0,0.0,0.0,5.0,3.125,3.75,0.0,5.0,5.0,1.25,0.0,0.0,2.5,3.75,0.0,5.0,0.0,3.75,3.75,5.0,4.375,5.0,0.0,5.0,0.0,2.5,3.75,0.0,0.0,5.0,0.0,3.75,0.0,2.5,5.0,0.0,5.0,0.0,0.0,2.5,1.25,0.0,5.0,0.0,5.0,5.0,0.0,0.0,4.375,0.0,3.75,5.0,5.0,5.0,5.0,3.75
339,4,0.0,0.0,0.0,0.0,0.0,2.5,0.0,0.0,0.0,0.0,0.0,5.0,0.0,0.0,0.0,0.0,5.0,2.5,4.375,0.0,4.375,5.0,1.25,0.0,0.0,1.25,3.75,0.0,4.375,0.0,3.75,2.5,5.0,3.75,5.0,0.0,5.0,0.0,1.25,2.5,0.0,0.0,5.0,0.0,2.5,0.0,1.25,5.0,0.0,5.0,0.0,0.0,2.5,1.25,0.0,5.0,0.0,5.0,5.0,0.0,0.0,3.75,0.0,2.5,5.0,5.0,5.0,5.0,2.5
339,5,0.0,0.0,0.0,0.0,0.0,2.5,0.0,0.0,0.0,0.0,0.0,5.0,0.0,0.0,0.0,0.0,5.0,2.5,5.0,0.0,5.0,5.0,1.25,0.0,0.0,1.875,3.75,0.0,4.375,0.0,3.75,3.125,5.0,3.75,5.0,0.0,5.0,0.0,1.25,3.125,0.0,0.0,5.0,0.0,2.5,0.0,1.25,5.0,0.0,5.0,0.0,0.0,2.5,1.25,0.0,5.0,0.0,5.0,5.0,0.0,0.0,3.75,0.0,2.5,5.0,5.0,5.0,5.0,3.125
340,3,0.0,0.0,0.0,0.0,0.0,1.875,0.0,0.0,0.0,0.0,0.0,5.0,0.0,0.0,0.0,0.0,5.0,1.25,2.5,0.0,5.0,5.0,1.25,0.0,0.0,2.5,3.75,0.0,5.0,1.25,3.75,3.75,5.0,3.75,5.0,0.0,5.0,1.25,2.5,3.75,0.0,0.0,5.0,0.0,2.5,0.0,2.5,5.0,0.0,5.0,0.0,0.0,3.75,1.25,0.0,5.0,0.0,5.0,5.0,0.0,0.0,5.0,0.0,5.0,5.0,5.0,5.0,5.0,3.125
340,4,0.0,0.0,0.0,0.0,0.0,1.25,0.0,0.0,0.0,0.0,0.0,3.75,0.0,0.0,0.0,0.0,5.0,1.25,3.75,0.0,5.0,5.0,1.25,0.0,0.0,1.25,3.125,0.0,5.0,0.625,2.5,3.75,5.0,3.125,5.0,0.0,5.0,1.25,2.5,3.75,0.0,0.0,5.0,0.0,1.25,0.0,2.5,5.0,0.0,5.0,0.0,0.0,3.75,1.25,0.0,5.0,0.0,5.0,3.75,0.0,0.0,3.75,0.0,3.75,5.0,5.0,5.0,5.0,2.5
340,5,0.0,0.0,0.0,0.0,0.0,1.25,0.0,0.0,0.0,0.0,0.0,5.0,0.0,0.0,0.0,0.0,5.0,1.25,3.75,0.0,5.0,5.0,1.25,0.0,0.0,1.25,3.75,0.0,5.0,1.25,3.125,3.75,5.0,3.75,5.0,0.0,5.0,1.25,2.5,3.75,0.0,0.0,5.0,0.0,1.25,0.0,2.5,5.0,0.0,5.0,0.0,0.0,3.75,1.25,0.0,5.0,0.0,5.0,3.75,0.0,0.0,3.75,0.0,3.75,5.0,5.0,5.0,5.0,2.5
341,3,0.0,0.0,0.0,0.0,0.0,0.0,0.0,0.0,0.0,0.0,0.0,5.0,0.0,0.0,0.0,0.0,5.0,1.25,1.25,0.0,5.0,4.375,1.25,0.0,0.0,2.5,3.125,0.0,5.0,1.25,3.75,4.375,5.0,3.125,5.0,0.0,5.0,1.25,3.125,5.0,0.0,0.0,5.0,0.0,0.0,0.0,3.75,5.0,0.0,5.0,0.0,0.0,3.75,1.25,0.0,5.0,0.0,5.0,4.375,0.0,0.0,5.0,0.0,5.0,5.0,5.0,5.0,5.0,2.5
341,4,0.0,0.0,0.0,0.0,0.0,0.0,0.0,0.0,0.0,0.0,0.0,5.0,0.0,0.0,0.0,0.0,5.0,0.0,2.5,0.0,5.0,3.75,1.25,0.0,0.0,1.25,2.5,0.0,5.0,1.25,2.5,3.75,5.0,2.5,5.0,0.0,5.0,1.25,2.5,3.75,0.0,0.0,5.0,0.0,0.0,0.0,2.5,5.0,0.0,5.0,0.0,0.0,3.75,1.25,0.0,5.0,0.0,5.0,3.75,0.0,0.0,5.0,0.0,5.0,5.0,5.0,5.0,3.75,2.5
341,5,0.0,0.0,0.0,0.0,0.0,0.0,0.0,0.0,0.0,0.0,0.0,5.0,0.0,0.0,0.0,0.0,5.0,0.0,2.5,0.0,5.0,3.75,1.25,0.0,0.0,1.875,2.5,0.0,5.0,1.25,2.5,3.75,5.0,2.5,5.0,0.0,5.0,1.25,2.5,3.75,0.0,0.0,5.0,0.0,0.0,0.0,2.5,5.0,0.0,5.0,0.0,0.0,3.75,1.25,0.0,5.0,0.0,5.0,3.75,0.0,0.0,5.0,0.0,5.0,5.0,5.0,5.0,3.75,2.5
342,3,0.0,0.0,0.0,0.0,0.0,0.0,0.0,0.0,0.0,0.0,0.0,5.0,0.0,2.5,0.0,0.0,5.0,0.0,0.0,0.0,5.0,2.5,1.25,0.0,0.0,2.5,2.5,0.0,5.0,2.5,2.5,5.0,5.0,2.5,5.0,0.0,5.0,2.5,3.75,5.0,0.0,0.0,5.0,0.0,0.0,0.0,3.75,5.0,0.0,5.0,0.0,0.0,3.75,1.25,0.0,5.0,0.0,5.0,3.75,0.0,0.0,5.0,0.0,5.0,5.0,5.0,5.0,3.75,2.5
342,4,0.0,0.0,0.0,0.0,0.0,0.0,0.0,0.0,0.0,0.0,0.0,5.0,0.0,1.25,0.0,0.0,5.0,0.0,1.25,0.0,5.0,2.5,1.25,0.0,0.0,2.5,1.25,0.0,5.0,2.5,1.25,3.75,5.0,2.5,5.0,0.0,5.0,1.875,2.5,3.75,0.0,0.0,5.0,0.0,0.0,0.0,3.75,5.0,0.0,5.0,0.0,0.0,3.75,1.25,0.0,5.0,0.0,5.0,3.125,0.0,0.0,5.0,0.0,5.0,5.0,5.0,5.0,3.75,1.25
342,5,0.0,0.0,0.0,0.0,0.0,0.0,0.0,0.0,0.0,0.0,0.0,5.0,0.0,1.25,0.0,0.0,5.0,0.0,1.25,0.0,5.0,2.5,1.25,0.0,0.0,2.5,1.875,0.0,5.0,2.5,1.875,3.75,5.0,2.5,5.0,0.0,5.0,2.5,2.5,4.375,0.0,0.0,5.0,0.0,0.0,0.0,3.75,5.0,0.0,5.0,0.0,0.0,3.75,1.25,0.0,5.0,0.0,5.0,3.75,0.0,0.0,5.0,0.0,5.0,5.0,5.0,5.0,3.75,1.875
343,3,0.0,0.0,0.0,2.5,0.0,0.0,0.0,1.25,0.0,0.0,0.0,5.0,0.0,3.75,0.0,0.0,5.0,0.0,0.0,0.0,5.0,1.25,2.5,0.0,0.0,2.5,1.25,0.0,5.0,3.75,1.25,5.0,5.0,3.125,5.0,0.0,5.0,2.5,3.75,5.0,0.0,0.0,5.0,0.0,0.0,0.0,3.75,5.0,0.0,5.0,0.0,0.0,3.75,1.25,0.0,5.0,0.0,5.0,3.125,0.0,0.0,5.0,0.0,5.0,5.0,5.0,5.0,3.75,2.5
343,4,0.0,0.0,0.0,1.25,0.0,0.0,0.0,1.25,0.0,0.0,0.0,5.0,0.0,2.5,0.0,0.0,5.0,0.0,0.0,0.0,5.0,1.25,1.25,0.0,0.0,2.5,1.25,0.0,5.0,2.5,1.25,3.75,5.0,2.5,5.0,0.0,5.0,2.5,2.5,5.0,0.0,0.0,5.0,0.0,0.0,0.0,3.75,5.0,0.0,5.0,0.0,0.0,2.5,2.5,0.0,5.0,0.0,5.0,2.5,0.0,0.0,5.0,0.0,5.0,5.0,5.0,3.75,2.5,1.875
343,5,0.0,0.0,0.0,1.25,0.0,0.0,0.0,1.25,0.0,0.0,0.0,5.0,0.0,2.5,0.0,0.0,5.0,0.0,0.0,0.0,5.0,1.25,1.25,0.0,0.0,2.5,1.25,0.0,5.0,2.5,1.25,3.75,5.0,2.5,5.0,0.0,5.0,2.5,2.5,5.0,0.0,0.0,5.0,0.0,0.0,0.0,3.75,5.0,0.0,5.0,0.0,0.0,3.125,2.5,0.0,5.0,0.0,5.0,2.5,0.0,0.0,5.0,0.0,5.0,5.0,5.0,4.375,2.5,1.875
344,3,0.0,0.0,0.0,5.0,0.0,0.0,0.0,2.5,0.0,0.0,0.0,5.0,0.0,5.0,1.25,0.0,3.75,0.0,0.0,0.0,5.0,0.0,2.5,0.0,0.0,2.5,0.0,0.0,5.0,3.75,0.0,3.75,5.0,3.75,5.0,0.0,3.75,2.5,3.75,5.0,0.0,0.0,5.0,0.0,0.0,0.0,3.75,5.0,0.0,5.0,0.0,0.0,2.5,1.25,0.0,5.0,0.0,5.0,2.5,0.0,0.0,5.0,0.0,5.0,5.0,5.0,5.0,2.5,2.5
344,4,0.0,0.0,0.0,3.75,0.0,0.0,0.0,1.25,0.0,0.0,0.0,5.0,0.0,5.0,1.25,0.0,5.0,0.0,0.0,0.0,5.0,0.0,2.5,0.0,0.0,2.5,0.0,0.0,5.0,3.75,0.0,3.75,3.75,2.5,5.0,0.0,3.75,2.5,3.125,5.0,0.0,0.0,5.0,0.0,0.0,0.0,3.75,5.0,0.0,5.0,0.0,0.0,2.5,2.5,0.0,5.0,0.0,5.0,2.5,0.0,0.0,5.0,0.0,5.0,5.0,5.0,3.75,2.5,1.875
344,5,0.0,0.0,0.0,2.5,0.0,0.0,0.0,1.875,0.0,0.0,0.0,5.0,0.0,3.75,1.25,0.0,5.0,0.0,0.0,0.0,5.0,0.0,2.5,0.0,0.0,2.5,0.0,0.0,5.0,3.75,0.0,3.75,3.75,3.125,5.0,0.0,3.75,2.5,3.125,5.0,0.0,0.0,5.0,0.0,0.0,0.0,3.75,5.0,0.0,5.0,0.0,0.0,2.5,2.5,0.0,5.0,0.0,5.0,2.5,0.0,0.0,5.0,0.0,5.0,5.0,5.0,3.75,2.5,2.5
345,3,0.0,0.0,0.0,5.0,0.0,0.0,0.0,3.75,0.0,0.0,0.0,5.0,0.0,5.0,2.5,0.0,2.5,0.0,0.0,0.0,5.0,0.0,3.75,0.0,0.0,2.5,0.0,0.0,5.0,3.75,0.0,3.75,3.75,3.75,5.0,0.0,2.5,2.5,3.75,5.0,0.0,0.0,5.0,0.0,0.0,0.0,3.75,5.0,0.0,5.0,0.0,0.0,1.25,1.25,0.0,5.0,0.0,5.0,2.5,0.0,0.0,5.0,0.0,5.0,5.0,5.0,3.75,2.5,2.5
345,4,0.0,0.0,0.0,5.0,0.0,0.0,0.0,2.5,0.0,0.0,0.0,5.0,0.0,5.0,2.5,0.0,3.75,0.0,0.0,0.0,5.0,0.0,2.5,0.0,0.0,2.5,0.0,0.0,3.75,3.125,0.0,2.5,3.75,3.75,5.0,0.0,2.5,2.5,3.75,5.0,0.0,0.0,3.75,0.0,0.0,0.0,3.75,5.0,0.0,5.0,0.0,0.0,1.25,2.5,0.0,5.0,0.0,5.0,1.25,0.0,0.0,5.0,0.0,5.0,5.0,5.0,2.5,2.5,2.5
345,5,0.0,0.0,0.0,5.0,0.0,0.0,0.0,2.5,0.0,0.0,0.0,5.0,0.0,5.0,2.5,0.0,3.75,0.0,0.0,0.0,5.0,0.0,2.5,0.0,0.0,2.5,0.0,0.0,3.75,3.75,0.0,3.125,3.75,3.75,5.0,0.0,1.25,2.5,3.75,5.0,0.0,0.0,5.0,0.0,0.0,0.0,3.75,5.0,0.0,5.0,0.0,0.0,1.25,2.5,0.0,5.0,0.0,5.0,1.875,0.0,0.0,5.0,0.0,5.0,5.0,5.0,2.5,2.5,2.5
346,3,0.0,0.0,0.0,5.0,0.0,0.0,0.0,5.0,0.0,0.0,0.0,5.0,0.0,5.0,5.0,0.0,1.25,0.0,0.0,0.0,5.0,0.0,3.75,0.0,0.0,3.125,0.0,0.0,5.0,3.125,0.0,2.5,3.125,5.0,5.0,0.0,1.25,2.5,3.75,5.0,0.0,0.0,5.0,0.0,1.25,0.0,4.375,5.0,0.0,5.0,0.0,0.0,0.0,1.25,0.0,5.0,0.0,5.0,2.5,0.0,0.0,5.0,0.0,5.0,5.0,5.0,2.5,2.5,2.5
346,4,0.0,0.0,0.0,5.0,0.0,0.0,0.0,3.75,0.0,0.0,0.0,5.0,0.0,5.0,3.75,0.0,2.5,0.0,0.0,0.0,3.75,0.0,2.5,0.0,0.0,2.5,0.0,0.0,3.75,2.5,0.0,2.5,2.5,3.75,5.0,0.0,1.25,2.5,3.125,5.0,0.0,0.0,5.0,0.0,1.25,0.0,3.75,5.0,0.0,5.0,0.0,0.0,0.0,2.5,0.0,5.0,0.0,5.0,1.25,0.0,0.0,5.0,0.0,5.0,5.0,5.0,2.5,2.5,2.5
346,5,0.0,0.0,0.0,5.0,0.0,0.0,0.0,3.75,0.0,0.0,0.0,5.0,0.0,5.0,3.75,0.0,2.5,0.0,0.0,0.0,4.375,0.0,2.5,0.0,0.0,2.5,0.0,0.0,3.75,2.5,0.0,2.5,2.5,3.75,5.0,0.0,1.25,2.5,3.75,5.0,0.0,0.0,5.0,0.0,1.25,0.0,3.75,5.0,0.0,5.0,0.0,0.0,0.0,2.5,0.0,5.0,0.0,5.0,1.25,0.0,0.0,5.0,0.0,5.0,5.0,5.0,2.5,2.5,2.5
347,3,0.0,0.0,0.0,5.0,0.0,0.0,0.0,5.0,0.0,0.0,0.0,5.0,0.0,5.0,5.0,0.0,0.0,0.0,0.0,0.0,3.125,0.0,2.5,0.0,0.0,3.125,0.0,0.0,5.0,2.5,1.25,2.5,2.5,5.0,5.0,0.0,1.25,2.5,3.75,5.0,0.0,0.0,5.0,0.0,2.5,0.0,5.0,5.0,0.0,5.0,0.0,0.0,0.0,1.25,0.0,5.0,0.0,5.0,2.5,0.0,0.0,5.0,0.0,5.0,5.0,5.0,2.5,2.5,2.5
347,4,0.0,0.0,0.0,5.0,0.0,0.0,0.0,3.75,0.0,0.0,0.0,4.375,0.0,5.0,5.0,0.0,1.25,0.0,0.0,0.0,2.5,0.0,2.5,0.0,0.0,3.125,0.0,0.0,3.75,1.25,1.25,2.5,2.5,3.75,5.0,0.0,1.25,2.5,2.5,5.0,0.0,0.0,5.0,0.0,2.5,0.0,3.75,5.0,0.0,5.0,0.0,0.0,0.0,2.5,0.0,5.0,0.0,5.0,1.25,0.0,0.0,5.0,0.0,5.0,5.0,3.75,1.875,2.5,2.5
347,5,0.0,0.0,0.0,5.0,0.0,0.0,0.0,5.0,0.0,0.0,0.0,5.0,0.0,5.0,5.0,0.0,1.25,0.0,0.0,0.0,2.5,0.0,2.5,0.0,0.0,3.125,0.0,0.0,3.75,1.875,1.25,2.5,2.5,3.75,5.0,0.0,1.25,2.5,3.125,5.0,0.0,0.0,5.0,0.0,2.5,0.0,3.75,5.0,0.0,5.0,0.0,0.0,0.0,2.5,0.0,5.0,0.0,5.0,1.25,0.0,0.0,5.0,0.0,5.0,5.0,3.75,2.5,2.5,2.5
348,3,0.0,0.0,0.0,5.0,0.0,0.0,0.0,5.0,0.0,0.0,0.0,3.75,0.0,5.0,5.0,0.0,0.0,0.0,0.0,0.0,1.25,1.25,2.5,1.25,0.0,3.125,0.0,0.0,5.0,1.25,1.875,3.75,2.5,5.0,5.0,0.0,1.25,2.5,3.125,5.0,0.0,0.0,5.0,0.0,3.75,0.0,5.0,5.0,0.0,5.0,0.0,1.25,0.0,1.25,0.0,5.0,0.0,5.0,2.5,0.0,0.0,5.0,0.0,5.0,5.0,3.75,2.5,2.5,2.5
348,4,0.0,0.0,0.0,5.0,0.0,0.0,0.0,3.75,0.0,0.0,0.0,3.125,0.0,5.0,5.0,0.0,0.0,0.0,0.0,0.0,1.25,0.625,1.25,1.25,0.0,3.75,0.0,0.0,3.75,1.25,2.5,2.5,2.5,3.75,5.0,0.0,1.25,2.5,2.5,5.0,0.0,0.0,5.0,0.0,2.5,0.0,4.375,5.0,0.0,5.0,0.0,1.25,0.0,2.5,0.0,3.75,0.0,5.0,1.875,0.0,0.0,5.0,0.0,5.0,5.0,2.5,1.875,2.5,2.5
348,5,0.0,0.0,0.0,5.0,0.0,0.0,0.0,4.375,0.0,0.0,0.0,3.75,0.0,5.0,5.0,0.0,0.0,0.0,0.0,0.0,1.25,1.25,1.875,1.25,0.0,3.75,0.0,0.0,3.75,1.25,2.5,2.5,2.5,4.375,5.0,0.0,1.25,2.5,3.125,5.0,0.0,0.0,5.0,0.0,2.5,0.0,4.375,5.0,0.0,5.0,0.0,1.25,0.0,2.5,0.0,3.75,0.0,5.0,1.875,0.0,0.0,5.0,0.0,5.0,5.0,2.5,1.875,2.5,2.5
349,3,0.0,0.0,0.0,5.0,0.0,0.0,0.0,5.0,0.0,0.0,0.0,2.5,0.0,5.0,5.0,0.0,0.0,0.0,0.0,0.0,0.0,1.25,1.25,2.5,0.0,3.125,0.0,0.0,5.0,0.0,2.5,5.0,2.5,5.0,5.0,0.0,1.25,3.75,2.5,5.0,0.0,0.0,5.0,0.0,5.0,0.0,5.0,5.0,0.0,5.0,0.0,3.125,0.0,0.0,0.0,3.75,0.0,5.0,2.5,0.0,0.0,5.0,0.0,5.0,5.0,2.5,2.5,2.5,3.125
349,4,0.0,0.0,0.0,5.0,0.0,0.0,0.0,3.75,1.25,0.0,0.0,1.25,0.0,5.0,5.0,0.0,0.0,0.0,0.0,0.0,0.0,1.25,1.25,2.5,0.0,3.75,0.0,0.0,4.375,0.0,3.75,3.75,2.5,3.75,5.0,0.0,1.25,2.5,3.125,3.75,0.0,0.0,5.0,0.0,3.75,0.0,5.0,5.0,0.0,5.0,0.0,2.5,0.0,1.25,0.0,2.5,0.0,5.0,2.5,0.0,0.0,5.0,0.0,5.0,5.0,2.5,2.5,2.5,2.5
349,5,0.0,0.0,0.0,5.0,0.0,0.0,0.0,3.75,1.25,0.0,0.0,1.875,0.0,5.0,5.0,0.0,0.0,0.0,0.0,0.0,0.0,1.25,1.25,3.125,0.0,3.75,0.0,0.0,5.0,0.0,3.75,3.75,2.5,4.375,5.0,0.0,1.875,2.5,3.125,3.75,0.0,0.0,5.0,0.0,3.75,0.0,5.0,5.0,0.0,5.0,0.0,2.5,0.0,1.25,0.0,2.5,0.0,5.0,2.5,0.0,0.0,5.0,0.0,5.0,5.0,2.5,2.5,2.5,2.5
350,3,0.0,0.0,0.0,5.0,0.0,0.0,0.0,3.75,1.25,1.25,0.0,1.25,0.0,5.0,5.0,0.0,0.0,0.0,0.0,0.0,0.0,2.5,1.25,5.0,0.0,3.125,0.0,0.0,5.0,0.0,3.75,5.0,2.5,5.0,5.0,0.0,2.5,3.75,2.5,5.0,0.0,0.0,5.0,0.0,5.0,0.0,5.0,5.0,1.25,5.0,0.0,5.0,0.0,0.0,0.0,2.5,0.0,5.0,2.5,0.0,0.0,5.0,0.0,5.0,5.0,2.5,3.125,2.5,3.125
350,4,0.0,0.0,0.0,5.0,0.0,0.0,0.0,2.5,2.5,1.25,0.0,1.25,0.0,5.0,5.0,0.0,0.0,0.0,0.0,0.0,0.0,2.5,1.25,5.0,0.0,3.75,0.0,0.0,5.0,0.0,3.75,5.0,2.5,3.75,5.0,0.0,2.5,2.5,3.125,3.75,0.0,0.0,5.0,0.0,5.0,0.0,5.0,5.0,1.25,5.0,0.0,3.75,0.0,0.0,0.0,1.25,0.0,5.0,2.5,0.0,0.0,5.0,0.0,5.0,5.0,1.25,2.5,2.5,3.125
350,5,0.0,0.0,0.0,5.0,0.0,0.0,0.0,2.5,2.5,1.25,0.0,1.25,0.0,5.0,5.0,0.0,0.0,0.0,0.0,0.0,0.0,2.5,1.25,5.0,0.0,3.75,0.0,0.0,5.0,0.0,3.75,5.0,2.5,4.375,5.0,0.0,2.5,3.125,3.125,3.75,0.0,0.0,5.0,0.0,5.0,0.0,5.0,5.0,1.25,5.0,0.0,4.375,0.0,1.25,0.0,1.25,0.0,5.0,2.5,0.0,0.0,5.0,0.0,5.0,5.0,1.25,2.5,2.5,3.125
351,3,0.0,0.0,0.0,3.75,0.0,0.0,0.0,2.5,2.5,2.5,0.0,0.0,0.0,5.0,5.0,0.0,0.0,1.25,0.0,0.0,0.0,3.125,1.25,5.0,0.0,3.125,1.25,0.0,5.0,0.0,3.75,5.0,2.5,4.375,5.0,0.0,2.5,3.75,2.5,5.0,0.0,0.0,5.0,0.0,5.0,0.0,5.0,5.0,2.5,5.0,0.0,5.0,1.25,0.0,0.0,0.0,0.0,5.0,2.5,0.0,0.0,5.0,0.0,5.0,3.75,2.5,3.125,2.5,3.75
351,4,0.0,0.0,0.0,3.125,0.0,0.0,0.0,1.25,5.0,2.5,0.0,0.0,0.0,3.75,5.0,0.0,0.0,1.25,0.0,0.0,0.0,2.5,1.25,5.0,0.0,3.125,0.0,0.0,5.0,0.0,4.375,5.0,2.5,3.75,5.0,0.625,2.5,3.75,3.75,3.75,0.0,0.0,5.0,1.25,5.0,0.0,5.0,5.0,3.75,5.0,0.0,5.0,1.25,0.0,0.0,0.0,0.0,5.0,2.5,0.0,0.0,5.0,0.0,5.0,3.75,1.25,2.5,2.5,3.75
351,5,0.0,0.0,0.0,2.5,0.0,0.0,0.0,1.25,3.75,2.5,0.0,0.0,0.0,3.75,5.0,0.0,0.0,1.25,0.0,0.0,0.0,3.125,1.25,5.0,0.0,3.75,0.0,0.0,5.0,0.0,4.375,5.0,2.5,3.75,5.0,1.25,2.5,3.75,3.75,3.75,0.0,0.0,5.0,1.25,5.0,0.0,5.0,5.0,2.5,5.0,0.0,5.0,1.25,0.0,0.0,0.0,0.0,5.0,2.5,0.0,0.0,5.0,0.0,5.0,3.75,1.875,2.5,2.5,3.75
352,3,0.0,0.0,0.0,2.5,0.0,0.0,0.0,1.25,3.75,3.75,0.0,0.0,0.0,2.5,5.0,0.0,0.0,1.875,0.0,0.0,0.0,3.75,2.5,5.0,0.0,3.125,1.875,0.0,5.0,0.0,3.75,5.0,3.125,4.375,5.0,1.25,2.5,5.0,1.875,5.0,0.0,0.0,5.0,1.25,5.0,0.0,5.0,5.0,3.75,5.0,0.0,5.0,2.5,0.0,0.0,0.0,0.0,5.0,2.5,0.0,0.0,5.0,0.0,5.0,2.5,2.5,2.5,3.75,3.75
352,4,0.0,0.0,0.0,1.25,0.0,0.0,0.0,0.0,5.0,5.0,0.0,0.0,0.0,2.5,5.0,0.0,0.0,2.5,0.0,0.0,0.0,3.75,2.5,5.0,0.0,3.125,1.25,0.0,5.0,0.0,4.375,5.0,2.5,3.75,5.0,1.25,2.5,3.75,3.75,5.0,0.0,0.0,5.0,2.5,5.0,0.0,5.0,3.75,5.0,3.75,0.0,5.0,2.5,0.0,0.0,0.0,1.25,5.0,2.5,0.0,0.0,5.0,0.0,5.0,2.5,2.5,2.5,2.5,3.75
352,5,0.0,0.0,0.0,1.25,0.0,0.0,0.0,0.625,5.0,4.375,0.0,0.0,0.0,1.25,5.0,0.0,0.0,2.5,0.0,0.0,0.0,3.75,2.5,5.0,0.0,3.125,1.25,0.0,5.0,0.0,4.375,5.0,2.5,3.75,5.0,1.25,2.5,3.75,3.75,5.0,0.0,0.0,5.0,2.5,5.0,0.0,5.0,5.0,5.0,4.375,0.0,5.0,2.5,0.0,0.0,0.0,1.25,5.0,2.5,0.0,0.0,5.0,0.0,5.0,2.5,2.5,2.5,2.5,3.75
353,3,0.0,0.0,0.0,0.0,0.0,0.0,0.0,0.0,5.0,5.0,0.0,0.0,0.0,1.25,5.0,0.0,0.0,3.125,0.0,0.0,0.0,3.75,3.75,5.0,0.0,3.75,2.5,0.0,5.0,0.0,3.125,5.0,3.75,3.75,5.0,2.5,2.5,5.0,2.5,5.0,0.0,0.0,5.0,2.5,5.0,0.0,5.0,5.0,5.0,5.0,0.0,5.0,3.75,0.0,0.0,0.0,1.25,5.0,3.75,0.0,0.0,5.0,0.0,5.0,1.875,3.75,2.5,3.75,3.75
353,4,0.0,0.0,0.0,0.0,0.0,0.0,0.0,0.0,5.0,5.0,0.0,0.0,0.0,1.25,5.0,0.0,0.0,3.125,0.0,0.0,0.0,2.5,3.75,5.0,0.0,3.75,2.5,0.0,5.0,0.0,3.75,5.0,2.5,3.125,4.375,2.5,2.5,5.0,3.125,5.0,0.0,0.0,5.0,3.75,5.0,0.0,5.0,3.75,5.0,3.75,0.0,5.0,3.75,0.0,0.0,0.0,2.5,5.0,3.75,1.25,0.0,5.0,0.0,5.0,1.25,2.5,1.25,2.5,3.75
353,5,0.0,0.0,0.0,0.0,0.0,0.0,0.0,0.0,5.0,5.0,0.0,0.0,0.0,0.0,5.0,0.0,0.0,3.125,0.0,0.0,0.0,3.125,3.75,5.0,0.0,3.75,2.5,0.0,5.0,0.0,3.75,5.0,2.5,3.75,5.0,2.5,2.5,5.0,3.125,5.0,0.0,0.0,5.0,3.75,5.0,0.0,5.0,3.75,5.0,3.75,0.0,5.0,4.375,0.0,0.0,0.0,2.5,5.0,3.75,1.25,0.0,5.0,0.0,5.0,1.25,2.5,1.875,3.75,3.75
354,3,0.0,0.0,0.0,0.0,0.0,0.0,0.0,0.0,5.0,5.0,0.0,0.0,0.0,0.0,3.75,0.0,0.0,3.75,0.0,0.0,0.0,2.5,5.0,5.0,0.0,3.75,3.75,0.0,5.0,0.0,2.5,5.0,3.75,3.125,5.0,3.75,2.5,5.0,2.5,5.0,0.0,0.0,5.0,3.75,5.0,0.0,5.0,3.75,5.0,5.0,0.0,5.0,4.375,0.0,0.0,0.0,2.5,5.0,3.75,1.25,0.0,5.0,0.0,5.0,1.25,3.75,2.5,3.75,3.75
354,4,0.0,0.0,0.0,0.0,0.0,0.0,0.0,0.0,5.0,5.0,0.0,0.0,0.0,0.0,3.75,0.0,0.0,4.375,0.0,0.0,0.0,2.5,3.75,5.0,0.0,3.75,2.5,0.0,5.0,0.0,2.5,5.0,2.5,2.5,3.75,3.75,2.5,5.0,2.5,5.0,0.0,0.0,5.0,3.75,5.0,0.0,5.0,3.75,5.0,3.75,0.0,5.0,5.0,0.0,0.0,0.0,3.75,5.0,3.75,3.75,1.25,5.0,0.0,5.0,1.25,2.5,1.25,3.75,3.75
354,5,0.0,0.0,0.0,0.0,0.0,0.0,0.0,0.0,5.0,5.0,0.0,0.0,0.0,0.0,3.75,0.0,0.0,3.75,0.0,0.0,0.0,2.5,3.75,5.0,0.0,3.75,2.5,0.0,5.0,0.0,2.5,5.0,2.5,2.5,3.75,3.75,2.5,5.0,2.5,5.0,0.0,0.0,5.0,4.375,5.0,0.0,5.0,3.75,5.0,3.75,0.0,5.0,5.0,0.0,0.0,0.0,3.75,5.0,3.75,2.5,0.0,5.0,0.0,5.0,1.25,2.5,1.25,3.75,3.75
355,3,0.0,0.0,0.0,0.0,0.0,1.25,0.0,0.0,5.0,5.0,0.0,0.0,0.0,0.0,2.5,0.0,0.0,4.375,0.0,0.0,1.25,1.875,5.0,5.0,0.0,5.0,3.75,0.0,5.0,0.0,1.25,5.0,3.75,3.125,5.0,3.75,2.5,5.0,2.5,5.0,0.0,0.0,5.0,4.375,5.0,0.0,5.0,3.75,5.0,5.0,0.0,3.75,5.0,0.0,0.0,1.25,3.75,5.0,4.375,2.5,0.0,5.0,1.25,5.0,2.5,2.5,2.5,5.0,3.75
355,4,0.0,0.0,0.0,0.0,0.0,1.25,0.0,0.0,5.0,5.0,0.0,0.0,0.0,0.0,2.5,0.0,0.0,5.0,0.0,0.0,1.25,1.25,5.0,5.0,0.0,3.75,3.125,0.0,5.0,0.0,1.875,3.75,2.5,2.5,3.75,3.75,2.5,5.0,2.5,5.0,0.0,0.0,4.375,5.0,5.0,0.0,5.0,3.75,5.0,5.0,0.0,3.75,5.0,0.0,0.0,0.0,5.0,5.0,4.375,5.0,2.5,5.0,0.625,3.75,1.25,2.5,2.5,3.75,3.75
355,5,0.0,0.0,0.0,0.0,0.0,0.0,0.0,0.0,5.0,5.0,0.0,0.0,0.0,0.0,2.5,0.0,0.0,5.0,0.0,0.0,1.25,1.25,5.0,5.0,0.0,4.375,3.75,0.0,5.0,0.0,1.875,4.375,2.5,2.5,3.75,3.75,2.5,5.0,2.5,5.0,0.0,0.0,5.0,5.0,5.0,0.0,5.0,3.75,5.0,5.0,0.0,3.75,5.0,0.0,0.0,0.0,5.0,5.0,4.375,4.375,1.25,5.0,0.0,4.375,1.25,2.5,2.5,3.75,3.75
356,3,0.0,0.0,0.0,0.0,0.0,2.5,0.0,0.0,3.75,5.0,0.0,0.0,0.0,0.0,1.25,0.0,0.0,4.375,0.0,0.0,2.5,1.25,5.0,3.75,0.0,5.0,3.75,0.0,5.0,1.25,1.25,3.75,3.75,3.75,5.0,4.375,2.5,5.0,2.5,5.0,0.0,0.0,5.0,4.375,5.0,0.0,5.0,3.75,5.0,5.0,0.0,2.5,5.0,0.0,0.0,2.5,5.0,3.75,5.0,3.75,1.25,5.0,2.5,3.75,2.5,2.5,3.75,5.0,3.75
356,4,0.0,0.0,0.0,0.0,0.0,2.5,0.0,0.0,5.0,5.0,0.0,0.0,0.0,0.0,1.25,0.0,0.0,5.0,0.0,0.0,1.875,1.25,5.0,2.5,0.0,3.75,2.5,0.0,5.0,0.625,1.25,3.75,2.5,2.5,3.75,3.75,2.5,5.0,2.5,5.0,0.0,0.0,3.75,5.0,5.0,0.0,5.0,3.125,5.0,5.0,0.0,2.5,5.0,0.0,0.0,1.25,5.0,5.0,5.0,5.0,3.75,5.0,1.875,2.5,2.5,1.875,2.5,3.75,3.75
356,5,0.0,0.0,0.0,0.0,0.0,2.5,0.0,0.0,5.0,5.0,0.0,0.0,0.0,0.0,1.25,0.0,0.0,5.0,0.0,0.0,2.5,1.25,5.0,3.75,0.0,5.0,3.125,0.0,5.0,1.25,1.25,3.75,2.5,2.5,3.75,4.375,2.5,5.0,2.5,5.0,0.0,0.0,3.75,5.0,5.0,0.0,5.0,3.75,5.0,5.0,0.0,2.5,5.0,0.0,0.0,1.25,5.0,5.0,5.0,5.0,3.125,5.0,1.25,2.5,2.5,2.5,2.5,3.75,3.75
357,3,0.0,0.0,0.0,0.0,0.0,5.0,0.0,0.0,2.5,5.0,0.0,1.25,0.0,0.0,0.0,0.0,0.0,4.375,0.0,0.0,3.75,0.0,5.0,2.5,0.0,5.0,3.75,0.0,5.0,1.25,0.0,2.5,3.75,3.75,5.0,4.375,1.875,5.0,3.75,5.0,0.0,0.0,5.0,4.375,5.0,0.0,5.0,3.75,3.75,5.0,0.0,1.25,3.75,0.0,0.0,2.5,5.0,2.5,5.0,4.375,2.5,5.0,5.0,2.5,3.75,2.5,3.75,5.0,3.125
357,4,0.0,0.0,0.0,0.0,0.0,3.75,0.0,0.0,5.0,5.0,0.0,1.25,0.0,0.0,0.0,0.0,0.0,4.375,0.0,0.0,2.5,0.0,5.0,1.25,0.0,3.75,2.5,0.0,3.75,1.25,0.0,2.5,2.5,3.75,3.75,3.75,1.25,5.0,2.5,5.0,0.0,0.0,3.75,4.375,3.75,0.0,5.0,3.75,5.0,5.0,0.0,1.25,5.0,0.0,0.0,1.25,5.0,3.75,5.0,5.0,5.0,5.0,3.75,1.25,2.5,1.25,3.75,3.75,3.75
357,5,0.0,0.0,0.0,0.0,0.0,3.75,0.0,0.0,3.75,5.0,0.0,1.25,0.0,0.0,0.0,0.0,0.0,5.0,0.0,0.0,3.125,0.0,5.0,1.25,0.0,4.375,2.5,0.0,3.75,1.25,0.0,2.5,3.125,3.75,3.75,3.75,1.875,5.0,3.125,5.0,0.0,0.0,5.0,4.375,4.375,0.0,5.0,3.75,5.0,5.0,0.0,1.25,5.0,0.0,0.0,2.5,5.0,3.75,5.0,5.0,5.0,5.0,3.75,1.25,2.5,1.25,3.75,3.75,3.75
358,3,0.0,0.0,0.0,0.0,0.0,5.0,0.0,0.0,1.25,5.0,0.0,2.5,0.0,0.0,0.0,0.0,0.0,3.75,0.0,0.0,5.0,0.0,5.0,1.25,0.0,5.0,2.5,0.0,3.75,2.5,0.0,2.5,3.75,5.0,5.0,3.75,1.25,5.0,3.75,5.0,0.0,0.0,5.0,3.75,3.75,0.0,5.0,4.375,2.5,5.0,0.0,0.0,2.5,0.0,0.0,3.75,5.0,2.5,5.0,5.0,3.75,5.0,5.0,1.25,3.75,1.875,5.0,5.0,2.5
358,4,0.0,0.0,0.0,0.0,0.0,5.0,0.0,0.0,2.5,5.0,0.0,1.25,0.0,0.0,0.0,0.0,0.0,3.75,0.0,0.0,3.75,0.0,5.0,0.0,0.0,3.75,2.5,0.0,2.5,2.5,0.0,2.5,3.125,3.75,3.75,3.75,1.25,5.0,3.75,4.375,0.0,0.0,3.75,3.75,3.75,0.0,3.75,3.75,3.75,5.0,0.0,0.0,3.75,0.0,0.0,2.5,5.0,3.75,5.0,5.0,5.0,5.0,5.0,1.25,2.5,1.25,3.75,3.75,2.5
358,5,0.0,0.0,0.0,0.0,0.0,5.0,0.0,0.0,2.5,5.0,0.0,1.875,0.0,0.0,0.0,0.0,0.0,3.75,0.0,0.0,3.75,0.0,5.0,0.0,0.0,3.75,2.5,0.0,2.5,2.5,0.0,2.5,3.75,3.75,4.375,3.75,1.25,5.0,3.75,5.0,0.0,0.0,4.375,3.75,3.75,0.0,4.375,3.75,3.75,5.0,0.0,0.0,3.75,0.0,0.0,2.5,5.0,3.125,5.0,5.0,5.0,5.0,5.0,1.25,2.5,1.25,3.75,3.75,3.125
359,3,0.0,0.0,0.0,0.0,0.0,5.0,0.0,0.0,0.0,5.0,0.0,3.75,0.0,0.0,1.25,0.0,0.0,3.125,0.0,0.0,5.0,0.0,5.0,0.0,0.0,3.75,1.25,0.0,2.5,3.75,0.0,3.75,4.375,5.0,5.0,3.75,1.25,5.0,3.75,5.0,0.0,0.0,5.0,3.75,3.75,0.0,5.0,5.0,1.25,5.0,0.0,0.0,1.25,0.0,0.0,3.75,5.0,2.5,5.0,5.0,4.375,5.0,5.0,1.25,3.125,2.5,5.0,5.0,2.5
359,4,0.0,0.0,0.0,0.0,0.0,5.0,0.0,0.0,1.25,5.0,0.0,2.5,0.0,0.0,0.0,0.0,0.0,3.125,0.0,0.0,5.0,0.0,3.75,0.0,0.0,2.5,1.25,0.0,1.25,3.125,0.0,3.125,3.75,5.0,3.75,3.75,1.25,3.75,3.75,3.75,0.0,0.0,5.0,3.75,3.75,0.0,5.0,4.375,2.5,5.0,0.0,0.0,2.5,0.0,0.0,3.75,5.0,2.5,5.0,5.0,5.0,5.0,5.0,1.25,2.5,1.25,5.0,4.375,2.5
359,5,0.0,0.0,0.0,0.0,0.0,5.0,0.0,0.0,0.0,5.0,0.0,2.5,0.0,0.0,0.0,0.0,0.0,2.5,0.0,0.0,5.0,0.0,3.75,0.0,0.0,3.75,1.25,0.0,1.25,3.75,0.0,3.75,3.75,5.0,4.375,3.75,1.25,3.75,3.75,3.75,0.0,0.0,5.0,3.75,3.75,0.0,5.0,5.0,1.25,5.0,0.0,0.0,2.5,0.0,0.0,3.75,5.0,2.5,5.0,5.0,5.0,5.0,5.0,1.25,2.5,1.25,5.0,5.0,2.5
