Wind direction,Wind speed,Turbine 0,Turbine 1,Turbine 2,Turbine 3,Turbine 4,Turbine 5,Turbine 6,Turbine 7,Turbine 8,Turbine 9,Turbine 10,Turbine 11,Turbine 12,Turbine 13,Turbine 14,Turbine 15,Turbine 16,Turbine 17,Turbine 18,Turbine 19,Turbine 20,Turbine 21,Turbine 22,Turbine 23,Turbine 24,Turbine 25,Turbine 26,Turbine 27,Turbine 28,Turbine 29,Turbine 30,Turbine 31,Turbine 32,Turbine 33,Turbine 34,Turbine 35,Turbine 36,Turbine 37,Turbine 38,Turbine 39,Turbine 40,Turbine 41,Turbine 42,Turbine 43,Turbine 44,Turbine 45,Turbine 46,Turbine 47,Turbine 48,Turbine 49,Turbine 50,Turbine 51,Turbine 52,Turbine 53,Turbine 54,Turbine 55,Turbine 56,Turbine 57,Turbine 58,Turbine 59,Turbine 60,Turbine 61,Turbine 62,Turbine 63,Turbine 64,Turbine 65,Turbine 66,Turbine 67,Turbine 68
0,6,0.0,0.0,0.0,0.0,0.0,5.0,0.0,0.0,0.0,5.0,0.0,3.75,0.0,0.0,1.25,0.0,0.0,1.875,0.0,0.0,5.0,0.0,2.5,0.0,0.0,3.125,0.0,0.0,1.25,3.75,0.0,3.75,4.375,5.0,3.75,3.75,0.0,3.75,3.75,3.75,0.0,0.0,5.0,2.5,3.75,0.0,5.0,5.0,0.0,5.0,0.0,0.0,1.25,1.25,0.0,3.75,5.0,2.5,5.0,5.0,5.0,5.0,5.0,1.25,2.5,2.5,5.0,5.0,1.875
0,7,0.0,0.0,0.0,0.0,0.0,3.75,0.0,0.0,0.0,3.75,0.0,3.75,0.0,0.0,1.25,0.0,0.0,1.25,0.0,0.0,5.0,0.0,2.5,0.0,0.0,2.5,0.0,0.0,1.25,3.75,0.0,3.75,3.75,5.0,3.75,3.75,0.0,3.75,3.75,3.75,0.0,0.0,5.0,2.5,3.75,0.0,5.0,5.0,0.0,5.0,0.0,0.0,1.25,1.25,0.0,3.75,5.0,2.5,5.0,5.0,5.0,5.0,5.0,1.25,2.5,2.5,5.0,5.0,1.875
0,8,0.0,0.0,0.0,0.0,0.0,4.375,0.0,0.0,0.0,3.75,0.0,3.125,0.0,0.0,1.25,0.0,0.0,1.25,0.0,0.0,5.0,0.0,2.5,0.0,0.0,2.5,0.0,0.0,1.25,3.75,0.0,3.75,3.75,5.0,3.75,3.75,0.0,3.75,3.75,3.75,0.0,0.0,5.0,2.5,3.75,0.0,5.0,5.0,0.0,5.0,0.0,0.0,1.25,1.25,0.0,3.75,5.0,2.5,5.0,5.0,5.0,5.0,5.0,1.25,1.875,2.5,5.0,5.0,1.25
1,6,0.0,0.0,0.0,0.0,0.0,5.0,0.0,1.25,0.0,2.5,0.0,3.75,0.0,0.0,1.25,0.0,0.0,1.25,0.0,0.0,5.0,0.0,1.25,0.0,0.0,3.75,0.0,0.0,2.5,5.0,1.25,4.375,5.0,5.0,3.75,3.75,0.0,2.5,4.375,3.75,1.25,0.0,5.0,2.5,3.75,0.0,5.0,5.0,0.0,5.0,0.0,0.0,0.0,2.5,0.0,3.75,3.75,2.5,5.0,5.0,5.0,5.0,5.0,2.5,1.25,2.5,5.0,5.0,2.5
1,7,0.0,0.0,0.0,0.0,0.0,3.75,0.0,1.25,0.0,2.5,0.0,3.75,0.0,0.0,1.25,0.0,0.0,1.25,0.0,0.0,5.0,0.0,1.25,0.0,0.0,3.125,0.0,0.0,1.25,5.0,1.25,4.375,5.0,5.0,3.75,3.75,0.0,2.5,4.375,3.75,1.25,0.0,5.0,2.5,3.75,0.0,5.0,5.0,0.0,5.0,0.0,0.0,0.0,2.5,0.0,3.75,5.0,2.5,5.0,5.0,5.0,5.0,5.0,2.5,1.25,2.5,5.0,5.0,2.5
1,8,0.0,0.0,0.0,0.0,0.0,3.75,0.0,1.25,0.0,2.5,0.0,3.125,0.0,0.0,1.25,0.0,0.0,1.25,0.0,0.0,5.0,0.0,1.25,0.0,0.0,2.5,0.0,0.0,1.25,4.375,1.25,3.75,5.0,5.0,3.75,3.75,0.0,2.5,3.75,3.125,1.25,0.0,5.0,1.875,3.75,0.0,5.0,5.0,0.0,5.0,0.0,0.0,0.0,2.5,0.0,3.75,5.0,2.5,5.0,5.0,5.0,5.0,5.0,2.5,1.25,2.5,5.0,5.0,1.875
2,6,0.0,0.0,0.0,0.0,0.0,3.75,0.0,2.5,0.0,1.25,0.0,2.5,0.0,0.0,2.5,0.0,0.0,1.25,0.0,0.0,5.0,0.0,1.25,0.0,0.0,3.75,0.0,0.0,2.5,5.0,1.25,5.0,5.0,5.0,3.75,3.75,0.0,2.5,5.0,3.75,2.5,0.0,5.0,2.5,3.75,0.0,5.0,5.0,0.0,5.0,0.0,0.0,0.0,3.75,0.0,3.75,2.5,2.5,5.0,5.0,5.0,4.375,5.0,2.5,1.25,3.75,5.0,5.0,2.5
2,7,0.0,0.0,0.0,0.0,0.0,2.5,0.0,1.25,0.0,1.25,0.0,2.5,0.0,0.0,2.5,0.0,0.0,1.25,0.0,0.0,5.0,0.0,1.25,0.0,0.0,3.75,0.0,0.0,2.5,5.0,1.25,4.375,5.0,5.0,3.75,3.75,0.0,2.5,5.0,3.75,2.5,0.0,5.0,2.5,3.75,0.0,5.0,5.0,0.0,5.0,0.0,0.0,0.0,3.75,0.0,3.75,2.5,2.5,5.0,5.0,5.0,4.375,5.0,2.5,1.25,3.75,5.0,5.0,2.5
2,8,0.0,0.0,0.0,0.0,0.0,2.5,0.0,1.25,0.0,0.625,0.0,2.5,0.0,0.0,2.5,0.0,0.0,1.25,0.0,0.0,5.0,0.0,0.0,0.0,0.0,3.75,0.0,0.0,2.5,5.0,1.25,3.75,5.0,5.0,3.75,3.125,0.0,2.5,5.0,3.75,2.5,0.0,4.375,2.5,3.75,0.0,5.0,5.0,0.0,5.0,0.0,0.0,0.0,3.75,0.0,3.75,2.5,2.5,5.0,5.0,5.0,3.75,5.0,2.5,1.25,3.75,5.0,5.0,2.5
3,6,0.0,0.0,0.0,0.0,0.0,1.25,0.0,3.75,0.0,0.0,0.0,2.5,0.0,0.0,3.125,0.0,0.0,1.25,0.0,0.0,5.0,0.0,0.0,0.0,0.0,5.0,0.0,0.0,3.75,5.0,2.5,3.75,5.0,5.0,3.75,2.5,0.0,2.5,5.0,3.75,2.5,0.0,3.75,3.75,3.75,0.0,5.0,5.0,0.0,4.375,0.0,0.0,0.0,4.375,0.0,3.75,1.25,3.125,5.0,3.75,5.0,4.375,5.0,3.75,1.25,3.75,5.0,5.0,3.75
3,7,0.0,0.0,0.0,0.0,0.0,1.875,0.0,2.5,0.0,0.0,0.0,2.5,0.0,0.0,3.125,0.0,0.0,1.25,0.0,0.0,5.0,0.0,0.0,0.0,0.0,5.0,0.0,0.0,3.75,5.0,2.5,3.75,5.0,5.0,3.75,2.5,0.0,2.5,5.0,3.75,2.5,0.0,3.75,3.125,3.75,0.0,5.0,5.0,0.0,4.375,0.0,0.0,0.0,4.375,0.0,3.75,1.25,3.125,5.0,5.0,5.0,3.75,5.0,3.75,1.25,3.75,5.0,5.0,3.75
3,8,0.0,0.0,0.0,0.0,0.0,1.875,0.0,2.5,0.0,0.0,0.0,2.5,0.0,0.0,2.5,0.0,0.0,1.25,0.0,0.0,4.375,0.0,0.0,0.0,0.0,4.375,0.0,0.0,3.75,5.0,1.875,3.75,5.0,5.0,3.75,2.5,0.0,2.5,5.0,3.75,2.5,0.0,3.75,2.5,3.75,0.0,5.0,5.0,0.0,3.75,0.0,0.0,0.0,3.75,0.0,3.75,1.25,2.5,5.0,5.0,5.0,3.75,5.0,3.125,1.25,3.75,5.0,5.0,3.125
4,6,0.0,0.0,0.0,0.0,0.0,1.25,0.0,3.75,0.0,0.0,0.0,1.25,0.0,0.0,3.125,0.0,0.625,2.5,0.0,0.0,3.75,1.25,0.0,0.0,0.0,5.0,0.0,0.0,5.0,5.0,2.5,3.75,5.0,5.0,3.75,2.5,1.25,3.75,5.0,5.0,3.75,0.0,3.75,5.0,3.75,0.0,5.0,5.0,0.0,4.375,0.0,0.0,0.0,5.0,0.0,3.75,0.0,3.75,5.0,2.5,5.0,4.375,5.0,3.125,1.25,4.375,5.0,5.0,4.375
4,7,0.0,0.0,0.0,0.0,0.0,1.25,0.0,3.75,0.0,0.0,0.0,1.25,0.0,0.0,2.5,0.0,0.625,2.5,0.0,0.0,3.75,1.25,0.0,0.0,0.0,5.0,0.0,0.0,5.0,5.0,2.5,3.75,5.0,5.0,3.75,2.5,1.25,3.75,5.0,5.0,3.75,0.0,3.75,5.0,3.75,0.0,5.0,5.0,0.0,3.75,0.0,0.0,0.0,5.0,0.0,3.75,0.0,3.75,5.0,2.5,5.0,4.375,5.0,2.5,1.25,4.375,5.0,5.0,4.375
4,8,0.0,0.0,0.0,0.0,0.0,1.25,0.0,3.75,0.0,0.0,0.0,1.25,0.0,0.0,2.5,0.0,0.625,2.5,0.0,0.0,3.75,1.25,0.0,0.0,0.0,5.0,0.0,0.0,5.0,5.0,2.5,3.75,5.0,5.0,3.75,1.875,1.25,2.5,5.0,3.75,3.75,0.0,3.75,3.75,3.75,0.0,5.0,5.0,0.0,3.75,0.0,0.0,0.0,5.0,0.0,3.75,0.0,3.75,5.0,1.25,5.0,3.75,5.0,2.5,1.25,3.75,5.0,5.0,4.375
5,6,0.0,0.0,0.0,0.0,0.0,0.0,0.0,5.0,0.0,0.0,0.0,1.25,0.0,0.0,2.5,0.0,1.25,2.5,1.25,0.0,3.125,2.5,0.0,0.0,0.0,5.0,0.0,0.0,5.0,5.0,2.5,2.5,5.0,5.0,3.125,1.25,1.25,3.75,5.0,5.0,3.75,0.0,3.75,5.0,3.75,0.0,5.0,5.0,0.0,5.0,0.0,0.0,0.0,5.0,0.0,3.75,0.0,3.75,5.0,0.0,5.0,5.0,5.0,2.5,2.5,5.0,5.0,5.0,5.0
5,7,0.0,0.0,0.0,0.0,0.0,0.0,0.0,5.0,0.0,0.0,0.0,1.25,0.0,0.0,2.5,0.0,1.25,2.5,1.25,0.0,2.5,2.5,0.0,0.0,0.0,5.0,0.0,0.0,5.0,5.0,2.5,2.5,5.0,5.0,3.125,1.25,1.25,3.75,5.0,5.0,3.75,0.0,3.125,5.0,3.75,0.0,5.0,5.0,0.0,5.0,0.0,0.0,0.0,5.0,0.0,3.75,0.0,3.75,5.0,0.0,5.0,5.0,5.0,2.5,2.5,5.0,4.375,5.0,5.0
5,8,0.0,0.0,0.0,0.0,0.0,0.0,0.0,3.75,0.0,0.0,0.0,0.0,0.0,0.0,2.5,0.0,1.25,2.5,1.25,0.0,2.5,1.25,0.0,0.0,0.0,5.0,0.0,0.0,5.0,5.0,2.5,2.5,5.0,5.0,2.5,1.25,1.25,3.75,5.0,5.0,3.75,0.0,3.125,5.0,3.75,0.0,5.0,5.0,0.0,4.375,0.0,0.0,0.0,5.0,0.0,3.75,0.0,3.75,5.0,0.0,5.0,4.375,5.0,2.5,2.5,5.0,4.375,5.0,5.0
6,6,0.0,0.0,0.0,0.0,0.0,0.0,0.0,5.0,0.0,0.0,0.0,0.0,0.0,0.0,2.5,0.0,2.5,2.5,3.125,0.0,2.5,3.125,0.0,0.0,0.0,5.0,0.0,0.0,5.0,5.0,2.5,2.5,5.0,5.0,3.125,0.0,2.5,5.0,5.0,5.0,3.75,0.0,3.125,5.0,3.75,0.0,5.0,5.0,0.0,5.0,0.0,0.0,0.0,5.0,0.0,3.75,0.0,5.0,5.0,0.0,2.5,4.375,5.0,1.25,2.5,5.0,4.375,5.0,5.0
6,7,0.0,0.0,0.0,0.0,0.0,0.0,0.0,4.375,0.0,0.0,0.0,0.0,0.0,0.0,2.5,0.0,2.5,2.5,2.5,0.0,2.5,3.125,0.0,0.0,0.0,5.0,0.0,0.0,5.0,5.0,2.5,2.5,5.0,5.0,2.5,0.0,2.5,5.0,5.0,5.0,3.75,0.0,3.125,5.0,3.75,0.0,5.0,5.0,0.0,5.0,0.0,0.0,0.0,5.0,0.0,3.75,0.0,5.0,5.0,0.0,2.5,4.375,5.0,1.25,2.5,5.0,4.375,4.375,5.0
6,8,0.0,0.0,0.0,0.0,0.0,0.0,0.0,3.75,0.0,0.0,0.0,0.0,0.0,0.0,2.5,0.0,2.5,2.5,2.5,0.0,2.5,2.5,0.0,0.0,0.0,5.0,0.0,0.0,5.0,5.0,1.875,1.25,5.0,4.375,2.5,0.0,2.5,3.75,5.0,5.0,3.75,0.0,2.5,5.0,3.75,0.0,5.0,5.0,0.0,5.0,0.0,0.0,0.0,5.0,0.0,3.75,0.0,5.0,5.0,0.0,1.25,4.375,5.0,1.25,2.5,5.0,3.75,3.75,5.0
7,6,0.0,0.0,0.0,0.0,0.0,0.0,0.0,3.75,0.0,0.0,0.0,0.0,0.0,0.0,1.25,0.0,2.5,2.5,3.75,0.0,2.5,3.75,0.0,0.0,0.0,5.0,1.25,0.0,5.0,5.0,1.25,1.25,3.75,5.0,2.5,0.0,2.5,5.0,5.0,5.0,3.75,0.0,3.125,5.0,3.75,0.0,5.0,5.0,0.0,5.0,0.0,1.25,1.25,5.0,0.0,3.75,0.0,5.0,5.0,0.0,1.25,4.375,5.0,1.25,2.5,5.0,3.75,3.75,5.0
7,7,0.0,0.0,0.0,0.0,0.0,0.0,0.0,2.5,0.0,0.0,0.0,0.0,0.0,0.0,1.25,0.0,2.5,2.5,3.125,0.0,2.5,3.75,0.0,0.0,0.0,5.0,1.25,0.0,5.0,5.0,1.25,1.25,3.75,5.0,2.5,0.0,2.5,5.0,5.0,5.0,3.75,0.0,3.125,5.0,3.75,0.0,5.0,5.0,0.0,5.0,0.0,1.25,0.625,5.0,0.0,3.75,0.0,5.0,5.0,0.0,0.0,4.375,5.0,1.25,2.5,5.0,3.75,3.75,5.0
7,8,0.0,0.0,0.0,0.0,0.0,0.0,0.0,2.5,0.0,0.0,0.0,0.0,0.0,0.0,1.25,0.0,2.5,2.5,3.125,0.0,2.5,3.75,0.0,0.0,0.0,5.0,1.25,0.0,5.0,4.375,1.25,1.25,3.75,3.75,2.5,0.0,2.5,5.0,5.0,5.0,3.125,0.0,3.125,5.0,3.125,0.0,5.0,5.0,0.0,5.0,0.0,1.25,0.625,5.0,0.0,3.75,0.0,5.0,5.0,0.0,0.0,4.375,5.0,1.25,2.5,5.0,3.75,3.75,5.0
8,6,0.0,0.0,0.0,0.0,0.0,0.0,0.0,2.5,0.0,0.0,0.0,0.0,0.0,0.0,1.25,0.0,3.75,2.5,5.0,0.0,2.5,3.75,0.0,0.0,0.0,5.0,2.5,0.0,5.0,3.75,1.25,0.0,3.75,5.0,3.75,0.0,2.5,5.0,5.0,5.0,2.5,0.0,3.75,5.0,3.75,0.0,5.0,5.0,0.0,5.0,0.0,2.5,1.25,4.375,0.0,3.75,0.0,5.0,5.0,0.0,0.0,5.0,5.0,1.25,2.5,5.0,3.75,3.75,5.0
8,7,0.0,0.0,0.0,0.0,0.0,0.0,0.0,2.5,0.0,0.0,0.0,0.0,0.0,0.0,1.25,0.0,3.75,2.5,3.75,0.0,2.5,3.75,0.0,0.0,0.0,5.0,1.25,0.0,5.0,3.75,1.25,0.0,3.75,5.0,3.75,0.0,2.5,5.0,5.0,5.0,2.5,0.0,3.75,5.0,3.75,0.0,5.0,5.0,0.0,5.0,0.0,2.5,1.25,4.375,0.0,3.75,0.0,5.0,5.0,0.0,0.0,5.0,5.0,1.25,2.5,5.0,3.75,3.75,5.0
8,8,0.0,0.0,0.0,0.0,0.0,0.0,0.0,2.5,0.0,0.0,0.0,0.0,0.0,0.0,1.25,0.0,3.75,2.5,3.75,0.0,2.5,3.75,0.0,0.0,0.0,5.0,1.25,0.0,5.0,3.75,1.25,0.0,3.75,5.0,2.5,0.0,2.5,5.0,5.0,5.0,2.5,0.0,3.75,5.0,3.75,0.0,5.0,5.0,0.0,5.0,0.0,2.5,1.25,3.75,0.0,3.75,0.0,5.0,5.0,0.0,0.0,4.375,5.0,1.25,2.5,5.0,3.75,3.75,5.0
9,6,0.0,0.0,0.0,0.0,0.0,0.0,0.0,1.25,0.0,0.0,0.0,1.25,0.0,0.0,0.0,0.0,3.75,1.25,5.0,0.0,2.5,3.75,1.25,0.0,0.0,5.0,3.75,0.0,5.0,3.125,0.0,0.0,3.75,5.0,4.375,0.0,3.75,5.0,5.0,5.0,1.25,0.0,3.75,5.0,3.75,0.0,5.0,4.375,0.0,5.0,0.0,3.75,2.5,3.75,0.0,5.0,0.0,5.0,5.0,0.0,0.0,5.0,5.0,1.25,2.5,5.0,3.75,5.0,5.0
9,7,0.0,0.0,0.0,0.0,0.0,0.0,0.0,0.625,0.0,0.0,0.0,1.25,0.0,0.0,0.0,0.0,3.75,1.25,5.0,0.0,2.5,3.75,1.25,0.0,0.0,5.0,3.125,0.0,5.0,2.5,0.0,0.0,3.75,5.0,4.375,0.0,3.125,5.0,5.0,5.0,1.25,0.0,3.75,5.0,3.75,0.0,5.0,3.75,0.0,5.0,0.0,3.75,2.5,3.75,0.0,5.0,0.0,5.0,5.0,0.0,0.0,5.0,5.0,1.25,2.5,5.0,3.75,5.0,5.0
9,8,0.0,0.0,0.0,0.0,0.0,0.0,0.0,1.25,0.0,0.0,0.0,1.25,0.0,0.0,0.0,0.0,3.75,1.25,3.75,0.0,2.5,3.75,1.25,0.0,0.0,4.375,2.5,0.0,5.0,2.5,0.0,0.0,3.125,5.0,3.75,0.0,2.5,5.0,4.375,5.0,1.25,0.0,3.75,5.0,3.75,0.0,4.375,3.75,0.0,5.0,0.0,2.5,1.875,3.75,0.0,4.375,0.0,5.0,5.0,0.0,0.0,4.375,3.75,1.25,2.5,5.0,3.75,4.375,5.0
10,6,0.0,0.0,0.0,0.0,0.0,0.0,0.0,0.0,0.0,0.0,0.0,1.25,0.0,0.0,0.0,0.0,3.75,1.25,5.0,0.0,2.5,3.75,2.5,0.0,0.0,3.75,5.0,0.0,5.0,1.25,0.0,0.0,2.5,5.0,5.0,0.0,3.75,5.0,3.75,5.0,1.25,0.0,4.375,5.0,3.75,0.0,5.0,3.75,0.0,5.0,0.0,5.0,2.5,3.75,0.0,5.0,0.0,5.0,5.0,0.0,1.25,5.0,3.75,1.875,3.75,5.0,4.375,5.0,5.0
10,7,0.0,0.0,0.0,0.0,0.0,0.0,0.0,0.0,0.0,0.0,0.0,1.25,0.0,0.0,0.0,0.0,3.75,1.25,5.0,0.0,2.5,3.75,2.5,0.0,0.0,3.75,4.375,0.0,5.0,1.25,0.0,0.0,2.5,5.0,5.0,0.0,3.75,5.0,3.75,5.0,1.25,0.0,4.375,5.0,3.75,0.0,4.375,3.75,0.0,5.0,0.0,5.0,2.5,3.75,0.0,5.0,0.0,5.0,5.0,0.0,1.25,5.0,3.75,1.875,3.75,5.0,4.375,5.0,5.0
10,8,0.0,0.0,0.0,0.0,0.0,0.0,0.0,0.0,0.0,0.0,0.0,1.25,0.0,0.0,0.0,0.0,3.75,1.25,3.75,0.0,2.5,2.5,2.5,0.0,0.0,3.75,3.75,0.0,5.0,1.25,0.0,0.0,2.5,5.0,5.0,0.0,3.75,3.75,3.75,5.0,1.25,0.0,3.75,5.0,3.75,0.0,3.75,3.75,0.0,5.0,0.0,3.75,2.5,3.75,0.0,5.0,0.0,5.0,5.0,0.0,1.25,4.375,3.75,1.25,2.5,5.0,4.375,5.0,5.0
11,6,0.0,0.0,0.0,0.0,0.0,0.0,0.0,0.0,0.0,0.0,0.0,1.875,0.0,0.0,0.625,0.0,4.375,1.25,5.0,0.0,2.5,2.5,2.5,0.0,0.0,3.75,5.0,1.25,5.0,1.25,0.0,0.625,2.5,5.0,5.0,0.0,5.0,4.375,3.75,5.0,1.25,0.0,5.0,5.0,5.0,0.0,3.75,3.125,0.0,5.0,0.0,5.0,2.5,3.75,0.0,5.0,0.0,5.0,5.0,0.0,2.5,5.0,3.75,2.5,3.75,5.0,5.0,5.0,5.0
11,7,0.0,0.0,0.0,0.0,0.0,0.0,0.0,0.0,0.0,0.0,0.0,1.25,0.0,0.0,0.625,0.0,4.375,1.25,3.75,0.0,2.5,2.5,2.5,0.0,0.0,3.75,5.0,1.25,5.0,1.25,0.0,0.625,2.5,5.0,5.0,0.0,4.375,3.75,3.75,5.0,1.25,0.0,5.0,5.0,5.0,0.0,3.75,3.125,0.0,5.0,0.0,5.0,2.5,3.75,0.0,5.0,0.0,5.0,5.0,0.0,2.5,5.0,3.75,2.5,3.75,5.0,5.0,5.0,5.0
11,8,0.0,0.0,0.0,0.0,0.0,0.0,0.0,0.0,0.0,0.0,0.0,1.25,0.0,0.0,0.0,0.0,3.75,1.25,3.75,0.0,1.875,2.5,2.5,0.0,0.0,3.125,5.0,1.25,5.0,1.25,0.0,0.625,2.5,5.0,5.0,0.0,3.75,3.75,3.75,3.75,1.25,0.0,4.375,5.0,3.75,0.0,3.75,2.5,0.0,5.0,0.0,3.75,2.5,3.75,0.0,5.0,0.0,5.0,5.0,0.0,1.25,5.0,2.5,2.5,3.75,5.0,4.375,5.0,5.0
12,6,0.0,0.0,0.0,0.0,0.0,0.0,0.0,0.0,0.0,0.0,0.0,1.875,0.0,0.0,1.25,0.0,5.0,1.25,3.75,0.0,1.875,1.25,3.75,0.0,0.0,2.5,5.0,2.5,5.0,1.25,1.25,1.25,1.25,5.0,5.0,1.25,5.0,4.375,3.75,3.75,1.25,0.0,5.0,5.0,5.0,0.0,3.75,2.5,0.0,5.0,0.0,5.0,2.5,3.75,0.0,5.0,0.0,5.0,3.75,0.0,2.5,5.0,3.75,2.5,5.0,3.75,5.0,5.0,5.0
12,7,0.0,0.0,0.0,0.0,0.0,0.0,0.0,0.0,0.0,0.0,0.0,1.875,0.0,0.0,1.25,0.0,4.375,1.25,2.5,0.0,1.25,1.25,3.75,0.0,0.0,2.5,5.0,2.5,5.0,1.25,1.25,1.25,1.25,5.0,5.0,1.25,5.0,3.75,3.75,3.75,1.25,0.0,5.0,5.0,5.0,0.0,3.75,2.5,0.0,5.0,0.0,5.0,2.5,3.75,0.0,5.0,0.0,5.0,3.75,0.0,2.5,5.0,3.75,2.5,5.0,3.75,5.0,5.0,5.0
12,8,0.0,0.0,0.0,0.0,0.0,0.0,0.0,0.0,0.0,0.0,0.0,1.25,0.0,0.0,1.25,0.0,3.75,1.25,2.5,0.0,1.25,1.25,3.75,0.0,0.0,2.5,5.0,2.5,5.0,1.25,0.625,1.25,1.25,5.0,5.0,1.25,5.0,3.75,3.75,3.75,1.25,0.0,5.0,5.0,5.0,0.0,3.75,2.5,0.0,5.0,0.0,3.75,2.5,3.75,0.0,5.0,0.0,3.75,3.75,0.0,2.5,5.0,2.5,2.5,4.375,3.75,4.375,5.0,5.0
13,6,0.0,0.0,0.0,0.0,0.0,0.0,0.0,0.0,0.0,0.0,0.0,1.25,0.0,0.0,1.25,0.0,4.375,1.25,2.5,0.0,2.5,1.25,3.75,0.0,0.0,2.5,5.0,3.75,5.0,1.25,1.25,2.5,1.25,5.0,5.0,1.25,5.0,4.375,4.375,3.75,2.5,0.0,5.0,3.75,5.0,0.0,3.75,2.5,1.25,5.0,0.0,5.0,2.5,3.75,0.0,5.0,0.0,4.375,3.75,1.25,2.5,5.0,2.5,2.5,5.0,3.75,5.0,5.0,5.0
13,7,0.0,0.0,0.0,0.0,0.0,0.0,0.0,0.0,0.0,0.0,0.0,1.25,0.0,0.0,1.25,0.0,4.375,1.25,1.25,0.0,2.5,0.0,3.75,0.0,0.0,2.5,5.0,3.75,4.375,1.25,1.25,2.5,1.25,5.0,5.0,1.25,5.0,3.75,4.375,3.75,2.5,0.0,5.0,3.75,5.0,0.0,3.75,2.5,1.25,5.0,0.0,5.0,2.5,3.75,0.0,5.0,0.0,3.75,3.75,1.25,2.5,5.0,2.5,2.5,5.0,3.75,5.0,5.0,5.0
13,8,0.0,0.0,0.0,0.0,0.0,0.0,0.0,0.0,0.0,0.0,0.0,1.25,0.0,0.0,1.25,0.0,3.75,1.25,1.25,0.0,2.5,0.0,3.75,0.0,0.0,2.5,5.0,3.75,3.75,1.25,1.25,2.5,1.25,5.0,5.0,1.25,5.0,3.75,3.75,3.75,2.5,0.0,5.0,3.75,5.0,0.0,3.75,2.5,1.25,5.0,0.0,3.75,2.5,3.75,0.0,5.0,0.0,3.75,3.75,1.25,2.5,5.0,2.5,2.5,5.0,3.75,4.375,5.0,5.0
14,6,0.0,0.0,0.0,0.0,0.0,0.0,0.0,0.0,0.0,0.0,0.0,1.25,0.0,0.0,1.25,0.0,3.75,2.5,1.25,0.0,2.5,0.0,3.75,0.0,0.0,2.5,5.0,5.0,3.75,2.5,2.5,2.5,1.25,5.0,5.0,2.5,5.0,3.75,5.0,3.75,3.75,0.0,5.0,3.125,5.0,0.0,3.75,2.5,1.25,5.0,0.0,3.75,2.5,3.75,0.0,5.0,0.0,5.0,3.75,1.25,2.5,5.0,2.5,2.5,5.0,3.125,5.0,5.0,5.0
14,7,0.0,0.0,0.0,0.0,0.0,0.0,0.0,0.0,0.0,0.0,0.0,1.25,0.0,0.0,1.25,0.0,3.75,2.5,1.25,0.0,2.5,0.0,3.75,0.0,0.0,2.5,5.0,5.0,3.75,2.5,2.5,2.5,1.25,5.0,5.0,2.5,5.0,3.75,4.375,3.75,3.75,0.0,5.0,3.125,5.0,0.0,3.75,2.5,1.25,5.0,0.0,3.75,2.5,3.75,0.0,5.0,0.0,4.375,3.75,1.875,2.5,5.0,1.25,2.5,5.0,3.125,4.375,5.0,5.0
14,8,0.0,0.0,0.0,0.0,0.0,0.0,0.0,0.0,0.0,0.0,0.0,1.25,0.0,0.0,1.25,0.0,3.75,2.5,0.625,0.0,2.5,0.0,3.75,0.0,0.0,1.875,5.0,5.0,3.75,1.875,2.5,2.5,1.25,5.0,5.0,2.5,5.0,3.75,3.75,3.75,3.75,0.0,5.0,2.5,5.0,0.0,3.75,2.5,1.25,5.0,0.0,3.125,1.875,3.75,0.0,5.0,0.0,3.75,3.75,2.5,2.5,5.0,1.25,2.5,5.0,2.5,4.375,5.0,5.0
15,6,0.0,0.0,0.0,0.0,0.0,0.0,0.0,0.0,0.0,1.25,0.0,1.25,0.0,0.0,2.5,0.0,3.75,2.5,0.0,0.0,2.5,0.0,3.75,0.0,0.0,2.5,5.0,5.0,3.125,2.5,3.75,2.5,1.25,5.0,5.0,2.5,5.0,3.75,5.0,4.375,5.0,0.0,5.0,2.5,5.0,0.0,3.75,2.5,2.5,5.0,0.0,3.75,2.5,3.75,0.0,5.0,0.0,5.0,3.75,3.75,2.5,5.0,1.25,2.5,5.0,3.125,4.375,5.0,5.0
15,7,0.0,0.0,0.0,0.0,0.0,0.0,0.0,0.0,0.0,1.25,0.0,1.25,0.0,0.0,2.5,0.0,3.75,2.5,0.0,0.0,2.5,0.0,3.75,0.0,0.0,2.5,5.0,5.0,3.125,2.5,3.125,2.5,1.25,5.0,5.0,2.5,5.0,3.75,5.0,4.375,5.0,0.0,5.0,2.5,5.0,0.0,3.75,2.5,2.5,5.0,0.0,3.75,2.5,3.75,0.0,5.0,0.0,5.0,3.75,2.5,2.5,5.0,1.25,2.5,5.0,2.5,4.375,5.0,5.0
15,8,0.0,0.0,0.0,0.0,0.0,0.0,0.0,0.0,0.0,1.25,0.0,1.25,0.0,0.0,2.5,0.0,3.75,2.5,0.0,0.0,2.5,0.0,3.75,0.0,0.0,2.5,5.0,5.0,2.5,2.5,2.5,2.5,1.25,5.0,5.0,2.5,5.0,3.75,4.375,4.375,4.375,0.0,5.0,2.5,5.0,0.0,3.75,2.5,2.5,5.0,0.0,2.5,2.5,3.75,0.0,5.0,0.0,5.0,3.75,2.5,2.5,5.0,1.25,2.5,5.0,2.5,4.375,5.0,5.0
16,6,0.0,0.0,0.0,1.25,0.0,1.25,0.0,1.25,0.0,1.875,0.0,1.25,0.0,0.0,2.5,0.0,3.75,3.75,0.0,0.0,2.5,1.25,5.0,0.0,0.0,2.5,5.0,5.0,2.5,2.5,3.75,3.125,1.25,4.375,5.0,2.5,5.0,3.75,5.0,5.0,5.0,0.0,5.0,2.5,5.0,0.0,4.375,3.75,2.5,5.0,0.0,2.5,2.5,5.0,0.0,5.0,0.0,5.0,5.0,5.0,1.25,5.0,1.25,2.5,5.0,3.75,4.375,5.0,5.0
16,7,0.0,1.25,0.0,1.25,0.0,1.25,0.0,1.25,0.0,1.875,0.0,1.25,0.0,0.0,2.5,0.0,3.75,3.75,0.0,0.0,2.5,1.25,5.0,0.0,0.0,2.5,3.75,5.0,2.5,2.5,3.75,2.5,1.25,3.75,5.0,2.5,5.0,3.75,4.375,5.0,5.0,0.0,5.0,2.5,5.0,0.0,4.375,3.75,2.5,5.0,0.0,2.5,2.5,5.0,0.0,5.0,0.0,5.0,5.0,3.75,1.25,5.0,1.25,2.5,5.0,3.75,4.375,5.0,5.0
16,8,0.0,0.0,0.0,1.25,0.0,1.25,0.0,1.25,0.0,1.25,0.0,1.25,0.0,0.0,2.5,0.0,3.75,3.125,0.0,0.0,2.5,1.25,4.375,0.0,0.0,2.5,3.75,5.0,2.5,2.5,3.75,2.5,1.25,3.75,5.0,2.5,5.0,3.75,3.75,5.0,5.0,0.0,5.0,2.5,5.0,0.0,3.75,3.75,2.5,4.375,0.0,2.5,2.5,4.375,0.0,5.0,0.0,5.0,5.0,3.75,1.25,5.0,1.25,2.5,5.0,3.75,4.375,5.0,5.0
17,6,0.0,2.5,0.0,2.5,0.0,2.5,0.0,2.5,0.0,2.5,0.0,1.25,0.0,0.0,3.75,0.0,3.75,4.375,0.0,0.0,3.125,3.125,5.0,0.0,0.0,2.5,2.5,5.0,2.5,2.5,5.0,2.5,2.5,3.75,5.0,1.875,5.0,3.75,3.75,5.0,5.0,0.0,5.0,2.5,5.0,0.0,5.0,3.75,3.125,3.75,0.0,2.5,2.5,5.0,0.0,5.0,0.0,5.0,5.0,5.0,1.25,5.0,1.25,3.75,5.0,3.75,4.375,5.0,5.0
17,7,0.0,1.25,0.0,2.5,0.0,2.5,0.0,3.125,0.0,2.5,0.0,1.25,0.0,0.0,3.75,0.0,3.75,4.375,0.0,0.0,3.125,2.5,5.0,0.0,0.0,2.5,2.5,5.0,2.5,2.5,4.375,2.5,2.5,3.75,5.0,1.875,5.0,3.75,3.75,5.0,5.0,0.0,5.0,2.5,5.0,0.0,5.0,3.75,3.125,3.75,0.0,2.5,2.5,5.0,0.0,5.0,0.0,5.0,5.0,5.0,1.25,5.0,1.25,3.75,5.0,3.75,4.375,5.0,5.0
17,8,0.0,1.25,0.0,2.5,0.0,2.5,0.0,2.5,0.0,2.5,0.0,1.25,0.0,0.0,3.75,0.0,2.5,3.75,0.0,0.0,2.5,2.5,5.0,0.0,0.0,2.5,2.5,5.0,2.5,2.5,3.75,2.5,2.5,3.75,5.0,1.25,3.75,3.125,3.75,5.0,5.0,0.0,5.0,1.875,5.0,0.0,5.0,3.75,2.5,3.75,0.0,2.5,2.5,5.0,0.0,5.0,0.0,5.0,5.0,3.75,1.25,4.375,1.25,2.5,5.0,3.75,4.375,5.0,5.0
18,6,0.0,2.5,0.0,3.75,0.0,5.0,0.0,5.0,0.0,3.125,0.0,1.25,0.0,0.0,5.0,0.0,3.75,5.0,0.0,0.0,3.75,3.75,5.0,0.0,0.0,2.5,1.25,5.0,2.5,1.25,5.0,2.5,2.5,2.5,3.75,1.25,3.75,2.5,3.75,5.0,5.0,1.25,5.0,2.5,5.0,0.0,5.0,5.0,2.5,3.75,0.0,3.125,3.75,5.0,0.0,5.0,0.0,5.0,5.0,5.0,1.25,4.375,2.5,3.75,5.0,5.0,5.0,5.0,5.0
18,7,0.0,2.5,0.0,3.75,0.0,3.75,0.0,5.0,0.0,3.125,0.0,1.25,0.0,0.0,5.0,0.0,3.75,5.0,0.0,0.0,3.75,3.75,5.0,0.0,0.0,2.5,1.25,5.0,2.5,1.25,5.0,2.5,2.5,2.5,3.75,1.25,3.75,2.5,3.75,5.0,5.0,1.25,5.0,2.5,5.0,0.0,5.0,5.0,2.5,3.75,0.0,2.5,3.75,5.0,0.0,5.0,0.0,5.0,5.0,5.0,1.25,4.375,1.875,3.75,5.0,5.0,5.0,5.0,5.0
18,8,0.0,2.5,0.0,3.75,0.0,3.75,0.0,5.0,0.0,2.5,0.0,1.25,0.0,0.0,5.0,0.0,3.125,5.0,0.0,0.0,3.75,3.75,5.0,0.0,0.0,2.5,1.25,5.0,2.5,1.25,5.0,2.5,2.5,2.5,3.75,1.25,3.75,2.5,3.75,5.0,5.0,1.25,5.0,2.5,5.0,0.0,5.0,5.0,2.5,3.75,0.0,2.5,3.75,5.0,0.0,5.0,0.0,5.0,5.0,3.75,0.0,3.75,1.25,3.75,5.0,4.375,4.375,5.0,5.0
19,6,0.0,5.0,0.0,5.0,0.0,5.0,0.0,5.0,0.0,3.75,0.0,2.5,0.0,0.0,5.0,0.0,3.75,5.0,0.0,0.0,4.375,5.0,5.0,0.0,0.0,3.125,0.0,3.75,2.5,1.25,5.0,2.5,3.75,2.5,3.75,1.25,2.5,1.25,3.75,5.0,5.0,2.5,5.0,3.75,5.0,0.0,5.0,5.0,2.5,5.0,0.0,3.75,5.0,5.0,0.0,5.0,0.0,5.0,5.0,5.0,1.25,4.375,2.5,3.75,3.75,5.0,5.0,5.0,5.0
19,7,0.0,3.75,0.0,5.0,0.0,5.0,0.0,5.0,0.0,3.75,0.0,2.5,0.0,0.0,5.0,0.0,3.75,5.0,0.0,0.0,4.375,5.0,5.0,0.0,0.0,2.5,0.0,3.75,2.5,1.25,5.0,2.5,3.125,2.5,3.75,1.25,2.5,1.25,3.75,5.0,5.0,2.5,5.0,2.5,5.0,0.0,5.0,5.0,2.5,5.0,0.0,3.75,5.0,5.0,0.0,5.0,0.0,5.0,5.0,3.75,1.25,3.75,2.5,3.75,3.75,5.0,5.0,5.0,5.0
19,8,0.0,3.75,0.0,5.0,0.0,5.0,0.0,5.0,0.0,2.5,0.0,2.5,0.0,0.0,5.0,0.0,3.75,5.0,0.0,0.0,4.375,3.75,5.0,0.0,0.0,2.5,0.0,3.75,2.5,1.25,5.0,2.5,2.5,2.5,3.75,1.25,2.5,1.25,3.125,5.0,5.0,2.5,5.0,2.5,5.0,0.0,5.0,5.0,2.5,4.375,0.0,2.5,5.0,5.0,0.0,5.0,0.0,5.0,5.0,3.75,0.625,3.75,2.5,3.75,3.75,5.0,4.375,5.0,5.0
20,6,0.0,5.0,0.0,5.0,0.0,5.0,0.0,5.0,0.0,2.5,0.0,3.125,0.0,0.0,5.0,0.0,3.75,5.0,0.0,0.0,5.0,5.0,5.0,0.0,0.0,3.75,0.0,2.5,2.5,0.0,5.0,3.75,3.75,1.875,2.5,1.25,2.5,1.25,3.75,5.0,5.0,3.75,5.0,3.75,5.0,0.0,5.0,5.0,1.875,5.0,0.0,3.125,5.0,5.0,0.0,5.0,0.0,5.0,5.0,2.5,1.25,5.0,3.75,5.0,3.75,5.0,5.0,5.0,5.0
20,7,0.0,5.0,0.0,5.0,0.0,5.0,0.0,5.0,0.0,2.5,0.0,3.125,0.0,0.0,5.0,0.0,3.75,5.0,0.0,0.0,5.0,5.0,5.0,0.0,0.0,3.75,0.0,2.5,2.5,0.0,5.0,3.75,3.75,1.875,2.5,1.25,1.875,1.25,3.125,5.0,5.0,3.75,5.0,3.75,5.0,0.0,5.0,5.0,1.875,5.0,0.0,2.5,5.0,5.0,0.0,5.0,0.0,5.0,5.0,2.5,1.25,5.0,3.75,5.0,3.75,5.0,5.0,5.0,5.0
20,8,0.0,5.0,0.0,5.0,0.0,5.0,0.0,5.0,0.0,2.5,0.0,2.5,0.0,0.0,5.0,0.0,3.75,5.0,0.0,0.0,5.0,5.0,5.0,0.0,0.0,3.125,0.0,2.5,2.5,0.0,5.0,3.75,3.75,1.25,2.5,1.25,1.25,1.25,2.5,5.0,5.0,3.75,5.0,3.75,5.0,0.0,5.0,5.0,1.875,5.0,0.0,2.5,5.0,4.375,0.0,5.0,0.0,5.0,5.0,2.5,1.25,5.0,3.75,5.0,3.75,5.0,4.375,5.0,5.0
21,6,0.0,5.0,0.0,5.0,0.0,5.0,0.0,5.0,0.0,2.5,0.0,3.75,0.0,0.0,5.0,0.0,5.0,5.0,0.0,0.0,5.0,5.0,5.0,0.0,0.0,3.75,0.0,1.25,2.5,0.0,4.375,3.75,3.75,2.5,2.5,2.5,1.25,1.25,3.125,5.0,5.0,4.375,5.0,5.0,5.0,0.0,5.0,5.0,1.25,5.0,0.0,2.5,5.0,3.75,0.0,5.0,0.0,5.0,5.0,1.25,2.5,5.0,3.75,5.0,3.125,5.0,5.0,5.0,5.0
21,7,0.0,5.0,0.0,5.0,0.0,5.0,0.0,5.0,0.0,2.5,0.0,3.75,0.0,0.0,5.0,0.0,5.0,5.0,0.0,0.0,5.0,5.0,5.0,0.0,0.0,3.75,0.0,1.25,2.5,0.0,3.75,3.75,3.75,2.5,2.5,1.25,1.875,1.25,2.5,4.375,5.0,4.375,5.0,5.0,5.0,0.0,5.0,5.0,1.25,5.0,0.0,2.5,5.0,3.75,0.0,5.0,0.0,5.0,5.0,1.25,2.5,5.0,3.75,5.0,3.125,5.0,5.0,5.0,5.0
21,8,0.0,5.0,0.0,5.0,0.0,5.0,0.0,5.0,0.0,2.5,0.0,3.125,0.0,0.0,5.0,0.0,3.75,5.0,0.0,0.0,5.0,3.75,5.0,0.0,0.0,3.75,0.0,1.25,2.5,0.0,3.75,3.75,3.75,2.5,2.5,1.25,1.25,1.25,2.5,3.75,5.0,3.75,4.375,4.375,5.0,0.0,5.0,5.0,1.25,5.0,0.0,2.5,5.0,3.75,0.0,5.0,0.0,5.0,5.0,1.25,1.25,5.0,3.75,5.0,3.125,5.0,5.0,5.0,5.0
22,6,0.0,5.0,0.0,5.0,0.0,5.0,0.0,5.0,0.0,1.25,0.0,3.75,0.0,0.0,5.0,0.0,5.0,5.0,0.0,0.0,5.0,5.0,5.0,0.0,0.0,4.375,0.0,0.0,2.5,0.0,3.75,5.0,5.0,2.5,2.5,2.5,2.5,1.25,3.75,3.75,5.0,5.0,3.75,5.0,3.75,0.0,5.0,5.0,1.25,5.0,0.0,2.5,5.0,3.75,0.0,5.0,1.25,5.0,5.0,0.0,3.75,5.0,5.0,5.0,3.125,5.0,5.0,5.0,5.0
22,7,0.0,5.0,0.0,5.0,0.0,5.0,0.0,5.0,0.0,1.25,0.0,3.75,0.0,0.0,5.0,0.0,5.0,5.0,0.0,0.0,5.0,5.0,5.0,0.0,0.0,4.375,0.0,0.0,2.5,0.0,3.75,5.0,5.0,2.5,2.5,2.5,2.5,1.25,3.125,3.75,5.0,5.0,3.75,5.0,3.75,0.0,5.0,5.0,1.25,5.0,0.0,2.5,5.0,3.75,0.0,5.0,0.625,5.0,5.0,0.625,3.75,5.0,5.0,5.0,3.125,5.0,5.0,5.0,5.0
22,8,0.0,5.0,0.0,5.0,0.0,5.0,0.0,5.0,0.0,1.25,0.0,3.125,0.0,0.0,5.0,0.0,3.75,5.0,0.0,0.0,5.0,3.75,5.0,0.0,0.0,3.75,0.0,0.0,2.5,0.0,3.75,5.0,5.0,2.5,2.5,2.5,1.875,1.25,3.125,3.75,3.75,5.0,3.75,5.0,3.75,0.0,5.0,5.0,1.25,5.0,0.0,2.5,5.0,3.75,0.0,5.0,0.0,5.0,5.0,0.625,3.75,5.0,4.375,5.0,2.5,5.0,5.0,5.0,5.0
23,6,0.0,5.0,0.0,5.0,0.0,5.0,0.0,5.0,0.0,1.25,0.0,3.125,0.0,0.0,5.0,0.0,5.0,5.0,0.0,0.0,5.0,3.75,5.0,0.0,0.0,5.0,0.0,0.0,2.5,0.0,2.5,5.0,5.0,2.5,2.5,3.75,2.5,1.25,3.75,2.5,3.75,5.0,3.75,5.0,3.75,0.0,3.75,4.375,1.25,5.0,0.0,2.5,5.0,4.375,0.0,5.0,1.25,5.0,5.0,0.0,5.0,5.0,5.0,5.0,3.125,5.0,5.0,5.0,5.0
23,7,0.0,5.0,0.0,5.0,0.0,5.0,0.0,5.0,0.0,1.25,0.0,3.125,0.0,0.0,5.0,0.0,5.0,5.0,0.0,0.0,5.0,3.75,5.0,0.0,0.0,5.0,0.0,0.0,2.5,0.0,2.5,5.0,5.0,2.5,2.5,3.75,2.5,1.25,3.75,2.5,3.75,5.0,3.75,5.0,3.125,0.0,3.75,4.375,1.25,5.0,0.0,2.5,5.0,3.75,0.0,5.0,1.875,5.0,5.0,0.0,4.375,5.0,5.0,5.0,3.125,5.0,5.0,5.0,5.0
23,8,0.0,5.0,0.0,5.0,0.0,5.0,0.0,5.0,0.0,0.0,0.0,2.5,0.0,0.0,5.0,0.0,3.75,5.0,0.0,0.0,5.0,2.5,5.0,0.0,0.0,5.0,0.0,0.0,2.5,0.0,2.5,5.0,5.0,2.5,2.5,3.75,2.5,1.25,3.75,2.5,3.75,5.0,3.75,5.0,2.5,0.0,3.75,3.75,1.25,5.0,0.0,2.5,5.0,3.75,0.0,5.0,1.25,5.0,5.0,0.0,3.75,5.0,5.0,5.0,3.125,5.0,5.0,5.0,5.0
24,6,0.0,3.75,0.0,5.0,0.0,5.0,0.0,5.0,0.0,0.0,0.0,2.5,0.0,0.0,5.0,0.0,3.75,5.0,0.0,0.0,5.0,2.5,5.0,1.25,0.0,5.0,0.0,0.0,3.75,0.0,2.5,5.0,5.0,2.5,2.5,5.0,2.5,1.25,3.75,2.5,3.75,5.0,3.125,5.0,2.5,1.25,3.75,3.75,1.25,5.0,0.0,3.75,5.0,4.375,0.0,5.0,2.5,3.75,5.0,0.0,5.0,5.0,5.0,5.0,3.75,5.0,5.0,5.0,5.0
24,7,0.0,3.75,0.0,5.0,0.0,5.0,0.0,5.0,0.0,0.0,0.0,2.5,0.0,0.0,5.0,0.0,3.75,5.0,0.0,0.0,5.0,2.5,5.0,1.25,0.0,5.0,0.0,0.0,3.75,0.0,2.5,5.0,5.0,2.5,2.5,5.0,2.5,1.25,3.75,2.5,3.75,5.0,2.5,5.0,2.5,1.25,3.75,3.75,1.25,5.0,0.0,3.75,5.0,3.75,0.0,5.0,3.125,3.75,5.0,0.0,5.0,5.0,5.0,5.0,3.75,5.0,5.0,5.0,5.0
24,8,0.0,3.75,0.0,5.0,0.0,5.0,0.0,5.0,0.0,0.0,0.0,1.875,0.0,0.0,5.0,0.0,3.75,5.0,0.0,0.0,5.0,2.5,5.0,1.25,0.0,5.0,0.0,0.0,2.5,0.0,2.5,5.0,5.0,2.5,2.5,5.0,2.5,1.25,3.75,1.875,3.75,5.0,2.5,5.0,2.5,0.625,3.75,3.75,1.25,5.0,0.0,3.75,5.0,3.75,0.0,5.0,3.75,3.75,5.0,0.0,5.0,5.0,5.0,5.0,3.75,5.0,5.0,5.0,5.0
25,6,0.0,2.5,0.0,3.75,0.0,4.375,0.0,5.0,0.0,0.0,0.0,1.25,0.0,0.0,4.375,0.0,3.125,5.0,0.0,0.0,5.0,2.5,5.0,2.5,0.0,5.0,0.0,0.0,3.75,1.25,2.5,5.0,5.0,2.5,2.5,5.0,2.5,1.25,4.375,1.875,2.5,5.0,2.5,5.0,2.5,1.25,2.5,3.75,1.25,5.0,0.0,3.75,5.0,5.0,0.0,5.0,5.0,3.75,5.0,1.25,5.0,5.0,5.0,5.0,3.75,5.0,5.0,5.0,5.0
25,7,0.0,2.5,0.0,3.75,0.0,3.75,0.0,5.0,0.0,0.0,0.0,1.25,0.0,0.0,5.0,0.0,2.5,5.0,0.0,0.0,5.0,2.5,5.0,2.5,0.0,5.0,0.0,0.0,3.75,1.25,3.125,5.0,5.0,2.5,2.5,5.0,2.5,1.25,4.375,1.25,2.5,5.0,2.5,5.0,2.5,1.25,2.5,3.75,1.25,4.375,0.0,4.375,5.0,5.0,0.0,5.0,3.75,3.75,5.0,1.25,5.0,5.0,5.0,5.0,3.75,5.0,5.0,5.0,5.0
25,8,0.0,2.5,0.0,3.75,0.0,3.75,0.0,5.0,0.0,0.0,0.0,1.25,0.0,0.0,5.0,0.0,2.5,5.0,0.0,0.0,5.0,2.5,5.0,2.5,0.0,5.0,0.0,0.0,3.75,1.25,2.5,5.0,5.0,2.5,2.5,5.0,2.5,1.25,3.75,1.25,2.5,5.0,2.5,5.0,2.5,1.25,2.5,3.75,1.25,4.375,0.0,5.0,5.0,4.375,0.0,5.0,4.375,3.125,5.0,1.25,5.0,5.0,5.0,5.0,3.75,5.0,5.0,5.0,5.0
26,6,0.0,2.5,0.0,2.5,0.0,3.75,0.0,3.125,0.0,0.0,0.0,1.25,0.0,0.0,2.5,0.0,2.5,4.375,0.0,0.0,5.0,2.5,5.0,4.375,0.0,5.0,0.0,0.0,3.75,2.5,3.75,5.0,5.0,3.125,3.75,5.0,2.5,1.25,5.0,1.25,2.5,3.75,1.25,5.0,3.75,2.5,2.5,3.75,1.25,3.75,0.0,5.0,5.0,5.0,0.0,5.0,5.0,3.75,5.0,2.5,5.0,5.0,5.0,5.0,5.0,5.0,5.0,5.0,5.0
26,7,0.0,1.25,0.0,2.5,0.0,2.5,0.0,3.75,0.0,0.0,0.0,0.0,0.0,0.0,2.5,0.0,2.5,5.0,0.0,0.0,5.0,2.5,3.75,3.75,0.0,5.0,0.0,0.0,3.75,1.875,3.75,5.0,5.0,2.5,3.125,5.0,2.5,1.25,5.0,1.25,2.5,3.75,1.25,5.0,3.75,2.5,2.5,3.75,1.25,3.75,0.0,5.0,5.0,5.0,0.0,5.0,5.0,3.75,5.0,2.5,5.0,5.0,5.0,5.0,5.0,5.0,5.0,5.0,5.0
26,8,0.0,1.25,0.0,2.5,0.0,2.5,0.0,3.75,0.0,0.0,0.0,0.0,0.0,0.0,2.5,0.0,2.5,5.0,0.0,0.0,5.0,2.5,3.75,3.75,0.0,5.0,0.0,0.0,3.75,1.875,3.75,5.0,5.0,2.5,2.5,5.0,2.5,1.25,5.0,1.25,2.5,3.75,1.25,5.0,3.75,2.5,2.5,3.75,1.25,3.75,0.0,5.0,5.0,5.0,0.0,5.0,5.0,3.125,5.0,2.5,5.0,5.0,5.0,5.0,4.375,4.375,5.0,5.0,5.0
27,6,0.0,1.25,0.0,1.25,0.0,1.25,0.0,1.25,1.25,0.0,0.0,0.0,0.0,0.0,1.25,0.0,2.5,2.5,0.0,0.0,5.0,2.5,3.75,5.0,0.0,5.0,0.0,0.0,3.75,2.5,5.0,5.0,5.0,3.75,3.75,5.0,2.5,2.5,5.0,1.25,2.5,3.75,1.25,5.0,3.75,2.5,1.25,3.75,1.25,3.75,0.0,5.0,5.0,5.0,0.0,5.0,5.0,2.5,5.0,3.75,5.0,5.0,5.0,5.0,5.0,5.0,5.0,5.0,5.0
27,7,0.0,1.25,0.0,1.25,0.0,1.25,0.0,1.25,1.25,0.0,0.0,0.0,0.0,0.0,1.25,0.0,1.875,2.5,0.0,0.0,5.0,2.5,3.75,5.0,0.0,5.0,0.0,0.0,3.75,2.5,5.0,5.0,5.0,3.75,3.75,5.0,2.5,2.5,5.0,1.25,2.5,3.75,1.25,5.0,3.75,2.5,1.25,3.75,1.25,3.75,0.0,5.0,4.375,5.0,0.0,5.0,5.0,2.5,5.0,3.75,5.0,5.0,5.0,5.0,5.0,4.375,5.0,5.0,5.0
27,8,0.0,1.25,0.0,1.25,0.0,1.25,0.0,1.25,1.25,0.0,0.0,0.0,0.0,0.0,1.25,0.0,1.25,2.5,0.0,0.0,5.0,1.875,3.125,3.75,0.0,5.0,0.0,0.0,3.75,2.5,5.0,5.0,5.0,2.5,3.75,5.0,2.5,2.5,5.0,1.25,2.5,3.125,1.25,5.0,3.75,2.5,1.25,3.75,1.25,3.75,0.0,5.0,3.75,5.0,0.0,5.0,5.0,2.5,4.375,3.75,5.0,5.0,5.0,5.0,5.0,4.375,5.0,5.0,5.0
28,6,0.0,0.0,0.0,0.0,0.0,0.0,0.0,0.0,3.75,0.0,0.0,0.0,0.0,0.0,0.0,0.0,1.25,1.25,0.0,0.0,5.0,1.875,2.5,5.0,0.0,5.0,1.25,0.0,5.0,2.5,5.0,5.0,5.0,3.75,3.75,4.375,3.75,2.5,5.0,1.875,2.5,2.5,2.5,3.75,5.0,3.75,2.5,3.75,1.25,3.75,0.0,5.0,3.75,5.0,0.0,5.0,5.0,2.5,5.0,5.0,5.0,5.0,5.0,5.0,5.0,4.375,5.0,5.0,5.0
28,7,0.0,0.0,0.0,0.0,0.0,0.0,0.0,0.0,2.5,0.0,0.0,0.0,0.0,0.0,0.0,0.0,1.25,1.25,0.0,0.0,5.0,1.875,2.5,5.0,0.0,5.0,1.25,0.0,5.0,2.5,5.0,5.0,5.0,3.75,3.75,3.75,3.125,2.5,5.0,1.25,2.5,2.5,2.5,3.75,5.0,3.75,2.5,3.75,1.25,3.75,0.0,5.0,3.75,5.0,0.0,5.0,5.0,2.5,4.375,5.0,5.0,5.0,5.0,5.0,5.0,4.375,5.0,5.0,5.0
28,8,0.0,0.0,0.0,0.0,0.0,0.0,0.0,0.0,2.5,0.0,0.0,0.0,0.0,0.0,0.0,0.0,1.25,1.25,0.0,0.0,5.0,1.25,2.5,5.0,0.0,5.0,0.0,0.0,3.75,2.5,5.0,5.0,5.0,3.75,3.75,3.75,3.125,2.5,5.0,1.25,2.5,2.5,1.875,3.75,5.0,3.75,1.25,3.75,1.25,3.125,0.0,5.0,3.75,5.0,0.0,5.0,5.0,2.5,4.375,5.0,5.0,5.0,5.0,5.0,5.0,3.75,5.0,5.0,5.0
29,6,0.0,0.0,0.0,0.0,0.0,0.0,0.0,0.0,5.0,1.25,0.0,0.0,0.0,0.0,0.0,0.0,1.25,0.0,0.0,0.0,5.0,1.25,2.5,5.0,0.0,5.0,1.25,0.0,5.0,2.5,5.0,5.0,5.0,3.75,3.75,3.75,3.75,3.75,5.0,2.5,3.75,2.5,2.5,3.75,5.0,3.75,2.5,3.75,2.5,3.75,1.25,5.0,3.75,5.0,0.0,5.0,5.0,2.5,5.0,5.0,5.0,5.0,4.375,5.0,5.0,4.375,5.0,5.0,5.0
29,7,0.0,0.0,0.0,0.0,0.0,0.0,0.0,0.0,3.75,1.25,0.0,0.0,0.0,0.0,0.0,0.0,1.25,0.0,0.0,0.0,5.0,1.25,2.5,5.0,0.0,5.0,1.25,0.0,5.0,2.5,5.0,4.375,5.0,3.75,3.75,3.125,3.75,3.75,5.0,2.5,3.75,2.5,2.5,3.75,5.0,3.75,2.5,3.75,2.5,3.75,1.25,5.0,3.75,5.0,0.0,5.0,5.0,2.5,4.375,5.0,5.0,5.0,4.375,5.0,5.0,4.375,5.0,5.0,5.0
29,8,0.0,0.0,0.0,0.0,0.0,0.0,0.0,0.0,3.75,0.625,0.0,0.0,0.0,0.0,0.0,0.0,1.25,0.0,0.0,0.0,5.0,1.25,1.875,3.75,0.0,5.0,1.25,0.0,4.375,2.5,5.0,3.75,5.0,3.75,3.75,2.5,3.125,3.75,5.0,2.5,3.75,2.5,2.5,3.75,5.0,3.75,2.5,3.75,2.5,3.75,1.25,5.0,3.75,5.0,0.0,5.0,5.0,2.5,4.375,5.0,5.0,5.0,3.75,5.0,5.0,3.75,5.0,5.0,5.0
30,6,0.0,0.0,0.0,0.0,0.0,0.0,0.0,0.0,5.0,1.25,0.0,0.0,0.0,1.25,0.0,0.0,1.25,0.0,0.0,0.0,5.0,1.25,1.25,5.0,0.0,5.0,2.5,0.0,5.0,2.5,5.0,3.75,5.0,5.0,5.0,2.5,3.75,3.75,5.0,2.5,5.0,2.5,3.75,2.5,5.0,3.75,3.75,3.75,2.5,5.0,1.25,5.0,3.75,5.0,0.0,5.0,5.0,2.5,5.0,5.0,5.0,5.0,3.75,5.0,5.0,4.375,5.0,5.0,5.0
30,7,0.0,0.0,0.0,0.0,0.0,0.0,0.0,0.0,5.0,1.25,0.0,0.0,0.0,1.25,0.0,0.0,1.25,0.0,0.0,0.0,5.0,1.25,1.25,4.375,0.0,5.0,2.5,0.0,5.0,2.5,5.0,3.75,5.0,4.375,5.0,2.5,3.75,3.75,5.0,2.5,5.0,2.5,3.75,2.5,5.0,3.75,3.75,3.75,2.5,5.0,1.25,5.0,3.75,5.0,0.0,5.0,5.0,2.5,5.0,5.0,5.0,5.0,3.75,5.0,5.0,4.375,5.0,5.0,5.0
30,8,0.0,0.0,0.0,0.0,0.0,0.0,0.0,0.0,3.75,1.25,0.0,0.0,0.0,1.25,0.0,0.0,1.25,0.0,0.0,0.0,5.0,1.25,1.25,3.75,0.0,5.0,2.5,0.0,5.0,2.5,5.0,3.75,5.0,3.75,4.375,1.875,3.125,3.75,5.0,2.5,3.75,2.5,2.5,2.5,5.0,3.75,3.75,3.75,2.5,4.375,1.25,5.0,3.75,5.0,0.0,5.0,5.0,2.5,5.0,5.0,5.0,5.0,3.75,5.0,5.0,3.75,5.0,5.0,5.0
31,6,0.0,0.0,0.0,0.0,0.0,0.0,0.0,0.0,5.0,2.5,0.0,0.0,0.0,2.5,0.0,0.0,1.25,0.0,0.0,0.0,3.75,1.25,1.25,4.375,0.0,5.0,2.5,0.0,5.0,1.25,5.0,3.75,5.0,5.0,5.0,1.25,3.75,4.375,5.0,2.5,5.0,2.5,5.0,2.5,5.0,3.75,5.0,5.0,2.5,5.0,2.5,5.0,3.75,5.0,0.625,5.0,5.0,3.75,5.0,5.0,5.0,5.0,3.75,5.0,5.0,4.375,5.0,5.0,5.0
31,7,0.0,0.0,0.0,0.0,0.0,0.0,0.0,0.0,5.0,2.5,0.0,0.0,0.0,1.25,0.0,0.0,1.25,0.0,0.0,0.0,3.75,1.25,1.25,3.125,0.0,5.0,2.5,0.0,5.0,1.25,5.0,3.125,5.0,5.0,5.0,1.25,3.125,4.375,5.0,2.5,5.0,2.5,3.75,2.5,5.0,3.75,5.0,4.375,2.5,5.0,2.5,5.0,3.75,5.0,0.625,5.0,5.0,3.75,5.0,5.0,5.0,5.0,3.75,5.0,5.0,4.375,5.0,5.0,5.0
31,8,0.0,0.0,0.0,0.0,0.0,0.0,0.0,0.0,3.75,2.5,0.0,0.0,0.0,1.875,0.0,0.0,1.25,0.0,0.0,0.0,3.75,1.25,1.25,3.75,0.0,5.0,2.5,0.0,5.0,1.25,5.0,2.5,5.0,5.0,5.0,1.25,2.5,3.75,5.0,2.5,5.0,2.5,3.75,2.5,5.0,3.75,5.0,3.75,2.5,5.0,2.5,5.0,3.75,5.0,0.625,5.0,5.0,3.125,5.0,5.0,5.0,5.0,3.75,5.0,5.0,3.75,5.0,5.0,5.0
32,6,0.0,0.0,0.0,0.0,0.0,0.0,0.0,0.0,5.0,3.75,0.0,0.0,0.0,3.75,0.0,0.0,1.25,0.0,0.0,0.0,1.25,1.25,2.5,2.5,0.0,5.0,3.75,0.0,5.0,1.25,5.0,2.5,5.0,5.0,5.0,1.25,2.5,5.0,5.0,3.75,5.0,2.5,5.0,2.5,5.0,3.75,5.0,5.0,2.5,5.0,2.5,5.0,3.75,5.0,1.25,5.0,3.75,3.75,5.0,5.0,5.0,5.0,3.75,5.0,5.0,3.75,5.0,5.0,5.0
32,7,0.0,0.0,0.0,0.0,0.0,0.0,0.0,0.0,5.0,3.75,0.0,0.0,0.0,3.75,0.0,0.0,1.25,0.0,0.0,0.0,1.25,1.25,2.5,2.5,0.0,5.0,3.125,0.0,5.0,1.25,5.0,2.5,5.0,5.0,5.0,1.25,2.5,5.0,5.0,3.75,5.0,2.5,5.0,2.5,5.0,3.75,5.0,5.0,2.5,5.0,2.5,5.0,3.75,5.0,1.25,5.0,3.75,3.75,5.0,5.0,5.0,5.0,3.75,5.0,5.0,3.75,5.0,5.0,5.0
32,8,0.0,0.0,0.0,0.0,0.0,0.0,0.0,0.0,3.75,3.125,0.0,0.0,0.0,2.5,0.0,0.0,1.25,0.0,0.0,0.0,1.25,1.25,1.875,2.5,0.0,5.0,2.5,0.0,5.0,1.25,5.0,2.5,5.0,5.0,5.0,1.25,2.5,5.0,5.0,3.75,5.0,2.5,5.0,2.5,5.0,3.75,5.0,5.0,2.5,5.0,2.5,5.0,3.75,5.0,1.25,5.0,3.75,3.75,5.0,5.0,4.375,5.0,3.75,5.0,5.0,3.75,5.0,5.0,5.0
33,6,0.0,0.0,0.0,0.0,0.0,0.0,0.0,0.0,5.0,3.75,0.0,0.0,0.0,4.375,0.0,0.0,1.25,0.0,0.0,0.0,0.0,2.5,2.5,1.25,0.0,5.0,2.5,0.0,5.0,0.0,5.0,2.5,5.0,5.0,5.0,1.25,2.5,5.0,5.0,4.375,5.0,2.5,5.0,2.5,5.0,3.75,5.0,5.0,2.5,5.0,3.75,5.0,3.75,5.0,2.5,5.0,3.75,5.0,5.0,5.0,4.375,5.0,5.0,5.0,5.0,3.75,5.0,5.0,5.0
33,7,0.0,0.0,0.0,0.0,0.0,0.0,0.0,0.0,3.75,3.75,0.0,0.0,0.0,3.75,0.0,0.0,1.25,0.0,0.0,0.0,1.25,2.5,2.5,1.25,0.0,5.0,2.5,0.0,5.0,0.0,5.0,2.5,5.0,5.0,5.0,1.25,2.5,5.0,5.0,3.75,5.0,2.5,5.0,2.5,5.0,3.75,5.0,5.0,2.5,5.0,3.75,5.0,3.75,5.0,2.5,5.0,3.75,5.0,5.0,5.0,4.375,5.0,4.375,5.0,5.0,3.75,5.0,5.0,5.0
33,8,0.0,0.0,0.0,0.0,0.0,0.0,0.0,0.0,3.75,3.75,0.0,0.0,0.0,3.75,0.0,0.0,1.25,0.0,0.0,0.0,0.0,2.5,2.5,1.25,0.0,5.0,2.5,0.0,5.0,0.0,4.375,2.5,5.0,5.0,5.0,1.25,2.5,5.0,5.0,3.75,5.0,2.5,5.0,2.5,4.375,3.75,5.0,5.0,2.5,5.0,3.75,5.0,3.75,5.0,2.5,5.0,3.75,4.375,5.0,5.0,3.75,5.0,4.375,5.0,5.0,3.75,5.0,5.0,5.0
34,6,0.0,0.0,0.0,0.0,0.0,0.0,0.0,0.0,3.75,3.75,0.0,0.0,0.0,5.0,0.0,0.0,2.5,0.0,0.0,0.0,0.0,3.125,3.125,0.0,0.0,5.0,2.5,0.0,5.0,0.0,3.125,2.5,5.0,5.0,5.0,1.875,2.5,5.0,5.0,5.0,5.0,1.875,5.0,2.5,3.75,3.125,5.0,5.0,2.5,5.0,3.75,5.0,4.375,5.0,2.5,5.0,4.375,5.0,5.0,5.0,3.75,5.0,5.0,5.0,5.0,3.75,5.0,5.0,5.0
34,7,0.0,0.0,0.0,0.0,0.0,0.0,0.0,0.0,2.5,3.75,0.0,0.0,0.0,5.0,0.0,0.0,2.5,0.0,0.0,0.0,0.0,3.125,2.5,0.0,0.0,5.0,2.5,0.0,5.0,0.0,3.75,2.5,5.0,5.0,5.0,1.875,2.5,5.0,5.0,5.0,5.0,1.875,5.0,2.5,3.75,3.125,5.0,5.0,2.5,5.0,3.75,5.0,4.375,5.0,2.5,5.0,3.75,5.0,5.0,5.0,3.75,5.0,5.0,5.0,5.0,3.75,5.0,5.0,5.0
34,8,0.0,0.0,0.0,0.0,0.0,0.0,0.0,0.0,2.5,3.75,0.0,0.0,0.0,3.75,0.0,0.0,2.5,0.0,0.0,0.0,0.0,2.5,2.5,0.0,0.0,5.0,2.5,0.0,5.0,0.0,3.125,2.5,5.0,5.0,5.0,1.25,2.5,5.0,5.0,4.375,5.0,1.25,5.0,2.5,3.75,2.5,5.0,5.0,2.5,5.0,3.75,5.0,4.375,5.0,2.5,5.0,3.75,5.0,5.0,5.0,3.75,5.0,5.0,5.0,5.0,3.75,5.0,5.0,5.0
35,6,0.0,0.0,0.0,0.0,0.0,0.0,0.0,0.0,2.5,3.75,0.0,0.0,0.0,5.0,0.0,0.0,3.125,0.0,0.0,0.0,0.0,3.75,3.75,0.0,0.0,5.0,1.25,0.0,5.0,0.0,2.5,2.5,5.0,5.0,5.0,2.5,3.75,5.0,5.0,5.0,5.0,1.25,5.0,3.75,3.75,2.5,5.0,5.0,2.5,5.0,3.75,4.375,5.0,5.0,3.75,5.0,4.375,5.0,5.0,5.0,3.75,5.0,5.0,5.0,5.0,5.0,5.0,5.0,5.0
35,7,0.0,0.0,0.0,0.0,0.0,0.0,0.0,0.0,1.25,3.125,0.0,0.0,0.0,5.0,0.0,0.0,2.5,0.0,0.0,0.0,0.0,3.75,3.75,0.0,0.0,5.0,1.25,0.0,5.0,0.0,2.5,2.5,3.75,5.0,5.0,2.5,3.75,5.0,5.0,5.0,5.0,1.25,5.0,3.75,3.75,2.5,5.0,5.0,2.5,5.0,3.75,4.375,5.0,5.0,3.75,5.0,3.75,5.0,5.0,5.0,3.75,5.0,5.0,5.0,5.0,4.375,5.0,5.0,5.0
35,8,0.0,0.0,0.0,0.0,0.0,0.0,0.0,0.0,1.25,2.5,0.0,0.0,0.0,3.75,0.0,0.0,2.5,0.0,0.0,0.0,0.0,3.75,3.75,0.0,0.0,5.0,1.25,0.0,5.0,0.0,1.25,2.5,3.75,5.0,5.0,2.5,3.75,5.0,5.0,5.0,5.0,1.25,5.0,3.125,3.75,2.5,5.0,5.0,2.5,5.0,3.75,4.375,5.0,5.0,3.75,5.0,3.75,5.0,5.0,5.0,3.75,5.0,5.0,5.0,5.0,3.75,5.0,5.0,5.0
36,6,0.0,0.0,0.0,0.0,0.0,0.0,0.0,0.0,0.0,2.5,0.0,0.0,0.0,3.75,0.0,0.0,3.75,0.0,0.0,0.0,0.0,4.375,3.75,0.0,0.0,5.0,1.25,0.0,5.0,0.0,1.25,3.125,3.75,5.0,5.0,2.5,3.75,5.0,5.0,5.0,5.0,2.5,5.0,3.75,3.75,2.5,5.0,5.0,3.75,5.0,3.75,4.375,5.0,5.0,3.75,5.0,5.0,5.0,5.0,5.0,3.75,5.0,5.0,5.0,5.0,5.0,5.0,5.0,5.0
36,7,0.0,0.0,0.0,0.0,0.0,0.0,0.0,0.0,0.625,2.5,0.0,0.0,0.0,3.75,0.0,0.0,3.75,0.0,0.0,0.0,0.0,3.75,3.75,0.0,0.0,5.0,1.25,0.0,5.0,0.0,1.25,2.5,3.75,5.0,5.0,2.5,3.75,5.0,5.0,5.0,5.0,2.5,5.0,3.75,3.75,2.5,5.0,5.0,3.75,5.0,3.75,4.375,5.0,5.0,3.75,5.0,5.0,5.0,5.0,5.0,3.75,5.0,5.0,5.0,5.0,5.0,5.0,5.0,5.0
36,8,0.0,0.0,0.0,0.0,0.0,0.0,0.0,0.0,0.625,2.5,0.0,0.0,0.0,3.75,0.0,0.0,3.75,0.0,0.0,0.0,0.0,3.75,3.75,0.0,0.0,5.0,1.25,0.0,5.0,0.0,1.25,2.5,3.75,5.0,5.0,2.5,3.75,5.0,5.0,5.0,5.0,2.5,5.0,3.75,3.75,2.5,5.0,5.0,2.5,5.0,3.75,3.75,5.0,5.0,3.75,5.0,4.375,5.0,5.0,5.0,3.75,5.0,5.0,5.0,5.0,5.0,5.0,5.0,5.0
37,6,0.0,0.0,0.0,0.0,0.0,0.0,0.0,0.0,0.0,1.25,0.0,0.0,0.0,2.5,0.0,0.0,5.0,0.0,0.0,0.0,0.0,5.0,5.0,0.0,0.0,5.0,0.0,0.0,5.0,1.25,1.25,3.125,3.75,5.0,5.0,1.25,5.0,5.0,5.0,5.0,5.0,2.5,5.0,3.75,3.75,2.5,5.0,5.0,3.75,5.0,3.75,4.375,5.0,5.0,3.75,5.0,5.0,5.0,5.0,5.0,3.75,5.0,5.0,5.0,5.0,5.0,5.0,5.0,5.0
37,7,0.0,0.0,0.0,0.0,0.0,0.0,0.0,0.0,0.0,1.25,0.0,0.0,0.0,2.5,0.0,0.0,5.0,0.0,0.0,0.0,0.0,5.0,4.375,0.0,0.0,5.0,0.0,0.0,5.0,0.0,1.25,3.125,3.75,5.0,5.0,1.25,5.0,5.0,5.0,4.375,5.0,2.5,5.0,3.75,3.75,2.5,5.0,5.0,3.75,5.0,3.75,3.75,5.0,5.0,3.75,5.0,5.0,5.0,5.0,5.0,3.75,5.0,5.0,5.0,5.0,5.0,5.0,5.0,5.0
37,8,0.0,0.0,0.0,0.0,0.0,0.0,0.0,0.0,0.0,1.25,0.0,0.0,0.0,2.5,0.0,0.0,4.375,0.0,0.0,0.0,0.0,4.375,3.75,0.0,0.0,5.0,0.0,0.0,5.0,0.0,1.25,2.5,3.75,5.0,5.0,1.25,4.375,5.0,5.0,4.375,5.0,2.5,5.0,3.75,3.75,2.5,5.0,5.0,3.75,5.0,3.75,3.75,5.0,5.0,3.75,5.0,5.0,5.0,5.0,5.0,3.75,5.0,5.0,5.0,5.0,5.0,5.0,4.375,5.0
38,6,0.0,0.0,0.0,0.0,0.0,0.0,0.0,0.0,0.0,1.25,0.0,0.0,0.0,1.875,0.0,0.0,5.0,0.0,0.0,0.0,0.0,5.0,5.0,0.0,0.0,5.0,0.0,0.0,5.0,1.25,1.25,3.75,2.5,5.0,5.0,1.25,5.0,5.0,5.0,3.75,4.375,3.75,5.0,4.375,3.75,2.5,5.0,5.0,5.0,5.0,3.75,3.75,5.0,5.0,3.75,5.0,5.0,5.0,5.0,5.0,3.75,5.0,5.0,5.0,5.0,5.0,5.0,5.0,5.0
38,7,0.0,0.0,0.0,0.0,0.0,0.0,0.0,0.0,0.0,1.25,0.0,0.0,0.0,1.25,0.0,0.0,5.0,0.0,0.0,0.0,0.0,5.0,5.0,0.0,0.0,5.0,0.0,0.0,5.0,1.25,1.25,3.75,2.5,5.0,5.0,1.25,5.0,5.0,5.0,3.75,4.375,3.75,5.0,3.75,3.75,2.5,5.0,5.0,5.0,5.0,3.75,3.75,5.0,5.0,3.75,5.0,5.0,5.0,5.0,5.0,3.75,5.0,5.0,5.0,5.0,5.0,5.0,5.0,5.0
38,8,0.0,0.0,0.0,0.0,0.0,0.0,0.0,0.0,0.0,0.625,0.0,0.0,0.0,1.25,0.0,0.0,5.0,0.0,0.0,0.0,0.0,4.375,5.0,0.0,0.0,3.75,0.0,0.0,5.0,1.25,1.25,3.125,2.5,5.0,5.0,1.25,5.0,3.75,5.0,3.75,3.75,3.125,5.0,3.75,3.75,2.5,5.0,5.0,3.75,5.0,3.75,3.75,5.0,5.0,3.75,4.375,5.0,5.0,5.0,5.0,3.75,5.0,5.0,5.0,5.0,5.0,5.0,4.375,5.0
39,6,0.0,0.0,0.0,0.0,0.0,0.0,0.0,0.0,0.0,0.625,0.0,0.0,0.0,1.25,0.0,0.0,5.0,0.0,0.0,0.0,0.0,4.375,5.0,0.0,0.0,3.75,1.25,0.0,3.75,2.5,1.25,3.75,2.5,5.0,5.0,0.625,5.0,3.75,5.0,2.5,3.75,3.75,5.0,5.0,3.75,2.5,5.0,5.0,5.0,5.0,3.75,3.75,5.0,5.0,3.75,5.0,5.0,5.0,5.0,5.0,5.0,5.0,5.0,5.0,5.0,5.0,5.0,5.0,5.0
39,7,0.0,0.0,0.0,0.0,0.0,0.0,0.0,0.0,0.0,0.0,0.0,0.0,0.0,1.25,0.0,0.0,5.0,0.0,0.0,0.0,0.0,3.75,5.0,0.0,0.0,3.75,1.25,0.0,3.75,2.5,1.25,3.75,2.5,4.375,5.0,0.625,5.0,3.75,5.0,2.5,3.75,3.75,5.0,5.0,3.75,2.5,5.0,5.0,5.0,5.0,3.75,3.75,5.0,5.0,3.75,5.0,5.0,5.0,5.0,5.0,4.375,5.0,5.0,5.0,5.0,5.0,5.0,5.0,5.0
39,8,0.0,0.0,0.0,0.0,0.0,0.0,0.0,0.0,0.0,0.0,0.0,0.0,0.0,1.25,0.0,0.0,5.0,0.0,0.0,0.0,0.0,3.75,5.0,0.0,0.0,2.5,1.25,0.0,3.75,2.5,1.25,3.75,2.5,5.0,5.0,0.0,5.0,3.75,5.0,2.5,3.75,3.75,5.0,4.375,3.75,2.5,5.0,5.0,5.0,5.0,3.75,3.75,5.0,5.0,3.75,4.375,5.0,5.0,5.0,5.0,3.75,5.0,5.0,5.0,5.0,5.0,5.0,5.0,5.0
40,6,0.0,0.0,0.0,0.0,0.0,0.0,0.0,0.0,0.0,1.25,0.0,0.0,0.0,1.25,0.0,0.0,5.0,0.0,0.0,0.0,0.0,3.75,5.0,0.0,0.0,2.5,1.25,0.0,2.5,3.75,2.5,3.75,2.5,3.75,3.125,0.0,5.0,4.375,5.0,1.25,3.75,4.375,3.125,5.0,4.375,2.5,3.75,5.0,5.0,4.375,2.5,3.75,5.0,5.0,3.75,5.0,5.0,5.0,3.75,5.0,5.0,5.0,5.0,5.0,5.0,5.0,5.0,5.0,5.0
40,7,0.0,0.0,0.0,0.0,0.0,0.0,0.0,0.0,0.0,1.25,0.0,0.0,0.0,1.25,0.0,0.0,5.0,0.0,0.0,0.0,0.0,3.75,5.0,0.0,0.0,2.5,1.25,0.0,2.5,3.75,2.5,3.75,2.5,2.5,3.75,0.0,5.0,4.375,5.0,1.25,3.75,4.375,3.75,5.0,4.375,2.5,3.75,5.0,5.0,5.0,2.5,3.75,5.0,5.0,3.75,5.0,5.0,5.0,3.75,5.0,5.0,5.0,5.0,5.0,5.0,5.0,5.0,5.0,5.0
40,8,0.0,0.0,0.0,0.0,0.0,0.0,0.0,0.0,0.0,1.25,0.0,0.0,0.0,1.25,0.0,0.0,5.0,0.0,0.0,0.0,0.0,3.75,5.0,0.0,0.0,1.25,1.25,0.0,2.5,3.125,2.5,3.75,2.5,2.5,3.125,0.0,5.0,3.75,3.75,1.25,3.75,3.75,2.5,5.0,3.75,2.5,3.75,5.0,5.0,3.75,2.5,3.75,5.0,5.0,3.75,4.375,5.0,5.0,3.75,5.0,5.0,5.0,5.0,5.0,5.0,5.0,5.0,5.0,5.0
41,6,0.0,0.0,0.0,0.0,0.0,0.0,0.0,0.0,0.0,1.25,0.0,0.0,0.0,1.25,0.0,0.0,5.0,0.0,0.0,0.0,0.0,3.75,5.0,0.0,0.0,1.25,2.5,0.0,1.25,5.0,2.5,3.75,2.5,1.25,1.25,0.0,5.0,5.0,3.75,0.0,3.75,5.0,1.25,5.0,5.0,2.5,2.5,5.0,5.0,2.5,2.5,3.75,5.0,5.0,3.125,5.0,5.0,5.0,2.5,3.75,5.0,5.0,5.0,5.0,5.0,5.0,5.0,5.0,5.0
41,7,0.0,0.0,0.0,0.0,0.0,0.0,0.0,0.0,0.0,1.25,0.0,0.0,0.0,1.25,0.0,0.0,5.0,0.0,0.0,0.0,0.0,3.75,5.0,0.0,0.0,1.25,2.5,0.0,1.25,5.0,2.5,3.75,2.5,1.25,1.25,0.0,5.0,5.0,3.75,0.0,3.75,5.0,1.25,5.0,5.0,2.5,1.875,5.0,5.0,2.5,2.5,3.75,5.0,5.0,3.125,5.0,5.0,5.0,2.5,3.75,5.0,5.0,5.0,5.0,5.0,5.0,5.0,5.0,5.0
41,8,0.0,0.0,0.0,0.0,0.0,0.0,0.0,0.0,0.0,1.25,0.0,0.0,0.0,1.25,0.0,0.0,5.0,0.0,0.0,0.0,0.0,3.75,5.0,0.0,0.0,1.25,1.875,0.0,1.25,4.375,2.5,3.75,1.25,1.25,1.25,0.0,5.0,5.0,3.75,0.0,3.75,4.375,1.25,4.375,5.0,2.5,1.25,5.0,5.0,2.5,2.5,3.75,5.0,5.0,2.5,4.375,5.0,5.0,1.875,3.75,5.0,5.0,5.0,5.0,5.0,5.0,5.0,5.0,5.0
42,6,0.0,0.0,0.0,0.0,0.0,0.0,0.0,0.0,0.0,2.5,0.0,0.0,0.0,1.25,0.0,0.0,5.0,0.0,0.0,0.0,0.0,3.75,5.0,0.0,0.0,0.0,2.5,0.0,0.0,5.0,3.75,3.75,2.5,0.0,0.0,0.0,5.0,5.0,3.75,0.0,3.75,5.0,1.25,4.375,5.0,3.75,0.0,5.0,5.0,1.25,1.875,3.75,5.0,5.0,2.5,5.0,5.0,5.0,0.0,3.75,5.0,5.0,5.0,5.0,5.0,5.0,5.0,5.0,5.0
42,7,0.0,0.0,0.0,0.0,0.0,0.0,0.0,0.0,0.0,2.5,0.0,0.0,0.0,1.25,0.0,0.0,5.0,0.0,0.0,0.0,0.0,3.125,5.0,0.0,0.0,0.0,2.5,0.0,0.0,5.0,3.75,3.75,2.5,0.0,0.0,0.0,5.0,5.0,3.125,0.0,3.75,5.0,0.0,4.375,5.0,3.75,0.0,5.0,5.0,0.625,1.25,3.75,5.0,5.0,2.5,5.0,5.0,5.0,0.0,3.75,5.0,5.0,5.0,5.0,5.0,5.0,5.0,5.0,5.0
42,8,0.0,0.0,0.0,0.0,0.0,0.0,0.0,0.0,0.0,1.875,0.0,0.0,0.0,1.25,0.0,0.0,5.0,0.0,0.0,0.0,0.0,2.5,4.375,0.0,0.0,0.0,2.5,0.0,0.0,5.0,3.75,3.75,2.5,0.0,0.0,0.0,5.0,5.0,2.5,0.0,3.75,5.0,0.0,3.75,5.0,3.75,0.0,5.0,5.0,0.625,1.25,3.75,5.0,5.0,2.5,4.375,5.0,5.0,0.0,3.75,5.0,5.0,5.0,5.0,5.0,5.0,5.0,5.0,5.0
43,6,0.0,0.0,0.0,0.0,0.0,0.0,0.0,0.0,0.0,2.5,0.0,0.0,0.0,2.5,0.0,0.0,5.0,0.0,0.0,0.0,0.0,2.5,3.75,0.0,0.0,0.0,2.5,1.25,0.0,5.0,3.75,3.75,2.5,0.0,0.0,1.25,5.0,5.0,3.75,0.0,3.75,5.0,0.0,4.375,5.0,3.75,0.0,5.0,5.0,0.0,1.25,3.75,5.0,5.0,2.5,5.0,5.0,5.0,0.0,3.75,5.0,5.0,5.0,5.0,5.0,5.0,5.0,5.0,5.0
43,7,0.0,0.0,0.0,0.0,0.0,0.0,0.0,0.0,0.0,2.5,0.0,0.0,0.0,2.5,0.0,0.0,5.0,0.0,0.0,0.0,0.0,2.5,3.75,0.0,0.0,0.0,2.5,1.25,0.0,5.0,3.75,3.75,2.5,0.0,0.0,1.25,5.0,5.0,3.75,0.0,3.75,5.0,0.0,4.375,5.0,3.75,0.0,5.0,5.0,0.0,1.25,3.75,5.0,5.0,2.5,5.0,5.0,5.0,0.0,3.75,5.0,5.0,5.0,5.0,5.0,5.0,5.0,5.0,5.0
43,8,0.0,0.0,0.0,0.0,0.0,0.0,0.0,0.0,0.0,2.5,0.0,0.0,0.0,2.5,0.0,0.0,5.0,0.0,0.0,0.0,0.0,2.5,3.75,0.0,0.0,0.0,2.5,1.25,0.0,5.0,3.75,3.75,2.5,0.0,0.0,0.625,5.0,5.0,3.125,0.0,3.75,4.375,0.0,4.375,5.0,3.75,0.0,5.0,5.0,0.0,1.25,3.75,5.0,5.0,2.5,4.375,5.0,5.0,0.0,2.5,5.0,5.0,5.0,5.0,5.0,5.0,5.0,5.0,5.0
44,6,0.0,0.0,0.0,0.0,0.0,0.0,0.0,0.0,1.25,3.125,0.0,0.0,0.0,2.5,0.0,0.0,5.0,0.0,0.0,0.0,0.0,2.5,3.75,1.25,0.0,0.0,3.75,2.5,0.0,5.0,3.75,3.75,2.5,0.0,0.0,2.5,5.0,5.0,3.75,0.0,3.75,3.75,0.0,5.0,5.0,3.75,0.0,5.0,5.0,0.0,1.25,3.75,5.0,5.0,2.5,4.375,5.0,5.0,0.0,2.5,5.0,5.0,5.0,5.0,5.0,5.0,5.0,5.0,5.0
44,7,0.0,0.0,0.0,0.0,0.0,0.0,0.0,0.0,1.25,3.125,0.0,0.0,0.0,2.5,0.0,0.0,5.0,0.0,0.0,0.0,0.0,2.5,3.75,1.25,0.0,0.0,3.75,2.5,0.0,5.0,3.75,3.75,2.5,0.0,0.0,2.5,5.0,5.0,3.75,0.0,3.75,3.75,0.0,5.0,5.0,3.75,0.0,5.0,5.0,0.0,1.25,3.75,5.0,5.0,2.5,4.375,5.0,5.0,0.0,2.5,5.0,5.0,5.0,5.0,5.0,5.0,5.0,5.0,5.0
44,8,0.0,0.0,0.0,0.0,0.0,0.0,0.0,0.0,1.25,2.5,0.0,0.0,0.0,2.5,0.0,0.0,5.0,0.0,0.0,0.0,0.0,2.5,3.125,1.25,0.0,0.0,3.125,2.5,0.0,5.0,3.75,3.75,2.5,0.0,0.0,1.25,5.0,5.0,3.125,0.0,3.75,3.75,0.0,4.375,5.0,3.75,0.0,5.0,5.0,0.0,1.25,3.75,5.0,5.0,2.5,3.75,5.0,5.0,0.0,2.5,5.0,5.0,5.0,5.0,5.0,5.0,5.0,5.0,5.0
45,6,0.0,0.0,0.0,0.0,0.0,0.0,0.0,0.0,2.5,3.75,0.0,0.0,0.0,3.125,0.0,0.0,5.0,0.0,0.0,0.0,0.0,2.5,2.5,2.5,0.0,0.0,3.75,3.75,0.0,5.0,3.75,3.125,3.75,0.0,0.0,3.75,5.0,5.0,3.75,0.0,5.0,3.75,0.0,5.0,5.0,3.75,0.0,5.0,5.0,0.0,1.25,3.75,5.0,5.0,3.75,3.75,5.0,5.0,0.0,3.75,5.0,5.0,5.0,5.0,5.0,5.0,5.0,5.0,5.0
45,7,0.0,0.0,0.0,0.0,0.0,0.0,0.0,0.0,2.5,3.75,0.0,0.0,0.0,3.125,0.0,0.0,5.0,0.0,0.0,0.0,0.0,2.5,2.5,2.5,0.0,0.0,3.75,3.75,0.0,5.0,3.75,2.5,3.75,0.0,0.0,3.125,5.0,5.0,3.75,0.0,5.0,3.125,0.0,5.0,5.0,3.75,0.0,5.0,5.0,0.0,1.25,3.75,5.0,5.0,3.125,3.75,5.0,5.0,0.0,3.125,5.0,5.0,5.0,5.0,5.0,5.0,5.0,5.0,5.0
45,8,0.0,0.0,0.0,0.0,0.0,0.0,0.0,0.0,1.25,3.75,0.0,0.0,0.0,2.5,0.0,0.0,5.0,0.0,0.0,0.0,0.0,2.5,2.5,2.5,0.0,0.0,3.125,3.75,0.0,5.0,3.75,2.5,3.75,0.0,0.0,2.5,5.0,5.0,3.75,0.0,5.0,2.5,0.0,5.0,5.0,3.75,0.0,4.375,5.0,0.0,1.25,3.75,4.375,5.0,3.125,3.75,5.0,5.0,0.0,3.125,5.0,5.0,5.0,5.0,5.0,5.0,5.0,5.0,5.0
46,6,0.0,0.0,0.0,0.0,0.0,0.0,0.0,0.0,3.75,3.75,0.0,0.0,0.0,2.5,0.0,0.0,5.0,0.0,0.0,0.0,0.0,3.125,1.25,3.75,0.0,0.0,3.75,5.0,0.0,5.0,3.75,2.5,3.75,0.0,0.0,3.75,5.0,5.0,3.75,0.0,5.0,2.5,0.0,5.0,5.0,3.75,0.0,5.0,5.0,0.0,1.25,3.75,4.375,3.75,3.75,3.75,5.0,5.0,0.0,3.75,5.0,5.0,5.0,5.0,5.0,5.0,5.0,5.0,5.0
46,7,0.0,0.0,0.0,0.0,0.0,0.0,0.0,0.0,3.75,3.75,0.0,0.0,0.0,2.5,0.0,0.0,5.0,0.0,0.0,0.0,0.0,3.125,1.25,3.75,0.0,0.0,3.75,5.0,0.0,5.0,3.75,2.5,3.75,0.0,0.0,3.75,5.0,5.0,3.75,0.0,5.0,2.5,0.0,5.0,5.0,3.75,0.0,5.0,5.0,0.0,1.25,3.75,3.75,3.75,3.75,3.75,5.0,5.0,0.0,3.75,5.0,5.0,5.0,5.0,5.0,5.0,5.0,5.0,5.0
46,8,0.0,0.0,0.0,0.0,0.0,0.0,0.0,0.0,2.5,3.75,0.0,0.0,0.0,2.5,0.0,0.0,4.375,0.0,0.0,0.0,0.0,2.5,1.25,2.5,0.0,0.0,3.75,4.375,0.0,4.375,3.75,2.5,3.75,0.0,0.0,3.75,5.0,5.0,3.75,0.0,5.0,2.5,0.0,5.0,5.0,3.75,0.0,5.0,5.0,0.0,1.25,3.75,3.75,3.75,3.75,3.75,5.0,5.0,0.0,3.75,5.0,5.0,5.0,5.0,5.0,5.0,5.0,5.0,5.0
47,6,0.0,0.0,0.0,0.0,0.0,0.0,0.0,0.0,3.75,3.75,0.0,0.0,0.0,2.5,0.0,0.0,4.375,0.0,0.0,0.0,0.0,3.75,0.0,5.0,0.0,0.0,3.75,5.0,0.0,3.75,3.75,2.5,3.75,0.0,0.0,5.0,5.0,5.0,3.75,0.0,5.0,1.25,0.0,5.0,5.0,3.75,0.0,5.0,5.0,0.0,1.25,3.75,3.75,3.75,5.0,3.75,5.0,5.0,0.0,5.0,5.0,5.0,5.0,5.0,5.0,5.0,5.0,5.0,5.0
47,7,0.0,0.0,0.0,0.0,0.0,0.0,0.0,0.0,3.75,3.75,0.0,0.0,0.0,2.5,0.0,0.0,3.75,0.0,0.0,0.0,0.0,3.75,0.0,5.0,0.0,0.0,3.75,5.0,0.0,3.75,3.75,2.5,3.75,0.0,0.0,5.0,5.0,5.0,3.75,0.0,5.0,1.25,0.0,5.0,5.0,3.75,0.0,5.0,5.0,0.0,1.25,3.75,3.75,3.75,5.0,3.75,5.0,5.0,0.0,5.0,5.0,5.0,5.0,5.0,5.0,5.0,5.0,5.0,5.0
47,8,0.0,0.0,0.0,0.0,0.0,0.0,0.0,0.0,3.75,3.75,0.0,0.0,0.0,2.5,0.0,0.0,3.75,0.0,0.0,0.0,0.0,3.75,0.0,3.75,0.0,0.0,3.75,5.0,0.0,3.75,3.75,2.5,3.75,0.0,0.0,5.0,5.0,5.0,3.75,0.0,5.0,1.25,0.0,5.0,5.0,3.125,0.0,5.0,5.0,0.0,1.25,3.75,3.75,3.75,5.0,3.75,5.0,5.0,0.0,5.0,5.0,5.0,5.0,5.0,5.0,5.0,5.0,5.0,5.0
48,6,0.0,0.0,0.0,0.0,0.0,0.0,0.0,0.0,4.375,3.75,0.0,0.0,0.0,2.5,0.0,0.0,3.75,0.0,0.0,0.0,0.0,4.375,0.0,5.0,0.0,0.0,5.0,5.0,0.0,3.75,3.125,2.5,3.75,0.0,0.0,5.0,5.0,5.0,3.75,0.0,5.0,0.625,0.0,5.0,5.0,2.5,0.0,5.0,5.0,0.0,1.25,3.75,3.75,3.75,5.0,5.0,5.0,5.0,0.0,5.0,5.0,5.0,5.0,5.0,5.0,5.0,5.0,5.0,5.0
48,7,0.0,0.0,0.0,0.0,0.0,0.0,0.0,0.0,4.375,3.75,0.0,0.0,0.0,1.875,0.0,0.0,3.75,0.0,0.625,0.0,0.0,3.75,0.0,5.0,0.0,0.0,4.375,5.0,0.0,3.75,3.125,2.5,3.75,0.0,0.0,5.0,5.0,5.0,3.75,0.0,5.0,0.625,0.0,5.0,5.0,2.5,0.0,5.0,5.0,0.0,1.25,3.75,3.75,3.75,5.0,5.0,5.0,5.0,0.0,5.0,5.0,5.0,5.0,5.0,5.0,5.0,5.0,5.0,5.0
48,8,0.0,0.0,0.0,0.0,0.0,0.0,0.0,0.0,3.75,3.75,0.0,0.0,0.0,1.875,0.0,0.0,3.75,0.0,0.0,0.0,0.0,3.75,0.0,3.75,0.0,0.0,3.75,4.375,0.0,3.75,3.125,2.5,3.75,0.0,0.0,5.0,5.0,5.0,3.75,0.0,5.0,0.625,0.0,5.0,5.0,2.5,0.0,5.0,5.0,0.0,1.25,3.75,3.75,3.75,5.0,4.375,5.0,5.0,0.0,5.0,5.0,5.0,5.0,5.0,5.0,5.0,5.0,5.0,5.0
49,6,0.0,0.0,0.0,0.0,0.0,0.0,0.0,0.0,3.75,3.75,0.0,0.0,0.0,1.25,0.0,0.0,3.75,0.0,1.25,0.0,0.0,5.0,0.0,3.75,0.0,0.0,5.0,3.75,0.0,3.75,2.5,3.75,3.75,0.0,0.0,5.0,5.0,5.0,3.75,0.0,5.0,0.0,0.0,5.0,4.375,1.25,0.0,5.0,5.0,0.0,1.25,4.375,3.75,3.75,5.0,5.0,5.0,5.0,0.0,5.0,5.0,5.0,5.0,5.0,5.0,5.0,5.0,5.0,5.0
49,7,0.0,0.0,0.0,0.0,0.0,0.0,0.0,0.0,3.75,3.75,0.0,0.0,0.0,1.25,0.0,0.0,3.75,0.0,1.25,0.0,0.0,5.0,0.0,3.75,0.0,0.0,5.0,3.75,0.0,3.75,2.5,3.125,3.75,0.0,0.0,5.0,5.0,5.0,3.75,0.0,5.0,0.0,0.0,5.0,4.375,1.25,0.0,5.0,5.0,0.0,1.25,4.375,3.75,3.75,5.0,5.0,5.0,5.0,0.0,5.0,5.0,5.0,5.0,5.0,5.0,5.0,5.0,5.0,5.0
49,8,0.0,0.0,0.0,0.0,0.0,0.0,0.0,0.0,3.75,3.75,0.0,0.0,0.0,1.25,0.0,0.0,3.75,0.0,1.25,0.0,0.0,5.0,0.0,3.75,0.0,0.0,5.0,3.75,0.0,3.125,2.5,2.5,3.75,0.0,0.0,5.0,5.0,5.0,3.75,0.0,5.0,0.0,0.0,5.0,3.75,1.25,0.0,5.0,5.0,0.0,1.25,3.75,3.75,3.75,5.0,5.0,3.75,5.0,0.0,5.0,5.0,5.0,5.0,5.0,5.0,5.0,5.0,5.0,5.0
50,6,0.0,0.0,0.0,0.0,0.0,0.0,0.0,0.0,3.75,3.75,0.0,0.0,0.0,1.25,0.0,0.0,3.75,0.0,3.125,0.0,0.0,5.0,0.0,3.75,0.0,0.0,5.0,2.5,0.0,3.125,2.5,3.75,3.75,0.0,0.0,5.0,5.0,5.0,3.75,0.0,5.0,0.0,0.0,5.0,3.75,1.25,0.0,5.0,5.0,0.0,1.25,5.0,4.375,3.75,5.0,5.0,4.375,5.0,0.0,5.0,5.0,5.0,5.0,5.0,5.0,5.0,5.0,5.0,5.0
50,7,0.0,0.0,0.0,0.0,0.0,0.0,0.0,0.0,3.75,3.75,0.0,0.0,0.0,1.25,0.0,0.0,3.75,0.0,2.5,0.0,0.0,5.0,0.0,3.75,0.0,0.0,5.0,2.5,0.0,3.125,2.5,3.75,3.75,0.0,0.0,5.0,5.0,5.0,3.75,0.0,5.0,0.0,0.0,5.0,3.75,1.25,0.0,5.0,5.0,0.0,1.25,5.0,3.75,3.75,5.0,5.0,4.375,5.0,0.0,5.0,5.0,5.0,5.0,5.0,5.0,5.0,5.0,5.0,5.0
50,8,0.0,0.0,0.0,0.0,0.0,0.0,0.0,0.0,2.5,3.75,0.0,0.0,0.0,1.25,0.0,0.0,3.75,0.0,2.5,0.0,0.0,5.0,0.0,2.5,0.0,0.0,5.0,2.5,0.0,2.5,2.5,3.75,3.75,0.0,0.0,5.0,5.0,5.0,3.75,0.0,5.0,0.0,0.0,5.0,3.75,1.25,0.0,5.0,3.75,0.0,0.0,5.0,3.75,3.75,5.0,5.0,3.75,5.0,0.0,5.0,5.0,5.0,5.0,5.0,5.0,5.0,5.0,5.0,5.0
51,6,0.0,0.0,0.0,0.0,0.0,0.0,0.0,0.0,2.5,3.75,0.0,0.0,0.0,1.25,0.0,0.0,3.75,0.0,5.0,0.0,0.0,5.0,0.0,2.5,0.0,0.0,5.0,1.25,0.0,3.125,2.5,3.75,3.75,0.0,0.0,5.0,5.0,5.0,3.75,0.0,5.0,1.25,0.0,5.0,3.75,1.25,0.0,5.0,5.0,0.0,0.0,5.0,3.75,3.75,5.0,5.0,4.375,5.0,0.0,5.0,5.0,5.0,5.0,5.0,5.0,5.0,5.0,5.0,5.0
51,7,0.0,0.0,0.0,0.0,0.0,0.0,0.0,0.0,2.5,3.75,0.0,0.0,0.0,1.25,0.0,0.0,3.75,0.0,3.75,0.0,0.0,5.0,0.0,1.25,0.0,0.0,5.0,1.25,0.0,3.125,2.5,3.75,3.75,0.0,0.0,5.0,4.375,4.375,3.75,0.0,5.0,1.25,0.0,5.0,3.75,1.25,0.0,5.0,4.375,0.0,0.0,5.0,3.75,3.75,5.0,5.0,4.375,5.0,0.0,5.0,5.0,5.0,5.0,5.0,5.0,5.0,5.0,5.0,5.0
51,8,0.0,0.0,0.0,0.0,0.0,0.0,0.0,0.0,2.5,3.125,0.0,0.0,0.0,1.25,0.0,0.0,3.75,0.0,3.75,0.0,0.0,5.0,0.0,1.25,0.0,0.0,5.0,1.25,0.0,2.5,2.5,3.75,3.75,0.0,0.0,5.0,4.375,3.75,3.75,0.0,5.0,1.25,0.0,5.0,3.75,1.25,0.0,5.0,3.75,0.0,0.0,5.0,3.75,3.75,5.0,5.0,4.375,5.0,0.0,5.0,5.0,5.0,5.0,5.0,5.0,5.0,5.0,5.0,5.0
52,6,0.0,0.0,0.0,0.0,0.0,0.0,0.0,0.0,1.875,2.5,0.0,0.0,0.0,2.5,0.0,0.0,3.75,0.0,5.0,0.0,0.0,5.0,0.0,1.25,0.0,0.0,5.0,0.0,0.0,3.125,2.5,4.375,3.75,0.0,0.0,5.0,3.75,3.75,3.75,0.0,5.0,1.25,0.0,5.0,3.75,0.0,0.0,5.0,5.0,0.0,1.25,5.0,4.375,3.75,5.0,5.0,5.0,5.0,0.0,5.0,5.0,5.0,5.0,5.0,5.0,5.0,5.0,5.0,5.0
52,7,0.0,0.0,0.0,0.0,0.0,0.0,0.0,0.0,1.25,2.5,0.0,0.0,0.0,2.5,0.0,0.0,3.75,0.0,5.0,0.0,0.0,5.0,0.0,1.25,0.0,0.0,5.0,0.0,0.0,2.5,2.5,4.375,3.75,0.0,0.0,5.0,3.75,3.75,3.75,0.0,5.0,1.25,0.0,5.0,3.75,0.0,0.0,5.0,5.0,0.0,1.25,5.0,3.75,3.75,5.0,5.0,5.0,5.0,0.0,5.0,5.0,5.0,5.0,5.0,5.0,5.0,5.0,5.0,5.0
52,8,0.0,0.0,0.0,0.0,0.0,0.0,0.0,0.0,1.25,2.5,0.0,0.0,0.0,2.5,0.0,0.0,3.75,0.0,5.0,0.0,0.0,5.0,0.0,0.625,0.0,0.0,5.0,0.0,0.0,2.5,1.875,4.375,3.125,0.0,0.0,5.0,3.75,3.75,3.75,0.0,5.0,1.25,0.0,5.0,3.75,0.0,0.0,5.0,4.375,0.0,1.25,5.0,3.75,3.75,5.0,5.0,5.0,5.0,0.0,5.0,5.0,5.0,5.0,5.0,4.375,5.0,5.0,5.0,5.0
53,6,0.0,0.0,0.0,0.0,0.0,0.0,0.0,0.0,1.25,2.5,0.0,0.0,0.0,2.5,0.0,0.0,3.75,0.0,5.0,0.0,0.0,5.0,1.25,0.0,0.0,0.0,5.0,0.0,0.0,2.5,2.5,5.0,3.125,0.0,0.0,5.0,3.75,3.75,5.0,0.0,5.0,1.875,0.0,5.0,3.75,0.0,0.0,5.0,5.0,0.0,1.25,5.0,5.0,3.75,5.0,5.0,5.0,4.375,0.0,5.0,5.0,5.0,5.0,5.0,3.75,5.0,5.0,5.0,5.0
53,7,0.0,0.0,0.0,0.0,0.0,0.0,0.0,0.0,1.25,2.5,0.0,0.0,0.0,2.5,0.0,0.0,3.75,0.0,5.0,0.0,0.0,5.0,1.25,0.0,0.0,0.0,5.0,0.0,0.0,2.5,2.5,4.375,2.5,0.0,0.0,5.0,3.75,3.75,5.0,0.0,5.0,1.25,0.0,5.0,3.75,0.0,0.0,5.0,5.0,0.0,1.25,5.0,5.0,3.75,5.0,5.0,5.0,3.75,0.0,5.0,5.0,5.0,5.0,5.0,3.75,5.0,5.0,5.0,5.0
53,8,0.0,0.0,0.0,0.0,0.0,0.0,0.0,0.0,1.25,2.5,0.0,0.0,0.0,2.5,0.0,0.0,2.5,0.0,5.0,0.0,0.0,5.0,1.25,0.0,0.0,0.0,5.0,0.0,0.0,2.5,1.875,4.375,2.5,0.0,0.0,5.0,3.75,2.5,4.375,0.0,5.0,1.25,0.0,5.0,3.75,0.0,0.0,5.0,5.0,0.0,1.25,5.0,5.0,3.75,5.0,5.0,5.0,3.75,0.0,5.0,5.0,3.75,5.0,5.0,3.75,5.0,5.0,5.0,5.0
54,6,0.0,0.0,0.0,0.0,0.0,0.0,0.0,0.0,1.25,2.5,0.0,0.0,0.0,3.75,0.0,0.0,2.5,0.0,5.0,0.0,0.0,5.0,2.5,0.0,0.0,0.0,5.0,0.0,0.0,2.5,2.5,4.375,2.5,0.0,0.0,5.0,3.75,2.5,5.0,0.0,5.0,2.5,0.0,5.0,3.75,1.25,0.0,5.0,5.0,0.0,2.5,5.0,5.0,3.75,5.0,5.0,5.0,3.75,0.0,5.0,5.0,3.75,4.375,5.0,3.75,5.0,5.0,5.0,5.0
54,7,0.0,0.0,0.0,0.0,0.0,0.0,0.0,0.0,1.25,2.5,0.0,0.0,0.0,2.5,0.0,0.0,2.5,0.0,5.0,0.0,0.0,5.0,2.5,0.0,0.0,0.0,5.0,0.0,0.0,2.5,2.5,4.375,2.5,0.0,0.0,5.0,3.75,2.5,5.0,0.0,5.0,2.5,0.0,5.0,3.75,1.25,0.0,5.0,5.0,0.0,2.5,5.0,5.0,3.75,5.0,5.0,5.0,3.75,0.0,5.0,5.0,2.5,4.375,5.0,3.75,5.0,5.0,5.0,5.0
54,8,0.0,0.0,0.0,0.0,0.0,0.0,0.0,0.0,1.25,2.5,0.0,0.0,0.0,2.5,0.0,0.0,2.5,0.0,5.0,0.0,0.0,5.0,2.5,0.0,0.0,0.0,5.0,0.0,0.0,2.5,2.5,3.75,2.5,0.0,0.0,5.0,3.75,2.5,5.0,0.0,5.0,2.5,0.0,5.0,3.75,1.25,0.0,5.0,5.0,0.0,2.5,5.0,5.0,3.75,5.0,5.0,5.0,3.75,0.0,5.0,5.0,2.5,3.75,5.0,3.75,5.0,5.0,5.0,5.0
55,6,0.0,0.0,0.0,0.0,0.0,0.0,0.0,0.0,1.25,2.5,0.0,0.0,0.0,3.75,0.0,0.0,2.5,0.0,5.0,0.0,0.0,5.0,3.75,0.0,0.0,0.0,5.0,0.0,0.0,2.5,2.5,3.75,3.125,0.0,0.0,5.0,3.75,2.5,5.0,0.0,5.0,2.5,0.0,5.0,3.75,1.25,0.0,5.0,5.0,0.0,2.5,5.0,5.0,3.75,5.0,5.0,5.0,3.75,0.0,5.0,5.0,1.25,4.375,5.0,3.75,5.0,5.0,5.0,5.0
55,7,0.0,0.0,0.0,0.0,0.0,0.0,0.0,0.0,1.25,2.5,0.0,0.0,0.0,3.75,0.0,0.0,2.5,0.0,5.0,0.0,0.0,5.0,3.75,0.0,0.0,0.0,5.0,0.0,0.0,2.5,2.5,3.75,3.125,0.0,0.0,5.0,3.75,1.25,5.0,0.0,5.0,2.5,0.0,5.0,3.75,1.25,0.0,5.0,5.0,0.0,2.5,5.0,5.0,3.75,5.0,5.0,5.0,3.75,0.0,5.0,5.0,1.25,4.375,5.0,3.75,5.0,5.0,5.0,5.0
55,8,0.0,0.0,0.0,0.0,0.0,0.0,0.0,0.0,1.25,2.5,0.0,0.0,0.0,3.75,0.0,0.0,2.5,0.0,5.0,0.0,0.0,5.0,3.125,0.0,0.0,0.0,5.0,0.0,0.0,2.5,2.5,3.75,2.5,0.0,0.0,5.0,3.75,1.25,5.0,0.0,5.0,2.5,0.0,5.0,3.75,1.25,0.0,5.0,5.0,0.0,2.5,5.0,5.0,3.75,5.0,5.0,5.0,3.75,0.0,5.0,5.0,1.25,3.75,5.0,3.75,5.0,5.0,5.0,5.0
56,6,0.0,0.0,0.0,0.0,0.0,0.0,0.0,0.0,2.5,2.5,0.0,0.0,0.0,5.0,0.0,0.0,1.25,0.0,5.0,0.0,0.0,5.0,5.0,0.0,0.0,0.0,5.0,0.625,0.0,2.5,2.5,3.125,3.75,0.0,0.0,5.0,4.375,1.25,5.0,0.0,5.0,2.5,0.0,5.0,4.375,2.5,0.0,5.0,5.0,0.0,3.75,5.0,5.0,4.375,5.0,5.0,5.0,3.75,0.0,5.0,5.0,1.25,3.75,5.0,4.375,5.0,5.0,5.0,5.0
56,7,0.0,0.0,0.0,0.0,0.0,0.0,0.0,0.0,1.875,2.5,0.0,0.0,0.0,5.0,0.0,0.0,1.25,0.0,5.0,0.0,0.0,5.0,5.0,0.0,0.0,0.0,5.0,0.625,0.0,2.5,2.5,3.125,3.75,0.0,0.0,5.0,4.375,1.25,5.0,0.0,5.0,2.5,0.0,5.0,4.375,2.5,0.0,5.0,5.0,0.0,3.75,5.0,5.0,3.75,5.0,5.0,5.0,3.75,0.0,5.0,5.0,1.25,3.75,5.0,3.75,5.0,5.0,5.0,5.0
56,8,0.0,0.0,0.0,0.0,0.0,0.0,0.0,0.0,1.25,2.5,0.0,0.0,0.0,3.75,0.0,0.0,1.25,0.0,5.0,0.0,0.0,3.75,3.75,0.0,0.0,0.0,5.0,0.0,0.0,2.5,2.5,2.5,3.75,0.0,0.0,5.0,3.75,1.25,5.0,0.0,5.0,2.5,0.0,5.0,3.75,2.5,0.0,5.0,5.0,0.0,3.75,5.0,5.0,3.75,5.0,5.0,5.0,3.125,0.0,5.0,5.0,1.25,3.75,5.0,3.75,5.0,5.0,5.0,5.0
57,6,0.0,0.0,0.0,0.0,0.0,0.0,0.0,0.0,2.5,3.75,0.0,0.0,0.0,5.0,0.0,0.0,0.0,0.0,5.0,0.0,0.0,3.75,5.0,0.0,0.0,0.0,5.0,1.25,0.0,2.5,3.125,2.5,3.75,0.0,0.0,5.0,5.0,1.25,5.0,0.0,5.0,2.5,0.0,5.0,5.0,2.5,0.0,5.0,5.0,0.0,5.0,5.0,5.0,5.0,5.0,5.0,5.0,3.75,0.0,5.0,5.0,0.0,3.75,5.0,5.0,5.0,5.0,5.0,5.0
57,7,0.0,0.0,0.0,0.0,0.0,0.0,0.0,0.0,2.5,3.75,0.0,0.0,0.0,5.0,0.0,0.0,0.0,0.0,5.0,0.0,0.0,3.75,5.0,0.0,0.0,0.0,5.0,1.25,0.0,2.5,3.125,2.5,3.75,0.0,0.0,5.0,4.375,1.25,5.0,0.0,5.0,2.5,0.0,5.0,5.0,2.5,0.0,5.0,5.0,0.0,5.0,5.0,5.0,5.0,5.0,5.0,5.0,3.75,0.0,5.0,5.0,0.0,3.75,5.0,5.0,5.0,5.0,5.0,5.0
57,8,0.0,0.0,0.0,0.0,0.0,0.0,0.0,0.0,2.5,3.75,0.0,0.0,0.0,4.375,0.0,0.0,0.0,0.0,5.0,0.0,0.0,3.75,3.75,0.0,0.0,0.0,5.0,1.25,0.0,2.5,2.5,1.25,3.75,0.0,0.0,5.0,3.75,1.25,5.0,0.0,5.0,2.5,0.0,5.0,4.375,2.5,0.0,5.0,5.0,0.0,5.0,5.0,5.0,4.375,5.0,5.0,5.0,3.75,0.0,5.0,5.0,0.0,3.75,5.0,5.0,5.0,5.0,5.0,5.0
58,6,0.0,0.0,0.0,0.0,0.0,0.0,0.0,0.0,2.5,3.75,1.25,0.0,0.0,5.0,0.0,0.0,0.0,0.0,5.0,0.0,0.0,3.75,5.0,0.0,0.0,0.0,3.75,3.75,0.0,2.5,3.75,1.25,3.75,0.0,0.0,5.0,5.0,2.5,5.0,0.0,5.0,2.5,0.0,5.0,5.0,3.75,0.0,5.0,5.0,0.0,5.0,5.0,5.0,5.0,5.0,5.0,5.0,3.75,0.0,5.0,5.0,0.0,4.375,5.0,5.0,5.0,5.0,5.0,5.0
58,7,0.0,0.0,0.0,0.0,0.0,0.0,0.0,0.0,2.5,3.75,1.25,0.0,0.0,5.0,0.0,0.0,0.0,0.0,5.0,0.0,0.0,2.5,5.0,0.0,0.0,0.0,3.75,2.5,0.0,2.5,3.75,1.25,3.75,0.0,0.0,5.0,4.375,2.5,5.0,0.0,5.0,2.5,0.0,5.0,5.0,3.75,0.0,5.0,5.0,0.0,5.0,5.0,5.0,5.0,5.0,5.0,5.0,3.75,0.0,5.0,5.0,0.0,3.75,5.0,5.0,5.0,5.0,5.0,5.0
58,8,0.0,0.0,0.0,0.0,0.0,0.0,0.0,0.0,2.5,3.75,1.25,0.0,0.0,5.0,0.0,0.0,0.0,0.0,5.0,0.0,0.0,2.5,3.75,0.0,0.0,0.0,3.75,2.5,0.0,2.5,3.125,1.25,3.125,0.0,0.0,5.0,3.75,2.5,5.0,0.0,5.0,2.5,0.0,5.0,4.375,3.75,0.0,5.0,5.0,0.0,5.0,5.0,5.0,5.0,5.0,5.0,5.0,3.75,0.0,5.0,5.0,0.0,3.75,5.0,5.0,5.0,5.0,5.0,4.375
59,6,0.0,0.0,0.0,0.0,0.0,0.0,0.0,0.0,2.5,3.75,2.5,0.0,0.0,5.0,0.0,0.0,0.0,0.0,5.0,0.0,0.0,2.5,3.75,0.0,0.0,0.0,3.75,4.375,0.0,2.5,3.75,0.0,2.5,0.0,0.0,5.0,3.75,2.5,5.0,0.0,5.0,3.75,0.0,5.0,5.0,5.0,0.0,5.0,5.0,0.0,5.0,5.0,5.0,5.0,5.0,5.0,5.0,3.75,0.0,5.0,5.0,0.0,5.0,5.0,5.0,5.0,5.0,5.0,3.75
59,7,0.0,0.0,0.0,0.0,0.0,0.0,0.0,0.0,1.875,3.75,2.5,0.0,0.0,5.0,0.0,0.0,0.0,0.0,5.0,0.0,0.0,2.5,3.75,0.0,0.0,0.0,3.75,3.75,0.0,2.5,3.75,0.0,2.5,0.0,0.0,5.0,3.75,2.5,5.0,0.0,5.0,3.125,0.0,5.0,4.375,5.0,0.0,5.0,5.0,0.0,5.0,5.0,5.0,5.0,5.0,5.0,5.0,3.75,0.0,5.0,5.0,0.0,4.375,5.0,5.0,5.0,5.0,5.0,3.75
59,8,0.0,0.0,0.0,0.0,0.0,0.0,0.0,0.0,1.25,3.75,2.5,0.0,0.0,5.0,0.0,0.0,0.0,0.0,5.0,0.0,0.0,2.5,2.5,0.0,0.0,0.0,3.75,3.75,0.0,2.5,3.125,0.0,2.5,0.0,0.0,5.0,3.75,2.5,4.375,0.0,5.0,2.5,0.0,5.0,3.75,5.0,0.0,4.375,5.0,0.0,5.0,5.0,5.0,5.0,5.0,5.0,5.0,3.75,0.0,5.0,5.0,0.0,3.75,5.0,5.0,5.0,5.0,5.0,3.75
60,6,0.0,0.0,0.0,0.0,0.0,0.0,0.0,0.0,1.25,2.5,4.375,0.0,0.0,5.0,0.0,0.0,0.0,0.0,5.0,0.0,0.0,2.5,2.5,0.0,0.0,0.0,3.75,5.0,0.0,2.5,3.75,0.0,1.875,0.0,0.0,5.0,3.75,3.75,5.0,0.0,5.0,2.5,0.0,5.0,3.75,5.0,0.0,3.75,5.0,0.0,5.0,5.0,5.0,5.0,5.0,5.0,5.0,3.75,0.0,5.0,5.0,0.0,5.0,5.0,5.0,5.0,4.375,5.0,2.5
60,7,0.0,0.0,0.0,0.0,0.0,0.0,0.0,0.0,1.25,2.5,3.75,0.0,0.0,5.0,0.0,0.0,0.0,0.0,5.0,0.0,0.0,2.5,2.5,0.0,0.0,0.0,3.75,5.0,0.0,2.5,3.75,0.0,1.875,0.0,0.0,5.0,3.75,3.75,5.0,0.0,5.0,2.5,0.0,5.0,3.75,5.0,0.0,3.75,5.0,0.0,5.0,5.0,5.0,5.0,5.0,5.0,5.0,3.75,0.0,5.0,5.0,0.0,5.0,5.0,5.0,5.0,4.375,5.0,2.5
60,8,0.0,0.0,0.0,0.0,0.0,0.0,0.0,0.0,1.25,2.5,3.75,0.0,0.0,5.0,0.0,0.0,0.0,0.0,5.0,0.0,0.0,2.5,2.5,0.0,0.0,0.0,3.125,3.75,0.0,2.5,3.125,0.0,1.25,0.0,0.0,5.0,3.75,3.75,3.75,0.0,5.0,2.5,0.0,5.0,3.75,5.0,0.0,3.75,5.0,0.0,5.0,5.0,5.0,5.0,5.0,5.0,5.0,3.75,0.0,5.0,3.75,0.0,5.0,4.375,5.0,5.0,4.375,5.0,2.5
61,6,0.0,0.0,0.0,0.0,0.0,0.0,1.25,0.0,1.25,2.5,5.0,0.0,0.0,5.0,0.0,0.0,0.0,0.0,5.0,0.0,0.0,2.5,1.25,0.0,0.0,0.0,2.5,5.0,0.0,2.5,3.75,0.0,1.25,0.0,0.0,5.0,2.5,3.75,5.0,0.0,5.0,3.75,0.0,5.0,3.75,5.0,0.0,3.75,5.0,0.0,5.0,5.0,5.0,5.0,5.0,5.0,5.0,4.375,0.0,5.0,3.75,0.0,5.0,3.75,5.0,5.0,3.75,5.0,1.25
61,7,0.0,0.0,0.0,0.0,0.0,0.0,1.25,0.0,1.25,2.5,5.0,0.0,0.0,5.0,0.0,0.0,0.0,0.0,5.0,0.0,0.0,2.5,1.25,0.0,0.0,0.0,2.5,5.0,0.0,2.5,3.75,0.0,1.25,0.0,0.0,5.0,2.5,3.75,5.0,0.0,5.0,3.75,0.0,5.0,3.75,5.0,0.0,3.75,5.0,0.0,5.0,5.0,5.0,5.0,5.0,5.0,5.0,4.375,0.0,5.0,3.75,0.0,5.0,3.75,5.0,5.0,3.75,5.0,1.25
61,8,0.0,0.0,0.0,0.0,0.0,0.0,1.25,0.0,1.25,1.25,5.0,0.0,0.0,5.0,0.0,0.0,0.0,0.0,5.0,0.0,0.0,2.5,1.25,0.0,0.0,0.0,2.5,3.75,0.0,2.5,3.125,0.0,1.25,0.0,0.0,5.0,2.5,3.75,3.75,0.0,5.0,3.75,0.0,5.0,3.75,5.0,0.0,3.75,5.0,0.0,5.0,5.0,5.0,5.0,5.0,5.0,5.0,3.75,0.0,5.0,3.75,0.0,5.0,3.75,5.0,5.0,3.75,4.375,1.25
62,6,0.0,0.0,0.0,0.0,0.0,0.0,2.5,0.0,1.25,1.25,5.0,0.0,0.0,5.0,0.0,0.0,0.0,0.0,5.0,0.0,0.0,2.5,0.0,0.0,0.0,0.0,2.5,5.0,0.0,2.5,3.75,1.25,1.25,0.0,0.0,5.0,2.5,3.75,5.0,0.0,5.0,3.75,0.0,5.0,3.75,5.0,0.0,3.75,5.0,0.0,5.0,5.0,5.0,5.0,5.0,5.0,5.0,5.0,0.0,5.0,3.75,0.0,5.0,3.75,5.0,5.0,3.75,5.0,0.0
62,7,0.0,0.0,0.0,0.0,0.0,0.0,3.75,0.0,1.25,1.25,5.0,0.0,0.0,5.0,0.0,0.0,0.0,0.0,5.0,0.0,0.0,2.5,0.0,0.0,0.0,0.0,2.5,5.0,0.0,2.5,3.125,1.25,1.25,0.0,0.0,5.0,2.5,3.75,5.0,0.0,5.0,3.75,0.0,5.0,3.75,5.0,0.0,3.75,5.0,0.0,5.0,5.0,5.0,5.0,5.0,5.0,5.0,5.0,0.0,5.0,3.75,0.0,5.0,3.75,5.0,5.0,3.75,4.375,0.0
62,8,0.0,0.0,0.0,0.0,0.0,0.0,3.75,0.0,1.25,1.25,5.0,0.0,0.0,3.75,0.0,0.0,0.0,0.0,5.0,0.0,0.0,1.875,0.0,0.0,0.0,0.0,2.5,3.75,0.0,2.5,2.5,0.0,1.25,0.0,0.0,5.0,2.5,3.75,3.75,0.0,5.0,3.75,0.0,5.0,3.75,5.0,0.0,3.75,5.0,0.0,5.0,5.0,5.0,5.0,5.0,5.0,5.0,3.75,0.0,5.0,3.75,0.0,5.0,3.75,5.0,5.0,3.75,3.75,0.0
63,6,0.0,0.0,0.0,0.0,0.0,0.0,5.0,0.0,1.25,0.0,5.0,0.0,0.0,4.375,0.0,0.0,0.0,0.0,5.0,0.0,0.0,1.875,0.0,0.0,0.0,0.0,2.5,5.0,0.0,2.5,3.75,1.25,1.25,0.0,0.0,5.0,1.25,4.375,5.0,0.0,5.0,5.0,0.0,5.0,3.75,5.0,0.0,3.75,5.0,0.0,5.0,5.0,5.0,5.0,5.0,5.0,5.0,5.0,0.0,5.0,3.75,0.0,5.0,3.75,5.0,5.0,3.75,3.75,0.0
63,7,0.0,0.0,0.0,0.0,0.0,0.0,5.0,0.0,1.25,0.0,5.0,0.0,0.0,3.75,0.0,0.0,0.0,0.0,5.0,0.0,0.0,1.875,0.0,0.0,0.0,0.0,2.5,3.75,0.0,2.5,3.75,1.25,1.25,0.0,0.0,5.0,1.25,3.75,5.0,0.0,5.0,5.0,0.0,3.75,3.75,5.0,0.0,3.75,5.0,0.0,5.0,5.0,5.0,5.0,5.0,5.0,5.0,4.375,0.0,5.0,3.75,0.0,5.0,3.75,5.0,5.0,3.125,3.75,0.0
63,8,0.0,0.0,0.0,0.0,0.0,0.0,5.0,0.0,1.25,0.0,5.0,0.0,0.0,3.75,0.0,0.0,0.0,0.0,5.0,0.0,0.0,1.25,0.0,0.0,0.0,0.0,2.5,3.75,0.0,2.5,3.125,1.25,1.25,0.0,0.0,5.0,1.25,3.75,5.0,0.0,5.0,3.75,0.0,3.75,3.75,5.0,0.0,3.75,5.0,0.0,5.0,4.375,5.0,5.0,5.0,5.0,5.0,3.75,0.0,5.0,3.75,0.0,5.0,3.75,5.0,5.0,3.125,3.75,0.0
64,6,0.0,0.0,0.0,0.0,0.0,0.0,5.0,0.0,2.5,0.0,5.0,0.0,0.0,3.75,0.0,0.0,0.0,0.0,5.0,0.0,0.0,1.875,0.0,0.0,0.0,0.0,2.5,4.375,0.0,1.875,3.75,2.5,2.5,0.0,0.0,3.75,1.25,3.75,5.0,0.0,5.0,5.0,0.0,3.75,3.75,5.0,0.0,3.75,5.0,0.0,5.0,3.75,5.0,5.0,5.0,5.0,5.0,3.75,0.0,5.0,3.75,0.0,5.0,3.75,5.0,5.0,3.75,3.75,0.0
64,7,0.0,0.0,0.0,0.0,0.0,0.0,5.0,0.0,2.5,0.0,5.0,0.0,0.0,2.5,0.0,0.0,0.0,0.0,5.0,0.0,0.0,1.875,0.0,0.0,0.0,0.0,2.5,3.75,0.0,1.25,3.75,2.5,2.5,0.0,0.0,3.75,1.25,3.75,5.0,0.0,5.0,5.0,0.0,3.75,3.75,5.0,0.0,3.75,5.0,0.0,5.0,3.75,5.0,5.0,5.0,5.0,5.0,3.75,0.0,5.0,3.75,0.0,5.0,3.75,5.0,5.0,3.125,3.75,0.0
64,8,0.0,0.0,0.0,0.0,0.0,0.0,5.0,0.0,1.25,0.0,5.0,0.0,0.0,2.5,0.0,0.0,0.0,0.0,5.0,0.0,0.0,1.25,0.0,0.0,0.0,0.0,2.5,3.75,0.0,1.25,3.75,2.5,2.5,0.0,0.0,3.75,1.25,3.75,3.75,0.0,5.0,5.0,0.0,3.75,3.125,5.0,0.0,3.75,5.0,0.0,5.0,3.75,5.0,5.0,5.0,5.0,5.0,3.75,0.0,5.0,3.75,0.0,5.0,3.75,5.0,5.0,3.125,3.75,0.0
65,6,0.0,0.0,0.0,0.0,0.0,0.0,5.0,0.0,3.75,0.0,5.0,0.0,0.0,2.5,0.0,0.0,0.0,0.0,5.0,0.0,0.0,2.5,0.0,1.25,0.0,0.0,2.5,3.75,0.0,1.25,5.0,2.5,3.75,0.0,0.0,3.75,1.25,3.75,5.0,0.0,5.0,5.0,0.0,3.75,3.125,5.0,0.0,3.75,5.0,0.0,5.0,3.125,5.0,5.0,5.0,5.0,5.0,3.75,0.0,5.0,3.75,0.0,5.0,3.75,5.0,5.0,3.75,3.75,0.0
65,7,0.0,0.0,0.0,0.0,0.0,0.0,5.0,0.0,2.5,0.0,5.0,0.0,0.0,2.5,0.0,0.0,0.0,0.0,5.0,0.0,0.0,2.5,0.0,1.25,0.0,0.0,2.5,3.75,0.0,1.25,3.75,2.5,2.5,0.0,0.0,3.75,1.25,3.75,5.0,0.0,5.0,5.0,0.0,3.75,3.125,5.0,0.0,3.75,5.0,0.0,5.0,3.125,5.0,5.0,5.0,5.0,5.0,3.75,0.0,5.0,3.75,0.0,5.0,3.75,5.0,5.0,3.75,3.75,0.0
65,8,0.0,0.0,0.0,0.0,0.0,0.0,5.0,0.0,2.5,0.0,5.0,0.0,0.0,2.5,0.0,0.0,0.0,0.0,5.0,0.0,0.0,2.5,0.0,1.25,0.0,0.0,2.5,3.75,0.0,1.25,3.75,2.5,2.5,0.0,0.0,2.5,1.25,3.75,3.75,0.0,5.0,5.0,0.0,3.75,2.5,5.0,0.0,3.75,5.0,0.0,5.0,2.5,5.0,5.0,5.0,5.0,5.0,2.5,0.0,5.0,3.75,0.0,5.0,3.75,5.0,5.0,3.75,3.75,0.0
66,6,0.0,0.0,0.0,0.0,0.0,0.0,5.0,0.0,4.375,0.0,5.0,0.0,0.0,1.25,0.0,0.0,0.0,0.0,5.0,0.0,0.0,2.5,1.25,2.5,0.0,0.0,2.5,3.75,0.0,1.25,5.0,3.75,5.0,0.0,0.0,2.5,1.25,3.75,3.75,0.0,5.0,5.0,0.0,2.5,3.75,5.0,0.0,2.5,5.0,0.0,5.0,2.5,5.0,5.0,5.0,5.0,5.0,2.5,0.0,5.0,3.75,0.0,5.0,3.75,5.0,5.0,3.75,3.75,0.0
66,7,0.0,0.0,0.0,0.0,0.0,0.0,5.0,0.0,3.75,0.0,5.0,0.0,0.0,1.25,0.0,0.0,0.0,0.0,4.375,0.0,0.0,2.5,1.25,2.5,0.0,0.0,2.5,3.75,0.0,1.25,5.0,3.75,5.0,0.0,0.0,2.5,1.25,3.75,3.75,0.0,5.0,5.0,0.0,2.5,3.75,5.0,0.0,2.5,5.0,0.0,5.0,2.5,5.0,5.0,5.0,5.0,5.0,2.5,0.0,5.0,3.75,0.0,5.0,3.75,5.0,5.0,3.75,3.75,0.0
66,8,0.0,0.0,0.0,0.0,0.0,0.0,5.0,0.0,3.75,0.0,5.0,0.0,0.0,1.25,0.0,0.0,0.0,0.0,3.75,0.0,0.0,2.5,1.25,2.5,0.0,0.0,2.5,3.75,0.0,1.25,5.0,3.75,3.75,0.0,0.0,2.5,1.25,3.125,2.5,0.0,5.0,5.0,0.0,2.5,3.125,5.0,0.0,2.5,5.0,0.0,5.0,2.5,5.0,4.375,5.0,5.0,5.0,2.5,0.0,5.0,3.75,0.0,5.0,3.75,5.0,5.0,3.75,3.75,0.0
67,6,0.0,0.0,0.0,0.0,0.0,0.0,5.0,0.0,5.0,0.0,5.0,0.0,0.0,1.25,0.0,0.0,0.0,0.0,3.75,0.0,0.0,2.5,2.5,3.75,0.0,0.0,3.75,3.75,0.0,1.875,5.0,3.75,5.0,0.0,0.0,3.75,1.25,2.5,2.5,0.0,5.0,5.0,0.0,2.5,3.75,5.0,0.0,1.875,5.0,0.0,5.0,2.5,5.0,5.0,5.0,5.0,5.0,2.5,0.0,5.0,3.75,0.0,5.0,4.375,5.0,5.0,3.75,3.75,0.0
67,7,0.0,0.0,0.0,0.0,0.0,0.0,5.0,0.0,5.0,0.0,5.0,0.0,0.0,1.25,0.0,0.0,0.0,0.0,3.75,0.0,0.0,2.5,2.5,3.75,0.0,0.0,3.75,3.75,0.0,1.875,5.0,3.75,5.0,0.0,0.0,3.75,1.25,2.5,2.5,0.0,5.0,5.0,0.0,2.5,3.75,5.0,0.0,1.875,5.0,0.0,5.0,2.5,5.0,5.0,5.0,5.0,5.0,1.875,0.0,5.0,3.75,0.0,5.0,4.375,5.0,5.0,3.75,3.75,0.0
67,8,0.0,0.0,0.0,0.0,0.0,0.0,5.0,0.0,3.75,0.0,5.0,0.0,0.0,1.25,0.0,0.0,0.0,0.0,3.75,0.0,0.0,2.5,2.5,3.75,0.0,0.0,3.125,3.75,0.0,1.25,5.0,3.125,4.375,0.0,0.0,3.75,1.25,2.5,2.5,0.0,5.0,5.0,0.0,2.5,3.125,5.0,0.0,1.25,5.0,0.0,5.0,2.5,5.0,3.75,5.0,5.0,5.0,1.875,0.0,5.0,3.75,0.0,5.0,3.75,5.0,5.0,3.75,3.75,0.0
68,6,0.0,0.0,0.0,0.0,0.0,0.0,5.0,0.0,5.0,0.625,5.0,0.0,0.0,1.25,0.0,0.0,0.0,0.0,3.75,0.0,0.0,2.5,5.0,5.0,0.0,0.0,3.75,2.5,0.0,2.5,5.0,2.5,5.0,0.0,0.0,3.75,1.25,2.5,1.25,0.0,5.0,5.0,0.0,2.5,3.75,5.0,0.0,1.25,3.75,0.0,5.0,2.5,5.0,5.0,5.0,5.0,5.0,2.5,0.0,5.0,3.75,0.0,5.0,4.375,5.0,5.0,3.75,3.75,1.25
68,7,0.0,0.0,0.0,0.0,0.0,0.0,5.0,0.0,5.0,1.25,5.0,0.0,0.0,1.25,0.0,0.0,0.0,0.0,3.75,0.0,0.0,2.5,3.75,5.0,0.0,0.0,3.75,2.5,0.0,2.5,5.0,2.5,5.0,0.0,0.0,3.75,1.25,2.5,1.25,0.0,5.0,5.0,0.0,2.5,3.75,5.0,0.0,1.25,3.75,0.0,5.0,2.5,5.0,5.0,5.0,5.0,5.0,2.5,0.0,5.0,3.75,0.0,5.0,4.375,5.0,5.0,3.75,3.75,1.25
68,8,0.0,0.0,0.0,0.0,0.0,0.0,5.0,0.0,3.75,1.25,5.0,0.0,0.0,1.25,0.0,0.0,0.0,0.0,3.75,0.0,0.0,2.5,3.75,4.375,0.0,0.0,3.75,2.5,0.0,2.5,5.0,2.5,3.75,0.0,0.0,3.75,1.25,2.5,1.25,0.0,5.0,4.375,0.0,2.5,3.125,5.0,0.0,1.25,3.75,0.0,5.0,2.5,5.0,5.0,5.0,4.375,5.0,1.25,0.0,5.0,3.75,0.0,5.0,3.75,5.0,5.0,3.75,3.75,1.25
69,6,0.0,0.0,0.0,0.0,0.0,0.0,5.0,0.0,5.0,1.875,5.0,0.0,0.0,1.25,0.0,0.0,0.0,0.0,3.75,0.0,0.0,2.5,5.0,5.0,0.0,0.0,3.75,2.5,0.0,2.5,5.0,2.5,3.75,0.0,0.0,5.0,1.25,2.5,1.25,0.0,5.0,4.375,0.0,2.5,3.75,5.0,0.0,0.0,3.75,0.0,5.0,3.75,5.0,5.0,5.0,5.0,5.0,3.75,0.0,5.0,3.75,0.0,5.0,5.0,5.0,5.0,3.75,3.75,2.5
69,7,0.0,0.0,0.0,0.0,0.0,0.0,5.0,0.0,3.75,1.25,5.0,0.0,0.0,1.25,0.0,0.0,0.0,0.0,3.75,0.0,0.0,2.5,5.0,5.0,0.0,0.0,3.75,1.25,0.0,2.5,5.0,2.5,3.75,0.0,0.0,4.375,1.25,2.5,1.25,0.0,5.0,3.75,0.0,2.5,3.75,5.0,0.0,0.0,3.75,0.0,5.0,3.75,5.0,5.0,5.0,3.75,5.0,2.5,0.0,5.0,3.75,0.0,5.0,4.375,5.0,5.0,3.75,3.75,3.75
69,8,0.0,0.0,0.0,0.0,0.0,0.0,5.0,0.0,3.75,1.25,5.0,0.0,0.0,1.25,0.0,0.0,0.0,0.0,3.125,0.0,0.0,2.5,3.75,5.0,0.0,0.0,3.75,1.25,0.0,2.5,5.0,2.5,3.125,0.0,0.0,4.375,1.25,2.5,1.25,0.0,5.0,3.75,0.0,2.5,3.75,5.0,0.0,0.0,3.75,0.0,5.0,3.75,5.0,5.0,4.375,3.75,5.0,2.5,0.0,5.0,3.75,0.0,5.0,4.375,4.375,5.0,3.75,3.75,2.5
70,6,0.0,0.0,0.0,0.0,0.0,0.0,5.0,0.0,3.75,3.75,5.0,0.0,0.0,2.5,0.0,0.0,0.0,0.0,2.5,0.0,0.0,1.25,5.0,5.0,0.0,0.0,3.75,1.875,0.0,3.75,5.0,2.5,2.5,0.0,0.0,5.0,1.25,2.5,1.25,0.0,5.0,3.75,0.0,2.5,3.75,5.0,0.0,0.0,3.75,0.0,5.0,3.75,5.0,5.0,5.0,3.75,5.0,3.75,0.0,5.0,3.75,0.0,5.0,5.0,3.75,5.0,3.75,3.75,5.0
70,7,0.0,0.0,0.0,0.0,0.0,0.0,5.0,0.0,3.75,2.5,5.0,0.0,0.0,2.5,0.0,0.0,0.0,0.0,2.5,0.0,0.0,1.25,5.0,5.0,0.0,0.0,3.125,1.25,0.0,3.75,5.0,2.5,2.5,0.0,0.0,5.0,1.25,2.5,1.25,0.0,5.0,3.75,0.0,2.5,3.75,5.0,0.0,0.0,3.75,0.0,5.0,3.75,5.0,5.0,5.0,2.5,5.0,3.75,0.0,5.0,3.75,0.0,5.0,5.0,3.75,5.0,3.75,3.75,5.0
70,8,0.0,0.0,0.0,0.0,0.0,0.0,3.75,0.0,2.5,2.5,5.0,0.0,0.0,1.875,0.0,0.0,0.0,0.0,2.5,0.0,0.0,1.25,5.0,5.0,0.0,0.0,2.5,1.25,0.0,3.125,5.0,2.5,2.5,0.0,0.0,5.0,1.25,2.5,1.25,0.0,5.0,3.75,0.0,2.5,3.75,4.375,0.0,0.0,3.75,0.0,5.0,3.75,5.0,5.0,5.0,2.5,5.0,3.75,0.0,5.0,3.75,0.0,5.0,5.0,3.75,5.0,3.75,3.75,5.0
71,6,0.0,0.0,0.0,0.0,0.0,0.0,5.0,0.0,2.5,5.0,5.0,0.0,0.0,3.75,0.0,0.0,0.0,0.0,3.125,0.0,0.0,1.25,5.0,5.0,0.0,0.0,2.5,2.5,0.0,3.75,5.0,2.5,1.25,0.0,0.0,5.0,1.25,2.5,2.5,0.0,5.0,2.5,0.0,2.5,3.75,3.75,0.0,0.0,5.0,0.0,4.375,3.75,5.0,5.0,5.0,2.5,5.0,5.0,0.0,5.0,5.0,1.25,5.0,5.0,3.75,5.0,3.75,3.75,5.0
71,7,0.0,0.0,0.0,0.0,0.0,0.0,5.0,0.0,1.25,3.75,5.0,0.0,0.0,3.125,0.0,0.0,0.0,0.0,2.5,0.0,0.0,0.625,5.0,5.0,0.0,0.0,2.5,2.5,0.0,3.75,3.75,2.5,1.25,0.0,0.0,5.0,1.25,2.5,1.25,0.0,5.0,2.5,0.0,2.5,3.75,3.75,0.0,0.0,5.0,0.0,3.75,3.75,5.0,5.0,5.0,2.5,5.0,5.0,0.0,5.0,5.0,1.25,5.0,5.0,3.75,5.0,3.75,3.75,5.0
71,8,0.0,0.0,0.0,0.0,0.0,0.0,5.0,0.0,1.25,3.75,5.0,0.0,0.0,2.5,0.0,0.0,0.0,0.0,2.5,0.0,0.0,0.0,5.0,5.0,0.0,0.0,2.5,1.875,0.0,3.75,3.75,2.5,1.25,0.0,0.0,5.0,1.25,2.5,1.25,0.0,5.0,2.5,0.0,2.5,3.75,3.75,0.0,0.0,3.75,0.0,3.75,3.75,5.0,5.0,5.0,2.5,5.0,3.75,0.0,5.0,4.375,1.25,5.0,5.0,3.75,5.0,3.75,3.75,5.0
72,6,0.0,0.0,0.0,0.0,0.0,0.0,5.0,0.0,1.25,5.0,5.0,0.0,0.0,3.75,0.0,0.0,0.0,0.0,3.75,0.0,0.0,0.0,5.0,5.0,0.0,0.0,2.5,2.5,0.0,3.75,2.5,2.5,0.0,0.0,0.0,5.0,1.25,2.5,3.75,0.0,3.75,2.5,0.0,2.5,3.75,3.75,0.0,0.0,5.0,0.0,3.75,3.75,5.0,5.0,5.0,3.125,5.0,5.0,0.0,5.0,5.0,3.75,5.0,5.0,3.75,5.0,3.75,3.75,5.0
72,7,0.0,0.0,0.0,0.0,0.0,0.0,5.0,0.0,1.25,5.0,5.0,0.0,0.0,3.75,0.0,0.0,0.0,0.0,3.75,0.0,0.0,0.0,3.75,5.0,0.0,0.0,2.5,2.5,0.0,3.75,2.5,2.5,0.0,0.0,0.0,5.0,1.25,2.5,2.5,0.0,4.375,2.5,0.0,2.5,3.75,3.75,0.0,0.0,5.0,0.0,3.75,3.75,5.0,5.0,5.0,2.5,5.0,5.0,0.0,5.0,5.0,3.75,5.0,5.0,3.75,5.0,3.75,3.75,5.0
72,8,0.0,0.0,0.0,0.0,0.0,0.0,5.0,0.0,1.25,3.75,4.375,0.0,0.0,3.75,0.0,0.0,0.0,0.0,3.75,0.0,0.0,0.0,3.75,5.0,0.0,0.0,2.5,2.5,0.0,3.75,2.5,2.5,0.0,0.0,0.0,5.0,1.25,2.5,2.5,0.0,3.75,2.5,0.0,2.5,3.125,2.5,0.0,0.0,5.0,0.0,3.75,3.75,5.0,5.0,5.0,2.5,5.0,3.75,0.0,5.0,5.0,3.75,4.375,5.0,3.75,5.0,3.75,3.125,5.0
73,6,0.0,0.0,0.0,0.0,0.0,0.0,5.0,0.0,0.0,5.0,3.75,0.0,0.0,3.75,0.0,0.0,0.0,0.0,3.75,0.0,0.0,0.0,3.75,5.0,0.0,0.0,2.5,3.75,0.0,3.75,1.25,3.75,0.0,0.0,0.0,5.0,1.25,2.5,5.0,0.0,3.75,2.5,0.0,2.5,2.5,3.75,0.0,0.0,5.0,0.0,5.0,3.75,5.0,5.0,5.0,3.75,5.0,5.0,0.0,5.0,5.0,5.0,3.75,5.0,3.125,5.0,3.75,2.5,5.0
73,7,0.0,0.0,0.0,0.0,0.0,0.0,5.0,0.0,0.0,5.0,3.75,0.0,0.0,3.75,0.0,0.0,0.0,0.0,3.75,0.0,0.0,0.0,3.75,5.0,0.0,0.0,2.5,3.75,0.0,3.75,1.25,3.75,0.0,0.0,0.0,5.0,1.25,2.5,3.75,0.0,3.75,2.5,0.0,2.5,2.5,3.75,0.0,0.0,5.0,0.0,5.0,3.75,5.0,5.0,5.0,3.75,5.0,5.0,0.0,5.0,5.0,5.0,3.75,5.0,3.125,3.75,3.75,2.5,5.0
73,8,0.0,0.0,0.0,0.0,0.0,0.0,5.0,0.0,0.0,3.75,3.75,0.0,0.0,3.75,0.0,0.0,0.0,0.0,3.75,0.0,0.0,0.0,2.5,5.0,0.0,0.0,2.5,3.75,0.0,3.75,1.25,3.125,0.0,0.0,0.0,5.0,1.25,2.5,3.75,0.0,3.125,2.5,0.0,2.5,2.5,2.5,0.0,0.0,5.0,0.0,4.375,3.75,5.0,5.0,5.0,3.125,5.0,3.75,0.0,5.0,5.0,5.0,3.75,5.0,2.5,3.75,3.75,2.5,5.0
74,6,0.0,0.0,0.0,0.0,0.0,0.0,5.0,0.0,0.0,5.0,2.5,0.0,0.0,3.75,0.0,0.0,0.0,0.0,5.0,0.0,0.0,0.0,2.5,5.0,0.0,0.0,2.5,4.375,0.0,3.75,0.0,3.75,0.0,0.0,0.0,3.75,1.25,2.5,5.0,0.0,2.5,2.5,0.0,3.125,2.5,3.75,0.0,0.0,5.0,0.0,5.0,3.75,5.0,5.0,5.0,3.75,5.0,3.75,0.0,5.0,5.0,5.0,3.75,5.0,3.125,3.75,5.0,1.875,5.0
74,7,0.0,0.0,0.0,0.0,0.0,0.0,5.0,0.0,0.0,3.75,2.5,0.0,0.0,3.75,0.0,0.0,0.0,0.0,4.375,0.0,0.0,0.0,1.875,5.0,0.0,0.0,2.5,3.75,0.0,3.75,0.0,3.75,0.0,0.0,0.0,3.75,1.25,2.5,5.0,0.0,2.5,2.5,0.0,3.125,2.5,3.75,0.0,0.0,5.0,0.0,5.0,3.75,5.0,5.0,5.0,3.75,5.0,3.75,0.0,5.0,5.0,5.0,3.75,5.0,3.125,3.75,4.375,1.25,5.0
74,8,0.0,0.0,0.0,0.0,0.0,0.0,5.0,0.0,0.0,3.75,2.5,0.0,0.0,2.5,0.0,0.0,0.0,0.0,3.75,0.0,0.0,0.0,1.875,5.0,0.0,0.0,2.5,3.75,0.0,3.75,0.0,3.75,0.0,0.0,0.0,3.75,1.25,2.5,3.75,0.0,2.5,1.875,0.0,2.5,2.5,3.75,0.0,0.0,5.0,0.0,5.0,3.75,5.0,5.0,4.375,3.75,5.0,2.5,0.0,5.0,5.0,5.0,3.75,5.0,2.5,3.75,3.75,1.25,5.0
75,6,0.0,0.0,0.0,0.0,0.0,0.0,5.0,0.0,0.0,3.75,2.5,0.0,0.0,2.5,0.0,0.0,0.0,0.0,5.0,0.0,0.0,0.0,1.25,5.0,0.0,0.0,2.5,5.0,0.0,3.75,0.0,5.0,0.0,0.0,0.0,3.75,1.25,2.5,5.0,0.0,1.875,2.5,0.0,3.75,2.5,3.75,0.0,0.0,5.0,0.0,5.0,3.75,5.0,4.375,3.75,3.75,5.0,2.5,0.0,5.0,5.0,5.0,3.75,5.0,3.75,3.75,5.0,1.25,5.0
75,7,0.0,0.0,0.0,0.0,0.0,0.0,5.0,0.0,0.0,2.5,2.5,0.0,0.0,2.5,0.0,0.0,0.0,0.0,5.0,0.0,0.0,0.0,1.25,5.0,0.0,0.0,2.5,5.0,0.0,3.75,0.0,5.0,0.0,0.0,0.0,3.75,1.25,2.5,5.0,0.0,1.875,2.5,0.0,3.75,2.5,3.75,0.0,0.0,5.0,0.0,5.0,3.75,5.0,4.375,3.75,3.75,5.0,2.5,0.0,4.375,5.0,5.0,3.75,5.0,3.75,3.75,5.0,0.625,5.0
75,8,0.0,0.0,0.0,0.0,0.0,0.0,5.0,0.0,0.0,2.5,2.5,0.0,0.0,2.5,0.0,0.0,0.0,0.0,5.0,0.0,0.0,0.0,1.25,5.0,0.0,0.0,2.5,4.375,0.0,3.125,0.0,5.0,0.0,0.0,0.0,3.125,1.25,2.5,3.75,0.0,1.875,2.5,0.0,3.75,2.5,3.75,0.0,0.0,5.0,0.0,5.0,3.75,5.0,3.75,3.75,3.75,5.0,2.5,0.0,4.375,5.0,5.0,3.75,5.0,3.75,3.75,5.0,0.625,5.0
76,6,0.0,0.0,0.0,0.0,0.0,0.0,5.0,0.0,0.0,1.25,1.875,0.0,0.0,1.25,0.0,0.0,0.0,0.0,5.0,0.0,0.0,0.0,0.0,5.0,0.0,0.0,2.5,5.0,0.0,3.75,1.25,5.0,1.25,0.0,0.0,2.5,1.25,2.5,5.0,0.0,2.5,2.5,0.0,3.75,2.5,5.0,0.0,0.0,5.0,0.0,5.0,3.75,5.0,3.75,3.75,2.5,5.0,1.25,0.0,3.75,5.0,5.0,3.75,5.0,3.75,3.75,5.0,0.0,5.0
76,7,0.0,0.0,0.0,0.0,0.0,0.0,5.0,0.0,0.0,1.25,1.875,0.0,0.0,1.25,0.0,0.0,0.0,0.0,5.0,0.0,0.0,0.0,0.0,5.0,0.0,0.0,2.5,5.0,0.0,3.75,1.25,5.0,1.25,0.0,0.0,2.5,1.25,2.5,3.75,0.0,2.5,2.5,0.0,3.75,2.5,5.0,0.0,0.0,5.0,0.0,5.0,3.75,5.0,3.75,3.75,2.5,5.0,1.25,0.0,3.75,5.0,5.0,3.75,5.0,3.75,3.75,5.0,0.0,5.0
76,8,0.0,0.0,0.0,0.0,0.0,0.0,5.0,0.0,0.0,1.25,1.25,0.0,0.0,1.25,0.0,0.0,0.0,0.0,5.0,0.0,0.0,0.0,0.0,5.0,0.0,0.0,2.5,5.0,0.0,3.75,0.0,5.0,1.25,0.0,0.0,2.5,1.25,2.5,3.75,0.0,1.875,2.5,0.0,3.75,2.5,3.75,0.0,0.0,5.0,0.0,5.0,3.75,5.0,3.75,3.75,2.5,5.0,1.25,0.0,3.75,5.0,5.0,3.75,5.0,3.75,3.125,5.0,0.0,5.0
77,6,0.0,0.0,0.0,0.0,0.0,0.0,5.0,0.0,0.0,1.25,2.5,0.0,0.0,0.0,0.0,0.0,0.0,0.0,5.0,0.0,0.0,0.0,0.0,5.0,0.0,0.0,2.5,5.0,0.0,3.75,1.25,5.0,2.5,0.0,0.0,1.25,1.25,2.5,3.75,0.0,2.5,3.75,0.0,5.0,2.5,5.0,0.0,0.0,5.0,0.0,5.0,3.75,5.0,3.75,3.75,2.5,5.0,0.0,0.0,3.75,5.0,5.0,3.75,5.0,4.375,3.125,5.0,0.0,4.375
77,7,0.0,0.0,0.0,0.0,0.0,0.0,5.0,0.0,0.0,0.0,2.5,0.0,0.0,0.0,0.0,0.0,0.0,0.0,5.0,0.0,0.0,0.0,0.0,5.0,0.0,0.0,2.5,5.0,0.0,3.75,1.25,5.0,2.5,0.0,0.0,1.25,1.25,2.5,3.125,0.0,2.5,3.75,0.0,5.0,2.5,5.0,0.0,0.0,5.0,0.0,5.0,3.75,5.0,3.75,3.75,2.5,5.0,0.0,0.0,3.75,5.0,5.0,3.75,5.0,4.375,3.125,5.0,0.0,4.375
77,8,0.0,0.0,0.0,0.0,0.0,0.0,5.0,0.0,0.0,0.625,2.5,0.0,0.0,0.0,0.0,0.0,0.0,0.0,5.0,0.0,0.0,0.0,0.0,5.0,0.0,0.0,2.5,4.375,0.0,3.75,1.25,5.0,2.5,0.0,0.0,1.25,1.25,2.5,2.5,0.0,2.5,3.75,0.0,4.375,2.5,5.0,0.0,0.0,5.0,0.0,5.0,2.5,5.0,3.75,3.75,1.25,5.0,0.0,0.0,3.75,5.0,5.0,3.75,5.0,3.75,2.5,5.0,0.0,4.375
78,6,0.0,0.0,0.0,0.0,0.0,0.0,5.0,0.0,0.625,0.0,2.5,0.0,0.0,0.0,0.0,1.25,0.0,0.0,5.0,0.0,0.0,0.0,0.0,4.375,0.0,0.0,1.875,5.0,0.0,5.0,2.5,5.0,4.375,0.0,0.0,1.25,1.25,2.5,2.5,0.0,2.5,3.75,0.0,5.0,3.75,5.0,0.0,1.25,5.0,0.0,5.0,3.75,3.75,3.75,3.75,1.25,5.0,0.0,0.0,3.75,5.0,5.0,3.75,5.0,5.0,2.5,5.0,0.0,2.5
78,7,0.0,0.0,0.0,0.0,0.0,0.0,5.0,0.0,0.0,0.0,2.5,0.0,0.0,0.0,0.0,1.25,0.0,0.0,5.0,0.0,0.0,0.0,0.0,4.375,0.0,0.0,1.875,4.375,0.0,5.0,2.5,5.0,3.75,0.0,0.0,1.25,1.25,2.5,1.25,0.0,2.5,3.75,0.0,5.0,3.75,5.0,0.0,1.25,5.0,0.0,5.0,3.75,3.75,3.75,3.75,1.25,5.0,0.0,0.0,3.75,5.0,3.75,3.75,5.0,5.0,2.5,5.0,0.0,2.5
78,8,0.0,0.0,0.0,0.0,0.0,0.0,5.0,0.0,0.0,0.0,2.5,0.0,0.0,0.0,0.0,1.25,0.0,0.0,5.0,0.0,0.0,0.0,0.0,3.75,0.0,0.0,1.25,4.375,0.0,4.375,2.5,5.0,3.75,0.0,0.0,1.25,1.25,2.5,1.25,0.0,2.5,3.75,0.0,5.0,3.75,5.0,0.0,1.25,5.0,0.0,5.0,2.5,3.75,3.125,3.75,1.25,5.0,0.0,0.0,3.75,5.0,3.75,3.75,5.0,4.375,2.5,5.0,0.0,2.5
79,6,0.0,0.0,1.25,0.0,1.25,0.0,5.0,0.0,1.25,0.0,2.5,0.0,0.0,0.0,0.0,2.5,0.0,0.0,5.0,1.25,0.0,0.0,0.0,3.75,1.25,0.0,1.25,4.375,0.0,5.0,3.75,5.0,5.0,0.0,0.0,1.875,2.5,2.5,1.25,0.0,3.125,5.0,0.0,5.0,4.375,5.0,0.0,2.5,5.0,0.0,5.0,3.75,3.75,2.5,5.0,1.25,5.0,0.0,0.0,3.75,5.0,2.5,5.0,5.0,5.0,2.5,5.0,0.0,1.25
79,7,0.0,0.0,1.25,0.0,1.25,0.0,4.375,0.0,1.25,0.0,2.5,0.0,0.0,0.0,0.0,2.5,0.0,0.0,5.0,1.25,0.0,0.0,0.0,3.75,1.25,0.0,1.25,4.375,0.0,5.0,3.75,5.0,5.0,0.0,0.0,1.25,2.5,2.5,1.25,0.0,3.125,5.0,0.0,5.0,3.75,5.0,0.0,2.5,5.0,0.0,4.375,3.75,3.75,2.5,5.0,1.25,5.0,0.0,0.0,3.75,5.0,2.5,5.0,5.0,5.0,2.5,5.0,0.0,1.25
79,8,0.0,0.0,1.25,0.0,1.25,0.0,3.75,0.0,1.25,0.0,2.5,0.0,0.0,0.0,0.0,2.5,0.0,0.0,5.0,1.25,0.0,0.0,0.0,3.75,1.25,0.0,1.25,4.375,0.0,5.0,3.75,5.0,3.75,0.0,0.0,1.25,2.5,2.5,1.25,0.0,3.125,4.375,0.0,5.0,3.75,5.0,0.0,2.5,5.0,0.0,3.75,3.75,3.75,2.5,5.0,1.25,4.375,0.0,0.0,3.75,5.0,2.5,4.375,4.375,4.375,2.5,5.0,0.0,1.25
80,6,0.0,0.0,2.5,0.0,2.5,0.0,3.75,0.0,3.75,0.0,3.125,0.0,0.0,1.25,0.0,3.75,0.0,0.0,5.0,3.125,0.0,0.0,0.0,3.75,2.5,0.0,1.25,4.375,0.0,5.0,5.0,5.0,5.0,0.0,0.0,2.5,2.5,3.125,0.0,0.0,3.75,5.0,0.0,5.0,5.0,5.0,0.0,5.0,5.0,0.0,3.75,3.75,2.5,2.5,5.0,1.25,3.75,0.0,0.0,4.375,5.0,1.25,5.0,3.75,5.0,2.5,5.0,0.0,0.0
80,7,0.0,0.0,1.25,0.0,2.5,0.0,2.5,0.0,2.5,0.0,3.125,0.0,0.0,1.25,0.0,3.75,0.0,0.0,5.0,2.5,0.0,0.0,0.0,3.75,2.5,0.0,1.25,4.375,0.0,5.0,5.0,5.0,5.0,0.0,0.0,2.5,2.5,2.5,0.0,0.0,3.75,5.0,0.0,4.375,5.0,5.0,0.0,3.75,5.0,0.0,3.75,3.75,2.5,2.5,5.0,1.25,3.75,0.0,0.0,4.375,5.0,1.25,5.0,3.75,4.375,2.5,5.0,0.0,0.0
80,8,0.0,0.0,1.25,0.0,2.5,0.0,2.5,0.0,2.5,0.0,2.5,0.0,0.0,1.25,0.0,3.75,0.0,0.0,5.0,2.5,0.0,0.0,0.0,3.125,2.5,0.0,1.25,3.75,0.0,5.0,4.375,5.0,5.0,0.0,0.0,1.875,2.5,2.5,0.0,0.0,3.75,5.0,0.0,4.375,4.375,5.0,0.0,3.75,5.0,0.0,3.75,3.75,2.5,2.5,5.0,1.25,3.75,0.0,0.0,3.75,5.0,1.25,5.0,3.75,3.75,2.5,5.0,0.0,0.0
81,6,0.0,0.0,3.75,0.0,3.75,0.0,1.875,0.0,4.375,0.0,2.5,0.0,1.25,2.5,0.0,5.0,0.0,0.0,3.75,5.0,0.0,0.0,0.0,3.75,4.375,0.0,0.0,5.0,0.0,5.0,5.0,5.0,5.0,0.0,0.0,3.75,2.5,2.5,0.0,0.0,4.375,5.0,0.0,3.75,5.0,5.0,0.0,5.0,5.0,0.0,3.75,5.0,2.5,1.25,5.0,1.875,3.75,1.25,0.0,4.375,5.0,0.0,5.0,3.125,4.375,2.5,5.0,0.0,0.0
81,7,0.0,0.0,3.75,0.0,3.75,0.0,1.25,0.0,3.75,0.0,2.5,0.0,1.25,2.5,0.0,5.0,0.0,0.0,3.75,5.0,0.0,0.0,0.0,3.75,4.375,0.0,0.0,4.375,0.0,5.0,5.0,5.0,5.0,0.0,0.0,3.75,2.5,2.5,0.0,0.0,3.75,5.0,0.0,3.75,5.0,5.0,0.0,5.0,5.0,0.0,3.75,5.0,2.5,1.25,5.0,1.25,3.75,1.25,0.0,4.375,5.0,0.0,5.0,2.5,3.75,2.5,5.0,0.0,0.0
81,8,0.0,0.0,3.75,0.0,3.75,0.0,1.25,0.0,3.75,0.0,2.5,0.0,1.25,2.5,0.0,5.0,0.0,0.0,3.75,4.375,0.0,0.0,0.0,3.75,4.375,0.0,0.0,4.375,0.0,5.0,5.0,5.0,5.0,0.0,0.0,3.125,2.5,2.5,0.0,0.0,3.75,5.0,0.0,3.75,5.0,5.0,0.0,4.375,5.0,0.0,3.75,5.0,2.5,1.25,5.0,1.25,3.75,1.25,0.0,4.375,5.0,0.0,5.0,2.5,3.75,2.5,5.0,0.0,0.0
82,6,0.0,0.0,5.0,0.0,5.0,0.0,1.25,0.0,5.0,0.0,2.5,0.0,1.25,3.75,0.0,5.0,0.0,0.0,3.75,5.0,0.0,0.0,0.0,3.75,5.0,0.0,0.0,5.0,0.0,5.0,5.0,5.0,5.0,0.0,0.0,4.375,3.75,2.5,0.0,0.0,4.375,5.0,0.0,3.75,5.0,3.75,0.0,5.0,5.0,0.0,3.75,5.0,2.5,1.25,5.0,2.5,3.75,2.5,0.0,5.0,5.0,0.0,5.0,2.5,5.0,2.5,5.0,0.0,0.0
82,7,0.0,0.0,5.0,0.0,5.0,0.0,0.0,0.0,5.0,0.0,2.5,0.0,1.25,3.75,0.0,5.0,0.0,0.0,3.125,5.0,0.0,0.0,0.0,3.75,5.0,0.0,0.0,5.0,0.0,5.0,5.0,5.0,4.375,0.0,0.0,3.75,3.75,2.5,0.0,0.0,4.375,5.0,0.0,3.75,5.0,3.75,0.0,5.0,5.0,0.0,3.75,5.0,2.5,1.25,5.0,2.5,3.75,2.5,0.0,5.0,5.0,0.0,5.0,2.5,5.0,2.5,5.0,0.0,0.0
82,8,0.0,0.0,5.0,0.0,5.0,0.0,0.0,0.0,3.75,0.0,2.5,0.0,1.25,2.5,0.0,5.0,0.0,0.0,2.5,5.0,0.0,0.0,0.0,3.75,5.0,0.0,0.0,5.0,0.0,5.0,5.0,3.75,3.75,0.0,0.0,3.75,3.75,2.5,0.0,0.0,3.75,5.0,0.0,3.75,5.0,3.75,0.0,5.0,5.0,0.0,3.75,5.0,2.5,1.25,5.0,2.5,3.75,2.5,0.0,4.375,5.0,0.0,5.0,2.5,3.75,2.5,5.0,0.0,0.0
83,6,0.0,0.0,5.0,0.0,5.0,0.0,0.0,0.0,5.0,0.0,1.25,0.0,1.25,3.75,0.0,5.0,0.0,0.0,2.5,5.0,0.0,0.0,0.0,3.75,5.0,0.0,0.0,5.0,0.0,5.0,4.375,5.0,3.75,0.0,0.0,5.0,3.75,2.5,0.0,0.0,3.75,5.0,0.0,3.125,5.0,3.75,0.0,5.0,5.0,0.0,3.75,5.0,2.5,0.0,5.0,3.75,3.75,3.75,0.0,5.0,5.0,0.0,5.0,2.5,5.0,3.125,5.0,0.0,0.0
83,7,0.0,0.0,5.0,0.0,5.0,0.0,0.0,0.0,5.0,0.0,1.25,0.0,1.25,3.75,0.0,5.0,0.0,0.0,2.5,5.0,0.0,0.0,0.0,3.75,5.0,0.0,0.0,5.0,0.0,5.0,4.375,3.75,2.5,0.0,0.0,5.0,3.75,2.5,0.0,0.0,3.75,5.0,0.0,2.5,5.0,3.75,0.0,5.0,5.0,0.0,3.75,5.0,2.5,0.0,5.0,3.75,3.75,3.75,0.0,5.0,5.0,0.0,5.0,2.5,5.0,2.5,5.0,0.0,0.0
83,8,0.0,0.0,5.0,0.0,5.0,0.0,0.0,0.0,5.0,0.0,1.25,0.0,1.25,3.75,0.0,5.0,0.0,0.0,2.5,5.0,0.0,0.0,0.0,3.75,5.0,0.0,0.0,5.0,0.0,5.0,3.75,3.75,3.125,0.0,0.0,5.0,3.75,2.5,0.0,0.0,3.75,5.0,0.0,2.5,5.0,3.75,0.0,5.0,5.0,0.0,3.75,5.0,2.5,0.0,5.0,2.5,3.75,3.125,0.0,5.0,5.0,0.0,5.0,2.5,4.375,2.5,5.0,0.0,0.0
84,6,0.0,0.0,5.0,0.0,5.0,0.0,0.0,0.0,5.0,0.0,1.25,0.0,1.25,3.75,0.0,5.0,0.0,0.0,2.5,5.0,0.0,0.0,0.0,3.75,5.0,0.0,0.0,5.0,0.0,5.0,3.75,3.75,2.5,0.0,0.0,5.0,5.0,2.5,0.0,0.0,3.75,4.375,0.0,2.5,5.0,3.75,0.0,5.0,5.0,0.0,3.75,5.0,2.5,0.0,5.0,3.75,3.75,5.0,0.0,5.0,5.0,0.0,3.75,3.75,5.0,2.5,3.75,0.0,0.0
84,7,0.0,0.0,5.0,0.0,5.0,0.0,0.0,0.0,5.0,0.0,1.25,0.0,1.25,3.75,0.0,5.0,0.0,0.0,2.5,5.0,0.0,0.0,0.0,3.75,5.0,0.0,0.0,5.0,0.0,4.375,3.75,3.75,2.5,0.0,0.0,5.0,5.0,2.5,0.0,0.0,3.75,4.375,0.0,2.5,5.0,3.75,0.0,4.375,5.0,0.0,3.75,5.0,2.5,0.0,5.0,3.75,3.75,3.75,0.0,5.0,5.0,0.0,3.75,3.75,5.0,2.5,3.75,0.0,0.0
84,8,0.0,0.0,5.0,0.0,5.0,0.0,0.0,0.0,3.75,0.0,1.25,0.0,1.25,3.75,0.0,5.0,0.0,0.0,2.5,5.0,0.0,0.0,0.0,3.75,5.0,0.0,0.0,5.0,0.0,5.0,3.75,3.75,1.875,0.0,0.0,5.0,5.0,2.5,0.0,0.0,3.75,4.375,0.0,2.5,5.0,3.125,0.0,4.375,5.0,0.0,3.75,5.0,2.5,0.0,5.0,3.75,3.75,3.75,0.0,5.0,5.0,0.0,3.75,3.125,5.0,2.5,3.75,0.0,0.0
85,6,0.0,0.0,5.0,0.0,5.0,0.0,0.0,0.0,4.375,0.0,1.25,0.0,1.875,3.75,0.0,5.0,1.25,0.0,2.5,5.0,0.0,0.0,0.0,3.75,5.0,0.0,0.0,5.0,0.0,2.5,2.5,3.75,1.25,0.0,0.0,5.0,5.0,2.5,0.0,0.0,2.5,3.75,0.0,2.5,5.0,3.125,0.0,3.75,5.0,0.0,5.0,5.0,2.5,0.0,5.0,3.75,3.75,5.0,0.0,5.0,5.0,0.0,3.75,3.75,5.0,2.5,2.5,0.0,0.0
85,7,0.0,0.0,5.0,0.0,5.0,0.0,0.0,0.0,3.75,0.0,1.25,0.0,1.25,3.75,0.0,5.0,1.25,0.0,2.5,5.0,0.0,0.0,0.0,3.75,5.0,0.0,0.0,5.0,0.0,3.125,2.5,3.75,1.25,0.0,0.0,5.0,5.0,2.5,0.0,0.0,2.5,3.75,0.0,2.5,5.0,2.5,0.0,2.5,5.0,0.0,5.0,5.0,2.5,0.0,5.0,3.75,3.75,5.0,0.0,5.0,5.0,0.0,3.75,3.75,5.0,2.5,2.5,0.0,0.0
85,8,0.0,0.0,5.0,0.0,5.0,0.0,0.0,0.0,3.75,0.0,0.625,0.0,1.25,2.5,0.0,5.0,1.25,0.0,2.5,5.0,0.0,0.0,0.0,3.75,5.0,0.0,0.0,4.375,0.0,3.75,2.5,2.5,1.25,0.0,0.0,5.0,5.0,2.5,0.0,0.0,2.5,3.75,0.0,2.5,5.0,2.5,0.0,3.125,5.0,0.0,5.0,5.0,2.5,0.0,5.0,3.75,3.75,5.0,0.0,4.375,5.0,0.0,3.125,3.75,5.0,2.5,1.25,0.0,0.0
86,6,0.0,0.0,5.0,0.0,5.0,0.0,0.0,0.0,2.5,0.0,1.25,0.0,2.5,2.5,0.0,5.0,2.5,0.0,2.5,5.0,0.0,0.0,0.0,3.75,5.0,0.0,0.0,5.0,0.0,1.25,1.25,2.5,0.0,0.0,0.0,5.0,5.0,2.5,0.0,0.0,2.5,3.75,0.0,2.5,5.0,2.5,0.0,1.875,5.0,0.0,5.0,5.0,2.5,0.0,5.0,2.5,5.0,5.0,0.0,5.0,5.0,0.0,2.5,4.375,5.0,2.5,1.25,0.0,0.0
86,7,0.0,0.0,5.0,0.0,5.0,0.0,0.0,0.0,2.5,0.0,1.25,0.0,2.5,2.5,0.0,5.0,2.5,0.0,2.5,5.0,0.0,0.0,0.0,3.75,5.0,0.0,0.0,4.375,0.0,1.25,1.25,2.5,0.0,0.0,0.0,5.0,5.0,2.5,0.0,0.0,2.5,3.75,0.0,2.5,5.0,2.5,0.0,2.5,5.0,0.0,5.0,5.0,2.5,0.0,5.0,2.5,5.0,5.0,0.0,5.0,5.0,0.0,2.5,4.375,5.0,2.5,1.25,0.0,0.0
86,8,0.0,0.0,5.0,0.0,5.0,0.0,0.0,0.0,2.5,0.0,0.625,0.0,2.5,2.5,0.0,5.0,2.5,0.0,2.5,5.0,0.0,0.0,0.0,3.125,5.0,0.0,0.0,3.75,0.0,1.25,1.25,2.5,0.0,0.0,0.0,5.0,5.0,2.5,0.0,0.0,2.5,2.5,0.0,2.5,5.0,2.5,0.0,2.5,5.0,0.0,5.0,5.0,2.5,0.0,5.0,2.5,4.375,5.0,0.0,5.0,5.0,0.0,2.5,3.75,5.0,2.5,1.25,0.0,0.0
87,6,0.0,0.0,5.0,0.0,5.0,0.0,0.0,0.0,1.25,0.0,1.25,0.0,2.5,1.25,0.0,5.0,5.0,0.0,2.5,5.0,0.0,0.0,0.0,2.5,5.0,0.0,0.0,3.75,0.0,0.0,1.25,2.5,0.0,0.0,0.0,5.0,5.0,3.75,0.0,0.0,1.875,2.5,0.0,2.5,5.0,3.125,0.0,1.25,5.0,0.0,5.0,5.0,2.5,0.0,5.0,1.25,5.0,5.0,0.0,5.0,5.0,0.0,2.5,5.0,5.0,2.5,0.0,1.25,0.0
87,7,0.0,0.0,5.0,0.0,5.0,0.0,0.0,0.0,1.25,0.0,1.25,0.0,2.5,1.25,0.0,5.0,3.75,0.0,2.5,5.0,0.0,0.0,0.0,2.5,5.0,0.0,0.0,3.75,0.0,0.0,1.25,2.5,0.0,0.0,0.0,4.375,5.0,3.75,0.0,0.0,1.25,2.5,0.0,2.5,5.0,3.125,0.0,1.25,5.0,0.0,5.0,5.0,2.5,0.0,5.0,1.25,5.0,5.0,0.0,5.0,5.0,0.0,2.5,5.0,5.0,1.875,0.0,1.25,0.0
87,8,0.0,0.0,5.0,0.0,5.0,0.0,0.0,0.0,1.25,0.0,1.25,0.0,2.5,1.25,0.0,5.0,3.75,0.0,2.5,5.0,0.0,0.0,0.0,2.5,5.0,0.0,0.0,3.75,0.0,0.0,1.25,2.5,0.0,0.0,0.0,3.75,5.0,3.75,0.0,0.0,1.25,2.5,0.0,2.5,5.0,2.5,0.0,1.25,5.0,0.0,5.0,5.0,2.5,0.0,5.0,1.25,4.375,3.75,0.0,4.375,5.0,0.0,2.5,5.0,4.375,1.875,0.0,1.25,0.0
88,6,0.0,0.0,3.75,0.0,5.0,0.0,1.25,0.0,0.0,0.0,2.5,0.0,3.75,0.0,0.0,4.375,5.0,0.0,3.125,5.0,0.0,0.0,1.25,2.5,5.0,0.0,0.0,3.75,0.0,0.0,1.25,1.25,0.0,0.0,0.0,3.75,5.0,3.75,0.0,0.0,1.25,2.5,0.0,2.5,5.0,3.75,0.0,0.0,3.75,0.0,5.0,5.0,2.5,1.25,5.0,1.25,5.0,4.375,0.0,3.75,5.0,0.0,2.5,5.0,5.0,2.5,0.0,3.125,0.0
88,7,0.0,0.0,3.75,0.0,4.375,0.0,1.25,0.0,0.0,0.0,2.5,0.0,3.125,0.0,0.0,3.75,5.0,0.0,3.125,5.0,0.0,0.0,1.25,2.5,5.0,0.0,0.0,3.75,0.0,0.0,1.25,1.25,0.0,0.0,0.0,3.75,5.0,3.75,0.0,0.0,1.25,2.5,0.0,2.5,5.0,3.75,0.0,0.0,3.75,0.0,5.0,5.0,2.5,1.25,5.0,0.0,5.0,3.75,0.0,3.75,5.0,0.0,2.5,5.0,4.375,2.5,0.0,2.5,0.0
88,8,0.0,0.0,3.75,0.0,5.0,0.0,1.25,0.0,0.0,0.0,1.875,0.0,2.5,0.0,0.0,3.75,5.0,0.0,2.5,5.0,0.0,0.0,1.25,2.5,5.0,0.0,0.0,3.75,0.0,0.0,1.25,1.25,0.0,0.0,0.0,3.75,5.0,3.75,0.0,0.0,1.25,2.5,0.0,2.5,5.0,3.75,0.0,0.0,3.75,0.0,5.0,5.0,2.5,1.25,5.0,0.0,5.0,3.75,0.0,3.75,5.0,0.0,1.875,4.375,3.75,1.875,0.0,2.5,0.0
89,6,0.0,0.0,2.5,0.0,2.5,0.0,2.5,0.0,0.0,0.0,3.75,0.0,3.75,0.0,0.0,3.75,5.0,0.0,2.5,5.0,0.0,1.25,2.5,2.5,5.0,0.0,0.0,3.75,0.0,0.0,1.25,1.25,0.0,0.0,0.0,3.75,5.0,3.75,1.25,0.0,1.25,2.5,0.0,1.875,5.0,3.75,0.0,0.0,2.5,0.0,5.0,5.0,2.5,1.25,5.0,0.0,5.0,2.5,0.0,3.75,5.0,0.0,3.75,3.75,3.75,2.5,0.0,3.75,0.0
89,7,0.0,0.0,2.5,0.0,2.5,0.0,2.5,0.0,0.0,0.0,3.75,0.0,3.75,0.0,0.0,3.75,5.0,0.0,2.5,5.0,0.0,1.25,2.5,1.875,5.0,0.0,0.0,3.75,0.0,0.0,1.25,1.25,0.0,0.0,0.0,3.75,5.0,3.75,1.25,0.0,1.25,2.5,0.0,1.875,5.0,3.75,0.0,0.0,2.5,0.0,5.0,4.375,2.5,1.25,5.0,0.0,5.0,2.5,0.0,3.75,5.0,0.0,3.75,3.75,3.75,2.5,0.0,3.75,0.0
89,8,0.0,0.0,2.5,0.0,2.5,0.0,1.25,0.0,0.0,0.0,2.5,0.0,3.75,0.0,0.0,3.75,5.0,0.0,2.5,5.0,0.0,1.25,2.5,1.25,5.0,0.0,0.0,3.125,0.0,0.625,1.25,1.25,0.0,0.0,0.0,3.75,5.0,3.75,1.25,0.0,1.25,2.5,0.0,1.25,5.0,3.75,0.0,0.0,2.5,0.0,5.0,3.75,2.5,1.25,5.0,0.0,5.0,2.5,0.0,3.75,5.0,0.0,2.5,3.75,3.75,2.5,0.0,3.125,0.0
90,6,0.0,0.0,1.25,0.0,1.25,0.0,3.125,0.0,0.0,0.0,3.75,0.0,3.75,0.0,0.0,2.5,5.0,0.0,2.5,3.75,0.0,2.5,5.0,1.25,5.0,0.0,0.0,3.75,0.0,1.875,2.5,0.0,0.0,0.0,0.0,3.125,5.0,5.0,2.5,0.0,1.25,2.5,0.0,1.25,5.0,5.0,0.0,0.0,2.5,0.0,5.0,3.75,3.75,2.5,5.0,0.0,5.0,1.25,0.0,3.75,5.0,0.0,4.375,3.75,3.75,2.5,0.0,5.0,0.0
90,7,0.0,0.0,0.0,0.0,1.25,0.0,2.5,0.0,0.0,0.0,3.75,0.0,3.75,0.0,0.0,2.5,5.0,0.0,2.5,3.75,0.0,1.25,3.75,1.25,5.0,0.0,0.0,3.75,0.0,1.875,2.5,0.0,0.0,0.0,0.0,2.5,5.0,3.75,2.5,0.0,1.25,2.5,0.0,1.25,5.0,5.0,0.0,0.0,2.5,0.0,5.0,3.75,3.75,2.5,5.0,0.0,5.0,1.25,0.0,3.75,5.0,0.0,4.375,3.75,3.75,2.5,0.0,5.0,0.0
90,8,0.0,0.0,0.0,0.0,1.25,0.0,2.5,0.0,0.0,0.0,3.75,0.0,3.75,0.0,0.0,2.5,5.0,0.0,2.5,3.75,0.0,1.25,3.75,1.25,5.0,0.0,0.0,3.75,0.0,1.25,2.5,0.0,0.0,0.0,0.0,2.5,5.0,3.75,2.5,0.0,1.25,2.5,0.0,1.25,5.0,4.375,0.0,0.0,2.5,0.0,5.0,3.75,3.125,2.5,5.0,0.0,5.0,1.25,0.0,3.125,5.0,0.0,3.75,3.75,3.125,2.5,0.0,3.75,0.0
91,6,0.0,0.0,0.0,0.0,0.0,0.0,3.75,0.0,0.0,0.0,3.75,0.0,3.75,0.0,0.0,2.5,5.0,0.0,2.5,2.5,0.0,3.75,5.0,2.5,5.0,0.0,0.0,3.75,0.0,3.75,2.5,0.0,0.0,0.0,0.0,2.5,5.0,5.0,3.75,0.0,1.25,3.125,0.0,1.25,3.75,5.0,0.0,0.0,2.5,0.0,5.0,2.5,3.75,2.5,5.0,0.0,5.0,0.0,0.0,3.125,3.75,0.0,5.0,3.75,3.125,3.75,0.0,5.0,0.0
91,7,0.0,0.0,0.0,0.0,0.0,0.0,3.75,0.0,0.0,0.0,3.75,0.0,3.75,0.0,0.0,2.5,5.0,0.0,1.875,2.5,0.0,3.75,5.0,2.5,5.0,0.0,0.0,3.75,0.0,3.125,2.5,0.0,0.0,0.0,0.0,2.5,5.0,5.0,3.75,0.0,1.25,2.5,0.0,1.25,3.75,5.0,0.0,0.0,2.5,0.0,5.0,2.5,3.75,2.5,5.0,0.0,5.0,0.0,0.0,3.125,3.75,0.0,5.0,3.125,2.5,3.75,0.0,5.0,0.0
91,8,0.0,0.0,0.0,0.0,0.0,0.0,3.75,0.0,0.0,0.0,3.75,0.0,3.75,0.0,0.0,2.5,3.75,0.0,1.25,2.5,0.0,2.5,5.0,2.5,5.0,0.0,0.0,3.75,0.0,2.5,2.5,0.0,0.0,0.0,0.0,2.5,5.0,3.75,3.75,0.0,1.25,2.5,0.0,1.25,3.75,5.0,0.0,0.0,2.5,0.0,4.375,2.5,3.75,2.5,4.375,0.0,5.0,0.0,0.0,2.5,3.75,0.0,5.0,3.125,2.5,3.75,0.0,3.75,0.0
92,6,0.0,0.0,0.0,0.0,0.0,0.0,3.75,0.0,0.0,0.0,3.125,0.0,3.75,0.0,0.0,2.5,3.75,0.0,1.25,2.5,0.0,5.0,5.0,2.5,3.75,0.0,0.625,3.75,0.0,5.0,3.125,0.0,0.0,0.0,0.0,2.5,5.0,5.0,5.0,0.0,1.25,3.125,0.0,1.25,2.5,5.0,0.0,0.0,2.5,0.0,4.375,2.5,4.375,2.5,4.375,0.0,5.0,0.0,0.0,2.5,3.75,0.0,5.0,2.5,2.5,5.0,0.0,3.75,0.0
92,7,0.0,0.0,0.0,0.0,0.0,0.0,3.75,0.0,0.0,0.0,3.125,0.0,3.75,0.0,0.0,2.5,3.75,0.0,1.875,2.5,0.0,5.0,5.0,2.5,3.75,0.0,0.625,3.75,0.0,5.0,3.125,0.0,0.0,0.0,0.0,2.5,5.0,5.0,5.0,0.0,1.25,3.125,0.0,1.25,2.5,5.0,0.0,0.0,2.5,0.0,4.375,2.5,4.375,2.5,3.75,0.0,5.0,0.0,0.0,2.5,3.75,0.0,5.0,2.5,2.5,4.375,0.0,3.75,0.0
92,8,0.0,0.0,0.0,0.0,0.0,0.0,3.75,0.0,0.0,0.0,2.5,0.0,3.75,0.0,0.0,1.25,3.75,0.0,1.25,2.5,0.0,3.75,5.0,2.5,3.75,0.0,0.0,3.75,0.0,3.75,2.5,0.0,0.0,0.0,0.0,2.5,5.0,4.375,5.0,0.0,1.25,2.5,0.0,1.25,2.5,5.0,0.0,0.0,2.5,0.0,3.75,2.5,3.75,2.5,3.75,0.0,5.0,0.0,0.0,2.5,3.125,0.0,5.0,2.5,2.5,3.75,0.0,3.75,0.0
93,6,0.0,0.0,0.0,0.0,0.0,0.0,3.75,0.0,0.0,1.25,2.5,0.0,2.5,1.25,0.0,2.5,2.5,0.0,2.5,2.5,0.0,5.0,5.0,3.75,3.75,0.0,1.25,5.0,0.0,5.0,2.5,0.0,0.0,0.0,0.0,2.5,5.0,5.0,5.0,0.0,1.25,3.75,0.0,1.25,1.25,5.0,0.0,0.0,2.5,0.0,4.375,2.5,5.0,2.5,4.375,0.0,5.0,0.0,0.0,3.125,2.5,0.0,5.0,2.5,2.5,5.0,0.0,3.125,0.0
93,7,0.0,0.0,0.0,0.0,0.0,0.0,3.75,0.0,0.0,1.25,2.5,0.0,2.5,1.25,0.0,1.875,2.5,0.0,2.5,1.25,0.0,5.0,5.0,3.75,3.75,0.0,1.25,5.0,0.0,5.0,2.5,0.0,0.0,0.0,0.0,2.5,5.0,5.0,5.0,0.0,1.25,3.75,0.0,1.25,1.25,5.0,0.0,0.0,2.5,0.0,4.375,2.5,5.0,2.5,3.75,0.0,5.0,0.0,0.0,3.125,2.5,0.0,5.0,2.5,2.5,5.0,0.0,2.5,0.0
93,8,0.0,0.0,0.0,0.0,0.0,0.0,3.75,0.0,0.0,1.25,1.875,0.0,2.5,1.25,0.0,1.25,2.5,0.0,2.5,1.25,0.0,5.0,5.0,3.75,3.125,0.0,1.25,5.0,0.0,5.0,2.5,0.0,0.0,0.0,0.0,2.5,3.75,5.0,5.0,0.0,1.25,3.125,0.0,1.25,1.25,5.0,0.0,0.0,2.5,0.0,3.75,2.5,5.0,2.5,3.75,0.0,5.0,0.0,0.0,2.5,2.5,0.0,5.0,2.5,2.5,5.0,0.0,2.5,0.0
94,6,0.0,0.0,0.0,0.0,0.0,0.0,2.5,0.0,0.0,2.5,1.25,0.0,2.5,3.75,0.0,2.5,1.25,0.0,3.75,1.25,0.0,5.0,5.0,5.0,3.75,0.0,2.5,5.0,0.0,5.0,2.5,1.25,0.0,0.0,0.0,3.75,3.75,5.0,5.0,0.0,1.875,3.75,0.0,2.5,1.25,5.0,0.0,0.0,2.5,0.0,5.0,2.5,5.0,2.5,5.0,1.25,5.0,0.0,0.0,3.75,1.875,0.0,5.0,2.5,2.5,5.0,0.0,2.5,0.0
94,7,0.0,0.0,0.0,0.0,0.0,0.0,2.5,0.0,0.0,2.5,1.25,0.0,2.5,2.5,0.0,1.875,1.25,0.0,3.125,1.25,0.0,5.0,3.75,4.375,3.75,0.0,2.5,5.0,0.0,5.0,2.5,1.25,0.0,0.0,0.0,3.75,3.75,5.0,5.0,0.0,1.875,3.75,0.0,2.5,0.0,5.0,0.0,0.0,2.5,0.0,5.0,2.5,5.0,2.5,5.0,1.25,5.0,0.0,0.0,3.75,1.875,0.0,5.0,2.5,2.5,5.0,0.0,1.25,0.0
94,8,0.0,0.0,0.0,0.0,0.0,0.0,2.5,0.0,0.0,2.5,1.25,0.0,1.25,2.5,0.0,1.25,1.25,0.0,3.75,1.25,0.0,5.0,3.75,4.375,3.125,0.0,1.25,5.0,0.0,5.0,2.5,1.25,0.0,0.0,0.0,3.75,3.75,5.0,5.0,0.0,1.25,3.75,0.0,1.875,0.0,5.0,0.0,0.0,2.5,0.0,3.75,2.5,5.0,2.5,3.75,1.25,5.0,0.0,0.0,3.75,1.875,0.0,5.0,2.5,1.875,5.0,0.0,1.25,0.0
95,6,0.0,0.0,0.0,0.0,0.0,0.0,1.875,0.0,0.0,3.75,1.25,0.0,1.25,5.0,0.0,2.5,0.0,0.0,5.0,1.875,0.0,5.0,3.125,5.0,3.75,0.0,3.75,5.0,0.0,5.0,1.875,2.5,0.0,0.0,0.0,4.375,3.75,5.0,5.0,0.0,2.5,3.75,0.0,2.5,0.0,5.0,0.0,0.0,3.75,0.0,5.0,3.75,5.0,1.25,5.0,2.5,5.0,0.0,0.0,3.75,1.25,0.0,5.0,3.125,1.875,5.0,0.0,1.25,0.0
95,7,0.0,0.0,0.0,0.0,0.0,0.0,1.25,0.0,0.0,3.75,1.25,0.0,1.25,4.375,0.0,2.5,0.0,0.0,5.0,1.25,0.0,5.0,3.125,5.0,3.75,0.0,3.75,5.0,0.0,5.0,1.875,1.25,0.0,0.0,0.0,3.75,3.75,5.0,5.0,0.0,2.5,3.75,0.0,2.5,0.0,5.0,0.0,0.0,3.75,0.0,5.0,3.75,5.0,1.25,5.0,2.5,5.0,0.0,0.0,3.75,1.25,0.0,5.0,2.5,1.25,5.0,0.0,1.25,0.0
95,8,0.0,0.0,0.0,0.0,0.0,0.0,1.25,0.0,0.0,2.5,1.25,0.0,1.25,3.75,0.0,2.5,0.0,0.0,4.375,1.25,0.0,5.0,3.75,5.0,3.75,0.0,2.5,5.0,0.0,5.0,1.875,1.25,0.0,0.0,0.0,3.75,3.125,5.0,5.0,0.0,2.5,3.75,0.0,2.5,0.0,5.0,0.0,0.0,3.125,0.0,5.0,3.125,5.0,1.25,4.375,2.5,5.0,0.0,0.0,3.75,1.25,0.0,5.0,2.5,1.25,5.0,0.0,1.25,0.0
96,6,0.0,0.0,0.0,0.0,0.0,0.0,1.25,0.0,0.0,5.0,2.5,0.0,1.25,5.0,0.0,2.5,0.0,0.0,5.0,2.5,0.0,5.0,1.875,5.0,4.375,0.0,3.75,5.0,0.0,5.0,1.25,2.5,0.0,0.0,0.0,5.0,2.5,5.0,3.75,0.0,2.5,3.75,0.0,2.5,0.0,5.0,0.0,0.0,3.75,0.0,5.0,4.375,5.0,2.5,4.375,3.75,5.0,0.0,0.0,5.0,1.25,0.0,5.0,3.75,1.875,5.0,0.0,1.25,0.0
96,7,0.0,0.0,0.0,0.0,0.0,0.0,0.625,0.0,0.0,3.75,2.5,0.0,1.25,5.0,0.0,2.5,0.0,0.0,5.0,2.5,0.0,5.0,2.5,5.0,4.375,0.0,3.75,5.0,0.0,5.0,1.25,2.5,0.0,0.0,0.0,5.0,2.5,5.0,3.75,0.0,2.5,3.75,0.0,2.5,0.0,5.0,0.0,0.0,3.75,0.0,5.0,4.375,5.0,2.5,4.375,3.75,5.0,0.0,0.0,4.375,1.25,0.0,5.0,3.75,1.875,5.0,0.0,2.5,0.0
96,8,0.0,0.0,0.0,0.0,0.0,0.0,0.0,0.0,0.0,3.75,2.5,0.0,1.25,5.0,0.0,2.5,0.0,0.0,5.0,2.5,0.0,5.0,1.25,5.0,3.75,0.0,3.75,5.0,0.0,5.0,1.25,2.5,0.0,0.0,0.0,4.375,2.5,5.0,3.75,0.0,2.5,3.75,0.0,2.5,0.0,5.0,0.0,0.0,3.75,0.0,5.0,3.75,5.0,1.875,3.75,3.125,5.0,0.0,0.0,4.375,1.25,0.0,5.0,3.125,1.875,5.0,0.0,2.5,0.0
97,6,0.0,0.0,0.0,0.0,0.0,0.0,0.0,0.0,0.0,5.0,4.375,0.0,1.25,5.0,0.0,2.5,0.0,0.0,5.0,3.75,0.0,5.0,0.0,5.0,5.0,0.0,5.0,5.0,0.0,5.0,1.25,3.75,0.0,0.0,0.0,5.0,2.5,5.0,2.5,0.0,2.5,3.75,0.0,2.5,0.0,5.0,0.0,0.0,4.375,0.0,5.0,5.0,5.0,2.5,4.375,4.375,5.0,0.0,0.0,5.0,2.5,0.0,4.375,4.375,2.5,5.0,0.0,2.5,0.0
97,7,0.0,0.0,0.0,0.0,0.0,0.0,0.0,0.0,0.0,5.0,3.75,0.0,1.25,5.0,0.0,2.5,0.0,0.0,5.0,3.75,0.0,5.0,0.625,5.0,5.0,0.0,5.0,5.0,0.0,5.0,1.25,3.75,0.0,0.0,0.0,5.0,2.5,5.0,2.5,0.0,2.5,3.75,0.0,2.5,0.0,5.0,0.0,0.0,4.375,0.0,5.0,5.0,5.0,2.5,3.75,4.375,5.0,0.0,0.0,5.0,2.5,0.0,4.375,4.375,2.5,5.0,0.0,2.5,0.0
97,8,0.0,0.0,0.0,0.0,0.0,0.0,0.0,0.0,0.0,3.75,3.75,0.0,1.25,5.0,0.0,2.5,0.0,0.0,5.0,2.5,0.0,5.0,1.25,5.0,5.0,0.0,5.0,5.0,0.0,4.375,1.25,3.125,0.0,0.0,0.0,5.0,2.5,5.0,2.5,0.0,2.5,3.75,0.0,2.5,0.0,5.0,0.0,0.0,3.75,0.0,5.0,4.375,5.0,2.5,3.75,3.75,5.0,0.0,0.0,5.0,1.875,0.0,3.75,3.75,2.5,3.75,0.0,2.5,0.0
98,6,0.0,0.0,0.0,0.0,0.0,0.0,0.0,0.0,0.0,5.0,5.0,0.0,2.5,5.0,0.0,2.5,0.0,0.0,5.0,3.75,0.0,5.0,0.0,5.0,5.0,0.0,5.0,5.0,0.0,3.75,1.25,3.75,0.0,0.0,0.0,5.0,1.25,5.0,1.25,0.0,2.5,3.75,0.0,1.25,0.0,5.0,0.0,0.0,5.0,0.0,5.0,5.0,5.0,5.0,3.75,4.375,5.0,0.0,0.0,5.0,2.5,0.0,3.75,5.0,2.5,3.75,0.0,3.75,0.0
98,7,0.0,0.0,0.0,0.0,0.0,0.0,0.0,0.0,0.0,5.0,5.0,0.0,2.5,5.0,0.0,2.5,0.0,0.0,5.0,3.75,0.0,5.0,0.0,5.0,5.0,0.0,5.0,5.0,0.0,3.75,1.25,3.75,0.0,0.0,0.0,5.0,1.25,5.0,1.25,0.0,2.5,3.75,0.0,1.25,0.0,5.0,0.0,0.0,5.0,0.0,5.0,5.0,5.0,3.75,3.75,4.375,5.0,0.0,0.0,5.0,2.5,0.0,3.75,4.375,2.5,3.75,0.0,3.75,0.0
98,8,0.0,0.0,0.0,0.0,0.0,0.0,0.0,0.0,0.0,3.75,4.375,0.0,2.5,5.0,0.0,2.5,0.0,0.0,5.0,3.75,0.0,5.0,0.0,5.0,5.0,0.0,5.0,5.0,0.0,3.75,1.25,3.75,0.0,0.0,0.0,5.0,1.25,5.0,1.25,0.0,2.5,3.75,0.0,1.25,0.0,5.0,0.0,0.0,5.0,0.0,5.0,5.0,5.0,3.75,3.75,3.75,5.0,0.0,0.0,5.0,2.5,0.0,3.75,4.375,2.5,2.5,0.0,3.75,0.0
99,6,0.0,0.0,0.0,0.0,0.0,0.0,0.0,0.0,0.0,3.75,5.0,0.0,2.5,4.375,0.0,2.5,0.0,0.0,5.0,5.0,0.0,5.0,0.0,5.0,5.0,0.0,5.0,5.0,0.0,3.75,1.25,3.75,0.0,0.0,0.0,5.0,1.25,5.0,0.0,0.0,2.5,3.75,0.0,1.25,0.0,3.75,0.0,0.0,5.0,0.0,5.0,5.0,5.0,5.0,3.75,3.75,5.0,0.0,0.0,5.0,3.125,0.0,2.5,5.0,2.5,2.5,1.25,5.0,0.0
99,7,0.0,0.0,0.0,0.0,0.0,0.0,0.0,0.0,0.0,2.5,5.0,0.0,2.5,3.75,0.0,2.5,0.0,0.0,3.75,5.0,0.0,3.75,0.0,5.0,5.0,0.0,5.0,5.0,0.0,3.125,1.25,3.75,0.0,0.0,0.0,5.0,1.25,5.0,0.0,0.0,2.5,3.75,0.0,1.25,0.0,3.75,0.0,0.0,5.0,0.0,5.0,5.0,5.0,5.0,3.75,3.75,5.0,0.0,0.0,5.0,3.125,0.0,2.5,5.0,2.5,2.5,1.25,5.0,0.0
99,8,0.0,0.0,0.0,0.0,0.0,0.0,0.0,0.0,0.0,2.5,5.0,0.0,2.5,3.75,0.0,2.5,0.0,0.0,3.75,4.375,0.0,3.75,0.0,5.0,5.0,0.0,5.0,5.0,0.0,3.125,1.25,3.75,0.0,0.0,0.0,5.0,1.25,5.0,0.0,0.0,2.5,3.75,0.0,1.25,0.0,3.75,0.0,0.0,5.0,0.0,5.0,4.375,3.75,5.0,3.125,3.125,5.0,0.0,0.0,5.0,2.5,0.0,2.5,4.375,2.5,2.5,1.25,5.0,0.0
100,6,0.0,0.0,0.0,0.0,0.0,0.0,0.0,0.0,1.25,1.25,5.0,0.0,2.5,2.5,0.0,2.5,0.0,0.0,2.5,5.0,0.0,2.5,0.0,3.125,5.0,0.0,5.0,3.75,0.0,3.125,2.5,3.75,0.0,0.0,0.0,5.0,1.25,3.75,0.0,0.0,3.75,3.75,0.0,0.0,0.0,3.75,0.0,0.0,5.0,0.0,5.0,5.0,3.75,5.0,2.5,2.5,5.0,0.0,0.0,5.0,3.75,0.0,2.5,4.375,2.5,1.25,2.5,5.0,0.0
100,7,0.0,0.0,0.0,0.0,0.0,0.0,0.0,0.0,1.25,1.25,5.0,0.0,2.5,2.5,0.0,2.5,0.0,0.0,2.5,5.0,0.0,2.5,0.0,3.125,5.0,0.0,5.0,3.75,0.0,2.5,2.5,3.75,0.0,0.0,0.0,5.0,1.25,3.75,0.0,0.0,3.75,3.75,0.0,0.0,0.0,3.75,0.0,0.0,5.0,0.0,5.0,4.375,3.75,5.0,2.5,2.5,5.0,0.0,0.0,5.0,3.75,0.0,2.5,4.375,2.5,1.25,1.875,5.0,0.0
100,8,0.0,0.0,0.0,0.0,0.0,0.0,0.0,0.0,1.25,1.25,5.0,0.0,2.5,2.5,0.0,2.5,0.0,0.0,2.5,5.0,0.0,2.5,0.0,2.5,5.0,0.0,5.0,3.75,0.0,2.5,2.5,2.5,0.0,0.0,0.0,5.0,1.25,3.75,0.0,0.0,3.75,3.75,0.0,0.0,0.0,3.125,0.0,0.0,5.0,0.0,5.0,3.75,2.5,5.0,2.5,1.875,4.375,0.0,0.0,5.0,3.75,0.0,2.5,3.75,2.5,1.25,1.875,5.0,0.0
101,6,0.0,0.0,0.0,0.0,0.0,0.0,0.0,0.0,2.5,1.25,5.0,0.0,2.5,1.25,0.0,2.5,0.0,0.0,1.25,5.0,0.0,1.25,0.0,1.25,4.375,0.0,5.0,2.5,0.0,2.5,2.5,2.5,1.25,0.0,0.0,5.0,2.5,2.5,0.0,0.0,3.75,3.75,0.0,0.0,0.0,3.125,0.0,1.25,5.0,0.0,5.0,4.375,3.75,5.0,2.5,1.25,4.375,0.0,0.0,5.0,4.375,0.0,2.5,3.75,2.5,0.0,3.75,5.0,0.0
101,7,0.0,0.0,0.0,0.0,0.0,0.0,0.0,0.0,1.25,0.0,5.0,0.0,2.5,0.0,0.0,2.5,0.0,0.0,1.25,5.0,0.0,1.25,0.0,1.25,3.75,0.0,5.0,1.875,0.0,2.5,2.5,2.5,1.25,0.0,0.0,5.0,2.5,2.5,0.0,0.0,3.75,3.75,0.0,0.0,0.0,2.5,0.0,1.25,5.0,0.0,5.0,4.375,2.5,5.0,2.5,1.25,3.75,0.0,0.0,5.0,3.75,0.0,2.5,3.75,2.5,0.0,3.75,5.0,0.0
101,8,0.0,0.0,0.0,0.0,0.0,0.0,0.0,0.0,1.25,0.0,5.0,0.0,2.5,1.25,0.0,2.5,0.0,0.0,1.25,5.0,0.0,1.25,0.0,1.25,3.75,0.0,5.0,1.875,0.0,2.5,2.5,2.5,1.25,0.0,0.0,5.0,1.875,2.5,0.0,0.0,3.75,3.75,0.0,0.0,0.0,2.5,0.0,1.25,5.0,0.0,5.0,3.75,2.5,5.0,2.5,1.25,3.75,0.0,0.0,5.0,3.75,0.0,2.5,3.125,2.5,0.0,2.5,5.0,0.0
102,6,0.0,0.0,0.0,0.0,0.0,0.0,0.0,0.0,3.75,0.0,5.0,0.0,2.5,0.0,0.0,3.125,0.0,0.0,0.0,5.0,0.0,1.25,0.0,0.0,3.75,0.0,5.0,0.0,0.0,2.5,3.75,1.25,2.5,0.0,0.0,5.0,2.5,1.25,0.0,0.0,4.375,3.75,0.0,1.25,0.0,2.5,0.0,1.25,5.0,0.0,5.0,5.0,2.5,5.0,2.5,0.0,3.75,0.0,0.0,5.0,5.0,0.0,2.5,3.125,1.25,0.0,3.75,3.75,0.0
102,7,0.0,0.0,0.0,0.0,0.0,0.0,0.0,0.0,3.125,0.0,5.0,0.0,2.5,0.0,0.0,2.5,0.0,0.0,0.0,5.0,0.0,1.25,0.0,0.0,3.75,0.0,5.0,0.625,0.0,2.5,3.75,1.25,2.5,0.0,0.0,5.0,2.5,1.25,0.0,0.0,3.75,3.75,0.0,0.625,0.0,2.5,0.0,2.5,5.0,0.0,5.0,5.0,2.5,5.0,2.5,0.0,3.75,0.0,0.0,5.0,5.0,0.0,2.5,3.125,1.25,0.0,3.75,3.75,0.0
102,8,0.0,0.0,0.0,0.0,0.0,0.0,0.0,0.0,2.5,0.0,5.0,0.0,2.5,0.0,0.0,2.5,0.0,0.0,0.0,5.0,0.0,1.25,0.0,0.0,3.75,0.0,5.0,0.0,0.0,2.5,3.75,1.25,2.5,0.0,0.0,5.0,2.5,1.25,0.0,0.0,3.75,3.75,0.0,0.625,0.0,2.5,0.0,2.5,5.0,0.0,5.0,3.75,2.5,5.0,2.5,0.0,3.75,0.0,0.0,5.0,5.0,0.0,2.5,2.5,1.25,0.0,3.75,3.75,0.0
103,6,0.0,0.0,0.0,0.0,0.0,0.0,0.0,0.0,4.375,0.0,5.0,0.0,1.25,0.0,0.0,3.75,0.0,0.0,0.0,5.0,0.0,1.25,0.0,0.0,3.75,0.0,5.0,0.0,0.0,2.5,3.75,0.625,3.75,0.0,0.0,5.0,2.5,1.25,0.0,0.0,5.0,5.0,0.0,1.25,0.0,2.5,0.0,3.75,5.0,0.0,5.0,5.0,2.5,5.0,2.5,0.0,3.75,0.0,0.0,5.0,5.0,0.0,2.5,2.5,1.25,0.0,3.75,2.5,0.0
103,7,0.0,0.0,0.0,0.0,0.0,0.0,0.0,0.0,3.75,0.0,5.0,0.0,1.25,0.0,0.0,3.75,0.0,0.0,0.0,5.0,0.0,0.0,0.0,0.0,3.75,0.0,5.0,0.0,0.0,2.5,3.75,0.0,3.75,0.0,0.0,5.0,2.5,1.25,0.0,0.0,4.375,3.75,0.0,1.25,0.0,2.5,0.0,3.75,5.0,0.0,5.0,5.0,2.5,5.0,2.5,0.0,3.75,0.0,0.0,5.0,5.0,0.0,2.5,2.5,1.25,0.0,3.75,2.5,0.0
103,8,0.0,0.0,0.0,0.0,0.0,0.0,0.0,0.0,3.75,0.0,5.0,0.0,1.25,0.0,0.0,3.75,0.0,0.0,0.0,5.0,0.0,0.0,0.0,0.0,3.75,0.0,5.0,0.0,0.0,2.5,3.75,0.0,3.75,0.0,0.0,5.0,2.5,0.625,0.0,0.0,3.75,3.75,0.0,1.25,0.0,2.5,0.0,3.75,5.0,0.0,5.0,4.375,2.5,5.0,2.5,0.0,3.75,0.0,0.0,4.375,5.0,0.0,2.5,2.5,1.25,0.0,3.75,2.5,0.0
104,6,0.0,0.0,0.0,0.0,0.0,0.0,0.0,0.0,5.0,0.0,3.75,0.0,1.25,0.0,0.0,5.0,0.0,0.0,0.0,5.0,0.0,1.25,0.0,0.0,3.75,0.0,5.0,0.0,0.0,1.875,4.375,0.0,5.0,0.0,0.0,5.0,2.5,0.0,0.0,0.0,4.375,5.0,0.0,2.5,0.0,2.5,0.0,5.0,3.75,0.0,5.0,5.0,2.5,5.0,3.75,0.0,3.75,0.0,0.0,3.75,5.0,0.0,3.75,2.5,1.25,0.0,3.75,1.25,0.0
104,7,0.0,0.0,0.0,0.0,0.0,0.0,0.0,0.0,5.0,0.0,3.75,0.0,1.25,0.0,0.0,4.375,0.0,0.0,0.0,5.0,0.0,1.25,0.0,0.0,3.125,0.0,5.0,0.0,0.0,1.875,4.375,0.0,5.0,0.0,0.0,5.0,2.5,0.0,0.0,0.0,4.375,5.0,0.0,2.5,0.0,2.5,0.0,3.75,3.75,0.0,5.0,5.0,2.5,5.0,3.75,0.0,3.75,0.0,0.0,3.75,5.0,0.0,3.75,2.5,1.25,0.0,3.75,1.25,0.0
104,8,0.0,0.0,0.0,0.0,0.0,0.0,0.0,0.0,3.75,0.0,3.75,0.0,1.25,0.0,0.0,3.75,0.0,0.0,0.0,4.375,0.0,1.25,0.0,0.0,2.5,0.0,5.0,0.0,0.0,1.25,3.75,0.0,5.0,0.0,0.0,5.0,2.5,0.0,0.0,0.0,3.75,5.0,0.0,2.5,0.0,2.5,0.0,3.75,3.75,0.0,5.0,4.375,2.5,5.0,3.75,0.0,3.75,0.0,0.0,3.75,5.0,0.0,3.125,2.5,1.25,0.0,2.5,1.25,0.0
105,6,0.0,0.0,0.0,0.0,0.0,0.0,0.0,0.0,5.0,0.0,2.5,0.0,1.25,0.0,0.0,5.0,0.0,0.0,0.0,3.75,0.0,1.25,0.0,0.0,3.75,0.0,5.0,0.0,0.0,1.25,5.0,0.0,5.0,0.0,0.0,5.0,2.5,0.0,0.0,0.0,3.75,5.0,0.0,3.75,0.0,3.125,0.0,5.0,3.75,0.0,5.0,4.375,2.5,3.75,3.75,0.0,3.75,0.0,0.0,3.75,5.0,0.0,3.75,2.5,2.5,0.0,2.5,0.0,0.0
105,7,0.0,0.0,0.0,0.0,0.0,0.0,0.0,0.0,5.0,0.0,2.5,0.0,1.25,0.0,0.0,5.0,0.0,0.0,0.0,3.75,0.0,1.25,0.0,0.0,3.75,0.0,5.0,0.0,0.0,1.25,5.0,0.0,5.0,0.0,0.0,5.0,2.5,0.0,0.0,0.0,3.75,5.0,0.0,3.75,0.0,3.125,0.0,5.0,3.75,0.0,5.0,4.375,2.5,3.75,3.75,0.0,3.75,0.0,0.0,2.5,5.0,0.0,3.75,2.5,1.875,0.0,2.5,0.0,0.0
105,8,0.0,0.0,0.0,0.0,0.0,0.0,0.0,0.0,3.75,0.0,2.5,0.0,1.25,0.0,0.0,5.0,0.0,0.0,0.0,3.75,0.0,1.25,0.0,0.0,3.75,0.0,5.0,0.0,0.0,1.25,3.75,0.0,5.0,0.0,0.0,4.375,1.875,0.0,0.0,0.0,3.75,5.0,0.0,3.125,0.0,3.125,0.0,5.0,3.125,0.0,5.0,3.75,2.5,3.75,3.75,0.0,3.75,0.0,0.0,2.5,5.0,0.0,3.75,2.5,1.875,0.0,2.5,0.0,0.0
106,6,0.0,0.0,0.0,0.0,0.0,0.0,1.25,0.0,5.0,0.0,1.25,0.0,1.25,0.0,0.0,5.0,0.0,0.0,0.0,3.75,0.0,2.5,0.0,0.0,3.75,0.0,5.0,0.0,0.0,1.25,5.0,0.0,5.0,0.0,0.0,3.75,1.25,0.0,0.0,0.0,3.75,5.0,0.0,3.75,0.0,3.75,0.0,5.0,2.5,0.0,5.0,3.75,3.125,2.5,5.0,0.0,3.75,0.0,0.0,2.5,5.0,0.0,5.0,2.5,3.75,0.0,1.25,0.0,0.0
106,7,0.0,0.0,0.0,0.0,0.0,0.0,1.25,0.0,3.75,0.0,1.25,0.0,1.25,0.0,0.0,5.0,0.0,0.0,0.0,2.5,0.0,2.5,0.0,0.0,3.75,0.0,5.0,0.0,0.0,1.25,5.0,0.0,5.0,0.0,0.0,3.75,1.25,0.0,0.0,0.0,3.75,5.0,0.0,3.75,0.0,3.75,0.0,5.0,2.5,0.0,5.0,3.75,3.125,2.5,4.375,0.0,3.75,0.0,0.0,2.5,5.0,0.0,4.375,2.5,3.75,0.0,1.25,0.0,0.0
106,8,0.0,0.0,0.0,0.0,0.0,0.0,0.625,0.0,3.75,0.0,1.25,0.0,1.25,0.0,0.0,5.0,0.0,0.0,0.0,2.5,0.0,2.5,0.0,0.0,3.75,0.0,5.0,0.0,0.0,1.25,4.375,0.0,5.0,0.0,0.0,3.75,1.25,0.0,0.0,0.0,3.75,5.0,0.0,3.75,0.0,3.125,0.0,5.0,2.5,0.0,5.0,3.75,2.5,2.5,4.375,0.0,3.75,0.0,0.0,2.5,5.0,0.0,3.75,2.5,2.5,0.0,1.25,0.0,0.0
107,6,0.0,0.0,0.0,0.0,1.25,0.0,1.25,0.0,3.75,0.0,1.25,0.0,2.5,0.0,0.0,5.0,0.0,0.0,0.0,3.75,0.0,3.75,0.0,0.0,4.375,0.0,5.0,0.0,0.0,1.25,5.0,0.0,5.0,0.0,0.0,3.75,1.25,0.0,0.0,0.0,3.75,5.0,0.0,3.75,0.0,4.375,0.0,5.0,2.5,0.0,5.0,3.75,2.5,1.25,5.0,0.0,3.75,0.0,0.0,2.5,5.0,0.0,5.0,2.5,3.75,1.25,0.0,0.0,0.0
107,7,0.0,0.0,0.0,0.0,1.25,0.0,1.25,0.0,2.5,0.0,0.0,0.0,2.5,0.0,0.0,5.0,0.0,0.0,0.0,3.125,0.0,3.75,0.0,0.0,3.75,0.0,5.0,0.0,0.0,1.25,5.0,0.0,5.0,0.0,0.0,3.75,1.25,0.0,0.0,0.0,3.75,5.0,0.0,3.75,0.0,3.75,0.0,5.0,2.5,0.0,5.0,3.75,2.5,1.25,5.0,0.0,3.75,0.0,0.0,2.5,5.0,0.0,5.0,2.5,3.75,0.0,0.0,0.0,0.0
107,8,0.0,0.0,0.0,0.0,1.25,0.0,1.25,0.0,2.5,0.0,0.0,0.0,2.5,0.0,0.0,5.0,0.0,0.0,0.0,3.125,0.0,3.75,0.0,0.0,3.75,0.0,5.0,0.0,0.0,1.25,5.0,0.0,5.0,0.0,0.0,3.75,1.25,0.0,0.0,0.0,3.75,5.0,0.0,3.125,0.0,3.75,0.0,5.0,1.25,0.0,5.0,3.125,2.5,1.25,4.375,0.0,3.75,0.0,0.0,2.5,5.0,0.0,5.0,2.5,3.75,0.625,0.0,0.0,0.0
108,6,0.0,0.0,0.0,0.0,2.5,0.0,3.75,0.0,2.5,0.0,0.0,0.0,3.75,0.0,0.0,5.0,0.0,0.0,0.0,3.75,0.0,3.75,0.0,0.0,5.0,0.0,5.0,1.25,0.0,2.5,5.0,0.0,5.0,0.0,0.0,3.75,1.25,1.25,0.0,0.0,3.75,5.0,0.0,2.5,0.0,5.0,0.0,5.0,1.25,0.0,5.0,2.5,2.5,0.0,5.0,0.0,3.75,0.0,0.0,3.75,3.75,0.0,5.0,1.25,4.375,1.25,0.0,0.0,0.0
108,7,0.0,0.0,0.0,0.0,2.5,0.0,2.5,0.0,1.25,0.0,0.0,0.0,3.75,0.0,0.0,5.0,0.0,0.0,0.0,3.75,0.0,3.75,0.0,0.0,5.0,0.0,5.0,1.25,0.0,2.5,5.0,0.0,5.0,0.0,0.0,3.75,1.25,1.25,0.0,0.0,3.75,5.0,0.0,2.5,0.0,4.375,0.0,3.75,1.25,0.0,5.0,2.5,2.5,0.0,4.375,0.0,3.75,0.0,0.0,3.125,3.75,0.0,5.0,1.25,3.75,1.25,0.0,0.0,0.0
108,8,0.0,0.0,0.0,0.0,2.5,0.0,2.5,0.0,1.25,0.0,0.0,0.0,3.75,0.0,0.0,5.0,0.0,0.0,0.0,3.125,0.0,2.5,0.0,0.0,4.375,0.0,5.0,1.25,0.0,2.5,5.0,0.0,3.75,0.0,0.0,3.75,1.25,1.25,0.0,0.0,3.75,5.0,0.0,2.5,0.0,4.375,0.0,4.375,1.25,0.0,4.375,2.5,2.5,0.0,4.375,0.0,3.75,0.0,0.0,2.5,3.75,0.0,5.0,1.25,3.75,1.25,0.0,0.0,0.0
109,6,0.0,0.0,0.0,0.0,3.75,0.0,5.0,0.0,1.25,0.0,0.0,0.0,5.0,0.0,0.0,5.0,0.0,0.0,0.0,3.75,0.0,3.75,0.0,0.0,5.0,0.0,5.0,1.25,0.0,2.5,5.0,0.0,3.75,0.0,0.0,3.125,2.5,1.25,0.0,0.0,5.0,5.0,0.0,2.5,1.25,5.0,0.0,2.5,1.25,0.0,3.75,1.25,1.25,0.0,3.75,0.0,3.75,0.0,0.0,3.75,3.75,0.0,5.0,1.25,3.75,2.5,0.0,0.0,0.0
109,7,0.0,0.0,0.0,0.0,3.75,0.0,3.75,0.0,1.25,0.0,0.0,0.0,5.0,0.0,0.0,5.0,0.0,0.0,0.0,3.75,0.0,3.125,0.0,0.0,5.0,0.0,5.0,1.25,0.0,2.5,5.0,0.0,2.5,0.0,0.0,3.125,2.5,1.25,0.0,0.0,5.0,5.0,0.0,2.5,0.0,5.0,0.0,3.75,1.25,0.0,3.75,1.25,1.25,0.0,3.75,0.0,3.75,0.0,0.0,3.75,3.75,0.0,5.0,1.25,3.75,2.5,0.0,0.0,0.0
109,8,0.0,0.0,0.0,0.0,3.75,0.0,3.75,0.0,1.25,0.0,0.0,0.0,4.375,0.0,0.0,5.0,0.0,0.0,0.0,3.75,0.0,2.5,0.0,0.0,5.0,0.0,5.0,1.25,0.0,2.5,5.0,0.0,3.125,0.0,0.0,2.5,2.5,1.25,0.0,0.0,3.75,5.0,0.0,1.25,0.0,5.0,0.0,3.75,1.25,0.0,3.75,1.25,1.25,0.0,3.75,0.0,3.75,0.0,0.0,3.75,3.125,0.0,5.0,1.25,3.75,2.5,0.0,0.0,0.0
110,6,0.0,0.0,0.0,0.0,5.0,0.0,5.0,0.0,0.0,0.0,1.25,0.0,5.0,0.0,0.0,5.0,0.0,0.0,0.0,3.75,0.0,2.5,0.0,0.0,5.0,0.0,3.75,2.5,0.0,2.5,5.0,1.25,1.25,0.0,0.0,2.5,3.75,2.5,0.0,0.0,5.0,5.0,0.0,2.5,1.25,5.0,0.0,2.5,1.25,0.0,2.5,1.25,1.25,0.0,3.75,0.0,3.75,0.0,0.0,3.75,2.5,0.0,5.0,0.0,3.125,3.75,0.0,0.0,0.0
110,7,0.0,0.0,0.0,0.0,5.0,0.0,5.0,0.0,0.0,0.0,1.25,0.0,5.0,0.0,0.0,5.0,0.0,0.0,0.0,3.75,0.0,2.5,0.0,0.0,5.0,0.0,3.75,2.5,0.0,2.5,5.0,1.25,1.875,0.0,0.0,2.5,3.75,2.5,0.0,0.0,5.0,5.0,0.0,1.875,1.25,5.0,0.0,2.5,1.25,0.0,2.5,1.25,1.25,0.0,3.75,0.0,3.75,0.0,0.0,3.75,2.5,0.0,5.0,0.0,3.125,3.75,0.0,0.0,0.0
110,8,0.0,0.0,0.0,0.0,5.0,0.0,3.75,0.0,0.0,0.0,1.25,0.0,5.0,0.0,0.0,5.0,0.0,0.0,0.0,3.75,0.0,1.875,0.0,0.0,4.375,0.0,3.75,1.875,0.0,2.5,3.75,1.25,1.25,0.0,0.0,2.5,3.75,2.5,0.0,0.0,5.0,5.0,0.0,1.25,1.25,5.0,0.0,2.5,1.25,0.0,2.5,1.25,0.625,0.0,3.75,0.0,3.75,0.0,0.0,3.75,2.5,0.0,4.375,0.0,2.5,2.5,0.0,0.0,0.0
111,6,0.0,0.0,0.0,0.0,5.0,0.0,5.0,0.0,0.0,0.0,1.25,0.0,5.0,0.0,0.0,5.0,0.0,0.0,0.0,3.75,0.0,1.25,0.0,1.25,4.375,0.0,2.5,2.5,0.0,2.5,5.0,2.5,1.25,0.0,0.0,2.5,5.0,3.75,0.0,0.0,5.0,5.0,0.0,2.5,2.5,5.0,0.0,1.25,2.5,0.0,2.5,1.875,1.25,0.0,3.75,1.25,3.75,0.0,0.0,3.75,2.5,0.0,3.75,0.0,2.5,3.75,1.25,0.0,0.0
111,7,0.0,0.0,0.0,0.0,5.0,0.0,5.0,0.0,0.0,0.0,1.25,0.0,5.0,0.0,0.0,5.0,0.0,0.0,0.0,3.75,0.0,1.25,0.0,1.25,4.375,0.0,1.875,2.5,0.0,2.5,5.0,2.5,0.625,0.0,0.0,2.5,5.0,3.75,0.0,0.0,5.0,5.0,0.0,1.25,2.5,5.0,0.0,1.25,2.5,0.0,2.5,1.25,1.25,0.0,3.75,1.25,3.75,0.0,0.0,3.75,2.5,0.0,3.75,0.0,1.25,3.75,1.25,0.0,0.0
111,8,0.0,0.0,0.0,0.0,5.0,0.0,3.75,0.0,0.0,0.0,1.25,0.0,5.0,0.0,0.0,5.0,0.0,0.0,0.0,3.75,0.0,1.25,0.0,1.25,3.75,0.0,1.25,2.5,0.0,2.5,3.75,2.5,1.25,0.0,0.0,2.5,3.75,2.5,0.0,0.0,5.0,3.75,0.0,1.25,2.5,5.0,0.0,1.25,1.875,0.0,2.5,1.25,1.25,0.0,3.125,1.25,3.75,0.0,0.0,3.75,2.5,0.0,3.75,0.0,1.25,3.75,1.25,0.0,0.0
112,6,0.0,0.0,0.0,0.0,5.0,0.0,3.75,0.0,0.0,0.0,2.5,0.0,5.0,0.0,0.0,5.0,0.0,0.0,0.0,3.75,0.0,0.0,0.0,1.875,3.75,0.0,0.0,2.5,0.0,2.5,3.75,3.75,0.0,0.0,0.0,2.5,5.0,3.75,0.0,0.0,5.0,3.75,0.0,3.75,3.75,5.0,0.0,0.0,2.5,0.0,3.75,2.5,1.25,1.25,3.75,2.5,3.75,0.0,0.0,3.75,2.5,0.0,3.125,0.0,1.25,3.75,2.5,0.0,0.0
112,7,0.0,0.0,0.0,0.0,5.0,0.0,3.75,0.0,0.0,0.0,2.5,0.0,5.0,0.0,0.0,5.0,0.0,0.0,0.0,3.75,0.0,0.0,0.0,1.875,3.75,0.0,0.625,2.5,0.0,2.5,3.75,3.75,0.0,0.0,0.0,2.5,5.0,3.75,0.0,0.0,5.0,3.75,0.0,2.5,3.75,5.0,0.0,0.0,2.5,0.0,3.75,2.5,1.25,0.0,3.75,2.5,3.75,0.0,0.0,3.75,2.5,0.0,3.125,0.0,1.25,3.75,2.5,0.0,0.0
112,8,0.0,0.0,0.0,0.0,5.0,0.0,3.125,0.0,0.0,0.0,2.5,0.0,5.0,0.0,0.0,5.0,0.0,0.0,0.0,3.75,0.0,0.0,0.0,1.875,3.75,0.0,0.625,2.5,0.0,2.5,3.75,3.75,0.0,0.0,0.0,2.5,5.0,3.125,0.0,0.0,4.375,3.75,0.0,2.5,2.5,5.0,0.0,0.0,2.5,0.0,3.125,2.5,1.25,0.625,3.125,2.5,3.125,0.0,0.0,3.75,2.5,0.0,2.5,0.0,1.25,3.75,2.5,0.0,0.0
113,6,0.0,0.0,0.0,0.0,3.75,0.0,2.5,0.0,0.0,0.0,3.75,0.0,5.0,0.0,0.0,5.0,0.0,0.0,0.0,3.75,0.0,0.0,0.0,2.5,3.75,0.0,0.0,2.5,0.0,2.5,3.75,5.0,0.0,0.0,0.0,3.125,5.0,2.5,0.0,0.0,5.0,3.75,0.0,3.75,4.375,5.0,0.0,0.0,2.5,0.0,3.75,3.125,1.25,1.25,3.75,3.75,3.75,0.0,0.0,3.75,2.5,0.0,2.5,1.25,1.25,2.5,5.0,0.0,0.0
113,7,0.0,0.0,0.0,0.0,3.75,0.0,2.5,0.0,0.0,0.0,3.125,0.0,5.0,0.0,0.0,5.0,0.0,0.0,0.0,3.75,0.0,0.0,0.0,2.5,3.75,0.0,0.0,2.5,0.0,2.5,3.75,5.0,0.0,0.0,0.0,2.5,5.0,2.5,0.0,0.0,3.75,3.75,0.0,3.125,3.75,5.0,0.0,0.0,2.5,0.0,3.75,3.125,1.25,1.25,3.75,2.5,3.75,0.0,0.0,3.75,2.5,0.0,2.5,1.25,1.25,2.5,3.75,0.0,0.0
113,8,0.0,0.0,0.0,0.0,3.75,0.0,2.5,0.0,0.0,0.0,2.5,0.0,5.0,0.0,0.0,5.0,0.0,0.0,0.0,3.75,0.0,0.0,0.0,2.5,3.125,0.0,0.0,2.5,0.0,2.5,3.75,3.75,0.0,0.0,0.0,2.5,5.0,2.5,0.0,0.0,3.75,3.75,0.0,3.75,3.75,5.0,0.0,0.0,2.5,0.0,3.75,2.5,1.25,1.25,3.75,2.5,3.75,0.0,0.0,3.75,2.5,0.0,2.5,1.25,1.25,2.5,3.75,0.0,0.0
114,6,0.0,0.0,0.0,0.0,2.5,0.0,1.25,0.0,0.0,0.0,3.75,0.0,5.0,0.0,0.0,5.0,0.0,0.0,0.0,3.75,0.0,0.0,0.0,2.5,2.5,0.0,0.0,2.5,0.0,2.5,2.5,5.0,0.0,0.0,0.0,3.75,5.0,2.5,0.0,0.0,3.75,3.75,0.0,5.0,4.375,5.0,0.0,0.0,2.5,0.0,3.75,3.75,2.5,2.5,5.0,5.0,5.0,0.0,0.0,3.75,2.5,0.0,1.25,2.5,1.25,1.875,5.0,0.0,0.0
114,7,0.0,0.0,0.0,0.0,2.5,0.0,1.25,0.0,0.0,0.0,3.75,0.0,5.0,0.0,0.0,5.0,0.0,0.0,0.0,3.75,0.0,0.0,0.0,2.5,2.5,0.0,0.0,2.5,0.0,2.5,2.5,5.0,0.0,0.0,0.0,3.75,5.0,2.5,0.0,0.0,2.5,3.75,0.0,5.0,4.375,4.375,0.0,0.0,2.5,0.0,3.75,3.75,2.5,2.5,4.375,5.0,5.0,0.0,0.0,3.75,2.5,0.0,1.25,2.5,1.25,1.25,5.0,0.0,0.0
114,8,0.0,0.0,0.0,0.0,2.5,0.0,1.25,0.0,0.0,0.0,3.75,0.0,3.75,0.0,0.0,3.75,0.0,0.0,0.0,3.125,0.0,0.0,0.0,2.5,2.5,0.0,0.0,2.5,0.0,2.5,2.5,3.75,0.0,0.0,0.0,3.75,5.0,1.875,0.0,0.0,2.5,3.75,0.0,3.75,3.75,3.75,0.0,0.0,2.5,0.0,3.75,3.75,2.5,2.5,4.375,3.75,4.375,0.0,0.0,3.75,2.5,0.0,1.25,2.5,1.25,1.25,3.75,0.0,0.0
115,6,0.0,0.0,0.0,0.0,1.25,0.0,0.0,0.0,0.0,0.0,3.75,0.0,4.375,0.0,0.0,3.75,1.25,0.0,0.0,3.125,0.0,0.0,0.0,2.5,2.5,0.0,1.25,3.125,0.0,3.75,1.25,3.75,0.0,0.0,0.0,5.0,5.0,1.25,0.0,0.0,2.5,3.75,0.0,5.0,3.75,3.75,0.0,0.0,2.5,0.0,5.0,3.75,3.75,3.75,5.0,5.0,5.0,0.0,0.0,3.75,3.75,0.0,0.0,3.75,2.5,1.25,5.0,0.0,0.0
115,7,0.0,0.0,0.0,0.0,1.25,0.0,0.0,0.0,0.0,0.0,3.75,0.0,4.375,0.0,0.0,3.75,1.25,0.0,0.0,3.125,0.0,0.0,0.0,2.5,2.5,0.0,1.25,3.125,0.0,3.75,1.25,3.75,0.0,0.0,0.0,5.0,5.0,1.25,0.0,0.0,2.5,3.75,0.0,5.0,3.75,3.75,0.0,0.0,2.5,0.0,4.375,3.75,3.75,3.75,5.0,5.0,5.0,0.0,0.0,3.75,3.75,0.0,0.625,3.75,2.5,0.0,5.0,0.0,0.0
115,8,0.0,0.0,0.0,0.0,1.25,0.0,0.0,0.0,0.0,0.0,3.75,0.0,3.75,0.0,0.0,3.75,1.25,0.0,0.0,2.5,0.0,0.0,0.0,2.5,2.5,0.0,0.0,2.5,0.0,3.75,1.25,3.75,0.0,0.0,0.0,3.75,5.0,1.25,0.0,0.0,1.25,3.125,0.0,3.75,3.75,3.75,0.0,0.0,2.5,0.0,3.75,3.75,3.125,2.5,5.0,4.375,5.0,0.0,0.0,3.75,2.5,0.0,0.0,2.5,2.5,0.625,3.75,0.0,0.0
116,6,0.0,0.0,0.0,0.0,0.0,0.0,0.0,0.0,0.0,0.0,3.125,0.0,3.75,0.0,0.0,3.75,2.5,0.0,0.0,3.75,0.0,0.0,0.0,2.5,3.125,0.0,2.5,3.75,0.0,5.0,1.25,3.75,0.0,0.0,0.0,5.0,5.0,0.0,0.0,0.0,1.25,3.75,0.0,5.0,2.5,2.5,0.0,0.0,2.5,0.0,5.0,3.75,3.75,3.75,5.0,5.0,5.0,0.0,0.0,4.375,3.75,0.0,0.0,3.75,2.5,0.0,5.0,0.0,0.0
116,7,0.0,0.0,0.0,0.0,0.0,0.0,0.0,0.0,0.0,0.0,3.125,0.0,3.75,0.0,0.0,3.75,2.5,0.0,0.0,3.75,0.0,0.0,0.0,2.5,3.125,0.0,2.5,3.75,0.0,5.0,0.0,2.5,0.0,0.0,0.0,5.0,5.0,0.0,0.0,0.0,1.25,3.75,0.0,5.0,2.5,2.5,0.0,0.0,2.5,0.0,5.0,3.75,3.75,3.75,5.0,5.0,5.0,0.0,0.0,4.375,3.75,0.0,0.0,3.75,2.5,0.0,3.75,0.0,0.0
116,8,0.0,0.0,0.0,0.0,0.0,0.0,0.0,0.0,0.0,0.0,2.5,0.0,3.125,0.0,0.0,3.75,3.125,0.0,0.0,2.5,0.0,0.0,0.0,2.5,2.5,0.0,1.25,3.125,0.0,4.375,0.0,2.5,0.0,0.0,0.0,5.0,5.0,0.0,0.0,0.0,1.25,3.75,0.0,3.75,2.5,2.5,0.0,0.0,2.5,0.0,4.375,3.75,3.75,3.75,5.0,3.75,5.0,0.0,0.0,4.375,3.75,0.0,0.0,3.75,2.5,0.0,3.75,0.0,0.0
117,6,0.0,0.0,0.0,0.0,0.0,0.0,0.0,0.0,0.0,0.0,2.5,0.0,3.75,0.0,0.0,3.75,5.0,0.0,1.25,3.75,0.0,0.0,0.0,2.5,3.75,0.0,2.5,3.75,0.0,5.0,0.0,2.5,0.0,0.0,0.0,5.0,3.75,0.0,0.0,0.0,1.875,3.75,0.0,3.75,1.25,2.5,0.0,0.0,2.5,0.0,5.0,2.5,5.0,3.75,5.0,5.0,5.0,0.0,0.0,4.375,4.375,0.0,0.625,3.75,3.75,0.0,3.75,0.0,0.0
117,7,0.0,0.0,0.0,0.0,0.0,0.0,0.0,0.0,0.0,0.0,2.5,0.0,3.75,0.0,0.0,3.75,3.75,0.0,1.25,3.75,0.0,0.0,0.625,2.5,3.75,0.0,2.5,3.75,0.0,5.0,0.0,2.5,0.0,0.0,0.0,5.0,3.75,0.0,0.0,0.0,1.25,3.75,0.0,2.5,1.25,2.5,0.0,0.0,2.5,0.0,5.0,2.5,4.375,3.75,5.0,3.75,5.0,0.0,0.0,4.375,4.375,0.0,0.0,3.75,3.75,0.0,2.5,0.0,0.0
117,8,0.0,0.0,0.0,0.0,0.0,0.0,0.0,0.0,0.0,0.0,2.5,0.0,3.125,0.0,0.0,3.75,3.75,0.0,1.25,3.75,0.0,0.0,0.0,2.5,3.125,0.0,2.5,3.75,0.0,5.0,0.0,1.25,0.0,0.0,0.0,5.0,3.75,0.0,0.0,0.0,1.25,3.75,0.0,2.5,1.25,2.5,0.0,0.0,2.5,0.0,4.375,2.5,3.75,3.75,5.0,3.75,5.0,0.0,0.0,3.75,3.75,0.0,0.0,3.75,3.125,0.0,2.5,0.0,0.0
118,6,0.0,0.0,0.0,0.0,0.0,0.0,0.0,0.0,0.0,0.0,1.25,0.0,3.75,0.0,0.0,3.75,5.0,0.0,1.875,3.75,0.0,0.0,1.25,2.5,4.375,0.0,3.75,3.75,0.0,5.0,0.0,1.25,0.0,0.0,0.0,5.0,2.5,0.0,0.0,0.0,2.5,5.0,0.0,2.5,0.0,2.5,0.0,0.0,3.125,0.0,4.375,2.5,5.0,2.5,5.0,3.75,5.0,0.0,0.0,3.75,5.0,0.0,1.25,3.75,3.125,0.0,1.25,0.0,0.0
118,7,0.0,0.0,0.0,0.0,0.0,0.0,0.0,0.0,0.0,0.0,1.25,0.0,3.75,0.0,0.0,3.75,5.0,0.0,1.875,3.75,0.0,0.0,1.25,2.5,4.375,0.0,3.75,3.75,0.0,5.0,0.0,1.25,0.0,0.0,0.0,5.0,2.5,0.0,0.0,0.0,2.5,5.0,0.0,2.5,0.0,2.5,0.0,0.0,3.125,0.0,4.375,2.5,5.0,2.5,5.0,2.5,5.0,0.0,0.0,3.75,5.0,0.0,1.25,3.75,3.125,0.0,1.25,0.0,0.0
118,8,0.0,0.0,0.0,0.0,0.0,0.0,0.0,0.0,0.0,0.0,1.25,0.0,3.125,0.0,0.0,3.75,5.0,0.0,1.25,3.75,0.0,0.0,1.25,2.5,3.75,0.0,3.125,3.75,0.0,5.0,0.0,1.25,0.0,0.0,0.0,5.0,2.5,0.0,0.0,0.0,2.5,4.375,0.0,2.5,0.0,2.5,0.0,0.0,2.5,0.0,3.75,2.5,5.0,2.5,5.0,2.5,5.0,0.0,0.0,3.75,4.375,0.0,1.25,3.75,2.5,0.0,1.25,0.0,0.0
119,6,0.0,0.0,0.0,0.0,0.0,0.0,0.0,0.0,0.0,0.0,0.0,0.0,2.5,0.0,0.0,3.75,5.0,0.0,2.5,3.75,0.0,1.25,3.75,2.5,5.0,0.0,3.75,3.75,0.0,5.0,1.25,0.0,0.0,0.0,0.0,5.0,2.5,0.0,0.0,0.0,2.5,5.0,0.0,1.25,0.0,2.5,0.0,0.0,3.75,0.0,3.75,2.5,5.0,1.25,5.0,1.25,5.0,0.0,0.0,3.75,4.375,0.0,2.5,3.75,2.5,1.25,0.0,0.0,0.0
119,7,0.0,0.0,0.0,0.0,0.0,0.0,0.0,0.0,0.0,0.0,0.0,0.0,2.5,0.0,0.0,3.75,5.0,0.0,2.5,3.75,0.0,0.0,2.5,2.5,5.0,0.0,3.75,3.75,0.0,5.0,0.0,0.0,0.0,0.0,0.0,5.0,2.5,0.0,0.0,0.0,2.5,5.0,0.0,1.25,0.0,2.5,0.0,0.0,3.75,0.0,3.75,2.5,5.0,1.25,5.0,1.25,5.0,0.0,0.0,3.75,4.375,0.0,2.5,3.75,2.5,1.25,0.625,0.0,0.0
119,8,0.0,0.0,0.0,0.0,0.0,0.0,0.0,0.0,0.0,0.0,0.0,0.0,2.5,0.0,0.0,3.75,5.0,0.0,2.5,3.75,0.0,0.0,2.5,2.5,3.75,0.0,3.125,3.75,0.0,5.0,0.0,0.0,0.0,0.0,0.0,5.0,2.5,0.0,0.0,0.0,2.5,5.0,0.0,1.25,0.0,2.5,0.0,0.0,3.75,0.0,3.75,2.5,5.0,1.25,5.0,1.25,5.0,0.0,0.0,3.75,3.75,0.0,2.5,3.75,2.5,1.25,0.625,0.0,0.0
120,6,0.0,0.0,0.0,0.0,0.0,0.0,0.0,0.0,0.0,0.0,0.0,0.0,2.5,0.0,0.0,2.5,5.0,0.0,2.5,3.75,0.0,1.25,5.0,3.75,5.0,0.0,2.5,3.75,0.0,3.75,1.25,0.0,0.0,0.0,0.0,5.0,2.5,0.0,0.0,0.0,2.5,5.0,0.0,0.0,0.0,2.5,0.0,0.0,4.375,0.0,3.75,2.5,5.0,1.25,5.0,0.0,5.0,0.0,0.0,3.125,3.75,0.0,3.75,3.75,1.25,2.5,0.0,0.0,0.0
120,7,0.0,0.0,0.0,0.0,0.0,0.0,0.0,0.0,0.0,0.0,0.0,0.0,2.5,0.0,0.0,2.5,5.0,0.0,2.5,3.75,0.0,1.25,5.0,3.75,5.0,0.0,2.5,3.75,0.0,3.75,1.25,0.0,0.0,0.0,0.0,4.375,2.5,0.0,0.0,0.0,2.5,5.0,0.0,0.0,0.0,2.5,0.0,0.0,3.75,0.0,3.75,2.5,5.0,0.625,5.0,0.0,5.0,0.0,0.0,3.125,3.75,0.0,3.75,3.75,1.25,2.5,0.0,0.0,0.0
120,8,0.0,0.0,0.0,0.0,0.0,0.0,0.0,0.0,0.0,0.0,0.0,0.0,2.5,0.0,0.0,2.5,5.0,0.0,2.5,3.75,0.0,1.25,3.75,2.5,4.375,0.0,2.5,3.75,0.0,3.75,1.25,0.0,0.0,0.0,0.0,3.75,2.5,0.0,0.0,0.0,2.5,5.0,0.0,0.0,0.0,2.5,0.0,0.0,3.75,0.0,3.75,1.25,5.0,0.625,5.0,0.0,4.375,0.0,0.0,2.5,3.75,0.0,3.75,3.75,1.25,2.5,0.0,0.0,0.0
121,6,0.0,0.0,0.0,0.0,0.0,0.0,0.0,0.0,0.0,0.0,0.0,0.0,1.25,0.0,0.0,2.5,5.0,0.0,2.5,3.75,0.0,2.5,5.0,3.75,4.375,0.0,2.5,3.75,0.0,2.5,2.5,0.0,0.0,0.0,0.0,3.75,2.5,0.0,0.0,0.0,3.125,5.0,0.0,0.0,0.0,2.5,0.0,0.0,5.0,0.0,3.75,2.5,4.375,0.0,5.0,0.0,3.75,0.0,0.0,2.5,2.5,0.0,3.75,3.75,1.25,3.75,0.0,0.0,0.0
121,7,0.0,0.0,0.0,0.0,0.0,0.0,0.0,0.0,0.0,0.0,0.0,0.0,1.25,0.0,0.0,2.5,5.0,0.0,2.5,3.75,0.0,2.5,5.0,3.75,4.375,0.0,2.5,3.75,0.0,2.5,2.5,0.0,0.0,0.0,0.0,3.75,2.5,0.0,0.0,0.0,2.5,5.0,0.0,0.0,0.0,2.5,0.0,0.0,5.0,0.0,3.75,2.5,4.375,0.0,5.0,0.0,3.75,0.0,0.0,2.5,2.5,0.0,3.75,3.75,1.25,3.75,0.0,0.0,0.0
121,8,0.0,0.0,0.0,0.0,0.0,0.0,0.0,0.0,0.0,0.0,0.0,0.0,1.25,0.0,0.0,1.25,3.75,0.0,2.5,2.5,0.0,2.5,5.0,3.75,3.75,0.0,1.25,3.75,0.0,2.5,2.5,0.0,0.0,0.0,0.0,3.75,2.5,0.0,0.0,0.0,2.5,5.0,0.0,0.0,0.0,2.5,0.0,0.0,5.0,0.0,3.75,2.5,3.75,0.0,5.0,0.0,3.75,0.0,0.0,2.5,2.5,0.0,3.75,3.75,1.25,2.5,0.0,0.0,0.0
122,6,0.0,0.0,0.0,0.0,0.0,0.0,0.0,0.0,0.0,0.0,0.0,0.0,1.25,0.0,0.0,1.25,3.75,0.0,2.5,3.125,0.0,3.75,5.0,4.375,3.75,0.0,1.25,3.75,0.0,2.5,3.75,0.0,0.0,0.0,0.0,3.75,3.125,1.25,0.0,0.0,2.5,5.0,0.0,0.0,0.0,2.5,0.0,0.0,5.0,0.0,3.75,2.5,3.75,0.0,5.0,0.0,3.75,0.0,0.0,2.5,1.25,0.0,4.375,3.75,1.25,4.375,0.0,0.0,0.0
122,7,0.0,0.0,0.0,0.0,0.0,0.0,0.0,0.0,0.0,0.0,0.0,0.0,1.25,0.0,0.0,1.25,3.125,0.0,2.5,3.125,0.0,3.75,5.0,4.375,3.75,0.0,1.25,3.75,0.0,2.5,3.75,0.0,0.0,0.0,0.0,2.5,3.125,0.0,0.0,0.0,2.5,5.0,0.0,0.0,0.0,2.5,0.0,0.0,5.0,0.0,3.75,2.5,3.75,0.0,5.0,0.0,3.75,0.0,0.0,2.5,1.25,0.0,3.75,3.75,0.0,4.375,0.0,0.0,0.0
122,8,0.0,0.0,0.0,0.0,0.0,0.0,0.0,0.0,0.0,0.0,0.0,0.0,1.25,0.0,0.0,1.25,3.75,0.0,1.875,2.5,0.0,2.5,5.0,3.75,3.75,0.0,1.25,3.75,0.0,2.5,3.125,0.0,0.0,0.0,0.0,2.5,2.5,0.0,0.0,0.0,2.5,4.375,0.0,0.0,0.0,2.5,0.0,0.0,5.0,0.0,3.75,2.5,3.75,0.0,4.375,0.0,3.75,0.0,0.0,2.5,1.25,0.0,3.75,3.125,0.625,3.75,0.0,0.0,0.0
123,6,0.0,0.0,0.0,0.0,0.0,0.0,0.0,0.0,0.0,0.0,1.25,0.0,1.25,0.0,0.0,0.0,1.25,0.0,1.25,2.5,0.0,3.75,5.0,5.0,3.75,0.0,0.625,3.75,0.0,1.25,3.75,0.0,0.0,0.0,0.0,3.125,2.5,1.25,0.0,0.0,1.25,3.75,0.0,1.25,0.0,3.75,0.0,0.0,5.0,0.0,3.75,2.5,3.75,0.0,5.0,0.0,3.75,0.0,0.0,2.5,1.25,0.0,4.375,2.5,1.25,5.0,0.0,0.0,0.0
123,7,0.0,0.0,0.0,0.0,0.0,0.0,0.0,0.0,0.0,0.0,1.25,0.0,1.25,0.0,0.0,0.0,1.25,0.0,1.25,2.5,0.0,3.75,5.0,5.0,3.75,0.0,0.625,3.75,0.0,1.25,3.75,0.0,0.0,0.0,0.0,2.5,2.5,1.25,0.0,0.0,1.25,3.75,0.0,1.25,0.0,3.75,0.0,0.0,5.0,0.0,3.75,2.5,3.75,0.0,5.0,0.0,3.75,0.0,0.0,2.5,0.0,0.0,4.375,2.5,0.625,5.0,0.0,0.0,0.0
123,8,0.0,0.0,0.0,0.0,0.0,0.0,0.0,0.0,0.0,0.0,0.0,0.0,1.25,0.0,0.0,0.0,1.25,0.0,1.25,2.5,0.0,3.75,5.0,3.75,3.75,0.0,0.0,3.75,0.0,1.25,3.75,0.0,0.0,0.0,0.0,2.5,2.5,1.25,0.0,0.0,1.25,3.75,0.0,1.25,0.0,3.75,0.0,0.0,5.0,0.0,3.75,2.5,3.75,0.0,3.75,0.0,3.75,0.0,0.0,2.5,0.0,0.0,3.75,2.5,0.0,3.75,0.0,0.0,0.0
124,6,0.0,0.0,0.0,0.0,0.0,0.0,0.0,0.0,1.25,0.0,2.5,0.0,1.25,0.0,0.0,0.0,0.0,0.0,1.25,2.5,0.0,3.75,5.0,3.75,3.75,0.0,0.0,3.75,0.0,1.25,3.75,0.0,0.0,0.0,0.0,3.125,2.5,2.5,0.0,0.0,1.25,3.75,0.0,1.25,0.0,3.75,0.0,0.0,5.0,0.0,3.75,3.125,3.75,0.0,5.0,0.0,3.75,0.0,0.0,3.125,0.0,0.0,3.75,2.5,1.25,3.75,0.0,0.0,0.0
124,7,0.0,0.0,0.0,0.0,0.0,0.0,0.0,0.0,1.25,0.0,1.25,0.0,1.25,0.0,0.0,0.0,0.0,0.0,1.25,2.5,0.0,3.75,5.0,3.75,3.75,0.0,0.0,3.75,0.0,1.25,3.75,0.0,0.0,0.0,0.0,3.125,2.5,2.5,0.0,0.0,1.25,3.125,0.0,1.25,0.0,3.75,0.0,0.0,5.0,0.0,3.75,3.125,3.75,0.0,5.0,0.0,3.75,0.0,0.0,3.125,0.0,0.0,3.75,2.5,1.25,3.75,0.0,0.0,0.0
124,8,0.0,0.0,0.0,0.0,0.0,0.0,0.0,0.0,1.25,0.0,1.25,0.0,1.25,0.0,0.0,0.0,0.625,0.0,1.25,2.5,0.0,3.75,5.0,3.75,3.75,0.0,0.0,3.75,0.0,1.25,3.125,0.0,0.0,0.0,0.0,2.5,2.5,2.5,0.0,0.0,1.25,2.5,0.0,1.25,0.0,3.75,0.0,0.0,5.0,0.0,3.75,2.5,3.75,0.0,5.0,0.0,3.75,0.0,0.0,2.5,0.0,0.0,3.75,2.5,1.25,3.75,0.0,0.0,0.0
125,6,0.0,0.0,0.0,0.0,0.0,0.0,1.25,0.0,2.5,0.0,2.5,0.0,2.5,0.0,0.0,0.0,0.0,0.0,0.0,2.5,0.0,3.75,3.75,3.75,3.75,0.0,1.25,4.375,0.0,2.5,2.5,0.0,0.0,0.0,0.0,3.125,1.25,3.75,0.0,0.0,1.25,2.5,0.0,2.5,0.0,4.375,0.0,0.0,5.0,0.0,4.375,3.75,3.75,0.0,5.0,0.0,3.75,0.0,0.0,3.75,0.0,0.0,3.75,1.25,2.5,3.125,0.0,0.0,0.0
125,7,0.0,0.0,0.0,0.0,0.0,0.0,1.25,0.0,2.5,0.0,2.5,0.0,2.5,0.0,0.0,0.0,0.0,0.0,0.0,2.5,0.0,3.75,3.75,3.75,3.75,0.0,1.25,3.75,0.0,2.5,2.5,0.0,0.0,0.0,0.0,3.125,1.25,3.75,0.0,0.0,1.25,2.5,0.0,2.5,0.0,3.75,0.0,0.0,5.0,0.0,4.375,3.75,3.75,0.0,5.0,0.0,3.75,0.0,0.0,3.75,0.0,0.0,3.75,1.25,2.5,2.5,0.0,0.0,0.0
125,8,0.0,0.0,0.0,0.0,0.0,0.0,1.25,0.0,2.5,0.0,2.5,0.0,2.5,0.0,0.0,0.0,0.0,0.0,0.0,2.5,0.0,2.5,3.75,3.75,3.75,0.0,0.0,3.75,0.0,2.5,2.5,0.0,0.0,0.0,0.0,2.5,1.25,3.125,0.0,0.0,0.625,2.5,0.0,2.5,0.0,3.75,0.0,0.0,5.0,0.0,3.75,3.75,3.75,0.0,5.0,0.0,3.75,0.0,0.0,3.75,0.0,0.0,3.75,1.25,2.5,2.5,0.0,0.0,0.0
126,6,0.0,0.0,0.0,0.0,0.0,0.0,2.5,0.0,5.0,0.0,3.75,0.0,4.375,0.0,0.0,1.25,0.0,0.0,1.25,2.5,0.0,2.5,2.5,3.125,3.75,0.0,1.25,4.375,0.0,2.5,1.875,1.25,0.0,0.0,0.0,3.75,1.25,5.0,0.0,0.0,0.0,2.5,0.0,2.5,0.0,5.0,0.0,0.0,5.0,0.0,4.375,3.75,3.75,1.25,5.0,0.0,5.0,0.0,0.0,3.75,1.25,0.0,2.5,1.25,3.75,2.5,0.0,0.0,0.0
126,7,0.0,0.0,0.0,0.0,0.0,0.0,2.5,0.0,3.75,0.0,3.75,0.0,3.75,0.0,0.0,1.25,0.0,0.0,1.25,2.5,0.0,2.5,2.5,3.125,3.75,0.0,1.25,4.375,0.0,2.5,1.875,1.25,0.0,0.0,0.0,3.75,1.25,4.375,0.0,0.0,0.0,2.5,0.0,2.5,0.0,5.0,0.0,0.0,5.0,0.0,4.375,3.75,3.125,0.625,5.0,0.0,5.0,0.0,0.0,3.75,1.25,0.0,2.5,1.25,3.75,1.25,0.0,0.0,0.0
126,8,0.0,0.0,0.0,0.0,0.0,0.0,2.5,0.0,3.75,0.0,2.5,0.0,3.75,0.0,0.0,1.25,0.0,0.0,1.25,2.5,0.0,2.5,2.5,2.5,3.75,0.0,1.25,3.75,0.0,2.5,1.25,1.25,0.0,0.0,0.0,3.125,0.625,3.75,0.0,0.0,0.0,1.875,0.0,2.5,0.0,4.375,0.0,0.0,5.0,0.0,3.75,3.75,2.5,0.625,5.0,0.0,4.375,0.0,0.0,3.75,1.25,0.0,2.5,1.25,2.5,1.25,0.0,0.0,0.0
127,6,0.0,0.0,0.0,0.0,0.0,0.0,4.375,0.0,5.0,0.0,5.0,0.0,5.0,0.0,0.0,2.5,0.0,0.0,1.25,2.5,0.0,1.25,1.25,2.5,3.75,0.0,2.5,5.0,0.0,2.5,1.25,2.5,0.0,0.0,0.0,3.75,1.25,5.0,0.0,0.0,0.0,2.5,0.0,2.5,0.0,5.0,0.0,0.0,5.0,0.0,3.75,5.0,2.5,1.875,5.0,0.0,5.0,0.0,0.0,3.75,2.5,0.0,2.5,1.25,3.75,1.25,0.0,1.25,0.0
127,7,0.0,0.0,0.0,0.0,0.0,0.0,3.75,0.0,3.75,0.0,5.0,0.0,5.0,0.0,0.0,2.5,0.0,0.0,1.25,2.5,0.0,1.25,1.25,2.5,3.75,0.0,2.5,5.0,0.0,2.5,1.25,1.25,0.0,0.0,0.0,3.75,0.625,5.0,0.0,0.0,0.0,2.5,0.0,2.5,0.0,5.0,0.0,0.0,5.0,0.0,3.75,5.0,2.5,1.25,5.0,0.0,5.0,0.0,0.0,3.75,2.5,0.0,2.5,1.25,3.75,1.25,0.0,1.25,0.0
127,8,0.0,0.0,0.0,0.0,0.0,0.0,3.75,0.0,3.75,0.0,3.75,0.0,5.0,0.0,0.0,2.5,0.0,0.0,1.25,2.5,0.0,1.25,1.25,2.5,3.75,0.0,2.5,5.0,0.0,2.5,1.25,1.25,0.0,0.0,0.0,3.75,0.0,3.75,0.0,0.0,0.0,1.25,0.0,2.5,0.0,5.0,0.0,0.0,3.75,0.0,3.75,4.375,2.5,1.25,5.0,0.0,5.0,0.0,0.0,3.75,2.5,0.0,2.5,1.25,3.75,1.25,0.0,1.25,0.0
128,6,0.0,0.0,0.0,0.0,0.0,0.0,5.0,0.0,5.0,0.0,3.75,0.0,5.0,1.25,0.0,3.75,0.0,0.0,1.25,2.5,0.0,0.0,0.0,2.5,3.75,0.0,3.75,5.0,0.0,2.5,0.625,3.75,0.0,0.0,0.0,4.375,1.25,3.75,0.0,0.0,1.25,3.125,0.0,2.5,0.0,5.0,0.0,0.0,3.75,0.0,3.75,5.0,2.5,2.5,5.0,0.0,5.0,0.0,0.0,3.75,3.75,0.0,1.25,1.25,3.75,0.0,0.0,3.75,0.0
128,7,0.0,0.0,0.0,0.0,0.0,0.0,5.0,0.0,5.0,0.0,3.75,0.0,5.0,1.25,0.0,3.75,0.0,0.0,1.25,2.5,0.0,0.0,0.0,2.5,3.75,0.0,3.75,5.0,0.0,2.5,0.0,2.5,0.0,0.0,0.0,3.75,1.25,3.75,0.0,0.0,1.25,3.125,0.0,2.5,0.0,5.0,0.0,0.0,3.75,0.0,3.75,5.0,2.5,2.5,5.0,0.0,5.0,0.0,0.0,3.75,3.75,0.0,1.25,1.25,3.75,0.0,0.0,3.75,0.0
128,8,0.0,0.0,0.0,0.0,0.0,0.0,3.75,0.0,3.75,0.0,3.75,0.0,5.0,1.25,0.0,3.125,0.0,0.0,1.25,2.5,0.0,0.0,0.0,2.5,3.75,0.0,3.75,5.0,0.0,2.5,0.0,2.5,0.0,0.0,0.0,3.75,0.0,3.75,0.0,0.0,1.25,2.5,0.0,2.5,0.0,5.0,0.0,0.0,3.75,0.0,3.75,5.0,2.5,2.5,5.0,0.0,4.375,0.0,0.0,3.75,3.75,0.0,1.25,1.25,3.75,0.0,0.0,2.5,0.0
129,6,0.0,0.0,0.0,0.0,0.0,0.0,5.0,0.0,5.0,0.0,3.75,0.0,5.0,2.5,0.0,5.0,0.0,0.0,2.5,3.75,0.0,0.0,0.0,2.5,3.75,0.0,5.0,5.0,0.0,2.5,0.0,4.375,0.0,0.0,0.0,5.0,1.25,3.75,0.0,0.0,2.5,5.0,0.0,1.25,1.25,5.0,0.0,0.0,2.5,0.0,3.75,5.0,1.25,3.75,5.0,0.0,3.75,0.0,0.0,2.5,3.75,0.0,1.25,2.5,3.75,0.0,0.0,5.0,0.0
129,7,0.0,0.0,0.0,0.0,0.0,0.0,5.0,0.0,3.75,0.0,2.5,0.0,5.0,2.5,0.0,5.0,0.0,0.0,2.5,3.75,0.0,0.0,0.0,2.5,3.75,0.0,5.0,5.0,0.0,2.5,0.0,3.75,0.0,0.0,0.0,5.0,1.25,3.75,0.0,0.0,2.5,4.375,0.0,1.25,1.25,5.0,0.0,0.0,2.5,0.0,3.75,5.0,1.25,3.75,5.0,0.0,3.75,0.0,0.0,2.5,3.75,0.0,1.25,2.5,3.75,0.0,0.0,5.0,0.0
129,8,0.0,0.0,0.0,0.0,0.0,0.0,3.75,0.0,3.75,0.0,2.5,0.0,5.0,1.25,0.0,3.75,0.0,0.0,2.5,3.125,0.0,0.0,0.0,2.5,3.75,0.0,5.0,5.0,0.0,2.5,0.0,3.75,0.0,0.0,0.0,4.375,1.25,2.5,0.0,0.0,2.5,4.375,0.0,1.25,1.25,5.0,0.0,0.0,2.5,0.0,3.75,5.0,1.25,3.75,5.0,0.0,3.75,0.0,0.0,2.5,3.75,0.0,1.25,2.5,2.5,0.0,0.0,3.75,0.0
130,6,0.0,0.0,0.0,0.0,0.0,0.0,4.375,0.0,5.0,0.0,2.5,0.0,5.0,3.75,0.0,5.0,0.0,0.0,3.125,5.0,0.0,0.0,0.0,3.75,3.75,0.0,5.0,5.0,0.0,1.875,1.25,5.0,0.0,0.0,0.0,5.0,2.5,2.5,0.0,0.0,3.125,5.0,0.0,1.25,2.5,5.0,0.0,0.0,2.5,0.0,3.75,5.0,1.25,3.75,5.0,0.0,3.75,0.0,0.0,2.5,5.0,0.0,2.5,2.5,2.5,0.0,0.0,5.0,0.0
130,7,0.0,0.0,0.0,0.0,0.0,0.0,3.75,0.0,3.75,0.0,2.5,0.0,5.0,3.75,0.0,5.0,0.0,0.0,2.5,4.375,0.0,0.0,0.0,3.125,3.75,0.0,5.0,5.0,0.0,1.875,1.25,5.0,0.0,0.0,0.0,5.0,2.5,1.25,0.0,0.0,3.125,5.0,0.0,1.25,2.5,5.0,0.0,0.0,1.875,0.0,3.75,5.0,1.25,3.75,5.0,0.0,3.75,0.0,0.0,2.5,4.375,0.0,1.875,2.5,2.5,0.0,0.0,5.0,0.0
130,8,0.0,0.0,0.0,0.0,0.0,0.0,3.75,0.0,3.75,0.0,1.25,0.0,5.0,2.5,0.0,4.375,0.0,0.0,2.5,3.75,0.0,0.0,0.0,3.125,3.75,0.0,5.0,5.0,0.0,1.25,0.0,3.75,0.0,0.0,0.0,5.0,1.25,1.25,0.0,0.0,2.5,5.0,0.0,1.25,1.25,5.0,0.0,0.0,1.875,0.0,3.75,3.75,1.25,3.75,5.0,0.0,3.75,0.0,0.0,1.25,3.75,0.0,1.25,2.5,2.5,0.0,0.0,5.0,0.0
131,6,0.0,0.0,0.0,0.0,0.0,0.0,3.75,0.0,2.5,0.0,1.25,0.0,5.0,3.75,0.0,5.0,0.0,0.0,3.75,5.0,0.0,0.0,0.0,3.75,3.75,0.0,5.0,5.0,0.0,1.25,1.25,5.0,0.0,0.0,0.0,5.0,2.5,0.625,0.0,0.0,3.75,5.0,0.0,0.0,3.75,5.0,0.0,0.0,1.875,0.0,3.75,3.75,1.25,3.75,5.0,0.0,3.75,1.25,0.0,1.25,4.375,0.0,2.5,2.5,1.25,0.0,0.0,5.0,0.0
131,7,0.0,0.0,0.0,0.0,0.0,0.0,2.5,0.0,2.5,0.0,0.0,0.0,5.0,3.75,0.0,5.0,0.0,0.0,3.75,5.0,0.0,0.0,0.0,3.75,3.75,0.0,5.0,5.0,0.0,1.25,1.25,5.0,0.0,0.0,0.0,4.375,2.5,1.25,0.0,0.0,3.75,5.0,0.0,0.0,3.75,5.0,0.0,0.0,1.875,0.0,3.75,3.75,1.25,3.75,5.0,0.0,3.75,1.25,0.0,1.25,4.375,0.0,2.5,2.5,1.25,0.0,0.0,5.0,0.0
131,8,0.0,0.0,0.0,0.0,0.0,0.0,2.5,0.0,2.5,0.0,0.0,0.0,5.0,2.5,0.0,3.75,0.0,0.0,3.75,5.0,0.0,0.0,0.0,3.75,3.75,0.0,5.0,5.0,0.0,1.25,1.25,3.75,0.0,0.0,0.0,3.75,2.5,1.25,0.0,0.0,3.75,5.0,0.0,0.0,2.5,4.375,0.0,0.0,1.25,0.0,3.75,3.75,1.25,3.75,5.0,0.0,3.75,1.25,0.0,1.25,3.75,0.0,2.5,2.5,1.25,0.0,0.0,5.0,0.0
132,6,0.0,0.0,1.25,0.0,0.0,0.0,1.25,0.0,1.25,0.0,0.0,0.0,5.0,3.75,0.0,4.375,0.0,0.0,3.75,5.0,0.0,0.0,0.0,3.75,3.75,0.0,5.0,5.0,0.0,1.25,2.5,3.75,0.0,0.0,0.0,3.75,3.75,0.0,0.0,0.0,3.75,5.0,0.0,0.0,3.75,5.0,0.0,0.0,2.5,0.0,3.75,3.125,1.25,3.75,5.0,0.0,3.75,2.5,0.0,1.25,3.75,0.0,2.5,2.5,0.625,0.0,0.0,5.0,0.0
132,7,0.0,0.0,1.25,0.0,0.0,0.0,1.25,0.0,1.25,0.0,0.0,0.0,5.0,3.75,0.0,4.375,0.0,0.0,3.75,5.0,0.0,0.0,0.0,3.75,3.75,0.0,5.0,5.0,0.0,1.25,2.5,3.75,0.0,0.0,0.0,3.75,3.125,0.0,0.0,0.0,3.75,5.0,0.0,0.0,3.75,5.0,0.0,0.0,1.875,0.0,3.75,3.125,1.25,3.75,5.0,0.0,3.75,2.5,0.0,1.25,3.75,0.0,2.5,2.5,0.0,0.0,0.0,5.0,0.0
132,8,0.0,0.0,1.25,0.0,0.0,0.0,1.25,0.0,1.25,0.0,0.0,0.0,5.0,2.5,0.0,3.75,0.0,0.0,3.75,5.0,0.0,0.0,0.0,3.75,3.125,0.0,5.0,5.0,0.0,1.25,2.5,3.75,0.0,0.0,0.0,3.75,2.5,0.0,0.0,0.0,3.75,5.0,0.0,0.0,3.75,5.0,0.0,0.0,1.875,0.0,3.75,2.5,0.625,3.75,5.0,0.0,2.5,2.5,0.0,1.25,3.75,0.0,2.5,2.5,0.0,0.0,0.0,5.0,0.0
133,6,0.0,0.0,2.5,0.0,1.25,0.0,0.0,0.0,0.0,0.0,0.0,0.0,4.375,2.5,0.0,3.75,0.0,0.0,3.75,5.0,0.0,0.0,0.0,3.75,3.75,0.0,5.0,3.75,0.0,1.875,2.5,3.75,0.0,0.0,0.0,3.75,3.125,0.0,0.0,0.0,3.75,5.0,0.0,0.0,4.375,5.0,0.0,0.0,2.5,0.0,3.75,2.5,1.25,2.5,5.0,0.0,3.125,3.75,0.0,2.5,2.5,0.0,2.5,2.5,0.0,0.0,0.0,5.0,0.0
133,7,0.0,0.0,2.5,0.0,0.625,0.0,0.0,0.0,0.0,0.0,0.0,0.0,5.0,2.5,0.0,3.125,0.0,0.0,3.75,5.0,0.0,0.0,0.0,3.75,3.75,0.0,5.0,3.75,0.0,1.25,2.5,2.5,0.0,0.0,0.0,3.125,2.5,0.0,0.0,0.0,3.75,5.0,0.0,0.0,3.75,5.0,0.0,0.0,2.5,0.0,3.75,2.5,1.25,2.5,5.0,0.0,3.125,3.75,0.0,2.5,2.5,0.0,2.5,2.5,0.0,0.0,0.0,5.0,0.0
133,8,0.0,0.0,2.5,0.0,1.25,0.0,0.0,0.0,0.0,0.0,0.0,0.0,3.75,2.5,0.0,2.5,0.0,0.0,3.75,5.0,0.0,0.0,0.0,3.75,3.75,0.0,5.0,3.75,0.0,1.25,2.5,2.5,0.0,0.0,0.0,3.125,2.5,0.0,0.0,0.0,3.75,5.0,0.0,0.0,3.75,5.0,0.0,0.0,2.5,0.0,3.75,2.5,1.25,2.5,5.0,0.0,2.5,3.75,0.0,1.875,2.5,0.0,2.5,2.5,0.0,0.0,0.0,5.0,0.0
134,6,0.0,0.0,3.75,0.0,1.875,0.0,0.0,0.0,0.0,0.0,0.0,0.0,3.75,2.5,0.0,2.5,0.0,0.0,5.0,5.0,0.0,1.25,0.0,5.0,5.0,0.0,4.375,3.75,0.0,2.5,3.125,2.5,0.0,0.0,0.0,2.5,2.5,0.0,0.0,0.0,2.5,5.0,0.0,0.0,3.75,5.0,0.0,1.25,3.125,0.0,3.75,1.25,2.5,2.5,5.0,0.0,3.125,5.0,0.0,2.5,2.5,0.0,2.5,1.25,0.0,0.0,0.625,5.0,0.0
134,7,0.0,0.0,3.75,0.0,2.5,0.0,0.0,0.0,0.0,0.0,0.0,0.0,2.5,1.25,0.0,2.5,0.0,0.0,5.0,5.0,0.0,1.25,0.0,5.0,5.0,0.0,3.75,3.75,0.0,2.5,2.5,1.25,0.0,0.0,0.0,2.5,2.5,0.0,0.0,0.0,2.5,5.0,0.0,0.0,3.75,5.0,0.0,1.25,3.125,0.0,3.75,1.25,2.5,1.875,5.0,0.0,2.5,5.0,0.0,2.5,2.5,0.0,2.5,1.25,0.0,0.0,0.0,5.0,0.0
134,8,0.0,0.0,3.75,0.0,1.875,0.0,0.0,0.0,0.0,0.0,0.0,0.0,3.125,1.25,0.0,2.5,0.0,0.0,5.0,5.0,0.0,1.25,0.0,4.375,4.375,0.0,3.75,3.125,0.0,2.5,2.5,1.25,0.0,0.0,0.0,2.5,2.5,0.0,0.0,0.0,2.5,5.0,0.0,0.0,3.75,5.0,0.0,1.25,3.125,0.0,3.75,1.25,2.5,1.25,4.375,0.0,2.5,5.0,0.0,2.5,2.5,0.0,2.5,1.25,0.0,0.0,0.0,5.0,0.0
135,6,0.0,0.0,5.0,0.0,2.5,0.0,0.0,0.0,0.0,0.0,0.0,0.0,2.5,1.25,0.0,2.5,0.0,0.0,5.0,5.0,0.0,1.875,0.0,5.0,5.0,0.0,3.75,2.5,0.0,2.5,3.75,0.625,0.0,0.0,0.0,1.25,1.25,0.0,0.0,0.0,2.5,4.375,0.0,0.0,3.75,5.0,0.0,2.5,3.75,0.0,3.75,1.25,3.125,1.25,4.375,0.0,3.75,5.0,0.0,2.5,1.25,0.0,1.875,1.25,0.0,0.0,1.25,5.0,0.0
135,7,0.0,0.0,5.0,0.0,3.75,0.0,0.0,0.0,0.0,0.0,0.0,0.0,2.5,1.25,0.0,2.5,0.0,0.0,5.0,5.0,0.0,1.875,0.0,5.0,5.0,0.0,3.75,2.5,0.0,2.5,3.75,1.25,0.0,0.0,0.0,1.25,1.25,0.0,0.0,0.0,2.5,4.375,0.0,0.0,3.75,5.0,0.0,2.5,3.75,0.0,3.75,1.25,3.125,1.25,4.375,0.0,3.125,5.0,0.0,2.5,1.25,0.0,1.875,1.25,0.0,0.0,1.25,5.0,0.0
135,8,0.0,0.0,5.0,0.0,3.75,0.0,0.0,0.0,0.0,0.0,0.0,0.0,2.5,1.25,0.0,2.5,0.0,0.0,5.0,5.0,0.0,1.25,0.0,5.0,5.0,0.0,3.125,2.5,0.0,2.5,3.125,1.25,0.0,0.0,0.0,1.25,1.25,0.0,0.0,0.0,2.5,3.75,0.0,0.0,2.5,5.0,0.0,2.5,3.75,0.0,3.75,1.25,2.5,1.25,3.75,0.0,2.5,5.0,0.0,2.5,1.25,0.0,1.25,0.625,0.0,0.0,1.25,3.75,0.0
136,6,0.0,0.0,5.0,0.0,5.0,0.0,0.0,0.0,0.0,0.0,0.0,0.0,2.5,0.0,0.0,2.5,0.0,0.0,5.0,5.0,0.0,2.5,0.0,5.0,5.0,0.0,3.125,2.5,0.0,3.75,3.75,0.0,0.0,0.0,0.0,1.25,1.25,0.0,0.0,0.0,1.25,3.75,0.0,1.25,2.5,5.0,0.0,3.125,3.75,0.0,2.5,1.25,3.75,0.0,3.75,0.0,3.75,5.0,0.0,3.125,1.25,0.0,1.25,0.0,0.0,0.0,2.5,3.75,0.0
136,7,0.0,0.0,5.0,0.0,3.75,0.0,0.0,0.0,0.0,0.0,0.0,0.0,2.5,0.0,0.0,2.5,0.0,0.0,5.0,5.0,0.0,2.5,0.0,5.0,5.0,0.0,3.125,2.5,0.0,3.125,3.75,0.0,0.0,0.0,0.0,1.25,1.25,0.0,0.0,0.0,1.25,3.75,0.0,0.625,1.25,5.0,0.0,3.75,3.75,0.0,2.5,1.25,3.75,0.0,3.75,0.0,3.75,5.0,0.0,3.125,1.25,0.0,1.25,0.0,0.0,0.0,1.25,3.75,0.0
136,8,0.0,0.0,5.0,0.0,3.75,0.0,0.0,0.0,0.0,0.0,0.0,0.0,2.5,0.0,0.0,2.5,0.0,0.0,5.0,5.0,0.0,2.5,0.0,4.375,5.0,0.0,2.5,2.5,0.0,2.5,3.75,0.0,0.0,0.0,0.0,1.25,0.0,0.0,0.0,0.0,1.25,3.125,0.0,0.625,1.25,5.0,0.0,3.75,3.75,0.0,2.5,1.25,3.125,0.0,3.75,0.0,3.125,5.0,0.0,2.5,1.25,0.0,1.25,0.0,0.0,0.0,1.25,2.5,0.0
137,6,0.0,0.0,5.0,0.0,5.0,0.0,0.0,0.0,0.0,0.0,1.25,0.0,2.5,0.0,0.0,2.5,0.0,0.0,5.0,5.0,0.0,3.75,0.0,5.0,5.0,0.0,3.125,2.5,0.0,3.75,3.75,0.0,1.25,0.0,0.0,1.875,0.0,0.0,0.0,0.0,1.25,2.5,0.0,1.25,1.25,5.0,0.0,5.0,2.5,0.0,2.5,2.5,3.125,0.0,3.75,0.0,3.75,5.0,0.0,2.5,1.25,0.0,1.25,0.0,0.0,0.0,3.75,2.5,0.0
137,7,0.0,0.0,5.0,0.0,5.0,0.0,0.0,0.0,0.0,0.0,1.25,0.0,2.5,0.0,0.0,2.5,0.0,0.0,5.0,4.375,0.0,3.75,0.0,5.0,5.0,0.0,2.5,2.5,0.0,3.75,3.75,0.0,1.25,0.0,0.0,1.875,0.0,0.0,0.0,0.0,1.25,2.5,0.0,1.25,1.25,5.0,0.0,4.375,2.5,0.0,2.5,1.875,2.5,0.0,3.75,0.0,3.75,5.0,0.0,2.5,1.25,0.0,1.25,0.0,0.0,0.0,2.5,2.5,0.0
137,8,0.0,0.0,5.0,0.0,5.0,0.0,0.0,0.0,0.0,0.0,1.25,0.0,2.5,0.0,0.0,2.5,0.0,0.0,5.0,3.75,0.0,3.75,0.0,4.375,5.0,0.0,2.5,2.5,0.0,3.75,3.75,0.0,1.25,0.0,0.0,1.25,0.0,0.0,0.0,0.0,1.25,2.5,0.0,1.25,0.0,5.0,0.0,4.375,2.5,0.0,2.5,1.25,2.5,0.0,3.75,0.0,3.75,5.0,0.0,2.5,1.25,0.0,0.0,0.0,0.0,0.0,2.5,2.5,0.0
138,6,0.0,0.0,5.0,0.0,5.0,0.0,0.0,0.0,0.0,0.0,2.5,0.0,2.5,0.0,0.0,2.5,0.0,0.0,4.375,3.75,0.0,3.75,0.0,5.0,5.0,0.0,3.75,2.5,0.0,4.375,5.0,0.0,2.5,0.0,0.0,2.5,0.0,0.0,0.0,0.0,1.25,3.125,0.0,2.5,0.0,5.0,0.0,5.0,2.5,0.0,2.5,2.5,2.5,0.0,3.75,0.0,3.75,3.75,0.0,2.5,2.5,0.0,1.25,0.0,0.0,0.625,4.375,1.25,0.0
138,7,0.0,0.0,5.0,0.0,5.0,0.0,0.0,0.0,0.0,0.0,2.5,0.0,2.5,0.0,0.0,2.5,0.0,0.0,3.75,3.75,0.0,3.75,0.0,5.0,5.0,0.0,3.75,2.5,0.0,4.375,5.0,0.0,2.5,0.0,0.0,2.5,0.0,0.0,0.0,0.0,1.25,3.125,0.0,2.5,0.0,5.0,0.0,5.0,2.5,0.0,2.5,2.5,2.5,0.0,3.75,0.0,3.75,3.75,0.0,2.5,2.5,0.0,1.25,0.0,0.0,0.0,2.5,1.25,0.0
138,8,0.0,0.0,5.0,0.0,5.0,0.0,0.0,0.0,0.0,0.0,1.25,0.0,2.5,0.0,0.0,2.5,0.0,0.0,3.75,3.75,0.0,3.75,0.0,4.375,5.0,0.0,3.125,2.5,0.0,4.375,3.75,0.0,2.5,0.0,0.0,2.5,0.0,0.0,0.0,0.0,0.625,2.5,0.0,2.5,0.0,5.0,0.0,5.0,2.5,0.0,2.5,2.5,2.5,0.0,3.75,0.0,3.75,3.75,0.0,2.5,2.5,0.0,1.25,0.0,0.0,0.0,2.5,1.25,0.0
139,6,0.0,0.0,5.0,0.0,5.0,0.0,0.0,0.0,0.0,0.0,2.5,0.0,2.5,0.0,0.0,2.5,0.0,0.0,3.75,2.5,0.0,3.75,0.0,5.0,5.0,0.0,3.75,2.5,0.0,5.0,5.0,0.0,5.0,0.0,0.0,2.5,0.0,0.0,0.0,0.0,1.25,3.75,0.0,3.75,0.0,5.0,0.0,5.0,2.5,0.0,2.5,2.5,1.875,0.0,3.75,0.0,3.75,2.5,0.0,2.5,2.5,0.0,2.5,0.0,0.625,1.25,5.0,0.0,0.0
139,7,0.0,0.0,5.0,0.0,3.75,0.0,0.0,0.0,0.0,0.0,2.5,0.0,2.5,0.0,0.0,2.5,0.0,0.0,3.75,2.5,0.0,3.75,0.0,5.0,5.0,0.0,3.75,2.5,0.0,5.0,5.0,0.0,3.75,0.0,0.0,2.5,1.25,0.0,0.0,0.0,1.25,3.75,0.0,3.75,0.0,5.0,0.0,5.0,2.5,0.0,2.5,2.5,1.25,0.0,3.75,0.0,3.75,2.5,0.0,2.5,2.5,0.0,2.5,0.0,0.625,1.25,3.75,0.0,0.0
139,8,0.0,0.0,5.0,0.0,3.75,0.0,0.0,0.0,0.0,0.0,2.5,0.0,2.5,0.0,0.0,2.5,0.0,0.0,3.75,2.5,0.0,3.75,0.0,3.75,5.0,0.0,3.75,2.5,0.0,5.0,5.0,0.0,3.75,0.0,0.0,2.5,0.625,0.0,0.0,0.0,1.25,3.75,0.0,3.125,0.0,5.0,0.0,5.0,2.5,0.0,2.5,2.5,1.25,0.0,3.75,0.0,3.75,2.5,0.0,2.5,2.5,0.0,2.5,0.0,0.0,1.25,3.75,0.0,0.0
140,6,0.0,0.0,5.0,0.0,3.75,0.0,1.25,0.0,0.0,0.0,3.75,0.0,2.5,1.25,0.0,3.125,0.0,0.0,2.5,2.5,0.0,2.5,0.0,3.75,5.0,0.0,3.75,2.5,0.0,5.0,5.0,0.0,5.0,0.0,0.0,2.5,2.5,0.0,0.0,0.0,1.25,5.0,0.0,3.75,0.0,5.0,0.0,5.0,2.5,0.0,3.75,2.5,1.25,0.0,3.75,0.0,3.75,1.25,0.0,1.875,2.5,0.0,5.0,1.25,1.875,2.5,5.0,0.0,0.0
140,7,0.0,0.0,5.0,0.0,2.5,0.0,1.25,0.0,0.0,0.0,3.75,0.0,2.5,1.25,0.0,3.125,0.0,0.0,2.5,2.5,0.0,2.5,0.0,3.75,5.0,0.0,3.75,2.5,0.0,5.0,5.0,0.0,5.0,0.0,0.0,2.5,2.5,0.0,0.0,0.0,1.25,4.375,0.0,3.75,0.0,5.0,0.0,5.0,2.5,0.0,3.75,2.5,0.0,0.0,3.75,0.0,3.75,1.25,0.0,1.875,2.5,0.0,5.0,1.25,1.25,2.5,5.0,0.0,0.0
140,8,0.0,0.0,5.0,0.0,2.5,0.0,1.25,0.0,0.0,0.0,3.75,0.0,2.5,0.625,0.0,2.5,0.0,0.0,2.5,2.5,0.0,2.5,0.0,3.75,5.0,0.0,3.75,2.5,0.0,5.0,5.0,0.0,5.0,0.0,0.0,2.5,2.5,0.0,0.0,0.0,1.25,4.375,0.0,3.75,0.0,5.0,0.0,5.0,2.5,0.0,3.75,2.5,0.0,0.0,3.75,0.0,3.75,1.25,0.0,1.25,2.5,0.0,3.75,0.0,1.25,2.5,5.0,0.0,0.0
141,6,0.0,0.0,3.75,0.0,1.25,0.0,2.5,0.0,0.0,0.0,3.75,0.0,2.5,1.25,0.0,3.75,1.25,0.0,2.5,3.125,0.0,2.5,0.0,3.75,5.0,0.0,2.5,2.5,0.0,5.0,5.0,0.0,5.0,0.0,0.0,2.5,3.75,0.0,0.0,0.0,2.5,5.0,0.0,3.75,0.0,5.0,0.0,3.75,2.5,0.0,5.0,2.5,0.0,0.0,3.75,0.0,3.75,0.0,0.0,1.875,2.5,0.0,5.0,2.5,3.75,3.75,5.0,0.0,0.0
141,7,0.0,0.0,3.75,0.0,1.25,0.0,1.875,0.0,0.0,0.0,3.75,0.0,2.5,1.25,0.0,3.75,1.25,0.0,2.5,3.125,0.0,2.5,0.0,3.75,5.0,0.0,2.5,2.5,0.0,5.0,5.0,0.0,5.0,0.0,0.0,2.5,3.75,0.0,0.0,0.0,2.5,5.0,0.0,3.75,0.0,5.0,0.0,3.75,2.5,0.0,5.0,2.5,0.0,0.0,3.75,0.0,3.75,0.0,0.0,1.875,2.5,0.0,5.0,2.5,2.5,3.75,5.0,0.0,0.0
141,8,0.0,0.0,3.75,0.0,1.875,0.0,1.25,0.0,0.0,0.0,3.75,0.0,2.5,1.25,0.0,3.75,1.25,0.0,2.5,2.5,0.0,1.25,0.0,3.75,5.0,0.0,2.5,2.5,0.0,5.0,5.0,0.0,5.0,0.0,0.0,2.5,3.75,0.0,0.0,0.0,1.875,5.0,0.0,3.75,0.0,5.0,0.0,3.75,2.5,0.0,5.0,2.5,0.0,0.0,3.75,0.0,3.75,0.0,0.0,1.25,1.875,0.0,5.0,1.875,2.5,3.75,5.0,0.0,0.0
142,6,0.0,0.0,2.5,0.0,0.625,0.0,3.75,0.0,0.0,0.0,3.75,0.0,2.5,2.5,0.0,3.75,2.5,0.0,1.875,3.75,0.0,1.25,0.0,3.75,5.0,0.0,2.5,3.75,0.0,5.0,5.0,1.25,5.0,0.0,0.0,1.25,5.0,0.0,1.25,0.0,2.5,5.0,0.0,2.5,0.0,3.75,0.0,2.5,2.5,0.0,5.0,3.75,0.0,0.0,3.75,0.0,3.75,0.0,0.0,2.5,1.25,0.0,5.0,3.75,5.0,5.0,5.0,0.0,0.0
142,7,0.0,0.0,2.5,0.0,0.0,0.0,3.75,0.0,0.0,0.0,3.75,0.0,2.5,2.5,0.0,3.75,2.5,0.0,1.25,3.75,0.0,1.25,0.0,3.75,5.0,0.0,2.5,3.75,0.0,5.0,5.0,1.25,5.0,0.0,0.0,1.25,5.0,0.0,1.25,0.0,2.5,5.0,0.0,2.5,0.0,3.75,0.0,2.5,2.5,0.0,5.0,3.75,0.0,0.0,3.75,0.0,3.75,0.0,0.0,2.5,1.25,0.0,5.0,3.75,5.0,5.0,5.0,0.0,0.0
142,8,0.0,0.0,1.25,0.0,0.625,0.0,2.5,0.0,0.0,0.0,3.125,0.0,2.5,2.5,0.0,3.75,2.5,0.0,1.25,3.75,0.0,1.25,0.0,3.125,5.0,0.0,2.5,3.75,0.0,5.0,5.0,1.25,5.0,0.0,0.0,1.25,5.0,0.0,1.25,0.0,2.5,5.0,0.0,2.5,0.0,3.75,0.0,2.5,2.5,0.0,5.0,3.75,0.0,0.0,3.75,0.0,3.75,0.0,0.0,1.875,1.25,0.0,5.0,3.75,4.375,5.0,5.0,0.0,0.0
143,6,0.0,0.0,1.25,0.0,0.0,0.0,4.375,0.0,0.0,0.0,2.5,0.0,3.75,3.75,0.0,3.75,5.0,0.0,1.25,5.0,0.0,0.0,0.0,2.5,5.0,0.0,1.25,4.375,0.0,5.0,5.0,2.5,5.0,0.0,0.0,1.25,5.0,0.0,2.5,0.0,2.5,5.0,0.0,1.25,0.0,3.125,0.0,1.25,2.5,0.0,5.0,5.0,0.0,0.0,4.375,0.0,3.75,0.0,0.0,2.5,1.25,0.0,5.0,5.0,5.0,5.0,5.0,0.0,0.0
143,7,0.0,0.0,0.0,0.0,0.0,0.0,3.75,0.0,0.0,0.0,2.5,0.0,3.75,3.75,0.0,3.75,3.75,0.0,1.25,5.0,0.0,0.0,0.0,2.5,5.0,0.0,1.25,4.375,0.0,5.0,5.0,2.5,5.0,0.0,0.0,1.25,5.0,0.0,2.5,0.0,2.5,5.0,0.0,1.25,0.0,3.125,0.0,1.25,2.5,0.0,5.0,5.0,0.0,0.0,3.75,0.0,3.75,0.0,0.0,2.5,1.25,0.0,5.0,5.0,5.0,5.0,5.0,0.0,0.0
143,8,0.0,0.0,1.25,0.0,0.0,0.0,3.75,0.0,0.0,0.0,2.5,0.0,3.125,3.125,0.0,3.75,3.75,0.0,1.25,4.375,0.0,0.0,0.0,2.5,5.0,0.0,1.25,3.75,0.0,5.0,5.0,2.5,5.0,0.0,0.0,1.25,5.0,0.0,2.5,0.0,2.5,5.0,0.0,1.25,0.0,2.5,0.0,1.25,2.5,0.0,5.0,5.0,0.0,0.0,3.75,0.0,3.125,0.0,0.0,2.5,1.25,0.0,5.0,5.0,5.0,5.0,5.0,0.0,0.0
144,6,0.0,0.0,0.0,0.0,0.0,0.0,5.0,0.0,0.0,0.0,2.5,0.0,5.0,3.75,0.0,3.75,5.0,0.0,2.5,5.0,0.0,0.0,0.0,2.5,5.0,0.0,1.25,5.0,0.0,5.0,5.0,2.5,4.375,0.0,0.0,0.0,5.0,0.0,4.375,0.0,2.5,5.0,0.0,1.25,0.0,2.5,0.0,0.0,2.5,0.0,5.0,5.0,0.0,0.0,3.75,0.0,2.5,0.0,0.0,2.5,1.25,0.0,5.0,5.0,5.0,5.0,5.0,0.0,0.0
144,7,0.0,0.0,0.0,0.0,0.0,0.0,5.0,0.0,0.0,0.0,2.5,0.0,3.75,3.75,0.0,3.75,3.75,0.0,2.5,5.0,0.0,0.0,0.0,2.5,5.0,0.0,1.25,5.0,0.0,5.0,5.0,2.5,3.75,0.0,0.0,0.0,5.0,0.0,3.75,0.0,2.5,5.0,0.0,1.25,0.0,2.5,0.0,0.0,2.5,0.0,5.0,5.0,0.0,0.0,3.75,0.0,2.5,0.0,0.0,2.5,1.25,0.0,5.0,5.0,5.0,5.0,5.0,0.0,0.0
144,8,0.0,0.0,0.0,0.0,0.0,0.0,3.75,0.0,0.0,0.0,1.25,0.0,3.75,3.75,0.0,3.75,3.75,0.0,2.5,5.0,0.0,0.0,0.0,2.5,5.0,0.0,1.25,5.0,0.0,5.0,5.0,2.5,3.75,0.0,0.0,0.0,5.0,0.0,3.75,0.0,2.5,5.0,0.0,0.625,0.0,2.5,0.0,0.0,2.5,0.0,5.0,5.0,0.0,0.0,3.75,0.0,2.5,0.0,0.0,2.5,1.25,0.0,5.0,5.0,5.0,5.0,5.0,0.0,0.0
145,6,0.0,0.0,0.0,0.0,0.0,0.0,3.75,0.0,0.0,0.0,1.25,0.0,5.0,3.75,0.0,3.75,5.0,0.0,2.5,5.0,0.0,0.0,0.0,2.5,5.0,0.0,1.25,5.0,0.0,5.0,5.0,3.75,2.5,0.0,0.0,0.0,5.0,1.25,5.0,0.0,2.5,5.0,0.0,0.0,0.0,2.5,0.0,0.0,2.5,0.0,5.0,5.0,2.5,0.0,3.75,0.0,2.5,0.0,0.0,2.5,1.25,0.0,5.0,5.0,5.0,5.0,5.0,0.0,0.0
145,7,0.0,0.0,0.0,0.0,0.0,0.0,3.75,0.0,0.0,0.0,1.25,0.0,5.0,3.75,0.0,3.75,5.0,0.0,2.5,5.0,0.0,0.0,0.0,2.5,5.0,0.0,1.25,5.0,0.0,5.0,5.0,3.75,2.5,0.0,0.0,0.0,5.0,1.25,5.0,0.0,2.5,5.0,0.0,0.0,0.0,2.5,0.0,0.0,2.5,0.0,5.0,5.0,1.25,0.0,3.75,0.0,2.5,0.0,0.0,2.5,1.25,0.0,5.0,5.0,5.0,5.0,5.0,0.0,0.0
145,8,0.0,0.0,0.0,0.0,0.0,0.0,3.75,0.0,0.0,0.0,1.25,0.0,5.0,3.75,0.0,3.75,5.0,0.0,2.5,5.0,0.0,0.0,0.0,2.5,5.0,0.0,1.25,5.0,0.0,5.0,5.0,3.75,2.5,0.0,0.0,0.0,5.0,1.25,5.0,0.0,2.5,5.0,0.0,0.0,0.0,2.5,0.0,0.0,2.5,0.0,5.0,5.0,2.5,0.0,3.75,0.0,2.5,0.0,0.0,2.5,1.25,0.0,5.0,5.0,5.0,5.0,5.0,0.0,0.0
146,6,0.0,0.0,0.0,0.0,0.0,0.0,3.75,0.0,0.0,0.0,1.25,0.0,5.0,2.5,0.0,3.75,5.0,0.0,2.5,5.0,0.0,1.25,0.0,2.5,5.0,0.0,1.25,5.0,0.0,5.0,5.0,5.0,1.25,0.0,0.0,0.0,5.0,2.5,5.0,0.0,3.75,5.0,0.0,0.0,0.0,2.5,0.0,0.0,2.5,0.0,5.0,5.0,3.75,0.0,3.75,0.0,2.5,0.0,0.0,1.25,1.25,0.0,5.0,5.0,5.0,5.0,5.0,0.0,0.0
146,7,0.0,0.0,0.0,0.0,0.0,0.0,3.75,0.0,0.0,0.0,1.25,0.0,5.0,2.5,0.0,3.75,5.0,0.0,2.5,5.0,0.0,1.25,0.0,2.5,5.0,0.0,1.25,5.0,0.0,5.0,5.0,5.0,1.25,0.0,0.0,0.0,5.0,2.5,5.0,0.0,3.75,5.0,0.0,0.0,0.0,2.5,0.0,0.0,2.5,0.0,5.0,5.0,3.75,0.0,3.75,0.0,2.5,0.0,0.0,1.25,1.25,0.0,5.0,5.0,5.0,5.0,5.0,0.0,0.0
146,8,0.0,0.0,0.0,0.0,0.0,0.0,2.5,0.0,0.0,0.0,1.25,0.0,5.0,2.5,0.0,3.125,5.0,0.0,2.5,5.0,0.0,1.25,0.0,2.5,5.0,0.0,1.25,5.0,0.0,5.0,5.0,5.0,1.25,0.0,0.0,0.0,5.0,2.5,5.0,0.0,3.75,5.0,0.0,0.0,0.0,1.875,0.0,0.0,2.5,0.0,5.0,5.0,3.75,0.0,3.75,0.0,2.5,0.0,0.0,1.25,1.25,0.0,5.0,5.0,5.0,5.0,5.0,0.0,0.0
147,6,0.0,0.0,0.0,0.0,0.0,0.0,2.5,0.0,0.0,0.0,2.5,0.0,5.0,2.5,0.0,2.5,5.0,0.0,3.125,5.0,0.0,2.5,0.0,3.75,5.0,0.0,1.25,5.0,0.0,5.0,3.75,5.0,0.0,0.0,0.0,1.25,5.0,3.75,5.0,0.0,5.0,5.0,0.0,0.0,1.25,1.875,0.0,0.0,2.5,0.0,5.0,5.0,5.0,0.0,3.75,0.625,2.5,0.0,0.0,1.25,2.5,0.0,5.0,5.0,5.0,5.0,5.0,0.0,0.0
147,7,0.0,0.0,0.0,0.0,0.0,0.0,1.25,0.0,0.0,0.0,2.5,0.0,5.0,2.5,0.0,2.5,3.75,0.0,2.5,5.0,0.0,2.5,0.0,3.75,5.0,0.0,1.25,5.0,0.0,5.0,3.75,5.0,0.0,0.0,0.0,1.25,5.0,2.5,5.0,0.0,3.75,5.0,0.0,0.0,1.25,1.875,0.0,0.0,2.5,0.0,5.0,5.0,5.0,0.0,3.125,0.0,2.5,0.0,0.0,1.25,2.5,0.0,5.0,5.0,5.0,5.0,5.0,0.0,0.0
147,8,0.0,0.0,0.0,0.0,0.0,0.0,1.25,0.0,0.0,0.0,1.25,0.0,5.0,2.5,0.0,2.5,3.75,0.0,2.5,5.0,0.0,2.5,0.0,3.75,3.75,0.0,1.25,5.0,0.0,5.0,3.75,5.0,0.0,0.0,0.0,1.25,5.0,2.5,5.0,0.0,3.75,5.0,0.0,0.0,1.25,1.875,0.0,0.0,2.5,0.0,5.0,5.0,5.0,0.0,3.125,0.0,2.5,0.0,0.0,1.25,2.5,0.0,5.0,5.0,5.0,5.0,5.0,0.0,0.0
148,6,0.0,0.0,0.0,0.0,0.0,0.0,1.25,0.0,0.0,0.0,2.5,0.0,5.0,1.25,0.0,2.5,3.75,0.0,2.5,5.0,0.0,3.75,1.25,5.0,3.75,0.0,2.5,5.0,0.0,5.0,2.5,5.0,0.0,0.0,0.0,2.5,5.0,3.75,5.0,0.0,5.0,5.0,0.0,1.25,1.25,1.875,0.0,0.0,2.5,0.0,5.0,5.0,5.0,0.0,2.5,1.25,2.5,0.0,0.0,1.25,3.75,0.0,5.0,5.0,5.0,5.0,5.0,0.0,0.0
148,7,0.0,0.0,0.0,0.0,0.0,0.0,1.25,0.0,0.0,0.0,2.5,0.0,5.0,1.25,0.0,2.5,2.5,0.0,2.5,5.0,0.0,3.75,1.25,4.375,3.75,0.0,2.5,5.0,0.0,5.0,2.5,5.0,0.0,0.0,0.0,2.5,5.0,3.75,5.0,0.0,5.0,5.0,0.0,1.25,1.25,1.875,0.0,0.0,2.5,0.0,5.0,5.0,5.0,0.0,2.5,1.25,2.5,0.0,0.0,1.25,3.75,0.0,5.0,5.0,5.0,5.0,5.0,0.0,0.0
148,8,0.0,0.0,0.0,0.0,0.0,0.0,1.25,0.0,0.0,0.0,2.5,0.0,5.0,1.25,0.0,2.5,2.5,0.0,2.5,5.0,0.0,3.75,1.25,3.75,3.75,0.0,2.5,5.0,0.0,5.0,2.5,5.0,0.0,0.0,0.0,2.5,5.0,3.75,5.0,0.0,5.0,5.0,0.0,1.25,1.25,1.25,0.0,0.0,2.5,0.0,5.0,5.0,5.0,0.0,2.5,1.25,2.5,0.0,0.0,1.25,3.75,0.0,5.0,5.0,5.0,5.0,5.0,0.0,0.0
149,6,0.0,0.0,0.0,0.0,0.0,0.0,0.0,0.0,0.0,0.0,3.125,0.0,5.0,1.25,0.0,2.5,1.25,0.0,2.5,5.0,0.0,5.0,3.75,5.0,3.75,0.0,2.5,5.0,0.0,3.75,2.5,5.0,0.0,0.0,0.0,3.75,5.0,5.0,3.75,0.0,5.0,5.0,0.0,2.5,2.5,1.25,0.0,0.0,2.5,0.0,5.0,5.0,5.0,0.0,2.5,2.5,1.875,0.0,0.0,1.25,5.0,0.0,5.0,5.0,5.0,5.0,5.0,0.0,0.0
149,7,0.0,0.0,0.0,0.0,0.0,0.0,0.0,0.0,0.0,0.0,3.125,0.0,5.0,1.25,0.0,2.5,1.25,0.0,2.5,4.375,0.0,5.0,2.5,5.0,3.75,0.0,2.5,5.0,0.0,3.75,2.5,5.0,0.0,0.0,0.0,3.75,5.0,5.0,3.75,0.0,5.0,5.0,0.0,2.5,2.5,1.25,0.0,0.0,2.5,0.0,5.0,5.0,5.0,0.0,2.5,2.5,1.875,0.0,0.0,1.25,5.0,0.0,5.0,5.0,5.0,5.0,3.75,0.0,0.0
149,8,0.0,0.0,0.0,0.0,0.0,0.0,0.0,0.0,0.0,0.0,2.5,0.0,5.0,1.25,0.0,2.5,1.875,0.0,2.5,3.75,0.0,5.0,2.5,5.0,3.75,0.0,2.5,5.0,0.0,3.75,2.5,5.0,0.0,0.0,0.0,3.75,5.0,5.0,3.75,0.0,5.0,5.0,0.0,2.5,2.5,1.25,0.0,0.0,2.5,0.0,5.0,5.0,5.0,0.0,2.5,2.5,1.875,0.0,0.0,1.25,5.0,0.0,5.0,5.0,5.0,5.0,3.75,0.0,0.0
150,6,0.0,0.0,0.0,0.0,0.0,0.0,0.0,0.0,0.0,0.0,3.75,0.0,5.0,1.875,0.0,2.5,1.25,0.0,2.5,3.75,0.0,5.0,5.0,5.0,3.75,0.0,2.5,5.0,0.0,2.5,2.5,5.0,0.0,0.0,0.0,5.0,5.0,5.0,2.5,0.0,5.0,5.0,0.0,3.75,2.5,0.0,0.0,0.0,1.875,0.0,5.0,5.0,5.0,1.25,2.5,3.75,1.25,0.0,0.0,1.25,5.0,0.0,4.375,5.0,5.0,3.75,2.5,0.0,0.0
150,7,0.0,0.0,0.0,0.0,0.0,0.0,0.0,0.0,0.0,0.0,3.75,0.0,5.0,1.875,0.0,2.5,0.625,0.0,2.5,3.75,0.0,5.0,3.75,5.0,3.75,0.0,2.5,5.0,0.0,2.5,2.5,5.0,0.0,0.0,0.0,5.0,5.0,5.0,2.5,0.0,5.0,4.375,0.0,3.75,2.5,0.0,0.0,0.0,1.875,0.0,5.0,5.0,5.0,1.25,2.5,3.75,1.25,0.0,0.0,1.25,5.0,0.0,4.375,5.0,5.0,3.75,3.75,0.0,0.0
150,8,0.0,0.0,0.0,0.0,0.0,0.0,0.0,0.0,0.0,0.0,3.125,0.0,5.0,1.25,0.0,2.5,1.25,0.0,2.5,3.75,0.0,5.0,3.75,5.0,3.75,0.0,2.5,5.0,0.0,2.5,2.5,5.0,0.0,0.0,0.0,4.375,4.375,5.0,2.5,0.0,5.0,3.75,0.0,3.75,2.5,0.0,0.0,0.0,1.875,0.0,5.0,5.0,5.0,1.25,2.5,2.5,1.25,0.0,0.0,1.25,5.0,0.0,3.75,5.0,5.0,3.75,2.5,0.0,0.0
151,6,0.0,0.0,0.0,0.0,0.0,0.0,0.0,0.0,0.0,0.0,3.125,0.0,5.0,2.5,0.0,2.5,0.0,0.0,2.5,3.75,0.0,5.0,5.0,5.0,3.75,0.0,2.5,5.0,0.0,2.5,2.5,5.0,0.0,0.0,0.0,5.0,3.75,5.0,1.25,0.0,5.0,3.75,0.0,5.0,3.75,1.25,0.0,0.0,1.25,0.0,5.0,5.0,5.0,1.25,2.5,3.75,1.25,0.0,0.0,2.5,5.0,0.0,2.5,5.0,2.5,2.5,2.5,0.0,0.0
151,7,0.0,0.0,0.0,0.0,0.0,0.0,0.0,0.0,0.0,0.0,3.125,0.0,5.0,2.5,0.0,2.5,0.0,0.0,2.5,3.125,0.0,5.0,5.0,5.0,3.75,0.0,2.5,5.0,0.0,2.5,2.5,5.0,0.0,0.0,0.0,5.0,3.75,5.0,1.25,0.0,5.0,3.75,0.0,5.0,3.125,1.25,0.0,0.0,1.25,0.0,5.0,5.0,5.0,1.25,2.5,3.75,1.25,0.0,0.0,2.5,5.0,0.0,2.5,5.0,3.75,2.5,1.25,0.0,0.0
151,8,0.0,0.0,0.0,0.0,0.0,0.0,0.0,0.0,0.0,0.0,2.5,0.0,5.0,2.5,0.0,2.5,0.0,0.0,2.5,2.5,0.0,5.0,5.0,5.0,3.75,0.0,1.875,5.0,0.0,2.5,2.5,5.0,0.0,0.0,0.0,5.0,3.75,5.0,1.25,0.0,5.0,3.75,0.0,5.0,2.5,0.625,0.0,0.0,1.25,0.0,4.375,5.0,5.0,1.25,1.875,3.75,1.25,0.0,0.0,2.5,5.0,0.0,2.5,5.0,2.5,2.5,1.25,0.0,0.0
152,6,0.0,0.0,0.0,0.0,1.25,0.0,0.0,0.0,0.0,1.25,2.5,0.0,5.0,3.75,0.0,3.125,0.0,0.0,2.5,2.5,0.0,5.0,5.0,5.0,4.375,0.0,1.25,5.0,0.0,2.5,3.125,5.0,0.0,0.0,0.0,5.0,2.5,5.0,0.0,0.0,5.0,3.125,0.0,5.0,2.5,1.25,0.0,0.0,1.25,0.0,4.375,5.0,5.0,2.5,1.25,3.75,1.25,0.0,0.0,3.75,5.0,0.0,1.25,3.75,1.25,1.25,1.25,0.0,0.0
152,7,0.0,0.0,0.0,0.0,1.25,0.0,0.0,0.0,0.0,1.25,2.5,0.0,5.0,3.75,0.0,3.125,0.0,0.0,2.5,2.5,0.0,5.0,5.0,5.0,4.375,0.0,1.25,5.0,0.0,2.5,2.5,5.0,0.0,0.0,0.0,5.0,2.5,5.0,0.0,0.0,5.0,3.125,0.0,5.0,2.5,1.25,0.0,0.0,1.25,0.0,3.75,5.0,5.0,2.5,1.25,3.75,1.25,0.0,0.0,3.75,5.0,0.0,1.25,3.75,1.25,1.25,1.25,0.0,0.0
152,8,0.0,0.0,0.0,0.0,1.25,0.0,0.0,0.0,0.0,1.25,2.5,0.0,5.0,3.125,0.0,2.5,0.0,0.0,2.5,2.5,0.0,5.0,5.0,5.0,3.75,0.0,1.25,5.0,0.0,2.5,2.5,5.0,0.0,0.0,0.0,5.0,2.5,5.0,0.0,0.0,5.0,3.125,0.0,5.0,2.5,1.25,0.0,0.0,1.25,0.0,3.75,5.0,5.0,2.5,1.25,3.75,1.25,0.0,0.0,3.75,5.0,0.0,1.25,3.75,1.25,1.25,1.25,0.0,0.0
153,6,0.0,0.0,0.0,0.0,2.5,0.0,0.0,0.0,0.0,2.5,2.5,0.0,5.0,3.75,0.0,3.75,0.0,0.0,3.75,2.5,0.0,5.0,5.0,5.0,5.0,0.0,1.25,3.75,0.0,1.25,3.75,3.75,0.0,0.0,0.0,5.0,2.5,5.0,0.0,0.0,5.0,2.5,0.0,5.0,2.5,1.25,0.0,0.0,0.0,0.0,3.75,5.0,5.0,2.5,1.25,3.125,1.875,0.0,0.0,4.375,5.0,0.0,0.0,2.5,0.0,0.0,0.0,0.0,0.0
153,7,0.0,0.0,0.0,0.0,2.5,0.0,0.0,0.0,0.0,2.5,2.5,0.0,5.0,3.75,0.0,3.75,0.0,0.0,3.75,2.5,0.0,5.0,5.0,5.0,5.0,0.0,1.25,3.75,0.0,1.25,3.75,3.75,0.0,0.0,0.0,5.0,2.5,5.0,0.0,0.0,5.0,2.5,0.0,5.0,2.5,1.25,0.0,0.0,0.0,0.0,3.75,5.0,5.0,2.5,1.25,3.125,1.875,0.0,0.0,4.375,5.0,0.0,0.0,2.5,0.0,0.0,0.0,0.0,0.0
153,8,0.0,0.0,0.0,0.0,2.5,0.0,0.0,0.0,0.0,2.5,2.5,0.0,5.0,3.75,0.0,3.75,0.0,0.0,2.5,2.5,0.0,5.0,5.0,5.0,5.0,0.0,1.25,3.75,0.0,1.25,3.125,3.75,0.0,0.0,0.0,5.0,1.25,5.0,0.0,0.0,5.0,2.5,0.0,5.0,2.5,1.25,0.0,0.0,0.0,0.0,3.75,5.0,5.0,2.5,1.25,2.5,1.25,0.0,0.0,3.75,5.0,0.0,0.0,2.5,0.0,0.0,0.0,0.0,0.0
154,6,0.0,0.0,0.0,0.0,3.75,0.0,0.0,0.0,0.0,4.375,2.5,0.0,5.0,3.75,0.0,5.0,0.0,0.0,5.0,2.5,0.0,5.0,3.75,5.0,5.0,0.0,1.25,2.5,0.0,1.25,3.75,2.5,0.0,0.0,0.0,5.0,1.875,5.0,0.0,0.0,5.0,2.5,0.0,5.0,1.25,2.5,0.0,0.0,0.0,0.0,3.75,5.0,5.0,2.5,1.25,2.5,2.5,0.0,0.0,5.0,5.0,0.0,0.0,1.25,0.0,0.0,0.0,0.0,0.0
154,7,0.0,0.0,0.0,0.0,3.125,0.0,0.0,0.0,0.0,3.125,2.5,0.0,5.0,3.75,0.0,5.0,0.0,0.0,3.75,2.5,0.0,4.375,3.75,4.375,5.0,0.0,1.25,2.5,0.0,1.25,3.75,3.125,0.0,0.0,0.0,5.0,1.25,5.0,0.0,0.0,5.0,2.5,0.0,5.0,1.25,2.5,0.0,0.0,0.0,0.0,3.75,5.0,5.0,2.5,1.25,2.5,2.5,0.0,0.0,5.0,5.0,0.0,0.0,1.25,0.0,0.0,0.0,0.0,0.0
154,8,0.0,0.0,0.0,0.0,3.125,0.0,0.0,0.0,0.0,3.125,2.5,0.0,5.0,3.75,0.0,5.0,0.0,0.0,3.75,2.5,0.0,4.375,3.75,3.75,5.0,0.0,1.25,2.5,0.0,1.25,3.125,2.5,0.0,0.0,0.0,5.0,1.25,3.75,0.0,0.0,5.0,1.875,0.0,5.0,1.25,2.5,0.0,0.0,0.0,0.0,3.75,5.0,5.0,2.5,1.25,2.5,2.5,0.0,0.0,5.0,5.0,0.0,0.0,1.25,0.0,0.0,0.0,0.0,0.0
155,6,0.0,0.0,0.0,0.0,5.0,0.0,0.0,0.0,0.0,5.0,2.5,0.0,5.0,3.75,0.0,5.0,0.0,0.0,5.0,3.75,0.0,3.75,2.5,4.375,5.0,0.0,1.875,1.875,0.0,1.25,2.5,2.5,0.0,0.0,0.0,5.0,1.875,3.75,0.0,0.0,5.0,1.25,0.0,5.0,0.0,3.75,0.0,0.0,0.0,0.0,3.75,5.0,5.0,2.5,1.25,1.25,3.75,0.0,0.0,5.0,5.0,0.0,0.0,0.0,0.0,0.0,0.0,0.0,0.0
155,7,0.0,0.0,0.0,0.0,3.75,0.0,0.0,0.0,0.0,5.0,2.5,0.0,5.0,3.75,0.0,5.0,0.0,0.0,5.0,3.75,0.0,2.5,2.5,3.75,5.0,0.0,1.875,1.25,0.0,1.25,2.5,2.5,0.0,0.0,0.0,5.0,1.875,2.5,0.0,0.0,5.0,1.25,0.0,5.0,0.0,3.75,0.0,0.0,0.0,0.0,3.75,5.0,5.0,2.5,1.25,1.25,3.75,0.0,0.0,5.0,5.0,0.0,0.0,0.0,0.0,0.0,0.0,0.0,0.0
155,8,0.0,0.0,0.0,0.0,3.75,0.0,0.0,0.0,0.0,3.75,2.5,0.0,5.0,3.75,0.0,5.0,0.0,0.0,5.0,2.5,0.0,3.125,2.5,3.75,5.0,0.0,1.25,1.25,0.0,0.625,2.5,2.5,0.0,0.0,0.0,4.375,1.25,2.5,0.0,0.0,5.0,1.25,0.0,5.0,0.0,3.75,0.0,0.0,0.0,0.0,3.75,5.0,5.0,2.5,1.25,1.25,3.125,0.0,0.0,5.0,5.0,0.0,0.0,0.0,0.0,0.0,0.0,0.0,0.0
156,6,0.0,0.0,0.0,0.0,5.0,0.0,0.0,0.0,0.0,5.0,2.5,0.0,5.0,3.75,0.0,5.0,0.0,0.0,5.0,3.75,0.0,1.25,1.25,5.0,5.0,0.0,2.5,1.25,0.0,0.0,2.5,2.5,0.0,0.0,0.0,5.0,2.5,2.5,0.0,0.0,5.0,0.625,0.0,5.0,0.0,5.0,0.0,0.0,0.625,0.0,2.5,5.0,5.0,3.125,2.5,0.0,3.75,0.0,0.0,5.0,5.0,0.0,0.0,0.0,0.0,0.0,0.0,0.0,0.0
156,7,0.0,0.0,0.0,0.0,5.0,0.0,0.0,0.0,0.0,5.0,2.5,0.0,5.0,3.75,0.0,5.0,0.0,0.0,5.0,3.75,0.0,1.875,1.25,5.0,5.0,0.0,2.5,1.25,0.0,0.0,2.5,2.5,0.0,0.0,0.0,5.0,2.5,1.875,0.0,0.0,5.0,0.625,0.0,5.0,0.0,5.0,0.0,0.0,0.625,0.0,2.5,5.0,5.0,2.5,2.5,0.0,3.75,0.0,0.0,5.0,5.0,0.0,0.0,0.0,0.0,0.0,0.0,0.0,0.0
156,8,0.0,0.0,0.0,0.0,4.375,0.0,0.0,0.0,0.0,4.375,2.5,0.0,5.0,3.75,0.0,5.0,0.0,0.0,5.0,3.75,0.0,1.875,1.25,4.375,5.0,0.0,2.5,1.25,0.0,0.0,2.5,2.5,0.0,0.0,0.0,4.375,1.875,1.25,0.0,0.0,5.0,0.625,0.0,5.0,0.0,5.0,0.0,0.0,0.625,0.0,2.5,5.0,5.0,2.5,2.5,0.0,3.75,0.0,0.0,5.0,5.0,0.0,0.0,0.0,0.0,0.0,0.0,0.0,0.0
157,6,0.0,0.0,0.0,0.0,5.0,0.0,0.0,0.0,0.0,5.0,3.75,0.0,3.75,3.75,0.0,5.0,0.0,0.0,5.0,5.0,0.0,1.25,0.0,5.0,5.0,0.0,2.5,2.5,0.0,0.0,1.25,2.5,0.0,0.0,0.0,5.0,2.5,1.25,0.0,0.0,5.0,0.625,0.0,5.0,0.0,5.0,0.0,0.0,1.25,0.0,2.5,5.0,5.0,2.5,2.5,0.0,5.0,0.0,0.0,5.0,5.0,0.0,0.0,0.0,0.0,0.0,0.0,0.0,0.0
157,7,0.0,0.0,0.0,0.0,4.375,0.0,0.0,0.0,0.0,3.75,3.125,0.0,3.75,3.75,0.0,5.0,0.0,0.0,5.0,5.0,0.0,1.25,0.0,5.0,5.0,0.0,2.5,2.5,0.0,0.0,1.25,2.5,0.0,0.0,0.0,5.0,2.5,1.25,0.0,0.0,5.0,0.625,0.0,5.0,0.0,5.0,0.0,0.0,1.25,0.0,2.5,5.0,5.0,3.125,2.5,0.0,5.0,0.0,0.0,5.0,5.0,0.0,0.0,0.0,0.0,0.0,0.0,0.0,0.0
157,8,0.0,0.0,0.0,0.0,3.75,0.0,0.0,0.0,0.0,3.75,2.5,0.0,3.75,3.75,0.0,5.0,0.0,0.0,5.0,4.375,0.0,1.25,0.0,5.0,5.0,0.0,2.5,2.5,0.0,0.0,1.25,2.5,0.0,0.0,0.0,5.0,1.875,1.25,0.0,0.0,5.0,0.625,0.0,5.0,0.0,5.0,0.0,0.0,1.25,0.0,2.5,4.375,5.0,2.5,2.5,0.0,4.375,0.0,0.0,5.0,5.0,0.0,0.0,0.0,0.0,0.0,0.0,0.0,0.0
158,6,0.0,0.0,0.0,0.0,3.75,0.0,0.0,0.0,0.0,5.0,3.75,0.0,3.75,5.0,0.0,5.0,0.0,0.0,5.0,5.0,0.0,1.25,0.0,5.0,5.0,0.0,3.75,3.125,0.0,0.0,1.25,3.75,0.0,0.0,0.0,5.0,2.5,1.25,0.0,0.0,5.0,1.25,0.0,5.0,1.25,5.0,0.0,0.0,2.5,0.0,2.5,3.75,5.0,2.5,3.75,0.0,5.0,0.0,0.0,5.0,5.0,0.0,0.0,0.0,0.0,0.0,0.0,0.0,0.0
158,7,0.0,0.0,0.0,0.0,2.5,0.0,0.0,0.0,0.0,3.75,3.75,0.0,3.75,4.375,0.0,5.0,0.0,0.0,5.0,5.0,0.0,1.25,0.0,5.0,5.0,0.0,3.75,3.125,0.0,0.0,1.25,3.75,0.0,0.0,0.0,5.0,1.875,1.25,0.0,0.0,5.0,1.25,0.0,5.0,1.25,5.0,0.0,0.0,1.875,0.0,2.5,3.75,5.0,3.125,3.75,0.0,5.0,0.0,0.0,5.0,5.0,0.0,0.0,0.0,0.0,0.0,0.0,0.0,0.0
158,8,0.0,0.0,0.0,0.0,2.5,0.0,0.0,0.0,0.0,3.75,3.125,0.0,3.75,3.75,0.0,5.0,0.0,0.0,5.0,5.0,0.0,1.25,0.0,5.0,5.0,0.0,3.125,2.5,0.0,0.0,0.0,3.125,0.0,0.0,0.0,5.0,1.25,1.25,0.0,0.0,5.0,1.25,0.0,5.0,1.25,5.0,0.0,0.0,1.875,0.0,2.5,3.75,5.0,2.5,3.75,0.0,5.0,0.0,0.0,5.0,5.0,0.0,0.0,0.0,0.0,0.0,0.0,0.0,0.0
159,6,0.0,0.0,0.0,0.0,2.5,0.0,0.0,0.0,1.25,2.5,3.75,0.0,3.125,5.0,0.0,5.0,1.25,0.0,5.0,5.0,0.0,1.25,0.0,5.0,5.0,0.0,3.75,3.75,0.0,1.25,0.0,3.75,0.0,0.0,0.0,5.0,1.25,2.5,0.0,0.0,3.75,1.25,0.0,5.0,2.5,5.0,0.0,0.0,2.5,0.0,1.25,3.75,5.0,3.75,3.75,0.0,5.0,0.0,0.0,5.0,5.0,0.0,0.0,0.0,0.0,0.0,0.0,0.0,0.0
159,7,0.0,0.0,0.0,0.0,1.875,0.0,0.0,0.0,1.25,2.5,3.75,0.0,2.5,5.0,0.0,5.0,1.25,0.0,5.0,5.0,0.0,1.25,0.0,5.0,5.0,0.0,3.75,3.75,0.0,1.25,0.0,3.75,0.0,0.0,0.0,5.0,1.25,2.5,0.0,0.0,3.75,1.25,0.0,5.0,2.5,5.0,0.0,0.0,2.5,0.0,1.25,3.75,5.0,3.75,3.75,0.0,5.0,0.0,0.0,5.0,5.0,0.0,0.0,0.0,0.0,0.0,0.0,0.0,0.0
159,8,0.0,0.0,0.0,0.0,2.5,0.0,0.0,0.0,1.25,2.5,3.75,0.0,2.5,3.75,0.0,5.0,0.0,0.0,5.0,5.0,0.0,1.25,0.0,5.0,5.0,0.0,3.75,3.75,0.0,1.25,0.0,3.75,0.0,0.0,0.0,5.0,1.25,2.5,0.0,0.0,3.75,1.25,0.0,5.0,2.5,5.0,0.0,0.0,2.5,0.0,1.25,3.75,5.0,3.75,3.75,0.0,5.0,0.0,0.0,5.0,5.0,0.0,0.0,0.0,0.0,0.0,0.0,0.0,0.0
160,6,0.0,0.0,0.0,0.0,1.25,0.0,0.0,0.0,2.5,1.25,3.75,0.0,2.5,5.0,0.0,5.0,2.5,0.0,5.0,5.0,0.0,2.5,0.0,5.0,5.0,0.0,3.75,4.375,0.0,1.25,0.0,3.75,0.0,0.0,0.0,5.0,1.25,3.125,0.0,0.0,3.125,1.25,0.0,5.0,3.75,5.0,0.0,0.0,3.75,0.0,1.25,3.75,5.0,5.0,5.0,0.0,5.0,0.0,0.0,5.0,5.0,0.0,0.0,0.0,0.0,0.0,0.0,0.0,0.0
160,7,0.0,0.0,0.0,0.0,0.625,0.0,0.0,0.0,1.25,1.25,3.75,0.0,2.5,5.0,0.0,5.0,1.25,0.0,5.0,5.0,0.0,2.5,0.0,5.0,5.0,0.0,3.75,4.375,0.0,1.25,0.0,3.75,0.0,0.0,0.0,5.0,1.25,2.5,0.0,0.0,2.5,1.25,0.0,5.0,3.75,5.0,0.0,0.0,3.75,0.0,1.25,3.75,5.0,5.0,5.0,0.0,5.0,0.0,0.0,5.0,5.0,0.0,0.0,0.0,0.0,0.0,0.0,0.0,0.0
160,8,0.0,0.0,0.0,0.0,1.25,0.0,0.0,0.0,1.875,1.25,3.75,0.0,2.5,4.375,0.0,5.0,1.25,0.0,5.0,5.0,0.0,2.5,0.0,5.0,5.0,0.0,3.75,3.75,0.0,1.25,0.0,3.75,0.0,0.0,0.0,5.0,1.25,2.5,0.0,0.0,2.5,1.25,0.0,5.0,3.75,5.0,0.0,0.0,3.125,0.0,1.25,3.75,5.0,5.0,4.375,0.0,5.0,0.0,0.0,5.0,5.0,0.0,0.0,0.0,0.0,0.0,0.0,0.0,0.0
161,6,0.0,0.0,0.0,0.0,0.0,0.0,1.25,0.0,3.75,0.0,5.0,0.0,2.5,5.0,0.0,5.0,3.75,0.0,5.0,5.0,0.0,2.5,0.0,5.0,5.0,0.0,5.0,5.0,0.0,2.5,0.0,3.75,0.0,0.0,0.0,5.0,1.25,3.75,0.0,0.0,1.875,2.5,0.0,5.0,5.0,5.0,0.0,1.25,3.75,0.0,1.25,3.75,5.0,5.0,5.0,0.0,5.0,0.0,0.0,5.0,5.0,0.0,0.0,0.0,0.0,0.0,0.0,0.0,0.0
161,7,0.0,0.0,0.0,0.0,0.0,0.0,1.25,0.0,3.75,0.0,5.0,0.0,2.5,5.0,0.0,5.0,3.75,0.0,3.75,5.0,0.0,2.5,0.0,5.0,5.0,0.0,5.0,5.0,0.0,2.5,0.0,3.75,0.0,0.0,0.0,5.0,1.25,3.75,0.0,0.0,1.875,2.5,0.0,5.0,5.0,5.0,0.0,1.25,3.75,0.0,1.25,3.75,5.0,5.0,5.0,0.0,5.0,0.0,0.0,5.0,5.0,0.0,0.0,0.0,0.0,0.0,0.0,0.0,0.0
161,8,0.0,0.0,0.0,0.0,0.0,0.0,0.0,0.0,2.5,0.0,3.75,0.0,2.5,3.75,0.0,5.0,2.5,0.0,3.75,5.0,0.0,2.5,0.0,5.0,5.0,0.0,5.0,5.0,0.0,2.5,0.0,3.75,0.0,0.0,0.0,5.0,1.25,3.75,0.0,0.0,1.25,1.875,0.0,5.0,5.0,5.0,0.0,1.25,3.75,0.0,1.25,3.125,5.0,5.0,5.0,0.0,5.0,0.0,0.0,5.0,5.0,0.0,0.0,0.0,0.0,0.0,0.0,0.0,0.0
162,6,0.0,0.0,0.0,0.0,0.0,0.0,1.25,0.0,3.75,0.0,5.0,0.0,3.75,5.0,0.0,3.75,3.75,0.0,3.75,5.0,0.0,3.125,0.0,5.0,5.0,0.0,5.0,5.0,0.0,2.5,1.25,2.5,0.0,0.0,0.0,5.0,1.25,3.75,0.0,0.0,1.25,2.5,0.0,5.0,5.0,5.0,0.0,2.5,4.375,0.0,1.25,2.5,5.0,5.0,5.0,0.0,5.0,0.0,0.0,5.0,5.0,0.0,0.0,0.0,0.0,0.0,0.0,0.0,0.0
162,7,0.0,0.0,0.0,0.0,0.0,0.0,1.25,0.0,3.75,0.0,5.0,0.0,3.75,5.0,0.0,3.75,3.75,0.0,3.75,5.0,0.0,3.125,0.0,5.0,5.0,0.0,5.0,5.0,0.0,2.5,1.25,2.5,0.0,0.0,0.0,5.0,1.25,3.75,0.0,0.0,1.25,2.5,0.0,5.0,5.0,5.0,0.0,2.5,4.375,0.0,1.25,2.5,5.0,5.0,5.0,0.0,5.0,0.0,0.0,5.0,5.0,0.0,0.0,0.0,0.0,0.0,0.0,0.0,0.0
162,8,0.0,0.0,0.0,0.0,0.0,0.0,1.25,0.0,3.75,0.0,5.0,0.0,3.75,3.75,0.0,3.75,3.125,0.0,3.125,5.0,0.0,2.5,0.0,4.375,5.0,0.0,5.0,5.0,0.0,2.5,1.25,2.5,0.0,0.0,0.0,5.0,1.25,3.75,0.0,0.0,1.25,2.5,0.0,5.0,5.0,5.0,0.0,2.5,4.375,0.0,1.25,2.5,4.375,5.0,5.0,0.0,5.0,0.0,0.0,5.0,5.0,0.0,0.0,0.0,0.0,0.0,0.0,0.0,0.0
163,6,0.0,0.0,1.25,0.0,0.0,0.0,2.5,0.0,3.75,0.0,5.0,0.0,3.75,5.0,0.0,3.125,3.75,0.0,2.5,5.0,0.0,2.5,0.0,3.75,5.0,0.0,5.0,5.0,0.0,3.75,1.25,1.875,0.0,0.0,0.0,5.0,1.875,2.5,0.0,0.0,0.0,3.75,0.0,5.0,5.0,5.0,0.0,5.0,5.0,0.0,2.5,1.875,4.375,5.0,5.0,0.0,5.0,0.0,0.0,5.0,5.0,0.0,0.0,0.0,0.0,0.0,0.0,0.0,0.0
163,7,0.0,0.0,1.25,0.0,0.0,0.0,2.5,0.0,3.75,0.0,5.0,0.0,3.75,4.375,0.0,3.125,3.75,0.0,2.5,5.0,0.0,2.5,0.0,3.75,5.0,0.0,5.0,5.0,0.0,3.75,1.25,1.875,0.0,0.0,0.0,5.0,1.25,2.5,0.0,0.0,0.0,3.75,0.0,5.0,5.0,5.0,0.0,3.75,5.0,0.0,2.5,1.875,3.75,5.0,5.0,0.0,5.0,0.0,0.0,5.0,5.0,0.0,0.0,0.0,0.0,0.0,0.0,0.0,0.0
163,8,0.0,0.0,1.25,0.0,0.0,0.0,1.25,0.0,3.75,0.0,5.0,0.0,3.75,3.75,0.0,3.125,3.75,0.0,2.5,5.0,0.0,2.5,0.0,3.75,5.0,0.0,5.0,5.0,0.0,3.125,1.25,1.25,0.625,0.0,0.0,5.0,1.25,2.5,0.0,0.0,0.0,3.75,0.0,4.375,5.0,5.0,0.0,3.75,5.0,0.0,1.875,1.25,3.75,5.0,5.0,0.0,5.0,0.0,0.0,5.0,5.0,0.0,0.0,0.0,0.0,0.0,0.0,0.0,0.0
164,6,0.0,0.0,2.5,0.0,1.25,0.0,2.5,0.0,3.75,0.0,5.0,0.0,4.375,3.75,0.0,2.5,3.75,0.0,2.5,5.0,0.0,2.5,0.0,2.5,5.0,0.0,5.0,5.0,0.0,3.75,2.5,1.25,1.25,0.0,0.0,5.0,2.5,2.5,0.0,0.0,0.0,3.75,0.0,3.75,5.0,5.0,0.0,5.0,5.0,0.0,2.5,1.25,3.75,5.0,5.0,0.0,5.0,0.0,0.0,5.0,5.0,0.0,0.0,0.0,0.0,0.0,0.0,0.0,0.0
164,7,0.0,0.0,2.5,0.0,1.25,0.0,2.5,0.0,3.75,0.0,5.0,0.0,3.75,3.75,0.0,2.5,3.75,0.0,2.5,5.0,0.0,2.5,0.0,2.5,5.0,0.0,5.0,5.0,0.0,3.75,2.5,1.25,1.25,0.0,0.0,5.0,1.875,2.5,0.0,0.0,0.0,3.75,0.0,3.75,5.0,5.0,0.0,3.75,5.0,0.0,2.5,1.25,3.75,5.0,5.0,0.0,5.0,0.0,0.0,5.0,5.0,0.0,0.0,0.0,0.0,0.0,0.0,0.0,0.0
164,8,0.0,0.0,2.5,0.0,1.25,0.0,2.5,0.0,3.75,0.0,5.0,0.0,3.75,3.125,0.0,2.5,3.75,0.0,2.5,5.0,0.0,2.5,0.0,2.5,5.0,0.0,5.0,4.375,0.0,3.75,2.5,1.25,1.25,0.0,0.0,5.0,1.25,1.25,0.0,0.0,0.0,3.75,0.0,3.75,5.0,3.75,0.0,3.75,5.0,0.0,2.5,1.25,3.75,5.0,5.0,0.0,5.0,0.0,0.0,5.0,5.0,0.0,0.0,0.0,0.0,0.0,0.0,0.0,0.0
165,6,0.0,0.0,3.75,0.0,2.5,0.0,3.75,0.0,3.75,1.25,5.0,0.0,5.0,2.5,0.0,2.5,2.5,0.0,2.5,4.375,0.0,1.875,0.0,2.5,5.0,0.0,5.0,5.0,0.0,3.75,2.5,0.0,2.5,0.0,0.0,5.0,2.5,1.25,0.0,0.0,0.0,5.0,0.0,2.5,5.0,3.75,0.0,5.0,5.0,0.0,2.5,1.25,3.75,5.0,5.0,0.0,5.0,0.0,0.0,5.0,5.0,0.0,0.0,0.0,0.0,0.0,0.0,0.0,0.0
165,7,0.0,0.0,3.75,0.0,2.5,0.0,3.75,0.0,3.75,1.25,5.0,0.0,5.0,2.5,0.0,2.5,2.5,0.0,2.5,3.75,0.0,1.875,0.0,2.5,5.0,0.0,5.0,4.375,0.0,3.75,2.5,0.0,2.5,0.0,0.0,4.375,2.5,1.25,0.0,0.0,0.0,5.0,0.0,2.5,5.0,3.75,0.0,5.0,5.0,0.0,2.5,1.25,3.75,5.0,5.0,0.0,5.0,0.0,0.0,5.0,5.0,0.0,0.0,0.0,0.0,0.0,0.0,0.0,0.0
165,8,0.0,0.0,3.75,0.0,2.5,0.0,3.75,0.0,2.5,0.625,5.0,0.0,4.375,2.5,0.0,2.5,2.5,0.0,2.5,3.75,0.0,1.25,0.0,2.5,5.0,0.0,5.0,3.75,0.0,3.75,2.5,0.0,2.5,0.0,0.0,4.375,1.875,1.25,0.0,0.0,0.0,4.375,0.0,2.5,5.0,3.125,0.0,5.0,5.0,0.0,2.5,1.25,3.75,5.0,5.0,0.0,5.0,0.0,0.0,5.0,4.375,0.0,0.0,0.0,0.0,0.0,0.0,0.0,0.0
166,6,0.0,0.0,5.0,0.0,3.75,0.0,3.75,0.0,2.5,2.5,5.0,0.0,5.0,2.5,0.0,2.5,2.5,0.0,2.5,3.75,0.0,1.25,0.0,2.5,5.0,0.0,5.0,4.375,0.0,3.75,3.125,0.0,5.0,0.0,0.0,5.0,2.5,1.25,0.0,0.0,1.25,5.0,0.0,1.25,5.0,2.5,0.0,5.0,5.0,0.0,3.75,0.0,2.5,5.0,5.0,0.0,5.0,0.0,0.0,5.0,2.5,0.0,0.0,0.0,0.0,0.0,0.0,0.0,0.0
166,7,0.0,0.0,5.0,0.0,3.75,0.0,3.75,0.0,2.5,2.5,5.0,0.0,5.0,1.25,0.0,2.5,1.25,0.0,2.5,3.75,0.0,1.25,0.0,2.5,5.0,0.0,3.75,4.375,0.0,3.75,3.125,0.0,3.75,0.0,0.0,5.0,2.5,1.25,0.0,0.0,1.25,5.0,0.0,1.25,5.0,2.5,0.0,5.0,5.0,0.0,3.75,0.0,2.5,5.0,5.0,0.0,5.0,0.0,0.0,5.0,3.125,0.0,0.0,0.0,0.0,0.0,0.0,0.0,0.0
166,8,0.0,0.0,5.0,0.0,3.75,0.0,3.75,0.0,2.5,1.25,5.0,0.0,4.375,1.25,0.0,2.5,1.25,0.0,2.5,3.75,0.0,1.25,0.0,2.5,5.0,0.0,3.75,3.75,0.0,3.75,2.5,0.0,3.75,0.0,0.0,4.375,2.5,1.25,0.0,0.0,1.25,5.0,0.0,1.25,5.0,2.5,0.0,3.75,5.0,0.0,3.125,0.0,2.5,5.0,5.0,0.0,5.0,0.0,0.0,5.0,3.75,0.0,0.0,0.0,0.0,0.0,0.0,0.0,0.0
167,6,0.0,0.0,5.0,0.0,5.0,0.0,3.75,0.0,2.5,3.125,5.0,0.0,5.0,1.25,0.0,2.5,1.25,0.0,3.125,3.75,0.0,1.25,0.0,2.5,5.0,0.0,3.75,4.375,0.0,3.75,3.125,0.0,5.0,0.0,0.0,5.0,2.5,1.25,1.25,0.0,1.25,5.0,0.0,0.0,4.375,2.5,0.0,3.75,5.0,0.0,3.75,0.0,2.5,5.0,5.0,1.25,3.75,0.0,0.0,5.0,1.875,0.0,0.0,0.0,0.0,0.0,0.0,0.0,0.0
167,7,0.0,0.0,5.0,0.0,5.0,0.0,3.75,0.0,2.5,2.5,5.0,0.0,5.0,1.25,0.0,2.5,1.25,0.0,3.125,3.75,0.0,1.25,0.0,2.5,5.0,0.0,3.75,4.375,0.0,3.75,3.125,0.0,5.0,0.0,0.0,5.0,2.5,1.25,1.25,0.0,1.25,5.0,0.0,0.0,3.75,2.5,0.0,3.75,5.0,0.0,3.75,0.0,2.5,5.0,5.0,1.25,3.75,0.0,0.0,5.0,2.5,0.0,0.0,0.0,0.0,0.0,0.0,0.0,0.0
167,8,0.0,0.0,5.0,0.0,3.75,0.0,3.75,0.0,2.5,2.5,5.0,0.0,4.375,1.25,0.0,2.5,0.0,0.0,2.5,3.75,0.0,1.25,0.0,1.875,5.0,0.0,3.75,3.75,0.0,3.75,2.5,0.0,5.0,0.0,0.0,5.0,2.5,1.25,1.25,0.0,1.25,5.0,0.0,0.0,4.375,2.5,0.0,3.75,5.0,0.0,3.75,0.0,1.875,5.0,5.0,1.25,3.75,0.0,0.0,5.0,2.5,0.0,0.0,0.0,0.0,0.0,0.0,0.0,0.0
168,6,0.0,0.0,5.0,0.0,5.0,0.0,5.0,0.0,2.5,3.75,5.0,0.0,5.0,1.25,0.0,3.125,0.0,0.0,3.75,5.0,0.0,1.875,1.25,2.5,5.0,0.0,3.75,5.0,0.0,3.75,3.125,0.0,5.0,0.0,0.0,5.0,3.75,1.875,3.75,0.0,2.5,5.0,0.0,0.0,2.5,2.5,0.0,2.5,5.0,0.0,3.75,1.25,1.25,5.0,5.0,2.5,3.75,0.0,0.0,5.0,1.25,0.0,0.0,0.0,0.0,0.0,0.0,0.0,0.0
168,7,0.0,0.0,5.0,0.0,4.375,0.0,5.0,0.0,2.5,3.75,5.0,0.0,4.375,1.25,0.0,3.125,0.0,0.0,3.75,4.375,0.0,1.875,1.25,2.5,5.0,0.0,3.75,5.0,0.0,3.75,3.125,0.0,5.0,0.0,0.0,5.0,3.75,1.875,2.5,0.0,2.5,5.0,0.0,0.0,2.5,2.5,0.0,2.5,5.0,0.0,3.75,1.25,1.25,5.0,5.0,2.5,3.75,0.0,0.0,5.0,1.25,0.0,0.0,0.0,0.0,0.0,0.0,0.0,0.0
168,8,0.0,0.0,5.0,0.0,3.75,0.0,4.375,0.0,1.25,2.5,5.0,0.0,4.375,1.25,0.0,3.125,0.0,0.0,3.75,4.375,0.0,1.25,1.25,2.5,5.0,0.0,3.75,4.375,0.0,3.75,2.5,0.0,5.0,0.0,0.0,5.0,3.75,1.25,2.5,0.0,1.875,5.0,0.0,0.0,2.5,2.5,0.0,2.5,4.375,0.0,3.75,1.25,1.25,5.0,5.0,2.5,3.75,0.0,0.0,4.375,1.25,0.0,0.0,0.0,0.0,0.0,0.0,0.0,0.0
169,6,0.0,0.0,5.0,0.0,3.75,0.0,5.0,0.0,2.5,3.75,5.0,0.0,4.375,2.5,0.0,3.75,0.0,0.0,3.75,5.0,0.0,2.5,2.5,3.75,5.0,0.0,5.0,5.0,0.0,3.75,3.125,0.0,5.0,0.0,0.0,5.0,5.0,2.5,5.0,0.0,2.5,5.0,0.0,0.0,1.25,3.75,0.0,1.25,3.75,0.0,3.75,1.25,0.0,5.0,5.0,3.75,3.75,0.0,0.0,4.375,0.0,0.0,0.0,0.0,0.0,0.0,0.0,0.0,0.0
169,7,0.0,0.0,5.0,0.0,3.75,0.0,5.0,0.0,2.5,3.75,5.0,0.0,4.375,2.5,0.0,3.75,0.0,0.0,3.75,5.0,0.0,2.5,2.5,3.75,4.375,0.0,3.75,5.0,0.0,3.75,2.5,0.0,5.0,0.0,0.0,5.0,5.0,2.5,3.75,0.0,2.5,5.0,0.0,0.0,1.25,3.75,0.0,1.25,3.75,0.0,3.75,1.25,0.0,5.0,5.0,3.75,3.75,0.0,0.0,3.75,0.0,0.0,0.0,0.0,0.0,0.0,0.0,0.0,0.0
169,8,0.0,0.0,5.0,0.0,3.125,0.0,5.0,0.0,2.5,3.75,5.0,0.0,4.375,2.5,0.0,3.75,0.0,0.0,3.75,5.0,0.0,2.5,2.5,3.75,4.375,0.0,3.75,5.0,0.0,3.75,2.5,0.0,5.0,0.0,0.0,5.0,4.375,2.5,3.75,0.0,2.5,5.0,0.0,0.0,1.25,3.75,0.0,1.25,3.75,0.0,3.75,1.25,0.0,5.0,4.375,3.75,3.75,0.0,0.0,3.75,0.0,0.0,0.0,0.0,0.0,0.0,0.0,0.0,0.0
170,6,0.0,0.0,3.75,0.0,2.5,0.0,5.0,0.0,2.5,3.75,5.0,0.0,5.0,2.5,0.0,3.75,0.0,0.0,3.75,5.0,0.0,2.5,5.0,3.75,4.375,0.0,5.0,5.0,0.0,5.0,3.125,0.0,5.0,0.0,0.0,5.0,5.0,2.5,5.0,0.0,2.5,5.0,0.0,0.0,0.0,5.0,0.0,0.0,3.75,0.0,3.75,1.25,0.0,5.0,5.0,5.0,3.75,0.0,0.0,3.75,0.0,0.0,0.0,0.0,0.0,0.0,0.0,0.0,0.0
170,7,0.0,0.0,3.75,0.0,2.5,0.0,5.0,0.0,2.5,3.75,5.0,0.0,5.0,2.5,0.0,3.75,0.0,0.0,3.75,5.0,0.0,2.5,3.75,3.75,4.375,0.0,5.0,5.0,0.0,5.0,3.125,0.0,5.0,0.0,0.0,5.0,5.0,2.5,5.0,0.0,2.5,5.0,0.0,0.0,0.0,4.375,0.0,0.0,3.75,0.0,3.75,1.25,0.0,5.0,5.0,5.0,3.75,0.0,0.0,3.75,0.0,0.0,0.0,0.0,0.0,0.0,0.0,0.0,0.0
170,8,0.0,0.0,3.75,0.0,2.5,0.0,5.0,0.0,2.5,3.75,5.0,0.0,4.375,2.5,0.0,3.75,0.0,0.0,3.75,5.0,0.0,2.5,3.75,3.75,3.75,0.0,5.0,5.0,0.0,3.75,2.5,0.0,3.75,0.0,0.0,5.0,5.0,2.5,3.75,0.0,1.875,5.0,0.0,0.0,0.0,4.375,0.0,0.0,2.5,0.0,3.75,1.25,0.0,5.0,4.375,5.0,3.125,0.0,0.0,3.75,0.0,0.0,0.0,0.0,0.0,0.0,0.0,0.0,0.0
171,6,0.0,0.0,2.5,0.0,1.25,0.0,5.0,0.0,3.75,2.5,5.0,0.0,5.0,2.5,0.0,3.75,0.0,0.0,3.75,5.0,0.0,2.5,5.0,4.375,4.375,0.0,5.0,5.0,0.0,5.0,3.75,1.25,3.75,0.0,0.0,5.0,5.0,2.5,5.0,0.0,1.25,5.0,0.0,0.0,0.0,5.0,0.0,0.0,2.5,0.0,3.75,2.5,0.0,5.0,5.0,5.0,3.75,0.0,0.0,3.125,0.0,0.0,0.0,0.0,0.0,0.0,0.0,0.0,0.0
171,7,0.0,0.0,1.875,0.0,1.25,0.0,5.0,0.0,3.75,2.5,5.0,0.0,5.0,2.5,0.0,3.75,0.0,0.0,3.75,5.0,0.0,2.5,5.0,4.375,4.375,0.0,5.0,5.0,0.0,5.0,3.75,1.25,3.125,0.0,0.0,5.0,5.0,2.5,5.0,0.0,1.25,5.0,0.0,0.0,0.0,5.0,0.0,0.0,2.5,0.0,3.75,2.5,0.0,5.0,5.0,5.0,3.75,0.0,0.0,2.5,0.0,0.0,0.0,0.0,0.0,0.0,0.0,0.0,0.0
171,8,0.0,0.0,2.5,0.0,1.25,0.0,5.0,0.0,3.75,2.5,5.0,0.0,5.0,2.5,0.0,3.75,0.0,0.0,3.75,5.0,0.0,2.5,3.75,3.75,3.75,0.0,5.0,5.0,0.0,5.0,3.125,1.25,3.75,0.0,0.0,5.0,5.0,2.5,3.75,0.0,1.25,5.0,0.0,0.0,0.0,5.0,0.0,0.0,2.5,0.0,3.75,2.5,0.0,5.0,5.0,5.0,3.125,0.0,0.0,2.5,0.0,0.0,0.0,0.0,0.0,0.0,0.0,0.0,0.0
172,6,0.0,0.0,0.0,0.0,0.0,0.0,5.0,0.0,5.0,2.5,5.0,0.0,5.0,3.75,0.0,5.0,0.625,0.0,4.375,5.0,0.0,3.125,5.0,4.375,5.0,0.0,5.0,5.0,0.0,5.0,3.75,1.25,1.875,0.0,0.0,5.0,5.0,2.5,5.0,0.0,1.25,5.0,0.0,1.25,0.0,5.0,0.0,0.0,2.5,0.0,3.75,2.5,0.0,5.0,5.0,5.0,3.75,1.25,0.0,2.5,0.0,0.0,0.0,0.0,0.0,0.0,0.0,0.0,0.0
172,7,0.0,0.0,0.625,0.0,0.0,0.0,5.0,0.0,5.0,2.5,5.0,0.0,5.0,3.75,0.0,5.0,1.25,0.0,3.75,5.0,0.0,3.125,5.0,4.375,5.0,0.0,5.0,5.0,0.0,5.0,3.75,1.25,2.5,0.0,0.0,5.0,5.0,2.5,3.75,0.0,1.25,5.0,0.0,1.25,0.0,5.0,0.0,0.0,2.5,0.0,3.75,2.5,0.0,5.0,5.0,5.0,3.75,1.25,0.0,2.5,0.0,0.0,0.0,0.0,0.0,0.0,0.0,0.0,0.0
172,8,0.0,0.0,0.0,0.0,0.0,0.0,5.0,0.0,5.0,2.5,5.0,0.0,5.0,2.5,0.0,4.375,1.25,0.0,3.75,5.0,0.0,2.5,5.0,3.75,4.375,0.0,5.0,5.0,0.0,5.0,3.75,1.25,2.5,0.0,0.0,5.0,5.0,2.5,3.75,0.0,1.25,5.0,0.0,1.25,0.0,5.0,0.0,0.0,2.5,0.0,3.75,2.5,0.0,3.75,5.0,5.0,3.75,1.25,0.0,1.25,0.0,0.0,0.0,0.0,0.0,0.0,0.0,0.0,0.0
173,6,0.0,0.0,0.0,0.0,0.0,0.0,5.0,0.0,5.0,2.5,5.0,0.0,5.0,3.75,0.0,5.0,2.5,0.0,3.75,5.0,0.0,2.5,5.0,3.75,5.0,0.0,5.0,5.0,0.0,5.0,3.75,2.5,1.25,0.0,0.0,5.0,5.0,2.5,3.75,0.0,1.875,5.0,0.0,1.25,0.0,5.0,0.0,0.0,3.75,0.0,3.75,2.5,0.0,3.75,5.0,5.0,3.75,2.5,0.0,1.25,0.0,0.0,0.0,0.0,0.0,0.0,0.0,0.0,0.0
173,7,0.0,0.0,0.0,0.0,0.0,0.0,5.0,0.0,5.0,2.5,5.0,0.0,5.0,3.75,0.0,5.0,1.25,0.0,3.75,5.0,0.0,2.5,5.0,3.75,5.0,0.0,5.0,5.0,0.0,5.0,3.75,2.5,1.25,0.0,0.0,5.0,5.0,2.5,3.75,0.0,1.875,5.0,0.0,1.25,0.0,5.0,0.0,0.0,3.75,0.0,3.75,2.5,0.0,3.75,5.0,5.0,3.75,2.5,0.0,1.25,0.0,0.0,0.0,0.0,0.0,0.0,0.0,0.0,0.0
173,8,0.0,0.0,0.0,0.0,0.0,0.0,5.0,0.0,5.0,2.5,5.0,0.0,5.0,3.75,0.0,5.0,1.25,0.0,3.75,5.0,0.0,2.5,3.75,3.75,5.0,0.0,5.0,5.0,0.0,5.0,3.75,2.5,1.25,0.0,0.0,5.0,5.0,2.5,3.75,0.0,1.25,5.0,0.0,1.25,0.0,5.0,0.0,0.0,3.75,0.0,3.75,2.5,0.0,3.75,5.0,5.0,3.75,2.5,0.0,1.25,0.0,0.0,0.0,0.0,0.0,0.0,0.0,0.0,0.0
174,6,0.0,0.0,0.0,0.0,0.0,0.0,5.0,0.0,5.0,2.5,5.0,0.0,5.0,3.75,0.0,5.0,3.75,0.0,3.75,5.0,0.0,2.5,5.0,3.75,5.0,0.0,5.0,5.0,0.0,5.0,3.75,2.5,0.0,0.0,0.0,5.0,5.0,2.5,2.5,0.0,2.5,5.0,0.0,1.875,0.0,5.0,0.0,0.0,5.0,0.0,3.75,2.5,1.25,2.5,5.0,5.0,5.0,3.75,0.0,1.25,0.0,0.0,0.0,0.0,0.0,0.0,0.0,0.0,0.0
174,7,0.0,0.0,0.0,0.0,0.0,0.0,5.0,0.0,5.0,2.5,5.0,0.0,5.0,3.75,0.0,5.0,2.5,0.0,3.75,5.0,0.0,2.5,3.75,3.75,5.0,0.0,5.0,5.0,0.0,5.0,3.75,2.5,0.0,0.0,0.0,5.0,5.0,2.5,2.5,0.0,2.5,5.0,0.0,1.875,0.0,5.0,0.0,0.0,3.75,0.0,3.75,2.5,1.25,2.5,5.0,5.0,5.0,3.75,0.0,1.25,0.0,0.0,0.0,0.0,0.0,0.0,0.0,0.0,0.0
174,8,0.0,0.0,0.0,0.0,0.0,0.0,5.0,0.0,5.0,2.5,5.0,0.0,5.0,3.75,0.0,5.0,2.5,0.0,3.75,5.0,0.0,2.5,3.75,3.75,5.0,0.0,5.0,5.0,0.0,5.0,3.75,2.5,0.0,0.0,0.0,5.0,5.0,2.5,2.5,0.0,2.5,5.0,0.0,1.25,0.0,5.0,0.0,0.0,3.75,0.0,3.75,2.5,1.25,2.5,5.0,5.0,5.0,3.75,0.0,1.25,0.0,0.0,0.0,0.0,0.0,0.0,0.0,0.0,0.0
175,6,0.0,0.0,0.0,0.0,0.0,0.0,5.0,0.0,5.0,2.5,5.0,0.0,5.0,5.0,0.0,5.0,3.75,0.0,3.75,5.0,0.0,2.5,3.75,3.75,5.0,0.0,5.0,5.0,0.0,5.0,3.75,2.5,0.0,0.0,0.0,5.0,5.0,2.5,1.25,0.0,3.75,5.0,0.0,2.5,0.0,5.0,0.0,0.0,5.0,0.0,3.75,2.5,1.25,1.25,5.0,5.0,5.0,5.0,0.0,1.25,0.0,0.0,0.0,0.0,0.0,0.0,0.0,0.0,0.0
175,7,0.0,0.0,0.0,0.0,0.0,0.0,5.0,0.0,5.0,2.5,5.0,0.0,5.0,5.0,0.0,5.0,3.75,0.0,3.75,5.0,0.0,2.5,2.5,3.75,5.0,0.0,5.0,5.0,0.0,5.0,3.75,2.5,0.0,0.0,0.0,4.375,5.0,2.5,1.25,0.0,3.75,5.0,0.0,2.5,0.0,5.0,0.0,0.0,5.0,0.0,3.75,2.5,1.25,1.25,5.0,5.0,5.0,5.0,0.0,1.25,0.0,0.0,0.0,0.0,0.0,0.0,0.0,0.0,0.0
175,8,0.0,0.0,0.0,0.0,0.0,0.0,5.0,0.0,5.0,2.5,5.0,0.0,5.0,5.0,0.0,5.0,3.75,0.0,3.75,5.0,0.0,2.5,2.5,3.75,5.0,0.0,3.75,5.0,0.0,5.0,3.75,2.5,0.0,0.0,0.0,4.375,5.0,2.5,1.25,0.0,3.125,5.0,0.0,2.5,0.0,5.0,0.0,0.0,4.375,0.0,3.75,2.5,1.25,1.25,5.0,5.0,5.0,5.0,0.0,1.25,0.0,0.0,0.0,0.0,0.0,0.0,0.0,0.0,0.0
176,6,0.0,0.0,1.25,0.0,0.0,0.0,5.0,0.0,5.0,2.5,5.0,0.0,5.0,5.0,0.0,5.0,5.0,0.0,3.75,5.0,0.0,3.75,1.25,3.75,5.0,0.0,4.375,5.0,0.0,5.0,3.75,2.5,0.0,0.0,0.0,3.75,5.0,2.5,0.0,0.0,3.75,5.0,0.0,2.5,0.0,5.0,0.0,0.0,5.0,0.0,3.75,2.5,1.25,1.25,5.0,5.0,5.0,5.0,0.0,2.5,0.0,0.0,0.0,0.0,0.0,0.0,0.0,0.0,0.0
176,7,0.0,0.0,1.25,0.0,0.0,0.0,5.0,0.0,5.0,2.5,5.0,0.0,5.0,5.0,0.0,5.0,5.0,0.0,3.75,5.0,0.0,3.75,1.25,3.75,5.0,0.0,4.375,5.0,0.0,5.0,3.75,2.5,0.0,0.0,0.0,3.75,5.0,2.5,0.0,0.0,3.75,5.0,0.0,2.5,0.0,5.0,0.0,0.0,5.0,0.0,3.75,2.5,1.25,0.0,5.0,5.0,5.0,5.0,0.0,2.5,0.0,0.0,0.0,0.0,0.0,0.0,0.0,0.0,0.0
176,8,0.0,0.0,1.25,0.0,0.0,0.0,5.0,0.0,5.0,2.5,5.0,0.0,4.375,5.0,0.0,5.0,3.75,0.0,3.75,5.0,0.0,3.125,1.25,3.75,5.0,0.0,3.75,5.0,0.0,5.0,3.75,2.5,0.0,0.0,0.0,3.75,5.0,2.5,0.0,0.0,3.75,5.0,0.0,1.875,0.0,3.75,0.0,0.0,4.375,0.0,3.75,2.5,1.25,0.0,5.0,5.0,5.0,5.0,0.0,2.5,0.0,0.0,0.0,0.0,0.0,0.0,0.0,0.0,0.0
177,6,0.0,0.0,2.5,0.0,1.25,0.0,5.0,0.0,5.0,2.5,5.0,0.0,5.0,5.0,0.0,5.0,4.375,0.0,3.75,5.0,0.0,3.75,1.25,3.75,5.0,0.0,4.375,5.0,0.0,5.0,3.75,2.5,0.0,0.0,0.0,3.75,3.75,2.5,0.0,0.0,5.0,5.0,0.0,1.25,1.25,3.75,0.0,0.0,5.0,0.0,3.75,3.75,1.25,0.0,5.0,4.375,5.0,5.0,0.0,3.75,0.0,0.0,0.0,0.0,0.0,0.0,0.0,0.0,0.0
177,7,0.0,0.0,2.5,0.0,1.25,0.0,5.0,0.0,5.0,2.5,5.0,0.0,5.0,5.0,0.0,5.0,3.75,0.0,3.75,5.0,0.0,3.75,0.625,3.75,5.0,0.0,3.75,5.0,0.0,5.0,3.75,2.5,0.0,0.0,0.0,3.75,3.75,2.5,0.0,0.0,5.0,5.0,0.0,1.25,1.25,3.75,0.0,0.0,3.75,0.0,3.75,3.75,1.25,0.0,5.0,4.375,5.0,5.0,0.0,3.75,0.0,0.0,0.0,0.0,0.0,0.0,0.0,0.0,0.0
177,8,0.0,0.0,2.5,0.0,1.25,0.0,5.0,0.0,5.0,2.5,4.375,0.0,4.375,5.0,0.0,5.0,3.125,0.0,3.75,5.0,0.0,3.75,0.625,3.75,5.0,0.0,3.75,5.0,0.0,5.0,3.125,2.5,0.0,0.0,0.0,3.75,3.75,2.5,0.0,0.0,5.0,5.0,0.0,1.25,1.25,3.75,0.0,0.0,3.75,0.0,3.75,3.125,1.25,0.0,5.0,4.375,5.0,5.0,0.0,3.75,0.0,0.0,0.0,0.0,0.0,0.0,0.0,0.0,0.0
178,6,0.0,0.0,5.0,0.0,2.5,0.0,5.0,0.0,5.0,2.5,4.375,0.0,4.375,5.0,0.0,5.0,3.75,0.0,3.75,5.0,0.0,3.75,0.0,3.75,5.0,0.0,4.375,5.0,0.0,5.0,3.125,2.5,0.0,0.0,0.0,3.75,3.75,2.5,0.0,0.0,5.0,5.0,0.0,1.25,1.875,3.75,0.0,0.0,3.75,0.0,3.75,3.75,1.25,0.0,5.0,2.5,5.0,5.0,0.0,5.0,1.25,0.0,0.0,0.0,0.0,0.0,0.0,0.0,0.0
178,7,0.0,0.0,3.75,0.0,2.5,0.0,5.0,0.0,5.0,2.5,4.375,0.0,4.375,5.0,0.0,5.0,3.75,0.0,3.75,5.0,0.0,3.75,0.0,3.75,5.0,0.0,4.375,5.0,0.0,4.375,3.125,2.5,0.0,0.0,0.0,3.75,3.125,2.5,0.0,0.0,5.0,5.0,0.0,1.25,1.25,3.75,0.0,0.0,3.75,0.0,3.75,3.75,1.25,0.0,5.0,2.5,5.0,3.75,0.0,5.0,1.25,0.0,0.0,0.0,0.0,0.0,0.0,0.0,0.0
178,8,0.0,0.0,3.75,0.0,1.25,0.0,5.0,0.0,5.0,2.5,3.75,0.0,3.75,5.0,0.0,5.0,2.5,0.0,3.75,5.0,0.0,3.75,0.0,3.75,5.0,0.0,3.75,5.0,0.0,3.75,2.5,2.5,0.0,0.0,0.0,3.75,3.125,2.5,0.0,0.0,5.0,5.0,0.0,1.25,1.25,3.75,0.0,0.0,3.75,0.0,3.75,3.75,1.25,0.0,5.0,2.5,5.0,3.75,0.0,5.0,1.25,0.0,0.0,0.0,0.0,0.0,0.0,0.0,0.0
179,6,0.0,0.0,5.0,0.0,3.125,0.0,5.0,0.0,5.0,2.5,3.75,0.0,3.75,5.0,0.0,5.0,2.5,0.0,5.0,5.0,0.0,5.0,1.25,5.0,5.0,0.0,5.0,5.0,0.0,3.75,3.125,2.5,0.0,0.0,0.0,3.75,2.5,2.5,0.0,0.0,5.0,5.0,0.0,0.0,2.5,3.75,0.0,0.0,3.125,0.0,3.75,3.75,1.25,0.0,5.0,1.25,5.0,3.75,0.0,5.0,2.5,0.0,0.0,0.0,0.0,0.0,0.0,0.0,0.0
179,7,0.0,0.0,3.75,0.0,3.125,0.0,5.0,0.0,5.0,2.5,3.75,0.0,3.75,5.0,0.0,5.0,2.5,0.0,5.0,5.0,0.0,5.0,1.25,4.375,5.0,0.0,5.0,5.0,0.0,3.75,3.125,2.5,0.0,0.0,0.0,3.75,2.5,2.5,0.0,0.0,5.0,5.0,0.0,0.625,2.5,3.75,0.0,0.0,2.5,0.0,3.75,3.75,1.25,0.0,5.0,1.25,5.0,3.75,0.0,5.0,2.5,0.0,0.0,0.0,0.0,0.0,0.0,0.0,0.0
179,8,0.0,0.0,3.75,0.0,2.5,0.0,5.0,0.0,5.0,2.5,3.75,0.0,3.75,5.0,0.0,5.0,2.5,0.0,4.375,5.0,0.0,4.375,1.25,3.75,5.0,0.0,5.0,4.375,0.0,3.75,3.125,2.5,0.0,0.0,0.0,3.125,2.5,2.5,0.0,0.0,5.0,4.375,0.0,0.0,2.5,3.75,0.0,0.0,2.5,0.0,3.75,3.75,1.25,0.0,5.0,1.25,5.0,3.75,0.0,5.0,2.5,0.0,0.0,0.0,0.0,0.0,0.0,0.0,0.0
180,6,0.0,0.0,5.0,0.0,3.75,0.0,4.375,0.0,5.0,2.5,3.75,0.0,3.75,5.0,0.0,5.0,2.5,0.0,5.0,5.0,0.0,5.0,2.5,5.0,5.0,0.0,5.0,5.0,0.0,3.75,3.125,2.5,0.0,0.0,0.0,3.75,2.5,2.5,1.25,0.0,5.0,3.75,0.0,0.0,2.5,3.75,0.0,0.0,2.5,0.0,3.75,3.75,1.25,0.0,5.0,0.0,5.0,2.5,0.0,5.0,3.75,0.0,0.0,0.0,0.0,0.0,0.0,0.0,0.0
180,7,0.0,0.0,5.0,0.0,3.75,0.0,4.375,0.0,5.0,2.5,3.75,0.0,3.75,5.0,0.0,5.0,2.5,0.0,5.0,5.0,0.0,5.0,1.25,5.0,5.0,0.0,5.0,5.0,0.0,3.75,2.5,2.5,0.0,0.0,0.0,3.75,2.5,2.5,0.0,0.0,5.0,3.75,0.0,0.0,2.5,3.75,0.0,0.0,2.5,0.0,3.75,3.75,1.25,0.0,5.0,0.0,5.0,2.5,0.0,5.0,3.75,0.0,0.0,0.0,0.0,0.0,0.0,0.0,0.0
180,8,0.0,0.0,5.0,0.0,3.75,0.0,4.375,0.0,5.0,2.5,3.75,0.0,3.75,5.0,0.0,5.0,1.25,0.0,5.0,5.0,0.0,5.0,1.25,5.0,5.0,0.0,5.0,4.375,0.0,3.75,2.5,2.5,0.0,0.0,0.0,3.75,1.875,2.5,0.0,0.0,5.0,3.75,0.0,0.0,2.5,3.75,0.0,0.0,2.5,0.0,3.75,3.75,1.25,0.0,5.0,0.0,5.0,2.5,0.0,5.0,3.75,0.0,0.0,0.0,0.0,0.0,0.0,0.0,0.0
181,6,0.0,0.0,5.0,0.0,5.0,0.0,3.75,0.0,5.0,2.5,3.75,0.0,5.0,5.0,0.0,5.0,2.5,0.0,5.0,5.0,0.0,5.0,3.75,5.0,5.0,0.0,5.0,5.0,0.0,3.75,3.125,3.75,0.0,0.0,0.0,3.75,1.25,2.5,1.25,0.0,5.0,3.125,0.0,0.0,2.5,3.75,0.0,0.0,2.5,0.0,3.75,3.75,2.5,0.0,5.0,0.0,5.0,1.25,0.0,5.0,5.0,0.0,0.0,0.0,0.0,0.0,0.0,0.0,0.0
181,7,0.0,0.0,5.0,0.0,5.0,0.0,3.75,0.0,4.375,2.5,3.75,0.0,5.0,5.0,0.0,5.0,1.875,0.0,5.0,5.0,0.0,5.0,2.5,5.0,5.0,0.0,5.0,5.0,0.0,3.75,2.5,3.125,0.0,0.0,0.0,3.75,1.25,2.5,1.25,0.0,5.0,3.125,0.0,0.0,2.5,3.75,0.0,0.0,2.5,0.0,3.75,3.75,2.5,0.0,5.0,0.0,5.0,1.25,0.0,5.0,5.0,0.0,0.0,0.0,0.0,0.0,0.0,0.0,0.0
181,8,0.0,0.0,5.0,0.0,5.0,0.0,3.75,0.0,4.375,2.5,3.75,0.0,4.375,4.375,0.0,5.0,1.25,0.0,5.0,5.0,0.0,5.0,2.5,5.0,5.0,0.0,5.0,4.375,0.0,3.75,2.5,3.125,0.0,0.0,0.0,3.75,1.25,2.5,1.25,0.0,5.0,3.125,0.0,0.0,2.5,3.75,0.0,0.0,2.5,0.0,3.75,3.75,2.5,0.0,5.0,0.0,5.0,1.25,0.0,5.0,5.0,0.0,0.0,0.0,0.0,0.0,0.0,0.0,0.0
182,6,0.0,0.0,5.0,0.0,5.0,0.0,3.75,0.0,3.75,2.5,3.75,0.0,5.0,3.75,0.0,5.0,2.5,0.0,5.0,5.0,0.0,5.0,3.75,5.0,5.0,0.0,5.0,5.0,0.0,3.125,3.75,3.75,0.0,0.0,0.0,3.75,2.5,3.125,2.5,0.0,5.0,3.125,0.0,0.0,2.5,3.75,0.0,0.0,2.5,0.0,3.75,3.75,2.5,0.0,5.0,0.0,5.0,0.0,0.0,5.0,5.0,0.0,0.0,0.0,0.0,0.0,0.0,0.0,0.0
182,7,0.0,0.0,5.0,0.0,5.0,0.0,3.75,0.0,3.75,2.5,3.75,0.0,5.0,3.75,0.0,5.0,2.5,0.0,5.0,5.0,0.0,5.0,3.75,5.0,5.0,0.0,5.0,5.0,0.0,3.125,3.75,3.75,0.0,0.0,0.0,3.75,2.5,2.5,2.5,0.0,5.0,3.125,0.0,0.0,2.5,3.75,0.0,0.0,2.5,0.0,3.75,3.75,2.5,0.0,5.0,0.0,5.0,0.0,0.0,5.0,5.0,0.0,0.0,0.0,0.0,0.0,0.0,0.0,0.0
182,8,0.0,0.0,5.0,0.0,5.0,0.0,3.75,0.0,3.75,2.5,3.75,0.0,5.0,3.75,0.0,5.0,1.875,0.0,5.0,5.0,0.0,5.0,3.75,5.0,5.0,0.0,5.0,5.0,0.0,2.5,3.125,3.75,0.0,0.0,0.0,3.75,2.5,2.5,2.5,0.0,5.0,2.5,0.0,0.0,2.5,3.75,0.0,0.0,2.5,0.0,3.75,3.75,2.5,0.0,5.0,0.0,5.0,0.0,0.0,5.0,5.0,0.0,0.0,0.0,0.0,0.0,0.0,0.0,0.0
183,6,0.0,0.0,5.0,0.0,5.0,0.0,3.75,0.0,3.75,2.5,5.0,0.0,5.0,3.75,0.0,5.0,3.75,0.0,5.0,5.0,0.0,5.0,5.0,5.0,5.0,0.0,5.0,5.0,0.0,2.5,3.75,3.75,0.0,0.0,0.0,4.375,3.75,3.75,3.75,0.0,5.0,3.75,0.0,1.25,2.5,3.75,0.0,0.0,2.5,0.0,3.75,3.75,3.75,1.25,5.0,0.0,5.0,0.0,0.0,5.0,5.0,0.0,0.0,0.0,0.0,0.0,0.0,0.0,0.0
183,7,0.0,0.0,5.0,0.0,5.0,0.0,3.75,0.0,3.75,2.5,5.0,0.0,5.0,3.75,0.0,5.0,3.125,0.0,5.0,5.0,0.0,5.0,5.0,5.0,5.0,0.0,5.0,5.0,0.0,2.5,3.75,3.75,0.0,0.0,0.0,4.375,3.75,3.75,3.75,0.0,5.0,3.75,0.0,1.25,2.5,3.75,0.0,0.0,2.5,0.0,3.75,3.75,3.125,1.25,5.0,0.0,5.0,0.0,0.0,5.0,5.0,0.0,0.0,0.0,0.0,0.0,0.0,0.0,0.0
183,8,0.0,0.0,5.0,0.0,5.0,0.0,3.75,0.0,3.75,2.5,3.75,0.0,5.0,3.75,0.0,5.0,2.5,0.0,5.0,5.0,0.0,5.0,3.75,5.0,5.0,0.0,5.0,5.0,0.0,2.5,3.75,3.75,0.0,0.0,0.0,3.75,3.125,3.75,3.75,0.0,5.0,3.125,0.0,1.25,1.875,3.75,0.0,0.0,2.5,0.0,3.75,3.125,2.5,1.25,5.0,0.0,5.0,0.0,0.0,5.0,5.0,0.0,0.0,0.0,0.0,0.0,0.0,0.0,0.0
184,6,0.0,0.0,5.0,0.0,5.0,0.0,5.0,0.0,3.75,2.5,5.0,0.0,5.0,3.75,0.0,5.0,3.75,0.0,5.0,5.0,0.0,5.0,5.0,5.0,5.0,0.0,3.75,5.0,0.0,2.5,5.0,5.0,1.25,0.0,0.0,5.0,5.0,4.375,3.75,0.0,4.375,3.75,0.0,1.875,1.25,3.75,0.0,1.25,2.5,0.0,3.125,3.75,3.75,1.875,3.75,0.0,3.75,0.0,0.0,5.0,5.0,0.0,0.0,0.0,0.0,0.0,0.0,0.0,0.0
184,7,0.0,0.0,5.0,0.0,5.0,0.0,4.375,0.0,3.75,2.5,5.0,0.0,5.0,3.75,0.0,5.0,3.75,0.0,5.0,5.0,0.0,5.0,5.0,5.0,5.0,0.0,3.75,5.0,0.0,2.5,4.375,5.0,1.25,0.0,0.0,5.0,4.375,3.75,3.75,0.0,4.375,3.75,0.0,1.25,1.25,3.75,0.0,1.25,2.5,0.0,2.5,3.75,3.75,1.875,3.75,0.0,3.75,0.0,0.0,5.0,5.0,0.0,0.0,0.0,0.0,0.0,0.0,0.0,0.0
184,8,0.0,0.0,3.75,0.0,5.0,0.0,3.75,0.0,3.75,2.5,5.0,0.0,5.0,3.75,0.0,5.0,3.75,0.0,5.0,5.0,0.0,5.0,3.75,5.0,5.0,0.0,3.75,5.0,0.0,2.5,3.75,5.0,1.25,0.0,0.0,4.375,4.375,3.75,3.75,0.0,3.75,3.75,0.0,1.25,1.25,3.125,0.0,1.25,2.5,0.0,2.5,3.125,3.125,1.25,3.125,0.0,3.75,0.0,0.0,5.0,5.0,0.0,0.0,0.0,0.0,0.0,0.0,0.0,0.0
185,6,0.0,0.0,5.0,0.0,5.0,0.0,5.0,0.0,3.75,2.5,5.0,0.0,5.0,3.75,0.0,5.0,3.75,0.0,4.375,5.0,0.0,5.0,5.0,5.0,5.0,0.0,3.75,5.0,0.0,2.5,5.0,5.0,2.5,0.0,0.0,5.0,5.0,5.0,3.75,0.0,3.75,3.75,0.0,2.5,0.0,3.75,0.0,1.25,3.125,0.0,2.5,3.75,3.75,2.5,1.25,0.0,1.875,0.0,0.0,3.75,5.0,0.0,0.0,0.0,0.0,0.0,0.0,0.0,0.0
185,7,0.0,0.0,5.0,0.0,5.0,0.0,5.0,0.0,3.75,2.5,5.0,0.0,5.0,3.75,0.0,5.0,3.75,0.0,4.375,5.0,0.0,5.0,5.0,5.0,5.0,0.0,3.75,4.375,0.0,2.5,5.0,5.0,1.875,0.0,0.0,5.0,5.0,5.0,3.75,0.0,3.75,3.75,0.0,2.5,0.0,3.125,0.0,1.25,2.5,0.0,2.5,3.75,3.125,2.5,1.25,0.0,1.875,0.0,0.0,3.75,5.0,0.0,0.0,0.0,0.0,0.0,0.0,0.0,0.0
185,8,0.0,0.0,3.75,0.0,5.0,0.0,5.0,0.0,3.75,2.5,5.0,0.0,5.0,3.75,0.0,5.0,3.75,0.0,3.75,5.0,0.0,5.0,3.75,5.0,5.0,0.0,3.75,4.375,0.0,2.5,5.0,5.0,1.25,0.0,0.0,5.0,5.0,4.375,3.75,0.0,3.75,3.75,0.0,2.5,0.0,3.125,0.0,1.25,2.5,0.0,2.5,3.75,3.125,2.5,1.25,0.0,1.25,0.0,0.0,3.75,5.0,0.0,0.0,0.0,0.0,0.0,0.0,0.0,0.0
186,6,0.0,0.0,5.0,0.0,5.0,0.0,5.0,0.0,3.75,3.75,5.0,0.0,5.0,3.75,0.0,5.0,3.75,0.0,3.75,5.0,0.0,5.0,3.75,5.0,5.0,0.0,3.75,4.375,0.0,3.125,5.0,5.0,3.75,0.0,0.0,5.0,5.0,3.75,3.75,0.0,3.75,3.75,0.0,2.5,0.0,3.125,0.0,2.5,3.75,0.0,2.5,3.75,2.5,2.5,0.0,0.0,1.25,0.0,0.0,2.5,5.0,0.0,0.0,0.0,0.0,0.0,0.0,0.0,0.0
186,7,0.0,0.0,5.0,0.0,5.0,0.0,5.0,0.0,3.75,3.75,5.0,0.0,5.0,3.75,0.0,5.0,3.75,0.0,3.75,5.0,0.0,5.0,3.75,5.0,5.0,0.0,3.125,3.75,0.0,3.125,5.0,5.0,2.5,0.0,0.0,5.0,5.0,3.75,3.75,0.0,3.75,3.75,0.0,2.5,0.0,3.125,0.0,2.5,3.75,0.0,2.5,3.75,2.5,2.5,0.0,0.0,0.0,0.0,0.0,2.5,5.0,0.0,0.0,0.0,0.0,0.0,0.0,0.0,0.0
186,8,0.0,0.0,3.75,0.0,5.0,0.0,5.0,0.0,3.75,3.75,5.0,0.0,5.0,3.75,0.0,5.0,3.75,0.0,3.75,5.0,0.0,5.0,3.125,5.0,5.0,0.0,2.5,3.75,0.0,2.5,5.0,5.0,2.5,0.0,0.0,5.0,5.0,3.75,3.75,0.0,3.75,3.75,0.0,2.5,0.0,2.5,0.0,2.5,3.125,0.0,1.25,3.75,2.5,2.5,0.0,0.0,0.625,0.0,0.0,2.5,5.0,0.0,0.0,0.0,0.0,0.0,0.0,0.0,0.0
187,6,0.0,0.0,4.375,0.0,5.0,0.0,5.0,0.0,3.75,3.75,5.0,0.0,5.0,3.75,0.0,5.0,3.75,0.0,3.125,5.0,0.0,4.375,3.75,5.0,4.375,0.0,2.5,3.75,0.0,3.75,5.0,5.0,3.75,0.0,0.0,5.0,5.0,3.75,3.75,0.0,3.125,5.0,0.0,3.75,0.0,3.125,0.0,3.125,3.75,0.0,2.5,3.125,2.5,2.5,0.0,0.0,0.0,0.0,0.0,1.25,3.75,0.0,0.0,0.0,0.0,0.0,0.0,0.0,0.0
187,7,0.0,0.0,3.75,0.0,5.0,0.0,5.0,0.0,3.75,3.75,5.0,0.0,5.0,3.75,0.0,5.0,3.75,0.0,3.125,5.0,0.0,4.375,2.5,5.0,4.375,0.0,2.5,3.75,0.0,3.75,5.0,5.0,3.75,0.0,0.0,5.0,5.0,3.75,3.75,0.0,3.125,4.375,0.0,3.125,0.0,3.125,0.0,2.5,3.125,0.0,2.5,3.125,2.5,2.5,0.0,0.0,0.0,0.0,0.0,1.25,3.75,0.0,0.0,0.0,0.0,0.0,0.0,0.0,0.0
187,8,0.0,0.0,3.75,0.0,5.0,0.0,5.0,0.0,3.75,3.75,5.0,0.0,5.0,3.75,0.0,5.0,3.75,0.0,2.5,5.0,0.0,3.75,2.5,5.0,4.375,0.0,2.5,3.75,0.0,3.75,5.0,5.0,3.75,0.0,0.0,5.0,5.0,3.75,3.125,0.0,2.5,3.75,0.0,2.5,0.0,2.5,0.0,2.5,3.125,0.0,1.25,2.5,2.5,2.5,0.0,0.0,0.0,0.0,0.0,1.25,3.75,0.0,0.0,0.0,0.0,0.0,0.0,0.0,0.0
188,6,0.0,0.0,3.75,0.0,5.0,0.0,5.0,0.0,5.0,3.75,5.0,0.0,5.0,4.375,0.0,5.0,3.75,0.0,3.75,5.0,0.0,3.75,3.75,5.0,3.75,0.0,2.5,3.125,0.0,3.75,5.0,5.0,5.0,0.0,0.0,5.0,5.0,2.5,3.75,0.0,2.5,5.0,0.0,3.75,0.0,2.5,0.0,3.75,3.125,0.0,2.5,2.5,2.5,1.875,0.0,0.0,0.0,0.0,0.0,0.0,2.5,0.0,0.0,0.0,0.0,0.0,0.0,0.0,0.0
188,7,0.0,0.0,3.75,0.0,5.0,0.0,5.0,0.0,5.0,3.75,5.0,0.0,5.0,4.375,0.0,5.0,3.75,0.0,3.75,5.0,0.0,3.75,3.125,5.0,3.75,0.0,2.5,3.125,0.0,3.75,5.0,5.0,5.0,0.0,0.0,5.0,5.0,2.5,3.75,0.0,2.5,5.0,0.0,3.75,0.0,2.5,0.0,3.75,3.125,0.0,2.5,2.5,2.5,1.875,0.0,0.0,0.0,0.0,0.0,0.0,2.5,0.0,0.0,0.0,0.0,0.0,0.0,0.0,0.0
188,8,0.0,0.0,3.75,0.0,5.0,0.0,5.0,0.0,3.75,3.75,5.0,0.0,5.0,3.75,0.0,5.0,3.75,0.0,2.5,4.375,0.0,3.75,2.5,5.0,3.75,0.0,1.875,2.5,0.0,3.75,5.0,5.0,4.375,0.0,0.0,4.375,5.0,2.5,2.5,0.0,2.5,5.0,0.0,3.125,0.0,2.5,0.0,3.125,2.5,0.0,2.5,2.5,2.5,1.25,0.0,0.0,0.0,0.0,0.0,0.0,2.5,0.0,0.0,0.0,0.0,0.0,0.0,0.0,0.0
189,6,0.0,0.0,4.375,0.0,5.0,0.0,5.0,0.0,5.0,3.75,5.0,0.0,5.0,5.0,0.0,5.0,3.75,0.0,3.75,5.0,0.0,3.75,3.75,5.0,3.75,0.0,2.5,2.5,0.0,5.0,5.0,5.0,5.0,0.0,0.0,4.375,5.0,2.5,3.75,0.0,2.5,5.0,0.0,3.75,0.0,2.5,0.0,3.125,3.75,0.0,3.75,2.5,2.5,1.25,0.0,0.0,0.0,0.0,0.0,0.0,1.25,0.0,0.0,0.0,0.0,0.0,0.0,0.0,0.0
189,7,0.0,0.0,4.375,0.0,5.0,0.0,5.0,0.0,5.0,3.75,5.0,0.0,5.0,5.0,0.0,5.0,3.75,0.0,3.75,5.0,0.0,3.75,3.75,5.0,3.75,0.0,2.5,2.5,0.0,5.0,5.0,5.0,5.0,0.0,0.0,4.375,5.0,2.5,3.75,0.0,2.5,5.0,0.0,3.75,0.0,2.5,0.0,3.125,3.75,0.0,3.75,2.5,2.5,1.25,0.0,0.0,0.0,0.0,0.0,0.0,1.25,0.0,0.0,0.0,0.0,0.0,0.0,0.0,0.0
189,8,0.0,0.0,3.75,0.0,5.0,0.0,5.0,0.0,5.0,3.75,5.0,0.0,5.0,4.375,0.0,5.0,3.75,0.0,3.75,5.0,0.0,3.75,3.75,5.0,3.75,0.0,2.5,2.5,0.0,5.0,5.0,5.0,3.75,0.0,0.0,3.75,5.0,2.5,2.5,0.0,2.5,5.0,0.0,3.75,0.0,2.5,0.0,2.5,3.125,0.0,3.75,2.5,2.5,1.25,0.0,0.0,0.0,0.0,0.0,0.0,1.25,0.0,0.0,0.0,0.0,0.0,0.0,0.0,0.0
190,6,0.0,0.0,5.0,0.0,5.0,0.0,5.0,0.0,5.0,4.375,5.0,0.0,5.0,5.0,0.0,5.0,3.75,0.0,5.0,5.0,0.0,3.75,3.75,5.0,4.375,0.0,2.5,2.5,0.0,5.0,5.0,5.0,5.0,0.0,0.0,3.75,5.0,1.25,3.75,0.0,2.5,5.0,0.0,3.75,0.0,2.5,0.0,2.5,3.75,0.0,5.0,2.5,2.5,0.0,0.0,0.0,0.0,0.0,0.0,0.0,0.0,0.0,0.0,0.0,0.0,0.0,0.0,0.0,0.0
190,7,0.0,0.0,5.0,0.0,5.0,0.0,5.0,0.0,5.0,4.375,5.0,0.0,5.0,5.0,0.0,5.0,3.75,0.0,4.375,5.0,0.0,3.75,3.75,5.0,4.375,0.0,2.5,2.5,0.0,5.0,5.0,5.0,5.0,0.0,0.0,3.75,5.0,1.25,3.75,0.0,2.5,5.0,0.0,3.75,0.0,2.5,0.0,2.5,3.75,0.0,5.0,2.5,2.5,0.0,0.0,0.0,0.0,0.0,0.0,0.0,0.0,0.0,0.0,0.0,0.0,0.0,0.0,0.0,0.0
190,8,0.0,0.0,5.0,0.0,4.375,0.0,5.0,0.0,5.0,3.75,5.0,0.0,5.0,4.375,0.0,5.0,3.75,0.0,3.75,5.0,0.0,3.75,3.75,5.0,3.75,0.0,2.5,2.5,0.0,5.0,5.0,5.0,3.75,0.0,0.0,3.75,5.0,1.25,3.75,0.0,2.5,5.0,0.0,3.75,0.0,2.5,0.0,2.5,3.125,0.0,5.0,2.5,2.5,0.0,0.0,0.0,0.0,0.0,0.0,0.0,0.0,0.0,0.0,0.0,0.0,0.0,0.0,0.0,0.0
191,6,0.0,0.0,5.0,0.0,5.0,0.0,5.0,0.0,5.0,5.0,5.0,0.0,5.0,5.0,0.0,5.0,3.75,0.0,5.0,5.0,0.0,4.375,3.75,5.0,4.375,0.0,2.5,2.5,0.0,5.0,5.0,5.0,5.0,0.0,0.0,3.75,5.0,1.25,3.75,0.0,2.5,5.0,0.0,3.75,1.25,3.125,0.0,1.25,3.75,0.0,5.0,2.5,3.125,0.0,0.0,1.25,0.0,0.0,0.0,0.0,0.0,0.0,0.0,0.0,0.0,0.0,0.0,0.0,0.0
191,7,0.0,0.0,5.0,0.0,5.0,0.0,5.0,0.0,5.0,5.0,5.0,0.0,5.0,5.0,0.0,5.0,3.75,0.0,5.0,5.0,0.0,4.375,3.75,5.0,4.375,0.0,2.5,1.875,0.0,5.0,5.0,5.0,5.0,0.0,0.0,3.75,4.375,1.25,3.75,0.0,2.5,5.0,0.0,3.75,1.25,3.125,0.0,1.25,3.125,0.0,5.0,2.5,3.125,0.0,0.0,1.25,0.0,0.0,0.0,0.0,0.0,0.0,0.0,0.0,0.0,0.0,0.0,0.0,0.0
191,8,0.0,0.0,5.0,0.0,4.375,0.0,5.0,0.0,5.0,4.375,5.0,0.0,5.0,5.0,0.0,5.0,3.75,0.0,5.0,5.0,0.0,3.75,3.75,5.0,4.375,0.0,2.5,1.875,0.0,5.0,5.0,5.0,3.75,0.0,0.0,3.75,3.75,1.25,3.75,0.0,2.5,5.0,0.0,3.75,1.25,2.5,0.0,1.25,3.125,0.0,5.0,2.5,2.5,0.0,0.0,1.25,0.0,0.0,0.0,0.0,0.0,0.0,0.0,0.0,0.0,0.0,0.0,0.0,0.0
192,6,0.0,0.0,5.0,0.0,5.0,0.0,5.0,0.0,5.0,5.0,5.0,0.0,5.0,5.0,0.0,5.0,3.75,0.0,5.0,5.0,0.0,5.0,3.75,5.0,5.0,0.0,3.125,2.5,0.0,5.0,5.0,3.75,4.375,0.0,0.0,3.75,3.75,1.25,3.75,0.0,2.5,5.0,0.0,3.75,1.25,3.125,0.0,1.25,3.125,0.0,5.0,2.5,3.125,0.0,0.0,2.5,0.0,0.0,0.0,0.0,0.0,0.0,0.0,0.0,0.0,0.0,0.0,0.0,0.0
192,7,0.0,0.0,5.0,0.0,5.0,0.0,5.0,0.0,5.0,5.0,5.0,0.0,5.0,5.0,0.0,5.0,3.75,0.0,5.0,5.0,0.0,5.0,3.75,5.0,5.0,0.0,3.125,2.5,0.0,5.0,5.0,3.75,4.375,0.0,0.0,3.75,3.75,1.25,3.75,0.0,2.5,5.0,0.0,3.75,1.25,3.125,0.0,1.25,2.5,0.0,5.0,2.5,2.5,0.0,0.0,2.5,0.0,0.0,0.0,0.0,0.0,0.0,0.0,0.0,0.0,0.0,0.0,0.0,0.0
192,8,0.0,0.0,5.0,0.0,4.375,0.0,5.0,0.0,5.0,5.0,5.0,0.0,5.0,5.0,0.0,5.0,3.75,0.0,5.0,5.0,0.0,4.375,3.75,5.0,5.0,0.0,2.5,2.5,0.0,5.0,5.0,3.75,3.75,0.0,0.0,3.75,3.75,1.25,3.75,0.0,2.5,5.0,0.0,3.75,1.25,2.5,0.0,1.25,2.5,0.0,5.0,2.5,2.5,0.0,0.0,1.25,0.0,0.0,0.0,0.0,0.0,0.0,0.0,0.0,0.0,0.0,0.0,0.0,0.0
193,6,0.0,0.0,5.0,0.0,5.0,0.0,5.0,0.0,5.0,5.0,5.0,0.0,5.0,5.0,0.0,5.0,3.75,0.0,5.0,5.0,0.0,5.0,3.75,5.0,5.0,0.0,3.75,2.5,0.0,5.0,5.0,3.75,5.0,0.0,0.0,3.75,3.75,2.5,3.75,0.0,2.5,5.0,0.0,5.0,1.25,2.5,0.0,0.0,2.5,0.0,5.0,3.125,2.5,0.0,0.0,2.5,0.0,0.0,0.0,0.0,0.0,0.0,0.0,0.0,0.0,0.0,0.0,0.0,0.0
193,7,0.0,0.0,5.0,0.0,5.0,0.0,5.0,0.0,5.0,5.0,5.0,0.0,5.0,5.0,0.0,5.0,3.75,0.0,5.0,5.0,0.0,5.0,3.75,5.0,5.0,0.0,3.75,2.5,0.0,5.0,5.0,3.75,5.0,0.0,0.0,3.75,3.75,2.5,3.75,0.0,2.5,5.0,0.0,5.0,1.25,2.5,0.0,0.0,2.5,0.0,5.0,3.125,2.5,0.0,0.0,2.5,0.0,0.0,0.0,0.0,0.0,0.0,0.0,0.0,0.0,0.0,0.0,0.0,0.0
193,8,0.0,0.0,5.0,0.0,5.0,0.0,5.0,0.0,5.0,5.0,5.0,0.0,5.0,5.0,0.0,5.0,3.75,0.0,5.0,5.0,0.0,4.375,3.75,5.0,5.0,0.0,3.75,2.5,0.0,5.0,5.0,3.125,3.75,0.0,0.0,3.75,2.5,2.5,3.75,0.0,2.5,5.0,0.0,4.375,1.25,2.5,0.0,0.0,2.5,0.0,5.0,2.5,2.5,0.0,0.0,2.5,0.0,0.0,0.0,0.0,0.0,0.0,0.0,0.0,0.0,0.0,0.0,0.0,0.0
194,6,0.0,0.0,5.0,0.0,5.0,0.0,5.0,0.0,5.0,4.375,5.0,0.0,5.0,5.0,0.0,5.0,3.75,0.0,5.0,5.0,0.0,5.0,2.5,5.0,5.0,0.0,4.375,2.5,0.0,5.0,5.0,3.75,5.0,0.0,0.0,5.0,3.75,3.75,3.75,0.0,2.5,5.0,0.0,5.0,1.25,2.5,0.0,0.0,2.5,0.0,5.0,3.75,1.875,1.25,0.0,3.75,0.0,0.0,0.0,0.0,0.0,0.0,0.0,0.0,0.0,0.0,0.0,0.0,0.0
194,7,0.0,0.0,5.0,0.0,5.0,0.0,5.0,0.0,5.0,4.375,5.0,0.0,5.0,5.0,0.0,5.0,3.75,0.0,5.0,5.0,0.0,5.0,2.5,5.0,5.0,0.0,4.375,2.5,0.0,5.0,5.0,3.75,5.0,0.0,0.0,3.75,2.5,3.125,3.75,0.0,2.5,5.0,0.0,5.0,1.25,2.5,0.0,0.0,2.5,0.0,5.0,3.75,1.875,1.25,0.0,3.75,0.0,0.0,0.0,0.0,0.0,0.0,0.0,0.0,0.0,0.0,0.0,0.0,0.0
194,8,0.0,0.0,5.0,0.0,5.0,0.0,5.0,0.0,5.0,3.75,5.0,0.0,5.0,5.0,0.0,5.0,3.75,0.0,5.0,5.0,0.0,4.375,2.5,5.0,5.0,0.0,3.75,2.5,0.0,5.0,5.0,2.5,5.0,0.0,0.0,3.75,2.5,2.5,3.75,0.0,2.5,4.375,0.0,4.375,1.25,2.5,0.0,0.0,2.5,0.0,5.0,3.125,1.25,1.25,0.0,3.75,0.0,0.0,0.0,0.0,0.0,0.0,0.0,0.0,0.0,0.0,0.0,0.0,0.0
195,6,1.25,0.0,5.0,0.0,5.0,0.0,5.0,0.0,5.0,5.0,5.0,0.0,5.0,5.0,0.0,5.0,3.75,0.0,5.0,5.0,0.0,5.0,2.5,5.0,5.0,0.0,5.0,2.5,0.0,5.0,5.0,3.125,5.0,0.0,0.0,5.0,2.5,5.0,2.5,0.0,2.5,3.75,0.0,4.375,2.5,1.875,0.0,0.0,2.5,0.0,5.0,3.125,1.25,1.25,0.0,3.75,0.0,0.0,0.0,0.0,0.0,0.0,0.0,0.0,0.0,0.0,0.0,0.0,0.0
195,7,1.25,0.0,5.0,0.0,5.0,0.0,5.0,0.0,5.0,5.0,5.0,0.0,5.0,5.0,0.0,5.0,3.75,0.0,5.0,5.0,0.0,5.0,2.5,4.375,5.0,0.0,5.0,2.5,0.0,5.0,4.375,2.5,5.0,0.0,0.0,5.0,2.5,3.75,2.5,0.0,2.5,3.75,0.0,4.375,1.875,1.875,0.0,0.0,2.5,0.0,5.0,3.125,1.25,1.875,0.0,3.75,0.0,0.0,0.0,0.0,0.0,0.0,0.0,0.0,0.0,0.0,0.0,0.0,0.0
195,8,0.625,0.0,5.0,0.0,5.0,0.0,5.0,0.0,5.0,3.75,5.0,0.0,5.0,5.0,0.0,5.0,3.75,0.0,5.0,5.0,0.0,4.375,2.5,3.75,5.0,0.0,5.0,2.5,0.0,5.0,3.75,2.5,5.0,0.0,0.0,5.0,2.5,3.75,2.5,0.0,2.5,3.75,0.0,3.75,1.25,1.25,0.0,0.0,2.5,0.0,5.0,2.5,1.25,1.25,0.0,3.75,0.0,0.0,0.0,0.0,0.0,0.0,0.0,0.0,0.0,0.0,0.0,0.0,0.0
196,6,2.5,1.25,5.0,1.25,5.0,1.25,5.0,0.0,5.0,5.0,5.0,1.25,5.0,5.0,1.25,5.0,3.75,0.0,5.0,5.0,0.0,5.0,2.5,3.75,5.0,0.0,5.0,3.75,0.0,5.0,3.75,3.75,5.0,0.0,0.0,5.0,2.5,5.0,2.5,0.0,2.5,3.75,0.0,3.75,2.5,1.25,0.0,0.0,2.5,0.0,5.0,2.5,1.25,2.5,0.0,3.75,0.0,0.0,0.0,0.0,0.0,0.0,0.0,0.0,0.0,0.0,0.0,0.0,0.0
196,7,2.5,1.25,5.0,1.25,5.0,1.25,5.0,0.0,5.0,5.0,5.0,1.25,5.0,5.0,1.25,5.0,3.75,0.0,5.0,5.0,0.0,4.375,2.5,3.75,5.0,0.0,5.0,3.75,0.0,5.0,3.75,3.125,5.0,0.0,0.0,5.0,2.5,5.0,2.5,0.0,2.5,2.5,0.0,3.75,2.5,1.25,0.0,0.0,2.5,0.0,5.0,2.5,1.25,2.5,0.0,3.75,0.0,0.0,0.0,0.0,0.0,0.0,0.0,0.0,0.0,0.0,0.0,0.0,0.0
196,8,2.5,1.25,5.0,1.25,5.0,1.25,5.0,0.0,5.0,5.0,5.0,1.25,5.0,5.0,1.25,5.0,3.75,0.0,5.0,5.0,0.0,3.75,2.5,3.75,5.0,0.0,5.0,3.75,0.0,5.0,3.75,2.5,5.0,0.0,0.0,5.0,2.5,5.0,2.5,0.0,2.5,2.5,0.0,3.75,2.5,1.25,0.0,0.0,2.5,0.0,5.0,2.5,1.25,2.5,0.0,3.75,0.0,0.0,0.0,0.0,0.0,0.0,0.0,0.0,0.0,0.0,0.0,0.0,0.0
197,6,5.0,3.75,5.0,2.5,5.0,2.5,5.0,0.0,5.0,5.0,5.0,2.5,5.0,5.0,2.5,5.0,3.75,0.0,5.0,5.0,0.0,3.75,2.5,3.75,5.0,0.0,5.0,3.75,0.0,5.0,3.75,3.75,5.0,0.0,0.0,5.0,3.75,5.0,2.5,0.0,2.5,2.5,0.0,3.125,2.5,1.25,0.0,0.0,2.5,0.0,5.0,1.875,1.25,3.125,0.0,2.5,0.0,0.0,0.0,0.0,0.0,0.0,0.0,0.0,0.0,0.0,0.0,0.0,0.0
197,7,5.0,3.75,5.0,3.75,5.0,2.5,5.0,0.0,5.0,5.0,5.0,2.5,5.0,5.0,2.5,5.0,3.75,0.0,5.0,5.0,0.0,3.75,2.5,3.75,5.0,0.0,5.0,3.75,0.0,5.0,3.75,3.75,5.0,0.0,0.0,5.0,3.75,5.0,2.5,0.0,2.5,2.5,0.0,3.125,2.5,1.25,0.0,0.0,2.5,0.0,5.0,1.25,1.25,3.125,0.0,2.5,0.0,0.0,0.0,0.0,0.0,0.0,0.0,0.0,0.0,0.0,0.0,0.0,0.0
197,8,4.375,3.125,5.0,2.5,5.0,2.5,5.0,0.0,5.0,5.0,5.0,2.5,5.0,5.0,2.5,5.0,3.75,0.0,5.0,5.0,0.0,3.75,2.5,3.75,5.0,0.0,5.0,3.75,0.0,5.0,3.75,3.75,5.0,0.0,0.0,5.0,3.125,5.0,2.5,0.0,1.875,2.5,0.0,2.5,2.5,1.25,0.0,0.0,2.5,0.0,5.0,1.25,1.25,2.5,0.0,2.5,0.0,0.0,0.0,0.0,0.0,0.0,0.0,0.0,0.0,0.0,0.0,0.0,0.0
198,6,5.0,5.0,5.0,5.0,5.0,5.0,5.0,1.25,5.0,5.0,5.0,5.0,5.0,5.0,3.75,5.0,5.0,0.0,5.0,5.0,0.0,3.75,2.5,3.75,5.0,0.0,5.0,3.75,0.0,5.0,3.75,3.75,5.0,0.0,0.0,5.0,3.75,5.0,2.5,0.0,2.5,2.5,0.0,2.5,3.75,2.5,0.0,0.0,2.5,0.0,5.0,1.25,1.25,3.75,0.0,1.875,0.0,0.0,0.0,0.0,0.0,0.0,0.0,0.0,0.0,0.0,0.0,0.0,0.0
198,7,5.0,5.0,5.0,5.0,5.0,3.75,5.0,1.25,5.0,5.0,5.0,3.75,5.0,5.0,3.75,5.0,5.0,0.0,5.0,5.0,0.0,3.75,2.5,3.75,5.0,0.0,5.0,3.75,0.0,5.0,3.75,3.75,5.0,0.0,0.0,5.0,3.75,5.0,2.5,0.0,2.5,2.5,0.0,2.5,3.75,2.5,0.0,0.0,2.5,0.0,5.0,1.25,1.25,3.75,0.0,1.875,0.0,0.0,0.0,0.0,0.0,0.0,0.0,0.0,0.0,0.0,0.0,0.0,0.0
198,8,5.0,5.0,5.0,5.0,5.0,3.75,5.0,1.25,5.0,5.0,5.0,4.375,5.0,5.0,3.75,5.0,5.0,0.0,5.0,5.0,0.0,3.75,2.5,3.75,5.0,0.0,4.375,3.75,0.0,5.0,3.75,3.75,5.0,0.0,0.0,5.0,3.75,5.0,2.5,0.0,2.5,2.5,0.0,2.5,3.75,1.25,0.0,0.0,2.5,0.0,5.0,1.25,1.25,3.125,0.0,1.25,0.0,0.0,0.0,0.0,0.0,0.0,0.0,0.0,0.0,0.0,0.0,0.0,0.0
199,6,5.0,5.0,5.0,5.0,5.0,5.0,5.0,2.5,5.0,5.0,5.0,5.0,5.0,5.0,5.0,4.375,5.0,0.0,5.0,4.375,0.0,3.75,3.75,3.75,5.0,0.0,5.0,3.75,0.0,4.375,3.75,3.75,5.0,0.0,0.0,5.0,3.75,5.0,3.125,0.0,2.5,2.5,0.0,1.875,3.75,3.125,0.0,0.0,2.5,0.0,5.0,1.25,2.5,2.5,0.0,1.25,0.0,0.0,0.0,0.0,0.0,0.0,0.0,0.0,0.0,0.0,0.0,0.0,0.0
199,7,5.0,5.0,5.0,5.0,5.0,5.0,5.0,2.5,5.0,5.0,5.0,5.0,5.0,5.0,5.0,3.75,5.0,0.0,5.0,4.375,0.0,3.75,3.75,3.75,5.0,0.0,4.375,3.75,0.0,3.75,3.75,3.75,5.0,0.0,0.0,5.0,3.75,5.0,2.5,0.0,2.5,2.5,0.0,1.25,3.75,2.5,0.0,0.0,2.5,0.0,3.75,1.25,2.5,2.5,0.0,1.25,0.0,0.0,0.0,0.0,0.0,0.0,0.0,0.0,0.0,0.0,0.0,0.0,0.0
199,8,5.0,5.0,5.0,5.0,5.0,5.0,4.375,1.875,5.0,5.0,5.0,5.0,5.0,5.0,5.0,3.75,5.0,0.0,5.0,3.75,0.0,3.75,3.125,3.75,5.0,0.0,3.75,3.75,0.0,3.75,3.125,3.75,5.0,0.0,0.0,5.0,3.75,5.0,2.5,0.0,2.5,2.5,0.0,1.25,3.75,2.5,0.0,0.0,1.875,0.0,3.75,0.625,1.875,2.5,0.0,1.25,0.0,0.0,0.0,0.0,0.0,0.0,0.0,0.0,0.0,0.0,0.0,0.0,0.0
200,6,5.0,5.0,5.0,5.0,5.0,5.0,4.375,2.5,5.0,5.0,5.0,5.0,5.0,5.0,5.0,3.75,5.0,0.0,5.0,3.75,0.0,3.75,3.75,5.0,5.0,0.0,5.0,3.75,0.0,3.75,3.75,3.75,5.0,0.0,0.0,5.0,3.75,5.0,3.125,0.0,3.75,2.5,0.0,1.25,3.75,3.75,0.0,1.25,1.25,0.0,2.5,0.0,2.5,2.5,0.0,0.0,0.0,0.0,0.0,0.0,0.0,0.0,0.0,0.0,0.0,0.0,0.0,0.0,0.0
200,7,5.0,5.0,5.0,5.0,5.0,5.0,4.375,2.5,5.0,5.0,5.0,5.0,5.0,5.0,5.0,3.75,5.0,0.0,5.0,3.75,0.0,3.75,3.75,4.375,5.0,0.0,4.375,3.75,0.0,3.75,3.75,3.75,5.0,0.0,0.0,5.0,3.75,5.0,3.125,0.0,3.75,2.5,0.0,1.25,3.75,3.75,0.0,1.25,1.25,0.0,2.5,0.0,2.5,2.5,0.0,0.0,0.0,0.0,0.0,0.0,0.0,0.0,0.0,0.0,0.0,0.0,0.0,0.0,0.0
200,8,5.0,5.0,5.0,5.0,5.0,5.0,3.75,2.5,5.0,5.0,4.375,5.0,5.0,5.0,5.0,3.75,5.0,0.0,5.0,3.75,0.0,3.75,3.75,3.75,5.0,0.0,4.375,3.75,0.0,3.75,3.125,3.75,5.0,0.0,0.0,5.0,3.75,5.0,2.5,0.0,3.125,2.5,0.0,1.25,3.75,3.75,0.0,1.25,1.25,0.0,2.5,0.0,2.5,2.5,0.0,0.0,0.0,0.0,0.0,0.0,0.0,0.0,0.0,0.0,0.0,0.0,0.0,0.0,0.0
201,6,5.0,5.0,5.0,5.0,5.0,5.0,3.75,3.75,5.0,5.0,5.0,5.0,5.0,5.0,5.0,3.75,5.0,1.25,5.0,3.75,0.0,5.0,3.75,5.0,5.0,0.0,5.0,3.75,0.0,2.5,3.75,3.75,5.0,0.0,0.0,5.0,3.125,5.0,2.5,0.0,3.75,2.5,0.0,1.25,4.375,5.0,0.0,2.5,1.25,0.0,1.25,1.25,2.5,1.25,0.0,0.0,0.0,0.0,0.0,0.0,0.0,0.0,0.0,0.0,0.0,0.0,0.0,0.0,0.0
201,7,5.0,5.0,5.0,5.0,5.0,5.0,3.75,3.75,5.0,5.0,5.0,5.0,5.0,5.0,5.0,3.75,5.0,1.25,5.0,3.75,0.0,5.0,3.75,5.0,5.0,0.0,5.0,3.75,0.0,2.5,3.75,3.75,5.0,0.0,0.0,5.0,3.125,5.0,2.5,0.0,3.75,2.5,0.0,1.25,3.75,5.0,0.0,2.5,1.25,0.0,1.25,1.25,2.5,1.25,0.0,0.0,0.0,0.0,0.0,0.0,0.0,0.0,0.0,0.0,0.0,0.0,0.0,0.0,0.0
201,8,5.0,5.0,5.0,5.0,5.0,5.0,3.75,3.125,5.0,5.0,5.0,5.0,5.0,5.0,5.0,3.75,5.0,1.25,5.0,3.75,0.0,3.75,3.75,5.0,5.0,0.0,3.75,3.75,0.0,2.5,3.125,3.75,4.375,0.0,0.0,5.0,2.5,5.0,2.5,0.0,3.75,2.5,0.0,1.25,3.75,5.0,0.0,2.5,1.25,0.0,1.25,0.0,2.5,1.25,0.0,0.0,0.0,0.0,0.0,0.0,0.0,0.0,0.0,0.0,0.0,0.0,0.0,0.0,0.0
202,6,5.0,5.0,5.0,5.0,5.0,5.0,3.75,3.75,5.0,5.0,5.0,5.0,5.0,5.0,5.0,5.0,5.0,2.5,5.0,3.75,0.0,5.0,3.75,5.0,5.0,0.0,5.0,5.0,0.0,2.5,3.75,3.75,3.75,0.0,0.0,5.0,2.5,5.0,2.5,0.0,5.0,1.875,0.0,1.25,3.75,5.0,0.0,2.5,1.25,0.0,1.25,1.25,2.5,1.25,0.0,0.0,0.0,0.0,0.0,0.0,0.0,0.0,0.0,0.0,0.0,0.0,0.0,0.0,0.0
202,7,5.0,5.0,5.0,5.0,5.0,5.0,3.75,3.75,5.0,5.0,5.0,5.0,5.0,5.0,5.0,4.375,5.0,2.5,5.0,3.75,0.0,5.0,3.75,5.0,5.0,0.0,5.0,5.0,0.0,2.5,3.75,3.75,3.75,0.0,0.0,5.0,2.5,5.0,2.5,0.0,5.0,1.875,0.0,1.25,3.75,5.0,0.0,2.5,1.875,0.0,1.25,1.25,2.5,1.25,0.0,0.0,0.0,0.0,0.0,0.0,0.0,0.0,0.0,0.0,0.0,0.0,0.0,0.0,0.0
202,8,5.0,5.0,5.0,5.0,5.0,5.0,3.75,3.75,5.0,5.0,5.0,5.0,5.0,5.0,5.0,3.75,5.0,2.5,5.0,3.75,0.0,5.0,3.75,5.0,5.0,0.0,4.375,3.75,0.0,2.5,3.75,3.75,3.75,0.0,0.0,5.0,2.5,5.0,1.875,0.0,4.375,1.875,0.0,1.25,3.75,5.0,0.0,2.5,1.25,0.0,1.25,1.25,2.5,0.0,0.0,0.0,0.0,0.0,0.0,0.0,0.0,0.0,0.0,0.0,0.0,0.0,0.0,0.0,0.0
203,6,5.0,5.0,5.0,5.0,5.0,5.0,3.75,3.75,5.0,5.0,5.0,5.0,5.0,5.0,5.0,5.0,5.0,3.75,5.0,3.75,0.0,5.0,3.75,5.0,5.0,0.0,5.0,5.0,0.0,2.5,3.75,3.75,3.75,0.0,0.0,4.375,2.5,5.0,1.25,0.0,5.0,1.875,0.0,1.875,3.75,5.0,0.0,3.75,2.5,0.0,2.5,2.5,2.5,0.0,0.0,0.0,0.0,0.0,0.0,0.0,0.0,0.0,0.0,0.0,0.0,0.0,0.0,0.0,0.0
203,7,5.0,5.0,5.0,5.0,5.0,5.0,3.75,3.75,5.0,5.0,5.0,5.0,5.0,5.0,5.0,5.0,5.0,3.75,5.0,3.75,0.0,5.0,3.75,5.0,5.0,0.0,5.0,5.0,0.0,2.5,3.75,3.75,3.75,0.0,0.0,3.75,2.5,5.0,1.25,0.0,5.0,1.875,0.0,1.875,3.75,5.0,0.0,3.75,2.5,0.0,2.5,2.5,2.5,0.0,0.0,0.0,0.0,0.0,0.0,0.0,0.0,0.0,0.0,0.0,0.0,0.0,0.0,0.0,0.0
203,8,5.0,5.0,5.0,5.0,5.0,5.0,3.75,3.75,4.375,5.0,5.0,5.0,5.0,5.0,5.0,4.375,5.0,3.75,5.0,3.75,0.0,5.0,3.75,5.0,5.0,0.0,5.0,5.0,0.0,2.5,3.75,2.5,3.75,0.0,0.0,3.75,2.5,5.0,1.25,0.0,5.0,1.25,0.0,1.25,3.75,5.0,0.0,3.75,2.5,0.0,2.5,1.25,1.875,0.0,0.0,0.0,0.0,0.0,0.0,0.0,0.0,0.0,0.0,0.0,0.0,0.0,0.0,0.0,0.0
204,6,5.0,5.0,5.0,5.0,5.0,5.0,4.375,3.75,4.375,5.0,5.0,5.0,5.0,5.0,5.0,5.0,5.0,5.0,5.0,3.75,0.0,5.0,3.75,5.0,5.0,0.0,5.0,5.0,0.0,2.5,3.75,2.5,2.5,0.0,0.0,3.75,2.5,5.0,1.25,0.0,5.0,2.5,0.0,2.5,2.5,5.0,0.0,3.75,3.75,0.0,2.5,2.5,1.25,0.0,0.0,0.0,0.0,1.25,0.0,0.0,0.0,0.0,0.0,0.0,0.0,0.0,0.0,0.0,0.0
204,7,5.0,5.0,5.0,5.0,5.0,5.0,4.375,3.75,4.375,5.0,5.0,5.0,5.0,5.0,5.0,5.0,5.0,5.0,5.0,3.75,0.0,5.0,3.75,5.0,5.0,0.0,5.0,5.0,0.0,2.5,3.75,2.5,2.5,0.0,0.0,3.75,2.5,5.0,1.25,0.0,5.0,2.5,0.0,2.5,2.5,5.0,0.0,3.75,3.75,0.0,2.5,2.5,1.25,0.0,0.0,0.0,0.0,1.25,0.0,0.0,0.0,0.0,0.0,0.0,0.0,0.0,0.0,0.0,0.0
204,8,5.0,5.0,5.0,5.0,5.0,5.0,3.75,3.125,3.75,5.0,5.0,5.0,5.0,5.0,5.0,5.0,5.0,5.0,5.0,3.75,0.0,5.0,3.75,5.0,5.0,0.0,5.0,5.0,0.0,2.5,3.75,2.5,2.5,0.0,0.0,3.75,2.5,4.375,1.25,0.0,5.0,2.5,0.0,2.5,2.5,5.0,0.0,3.75,3.75,0.0,3.125,2.5,1.25,0.0,0.0,0.0,0.0,1.25,0.0,0.0,0.0,0.0,0.0,0.0,0.0,0.0,0.0,0.0,0.0
205,6,5.0,5.0,5.0,5.0,5.0,5.0,5.0,3.75,3.75,5.0,5.0,5.0,5.0,5.0,5.0,5.0,5.0,5.0,5.0,3.75,0.0,5.0,3.75,5.0,5.0,0.0,5.0,5.0,0.0,3.125,4.375,2.5,2.5,0.0,0.0,2.5,2.5,5.0,1.25,0.0,5.0,2.5,0.0,2.5,2.5,5.0,0.0,3.75,5.0,0.0,4.375,2.5,0.0,0.0,0.0,0.0,0.0,2.5,0.0,0.0,0.0,0.0,0.0,0.0,0.0,0.0,0.0,0.0,0.0
205,7,5.0,5.0,5.0,5.0,5.0,5.0,5.0,2.5,3.75,5.0,5.0,5.0,5.0,5.0,5.0,5.0,5.0,5.0,5.0,3.75,0.0,5.0,3.75,5.0,5.0,0.0,5.0,5.0,0.0,3.125,4.375,2.5,2.5,0.0,0.0,2.5,2.5,5.0,1.25,0.0,4.375,2.5,0.0,2.5,2.5,5.0,0.0,3.75,5.0,0.0,3.75,2.5,0.0,0.0,0.0,0.0,0.0,1.25,0.0,0.0,0.0,0.0,0.0,0.0,0.0,0.0,0.0,0.0,0.0
205,8,5.0,5.0,5.0,5.0,5.0,5.0,5.0,2.5,3.75,5.0,5.0,5.0,5.0,5.0,5.0,5.0,5.0,5.0,5.0,3.75,0.0,5.0,3.75,5.0,5.0,0.0,5.0,5.0,0.0,2.5,3.75,2.5,2.5,0.0,0.0,2.5,2.5,4.375,1.25,0.0,3.75,2.5,0.0,2.5,1.875,5.0,0.0,2.5,5.0,0.0,3.75,2.5,0.0,0.0,0.0,0.0,0.0,1.25,0.0,0.0,0.0,0.0,0.0,0.0,0.0,0.0,0.0,0.0,0.0
206,6,5.0,5.0,5.0,5.0,5.0,5.0,5.0,3.75,3.75,5.0,5.0,5.0,5.0,5.0,5.0,5.0,5.0,5.0,5.0,3.75,0.0,5.0,5.0,5.0,5.0,0.0,5.0,5.0,0.0,3.75,5.0,2.5,1.25,0.0,0.0,2.5,2.5,5.0,1.25,0.0,3.75,3.75,0.0,3.75,1.25,5.0,0.0,2.5,5.0,0.0,5.0,2.5,0.0,1.25,0.0,0.0,0.0,3.75,0.0,0.0,0.0,0.0,0.0,0.0,0.0,0.0,0.0,0.0,0.0
206,7,5.0,5.0,5.0,5.0,5.0,5.0,5.0,2.5,3.75,5.0,5.0,5.0,5.0,5.0,5.0,5.0,5.0,5.0,5.0,3.75,0.0,5.0,4.375,5.0,5.0,0.0,5.0,5.0,0.0,3.75,3.75,2.5,1.25,0.0,0.0,2.5,2.5,5.0,1.25,0.0,3.75,3.75,0.0,3.75,1.25,5.0,0.0,2.5,5.0,0.0,5.0,2.5,0.0,1.25,0.0,0.0,0.0,3.75,0.0,0.0,0.0,0.0,0.0,0.0,0.0,0.0,0.0,0.0,0.0
206,8,5.0,5.0,5.0,5.0,5.0,5.0,5.0,2.5,3.75,5.0,5.0,5.0,5.0,5.0,5.0,5.0,5.0,5.0,5.0,3.75,0.0,5.0,3.75,5.0,5.0,0.0,5.0,5.0,0.0,3.75,3.75,2.5,1.25,0.0,0.0,2.5,2.5,5.0,1.25,0.0,3.75,3.125,0.0,2.5,1.25,4.375,0.0,2.5,5.0,0.0,5.0,2.5,0.0,1.25,0.0,0.0,0.0,2.5,0.0,0.0,0.0,0.0,0.0,0.0,0.0,0.0,0.0,0.0,0.0
207,6,5.0,5.0,5.0,5.0,5.0,3.75,5.0,2.5,3.125,5.0,5.0,5.0,5.0,5.0,5.0,5.0,5.0,5.0,5.0,3.75,0.0,5.0,5.0,5.0,5.0,0.0,5.0,5.0,0.0,3.75,3.75,2.5,1.25,0.0,0.0,2.5,2.5,5.0,1.25,0.0,3.75,3.75,0.0,4.375,1.25,4.375,0.0,1.25,5.0,0.0,5.0,2.5,0.0,1.875,0.0,0.0,0.0,5.0,0.0,0.0,0.0,0.0,0.0,0.0,0.0,0.0,0.0,0.0,0.0
207,7,5.0,5.0,5.0,5.0,5.0,3.75,5.0,2.5,3.125,5.0,5.0,5.0,5.0,5.0,5.0,5.0,5.0,5.0,5.0,3.75,0.0,5.0,5.0,5.0,5.0,0.0,5.0,5.0,0.0,3.75,3.75,2.5,1.25,0.0,0.0,2.5,2.5,5.0,1.25,0.0,3.75,3.75,0.0,4.375,1.25,4.375,0.0,1.25,5.0,0.0,5.0,2.5,0.0,1.875,0.0,0.0,0.0,5.0,0.0,0.0,0.0,0.0,0.0,0.0,0.0,0.0,0.0,0.0,0.0
207,8,5.0,5.0,5.0,3.75,5.0,3.75,5.0,2.5,2.5,5.0,5.0,5.0,5.0,5.0,5.0,5.0,5.0,5.0,4.375,3.75,0.0,5.0,5.0,5.0,5.0,0.0,5.0,5.0,0.0,3.75,3.75,2.5,1.25,0.0,0.0,2.5,2.5,4.375,1.25,0.0,3.125,3.75,0.0,3.75,1.25,3.75,0.0,1.25,5.0,0.0,5.0,2.5,0.0,1.25,0.0,0.0,0.0,3.75,0.0,0.0,0.0,0.0,0.0,0.0,0.0,0.0,0.0,0.0,0.0
208,6,5.0,3.75,5.0,3.75,5.0,3.75,5.0,2.5,2.5,5.0,5.0,5.0,5.0,5.0,5.0,5.0,5.0,5.0,5.0,3.75,0.0,5.0,5.0,3.75,5.0,0.0,5.0,5.0,0.0,5.0,3.75,3.75,1.25,0.0,0.0,2.5,2.5,5.0,1.875,0.0,3.125,3.75,0.0,5.0,1.25,4.375,0.0,1.25,5.0,0.0,5.0,1.25,0.0,2.5,0.0,1.25,0.0,5.0,0.0,0.0,0.0,0.0,0.0,0.0,0.0,0.0,0.0,0.0,0.0
208,7,5.0,3.75,5.0,3.75,5.0,3.75,5.0,2.5,2.5,5.0,5.0,5.0,5.0,5.0,5.0,5.0,5.0,5.0,4.375,3.75,0.0,5.0,5.0,3.75,5.0,0.0,5.0,5.0,0.0,5.0,3.75,3.125,1.25,0.0,0.0,2.5,2.5,4.375,1.875,0.0,3.125,3.75,0.0,5.0,1.25,4.375,0.0,1.25,5.0,0.0,5.0,1.25,0.0,2.5,0.0,1.25,0.0,5.0,0.0,0.0,0.0,0.0,0.0,0.0,0.0,0.0,0.0,0.0,0.0
208,8,5.0,3.75,5.0,3.125,5.0,2.5,5.0,2.5,2.5,5.0,5.0,5.0,5.0,5.0,5.0,5.0,5.0,5.0,4.375,3.75,0.0,5.0,5.0,3.75,5.0,0.0,5.0,5.0,0.0,5.0,3.75,2.5,1.25,0.0,0.0,2.5,2.5,3.75,1.25,0.0,2.5,3.75,0.0,4.375,1.25,3.75,0.0,1.25,5.0,0.0,5.0,1.25,0.0,2.5,0.0,0.625,0.0,3.75,0.0,0.0,0.0,0.0,0.0,0.0,0.0,0.0,0.0,0.0,0.0
209,6,5.0,2.5,5.0,2.5,5.0,2.5,5.0,2.5,2.5,5.0,5.0,5.0,5.0,5.0,5.0,5.0,5.0,5.0,5.0,5.0,1.25,5.0,5.0,3.75,5.0,0.0,5.0,5.0,0.0,5.0,3.75,3.75,1.25,0.0,0.0,2.5,2.5,3.75,2.5,0.0,2.5,3.75,0.0,5.0,2.5,5.0,0.0,0.0,5.0,0.0,4.375,1.25,1.25,3.125,0.0,1.25,0.0,5.0,0.0,0.0,0.0,0.0,0.0,0.0,0.0,0.0,0.0,0.0,0.0
209,7,5.0,2.5,5.0,2.5,5.0,2.5,5.0,2.5,2.5,5.0,5.0,5.0,5.0,5.0,5.0,5.0,5.0,5.0,5.0,4.375,1.25,5.0,5.0,3.75,5.0,0.0,5.0,5.0,0.0,5.0,3.75,3.75,1.25,0.0,0.0,2.5,2.5,3.75,2.5,0.0,2.5,3.75,0.0,5.0,1.875,4.375,0.0,0.0,5.0,0.0,5.0,1.25,1.25,3.125,0.0,1.25,0.0,5.0,0.0,0.0,0.0,0.0,0.0,0.0,0.0,0.0,0.0,0.0,0.0
209,8,5.0,2.5,5.0,2.5,5.0,2.5,5.0,2.5,2.5,4.375,5.0,5.0,5.0,5.0,5.0,5.0,5.0,5.0,4.375,3.75,1.25,5.0,5.0,3.75,5.0,0.0,5.0,5.0,0.0,5.0,3.75,3.75,1.25,0.0,0.0,2.5,2.5,3.75,2.5,0.0,2.5,3.75,0.0,5.0,1.25,3.75,0.0,0.0,5.0,0.0,3.75,0.0,1.25,2.5,0.0,1.25,0.0,4.375,0.0,0.0,0.0,0.0,0.0,0.0,0.0,0.0,0.0,0.0,0.0
210,6,4.375,2.5,5.0,2.5,5.0,2.5,5.0,2.5,2.5,3.75,5.0,5.0,5.0,5.0,5.0,5.0,5.0,5.0,5.0,5.0,2.5,5.0,5.0,3.75,5.0,1.25,5.0,5.0,1.25,5.0,3.75,3.75,1.25,1.25,0.0,2.5,2.5,3.75,2.5,1.25,2.5,3.75,1.25,5.0,3.125,4.375,1.25,0.0,5.0,0.0,3.75,0.0,2.5,3.75,0.0,2.5,0.0,5.0,0.0,0.0,0.0,0.0,0.0,0.0,0.0,0.0,0.0,0.0,0.0
210,7,4.375,2.5,5.0,2.5,5.0,2.5,5.0,2.5,2.5,3.75,5.0,5.0,5.0,5.0,5.0,5.0,5.0,5.0,5.0,5.0,2.5,5.0,5.0,3.75,5.0,1.25,5.0,5.0,1.25,5.0,2.5,3.75,1.25,1.25,0.0,2.5,2.5,3.75,2.5,1.25,2.5,3.75,1.25,5.0,3.125,3.75,1.25,0.0,5.0,0.0,2.5,0.0,2.5,3.75,0.0,2.5,0.0,5.0,0.0,0.0,0.0,0.0,0.0,0.0,0.0,0.0,0.0,0.0,0.0
210,8,3.75,2.5,5.0,2.5,5.0,1.25,5.0,2.5,2.5,3.75,5.0,5.0,5.0,5.0,5.0,5.0,5.0,5.0,4.375,4.375,2.5,5.0,5.0,3.75,5.0,1.25,5.0,5.0,1.25,5.0,2.5,3.75,1.25,1.25,0.0,2.5,2.5,3.75,1.875,1.25,2.5,3.75,1.25,5.0,2.5,3.75,1.25,0.0,5.0,0.0,3.125,0.0,1.25,2.5,0.0,2.5,0.0,3.75,0.0,0.0,0.0,0.0,0.0,0.0,0.0,0.0,0.0,0.0,0.0
211,6,4.375,3.125,5.0,2.5,5.0,2.5,5.0,2.5,3.125,3.75,5.0,5.0,5.0,5.0,5.0,5.0,5.0,5.0,5.0,5.0,4.375,5.0,5.0,3.75,5.0,2.5,5.0,5.0,2.5,5.0,2.5,4.375,2.5,2.5,1.25,2.5,2.5,2.5,1.25,2.5,1.875,3.75,2.5,5.0,3.75,3.75,2.5,0.0,5.0,0.0,1.25,0.0,3.125,2.5,0.0,3.75,0.0,3.75,0.0,0.0,0.0,0.0,0.0,0.0,0.0,0.0,0.0,0.0,0.0
211,7,4.375,2.5,5.0,2.5,5.0,1.25,5.0,2.5,3.125,3.75,5.0,5.0,5.0,5.0,5.0,5.0,5.0,5.0,5.0,5.0,4.375,5.0,5.0,3.75,5.0,2.5,5.0,5.0,2.5,5.0,2.5,3.75,1.875,2.5,1.25,2.5,2.5,2.5,1.25,2.5,1.875,3.75,2.5,5.0,3.75,3.75,2.5,0.0,5.0,0.0,1.875,0.0,3.125,2.5,0.0,3.75,0.0,2.5,0.0,0.0,0.0,0.0,0.0,0.0,0.0,0.0,0.0,0.0,0.0
211,8,3.75,2.5,5.0,2.5,5.0,1.25,5.0,2.5,2.5,3.75,5.0,5.0,5.0,5.0,5.0,5.0,5.0,5.0,4.375,5.0,4.375,5.0,5.0,3.75,5.0,2.5,5.0,5.0,2.5,5.0,2.5,3.75,1.25,2.5,1.25,2.5,2.5,2.5,1.25,2.5,1.875,3.75,2.5,5.0,3.75,3.75,1.25,0.0,5.0,0.0,1.875,0.0,2.5,2.5,0.0,2.5,0.0,3.125,0.0,0.0,0.0,0.0,0.0,0.0,0.0,0.0,0.0,0.0,0.0
212,6,5.0,3.75,5.0,2.5,5.0,2.5,5.0,2.5,3.75,3.75,5.0,5.0,5.0,5.0,5.0,5.0,5.0,5.0,5.0,5.0,5.0,5.0,5.0,3.75,5.0,4.375,5.0,5.0,3.75,5.0,1.25,3.75,2.5,3.75,2.5,3.125,2.5,2.5,1.25,3.75,1.25,3.75,3.75,5.0,5.0,3.75,3.75,1.25,3.75,1.25,1.25,0.0,3.75,2.5,0.0,3.75,0.0,2.5,0.0,0.0,0.0,0.0,0.0,0.0,0.0,0.0,0.0,0.0,0.0
212,7,5.0,3.75,5.0,2.5,5.0,2.5,5.0,2.5,3.75,3.75,5.0,5.0,5.0,5.0,5.0,5.0,5.0,5.0,4.375,5.0,5.0,5.0,5.0,3.75,5.0,5.0,5.0,5.0,3.75,5.0,1.25,3.75,2.5,3.75,1.25,3.125,2.5,2.5,1.25,3.75,1.25,3.75,3.75,5.0,5.0,3.75,2.5,1.25,3.75,1.25,1.25,0.0,3.75,2.5,0.0,3.75,0.0,2.5,0.0,0.0,0.0,0.0,0.0,0.0,0.0,0.0,0.0,0.0,0.0
212,8,4.375,3.125,5.0,2.5,5.0,1.25,5.0,2.5,3.75,3.75,5.0,5.0,5.0,3.75,5.0,5.0,5.0,5.0,4.375,5.0,5.0,5.0,5.0,3.75,5.0,5.0,5.0,5.0,3.75,5.0,1.25,3.75,2.5,3.75,1.25,2.5,2.5,2.5,1.25,3.75,1.25,3.75,3.75,3.75,5.0,2.5,2.5,1.25,3.75,1.25,0.625,0.0,3.75,2.5,0.0,3.75,0.0,2.5,0.0,0.0,0.0,0.0,0.0,0.0,0.0,0.0,0.0,0.0,0.0
213,6,5.0,3.75,5.0,3.75,5.0,2.5,5.0,2.5,4.375,3.75,5.0,5.0,5.0,3.75,5.0,5.0,5.0,5.0,4.375,5.0,5.0,5.0,5.0,3.75,5.0,5.0,5.0,5.0,5.0,5.0,1.25,3.75,3.75,5.0,3.125,3.75,2.5,2.5,1.25,5.0,1.25,3.75,5.0,3.75,5.0,2.5,5.0,1.25,3.75,1.25,0.0,0.0,3.75,1.25,0.0,3.75,0.0,1.25,0.0,0.0,0.0,0.0,0.0,0.0,0.0,0.0,0.0,0.0,0.0
213,7,5.0,3.75,5.0,3.75,5.0,2.5,5.0,2.5,4.375,3.75,5.0,5.0,5.0,3.75,5.0,5.0,5.0,5.0,3.75,5.0,5.0,5.0,5.0,3.75,5.0,5.0,5.0,5.0,5.0,5.0,1.25,3.75,3.75,5.0,2.5,3.75,2.5,2.5,1.25,5.0,1.25,3.75,5.0,3.125,5.0,2.5,3.75,1.25,3.75,1.25,0.0,0.0,3.75,1.25,0.0,3.75,0.0,1.25,0.0,0.0,0.0,0.0,0.0,0.0,0.0,0.0,0.0,0.0,0.0
213,8,5.0,3.75,5.0,3.75,5.0,2.5,5.0,2.5,3.75,3.75,5.0,5.0,5.0,3.75,5.0,5.0,5.0,5.0,3.75,5.0,5.0,5.0,5.0,3.75,5.0,5.0,5.0,5.0,5.0,5.0,1.25,3.75,3.75,4.375,2.5,3.75,2.5,1.875,1.25,5.0,1.25,3.75,5.0,2.5,4.375,1.875,3.75,1.25,3.75,1.25,0.0,0.0,3.75,1.25,0.0,3.75,0.0,1.25,0.0,0.0,0.0,0.0,0.0,0.0,0.0,0.0,0.0,0.0,0.0
214,6,5.0,4.375,5.0,3.75,5.0,3.75,5.0,2.5,5.0,3.75,5.0,5.0,5.0,3.75,5.0,4.375,5.0,5.0,3.75,5.0,5.0,5.0,5.0,3.75,4.375,5.0,5.0,5.0,5.0,5.0,1.25,3.75,5.0,5.0,3.75,3.75,3.75,2.5,2.5,5.0,1.25,3.75,5.0,2.5,5.0,1.25,5.0,2.5,3.75,2.5,0.0,0.0,3.75,0.0,0.0,2.5,0.0,0.0,0.0,0.0,0.0,0.0,0.0,0.0,0.0,0.0,0.0,0.0,0.0
214,7,5.0,3.75,5.0,3.75,5.0,3.75,5.0,2.5,5.0,3.75,5.0,5.0,5.0,3.75,5.0,3.75,5.0,5.0,3.75,5.0,5.0,5.0,5.0,3.75,4.375,5.0,5.0,5.0,5.0,5.0,1.25,3.75,5.0,5.0,3.75,3.75,3.75,2.5,2.5,5.0,1.25,3.75,5.0,2.5,5.0,1.25,5.0,2.5,3.125,2.5,0.0,0.0,3.75,0.0,0.0,2.5,0.0,0.0,0.0,0.0,0.0,0.0,0.0,0.0,0.0,0.0,0.0,0.0,0.0
214,8,5.0,3.75,5.0,3.75,5.0,3.125,5.0,2.5,5.0,3.75,5.0,4.375,5.0,3.75,4.375,3.75,4.375,5.0,3.75,5.0,5.0,5.0,5.0,3.75,3.75,5.0,5.0,5.0,5.0,5.0,1.25,3.125,3.75,5.0,3.125,3.75,3.75,2.5,2.5,5.0,1.25,3.75,5.0,2.5,3.75,1.25,5.0,1.875,3.125,2.5,0.0,0.0,3.75,0.0,0.0,2.5,0.0,0.0,0.0,0.0,0.0,0.0,0.0,0.0,0.0,0.0,0.0,0.0,0.0
215,6,5.0,5.0,5.0,5.0,5.0,3.75,5.0,3.125,5.0,3.75,5.0,3.75,5.0,3.75,5.0,3.75,3.75,5.0,3.75,5.0,5.0,5.0,5.0,3.75,3.75,5.0,5.0,5.0,5.0,5.0,1.25,3.125,5.0,5.0,4.375,5.0,3.75,2.5,3.75,5.0,2.5,3.75,5.0,2.5,3.75,1.25,5.0,2.5,3.125,2.5,0.0,1.25,3.75,0.0,0.0,2.5,0.0,0.0,0.0,0.0,0.0,0.0,0.0,0.0,0.0,0.0,0.0,0.0,0.0
215,7,5.0,5.0,5.0,5.0,5.0,3.75,5.0,3.125,5.0,3.75,5.0,3.75,5.0,3.75,4.375,3.75,3.75,5.0,3.75,5.0,5.0,5.0,5.0,3.75,3.75,5.0,5.0,5.0,5.0,5.0,1.25,3.125,5.0,5.0,3.75,5.0,3.75,2.5,2.5,5.0,2.5,3.75,5.0,1.875,3.75,1.25,5.0,2.5,3.125,2.5,0.0,1.25,3.75,0.0,0.0,2.5,0.0,0.0,0.0,0.0,0.0,0.0,0.0,0.0,0.0,0.0,0.0,0.0,0.0
215,8,5.0,4.375,5.0,4.375,5.0,3.75,5.0,2.5,5.0,3.75,5.0,3.75,5.0,3.75,3.75,3.75,3.75,5.0,3.75,5.0,5.0,5.0,5.0,3.75,3.75,5.0,5.0,5.0,5.0,5.0,1.25,2.5,5.0,5.0,3.75,5.0,3.75,2.5,2.5,5.0,1.875,3.75,5.0,1.875,3.75,1.25,5.0,2.5,2.5,2.5,0.0,0.0,3.75,0.0,0.0,1.25,0.0,0.0,0.0,0.0,0.0,0.0,0.0,0.0,0.0,0.0,0.0,0.0,0.0
216,6,5.0,5.0,5.0,5.0,5.0,5.0,5.0,3.75,5.0,4.375,5.0,3.75,5.0,3.75,3.75,3.75,3.75,5.0,4.375,5.0,5.0,5.0,5.0,3.75,2.5,5.0,5.0,5.0,5.0,5.0,2.5,2.5,5.0,5.0,5.0,5.0,4.375,3.125,5.0,5.0,2.5,3.75,5.0,2.5,2.5,1.25,5.0,3.75,3.75,2.5,0.0,1.25,2.5,0.0,0.0,1.25,0.0,0.0,0.0,0.0,0.0,0.0,0.0,0.0,0.0,0.0,0.0,0.0,0.0
216,7,5.0,5.0,5.0,5.0,5.0,4.375,5.0,3.75,5.0,3.75,5.0,3.75,5.0,3.75,3.75,3.75,3.75,5.0,3.75,5.0,5.0,5.0,5.0,3.75,2.5,5.0,5.0,5.0,5.0,5.0,2.5,2.5,5.0,5.0,4.375,5.0,4.375,3.125,3.75,5.0,2.5,3.75,5.0,1.875,2.5,1.25,5.0,3.75,3.125,2.5,0.0,1.25,2.5,0.0,0.0,1.25,0.0,0.0,0.0,0.0,0.0,0.0,0.0,0.0,0.0,0.0,0.0,0.0,0.0
216,8,5.0,5.0,5.0,5.0,5.0,4.375,5.0,3.75,5.0,3.75,5.0,3.75,5.0,3.75,3.75,3.75,3.75,5.0,3.75,5.0,5.0,5.0,5.0,3.75,2.5,5.0,5.0,5.0,5.0,3.75,2.5,2.5,5.0,5.0,3.75,5.0,3.75,2.5,3.75,5.0,2.5,3.75,5.0,1.875,2.5,1.25,5.0,2.5,2.5,2.5,0.0,1.25,2.5,0.0,0.0,1.25,0.0,0.0,0.0,0.0,0.0,0.0,0.0,0.0,0.0,0.0,0.0,0.0,0.0
217,6,5.0,5.0,5.0,5.0,5.0,5.0,5.0,4.375,5.0,5.0,5.0,3.75,5.0,2.5,3.75,3.75,3.75,5.0,5.0,5.0,5.0,5.0,5.0,3.75,1.875,5.0,5.0,5.0,5.0,3.75,2.5,2.5,5.0,5.0,4.375,5.0,4.375,3.75,5.0,5.0,2.5,3.75,5.0,2.5,2.5,2.5,5.0,3.75,3.125,2.5,0.0,2.5,1.25,0.0,0.0,0.0,0.0,0.0,0.0,0.0,0.0,0.0,0.0,0.0,0.0,0.0,0.0,0.0,0.0
217,7,5.0,5.0,5.0,5.0,5.0,5.0,5.0,4.375,5.0,5.0,5.0,3.75,5.0,2.5,3.75,3.75,3.75,5.0,5.0,5.0,5.0,5.0,5.0,3.75,1.875,5.0,5.0,5.0,5.0,3.75,2.5,2.5,5.0,5.0,3.75,5.0,4.375,3.75,5.0,5.0,2.5,3.75,5.0,2.5,1.875,2.5,5.0,3.75,2.5,2.5,0.0,2.5,1.25,0.0,0.0,0.0,0.0,0.0,0.0,0.0,0.0,0.0,0.0,0.0,0.0,0.0,0.0,0.0,0.0
217,8,5.0,5.0,5.0,5.0,5.0,5.0,5.0,3.75,5.0,3.75,5.0,3.75,5.0,2.5,3.75,3.75,3.75,5.0,4.375,5.0,5.0,5.0,3.75,3.75,1.875,5.0,5.0,5.0,5.0,3.75,2.5,2.5,5.0,5.0,3.75,5.0,3.75,3.75,5.0,5.0,2.5,3.75,5.0,2.5,1.25,2.5,5.0,3.75,2.5,2.5,0.0,2.5,1.25,0.0,0.0,0.0,0.0,0.0,0.0,0.0,0.0,0.0,0.0,0.0,0.0,0.0,0.0,0.0,0.0
218,6,5.0,5.0,5.0,5.0,5.0,5.0,5.0,5.0,5.0,5.0,5.0,3.75,5.0,3.75,3.125,4.375,3.75,5.0,5.0,5.0,5.0,5.0,3.75,3.75,1.25,5.0,5.0,5.0,5.0,3.75,3.125,2.5,5.0,5.0,3.75,5.0,3.75,3.75,5.0,5.0,2.5,3.75,5.0,2.5,1.25,3.75,5.0,3.75,2.5,2.5,0.0,3.75,1.25,0.0,0.0,0.0,0.0,0.0,0.0,0.0,0.0,0.0,0.0,0.0,0.0,0.0,0.0,0.0,0.0
218,7,5.0,5.0,5.0,5.0,5.0,5.0,5.0,5.0,5.0,5.0,5.0,3.75,5.0,3.75,3.125,4.375,3.75,5.0,5.0,5.0,5.0,5.0,3.75,3.75,1.25,5.0,5.0,5.0,5.0,3.75,3.125,2.5,5.0,5.0,3.75,5.0,3.75,3.75,5.0,5.0,2.5,3.75,5.0,2.5,1.25,3.75,5.0,3.75,2.5,2.5,0.0,3.75,0.625,0.0,0.0,0.0,0.0,0.0,0.0,0.0,0.0,0.0,0.0,0.0,0.0,0.0,0.0,0.0,0.0
218,8,5.0,5.0,5.0,5.0,4.375,5.0,5.0,5.0,5.0,5.0,4.375,3.75,5.0,2.5,2.5,3.75,3.125,5.0,5.0,5.0,5.0,5.0,3.75,3.75,1.25,5.0,5.0,4.375,5.0,3.75,2.5,2.5,5.0,5.0,3.75,5.0,3.75,3.75,5.0,5.0,1.875,3.75,5.0,2.5,1.25,2.5,3.75,3.75,2.5,1.25,0.0,3.125,0.0,0.0,0.0,0.0,0.0,0.0,0.0,0.0,0.0,0.0,0.0,0.0,0.0,0.0,0.0,0.0,0.0
219,6,5.0,5.0,5.0,5.0,4.375,5.0,5.0,5.0,5.0,5.0,5.0,3.75,5.0,3.75,3.75,5.0,3.125,3.75,5.0,5.0,5.0,5.0,3.75,5.0,0.0,5.0,5.0,3.75,5.0,3.75,3.75,3.75,5.0,5.0,2.5,5.0,3.75,3.75,5.0,5.0,1.25,3.75,3.75,2.5,1.25,5.0,3.75,3.75,2.5,1.25,0.0,3.75,0.0,0.0,0.0,0.0,0.0,0.0,0.0,0.0,0.0,0.0,0.0,0.0,0.0,0.0,0.0,0.0,0.0
219,7,5.0,5.0,5.0,5.0,4.375,5.0,5.0,5.0,5.0,5.0,5.0,3.75,5.0,3.75,3.75,5.0,3.125,3.75,5.0,5.0,5.0,5.0,3.75,5.0,0.0,5.0,5.0,3.75,5.0,3.75,3.75,3.75,5.0,5.0,2.5,5.0,3.75,3.75,5.0,5.0,1.25,3.125,5.0,2.5,1.25,5.0,3.75,3.75,2.5,1.25,0.0,3.75,0.0,0.0,0.0,0.0,0.0,0.0,0.0,0.0,0.0,0.0,0.0,0.0,0.0,0.0,0.0,0.0,0.0
219,8,5.0,5.0,5.0,5.0,3.75,5.0,5.0,5.0,5.0,5.0,5.0,3.75,5.0,3.125,3.75,4.375,2.5,3.75,5.0,4.375,5.0,5.0,3.75,4.375,0.0,5.0,5.0,3.75,5.0,2.5,3.75,2.5,5.0,5.0,2.5,5.0,3.75,3.75,5.0,5.0,1.25,2.5,3.75,2.5,1.25,3.75,3.75,3.75,2.5,1.25,0.0,3.75,0.0,0.0,0.0,0.0,0.0,0.0,0.0,0.0,0.0,0.0,0.0,0.0,0.0,0.0,0.0,0.0,0.0
220,6,5.0,5.0,5.0,5.0,4.375,5.0,5.0,5.0,5.0,5.0,5.0,5.0,5.0,3.75,3.75,5.0,3.125,3.75,5.0,3.75,5.0,5.0,3.75,5.0,0.0,5.0,5.0,2.5,3.75,3.125,3.75,3.75,5.0,3.75,2.5,5.0,2.5,3.75,5.0,3.75,1.25,2.5,3.75,1.25,2.5,5.0,2.5,3.75,2.5,0.0,0.0,3.75,0.0,1.25,0.0,0.0,0.0,0.0,0.0,0.0,0.0,0.0,0.0,0.0,0.0,0.0,0.0,0.0,0.0
220,7,5.0,5.0,5.0,5.0,3.75,5.0,5.0,5.0,5.0,5.0,5.0,5.0,4.375,3.75,3.75,5.0,3.125,3.75,5.0,3.75,5.0,4.375,3.75,5.0,0.0,5.0,5.0,2.5,3.75,3.125,3.75,3.75,5.0,3.75,1.25,5.0,2.5,3.75,5.0,3.75,1.25,2.5,3.75,1.25,2.5,5.0,2.5,3.75,2.5,0.0,0.0,3.75,0.0,1.25,0.0,0.0,0.0,0.0,0.0,0.0,0.0,0.0,0.0,0.0,0.0,0.0,0.0,0.0,0.0
220,8,5.0,5.0,5.0,5.0,3.75,5.0,5.0,5.0,5.0,5.0,5.0,4.375,3.75,3.75,3.75,5.0,3.125,3.75,5.0,3.75,5.0,3.75,3.75,5.0,0.0,5.0,5.0,2.5,3.75,2.5,3.75,3.75,4.375,3.75,1.25,5.0,2.5,3.75,5.0,3.75,1.25,2.5,3.125,1.25,1.875,5.0,2.5,3.75,2.5,0.0,0.0,3.75,0.0,0.625,0.0,0.0,0.0,0.0,0.0,0.0,0.0,0.0,0.0,0.0,0.0,0.0,0.0,0.0,0.0
221,6,5.0,5.0,5.0,5.0,5.0,5.0,5.0,5.0,4.375,5.0,5.0,5.0,4.375,3.75,3.75,5.0,3.75,3.75,5.0,3.75,5.0,3.75,3.75,5.0,0.0,3.75,5.0,2.5,2.5,3.75,3.75,5.0,4.375,2.5,1.25,5.0,2.5,3.75,5.0,3.75,1.25,2.5,2.5,1.25,2.5,5.0,1.25,2.5,2.5,0.0,0.0,3.75,0.0,1.25,0.0,0.0,0.0,0.0,0.0,0.0,0.0,0.0,0.0,0.0,0.0,0.0,0.0,0.0,0.0
221,7,5.0,5.0,5.0,5.0,5.0,5.0,5.0,5.0,3.75,5.0,5.0,5.0,4.375,3.75,3.75,5.0,3.75,3.75,5.0,3.75,5.0,3.75,3.75,5.0,0.0,3.75,5.0,1.875,2.5,3.75,3.75,5.0,3.75,2.5,1.25,5.0,2.5,3.75,5.0,3.75,1.25,2.5,2.5,1.25,2.5,5.0,1.25,2.5,2.5,0.0,0.0,3.75,0.0,1.25,0.0,0.0,0.0,0.0,0.0,0.0,0.0,0.0,0.0,0.0,0.0,0.0,0.0,0.0,0.0
221,8,5.0,5.0,5.0,5.0,4.375,5.0,5.0,5.0,3.75,5.0,5.0,5.0,3.75,3.75,3.75,5.0,3.125,3.75,5.0,3.75,4.375,3.75,3.75,5.0,0.0,3.125,5.0,1.875,2.5,3.75,3.75,3.75,3.75,2.5,1.25,5.0,2.5,3.75,5.0,3.125,0.625,1.875,2.5,1.25,2.5,3.75,1.25,2.5,2.5,0.0,0.0,3.75,0.0,1.25,0.0,0.0,0.0,0.0,0.0,0.0,0.0,0.0,0.0,0.0,0.0,0.0,0.0,0.0,0.0
222,6,5.0,5.0,5.0,5.0,5.0,5.0,5.0,5.0,3.75,5.0,5.0,5.0,5.0,5.0,5.0,5.0,3.75,3.75,5.0,2.5,3.75,3.75,3.75,5.0,0.0,2.5,5.0,1.25,1.25,3.75,5.0,5.0,3.75,2.5,1.25,5.0,1.25,3.75,5.0,2.5,0.625,2.5,2.5,1.25,2.5,5.0,1.25,2.5,2.5,0.0,0.0,2.5,0.0,2.5,0.0,0.0,0.0,0.0,0.0,0.0,0.0,0.0,0.0,0.0,0.0,0.0,0.0,0.0,0.0
222,7,5.0,5.0,5.0,5.0,5.0,5.0,5.0,5.0,3.75,5.0,5.0,5.0,5.0,5.0,5.0,5.0,3.75,3.75,5.0,2.5,3.75,3.75,3.75,5.0,0.0,2.5,5.0,1.25,1.25,3.75,3.75,5.0,3.75,1.25,1.25,5.0,1.25,3.75,5.0,2.5,0.625,2.5,2.5,1.25,2.5,3.75,0.0,2.5,2.5,0.0,0.0,2.5,0.0,2.5,0.0,0.0,0.0,0.0,0.0,0.0,0.0,0.0,0.0,0.0,0.0,0.0,0.0,0.0,0.0
222,8,5.0,5.0,5.0,5.0,5.0,5.0,5.0,5.0,3.75,5.0,5.0,5.0,4.375,5.0,4.375,5.0,3.125,3.75,5.0,2.5,3.75,3.75,3.75,5.0,0.0,2.5,5.0,1.25,1.25,3.75,3.75,5.0,3.75,1.25,1.25,5.0,1.25,3.75,4.375,2.5,0.625,1.875,2.5,1.25,2.5,3.75,0.0,2.5,2.5,0.0,0.0,2.5,0.0,2.5,0.0,0.0,0.0,0.0,0.0,0.0,0.0,0.0,0.0,0.0,0.0,0.0,0.0,0.0,0.0
223,6,5.0,5.0,5.0,5.0,5.0,5.0,5.0,5.0,3.75,5.0,5.0,5.0,5.0,5.0,5.0,5.0,3.125,3.75,5.0,2.5,3.75,2.5,3.75,5.0,0.0,1.25,3.75,0.0,1.25,5.0,5.0,5.0,3.75,1.25,1.25,5.0,1.25,2.5,3.75,2.5,1.25,2.5,2.5,1.25,2.5,3.75,1.25,2.5,2.5,0.0,0.0,1.875,0.0,3.75,0.0,0.0,0.0,0.0,0.0,0.0,0.0,0.0,0.0,0.0,0.0,0.0,0.0,0.0,0.0
223,7,5.0,5.0,5.0,5.0,5.0,5.0,5.0,5.0,3.75,5.0,5.0,5.0,5.0,5.0,5.0,5.0,3.125,3.75,5.0,2.5,3.75,2.5,3.75,5.0,0.0,1.25,3.75,0.0,1.25,5.0,5.0,5.0,3.125,1.25,1.25,5.0,1.25,2.5,3.75,2.5,1.25,2.5,2.5,1.25,2.5,2.5,1.25,2.5,2.5,0.0,0.0,1.875,0.0,3.75,0.0,0.0,0.0,0.0,0.0,0.0,0.0,0.0,0.0,0.0,0.0,0.0,0.0,0.0,0.0
223,8,5.0,5.0,5.0,5.0,5.0,5.0,5.0,5.0,3.75,5.0,5.0,5.0,5.0,5.0,5.0,4.375,2.5,3.75,5.0,2.5,3.75,2.5,3.75,5.0,0.0,1.25,3.75,0.0,1.25,4.375,4.375,5.0,2.5,1.25,1.25,5.0,1.25,2.5,3.75,2.5,1.25,2.5,2.5,1.25,2.5,2.5,0.625,2.5,2.5,0.0,0.0,1.25,0.0,2.5,0.0,0.0,0.0,0.0,0.0,0.0,0.0,0.0,0.0,0.0,0.0,0.0,0.0,0.0,0.0
224,6,5.0,5.0,5.0,5.0,5.0,5.0,5.0,5.0,3.125,5.0,5.0,5.0,5.0,5.0,5.0,3.75,2.5,3.75,5.0,3.75,3.75,2.5,4.375,5.0,0.0,1.25,3.75,0.0,1.25,5.0,5.0,5.0,2.5,1.25,1.25,5.0,0.0,2.5,3.75,2.5,1.25,3.75,2.5,1.25,1.25,1.25,1.25,2.5,2.5,0.0,0.0,1.25,0.0,3.75,0.0,0.0,0.0,0.0,0.0,0.0,0.0,0.0,0.0,0.0,0.0,0.0,0.0,0.0,0.0
224,7,5.0,5.0,5.0,5.0,5.0,5.0,5.0,5.0,3.125,5.0,5.0,5.0,5.0,5.0,5.0,3.75,2.5,3.75,5.0,3.75,3.75,2.5,4.375,5.0,0.0,1.25,3.75,0.0,1.25,5.0,5.0,5.0,2.5,1.25,1.25,5.0,0.0,2.5,3.75,2.5,1.25,3.75,2.5,1.25,1.25,1.25,1.25,2.5,2.5,0.0,0.0,1.25,0.0,3.75,0.0,0.0,0.0,0.0,0.0,0.0,0.0,0.0,0.0,0.0,0.0,0.0,0.0,0.0,0.0
224,8,5.0,5.0,5.0,5.0,5.0,5.0,5.0,5.0,2.5,5.0,5.0,5.0,5.0,5.0,5.0,3.75,2.5,3.75,5.0,3.125,3.75,2.5,3.75,5.0,0.0,1.25,3.75,0.0,1.25,5.0,5.0,5.0,2.5,1.25,1.25,3.75,0.0,2.5,3.125,2.5,1.25,2.5,2.5,1.25,1.25,1.25,1.25,2.5,2.5,0.0,0.0,0.625,0.0,3.75,0.0,0.0,0.0,0.0,0.0,0.0,0.0,0.0,0.0,0.0,0.0,0.0,0.0,0.0,0.0
225,6,5.0,5.0,5.0,5.0,5.0,5.0,5.0,5.0,3.75,5.0,5.0,5.0,5.0,5.0,5.0,3.75,2.5,5.0,5.0,5.0,3.75,2.5,5.0,5.0,0.0,1.875,3.75,0.0,1.25,5.0,5.0,5.0,2.5,1.25,1.25,3.75,0.0,2.5,2.5,2.5,1.875,3.75,2.5,1.25,1.25,0.0,2.5,2.5,2.5,0.0,0.0,0.0,1.25,3.75,0.0,0.0,0.0,0.0,0.0,0.0,0.0,0.0,0.0,0.0,0.0,0.0,0.0,0.0,0.0
225,7,5.0,5.0,5.0,5.0,5.0,5.0,5.0,5.0,3.75,4.375,5.0,5.0,5.0,5.0,5.0,3.75,2.5,5.0,5.0,3.75,3.75,2.5,5.0,5.0,0.0,1.875,3.75,0.0,1.25,5.0,5.0,5.0,2.5,1.25,1.25,3.75,0.0,2.5,2.5,2.5,1.875,3.75,2.5,1.25,1.25,0.625,2.5,2.5,2.5,0.0,0.0,0.0,1.25,3.75,0.0,0.0,0.0,0.0,0.0,0.0,0.0,0.0,0.0,0.0,0.0,0.0,0.0,0.0,0.0
225,8,5.0,5.0,5.0,5.0,5.0,5.0,5.0,5.0,3.75,3.75,5.0,5.0,5.0,5.0,5.0,3.75,2.5,4.375,5.0,3.75,3.75,2.5,5.0,5.0,0.0,1.25,3.75,0.0,1.25,5.0,5.0,5.0,2.5,1.25,1.25,3.75,0.0,1.25,2.5,2.5,1.25,3.75,2.5,1.25,1.25,0.625,1.25,2.5,2.5,0.0,0.0,0.0,1.25,3.75,0.0,0.0,0.0,0.0,0.0,0.0,0.0,0.0,0.0,0.0,0.0,0.0,0.0,0.0,0.0
226,6,5.0,5.0,5.0,5.0,5.0,5.0,5.0,5.0,3.75,3.75,5.0,5.0,5.0,5.0,5.0,2.5,3.125,5.0,5.0,5.0,3.75,2.5,5.0,5.0,0.0,2.5,3.75,0.0,2.5,5.0,5.0,5.0,3.125,1.25,1.25,3.75,0.0,1.25,2.5,2.5,2.5,3.75,2.5,1.25,1.25,0.0,2.5,2.5,1.25,0.0,1.25,0.0,2.5,3.75,0.0,1.25,0.0,0.0,0.0,0.0,0.0,0.0,0.0,0.0,0.0,0.0,0.0,0.0,0.0
226,7,5.0,5.0,5.0,5.0,5.0,5.0,5.0,5.0,3.75,3.75,5.0,5.0,5.0,5.0,5.0,2.5,3.125,5.0,5.0,5.0,3.75,2.5,5.0,5.0,0.0,2.5,3.75,0.0,2.5,5.0,5.0,5.0,3.125,1.25,1.25,2.5,0.0,1.25,2.5,2.5,2.5,3.75,2.5,1.25,1.25,0.0,2.5,2.5,1.25,0.0,1.25,0.0,2.5,3.75,0.0,1.25,0.0,0.0,0.0,0.0,0.0,0.0,0.0,0.0,0.0,0.0,0.0,0.0,0.0
226,8,5.0,5.0,5.0,5.0,5.0,5.0,5.0,5.0,3.75,3.75,5.0,5.0,5.0,5.0,5.0,2.5,2.5,5.0,5.0,4.375,3.75,2.5,5.0,5.0,0.0,2.5,3.75,0.0,1.875,5.0,5.0,5.0,2.5,1.25,1.25,2.5,0.0,1.25,2.5,2.5,2.5,3.75,2.5,1.25,1.25,0.0,2.5,2.5,1.25,0.0,1.25,0.0,1.25,2.5,0.0,1.25,0.0,0.0,0.0,0.0,0.0,0.0,0.0,0.0,0.0,0.0,0.0,0.0,0.0
227,6,5.0,5.0,5.0,5.0,5.0,5.0,5.0,4.375,3.75,3.75,5.0,5.0,5.0,5.0,5.0,2.5,3.75,5.0,5.0,5.0,4.375,1.875,5.0,5.0,0.0,2.5,3.75,0.0,2.5,5.0,5.0,5.0,3.75,2.5,1.25,2.5,1.25,1.25,2.5,2.5,2.5,3.75,2.5,1.25,1.25,0.0,3.75,2.5,1.25,1.25,2.5,0.0,3.75,2.5,0.0,2.5,0.0,0.0,0.0,0.0,0.0,0.0,0.0,0.0,0.0,0.0,0.0,0.0,0.0
227,7,5.0,5.0,5.0,5.0,5.0,5.0,5.0,4.375,3.75,3.75,5.0,5.0,5.0,5.0,5.0,2.5,3.75,5.0,5.0,5.0,3.75,1.875,5.0,5.0,0.0,2.5,3.75,0.0,2.5,5.0,5.0,5.0,3.75,2.5,1.25,2.5,1.25,1.25,2.5,2.5,2.5,3.75,2.5,1.25,1.25,0.0,3.75,2.5,1.25,1.25,2.5,0.0,3.75,2.5,0.0,2.5,0.0,0.0,0.0,0.0,0.0,0.0,0.0,0.0,0.0,0.0,0.0,0.0,0.0
227,8,5.0,5.0,5.0,5.0,5.0,5.0,5.0,3.75,3.75,3.75,5.0,5.0,5.0,5.0,5.0,2.5,3.75,5.0,5.0,5.0,3.75,1.25,5.0,5.0,0.0,2.5,3.75,0.0,2.5,5.0,5.0,5.0,3.125,1.875,1.25,2.5,0.625,1.25,2.5,2.5,2.5,3.75,2.5,1.25,1.25,0.0,3.125,2.5,1.25,1.25,2.5,0.0,2.5,2.5,0.0,1.25,0.0,0.0,0.0,0.0,0.0,0.0,0.0,0.0,0.0,0.0,0.0,0.0,0.0
228,6,5.0,5.0,5.0,3.75,5.0,5.0,5.0,5.0,5.0,3.75,5.0,5.0,5.0,5.0,5.0,1.25,3.75,5.0,5.0,5.0,5.0,1.875,5.0,3.75,0.0,3.75,3.75,0.0,2.5,3.75,5.0,5.0,2.5,2.5,2.5,2.5,1.25,1.25,2.5,3.125,2.5,3.75,3.75,1.25,1.25,0.0,3.75,2.5,0.625,2.5,3.75,1.25,3.75,1.25,0.0,3.75,0.0,0.0,0.0,0.0,0.0,0.0,0.0,0.0,0.0,0.0,0.0,0.0,0.0
228,7,5.0,5.0,5.0,3.75,5.0,5.0,5.0,5.0,5.0,3.75,5.0,5.0,5.0,5.0,5.0,1.25,3.75,5.0,5.0,5.0,5.0,1.875,5.0,3.75,0.0,3.75,3.75,0.0,2.5,3.75,5.0,5.0,2.5,2.5,2.5,2.5,1.25,1.25,2.5,2.5,2.5,3.75,3.125,1.25,1.25,0.0,3.75,2.5,0.625,1.25,3.75,1.25,3.75,1.25,0.0,3.75,0.0,0.0,0.0,0.0,0.0,0.0,0.0,0.0,0.0,0.0,0.0,0.0,0.0
228,8,5.0,5.0,5.0,3.75,5.0,5.0,5.0,4.375,3.75,3.75,5.0,5.0,5.0,5.0,5.0,1.25,3.75,5.0,5.0,4.375,5.0,1.875,5.0,3.75,0.0,3.75,3.75,0.0,2.5,3.75,5.0,5.0,2.5,2.5,1.875,2.5,1.25,1.25,2.5,2.5,2.5,2.5,2.5,1.25,1.25,0.0,3.75,2.5,0.0,1.25,3.75,1.25,3.75,1.25,0.0,2.5,0.0,0.0,0.0,0.0,0.0,0.0,0.0,0.0,0.0,0.0,0.0,0.0,0.0
229,6,5.0,5.0,5.0,3.75,5.0,5.0,5.0,5.0,5.0,5.0,5.0,5.0,5.0,5.0,5.0,0.0,5.0,5.0,5.0,3.75,5.0,1.875,5.0,2.5,0.0,3.75,3.75,0.0,3.75,3.75,5.0,5.0,2.5,3.75,2.5,2.5,1.25,1.25,2.5,2.5,2.5,2.5,3.75,1.25,2.5,0.0,3.75,1.25,0.0,3.75,5.0,2.5,3.75,0.625,0.0,3.75,0.0,0.0,0.0,0.0,0.0,0.0,0.0,0.0,0.0,0.0,0.0,0.0,0.0
229,7,5.0,5.0,5.0,3.75,5.0,5.0,5.0,5.0,5.0,5.0,5.0,5.0,5.0,5.0,5.0,0.0,5.0,5.0,5.0,3.75,5.0,1.875,5.0,2.5,0.0,3.75,3.75,0.0,3.75,3.75,5.0,5.0,2.5,3.125,2.5,2.5,1.25,1.25,2.5,2.5,2.5,2.5,3.75,1.25,2.5,0.0,3.75,1.25,0.0,2.5,5.0,2.5,3.75,0.0,0.0,3.75,0.0,0.0,0.0,0.0,0.0,0.0,0.0,0.0,0.0,0.0,0.0,0.0,0.0
229,8,5.0,5.0,5.0,3.75,5.0,5.0,5.0,5.0,5.0,3.75,5.0,4.375,5.0,5.0,5.0,0.0,5.0,5.0,4.375,3.75,5.0,1.25,5.0,2.5,0.0,3.75,3.75,0.0,3.75,3.75,5.0,5.0,2.5,2.5,2.5,1.875,1.25,1.25,2.5,2.5,2.5,1.875,3.75,1.25,2.5,0.0,3.75,1.25,0.0,2.5,5.0,2.5,3.75,0.0,0.0,3.75,0.0,0.0,0.0,0.0,0.0,0.0,0.0,0.0,0.0,0.0,0.0,0.0,0.0
230,6,5.0,5.0,5.0,3.75,5.0,5.0,5.0,5.0,5.0,5.0,5.0,4.375,5.0,5.0,5.0,0.0,5.0,5.0,3.75,2.5,5.0,1.25,5.0,2.5,0.0,5.0,3.75,0.0,3.75,3.75,5.0,5.0,2.5,3.75,2.5,1.25,1.25,2.5,3.75,2.5,2.5,1.25,3.75,1.25,2.5,0.0,3.75,1.25,1.25,5.0,5.0,2.5,3.75,0.0,0.0,4.375,0.0,0.0,0.0,0.0,0.0,0.0,0.0,0.0,0.0,0.0,0.0,0.0,0.0
230,7,5.0,5.0,5.0,3.75,5.0,5.0,5.0,5.0,5.0,5.0,5.0,4.375,5.0,5.0,5.0,0.0,5.0,5.0,3.75,2.5,5.0,1.25,5.0,2.5,0.0,4.375,3.75,0.0,3.75,3.75,5.0,5.0,2.5,3.75,2.5,1.25,1.25,2.5,3.75,2.5,2.5,1.25,3.75,1.25,2.5,0.0,3.75,1.25,1.25,3.75,5.0,2.5,3.75,0.0,0.0,3.75,0.0,0.0,0.0,0.0,0.0,0.0,0.0,0.0,0.0,0.0,0.0,0.0,0.0
230,8,4.375,5.0,5.0,3.75,5.0,5.0,5.0,5.0,5.0,5.0,5.0,3.75,3.75,5.0,5.0,0.0,5.0,5.0,3.75,2.5,5.0,1.25,5.0,1.875,0.0,3.75,3.75,0.0,3.75,3.125,4.375,5.0,2.5,3.75,2.5,1.25,1.25,2.5,3.75,2.5,2.5,1.25,3.75,1.25,2.5,0.0,3.75,1.25,0.625,3.75,5.0,2.5,3.75,0.0,0.0,3.75,0.0,0.0,0.0,0.0,0.0,0.0,0.0,0.0,0.0,0.0,0.0,0.0,0.0
231,6,5.0,5.0,5.0,3.75,5.0,5.0,5.0,5.0,5.0,5.0,5.0,5.0,3.75,5.0,5.0,0.0,5.0,5.0,3.75,1.25,5.0,1.25,5.0,1.25,0.0,5.0,3.75,0.0,3.75,2.5,5.0,5.0,2.5,3.75,3.75,1.25,1.25,3.75,3.75,2.5,3.75,0.625,3.75,0.0,2.5,0.0,3.75,0.0,1.25,5.0,5.0,3.75,2.5,0.0,0.0,3.75,0.0,1.25,0.0,0.0,0.0,0.0,0.0,0.0,0.0,0.0,0.0,0.0,0.0
231,7,5.0,5.0,5.0,3.75,5.0,5.0,5.0,5.0,5.0,5.0,5.0,5.0,2.5,5.0,5.0,0.0,5.0,5.0,3.75,1.25,5.0,1.25,5.0,1.25,0.0,5.0,3.75,0.0,3.75,2.5,5.0,5.0,2.5,3.75,3.75,1.25,1.25,3.125,3.75,2.5,3.75,0.0,3.75,0.0,2.5,0.0,3.75,0.0,1.25,5.0,5.0,3.75,2.5,0.0,0.0,3.75,0.0,1.25,0.0,0.0,0.0,0.0,0.0,0.0,0.0,0.0,0.0,0.0,0.0
231,8,5.0,5.0,5.0,3.75,5.0,5.0,5.0,5.0,5.0,5.0,5.0,4.375,2.5,5.0,5.0,0.0,5.0,5.0,3.75,1.25,5.0,1.25,5.0,1.25,0.0,5.0,3.75,0.0,3.75,2.5,4.375,5.0,2.5,3.75,3.125,1.25,1.25,3.125,3.75,1.875,3.125,0.0,3.125,0.0,2.5,0.0,3.75,0.0,1.25,3.75,5.0,3.75,2.5,0.0,0.0,3.75,0.0,1.25,0.0,0.0,0.0,0.0,0.0,0.0,0.0,0.0,0.0,0.0,0.0
232,6,5.0,5.0,5.0,5.0,5.0,5.0,5.0,5.0,5.0,5.0,5.0,5.0,1.875,5.0,5.0,0.0,5.0,5.0,3.75,0.0,5.0,1.25,3.75,0.0,0.0,5.0,3.125,0.0,5.0,2.5,5.0,5.0,2.5,3.75,3.75,1.25,1.25,4.375,4.375,2.5,3.75,0.0,2.5,0.0,2.5,0.0,3.75,0.0,2.5,5.0,5.0,3.75,2.5,0.0,0.0,3.75,0.0,2.5,0.0,0.0,0.0,0.0,0.0,0.0,0.0,0.0,0.0,0.0,0.0
232,7,5.0,5.0,5.0,3.75,5.0,5.0,5.0,5.0,5.0,5.0,5.0,5.0,1.875,5.0,5.0,0.0,5.0,5.0,3.75,0.0,5.0,1.25,3.75,0.0,0.0,5.0,3.125,0.0,5.0,2.5,5.0,5.0,2.5,3.75,3.75,1.25,1.25,3.75,4.375,2.5,3.75,0.0,2.5,0.0,2.5,0.0,3.75,0.0,2.5,5.0,5.0,3.75,2.5,0.0,0.0,3.75,0.0,2.5,0.0,0.0,0.0,0.0,0.0,0.0,0.0,0.0,0.0,0.0,0.0
232,8,5.0,5.0,5.0,3.75,5.0,4.375,5.0,5.0,5.0,5.0,5.0,3.75,1.25,5.0,5.0,0.0,5.0,5.0,3.75,0.0,5.0,1.25,3.75,0.0,0.0,5.0,3.125,0.0,4.375,2.5,5.0,5.0,2.5,3.75,3.75,1.25,1.25,3.75,3.75,1.875,3.75,0.0,2.5,0.0,2.5,0.0,3.75,0.0,2.5,3.75,5.0,3.75,1.25,0.0,0.0,2.5,0.0,2.5,0.0,0.0,0.0,0.0,0.0,0.0,0.0,0.0,0.0,0.0,0.0
233,6,5.0,5.0,5.0,5.0,5.0,3.75,5.0,5.0,5.0,5.0,5.0,5.0,0.0,5.0,5.0,0.0,5.0,5.0,3.75,0.0,5.0,1.875,3.75,0.0,0.0,5.0,2.5,0.0,5.0,2.5,5.0,3.75,2.5,3.75,3.75,1.25,1.25,5.0,4.375,2.5,5.0,0.0,2.5,0.0,2.5,1.25,3.75,1.25,3.75,5.0,5.0,3.75,1.25,0.0,0.0,2.5,0.0,3.75,0.0,0.0,0.0,0.0,0.0,0.0,0.0,0.0,0.0,0.0,0.0
233,7,5.0,5.0,5.0,5.0,5.0,3.75,5.0,5.0,5.0,5.0,5.0,5.0,0.0,5.0,5.0,0.0,5.0,5.0,3.75,0.0,5.0,1.875,3.75,0.0,0.0,5.0,2.5,0.0,5.0,2.5,5.0,3.75,2.5,3.75,3.75,1.25,1.25,5.0,4.375,2.5,5.0,0.0,2.5,0.0,2.5,1.25,3.75,1.25,3.125,5.0,5.0,3.75,1.25,0.0,0.0,2.5,0.0,2.5,0.0,0.0,0.0,0.0,0.0,0.0,0.0,0.0,0.0,0.0,0.0
233,8,5.0,5.0,5.0,5.0,5.0,3.75,5.0,5.0,5.0,5.0,5.0,5.0,0.625,5.0,5.0,0.0,5.0,3.75,3.75,0.0,5.0,1.25,3.75,0.0,0.0,5.0,2.5,0.0,5.0,2.5,5.0,3.75,2.5,3.75,3.75,1.25,1.25,5.0,3.75,2.5,3.75,0.0,2.5,0.0,2.5,1.25,3.75,1.25,2.5,5.0,5.0,3.125,1.25,0.0,0.0,1.875,0.0,3.125,0.0,0.0,0.0,0.0,0.0,0.0,0.0,0.0,0.0,0.0,0.0
234,6,5.0,5.0,5.0,5.0,5.0,3.75,5.0,5.0,5.0,5.0,5.0,5.0,0.0,5.0,5.0,0.0,5.0,5.0,3.75,0.0,5.0,2.5,2.5,0.0,0.0,5.0,2.5,0.0,5.0,3.75,5.0,3.75,3.75,3.75,3.75,1.25,2.5,5.0,3.75,2.5,5.0,0.0,1.25,1.25,1.25,1.25,3.75,1.25,3.75,5.0,5.0,2.5,0.0,0.0,0.0,1.25,0.0,5.0,0.0,0.0,0.0,0.0,0.0,0.0,0.0,0.0,0.0,0.0,0.0
234,7,5.0,5.0,5.0,5.0,5.0,3.75,5.0,5.0,5.0,5.0,5.0,5.0,0.0,5.0,5.0,0.0,5.0,5.0,3.75,0.0,5.0,2.5,2.5,0.0,0.0,5.0,2.5,0.0,5.0,3.75,5.0,3.75,3.75,3.75,3.75,1.25,2.5,5.0,3.75,2.5,5.0,0.0,1.25,1.25,1.25,1.25,3.75,1.25,3.75,5.0,5.0,2.5,0.0,0.0,0.0,1.25,0.0,4.375,0.0,0.0,0.0,0.0,0.0,0.0,0.0,0.0,0.0,0.0,0.0
234,8,5.0,5.0,5.0,5.0,5.0,3.75,5.0,5.0,5.0,5.0,5.0,5.0,0.0,5.0,5.0,0.0,5.0,5.0,3.75,0.0,5.0,2.5,2.5,0.0,0.0,5.0,2.5,0.0,5.0,3.125,5.0,3.75,3.125,3.75,3.75,1.25,2.5,5.0,3.75,2.5,5.0,0.0,1.25,1.25,1.25,1.25,3.75,1.25,3.75,3.75,5.0,2.5,0.0,0.0,0.0,1.25,0.0,3.75,0.0,0.0,0.0,0.0,0.0,0.0,0.0,0.0,0.0,0.0,0.0
235,6,5.0,5.0,5.0,5.0,5.0,3.75,5.0,5.0,5.0,5.0,5.0,5.0,0.0,3.75,5.0,0.0,5.0,5.0,3.75,0.0,5.0,3.75,2.5,0.0,0.0,5.0,2.5,0.0,5.0,3.75,5.0,3.75,3.75,3.75,3.75,1.25,2.5,5.0,3.75,3.75,5.0,1.25,1.25,1.25,1.25,2.5,3.75,2.5,3.75,5.0,3.75,1.25,0.0,0.0,0.0,0.0,0.0,5.0,0.0,0.0,0.0,0.0,0.0,0.0,0.0,0.0,0.0,0.0,0.0
235,7,5.0,5.0,5.0,5.0,5.0,3.75,5.0,5.0,5.0,5.0,5.0,5.0,0.0,3.75,5.0,0.0,5.0,5.0,3.75,0.0,5.0,3.75,2.5,0.0,0.0,5.0,2.5,0.0,5.0,3.75,5.0,3.75,3.75,3.75,3.75,1.25,2.5,5.0,3.75,3.75,5.0,1.25,1.25,1.25,1.25,2.5,3.75,2.5,3.75,5.0,3.75,1.25,0.0,0.0,0.0,0.0,0.0,5.0,0.0,0.0,0.0,0.0,0.0,0.0,0.0,0.0,0.0,0.0,0.0
235,8,5.0,5.0,5.0,5.0,5.0,3.75,5.0,5.0,5.0,5.0,5.0,5.0,0.0,3.75,5.0,0.0,5.0,5.0,3.75,0.0,5.0,3.125,2.5,0.0,0.0,5.0,2.5,0.0,5.0,3.75,5.0,3.75,3.75,3.75,3.125,1.25,2.5,5.0,3.75,3.125,5.0,1.25,1.25,1.25,1.25,2.5,3.125,2.5,3.75,3.75,3.75,1.25,0.0,0.0,0.0,0.0,0.0,5.0,0.0,0.0,0.0,0.0,0.0,0.0,0.0,0.0,0.0,0.0,0.0
236,6,5.0,5.0,5.0,5.0,5.0,3.75,5.0,5.0,5.0,5.0,5.0,5.0,0.0,3.75,5.0,1.25,5.0,5.0,3.75,0.0,4.375,4.375,2.5,0.0,0.0,5.0,2.5,0.0,5.0,5.0,5.0,3.75,5.0,5.0,2.5,1.25,3.75,5.0,2.5,3.75,5.0,2.5,1.25,2.5,1.25,3.75,2.5,2.5,2.5,5.0,2.5,1.25,0.0,0.0,0.0,0.0,0.0,5.0,0.0,0.0,0.0,0.0,0.0,0.0,0.0,0.0,0.0,0.0,0.0
236,7,5.0,5.0,5.0,5.0,5.0,3.75,5.0,5.0,5.0,5.0,5.0,5.0,0.0,3.75,5.0,1.25,5.0,5.0,3.75,0.0,4.375,4.375,2.5,0.0,0.0,5.0,2.5,0.0,5.0,5.0,5.0,3.75,5.0,5.0,2.5,1.25,3.75,5.0,2.5,3.75,5.0,1.25,1.25,2.5,1.25,3.75,2.5,2.5,2.5,4.375,2.5,1.25,0.0,0.0,0.0,0.0,0.0,5.0,0.0,0.0,0.0,0.0,0.0,0.0,0.0,0.0,0.0,0.0,0.0
236,8,5.0,5.0,5.0,5.0,5.0,3.75,5.0,5.0,5.0,5.0,5.0,5.0,0.0,3.75,4.375,1.25,5.0,5.0,3.125,0.0,3.75,3.75,2.5,0.0,0.0,5.0,2.5,0.0,5.0,5.0,5.0,3.75,5.0,4.375,2.5,1.25,3.125,5.0,2.5,3.75,5.0,1.25,1.25,1.25,1.25,3.75,2.5,2.5,2.5,3.75,2.5,1.25,0.0,0.0,0.0,0.0,0.0,5.0,0.0,0.0,0.0,0.0,0.0,0.0,0.0,0.0,0.0,0.0,0.0
237,6,5.0,5.0,5.0,5.0,5.0,4.375,5.0,4.375,5.0,5.0,5.0,5.0,0.0,3.75,3.75,1.25,3.75,5.0,2.5,0.0,3.75,5.0,3.125,0.0,0.0,5.0,2.5,0.0,5.0,5.0,5.0,3.75,5.0,5.0,2.5,1.25,3.75,5.0,2.5,4.375,5.0,3.75,1.25,2.5,2.5,5.0,1.25,2.5,2.5,5.0,1.25,0.0,0.0,0.0,0.0,0.0,0.0,5.0,0.0,0.0,0.0,0.0,0.0,0.0,0.0,0.0,0.0,0.0,0.0
237,7,5.0,5.0,5.0,5.0,5.0,4.375,5.0,4.375,5.0,5.0,5.0,5.0,0.0,3.125,3.75,1.25,3.75,5.0,2.5,0.0,3.75,5.0,3.125,0.0,0.0,5.0,2.5,0.0,5.0,5.0,5.0,3.75,5.0,5.0,2.5,1.25,3.75,5.0,2.5,4.375,5.0,2.5,1.25,2.5,1.875,5.0,1.25,2.5,2.5,3.75,1.25,0.0,0.0,0.0,0.0,0.0,0.0,5.0,0.0,0.0,0.0,0.0,0.0,0.0,0.0,0.0,0.0,0.0,0.0
237,8,5.0,5.0,5.0,5.0,5.0,3.75,5.0,3.75,5.0,5.0,5.0,5.0,0.0,2.5,3.75,1.25,3.75,5.0,2.5,0.0,3.75,5.0,2.5,0.0,0.0,5.0,2.5,0.0,5.0,5.0,5.0,3.75,5.0,5.0,2.5,1.25,3.75,5.0,2.5,3.75,3.75,2.5,1.25,1.875,1.25,3.75,1.25,2.5,1.25,3.75,1.25,0.0,0.0,0.0,0.0,0.0,0.0,3.75,0.0,0.0,0.0,0.0,0.0,0.0,0.0,0.0,0.0,0.0,0.0
238,6,5.0,5.0,5.0,5.0,5.0,5.0,5.0,3.75,5.0,5.0,3.75,5.0,0.0,3.75,3.75,3.75,3.75,5.0,1.25,0.0,3.75,5.0,3.75,0.0,0.0,5.0,2.5,0.0,5.0,5.0,5.0,3.75,5.0,5.0,2.5,1.25,5.0,5.0,2.5,4.375,3.75,5.0,2.5,1.25,3.75,5.0,1.25,2.5,1.25,3.75,0.0,0.0,0.0,1.25,0.0,0.0,0.0,5.0,0.0,0.0,0.0,0.0,0.0,0.0,0.0,0.0,0.0,0.0,0.0
238,7,5.0,5.0,5.0,5.0,5.0,5.0,5.0,3.75,5.0,5.0,3.75,5.0,0.0,3.75,3.75,2.5,3.75,5.0,1.25,0.0,3.75,5.0,3.75,0.0,0.0,5.0,2.5,0.0,5.0,5.0,5.0,3.75,5.0,5.0,2.5,1.25,5.0,5.0,2.5,4.375,3.75,4.375,2.5,1.25,2.5,5.0,0.0,2.5,1.25,3.75,0.0,0.0,0.0,1.25,0.0,0.0,0.0,3.75,0.0,0.0,0.0,0.0,0.0,0.0,0.0,0.0,0.0,0.0,0.0
238,8,5.0,5.0,4.375,5.0,5.0,5.0,5.0,3.75,5.0,5.0,3.75,5.0,0.0,2.5,3.75,2.5,3.75,5.0,1.25,0.0,3.75,5.0,3.75,0.0,0.0,5.0,2.5,0.0,5.0,5.0,5.0,3.75,5.0,5.0,2.5,1.25,3.75,5.0,2.5,3.75,3.75,3.75,2.5,1.25,2.5,5.0,0.0,2.5,1.25,3.75,0.0,0.0,0.0,1.25,0.0,0.0,0.0,3.75,0.0,0.0,0.0,0.0,0.0,0.0,0.0,0.0,0.0,0.0,0.0
239,6,5.0,5.0,4.375,5.0,5.0,5.0,5.0,3.75,5.0,5.0,2.5,5.0,0.0,3.75,3.75,5.0,3.125,5.0,1.25,0.0,3.75,5.0,5.0,0.0,0.0,5.0,2.5,0.0,5.0,5.0,4.375,3.75,5.0,5.0,3.75,1.25,5.0,5.0,2.5,3.75,2.5,5.0,3.75,1.25,5.0,5.0,0.0,2.5,0.0,3.75,0.0,0.0,0.0,2.5,0.0,0.0,0.0,2.5,0.0,0.0,0.0,0.0,0.0,0.0,0.0,0.0,0.0,0.0,0.0
239,7,5.0,5.0,3.75,5.0,5.0,5.0,5.0,3.75,5.0,5.0,2.5,5.0,0.0,3.75,3.75,3.75,3.125,5.0,1.25,0.0,3.75,5.0,5.0,0.0,0.0,5.0,2.5,0.0,5.0,5.0,4.375,3.75,5.0,5.0,3.125,2.5,5.0,5.0,2.5,3.75,2.5,5.0,3.75,1.25,4.375,5.0,0.0,2.5,0.0,3.75,0.0,0.0,0.0,2.5,0.0,0.0,0.0,2.5,0.0,0.0,0.0,0.0,0.0,0.0,0.0,0.0,0.0,0.0,0.0
239,8,5.0,5.0,3.75,5.0,5.0,5.0,5.0,3.75,5.0,5.0,2.5,5.0,0.0,3.125,3.75,3.75,2.5,5.0,1.25,0.0,3.75,5.0,5.0,0.0,0.0,5.0,2.5,0.0,5.0,5.0,3.75,3.75,5.0,5.0,2.5,1.25,5.0,5.0,2.5,3.75,2.5,5.0,3.75,1.25,3.75,5.0,0.0,2.5,0.0,2.5,0.0,0.0,0.0,2.5,0.0,0.0,0.0,2.5,0.0,0.0,0.0,0.0,0.0,0.0,0.0,0.0,0.0,0.0,0.0
240,6,5.0,5.0,3.75,5.0,5.0,5.0,5.0,3.75,5.0,5.0,1.25,5.0,0.0,3.75,3.75,5.0,2.5,5.0,0.0,0.0,3.75,5.0,5.0,0.0,0.0,5.0,2.5,0.0,5.0,5.0,3.75,3.75,5.0,5.0,3.75,2.5,5.0,5.0,2.5,3.75,2.5,5.0,5.0,0.0,5.0,5.0,0.0,1.25,0.0,2.5,0.0,0.0,0.0,2.5,0.0,0.0,0.0,1.25,0.0,0.0,0.0,0.0,0.0,0.0,0.0,0.0,0.0,0.0,0.0
240,7,5.0,5.0,3.75,5.0,5.0,5.0,5.0,3.75,5.0,5.0,1.25,5.0,0.0,3.75,3.75,5.0,2.5,5.0,0.0,0.0,3.75,5.0,5.0,0.0,0.0,5.0,2.5,0.0,5.0,5.0,3.75,3.75,5.0,5.0,3.75,2.5,5.0,5.0,2.5,3.75,2.5,5.0,5.0,0.0,5.0,5.0,0.0,1.25,0.0,2.5,0.0,0.0,0.0,2.5,0.0,0.0,0.0,1.25,0.0,0.0,0.0,0.0,0.0,0.0,0.0,0.0,0.0,0.0,0.0
240,8,5.0,5.0,3.75,5.0,5.0,5.0,5.0,3.75,5.0,5.0,1.25,5.0,0.0,3.75,3.75,3.75,2.5,4.375,0.0,0.0,3.75,5.0,5.0,0.0,0.0,5.0,2.5,0.0,5.0,5.0,3.75,3.75,5.0,5.0,3.75,2.5,5.0,5.0,1.875,3.75,2.5,5.0,5.0,0.0,5.0,5.0,0.0,1.25,0.0,1.875,0.0,0.0,0.0,2.5,0.0,0.0,0.0,1.25,0.0,0.0,0.0,0.0,0.0,0.0,0.0,0.0,0.0,0.0,0.0
241,6,5.0,5.0,3.75,5.0,5.0,5.0,5.0,3.75,5.0,5.0,0.0,5.0,0.0,3.75,3.75,5.0,2.5,3.75,0.0,0.0,3.75,5.0,5.0,0.0,0.0,5.0,2.5,0.0,5.0,5.0,3.75,3.75,3.75,5.0,5.0,2.5,5.0,5.0,1.25,2.5,2.5,5.0,5.0,0.0,5.0,5.0,1.25,1.25,0.0,2.5,0.0,0.0,0.0,3.75,0.0,0.0,0.0,0.0,0.0,0.0,0.0,0.0,0.0,0.0,0.0,0.0,0.0,0.0,0.0
241,7,5.0,5.0,3.75,5.0,5.0,5.0,5.0,3.75,5.0,5.0,0.0,5.0,0.0,3.75,3.75,5.0,2.5,3.75,0.0,0.0,3.75,5.0,5.0,0.0,0.0,5.0,2.5,0.0,5.0,5.0,3.75,3.125,3.75,5.0,5.0,2.5,5.0,5.0,1.25,2.5,2.5,5.0,5.0,0.0,5.0,5.0,1.25,1.25,0.0,1.25,0.0,0.0,0.0,3.75,0.0,0.0,0.0,0.0,0.0,0.0,0.0,0.0,0.0,0.0,0.0,0.0,0.0,0.0,0.0
241,8,5.0,5.0,3.75,5.0,5.0,5.0,5.0,3.75,5.0,4.375,0.0,5.0,0.0,3.75,3.75,3.75,2.5,3.75,0.0,0.0,3.75,5.0,5.0,0.0,0.0,3.75,2.5,0.0,5.0,5.0,3.75,3.125,3.75,5.0,4.375,2.5,5.0,4.375,1.25,2.5,1.875,5.0,5.0,0.0,5.0,5.0,1.25,1.25,0.0,1.25,0.0,0.0,0.0,3.75,0.0,0.0,0.0,0.0,0.0,0.0,0.0,0.0,0.0,0.0,0.0,0.0,0.0,0.0,0.0
242,6,5.0,5.0,3.75,5.0,5.0,5.0,5.0,5.0,5.0,3.75,0.0,5.0,1.25,3.75,5.0,3.75,3.125,3.75,0.0,0.0,4.375,5.0,5.0,0.0,0.0,5.0,2.5,0.0,5.0,5.0,3.75,2.5,3.75,5.0,5.0,3.75,5.0,5.0,1.25,2.5,2.5,5.0,5.0,1.25,5.0,5.0,1.875,2.5,0.0,0.0,0.0,0.0,0.0,3.75,0.0,0.0,0.0,0.0,0.0,0.0,0.0,0.0,0.0,0.0,0.0,0.0,0.0,0.0,0.0
242,7,5.0,5.0,3.75,5.0,5.0,5.0,5.0,5.0,5.0,3.75,0.0,5.0,0.625,3.75,5.0,3.75,3.125,3.75,0.0,0.0,4.375,5.0,5.0,0.0,0.0,5.0,2.5,0.0,5.0,5.0,3.75,2.5,3.75,5.0,5.0,3.75,5.0,5.0,1.25,2.5,2.5,5.0,5.0,0.625,5.0,5.0,1.875,2.5,0.0,0.625,0.0,0.0,0.0,3.75,0.0,0.0,0.0,0.0,0.0,0.0,0.0,0.0,0.0,0.0,0.0,0.0,0.0,0.0,0.0
242,8,4.375,5.0,3.75,5.0,5.0,5.0,5.0,5.0,5.0,3.75,0.0,5.0,1.25,3.75,4.375,2.5,2.5,3.125,0.0,0.0,3.75,5.0,5.0,0.0,0.0,4.375,2.5,0.0,5.0,5.0,3.75,2.5,3.75,5.0,5.0,3.75,5.0,3.75,1.25,2.5,1.25,5.0,5.0,0.625,5.0,5.0,1.25,2.5,0.0,0.625,0.0,0.0,0.0,3.125,0.0,0.0,0.0,0.0,0.0,0.0,0.0,0.0,0.0,0.0,0.0,0.0,0.0,0.0,0.0
243,6,3.75,5.0,3.75,5.0,5.0,5.0,5.0,5.0,5.0,3.75,0.0,5.0,2.5,3.75,5.0,2.5,3.75,2.5,0.0,0.0,5.0,5.0,5.0,0.0,0.0,5.0,2.5,0.0,5.0,5.0,4.375,2.5,2.5,5.0,5.0,4.375,5.0,4.375,1.25,2.5,1.25,5.0,5.0,1.25,5.0,5.0,2.5,3.75,0.0,0.0,0.0,0.0,1.25,2.5,0.0,0.0,0.0,0.0,0.0,0.0,0.0,0.0,0.0,0.0,0.0,0.0,0.0,0.0,0.0
243,7,3.75,5.0,3.75,5.0,5.0,5.0,5.0,5.0,5.0,3.75,0.0,5.0,1.25,3.75,5.0,2.5,3.75,2.5,0.0,0.0,4.375,5.0,5.0,0.0,0.0,5.0,2.5,0.0,5.0,5.0,3.75,2.5,2.5,4.375,5.0,4.375,5.0,3.75,1.25,2.5,1.25,5.0,5.0,1.25,5.0,5.0,2.5,3.75,0.0,0.0,0.0,0.0,1.25,2.5,0.0,0.0,0.0,0.0,0.0,0.0,0.0,0.0,0.0,0.0,0.0,0.0,0.0,0.0,0.0
243,8,3.75,5.0,3.75,5.0,5.0,5.0,5.0,5.0,5.0,3.75,0.0,5.0,1.25,3.75,5.0,2.5,3.75,2.5,0.0,0.0,4.375,5.0,5.0,0.0,0.0,5.0,2.5,0.0,5.0,5.0,3.75,2.5,2.5,3.75,5.0,3.75,5.0,3.75,1.25,2.5,1.25,5.0,5.0,1.25,5.0,5.0,2.5,3.75,0.0,0.0,0.0,0.0,1.25,2.5,0.0,0.0,0.0,0.0,0.0,0.0,0.0,0.0,0.0,0.0,0.0,0.0,0.0,0.0,0.0
244,6,3.75,5.0,3.75,5.0,5.0,5.0,5.0,5.0,5.0,3.75,0.0,5.0,2.5,3.125,5.0,1.25,3.75,2.5,0.0,0.0,5.0,5.0,5.0,0.0,0.0,5.0,3.75,0.0,5.0,5.0,3.75,2.5,2.5,3.75,5.0,5.0,5.0,3.75,1.25,2.5,1.25,5.0,5.0,2.5,5.0,5.0,3.125,5.0,0.0,0.0,0.0,0.0,1.25,2.5,0.0,0.0,0.0,0.0,0.0,0.0,0.0,0.0,0.0,0.0,0.0,0.0,0.0,0.0,0.0
244,7,3.125,5.0,3.75,5.0,5.0,5.0,5.0,5.0,4.375,3.75,0.0,5.0,2.5,3.125,5.0,1.25,3.75,2.5,0.0,0.0,5.0,5.0,5.0,0.0,0.0,5.0,3.75,0.0,5.0,5.0,3.75,2.5,2.5,3.75,5.0,5.0,5.0,3.75,1.25,2.5,1.25,5.0,5.0,2.5,3.75,5.0,3.125,5.0,0.0,0.0,0.0,0.0,1.25,1.875,0.0,0.0,0.0,0.0,0.0,0.0,0.0,0.0,0.0,0.0,0.0,0.0,0.0,0.0,0.0
244,8,3.125,5.0,3.75,5.0,5.0,5.0,5.0,5.0,3.75,3.75,0.0,5.0,2.5,2.5,5.0,1.25,3.75,2.5,0.0,0.0,5.0,5.0,5.0,0.0,0.0,5.0,2.5,0.0,5.0,5.0,3.75,2.5,2.5,3.75,5.0,5.0,5.0,3.75,1.25,2.5,1.25,5.0,5.0,2.5,3.75,5.0,2.5,5.0,0.0,0.0,0.0,0.0,1.25,1.25,0.0,0.0,0.0,0.0,0.0,0.0,0.0,0.0,0.0,0.0,0.0,0.0,0.0,0.0,0.0
245,6,3.125,5.0,4.375,5.0,5.0,5.0,5.0,5.0,3.75,3.75,0.0,5.0,3.75,2.5,5.0,0.0,5.0,2.5,0.0,0.0,5.0,5.0,5.0,0.0,0.0,5.0,3.75,0.0,5.0,5.0,3.75,2.5,2.5,3.125,5.0,5.0,5.0,3.75,2.5,2.5,1.25,5.0,5.0,4.375,3.125,3.75,3.75,5.0,1.25,0.0,0.0,0.0,2.5,1.25,0.0,1.25,0.0,0.0,0.0,0.0,0.0,0.0,0.0,0.0,0.0,0.0,0.0,0.0,0.0
245,7,2.5,5.0,4.375,5.0,5.0,5.0,3.75,5.0,3.75,3.75,0.0,5.0,3.75,2.5,5.0,0.0,5.0,2.5,0.0,0.0,5.0,5.0,5.0,0.0,0.0,5.0,3.75,0.0,5.0,5.0,3.75,2.5,2.5,2.5,5.0,5.0,5.0,3.75,2.5,2.5,1.25,5.0,5.0,3.75,2.5,3.75,3.75,5.0,1.25,0.0,0.0,0.0,2.5,1.25,0.0,1.25,0.0,0.0,0.0,0.0,0.0,0.0,0.0,0.0,0.0,0.0,0.0,0.0,0.0
245,8,2.5,5.0,3.75,5.0,5.0,5.0,3.75,5.0,3.75,3.75,0.0,5.0,2.5,2.5,5.0,0.0,4.375,2.5,0.0,0.0,5.0,5.0,5.0,0.0,0.0,5.0,3.75,0.0,5.0,5.0,3.75,2.5,2.5,2.5,5.0,5.0,5.0,3.75,1.875,2.5,1.25,5.0,5.0,3.75,2.5,3.75,3.125,5.0,1.25,0.0,0.0,0.0,2.5,1.25,0.0,1.25,0.0,0.0,0.0,0.0,0.0,0.0,0.0,0.0,0.0,0.0,0.0,0.0,0.0
246,6,3.75,5.0,5.0,5.0,5.0,5.0,3.75,5.0,2.5,4.375,0.0,5.0,3.75,1.25,5.0,0.0,5.0,3.125,0.0,0.0,5.0,5.0,4.375,0.0,0.0,5.0,5.0,0.0,5.0,3.75,3.75,2.5,1.25,2.5,5.0,5.0,5.0,3.75,2.5,2.5,1.25,5.0,3.75,5.0,1.25,2.5,3.75,5.0,2.5,0.0,0.0,1.25,3.125,0.0,0.0,2.5,0.0,0.0,0.0,0.0,0.0,0.0,0.0,0.0,0.0,0.0,0.0,0.0,0.0
246,7,3.75,5.0,5.0,5.0,5.0,5.0,3.75,5.0,2.5,4.375,0.0,5.0,3.75,1.25,5.0,0.0,5.0,3.125,0.0,0.0,5.0,5.0,4.375,0.0,0.0,5.0,5.0,0.0,5.0,3.75,3.75,2.5,1.25,2.5,5.0,5.0,5.0,3.75,2.5,2.5,1.25,5.0,3.75,5.0,1.25,2.5,3.75,5.0,2.5,0.0,0.0,1.25,3.125,0.0,0.0,2.5,0.0,0.0,0.0,0.0,0.0,0.0,0.0,0.0,0.0,0.0,0.0,0.0,0.0
246,8,2.5,5.0,5.0,5.0,5.0,4.375,2.5,5.0,2.5,3.75,0.0,5.0,3.75,1.25,5.0,0.0,5.0,3.125,0.0,0.0,5.0,5.0,3.75,0.0,0.0,5.0,5.0,0.0,5.0,3.75,3.75,2.5,1.25,2.5,5.0,5.0,5.0,3.125,2.5,2.5,0.0,5.0,3.75,5.0,1.25,2.5,3.125,5.0,1.875,0.0,0.0,1.25,2.5,0.0,0.0,2.5,0.0,0.0,0.0,0.0,0.0,0.0,0.0,0.0,0.0,0.0,0.0,0.0,0.0
247,6,3.75,5.0,5.0,5.0,5.0,5.0,2.5,5.0,1.25,5.0,0.0,5.0,3.75,1.25,5.0,0.0,5.0,3.75,0.0,0.0,5.0,5.0,3.75,0.0,0.0,5.0,5.0,0.0,5.0,3.75,2.5,2.5,1.25,2.5,5.0,5.0,5.0,2.5,2.5,2.5,0.0,5.0,3.75,5.0,1.25,1.25,3.75,5.0,3.75,1.25,0.0,1.25,3.75,0.0,0.0,3.75,0.0,0.0,0.0,0.0,0.0,0.0,0.0,0.0,0.0,0.0,0.0,0.0,0.0
247,7,3.75,5.0,5.0,5.0,5.0,5.0,2.5,5.0,1.25,5.0,0.0,5.0,3.75,1.25,5.0,0.0,5.0,3.75,0.0,0.0,5.0,5.0,3.75,0.0,0.0,5.0,5.0,0.0,5.0,3.75,2.5,2.5,1.25,2.5,5.0,5.0,5.0,2.5,2.5,2.5,0.0,5.0,3.75,5.0,1.25,1.25,3.125,5.0,3.75,0.625,0.0,1.25,3.75,0.0,0.0,3.75,0.0,0.0,0.0,0.0,0.0,0.0,0.0,0.0,0.0,0.0,0.0,0.0,0.0
247,8,3.75,5.0,5.0,5.0,5.0,5.0,2.5,5.0,1.25,5.0,0.0,4.375,3.75,0.625,5.0,0.0,5.0,3.75,0.0,0.0,5.0,5.0,3.125,0.0,0.0,5.0,5.0,0.0,5.0,3.125,2.5,2.5,1.25,2.5,5.0,5.0,5.0,2.5,2.5,2.5,0.0,5.0,3.125,5.0,1.25,1.25,2.5,5.0,2.5,0.625,0.0,1.25,2.5,0.0,0.0,3.75,0.0,0.0,0.0,0.0,0.0,0.0,0.0,0.0,0.0,0.0,0.0,0.0,0.0
248,6,3.75,5.0,5.0,5.0,5.0,5.0,1.25,5.0,0.0,5.0,0.0,5.0,3.125,0.0,5.0,0.0,5.0,3.75,0.0,0.0,5.0,5.0,2.5,0.0,0.0,4.375,5.0,0.0,5.0,2.5,2.5,2.5,1.25,2.5,3.75,5.0,5.0,2.5,3.125,2.5,0.0,3.75,3.75,5.0,1.25,0.0,3.75,5.0,5.0,1.875,0.0,3.75,2.5,0.0,0.0,5.0,0.0,0.0,0.0,0.0,0.0,0.625,0.0,0.0,0.0,0.0,0.0,0.0,0.0
248,7,3.75,5.0,5.0,5.0,5.0,5.0,2.5,5.0,0.0,5.0,0.0,5.0,2.5,0.0,5.0,0.0,5.0,3.75,0.0,0.0,5.0,5.0,2.5,0.0,0.0,4.375,5.0,0.0,5.0,2.5,2.5,2.5,1.25,2.5,3.75,5.0,5.0,2.5,3.125,2.5,0.0,5.0,3.75,5.0,1.25,0.0,3.75,5.0,4.375,1.25,0.0,2.5,2.5,0.0,0.0,4.375,0.0,0.0,0.0,0.0,0.0,1.25,0.0,0.0,0.0,0.0,0.0,0.0,0.0
248,8,3.75,5.0,5.0,5.0,5.0,5.0,1.25,5.0,0.0,5.0,0.0,4.375,2.5,0.0,5.0,0.0,5.0,3.75,0.0,0.0,5.0,5.0,2.5,0.0,0.0,3.75,5.0,0.0,5.0,1.875,2.5,2.5,1.25,2.5,3.75,5.0,5.0,2.5,2.5,1.875,0.0,5.0,3.125,5.0,1.25,0.0,2.5,5.0,3.75,1.25,0.0,2.5,2.5,0.0,0.0,3.75,0.0,0.0,0.0,0.0,0.0,0.0,0.0,0.0,0.0,0.0,0.0,0.0,0.0
249,6,3.75,5.0,5.0,5.0,5.0,5.0,1.25,5.0,0.0,5.0,0.0,4.375,2.5,0.0,5.0,0.0,5.0,4.375,0.0,0.0,5.0,5.0,2.5,0.0,0.0,3.75,5.0,0.0,5.0,1.25,1.875,2.5,2.5,3.75,3.75,5.0,5.0,2.5,3.75,2.5,1.25,2.5,3.125,5.0,2.5,0.0,3.75,5.0,5.0,2.5,0.0,5.0,2.5,0.0,0.0,5.0,0.0,0.0,0.0,0.0,0.0,1.25,0.0,0.0,0.0,0.0,0.0,0.0,0.0
249,7,3.75,5.0,5.0,5.0,5.0,5.0,1.25,5.0,0.0,5.0,0.0,4.375,1.25,0.0,5.0,0.0,5.0,4.375,0.0,0.0,5.0,5.0,2.5,0.0,0.0,3.75,5.0,0.0,5.0,1.25,1.875,2.5,2.5,3.75,3.75,5.0,5.0,2.5,3.75,2.5,1.25,2.5,3.125,5.0,2.5,0.0,3.75,4.375,5.0,2.5,0.0,3.75,2.5,0.0,0.0,5.0,0.0,0.0,0.0,0.0,0.0,1.25,0.0,0.0,0.0,0.0,0.0,0.0,0.0
249,8,3.75,5.0,5.0,5.0,5.0,5.0,1.25,5.0,0.0,5.0,0.0,3.75,1.25,0.0,5.0,0.0,5.0,3.75,0.0,0.0,5.0,5.0,2.5,0.0,0.0,3.75,5.0,0.0,5.0,1.25,1.25,2.5,1.875,3.125,3.125,3.75,5.0,2.5,3.75,2.5,0.0,2.5,2.5,5.0,2.5,0.0,3.75,3.75,3.75,2.5,0.0,3.75,2.5,0.0,0.0,3.75,0.0,0.0,0.0,0.0,0.0,1.25,0.0,0.0,0.0,0.0,0.0,0.0,0.0
250,6,5.0,5.0,5.0,4.375,5.0,5.0,1.25,5.0,0.0,5.0,1.25,4.375,1.25,0.0,5.0,0.0,5.0,4.375,0.0,0.0,5.0,5.0,2.5,0.0,0.0,3.125,5.0,0.0,5.0,0.0,2.5,3.125,2.5,4.375,2.5,3.75,5.0,2.5,3.75,3.125,1.25,1.25,2.5,5.0,2.5,0.0,5.0,3.125,5.0,3.75,0.0,5.0,1.25,0.0,0.0,3.75,0.0,0.0,1.25,0.0,0.0,3.75,0.0,0.0,0.0,0.0,0.0,0.0,0.0
250,7,4.375,5.0,5.0,4.375,5.0,5.0,1.25,5.0,0.0,5.0,1.25,4.375,0.625,0.0,5.0,0.0,5.0,4.375,0.0,0.0,5.0,5.0,2.5,0.0,0.0,3.125,5.0,0.0,5.0,0.0,2.5,3.125,2.5,3.75,2.5,3.75,5.0,2.5,3.75,3.125,1.25,1.25,2.5,5.0,2.5,0.0,5.0,2.5,5.0,3.75,0.0,5.0,1.25,0.0,0.0,3.75,0.0,0.0,1.875,0.0,0.0,3.75,0.0,0.0,0.0,0.0,0.0,0.0,0.0
250,8,3.75,3.75,5.0,3.75,5.0,5.0,1.25,5.0,0.0,5.0,1.25,3.75,1.25,0.0,5.0,0.0,5.0,4.375,0.0,0.0,5.0,5.0,2.5,0.0,0.0,2.5,5.0,0.0,5.0,0.0,1.875,2.5,2.5,3.75,2.5,2.5,5.0,2.5,3.75,2.5,1.25,1.25,2.5,5.0,2.5,0.0,4.375,2.5,5.0,3.75,0.0,3.75,1.25,0.0,0.0,3.75,0.0,0.0,1.25,0.0,0.0,2.5,0.0,0.0,0.0,0.0,0.0,0.0,0.0
251,6,5.0,4.375,5.0,3.75,3.75,5.0,1.25,5.0,0.0,5.0,2.5,4.375,0.0,0.0,5.0,0.0,5.0,5.0,0.0,0.0,5.0,5.0,2.5,0.0,0.0,2.5,5.0,0.0,5.0,0.0,2.5,3.125,2.5,5.0,2.5,2.5,5.0,2.5,5.0,3.75,2.5,0.0,2.5,5.0,2.5,0.0,5.0,1.875,3.75,3.75,0.0,5.0,0.0,0.0,0.0,3.75,0.0,0.0,3.75,0.0,0.0,5.0,0.0,0.0,0.0,0.0,0.0,0.0,0.0
251,7,5.0,4.375,5.0,3.75,3.75,5.0,1.25,5.0,0.0,5.0,2.5,3.75,0.0,0.0,5.0,0.0,5.0,5.0,0.0,0.0,5.0,5.0,2.5,0.0,0.0,2.5,5.0,0.0,5.0,0.0,2.5,3.125,2.5,5.0,2.5,1.25,5.0,2.5,4.375,3.75,2.5,0.0,2.5,3.75,2.5,0.0,5.0,1.25,3.75,3.75,0.0,5.0,0.0,0.0,0.0,2.5,0.0,0.0,3.75,0.0,0.0,5.0,0.0,0.0,0.0,0.0,0.0,0.0,0.0
251,8,5.0,3.75,5.0,3.75,3.75,5.0,1.25,5.0,0.0,5.0,1.25,3.75,0.0,0.0,5.0,0.0,5.0,4.375,0.0,0.0,5.0,5.0,2.5,0.0,0.0,2.5,5.0,0.0,5.0,0.0,2.5,3.125,2.5,4.375,2.5,1.25,5.0,2.5,3.75,3.75,1.875,0.0,2.5,3.75,2.5,0.0,5.0,1.25,3.75,3.75,0.0,3.75,0.0,0.0,0.0,2.5,0.0,0.0,3.125,0.0,0.0,5.0,0.0,0.0,0.0,0.0,0.0,0.0,0.0
252,6,5.0,3.75,5.0,3.75,2.5,5.0,1.25,5.0,0.0,4.375,3.75,5.0,0.0,0.0,5.0,0.0,5.0,5.0,0.0,0.0,5.0,5.0,2.5,0.0,0.0,2.5,5.0,0.0,5.0,0.0,2.5,3.125,3.75,5.0,2.5,1.25,5.0,2.5,5.0,5.0,2.5,0.0,1.875,3.75,2.5,0.0,5.0,1.25,3.75,3.75,0.0,5.0,0.0,0.0,0.0,2.5,0.0,0.0,5.0,0.0,0.0,5.0,0.0,0.0,0.0,0.0,0.0,0.0,0.0
252,7,5.0,3.75,5.0,3.75,2.5,5.0,1.25,5.0,0.0,4.375,3.75,5.0,0.0,0.0,5.0,0.0,5.0,5.0,0.0,0.0,5.0,5.0,2.5,0.0,0.0,2.5,5.0,0.0,5.0,0.0,2.5,3.125,3.125,5.0,2.5,0.0,5.0,2.5,5.0,5.0,2.5,0.0,1.875,2.5,2.5,0.0,5.0,1.25,2.5,3.75,0.0,3.75,0.0,0.0,0.0,1.25,0.0,0.0,5.0,0.0,0.0,5.0,0.0,0.0,0.0,0.0,0.0,0.0,0.0
252,8,5.0,3.75,5.0,3.75,2.5,5.0,1.25,5.0,0.0,4.375,2.5,4.375,0.0,0.0,5.0,0.0,5.0,4.375,0.0,0.0,5.0,5.0,2.5,0.0,0.0,2.5,5.0,0.0,4.375,0.0,2.5,2.5,3.125,5.0,2.5,0.0,5.0,2.5,5.0,4.375,2.5,0.0,1.875,2.5,2.5,0.0,5.0,1.25,2.5,3.75,0.0,3.75,0.0,0.0,0.0,1.25,0.0,0.0,5.0,0.0,0.0,5.0,0.0,0.0,0.0,0.0,0.0,0.0,0.0
253,6,5.0,3.75,5.0,3.75,2.5,5.0,1.25,5.0,1.25,3.75,3.75,5.0,0.0,0.0,5.0,0.0,4.375,4.375,0.0,0.0,5.0,5.0,2.5,0.0,0.0,2.5,3.75,0.0,3.75,0.0,3.75,2.5,3.75,5.0,2.5,0.0,5.0,2.5,5.0,5.0,2.5,0.0,1.25,2.5,2.5,0.0,5.0,0.0,2.5,2.5,0.0,3.75,0.0,1.25,0.0,1.25,0.0,0.0,5.0,0.0,0.0,5.0,0.0,0.0,0.0,0.0,0.0,0.0,0.0
253,7,5.0,3.75,5.0,3.75,2.5,5.0,1.25,5.0,1.25,3.75,3.75,5.0,0.0,0.0,5.0,0.0,3.75,4.375,0.0,0.0,5.0,5.0,2.5,0.0,0.0,2.5,3.75,0.0,3.75,0.0,3.75,2.5,3.75,5.0,2.5,0.0,5.0,2.5,5.0,5.0,2.5,0.0,1.25,2.5,2.5,0.0,5.0,0.0,2.5,2.5,0.0,2.5,0.0,0.0,0.0,1.25,0.0,0.0,5.0,0.0,0.0,5.0,0.0,0.0,0.0,0.0,0.0,0.0,0.0
253,8,5.0,3.75,5.0,3.75,2.5,5.0,1.25,5.0,1.25,3.75,3.75,5.0,0.0,0.0,5.0,0.0,3.75,4.375,0.0,0.0,5.0,5.0,2.5,0.0,0.0,2.5,3.75,0.0,3.75,0.0,3.75,2.5,3.75,5.0,2.5,0.0,5.0,2.5,4.375,5.0,2.5,0.0,1.25,2.5,2.5,0.0,5.0,0.0,1.25,2.5,0.0,2.5,0.0,0.0,0.0,1.25,0.0,0.0,5.0,0.0,0.0,5.0,0.0,0.0,0.0,0.0,0.0,0.0,0.0
254,6,5.0,3.75,5.0,3.75,1.25,5.0,1.25,5.0,2.5,2.5,5.0,5.0,0.0,0.0,5.0,0.0,3.75,4.375,0.0,0.0,5.0,5.0,3.75,0.0,0.0,3.75,2.5,0.0,3.75,0.0,3.75,2.5,3.75,5.0,2.5,0.0,5.0,1.875,3.75,5.0,2.5,0.0,1.25,2.5,1.25,0.0,5.0,0.625,1.25,1.875,0.0,2.5,0.0,1.875,0.0,0.0,0.0,1.25,5.0,0.0,0.0,5.0,0.0,0.0,0.0,0.0,0.0,0.0,0.0
254,7,5.0,3.75,5.0,3.75,1.25,5.0,1.25,5.0,1.25,2.5,5.0,5.0,0.0,0.0,5.0,0.0,3.75,4.375,0.0,0.0,5.0,5.0,3.75,0.0,0.0,3.75,2.5,0.0,3.75,0.0,3.75,2.5,3.75,5.0,2.5,0.0,5.0,1.875,3.75,5.0,2.5,0.0,1.25,2.5,1.25,0.0,5.0,0.625,1.25,1.25,0.0,1.25,0.0,1.25,0.0,0.0,0.0,1.25,5.0,0.0,0.0,5.0,0.0,0.0,0.0,0.0,0.0,0.0,0.0
254,8,5.0,3.125,5.0,3.75,1.25,5.0,1.25,5.0,1.25,2.5,4.375,5.0,0.0,0.0,5.0,0.0,3.75,3.75,0.0,0.0,5.0,5.0,3.75,0.0,0.0,3.75,2.5,0.0,3.125,0.0,3.75,2.5,3.75,5.0,2.5,0.0,5.0,1.25,3.75,5.0,2.5,0.0,1.25,2.5,1.25,0.0,5.0,0.0,1.25,1.25,0.0,1.25,0.0,1.25,0.0,0.0,0.0,1.25,5.0,0.0,0.0,5.0,0.0,0.0,0.0,0.0,0.0,0.0,0.0
255,6,5.0,3.75,5.0,3.75,1.25,5.0,1.25,5.0,3.125,1.25,5.0,5.0,0.0,0.0,5.0,0.0,3.75,3.75,0.0,0.0,5.0,5.0,3.75,0.0,0.0,5.0,1.25,0.0,2.5,0.0,5.0,2.5,5.0,5.0,2.5,0.0,5.0,1.25,3.75,5.0,2.5,0.0,2.5,2.5,1.25,0.0,5.0,1.25,0.0,1.25,0.0,1.25,0.0,2.5,0.0,0.0,0.0,2.5,5.0,0.0,0.0,5.0,0.0,0.0,0.0,0.0,0.0,0.0,0.0
255,7,5.0,3.75,5.0,3.75,1.25,4.375,1.25,5.0,3.125,1.25,4.375,5.0,0.0,0.0,5.0,0.0,3.75,3.75,0.0,0.0,5.0,5.0,3.75,0.0,0.0,4.375,1.25,0.0,2.5,0.0,4.375,2.5,4.375,5.0,2.5,0.0,5.0,1.25,3.75,5.0,2.5,0.0,1.875,2.5,1.25,0.0,5.0,1.25,0.0,0.625,0.0,1.25,0.0,2.5,0.0,0.0,0.0,2.5,5.0,0.0,0.0,5.0,0.0,0.0,0.0,0.0,0.0,0.0,0.0
255,8,5.0,3.75,5.0,3.125,1.25,3.75,1.25,5.0,2.5,1.25,3.75,4.375,0.0,0.0,5.0,0.0,3.75,3.75,0.0,0.0,5.0,5.0,3.75,0.0,0.0,3.75,1.25,0.0,2.5,0.0,3.75,2.5,3.75,5.0,2.5,0.0,5.0,1.25,3.75,5.0,2.5,0.0,1.875,2.5,1.25,0.0,5.0,1.25,0.0,0.625,0.0,1.25,0.0,2.5,0.0,0.0,0.0,2.5,5.0,0.0,0.0,5.0,0.0,0.0,0.0,0.0,0.0,0.0,0.0
256,6,5.0,3.75,5.0,2.5,1.25,2.5,1.25,5.0,3.75,0.0,3.75,4.375,0.0,0.0,5.0,0.0,5.0,3.75,0.0,0.0,5.0,5.0,5.0,0.0,0.0,5.0,1.25,0.0,2.5,0.0,5.0,2.5,5.0,5.0,3.125,0.0,5.0,1.25,2.5,5.0,2.5,0.0,2.5,2.5,1.25,0.0,3.75,1.875,0.0,0.0,0.0,0.0,0.0,3.75,0.0,0.0,0.0,3.75,5.0,0.0,0.0,5.0,0.0,0.0,0.0,0.0,0.0,0.0,0.0
256,7,5.0,3.75,5.0,2.5,1.25,2.5,1.25,5.0,3.75,0.0,3.75,4.375,0.0,0.0,5.0,0.0,5.0,3.75,0.0,0.0,5.0,5.0,5.0,0.0,0.0,5.0,1.25,0.0,2.5,0.0,5.0,2.5,5.0,5.0,3.125,0.0,5.0,1.25,2.5,5.0,2.5,0.0,2.5,2.5,1.25,0.0,3.75,1.875,0.0,0.0,0.0,0.0,0.0,3.75,0.0,0.0,0.0,3.75,5.0,0.0,0.0,5.0,0.0,0.0,0.0,0.0,0.0,0.0,0.0
256,8,5.0,3.75,3.75,2.5,1.25,2.5,1.25,5.0,3.75,0.0,3.75,3.75,0.0,0.0,5.0,0.0,4.375,3.75,0.0,0.0,5.0,5.0,5.0,0.0,0.0,5.0,1.25,0.0,2.5,0.0,5.0,1.875,4.375,5.0,2.5,0.0,5.0,1.25,2.5,5.0,1.875,0.0,2.5,2.5,0.625,0.0,3.75,1.25,0.0,0.0,0.0,0.0,0.0,2.5,0.0,0.0,0.0,3.125,5.0,0.0,0.0,5.0,0.0,0.0,0.0,0.0,0.0,0.0,0.0
257,6,5.0,3.75,4.375,3.75,1.25,1.25,1.25,5.0,4.375,0.0,3.75,4.375,0.0,0.0,5.0,0.0,5.0,3.75,0.0,0.0,5.0,5.0,5.0,0.0,0.0,5.0,1.25,0.0,2.5,0.0,5.0,2.5,5.0,5.0,3.75,0.0,5.0,2.5,2.5,5.0,1.25,0.0,2.5,2.5,0.0,0.0,2.5,2.5,0.0,0.0,0.0,0.0,0.0,4.375,0.0,0.0,0.0,5.0,5.0,0.0,0.0,2.5,0.0,0.0,0.0,0.0,0.0,0.0,0.0
257,7,5.0,3.75,3.75,3.125,1.25,1.25,1.25,5.0,4.375,0.0,3.75,4.375,0.0,0.0,5.0,0.0,5.0,3.75,0.0,0.0,5.0,5.0,5.0,0.0,0.0,5.0,1.25,0.0,2.5,0.0,5.0,2.5,5.0,5.0,3.125,0.0,5.0,2.5,2.5,5.0,1.25,0.0,2.5,2.5,0.0,0.0,2.5,2.5,0.0,0.0,0.0,0.0,0.0,3.75,0.0,0.0,0.0,5.0,5.0,0.0,0.0,2.5,0.0,0.0,0.0,0.0,0.0,0.0,0.0
257,8,5.0,3.75,3.75,2.5,1.25,1.25,1.25,5.0,3.75,0.0,2.5,3.75,0.0,0.0,5.0,0.0,5.0,3.75,0.0,0.0,4.375,5.0,5.0,0.0,0.0,5.0,1.25,0.0,2.5,0.0,5.0,2.5,5.0,5.0,3.125,0.0,4.375,1.875,2.5,5.0,1.25,0.0,2.5,2.5,0.0,0.0,2.5,2.5,0.0,0.0,0.0,0.0,0.0,3.75,0.0,0.0,0.0,3.75,5.0,0.0,0.0,2.5,0.0,0.0,0.0,0.0,0.0,0.0,0.0
258,6,5.0,5.0,3.75,3.75,1.25,0.0,1.25,5.0,5.0,0.0,3.125,5.0,1.25,0.0,5.0,0.0,5.0,3.75,0.0,0.0,5.0,5.0,5.0,0.0,0.0,5.0,2.5,0.0,2.5,0.0,5.0,2.5,5.0,5.0,3.75,0.0,5.0,2.5,2.5,5.0,1.25,0.0,2.5,2.5,0.625,0.0,2.5,2.5,0.0,1.25,0.0,0.0,1.25,4.375,0.0,0.0,0.0,5.0,5.0,0.0,0.0,1.25,0.0,0.0,0.0,0.0,0.0,0.0,0.0
258,7,5.0,5.0,3.75,3.75,1.25,0.0,1.25,5.0,5.0,0.0,3.125,5.0,1.25,0.0,5.0,0.0,5.0,3.75,0.0,0.0,5.0,5.0,5.0,0.0,0.0,5.0,2.5,0.0,2.5,0.0,5.0,2.5,5.0,5.0,3.75,0.0,3.75,2.5,2.5,5.0,2.5,0.0,2.5,1.875,0.625,0.0,1.875,2.5,0.0,0.0,0.0,0.0,1.25,3.75,0.0,0.0,0.0,5.0,5.0,0.0,0.0,1.25,0.0,0.0,0.0,0.0,0.0,0.0,0.0
258,8,5.0,4.375,2.5,3.75,1.25,0.0,0.625,5.0,3.75,0.0,2.5,4.375,1.25,0.0,5.0,0.0,5.0,3.75,0.0,0.0,5.0,5.0,5.0,0.0,0.0,5.0,2.5,0.0,2.5,0.0,5.0,2.5,5.0,5.0,3.75,0.0,3.75,2.5,2.5,5.0,2.5,0.0,2.5,1.875,0.625,0.0,1.25,2.5,0.0,0.0,0.0,0.0,1.25,3.75,0.0,0.0,0.0,5.0,5.0,0.0,0.0,0.0,0.0,0.0,0.0,0.0,0.0,0.0,0.0
259,6,5.0,5.0,3.75,5.0,1.25,0.0,0.0,3.75,3.75,0.0,2.5,5.0,2.5,0.0,5.0,0.0,5.0,3.75,0.0,0.0,5.0,5.0,5.0,0.0,0.0,5.0,3.75,0.0,2.5,0.0,5.0,3.125,5.0,5.0,3.75,0.0,3.75,3.75,2.5,5.0,2.5,0.0,2.5,1.25,1.25,0.0,1.25,2.5,0.0,2.5,0.0,0.0,2.5,3.75,0.0,0.0,0.0,5.0,3.75,0.0,0.0,0.0,0.0,0.0,0.0,0.0,0.0,0.0,0.0
259,7,5.0,5.0,2.5,4.375,1.25,0.0,0.0,3.75,3.75,0.0,2.5,5.0,2.5,0.0,5.0,0.0,5.0,3.75,0.0,0.0,5.0,5.0,5.0,0.0,0.0,5.0,3.75,0.0,2.5,0.0,5.0,3.125,5.0,5.0,3.75,0.0,3.75,3.75,2.5,5.0,2.5,0.0,2.5,1.25,1.25,0.0,1.25,2.5,0.0,2.5,0.0,0.0,1.25,3.75,0.0,0.0,0.0,5.0,3.75,0.0,0.0,0.0,0.0,0.0,0.0,0.0,0.0,0.0,0.0
259,8,5.0,5.0,2.5,3.75,0.625,0.0,0.0,3.75,3.75,0.0,2.5,4.375,2.5,0.0,5.0,0.0,5.0,3.75,0.0,0.0,5.0,5.0,5.0,0.0,0.0,5.0,3.75,0.0,2.5,0.0,5.0,2.5,5.0,5.0,3.75,0.0,3.75,3.75,2.5,5.0,2.5,0.0,2.5,1.25,1.25,0.0,1.25,2.5,0.0,1.25,0.0,0.0,1.25,3.125,0.0,0.0,0.0,5.0,3.75,0.0,0.0,0.0,0.0,0.0,0.0,0.0,0.0,0.0,0.0
260,6,5.0,5.0,3.75,5.0,1.25,1.25,0.0,2.5,3.75,0.0,2.5,5.0,5.0,0.0,5.0,2.5,5.0,3.75,0.0,0.0,5.0,5.0,5.0,0.0,0.0,5.0,5.0,0.0,3.125,0.0,5.0,3.75,5.0,5.0,3.75,0.0,3.75,3.75,3.75,5.0,3.75,0.0,3.125,1.25,1.25,0.0,1.25,2.5,0.0,3.75,0.0,0.0,3.75,2.5,0.0,0.0,0.0,5.0,1.25,0.0,0.0,0.0,0.0,0.0,0.0,0.0,0.0,0.0,0.0
260,7,5.0,5.0,3.75,5.0,1.25,1.25,0.0,2.5,3.75,0.0,2.5,5.0,5.0,0.0,5.0,2.5,5.0,3.75,0.0,0.0,5.0,4.375,5.0,0.0,0.0,5.0,5.0,0.0,3.125,0.0,5.0,3.75,4.375,5.0,3.75,0.0,3.75,3.75,3.75,5.0,3.75,0.0,2.5,1.25,1.25,0.0,1.25,2.5,0.0,3.75,0.0,0.0,2.5,2.5,0.0,0.0,0.0,5.0,1.25,0.0,0.0,0.0,0.0,0.0,0.0,0.0,0.0,0.0,0.0
260,8,5.0,5.0,3.75,5.0,1.25,0.625,0.0,2.5,3.75,0.0,2.5,4.375,5.0,0.0,5.0,2.5,5.0,3.75,0.0,0.0,5.0,3.75,5.0,0.0,0.0,5.0,5.0,0.0,2.5,0.0,5.0,3.75,3.75,5.0,3.75,0.0,3.125,3.75,3.75,5.0,3.75,0.0,2.5,1.25,1.25,0.0,1.25,2.5,0.0,2.5,0.0,0.0,2.5,2.5,0.0,0.0,0.0,3.75,1.25,0.0,0.0,0.0,0.0,0.0,0.0,0.0,0.0,0.0,0.0
261,6,5.0,5.0,5.0,5.0,1.25,2.5,0.0,1.25,3.75,0.0,3.125,5.0,5.0,0.0,5.0,3.75,5.0,5.0,0.0,0.0,5.0,4.375,5.0,0.0,0.0,5.0,5.0,0.0,3.75,0.0,5.0,3.75,3.75,5.0,3.75,0.0,3.75,4.375,5.0,5.0,5.0,0.0,3.75,1.25,1.25,0.0,1.875,1.25,0.0,5.0,0.0,0.0,4.375,1.25,0.0,0.0,0.0,5.0,0.0,0.0,0.0,0.0,0.0,0.0,0.0,0.0,0.0,0.0,0.0
261,7,5.0,4.375,5.0,5.0,1.25,1.25,0.0,1.25,3.75,0.0,2.5,5.0,5.0,0.0,5.0,5.0,5.0,5.0,0.0,1.25,5.0,4.375,5.0,0.0,0.0,5.0,5.0,0.0,3.75,0.0,5.0,3.75,3.75,4.375,3.75,0.0,3.125,3.75,5.0,5.0,5.0,0.0,3.75,1.25,1.25,0.0,1.875,1.25,0.0,3.75,0.0,0.0,4.375,1.25,0.0,0.0,0.0,3.75,0.0,0.0,0.0,0.0,0.0,0.0,0.0,0.0,0.0,0.0,0.0
261,8,5.0,4.375,3.75,5.0,1.25,1.25,0.0,1.25,3.75,0.0,2.5,5.0,5.0,0.0,5.0,3.75,5.0,4.375,0.0,0.0,5.0,3.75,5.0,0.0,0.0,5.0,5.0,0.0,3.75,0.0,5.0,3.75,3.75,3.75,3.125,0.0,3.125,3.75,4.375,5.0,5.0,0.0,3.125,0.625,1.25,0.0,1.25,1.25,0.0,3.75,0.0,0.0,3.75,1.25,0.0,0.0,0.0,3.75,0.0,0.0,0.0,0.0,0.0,0.0,0.0,0.0,0.0,0.0,0.0
262,6,5.0,3.75,5.0,5.0,1.25,3.75,0.0,1.25,3.75,0.0,2.5,5.0,5.0,0.0,5.0,5.0,5.0,5.0,0.0,1.25,5.0,4.375,5.0,0.0,0.0,5.0,5.0,0.0,3.75,0.0,5.0,4.375,3.75,3.75,2.5,0.0,2.5,5.0,5.0,5.0,5.0,0.0,4.375,1.25,1.25,0.0,2.5,1.25,0.0,5.0,0.0,0.0,5.0,0.0,0.0,1.25,0.0,2.5,0.0,0.0,0.0,0.0,0.0,0.0,0.0,0.0,0.0,0.0,0.0
262,7,5.0,3.75,5.0,5.0,1.25,3.75,0.0,1.25,3.75,0.0,2.5,5.0,5.0,0.0,5.0,5.0,5.0,5.0,0.0,1.25,5.0,3.75,5.0,0.0,0.0,5.0,5.0,0.0,3.75,0.0,5.0,4.375,3.75,3.75,2.5,0.0,2.5,5.0,5.0,5.0,5.0,0.0,3.75,1.25,1.25,0.0,2.5,1.25,0.0,5.0,0.0,0.0,5.0,0.0,0.0,1.25,0.0,2.5,0.0,0.0,0.0,0.0,0.0,0.0,0.0,0.0,0.0,0.0,0.0
262,8,5.0,3.75,5.0,5.0,1.25,2.5,0.0,0.625,3.75,0.0,2.5,5.0,5.0,0.0,5.0,5.0,5.0,5.0,0.0,1.25,5.0,3.75,5.0,0.0,0.0,5.0,5.0,0.0,3.75,0.0,4.375,3.75,3.75,3.75,2.5,0.0,2.5,5.0,5.0,5.0,5.0,0.0,3.75,1.25,1.25,0.0,2.5,1.25,0.0,5.0,0.0,0.0,3.75,0.0,0.0,1.25,0.0,2.5,0.0,0.0,0.0,0.0,0.0,0.0,0.0,0.0,0.0,0.0,0.0
263,6,5.0,3.125,5.0,5.0,1.875,4.375,1.25,0.0,3.75,0.0,2.5,5.0,5.0,0.0,5.0,5.0,5.0,5.0,0.0,3.75,4.375,3.75,5.0,0.0,0.0,5.0,5.0,0.0,3.75,0.0,3.75,5.0,3.125,3.75,2.5,0.0,2.5,5.0,5.0,5.0,5.0,0.0,5.0,1.25,1.25,0.0,2.5,1.25,1.25,5.0,0.0,0.0,5.0,0.0,0.0,2.5,0.0,1.25,0.0,0.0,0.0,0.0,0.0,0.0,0.0,0.0,0.0,0.0,0.0
263,7,5.0,3.125,5.0,5.0,1.875,4.375,1.25,0.0,3.75,0.0,2.5,5.0,5.0,0.0,5.0,5.0,4.375,5.0,0.0,2.5,4.375,3.75,5.0,0.0,0.0,5.0,5.0,0.0,3.75,0.0,3.75,4.375,2.5,3.75,2.5,0.0,2.5,5.0,5.0,5.0,5.0,0.0,5.0,1.25,1.25,0.0,2.5,1.25,1.25,5.0,0.0,0.0,5.0,0.0,0.0,2.5,0.0,1.25,0.0,0.0,0.0,0.0,0.0,0.0,0.0,0.0,0.0,0.0,0.0
263,8,5.0,2.5,5.0,5.0,1.875,3.75,1.25,0.0,3.75,0.0,2.5,5.0,5.0,0.0,4.375,5.0,4.375,5.0,0.0,2.5,3.75,3.75,5.0,0.0,0.0,5.0,5.0,0.0,3.75,0.0,3.75,3.75,2.5,3.75,2.5,0.0,2.5,5.0,5.0,5.0,5.0,0.0,4.375,1.25,1.25,0.0,2.5,1.25,1.25,5.0,0.0,0.0,3.75,0.0,0.0,2.5,0.0,1.25,0.0,0.0,0.0,0.0,0.0,0.0,0.0,0.0,0.0,0.0,0.0
264,6,5.0,2.5,5.0,5.0,1.875,5.0,2.5,0.0,3.75,0.0,2.5,5.0,5.0,0.0,4.375,5.0,3.75,5.0,0.0,3.75,3.75,3.75,5.0,0.0,0.0,5.0,5.0,0.0,3.75,0.0,2.5,5.0,3.75,3.75,3.125,0.0,2.5,5.0,5.0,5.0,5.0,0.0,5.0,2.5,1.25,0.0,2.5,1.25,2.5,5.0,0.0,0.0,4.375,0.0,0.0,3.75,0.0,0.0,0.0,0.0,0.0,0.0,0.0,0.0,0.0,0.0,0.0,0.0,0.0
264,7,5.0,2.5,5.0,5.0,1.875,5.0,2.5,0.0,3.75,0.0,2.5,5.0,5.0,0.0,4.375,5.0,3.75,5.0,0.0,3.75,3.75,3.75,5.0,0.0,0.0,5.0,4.375,0.0,3.75,0.0,2.5,4.375,3.75,3.75,2.5,0.0,2.5,5.0,5.0,5.0,5.0,0.0,5.0,2.5,1.25,0.0,2.5,1.25,2.5,5.0,0.0,0.0,3.75,0.0,0.0,3.75,0.0,0.0,0.0,0.0,0.0,0.0,0.0,0.0,0.0,0.0,0.0,0.0,0.0
264,8,5.0,2.5,5.0,5.0,1.25,5.0,2.5,0.0,3.75,0.0,1.875,5.0,5.0,0.0,3.75,5.0,3.75,5.0,0.0,3.75,3.75,2.5,5.0,0.0,0.0,5.0,5.0,0.0,3.75,0.0,2.5,3.75,3.125,3.75,2.5,0.0,2.5,5.0,5.0,5.0,5.0,0.0,4.375,2.5,1.25,0.0,2.5,1.25,1.25,5.0,0.0,0.0,3.75,0.0,0.0,3.125,0.0,0.0,0.0,0.0,0.0,0.0,0.0,0.0,0.0,0.0,0.0,0.0,0.0
265,6,5.0,2.5,5.0,5.0,1.25,5.0,3.75,0.0,3.75,0.0,1.25,5.0,5.0,0.0,3.75,5.0,3.75,5.0,0.0,5.0,3.75,2.5,5.0,0.0,0.0,5.0,2.5,0.0,3.75,0.0,1.25,5.0,3.75,3.75,3.75,0.0,2.5,5.0,5.0,5.0,5.0,0.0,5.0,2.5,1.25,0.0,2.5,2.5,2.5,5.0,0.0,0.0,3.75,0.0,0.0,3.75,0.0,0.0,0.0,0.0,0.0,0.0,0.0,0.0,0.0,0.0,0.0,0.0,0.0
265,7,5.0,2.5,5.0,5.0,1.25,5.0,3.75,0.0,3.75,0.0,1.25,5.0,5.0,0.0,3.75,5.0,3.125,5.0,0.0,5.0,3.75,2.5,5.0,0.0,0.0,5.0,3.75,0.0,3.75,0.0,1.25,5.0,3.75,3.75,3.75,0.0,2.5,5.0,5.0,5.0,5.0,0.0,5.0,2.5,1.25,0.0,2.5,2.5,2.5,5.0,0.0,0.0,2.5,0.0,0.0,3.75,0.0,0.0,0.0,0.0,0.0,0.0,0.0,0.0,0.0,0.0,0.0,0.0,0.0
265,8,5.0,2.5,5.0,5.0,1.25,5.0,3.75,0.0,3.75,0.0,1.25,5.0,5.0,0.0,3.75,5.0,2.5,5.0,0.0,5.0,3.75,2.5,5.0,0.0,0.0,5.0,3.75,0.0,3.75,0.0,1.25,3.75,3.75,3.75,3.125,0.0,2.5,5.0,5.0,4.375,5.0,0.0,3.75,2.5,1.25,0.0,2.5,2.5,2.5,5.0,0.0,0.0,2.5,0.0,0.0,3.75,0.0,0.0,0.0,0.0,0.0,0.0,0.0,0.0,0.0,0.0,0.0,0.0,0.0
266,6,5.0,2.5,5.0,5.0,1.25,5.0,5.0,0.0,3.75,0.0,0.625,5.0,5.0,0.0,3.75,5.0,2.5,5.0,0.0,5.0,3.75,2.5,5.0,0.0,0.0,5.0,1.25,0.0,4.375,0.0,0.625,5.0,3.75,3.75,3.75,0.0,2.5,5.0,5.0,5.0,5.0,0.0,4.375,2.5,1.25,0.0,2.5,2.5,3.75,5.0,0.0,0.0,2.5,0.0,0.0,3.75,0.0,0.0,0.0,0.0,0.0,0.0,0.0,0.0,0.0,0.0,0.0,0.0,0.0
266,7,5.0,2.5,5.0,5.0,1.25,5.0,5.0,0.0,3.75,0.0,0.625,5.0,5.0,0.0,3.75,5.0,2.5,5.0,0.0,5.0,3.75,1.875,5.0,0.0,0.0,5.0,1.25,0.0,4.375,0.0,0.625,5.0,3.75,3.75,3.75,0.0,2.5,4.375,5.0,3.75,5.0,0.0,4.375,2.5,1.25,0.0,2.5,2.5,3.75,5.0,0.0,0.0,1.25,0.0,0.0,3.75,0.0,0.0,0.0,0.0,0.0,0.0,0.0,0.0,0.0,0.0,0.0,0.0,0.0
266,8,5.0,2.5,5.0,5.0,1.25,5.0,5.0,0.0,3.75,0.0,0.0,5.0,5.0,0.0,3.75,5.0,2.5,5.0,0.0,5.0,3.75,1.25,5.0,0.0,0.0,5.0,1.25,0.0,4.375,0.0,0.0,5.0,3.75,3.75,3.75,0.0,2.5,3.75,5.0,3.75,5.0,0.0,3.75,2.5,1.25,0.0,2.5,2.5,3.75,5.0,0.0,0.0,1.25,0.0,0.0,3.75,0.0,0.0,0.0,0.0,0.0,0.0,0.0,0.0,0.0,0.0,0.0,0.0,0.0
267,6,5.0,3.75,5.0,5.0,1.25,5.0,5.0,0.0,2.5,0.0,0.0,5.0,5.0,0.0,3.75,5.0,2.5,5.0,0.0,5.0,3.75,1.25,5.0,0.0,0.0,5.0,0.0,0.0,5.0,0.0,0.0,5.0,3.75,3.75,5.0,0.0,2.5,3.75,5.0,3.75,5.0,0.0,3.75,2.5,1.25,0.0,2.5,2.5,3.75,5.0,0.0,0.0,1.25,0.0,0.0,3.75,0.0,0.0,1.25,0.0,0.0,0.0,0.0,0.0,0.0,0.0,0.0,0.0,0.0
267,7,5.0,3.75,5.0,5.0,1.25,5.0,5.0,0.0,2.5,0.0,0.0,5.0,5.0,0.0,3.75,4.375,2.5,5.0,0.0,5.0,3.75,1.25,5.0,0.0,0.0,5.0,0.0,0.0,4.375,0.0,0.0,5.0,3.75,3.75,5.0,0.0,2.5,3.75,5.0,3.75,5.0,0.0,3.125,2.5,1.25,0.0,2.5,2.5,3.75,5.0,0.0,0.0,1.25,0.0,0.0,3.75,0.0,0.0,1.25,0.0,0.0,0.0,0.0,0.0,0.0,0.0,0.0,0.0,0.0
267,8,5.0,3.75,5.0,4.375,1.25,5.0,5.0,0.0,2.5,0.0,0.0,5.0,5.0,0.0,3.75,5.0,2.5,5.0,0.0,5.0,3.75,1.25,5.0,0.0,0.0,5.0,0.0,0.0,4.375,0.0,0.0,5.0,3.75,3.75,3.75,0.0,2.5,3.75,5.0,3.75,5.0,0.0,2.5,2.5,1.25,0.0,1.875,2.5,3.75,5.0,0.0,0.0,1.25,0.0,0.0,2.5,0.0,0.0,1.25,0.0,0.0,0.0,0.0,0.0,0.0,0.0,0.0,0.0,0.0
268,6,5.0,5.0,5.0,5.0,0.0,5.0,5.0,0.0,2.5,0.0,0.0,5.0,3.125,0.0,3.75,3.75,1.25,5.0,0.0,5.0,5.0,0.0,5.0,0.0,0.0,5.0,0.0,0.0,5.0,0.0,0.0,5.0,5.0,3.75,5.0,0.0,2.5,3.75,5.0,3.75,3.75,0.0,2.5,2.5,1.25,0.0,1.875,2.5,3.75,5.0,0.0,0.0,0.0,1.25,0.0,2.5,0.0,0.0,2.5,0.0,0.0,0.0,0.0,0.0,0.0,0.0,0.0,0.0,0.0
268,7,5.0,5.0,5.0,4.375,0.0,5.0,5.0,0.0,2.5,0.0,0.0,5.0,3.75,0.0,3.75,3.125,1.25,5.0,0.0,3.75,4.375,0.0,4.375,0.0,0.0,5.0,0.0,0.0,4.375,0.0,0.0,5.0,4.375,3.75,5.0,0.0,2.5,3.75,5.0,3.75,3.75,0.0,2.5,2.5,1.25,0.0,1.875,2.5,3.75,5.0,0.0,0.0,0.0,1.25,0.0,2.5,0.0,0.0,2.5,0.0,0.0,0.0,0.0,0.0,0.0,0.0,0.0,0.0,0.0
268,8,5.0,5.0,5.0,3.75,0.0,5.0,5.0,0.0,2.5,0.0,0.0,5.0,3.125,0.0,3.75,2.5,1.25,5.0,0.0,3.75,3.75,0.0,3.75,0.0,0.0,5.0,0.0,0.0,4.375,0.0,0.0,5.0,3.75,3.75,5.0,0.0,2.5,3.125,5.0,3.75,3.75,0.0,2.5,2.5,1.25,0.0,1.875,2.5,2.5,5.0,0.0,0.0,0.0,1.25,0.0,2.5,0.0,0.0,2.5,0.0,0.0,0.0,0.0,0.0,0.0,0.0,0.0,0.0,0.0
269,6,4.375,5.0,2.5,4.375,0.0,5.0,5.0,0.0,1.25,0.0,0.0,5.0,1.25,0.0,3.75,1.25,1.25,5.0,0.0,3.75,5.0,0.0,3.75,0.0,0.0,5.0,0.0,0.0,4.375,0.0,0.0,5.0,5.0,3.75,5.0,0.0,2.5,2.5,5.0,3.75,2.5,0.0,2.5,1.25,1.25,0.0,2.5,2.5,2.5,5.0,0.0,0.0,0.0,2.5,0.0,1.25,0.0,0.0,3.75,0.0,0.0,0.0,0.0,0.0,0.0,0.0,0.0,0.0,0.0
269,7,4.375,5.0,3.75,4.375,0.0,5.0,5.0,0.0,1.25,0.0,0.0,5.0,1.25,0.0,3.75,1.25,1.25,5.0,0.0,2.5,5.0,0.0,3.75,0.0,0.0,5.0,0.0,0.0,4.375,0.0,0.0,5.0,5.0,3.75,5.0,0.0,2.5,2.5,5.0,3.75,2.5,0.0,2.5,1.25,1.25,0.0,2.5,2.5,2.5,3.75,0.0,0.0,0.0,2.5,0.0,1.25,0.0,0.0,3.75,0.0,0.0,0.0,0.0,0.0,0.0,0.0,0.0,0.0,0.0
269,8,3.75,5.0,2.5,3.75,0.0,5.0,5.0,0.0,1.25,0.0,0.0,5.0,1.25,0.0,3.75,1.25,1.25,5.0,0.0,2.5,5.0,0.0,3.75,0.0,0.0,5.0,0.0,0.0,3.75,0.0,0.0,5.0,4.375,3.75,5.0,0.0,2.5,2.5,4.375,3.125,2.5,0.0,2.5,1.25,1.25,0.0,2.5,1.875,2.5,3.75,0.0,0.0,0.0,1.25,0.0,1.25,0.0,0.0,3.125,0.0,0.0,0.0,0.0,0.0,0.0,0.0,0.0,0.0,0.0
270,6,2.5,5.0,1.25,5.0,0.0,5.0,5.0,0.0,0.0,0.0,0.0,5.0,0.0,0.0,3.75,0.0,1.25,5.0,0.0,2.5,5.0,0.0,3.75,0.0,0.0,5.0,0.0,0.0,4.375,0.0,0.0,5.0,5.0,3.75,5.0,0.0,2.5,1.25,3.75,3.75,1.25,0.0,2.5,1.25,1.25,0.0,2.5,1.25,2.5,3.75,0.0,0.0,0.0,3.125,0.0,0.0,0.0,0.0,5.0,0.0,0.0,0.0,0.0,0.0,0.0,0.0,0.0,0.0,0.0
270,7,1.25,5.0,1.25,5.0,0.0,5.0,5.0,0.0,0.0,0.0,0.0,5.0,0.0,0.0,3.75,0.0,1.25,5.0,0.0,2.5,5.0,0.0,3.75,0.0,0.0,5.0,0.0,0.0,4.375,0.0,0.0,5.0,5.0,3.75,5.0,0.0,2.5,1.25,3.75,3.75,1.25,0.0,2.5,1.25,1.25,0.0,2.5,1.25,1.25,3.75,0.0,0.0,0.0,3.125,0.0,0.0,0.0,0.0,5.0,0.0,0.0,0.0,0.0,0.0,0.0,0.0,0.0,0.0,0.0
270,8,1.875,5.0,1.25,3.75,0.0,5.0,5.0,0.0,0.0,0.0,0.0,5.0,0.0,0.0,3.75,0.0,1.25,5.0,0.0,2.5,5.0,0.0,3.75,0.0,0.0,5.0,0.0,0.0,3.75,0.0,0.0,5.0,5.0,3.125,5.0,0.0,2.5,1.25,3.75,3.75,1.25,0.0,2.5,1.25,1.25,0.0,2.5,1.25,1.25,3.75,0.0,0.0,0.0,2.5,0.0,0.0,0.0,0.0,3.75,0.0,0.0,0.0,0.0,0.0,0.0,0.0,0.0,0.0,0.0
271,6,0.0,5.0,0.0,5.0,0.0,5.0,5.0,0.0,0.0,0.0,0.0,5.0,0.0,0.0,5.0,0.0,2.5,5.0,0.0,1.25,5.0,1.25,3.75,0.0,0.0,5.0,0.0,0.0,3.75,0.0,0.0,5.0,5.0,3.75,5.0,0.0,2.5,1.25,3.75,3.75,0.625,0.0,2.5,0.625,1.25,0.0,2.5,1.25,1.25,3.75,0.0,1.25,0.0,3.75,0.0,0.0,0.0,0.0,5.0,0.0,0.0,0.0,0.0,0.0,0.0,0.0,0.0,0.0,0.0
271,7,0.0,5.0,0.0,5.0,0.0,5.0,5.0,0.0,0.0,0.0,0.0,5.0,0.0,0.0,5.0,0.0,2.5,5.0,0.0,1.25,5.0,1.25,3.75,0.0,0.0,5.0,0.0,0.0,3.75,0.0,0.0,5.0,5.0,3.75,5.0,0.0,2.5,1.25,3.75,3.75,0.0,0.0,2.5,0.0,1.25,0.0,2.5,1.25,1.25,3.75,0.0,1.25,0.0,3.75,0.0,0.0,0.0,0.0,5.0,0.0,0.0,0.0,0.0,0.0,0.0,0.0,0.0,0.0,0.0
271,8,0.0,5.0,0.0,5.0,0.0,5.0,5.0,0.0,0.0,0.0,0.0,5.0,0.0,0.0,4.375,0.0,2.5,5.0,0.0,1.25,5.0,1.25,3.125,0.0,0.0,4.375,0.0,0.0,3.75,0.0,0.0,5.0,5.0,3.75,5.0,0.0,2.5,1.25,3.75,3.75,0.0,0.0,2.5,0.625,1.25,0.0,2.5,1.25,1.25,3.75,0.0,1.25,0.0,3.75,0.0,0.0,0.0,0.0,3.75,0.0,0.0,0.0,0.0,0.0,0.0,0.0,0.0,0.0,0.0
272,6,0.0,5.0,0.0,5.0,0.0,3.75,5.0,1.875,0.0,1.25,0.0,5.0,0.0,0.0,5.0,0.0,3.75,5.0,0.625,0.0,5.0,2.5,2.5,1.25,0.0,5.0,0.0,0.0,3.75,0.0,0.0,5.0,5.0,3.75,5.0,0.0,2.5,1.25,3.75,3.75,1.25,0.0,2.5,1.25,1.25,0.0,3.125,2.5,0.0,3.75,0.0,2.5,0.0,3.75,0.0,0.0,0.0,1.25,4.375,0.0,0.0,0.0,0.0,0.0,0.0,0.0,0.0,0.0,0.0
272,7,0.0,5.0,0.0,5.0,0.0,3.75,5.0,1.25,0.0,0.625,0.0,5.0,0.0,0.0,5.0,0.0,3.125,5.0,1.25,0.0,5.0,2.5,2.5,1.25,0.0,5.0,0.0,0.0,3.75,0.0,0.0,5.0,5.0,3.75,5.0,0.0,2.5,1.25,3.75,3.75,0.0,0.0,2.5,1.25,1.25,0.0,2.5,1.875,0.0,3.75,0.0,2.5,0.0,3.75,0.0,0.0,0.0,1.25,3.75,0.0,0.0,0.0,0.0,0.0,0.0,0.0,0.0,0.0,0.0
272,8,0.0,5.0,0.0,5.0,0.0,3.75,5.0,1.875,0.0,1.25,0.0,5.0,0.0,0.0,5.0,0.0,2.5,5.0,0.0,0.0,5.0,1.25,2.5,1.25,0.0,5.0,0.0,0.0,3.75,0.0,0.0,5.0,5.0,3.75,5.0,0.0,2.5,1.25,3.75,3.75,0.0,0.0,2.5,1.25,1.25,0.0,2.5,1.875,0.0,3.125,0.0,2.5,0.0,3.75,0.0,0.0,0.0,1.25,3.75,0.0,0.0,0.0,0.0,0.0,0.0,0.0,0.0,0.0,0.0
273,6,0.0,5.0,0.0,5.0,0.0,2.5,3.75,3.75,0.0,2.5,0.0,5.0,0.0,1.25,5.0,0.0,4.375,5.0,1.25,0.0,5.0,2.5,2.5,2.5,0.0,5.0,0.0,0.0,3.75,0.0,0.0,5.0,5.0,3.75,5.0,0.0,2.5,1.25,3.75,3.75,1.25,0.0,2.5,1.875,1.25,0.0,3.75,2.5,0.0,2.5,0.0,3.75,0.0,3.75,0.0,0.0,0.0,2.5,3.75,0.0,0.0,0.0,0.0,0.0,0.0,0.0,0.0,0.0,0.0
273,7,0.0,5.0,0.0,5.0,0.0,2.5,3.75,3.75,0.0,2.5,0.0,5.0,0.0,1.25,5.0,0.0,4.375,5.0,1.25,0.0,5.0,2.5,2.5,2.5,0.0,5.0,0.0,0.0,3.75,0.0,0.0,5.0,5.0,3.75,5.0,0.0,2.5,1.25,3.75,3.75,1.25,0.0,2.5,1.25,1.25,0.0,3.75,2.5,0.0,2.5,0.0,3.75,0.0,3.75,0.0,0.0,0.0,2.5,2.5,0.0,0.0,0.0,0.0,0.0,0.0,0.0,0.0,0.0,0.0
273,8,0.0,5.0,0.0,5.0,0.0,2.5,3.125,3.75,0.0,2.5,0.0,5.0,0.0,1.875,5.0,0.0,3.75,5.0,1.875,0.0,5.0,2.5,2.5,2.5,0.0,5.0,0.0,0.0,3.75,0.0,0.0,5.0,5.0,3.75,5.0,0.0,2.5,1.25,3.75,3.75,1.25,0.0,2.5,1.25,1.25,0.0,3.125,2.5,0.0,2.5,0.0,3.75,0.0,2.5,0.0,0.0,0.0,2.5,2.5,0.0,0.0,0.0,0.0,0.0,0.0,0.0,0.0,0.0,0.0
274,6,0.0,5.0,0.0,5.0,0.0,2.5,2.5,5.0,0.0,4.375,0.0,5.0,0.0,3.75,4.375,0.0,5.0,5.0,3.75,0.0,5.0,3.75,1.875,3.75,0.0,5.0,0.0,0.0,3.75,0.0,1.25,5.0,5.0,4.375,5.0,0.0,3.75,1.25,3.75,3.75,2.5,0.0,2.5,3.125,2.5,0.0,3.75,3.125,0.0,2.5,0.0,5.0,0.0,2.5,0.0,0.0,0.0,3.75,1.25,0.0,0.0,0.0,0.0,0.0,0.0,0.0,0.0,0.0,0.0
274,7,0.0,5.0,0.0,5.0,0.0,2.5,1.25,5.0,0.0,3.75,0.0,5.0,0.0,3.125,3.75,0.0,5.0,5.0,3.125,0.0,5.0,3.75,1.875,3.75,0.0,5.0,0.0,0.0,3.75,0.0,1.25,5.0,5.0,4.375,5.0,0.0,3.75,1.25,3.75,3.75,2.5,0.0,2.5,2.5,2.5,0.0,3.75,2.5,0.0,2.5,0.0,5.0,0.0,2.5,0.0,0.0,0.0,2.5,1.25,0.0,0.0,0.0,0.0,0.0,0.0,0.0,0.0,0.0,0.0
274,8,0.0,3.75,0.0,5.0,0.0,2.5,1.25,5.0,0.0,3.75,0.0,5.0,0.0,3.75,3.75,0.0,5.0,5.0,3.125,0.0,5.0,2.5,1.25,3.75,0.0,5.0,0.0,0.0,3.75,0.0,1.25,5.0,5.0,3.75,5.0,0.0,3.75,1.25,3.75,3.125,2.5,0.0,2.5,2.5,2.5,0.0,3.75,2.5,0.0,2.5,0.0,3.75,0.0,2.5,0.0,0.0,0.0,2.5,1.25,0.0,0.0,0.0,0.0,0.0,0.0,0.0,0.0,0.0,0.0
275,6,0.0,3.75,0.0,5.0,0.0,1.25,0.0,5.0,2.5,5.0,1.25,5.0,0.0,5.0,3.75,0.0,5.0,5.0,5.0,0.0,5.0,3.75,1.25,5.0,0.0,5.0,0.0,0.0,3.75,0.0,1.25,5.0,5.0,5.0,5.0,0.0,3.75,1.25,3.75,2.5,3.75,0.0,2.5,3.75,3.75,0.0,5.0,3.75,0.0,2.5,0.0,5.0,0.0,1.25,0.0,1.25,0.0,5.0,0.0,0.0,0.0,0.0,0.0,0.0,0.0,0.0,0.0,0.0,0.0
275,7,0.0,3.125,0.0,5.0,0.0,1.25,0.0,5.0,1.875,5.0,1.25,5.0,0.0,5.0,3.75,0.0,5.0,5.0,5.0,0.0,5.0,3.75,1.25,5.0,0.0,5.0,0.0,0.0,3.75,0.0,1.875,5.0,5.0,5.0,5.0,0.0,3.75,1.25,3.75,2.5,3.75,0.0,2.5,3.75,3.75,0.0,5.0,3.75,0.0,2.5,0.0,5.0,0.0,1.25,0.0,1.25,0.0,3.75,0.0,0.0,0.0,0.0,0.0,0.0,0.0,0.0,0.0,0.0,0.0
275,8,0.0,2.5,0.0,5.0,0.0,1.25,0.0,5.0,1.875,5.0,1.25,5.0,0.0,4.375,3.75,0.0,5.0,5.0,3.75,0.0,5.0,2.5,1.25,3.75,0.0,5.0,0.0,0.0,3.75,0.0,1.875,5.0,5.0,4.375,5.0,0.0,3.75,1.25,3.75,2.5,2.5,0.0,2.5,3.75,3.125,0.0,3.75,3.125,0.0,2.5,0.0,3.75,0.0,1.25,0.0,0.0,0.0,3.75,0.0,0.0,0.0,0.0,0.0,0.0,0.0,0.0,0.0,0.0,0.0
276,6,0.0,1.25,0.0,5.0,0.0,1.25,0.0,5.0,3.75,5.0,2.5,5.0,0.0,5.0,2.5,0.0,5.0,3.75,5.0,0.0,5.0,2.5,0.0,5.0,0.0,5.0,0.0,0.0,5.0,0.0,3.75,5.0,5.0,5.0,5.0,0.0,3.75,2.5,2.5,2.5,4.375,0.0,2.5,5.0,5.0,0.0,5.0,3.75,0.0,2.5,0.0,5.0,1.25,1.25,0.0,2.5,0.0,5.0,0.0,0.0,0.0,1.25,0.0,0.0,0.0,0.0,0.0,0.0,0.0
276,7,0.0,1.25,0.0,5.0,0.0,1.25,0.0,5.0,3.75,5.0,2.5,5.0,0.0,5.0,2.5,0.0,5.0,3.75,5.0,0.0,5.0,2.5,0.0,5.0,0.0,5.0,0.0,0.0,5.0,0.0,2.5,3.75,5.0,5.0,5.0,0.0,3.75,2.5,2.5,2.5,4.375,0.0,2.5,5.0,5.0,0.0,5.0,3.75,0.0,2.5,0.0,5.0,1.25,0.0,0.0,2.5,0.0,5.0,0.0,0.0,0.0,1.25,0.0,0.0,0.0,0.0,0.0,0.0,0.0
276,8,0.0,1.25,0.0,5.0,0.0,1.25,0.0,5.0,3.125,5.0,1.875,5.0,0.0,5.0,2.5,0.0,5.0,3.75,5.0,0.0,5.0,2.5,0.0,3.75,0.0,4.375,0.0,0.0,5.0,0.0,2.5,3.75,5.0,4.375,5.0,0.0,3.75,2.5,2.5,2.5,3.75,0.0,2.5,4.375,3.75,0.0,4.375,3.75,0.0,2.5,0.0,4.375,1.25,0.0,0.0,1.25,0.0,4.375,0.0,0.0,0.0,1.25,0.0,0.0,0.0,0.0,0.0,0.0,0.0
277,6,0.0,0.0,0.0,5.0,0.0,2.5,0.0,5.0,5.0,5.0,3.125,5.0,0.0,5.0,2.5,0.0,5.0,3.125,5.0,0.0,5.0,1.25,0.0,5.0,0.0,5.0,0.0,0.0,5.0,0.0,5.0,3.75,5.0,4.375,5.0,0.0,3.75,2.5,2.5,2.5,5.0,0.0,2.5,5.0,5.0,0.0,5.0,5.0,0.0,2.5,0.0,5.0,2.5,0.0,0.0,2.5,0.0,5.0,0.0,0.0,0.0,2.5,0.0,0.0,0.0,0.0,0.0,0.0,0.0
277,7,0.0,0.0,0.0,5.0,0.0,2.5,0.0,5.0,4.375,5.0,2.5,5.0,0.0,5.0,2.5,0.0,5.0,2.5,5.0,0.0,5.0,1.25,0.0,3.75,0.0,5.0,0.0,0.0,5.0,0.0,4.375,3.75,5.0,4.375,5.0,0.0,3.75,2.5,2.5,2.5,5.0,0.0,2.5,5.0,5.0,0.0,5.0,3.75,0.0,2.5,0.0,3.75,2.5,0.0,0.0,2.5,0.0,5.0,0.0,0.0,0.0,2.5,0.0,0.0,0.0,0.0,0.0,0.0,0.0
277,8,0.0,0.0,0.0,5.0,0.0,2.5,0.0,5.0,4.375,5.0,2.5,5.0,0.0,5.0,2.5,0.0,5.0,2.5,5.0,0.0,5.0,1.25,0.0,3.75,0.0,4.375,0.0,0.0,5.0,0.0,3.75,3.75,5.0,4.375,4.375,0.0,2.5,2.5,2.5,2.5,3.75,0.0,2.5,5.0,5.0,0.0,5.0,3.75,0.0,2.5,0.0,3.75,1.25,0.0,0.0,2.5,0.0,3.75,0.0,0.0,0.0,2.5,0.0,0.0,0.0,0.0,0.0,0.0,0.0
278,6,0.0,0.0,0.0,5.0,0.0,3.75,0.0,5.0,5.0,5.0,3.75,4.375,0.0,5.0,2.5,0.0,5.0,2.5,5.0,0.0,5.0,1.25,0.0,3.75,0.0,4.375,0.0,0.0,5.0,0.0,5.0,3.75,5.0,3.75,3.75,0.0,2.5,3.75,1.875,2.5,3.75,0.0,3.125,5.0,5.0,0.0,5.0,5.0,0.0,2.5,0.0,3.75,3.75,0.0,0.0,3.75,0.0,3.75,0.0,0.0,0.0,3.75,0.0,0.0,0.0,0.0,0.0,0.0,0.0
278,7,0.0,0.0,0.0,5.0,0.0,3.125,0.0,5.0,5.0,5.0,3.75,3.75,0.0,5.0,2.5,0.0,5.0,2.5,5.0,0.0,5.0,0.0,0.0,3.75,0.0,4.375,0.0,0.0,5.0,0.0,5.0,3.75,5.0,3.75,3.75,0.0,2.5,3.75,1.875,2.5,3.75,0.0,2.5,5.0,5.0,0.0,5.0,5.0,0.0,2.5,0.0,2.5,3.75,0.0,0.0,3.75,0.0,3.75,0.0,0.0,0.0,4.375,0.0,0.0,0.0,0.0,0.0,0.0,0.0
278,8,0.0,0.0,0.0,5.0,0.0,3.125,0.0,5.0,5.0,5.0,3.75,3.75,0.0,5.0,1.875,0.0,5.0,2.5,5.0,0.0,5.0,0.0,0.0,3.75,0.0,3.75,0.0,0.0,5.0,0.0,5.0,3.75,5.0,3.75,3.75,0.0,2.5,3.75,1.25,2.5,3.75,0.0,2.5,5.0,5.0,0.0,4.375,3.75,0.0,2.5,0.0,2.5,2.5,0.0,0.0,3.75,0.0,3.125,0.0,0.0,0.0,3.75,0.0,0.0,0.0,0.0,0.0,0.0,0.0
279,6,0.0,0.0,0.0,5.0,0.0,5.0,0.0,5.0,5.0,5.0,4.375,3.75,0.0,5.0,2.5,0.0,5.0,3.125,5.0,0.0,5.0,0.0,0.0,2.5,0.0,4.375,0.0,0.0,5.0,0.0,5.0,3.75,5.0,3.75,3.75,0.0,1.875,3.75,1.25,2.5,3.75,0.0,3.75,5.0,5.0,0.0,5.0,5.0,0.0,2.5,0.0,1.25,3.75,0.0,0.0,3.75,0.0,2.5,1.25,0.0,0.0,5.0,0.0,0.0,0.0,0.0,0.0,0.0,0.0
279,7,0.0,0.0,0.0,5.0,0.0,5.0,0.0,5.0,5.0,5.0,4.375,2.5,0.0,3.75,2.5,0.0,5.0,3.125,3.75,0.0,5.0,0.0,0.0,2.5,0.0,3.75,0.0,0.0,5.0,0.0,5.0,3.125,5.0,3.75,3.75,0.0,1.875,3.75,1.25,2.5,2.5,0.0,3.75,5.0,5.0,0.0,5.0,5.0,0.0,2.5,0.0,1.25,3.75,0.0,0.0,3.75,0.0,2.5,1.25,0.0,0.0,5.0,0.0,0.0,0.0,0.0,0.0,0.0,0.0
279,8,0.0,0.0,0.0,5.0,0.0,3.75,0.0,5.0,5.0,5.0,3.75,2.5,0.0,3.75,2.5,0.0,5.0,2.5,3.75,0.0,5.0,0.0,0.0,2.5,0.0,3.75,0.0,0.0,5.0,0.0,5.0,2.5,5.0,3.75,3.75,0.0,1.25,3.75,1.25,2.5,2.5,0.0,3.125,3.75,5.0,0.0,4.375,3.75,0.0,2.5,0.0,1.25,3.75,0.0,0.0,3.75,0.0,2.5,1.25,0.0,0.0,5.0,0.0,0.0,0.0,0.0,0.0,0.0,0.0
280,6,0.0,0.0,0.0,5.0,0.0,5.0,0.0,4.375,5.0,3.125,5.0,1.875,0.0,2.5,2.5,0.0,5.0,3.75,2.5,0.0,5.0,0.0,1.25,1.25,0.0,4.375,0.0,0.0,5.0,0.0,5.0,2.5,5.0,2.5,3.75,0.0,1.25,5.0,2.5,2.5,2.5,0.0,4.375,3.75,5.0,0.0,4.375,5.0,0.0,2.5,0.0,0.0,5.0,0.0,0.0,2.5,0.0,1.25,2.5,0.0,0.0,5.0,0.0,0.0,0.0,0.0,0.0,0.0,0.0
280,7,0.0,0.0,0.0,5.0,0.0,5.0,0.0,3.75,5.0,2.5,5.0,1.875,0.0,2.5,2.5,0.0,5.0,3.75,2.5,0.0,5.0,0.0,1.25,1.25,0.0,4.375,0.0,0.0,5.0,0.0,5.0,2.5,5.0,2.5,3.75,0.0,1.25,5.0,2.5,2.5,1.25,0.0,3.75,3.75,5.0,0.0,3.75,5.0,0.0,2.5,0.0,0.0,5.0,0.0,0.0,2.5,0.0,1.25,1.875,0.0,0.0,5.0,0.0,0.0,0.0,0.0,0.0,0.0,0.0
280,8,0.0,0.0,0.0,4.375,0.0,5.0,0.0,4.375,5.0,2.5,4.375,1.25,0.0,2.5,2.5,0.0,5.0,3.75,2.5,0.0,3.75,0.0,1.25,1.25,0.0,3.75,0.0,0.0,5.0,0.0,5.0,2.5,5.0,2.5,3.75,0.0,1.25,5.0,2.5,2.5,1.25,0.0,3.75,2.5,4.375,0.0,3.75,5.0,0.0,2.5,0.0,0.0,3.75,0.0,0.0,2.5,0.0,1.25,1.875,0.0,0.0,5.0,0.0,0.0,0.0,0.0,0.0,0.0,0.0
281,6,0.0,0.0,0.0,3.75,0.0,5.0,0.0,2.5,5.0,1.25,3.75,1.25,0.0,1.25,2.5,0.0,5.0,3.75,1.25,0.0,3.75,1.25,2.5,0.0,0.0,5.0,0.0,0.0,5.0,0.0,5.0,1.25,5.0,2.5,3.75,0.0,1.25,5.0,2.5,2.5,1.25,0.0,5.0,2.5,3.75,0.0,3.75,5.0,1.25,2.5,0.0,0.0,4.375,1.25,0.0,2.5,0.0,0.0,3.75,0.0,0.0,5.0,0.0,0.0,0.0,0.0,0.0,0.0,0.0
281,7,0.0,0.0,0.0,3.75,0.0,5.0,0.0,2.5,5.0,1.25,3.75,0.625,0.0,1.25,2.5,0.0,5.0,3.75,0.0,0.0,2.5,1.25,2.5,0.0,0.0,5.0,0.0,0.0,5.0,0.0,3.75,1.25,5.0,2.5,3.75,0.0,1.25,5.0,2.5,2.5,1.25,0.0,5.0,1.875,3.75,0.0,3.75,5.0,1.25,2.5,0.0,0.0,3.75,1.25,0.0,2.5,0.0,0.0,3.75,0.0,0.0,5.0,0.0,0.0,0.0,0.0,0.0,0.0,0.0
281,8,0.0,0.0,0.0,3.75,0.0,5.0,0.0,2.5,5.0,1.25,3.75,0.625,0.0,1.25,2.5,0.0,5.0,3.75,0.625,0.0,2.5,1.25,1.25,0.0,0.0,4.375,0.0,0.0,5.0,0.0,3.75,1.25,5.0,2.5,3.75,0.0,1.25,5.0,2.5,2.5,1.25,0.0,5.0,1.875,3.75,0.0,3.125,5.0,1.25,2.5,0.0,0.0,3.75,1.25,0.0,1.25,0.0,0.0,2.5,0.0,0.0,5.0,0.0,0.0,0.0,0.0,0.0,0.0,0.0
282,6,0.0,0.0,0.0,2.5,0.0,5.0,0.0,1.25,5.0,0.0,3.75,0.0,0.0,0.0,3.125,0.0,5.0,3.75,0.0,0.0,2.5,1.25,3.75,0.0,0.0,5.0,0.0,0.0,5.0,0.0,2.5,0.0,5.0,2.5,5.0,0.0,1.25,5.0,3.75,3.125,0.0,0.0,5.0,1.875,2.5,0.0,3.75,5.0,2.5,2.5,0.0,0.0,3.75,1.25,0.0,1.25,0.0,0.0,3.75,0.0,0.0,3.75,0.0,0.0,0.0,0.0,0.0,0.0,0.0
282,7,0.0,0.0,0.0,2.5,0.0,5.0,0.0,1.875,5.0,0.0,3.75,0.0,0.0,0.0,3.125,0.0,5.0,3.75,0.0,0.0,1.25,2.5,3.75,0.0,0.0,5.0,0.0,0.0,5.0,0.0,2.5,0.0,5.0,2.5,5.0,0.0,1.25,5.0,3.75,2.5,0.0,0.0,5.0,1.25,2.5,0.0,2.5,5.0,2.5,2.5,0.0,0.0,3.75,1.25,0.0,1.25,0.0,0.0,3.75,0.0,0.0,3.75,0.0,0.0,0.0,0.0,0.0,0.0,0.0
282,8,0.0,0.0,0.0,2.5,0.0,5.0,0.0,1.25,5.0,0.0,3.75,0.0,0.0,0.0,2.5,0.0,4.375,3.75,0.0,0.0,1.25,2.5,3.125,0.0,0.0,4.375,0.0,0.0,5.0,0.0,2.5,0.0,5.0,2.5,4.375,0.0,1.25,5.0,3.75,2.5,0.0,0.0,5.0,1.25,2.5,0.0,2.5,5.0,2.5,2.5,0.0,0.0,2.5,1.25,0.0,1.25,0.0,0.0,3.75,0.0,0.0,3.75,0.0,0.0,0.0,0.0,0.0,0.0,0.0
283,6,0.0,0.0,0.0,1.25,0.0,5.0,0.0,1.25,5.0,0.0,3.125,0.0,0.0,0.0,3.75,0.0,3.75,3.75,0.0,0.0,1.25,3.75,5.0,0.0,0.0,5.0,0.0,0.0,5.0,0.0,1.25,0.0,5.0,2.5,5.0,0.0,2.5,5.0,3.75,3.75,0.0,0.0,5.0,1.25,1.875,0.0,2.5,5.0,5.0,2.5,0.0,0.0,2.5,2.5,0.0,1.25,0.0,0.0,3.75,0.0,0.0,2.5,0.0,0.0,0.0,0.0,0.0,0.0,0.0
283,7,0.0,0.0,0.0,1.25,0.0,5.0,0.0,1.25,5.0,0.0,3.125,0.0,0.0,0.0,3.75,0.0,3.75,3.75,0.0,0.0,1.25,3.125,5.0,0.0,0.0,5.0,0.0,0.0,5.0,0.0,1.25,0.0,5.0,2.5,5.0,0.0,2.5,5.0,3.75,3.75,0.0,0.0,5.0,1.25,1.25,0.0,2.5,5.0,3.75,2.5,0.0,0.0,2.5,2.5,0.0,1.25,0.0,0.0,3.75,0.0,0.0,2.5,0.0,0.0,0.0,0.0,0.0,0.0,0.0
283,8,0.0,0.0,0.0,1.25,0.0,5.0,0.0,1.25,5.0,0.0,2.5,0.0,0.0,0.0,3.125,0.0,3.125,3.75,0.0,0.0,1.25,3.125,3.75,0.0,0.0,4.375,0.0,0.0,5.0,0.0,1.25,0.0,5.0,2.5,5.0,0.0,2.5,4.375,3.75,3.75,0.0,0.0,5.0,1.25,1.25,0.0,2.5,3.75,3.75,2.5,0.0,0.0,2.5,2.5,0.0,1.25,0.0,0.0,3.75,0.0,0.0,2.5,0.0,0.0,0.0,0.0,0.0,0.0,0.0
284,6,0.0,0.0,0.0,0.625,0.0,5.0,0.0,1.25,5.0,0.0,2.5,0.0,0.0,0.0,3.75,0.0,2.5,3.125,0.0,0.0,1.25,5.0,5.0,0.0,0.0,4.375,0.0,0.0,5.0,0.0,0.0,0.0,5.0,2.5,5.0,0.0,3.75,3.75,5.0,3.75,0.0,0.0,5.0,1.875,1.25,0.0,2.5,3.75,5.0,2.5,0.0,0.0,1.25,2.5,0.0,1.25,0.0,1.25,3.75,0.0,0.0,1.25,0.0,0.0,0.0,0.0,0.0,0.0,0.0
284,7,0.0,0.0,0.0,0.0,0.0,5.0,0.0,1.25,5.0,0.0,2.5,0.0,0.0,0.0,3.75,0.0,2.5,3.125,0.0,0.0,1.25,3.75,5.0,0.0,0.0,4.375,0.0,0.0,5.0,0.0,0.0,0.0,3.75,2.5,5.0,0.0,3.75,3.75,5.0,3.75,0.0,0.0,5.0,1.25,1.25,0.0,2.5,3.75,5.0,2.5,0.0,0.0,1.25,2.5,0.0,1.25,0.0,1.25,3.75,0.0,0.0,1.25,0.0,0.0,0.0,0.0,0.0,0.0,0.0
284,8,0.0,0.0,0.0,0.0,0.0,5.0,0.0,1.25,4.375,0.0,2.5,0.0,0.0,0.0,3.75,0.0,2.5,2.5,0.0,0.0,1.25,3.75,5.0,0.0,0.0,3.75,0.0,0.0,5.0,0.0,0.0,0.0,3.75,2.5,5.0,0.0,3.125,3.75,4.375,3.75,0.0,0.0,5.0,1.25,1.25,0.0,2.5,3.75,4.375,2.5,0.0,0.0,1.25,2.5,0.0,1.25,0.0,1.25,2.5,0.0,0.0,1.25,0.0,0.0,0.0,0.0,0.0,0.0,0.0
285,6,0.0,0.0,0.0,1.25,0.0,5.0,0.0,2.5,3.75,1.25,2.5,0.0,0.0,0.0,3.75,0.0,1.25,2.5,0.0,0.0,1.25,5.0,5.0,0.0,0.0,3.75,0.0,0.0,5.0,0.0,0.0,0.0,3.75,3.125,5.0,0.0,5.0,3.75,5.0,5.0,0.0,0.0,5.0,2.5,1.25,0.0,2.5,3.75,5.0,2.5,0.0,0.0,0.0,2.5,0.0,2.5,0.0,2.5,2.5,0.0,0.0,0.0,0.0,0.0,0.0,0.0,0.0,0.0,0.0
285,7,0.0,0.0,0.0,0.0,0.0,5.0,0.0,2.5,3.75,1.25,2.5,0.0,0.0,0.0,3.75,0.0,1.25,2.5,0.0,0.0,1.25,5.0,5.0,0.0,0.0,3.75,0.0,0.0,5.0,0.0,0.0,0.0,3.75,2.5,5.0,0.0,5.0,3.75,5.0,5.0,0.0,0.0,5.0,2.5,1.25,0.0,2.5,2.5,5.0,2.5,0.0,0.0,0.0,2.5,0.0,2.5,0.0,1.25,2.5,0.0,0.0,0.0,0.0,0.0,0.0,0.0,0.0,0.0,0.0
285,8,0.0,0.0,0.0,0.0,0.0,5.0,0.0,2.5,3.75,1.25,2.5,0.0,0.0,0.0,3.75,0.0,1.25,2.5,0.0,0.0,1.25,5.0,5.0,0.0,0.0,3.75,0.0,0.0,5.0,0.0,0.0,0.0,3.75,2.5,5.0,0.0,3.75,3.75,4.375,4.375,0.0,0.0,5.0,2.5,1.25,0.0,2.5,2.5,5.0,2.5,0.0,0.0,0.0,2.5,0.0,1.25,0.0,1.25,2.5,0.0,0.0,0.0,0.0,0.0,0.0,0.0,0.0,0.0,0.0
286,6,0.0,0.0,0.0,1.25,0.0,5.0,0.0,3.125,3.75,2.5,2.5,0.0,0.0,0.0,5.0,0.0,0.0,2.5,0.0,0.0,1.875,5.0,5.0,0.0,0.0,2.5,0.0,0.0,5.0,0.0,0.0,0.0,3.75,3.125,5.0,0.0,5.0,3.125,5.0,5.0,0.0,0.0,5.0,2.5,2.5,0.0,2.5,2.5,5.0,3.125,0.0,0.0,0.0,2.5,0.0,2.5,0.0,3.75,2.5,0.0,0.0,0.0,0.0,0.0,0.0,0.0,0.0,0.0,0.0
286,7,0.0,0.0,0.0,1.25,0.0,5.0,0.0,3.125,3.75,2.5,2.5,0.0,0.0,0.0,5.0,0.0,0.0,2.5,0.0,0.0,1.875,5.0,5.0,0.0,0.0,2.5,0.0,0.0,5.0,0.0,0.0,0.0,3.75,3.125,5.0,0.0,5.0,2.5,5.0,5.0,0.0,0.0,5.0,2.5,2.5,0.0,2.5,2.5,5.0,3.125,0.0,0.0,0.0,2.5,0.0,2.5,0.0,3.75,2.5,0.0,0.0,0.0,0.0,0.0,0.0,0.0,0.0,0.0,0.0
286,8,0.0,0.0,0.0,1.25,0.0,5.0,0.0,2.5,3.125,1.875,2.5,0.0,0.0,0.0,4.375,0.0,0.0,1.25,0.0,0.0,1.25,5.0,5.0,0.0,0.0,2.5,0.0,0.0,5.0,0.0,0.0,0.0,3.125,3.125,5.0,0.0,4.375,2.5,4.375,5.0,0.0,0.0,5.0,2.5,2.5,0.0,2.5,2.5,5.0,2.5,0.0,0.0,0.0,2.5,0.0,2.5,0.0,2.5,1.25,0.0,0.0,0.0,0.0,0.0,0.0,0.0,0.0,0.0,0.0
287,6,0.0,1.25,0.0,1.25,0.0,5.0,0.0,3.75,2.5,2.5,3.75,0.0,0.0,0.0,5.0,0.0,0.0,2.5,0.0,0.0,2.5,5.0,5.0,0.0,0.0,1.875,0.0,0.0,5.0,0.0,0.0,0.0,2.5,3.75,5.0,0.0,5.0,2.5,4.375,5.0,1.25,0.0,5.0,2.5,2.5,0.0,2.5,1.25,5.0,3.125,0.0,0.0,0.0,2.5,0.0,3.75,0.0,3.75,2.5,0.0,0.0,0.0,0.0,0.0,0.0,0.0,0.0,0.0,0.0
287,7,0.0,1.25,0.0,1.25,0.0,5.0,0.0,3.75,2.5,2.5,3.125,0.0,0.0,0.0,5.0,0.0,0.0,2.5,0.0,0.0,2.5,5.0,5.0,0.0,0.0,1.875,0.0,0.0,5.0,0.0,0.0,0.0,2.5,3.75,5.0,0.0,5.0,2.5,4.375,5.0,1.25,0.0,5.0,2.5,2.5,0.0,2.5,1.25,3.75,2.5,0.0,0.0,0.0,1.875,0.0,3.75,0.0,3.75,1.25,0.0,0.0,0.0,0.0,0.0,0.0,0.0,0.0,0.0,0.0
287,8,0.0,1.25,0.0,1.25,0.0,5.0,0.0,3.75,2.5,2.5,2.5,0.0,0.0,0.0,4.375,0.0,0.0,1.875,0.0,0.0,2.5,5.0,5.0,0.0,0.0,1.25,0.0,0.0,5.0,0.0,0.0,0.0,2.5,3.75,5.0,0.0,3.75,2.5,3.75,4.375,0.625,0.0,5.0,2.5,2.5,0.0,1.875,1.25,3.75,2.5,0.0,0.0,0.0,1.25,0.0,3.75,0.0,3.75,1.25,0.0,0.0,0.0,0.0,0.0,0.0,0.0,0.0,0.0,0.0
288,6,0.0,2.5,0.0,3.75,0.0,5.0,0.0,3.75,2.5,3.75,5.0,1.25,0.0,1.25,5.0,0.0,0.0,2.5,0.0,0.0,3.75,5.0,5.0,0.0,0.0,1.25,0.0,0.0,5.0,0.0,0.0,0.0,2.5,3.75,4.375,0.0,3.75,3.75,3.75,5.0,2.5,0.0,5.0,2.5,2.5,0.0,2.5,1.25,3.75,3.125,0.0,0.0,0.0,1.25,0.0,3.75,0.0,4.375,2.5,0.0,0.0,0.0,0.0,0.0,0.0,0.0,0.0,0.0,0.0
288,7,0.0,2.5,0.0,2.5,0.0,5.0,0.0,3.75,2.5,3.75,3.75,1.25,0.0,1.25,5.0,0.0,0.0,2.5,0.0,0.0,3.75,5.0,5.0,0.0,0.0,1.25,0.0,0.0,5.0,0.0,0.0,0.0,2.5,3.75,4.375,0.0,2.5,2.5,3.75,5.0,1.25,0.0,5.0,2.5,2.5,0.0,2.5,1.25,2.5,3.125,0.0,0.0,0.0,1.25,0.0,3.75,0.0,3.75,2.5,0.0,0.0,0.0,0.0,0.0,0.0,0.0,0.0,0.0,0.0
288,8,0.0,2.5,0.0,2.5,0.0,5.0,0.0,3.75,2.5,3.125,3.75,1.25,0.0,1.25,4.375,0.0,0.0,2.5,0.0,0.0,3.75,5.0,5.0,0.0,0.0,1.25,0.0,0.0,5.0,0.0,0.0,0.0,2.5,3.75,3.75,0.0,2.5,2.5,3.75,3.75,1.25,0.0,5.0,2.5,2.5,0.0,1.875,1.25,2.5,2.5,0.0,0.0,0.0,1.25,0.0,3.75,0.0,3.75,1.25,0.0,0.0,0.0,0.0,0.0,0.0,0.0,0.0,0.0,0.0
289,6,0.0,3.75,0.0,5.0,0.0,5.0,0.0,3.75,3.75,3.75,5.0,2.5,0.0,1.875,5.0,0.0,0.0,2.5,0.0,0.0,3.75,3.75,3.75,0.0,0.0,1.25,0.0,0.0,5.0,0.0,0.0,0.0,2.5,4.375,3.75,0.0,2.5,5.0,3.75,5.0,3.75,0.0,5.0,1.25,2.5,0.0,2.5,1.25,1.25,3.75,0.0,0.0,0.0,0.0,0.0,3.75,0.0,3.75,2.5,0.0,0.0,0.0,0.0,0.0,0.0,0.0,0.0,0.0,0.0
289,7,0.0,3.75,0.0,3.75,0.0,4.375,0.0,3.75,3.125,3.75,5.0,2.5,0.0,1.875,5.0,0.0,0.0,2.5,0.0,0.0,3.75,3.75,3.75,0.0,0.0,1.25,0.0,0.0,5.0,0.0,0.0,0.0,2.5,4.375,3.75,0.0,2.5,3.75,3.75,5.0,2.5,0.0,5.0,1.25,2.5,0.0,2.5,1.25,1.25,3.75,0.0,0.0,0.0,0.0,0.0,3.75,0.0,3.75,2.5,0.0,0.0,0.0,0.0,0.0,0.0,0.0,0.0,0.0,0.0
289,8,0.0,3.75,0.0,3.75,0.0,3.75,0.0,3.75,2.5,3.75,4.375,1.875,0.0,1.25,3.75,0.0,0.0,2.5,0.0,0.0,3.75,3.75,3.75,0.0,0.0,1.25,0.0,0.0,5.0,0.0,0.0,0.0,2.5,3.75,3.75,0.0,2.5,3.75,3.75,3.75,2.5,0.0,5.0,1.25,2.5,0.0,2.5,1.25,1.25,3.125,0.0,0.0,0.0,0.0,0.0,3.75,0.0,3.125,2.5,0.0,0.0,0.0,0.0,0.0,0.0,0.0,0.0,0.0,0.0
290,6,0.0,5.0,0.0,5.0,0.0,3.75,0.0,5.0,3.75,3.75,5.0,2.5,0.0,2.5,3.75,0.0,0.0,2.5,0.0,0.0,3.75,2.5,2.5,0.0,0.0,2.5,0.0,0.0,5.0,0.0,0.0,0.0,2.5,5.0,3.75,0.0,1.25,5.0,3.75,5.0,4.375,0.0,3.75,1.25,2.5,0.0,2.5,1.875,0.0,3.75,0.0,0.0,0.0,0.0,0.0,3.125,0.0,3.75,3.75,0.0,0.0,0.0,0.0,0.0,0.0,0.0,0.0,0.0,0.0
290,7,0.0,5.0,0.0,5.0,0.0,3.75,0.0,5.0,3.75,3.75,5.0,2.5,0.0,2.5,3.75,0.0,0.0,2.5,0.0,0.0,3.75,2.5,2.5,0.0,0.0,1.25,0.0,0.0,5.0,0.0,0.0,0.0,2.5,5.0,3.75,0.0,1.25,5.0,3.75,5.0,3.75,0.0,3.75,1.25,2.5,0.0,2.5,1.875,0.0,3.75,0.0,0.0,0.0,0.0,0.0,3.125,0.0,3.75,3.75,0.0,0.0,0.0,0.0,0.0,0.0,0.0,0.0,0.0,0.0
290,8,0.0,5.0,0.0,3.75,0.0,3.75,0.0,4.375,3.75,3.75,5.0,2.5,0.0,2.5,2.5,0.0,0.0,2.5,0.0,0.0,3.75,2.5,2.5,0.0,0.0,1.25,0.0,0.0,5.0,0.0,0.0,0.0,2.5,4.375,3.75,0.0,1.25,5.0,3.75,3.75,3.75,0.0,3.75,1.25,2.5,0.0,2.5,1.25,0.0,3.75,0.0,0.0,0.0,0.0,0.0,2.5,0.0,2.5,2.5,0.0,0.0,0.0,0.0,0.0,0.0,0.0,0.0,0.0,0.0
291,6,0.0,5.0,0.0,5.0,0.0,2.5,0.0,5.0,5.0,3.75,5.0,3.125,0.0,3.125,2.5,0.0,0.0,2.5,0.0,0.0,4.375,0.0,1.25,0.0,0.0,3.75,0.0,0.0,5.0,0.0,0.0,0.0,3.75,5.0,3.75,0.0,0.0,5.0,3.75,5.0,5.0,0.0,3.75,1.25,3.125,0.0,2.5,2.5,0.0,3.75,0.0,0.0,0.0,0.0,0.0,2.5,0.0,2.5,3.75,0.0,0.0,1.25,0.0,0.0,0.0,0.0,0.0,0.0,0.0
291,7,0.0,5.0,0.0,5.0,0.0,2.5,0.0,5.0,4.375,3.75,5.0,2.5,0.0,3.125,1.875,0.0,0.0,2.5,0.0,0.0,3.75,0.625,1.25,0.0,0.0,2.5,0.0,0.0,5.0,0.0,0.0,0.0,3.75,5.0,3.75,0.0,0.0,5.0,3.75,5.0,5.0,0.0,3.75,1.25,3.125,0.0,2.5,1.875,0.0,3.75,0.0,0.0,0.0,0.0,0.0,2.5,0.0,2.5,3.75,0.0,0.0,1.25,0.0,0.0,0.0,0.0,0.0,0.0,0.0
291,8,0.0,5.0,0.0,3.75,0.0,2.5,0.0,5.0,3.75,3.75,4.375,2.5,0.0,2.5,1.25,0.0,0.0,2.5,0.0,0.0,3.75,0.0,1.25,0.0,0.0,2.5,0.0,0.0,5.0,0.0,0.0,0.0,3.75,5.0,3.75,0.0,0.0,5.0,3.75,5.0,3.75,0.0,3.75,0.625,2.5,0.0,2.5,1.25,0.0,3.75,0.0,0.0,0.0,0.0,0.0,1.25,0.0,1.25,3.75,0.0,0.0,1.25,0.0,0.0,0.0,0.0,0.0,0.0,0.0
292,6,0.0,5.0,0.0,3.75,0.0,1.25,0.0,5.0,5.0,3.75,5.0,3.75,0.0,3.75,1.25,0.0,0.0,2.5,0.0,0.0,3.75,0.0,1.25,0.0,0.0,5.0,0.0,0.0,5.0,0.0,0.0,0.0,3.75,5.0,3.75,0.0,0.0,5.0,5.0,5.0,5.0,0.0,2.5,0.0,3.75,0.0,3.75,1.25,0.0,5.0,0.0,0.0,0.0,0.0,0.0,1.25,0.0,2.5,3.75,0.0,0.0,2.5,0.0,0.0,0.0,0.0,0.0,0.0,0.0
292,7,0.0,5.0,0.0,3.75,0.0,1.25,0.0,5.0,5.0,3.75,3.75,3.75,0.0,3.75,1.25,0.0,0.0,2.5,0.0,0.0,3.75,0.0,0.625,0.0,0.0,5.0,0.0,0.0,5.0,0.0,0.0,0.0,3.75,5.0,3.75,0.0,0.0,5.0,3.75,5.0,5.0,0.0,3.125,0.0,3.75,0.0,3.125,1.25,0.0,3.75,0.0,0.0,0.625,0.0,0.0,1.25,0.0,1.25,3.75,0.0,0.0,2.5,0.0,0.0,0.0,0.0,0.0,0.0,0.0
292,8,0.0,5.0,0.0,3.125,0.0,1.25,0.0,5.0,3.75,3.75,3.75,3.125,0.0,3.125,1.25,0.0,0.0,1.875,0.0,0.0,3.75,0.0,0.625,0.0,0.0,3.75,0.0,0.0,4.375,0.0,0.0,0.0,3.75,5.0,3.75,0.0,0.0,4.375,3.75,5.0,3.75,0.0,2.5,0.0,3.75,0.0,2.5,1.25,0.0,3.75,0.0,0.0,0.625,0.0,0.0,1.25,0.0,1.25,3.75,0.0,0.0,2.5,0.0,0.0,0.0,0.0,0.0,0.0,0.0
293,6,0.0,3.75,0.0,2.5,0.0,1.25,0.0,5.0,5.0,3.75,2.5,3.75,0.0,3.75,1.25,0.0,0.0,1.25,0.0,0.0,3.75,0.0,0.625,0.0,0.0,5.0,0.0,0.0,3.75,0.0,0.0,1.25,4.375,5.0,3.75,0.0,0.0,5.0,5.0,5.0,3.75,0.0,3.125,1.25,3.75,0.0,3.75,1.875,0.0,5.0,0.0,0.0,1.25,0.0,0.0,1.25,0.0,2.5,3.75,0.0,0.0,5.0,0.0,0.0,0.0,0.0,0.0,0.0,0.0
293,7,0.0,3.75,0.0,2.5,0.0,1.25,0.0,5.0,5.0,3.75,2.5,3.75,0.0,3.75,1.25,0.0,0.0,1.25,0.0,0.0,3.75,0.0,1.25,0.0,0.0,5.0,0.0,0.0,3.75,0.0,0.0,0.0,4.375,5.0,3.75,0.0,0.0,3.75,5.0,5.0,3.75,0.0,3.125,1.25,3.75,0.0,3.75,1.25,0.0,5.0,0.0,1.25,1.25,0.0,0.0,1.25,0.0,2.5,3.75,0.0,0.0,3.75,0.0,0.0,0.0,0.0,0.0,0.0,0.0
293,8,0.0,3.75,0.0,2.5,0.0,1.25,0.0,5.0,3.75,3.75,2.5,3.125,0.0,2.5,1.25,0.0,0.0,1.25,0.0,0.0,3.75,0.0,0.625,0.0,0.0,5.0,0.0,0.0,3.75,0.0,0.0,0.0,3.75,5.0,3.75,0.0,0.0,3.75,4.375,5.0,2.5,0.0,3.125,1.25,3.75,0.0,3.125,1.25,0.0,4.375,0.0,0.0,1.25,0.0,0.0,1.25,0.0,1.25,3.75,0.0,0.0,3.75,0.0,0.0,0.0,0.0,0.0,0.0,0.0
294,6,0.0,2.5,0.0,1.25,0.0,0.625,0.0,5.0,3.75,3.75,1.875,3.75,0.0,3.125,2.5,0.0,0.625,1.25,0.0,0.0,3.75,0.0,1.25,0.0,0.0,5.0,0.0,0.0,3.75,0.0,0.0,1.25,5.0,5.0,4.375,0.0,0.0,3.75,5.0,5.0,2.5,0.0,3.75,1.25,4.375,0.0,3.75,2.5,0.0,5.0,0.0,2.5,2.5,1.25,0.0,1.25,0.0,2.5,3.75,0.0,0.0,5.0,0.0,0.0,0.0,0.0,0.0,0.0,0.0
294,7,0.0,2.5,0.0,1.25,0.0,0.625,0.0,5.0,3.75,3.75,1.25,3.75,0.0,3.125,1.875,0.0,0.625,1.25,0.0,0.0,3.75,0.0,1.25,0.0,0.0,5.0,0.0,0.0,3.75,0.0,0.0,1.25,5.0,5.0,3.75,0.0,0.0,3.125,5.0,5.0,2.5,0.0,3.75,1.25,3.75,0.0,3.75,2.5,0.0,5.0,0.0,1.25,2.5,1.25,0.0,1.25,0.0,2.5,3.75,0.0,0.0,5.0,0.0,0.0,0.0,0.0,0.0,0.0,0.0
294,8,0.0,2.5,0.0,1.25,0.0,0.625,0.0,5.0,3.75,3.125,1.25,3.125,0.0,2.5,1.875,0.0,0.0,1.25,0.0,0.0,3.125,0.0,1.25,0.0,0.0,5.0,0.0,0.0,3.75,0.0,0.0,1.25,4.375,4.375,3.75,0.0,0.0,2.5,5.0,5.0,1.25,0.0,3.75,1.25,3.75,0.0,3.75,2.5,0.0,5.0,0.0,1.25,2.5,1.25,0.0,0.625,0.0,2.5,3.75,0.0,0.0,3.75,0.0,0.0,0.0,0.0,0.0,0.0,0.0
295,6,0.0,1.25,0.0,0.0,0.0,0.0,0.0,5.0,3.125,2.5,0.0,3.75,0.0,2.5,2.5,0.0,1.25,1.25,0.625,0.0,2.5,0.0,1.25,0.0,0.0,5.0,0.0,0.0,2.5,0.0,0.0,2.5,4.375,3.75,4.375,0.0,0.0,2.5,5.0,5.0,1.25,0.0,3.75,2.5,4.375,0.0,5.0,2.5,0.0,5.0,0.0,3.75,3.75,2.5,0.0,1.25,0.0,3.75,3.75,0.0,0.0,5.0,0.0,0.0,0.0,0.0,0.0,0.0,0.0
295,7,0.0,1.25,0.0,0.0,0.0,0.0,0.0,5.0,2.5,2.5,0.625,3.75,0.0,2.5,2.5,0.0,1.25,1.25,0.0,0.0,2.5,0.0,1.25,0.0,0.0,5.0,0.0,0.0,2.5,0.0,0.0,2.5,4.375,3.75,3.75,0.0,0.0,1.875,5.0,5.0,1.25,0.0,3.75,2.5,4.375,0.0,5.0,2.5,0.0,5.0,0.0,3.75,3.75,2.5,0.0,1.25,0.0,3.75,3.75,0.0,0.0,5.0,0.0,0.0,0.0,0.0,0.0,0.0,0.0
295,8,0.0,1.25,0.0,0.0,0.0,0.0,0.0,5.0,2.5,2.5,0.625,3.125,0.0,2.5,2.5,0.0,1.25,1.25,0.0,0.0,2.5,0.0,1.25,0.0,0.0,5.0,0.0,0.0,2.5,0.0,0.0,2.5,3.75,3.75,3.75,0.0,0.0,1.875,5.0,5.0,1.25,0.0,3.75,2.5,3.75,0.0,4.375,2.5,0.0,5.0,0.0,2.5,3.125,2.5,0.0,1.25,0.0,2.5,3.75,0.0,0.0,3.75,0.0,0.0,0.0,0.0,0.0,0.0,0.0
296,6,0.0,0.0,0.0,0.0,0.0,0.0,0.0,5.0,2.5,2.5,0.0,3.125,0.0,3.75,3.75,0.0,1.25,2.5,1.25,0.0,3.125,0.0,2.5,0.0,0.0,5.0,0.0,0.0,1.25,0.0,0.0,3.75,3.75,3.75,3.75,0.0,0.0,1.25,5.0,5.0,0.0,0.0,3.75,2.5,3.75,0.0,5.0,3.75,0.0,5.0,0.0,5.0,3.75,3.125,0.0,2.5,0.0,3.75,3.75,0.0,0.0,5.0,0.0,0.0,0.0,0.0,0.0,0.0,0.0
296,7,0.0,0.0,0.0,0.0,0.0,0.0,0.0,5.0,1.25,2.5,0.0,3.125,0.0,3.75,3.75,0.0,1.25,2.5,1.25,0.0,2.5,0.0,2.5,0.0,0.0,5.0,0.0,0.0,1.25,0.0,0.0,3.75,3.75,3.75,3.75,0.0,0.0,1.25,5.0,5.0,0.0,0.0,3.75,2.5,3.75,0.0,5.0,3.75,0.0,5.0,0.0,5.0,3.75,3.125,0.0,1.875,0.0,3.75,3.75,0.0,0.0,3.75,0.0,0.0,0.0,0.0,0.0,0.0,0.0
296,8,0.0,0.0,0.0,0.0,0.0,0.0,0.0,5.0,1.25,2.5,0.0,2.5,0.0,2.5,3.75,0.0,1.25,1.25,1.25,0.0,2.5,0.0,2.5,0.0,0.0,5.0,0.0,0.0,1.25,0.0,0.0,3.75,3.75,3.125,3.75,0.0,0.0,1.25,5.0,4.375,0.0,0.0,3.75,2.5,3.75,0.0,4.375,3.75,0.0,5.0,0.0,3.75,3.75,2.5,0.0,1.875,0.0,3.75,3.75,0.0,0.0,3.75,0.0,0.0,0.0,0.0,0.0,0.0,0.0
297,6,0.0,0.0,0.0,0.0,0.0,0.0,0.0,5.0,0.0,3.75,0.0,3.125,0.0,3.75,5.0,0.0,1.25,2.5,2.5,0.0,3.75,0.0,2.5,0.0,0.0,3.75,0.0,0.0,0.0,0.0,0.0,3.75,2.5,3.125,4.375,0.0,0.0,2.5,5.0,3.75,0.0,0.0,3.75,2.5,3.125,0.0,5.0,5.0,0.0,5.0,0.0,5.0,3.75,3.75,0.0,2.5,0.0,3.75,3.75,0.0,0.0,3.75,0.0,0.0,0.0,0.0,0.0,0.0,0.0
297,7,0.0,0.0,0.0,0.0,0.0,0.0,0.0,5.0,0.0,3.75,0.0,3.125,0.0,3.75,5.0,0.0,1.25,2.5,2.5,0.0,3.75,0.0,2.5,0.0,0.0,3.75,0.0,0.0,0.625,0.0,0.0,3.75,2.5,3.125,4.375,0.0,0.0,2.5,5.0,3.75,0.0,0.0,3.75,2.5,3.125,0.0,4.375,5.0,0.0,5.0,0.0,5.0,3.75,3.75,0.0,2.5,0.0,3.75,3.75,0.0,0.0,2.5,0.0,0.0,0.0,0.0,0.0,0.0,0.0
297,8,0.0,0.0,0.0,0.0,0.0,0.0,0.0,5.0,0.0,3.125,0.0,2.5,0.0,2.5,5.0,0.0,1.25,2.5,2.5,0.0,3.75,0.0,2.5,0.0,0.0,3.75,0.0,0.0,0.0,0.0,0.0,3.75,2.5,2.5,3.75,0.0,0.0,1.25,5.0,3.75,0.0,0.0,3.75,2.5,2.5,0.0,4.375,3.75,0.0,5.0,0.0,3.75,3.75,3.125,0.0,2.5,0.0,3.75,3.75,0.0,0.0,2.5,0.0,0.0,0.0,0.0,0.0,0.0,0.0
298,6,0.0,0.0,0.0,0.0,0.0,0.0,0.0,5.0,0.0,3.75,0.0,3.75,0.0,3.75,5.0,0.0,1.25,3.75,3.75,0.0,3.75,0.0,2.5,0.0,0.0,3.75,0.0,0.0,0.0,0.0,0.0,3.75,2.5,2.5,5.0,0.0,0.0,2.5,5.0,3.125,0.0,0.0,3.75,2.5,2.5,0.0,3.75,5.0,0.0,5.0,0.0,5.0,3.75,2.5,0.0,2.5,0.0,3.75,3.75,0.0,0.0,3.75,0.0,0.0,0.0,0.0,0.0,0.0,0.0
298,7,0.0,0.0,0.0,0.0,0.0,0.0,0.0,5.0,0.0,3.75,0.0,3.75,0.0,3.75,5.0,0.0,1.25,3.75,3.75,0.0,3.75,0.0,2.5,0.0,0.0,3.75,0.0,0.0,0.0,0.0,0.0,3.75,1.25,2.5,4.375,0.0,0.0,2.5,5.0,3.125,0.0,0.0,3.75,2.5,2.5,0.0,3.75,5.0,0.0,4.375,0.0,5.0,3.75,2.5,0.0,2.5,0.0,3.75,3.75,0.0,0.0,2.5,0.0,0.0,0.0,0.0,0.0,0.0,0.0
298,8,0.0,0.0,0.0,0.0,0.0,0.0,0.0,4.375,0.0,3.125,0.0,3.75,0.0,3.75,5.0,0.0,1.25,3.75,2.5,0.0,3.75,0.0,2.5,0.0,0.0,3.75,0.0,0.0,0.0,0.0,0.0,3.75,1.25,2.5,4.375,0.0,0.0,2.5,5.0,2.5,0.0,0.0,3.75,2.5,1.875,0.0,3.75,5.0,0.0,4.375,0.0,4.375,2.5,2.5,0.0,2.5,0.0,3.75,3.75,0.0,0.0,2.5,0.0,0.0,0.0,0.0,0.0,0.0,0.0
299,6,0.0,0.0,0.0,0.0,0.0,0.0,0.0,3.75,0.0,3.125,0.0,3.75,0.0,3.75,5.0,0.0,1.875,3.75,3.75,0.0,5.0,1.25,2.5,0.0,0.0,2.5,0.0,0.0,0.0,0.0,0.0,3.75,0.0,2.5,5.0,0.0,0.0,3.75,5.0,2.5,0.0,0.0,3.75,2.5,1.25,0.0,3.75,5.0,0.0,3.75,0.0,5.0,2.5,2.5,0.0,2.5,0.0,3.75,3.75,0.0,0.0,2.5,0.0,0.0,0.0,0.0,0.0,0.0,0.0
299,7,0.0,0.0,0.0,0.0,0.0,0.0,0.0,3.75,0.0,3.125,0.0,3.75,0.0,3.75,5.0,0.0,1.875,3.75,3.75,0.0,5.0,1.25,2.5,0.0,0.0,2.5,0.0,0.0,0.0,0.0,0.0,3.75,0.625,2.5,5.0,0.0,0.0,3.75,5.0,2.5,0.0,0.0,3.75,2.5,1.25,0.0,3.75,5.0,0.0,3.75,0.0,4.375,2.5,2.5,0.0,2.5,0.0,3.75,3.75,0.0,0.0,2.5,0.0,0.0,0.0,0.0,0.0,0.0,0.0
299,8,0.0,0.0,0.0,0.0,0.0,0.0,0.0,3.75,0.0,2.5,0.0,3.75,0.0,3.75,5.0,0.0,1.25,3.75,3.75,0.0,5.0,1.25,2.5,0.0,0.0,2.5,0.0,0.0,0.0,0.0,0.0,3.75,0.625,2.5,4.375,0.0,0.0,2.5,5.0,2.5,0.0,0.0,3.75,2.5,1.25,0.0,3.125,5.0,0.0,3.75,0.0,3.75,2.5,2.5,0.0,2.5,0.0,3.75,3.75,0.0,0.0,2.5,0.0,0.0,0.0,0.0,0.0,0.0,0.0
300,6,0.0,0.0,0.0,0.0,0.0,0.0,0.0,2.5,0.0,2.5,0.0,3.75,0.0,3.75,5.0,0.0,2.5,5.0,3.75,0.0,5.0,1.25,1.875,0.0,0.0,2.5,0.0,0.0,1.25,0.0,0.0,3.125,0.0,3.125,5.0,0.0,0.0,3.75,5.0,2.5,0.0,0.0,3.75,2.5,1.25,0.0,3.75,5.0,0.0,3.75,0.0,3.75,1.25,1.25,0.0,2.5,0.0,3.75,3.75,0.0,0.0,2.5,0.0,0.0,0.0,0.0,0.0,0.0,0.0
300,7,0.0,0.0,0.0,0.0,0.0,0.0,0.0,2.5,0.0,2.5,0.0,3.75,0.0,3.75,5.0,0.0,2.5,5.0,3.75,0.0,5.0,1.25,1.875,0.0,0.0,2.5,0.0,0.0,1.25,0.0,0.0,2.5,0.0,2.5,5.0,0.0,0.0,3.75,5.0,2.5,0.0,0.0,3.75,2.5,1.25,0.0,3.75,5.0,0.0,2.5,0.0,2.5,1.25,1.25,0.0,2.5,0.0,3.75,3.75,0.0,0.0,2.5,0.0,0.0,0.0,0.0,0.0,0.0,0.0
300,8,0.0,0.0,0.0,0.0,0.0,0.0,0.0,2.5,0.0,2.5,0.0,3.75,0.0,2.5,5.0,0.0,2.5,4.375,3.75,0.0,5.0,1.25,1.25,0.0,0.0,2.5,0.0,0.0,1.25,0.0,0.0,2.5,0.0,2.5,5.0,0.0,0.0,3.75,4.375,2.5,0.0,0.0,3.75,1.875,1.25,0.0,3.125,5.0,0.0,2.5,0.0,2.5,1.25,1.25,0.0,2.5,0.0,3.75,3.75,0.0,0.0,2.5,0.0,0.0,0.0,0.0,0.0,0.0,0.0
301,6,0.0,0.0,0.0,0.0,0.0,0.0,0.0,2.5,0.0,2.5,0.0,3.75,0.0,2.5,5.0,0.0,2.5,5.0,3.75,0.0,5.0,2.5,1.25,0.0,0.0,2.5,0.0,0.0,1.25,0.0,0.0,2.5,0.0,3.75,5.0,0.0,0.0,3.75,5.0,2.5,0.0,0.0,3.75,2.5,1.25,0.0,3.75,5.0,0.0,2.5,0.0,2.5,0.0,1.25,0.0,1.25,0.0,3.75,4.375,0.0,0.0,3.75,0.0,0.0,0.0,0.0,0.0,0.0,0.0
301,7,0.0,0.0,0.0,0.0,0.0,0.0,0.0,1.875,0.0,2.5,0.0,3.75,0.0,2.5,5.0,0.0,2.5,5.0,3.75,0.0,5.0,2.5,1.25,0.0,0.0,2.5,0.0,0.0,1.25,0.0,0.0,1.25,0.0,3.75,5.0,0.0,0.0,3.75,5.0,2.5,0.0,0.0,3.75,2.5,1.25,0.0,3.75,5.0,0.0,2.5,0.0,2.5,0.0,1.25,0.0,1.25,0.0,3.75,4.375,0.0,0.0,3.75,0.0,0.0,0.0,0.0,0.0,0.0,0.0
301,8,0.0,0.0,0.0,0.0,0.0,0.0,0.0,1.875,0.0,1.25,0.0,3.75,0.0,1.875,5.0,0.0,2.5,5.0,2.5,0.0,5.0,2.5,1.25,0.0,0.0,2.5,0.0,0.0,1.25,0.0,0.0,1.25,0.0,3.75,5.0,0.0,0.0,3.75,4.375,2.5,0.0,0.0,3.75,1.875,1.25,0.0,3.125,5.0,0.0,2.5,0.0,2.5,0.0,0.625,0.0,1.25,0.0,3.75,3.75,0.0,0.0,2.5,0.0,0.0,0.0,0.0,0.0,0.0,0.0
302,6,0.0,0.0,0.0,0.0,0.0,0.0,0.0,1.25,0.0,2.5,0.0,3.75,0.0,1.25,5.0,0.0,2.5,5.0,2.5,0.0,5.0,2.5,0.0,0.0,0.0,3.75,0.0,0.0,2.5,0.0,0.0,1.25,0.0,3.75,5.0,0.0,0.0,3.75,3.75,3.75,0.0,0.0,3.75,2.5,1.25,0.0,3.75,5.0,0.0,2.5,0.0,1.25,0.0,1.25,0.0,1.25,0.0,3.75,4.375,0.0,0.0,4.375,0.0,0.0,0.0,0.0,0.0,0.0,0.0
302,7,0.0,0.0,0.0,0.0,0.0,0.0,0.0,1.25,0.0,2.5,0.0,3.75,0.0,1.25,5.0,0.0,2.5,5.0,1.25,0.0,5.0,2.5,0.0,0.0,0.0,3.75,0.0,0.0,2.5,0.0,0.0,0.625,0.0,3.75,5.0,0.0,0.0,3.75,3.75,3.125,0.0,0.0,3.75,2.5,1.25,0.0,3.75,5.0,0.0,2.5,0.0,1.25,0.0,1.25,0.0,1.25,0.0,3.75,4.375,0.0,0.0,4.375,0.0,0.0,0.0,0.0,0.0,0.0,0.0
302,8,0.0,0.0,0.0,0.0,0.0,0.0,0.0,1.25,0.0,2.5,0.0,3.75,0.0,1.25,5.0,0.0,2.5,5.0,1.25,0.0,5.0,2.5,0.0,0.0,0.0,3.75,0.0,0.0,1.875,0.0,0.0,0.625,0.0,3.75,5.0,0.0,0.0,3.125,3.75,2.5,0.0,0.0,3.75,2.5,1.25,0.0,3.75,5.0,0.0,2.5,0.0,1.25,0.0,0.625,0.0,1.25,0.0,3.75,3.75,0.0,0.0,3.75,0.0,0.0,0.0,0.0,0.0,0.0,0.0
303,6,0.0,0.0,0.0,0.0,0.0,0.0,0.0,1.25,0.0,2.5,0.0,3.75,0.0,0.0,5.0,0.0,2.5,5.0,1.25,0.0,5.0,2.5,0.0,0.0,0.0,3.75,0.0,0.0,2.5,0.0,0.0,0.0,0.0,3.125,5.0,0.0,0.0,2.5,3.75,3.75,0.0,0.0,3.75,3.75,2.5,0.0,3.75,5.0,0.0,2.5,0.0,0.0,0.0,1.25,0.0,1.25,0.0,2.5,4.375,0.0,0.0,5.0,0.0,0.0,0.0,0.0,0.0,0.0,0.0
303,7,0.0,0.0,0.0,0.0,0.0,0.0,0.0,1.25,0.0,2.5,0.0,3.75,0.0,0.0,5.0,0.0,2.5,5.0,1.25,0.0,5.0,2.5,0.0,0.0,0.0,3.75,0.0,0.0,2.5,0.0,0.0,0.0,0.0,2.5,5.0,0.0,0.0,2.5,3.75,3.75,0.0,0.0,3.75,3.75,2.5,0.0,3.75,5.0,0.0,2.5,0.0,0.0,0.0,1.25,0.0,1.25,0.0,2.5,4.375,0.0,0.0,5.0,0.0,0.0,0.0,0.0,0.0,0.0,0.0
303,8,0.0,0.0,0.0,0.0,0.0,0.0,0.0,1.25,0.0,2.5,0.0,3.75,0.0,0.0,5.0,0.0,2.5,5.0,1.25,0.0,5.0,2.5,0.0,0.0,0.0,3.75,0.0,0.0,2.5,0.0,0.0,0.0,0.0,2.5,5.0,0.0,0.0,2.5,3.75,3.75,0.0,0.0,3.75,3.125,2.5,0.0,3.75,5.0,0.0,2.5,0.0,0.0,0.0,0.625,0.0,1.25,0.0,2.5,3.75,0.0,0.0,3.75,0.0,0.0,0.0,0.0,0.0,0.0,0.0
304,6,0.0,0.0,0.0,0.0,0.0,0.0,0.0,1.25,0.0,3.75,0.0,3.125,0.0,0.0,3.75,0.0,3.125,5.0,0.0,0.0,5.0,2.5,0.0,0.0,0.0,3.75,0.0,0.0,2.5,0.0,0.0,0.0,0.0,2.5,5.0,0.0,0.0,1.25,3.75,5.0,0.0,0.0,3.75,5.0,2.5,0.0,4.375,5.0,0.0,2.5,0.0,0.0,1.25,1.25,0.0,1.25,0.0,2.5,3.75,0.0,0.0,5.0,0.0,0.0,0.0,0.0,0.0,0.0,0.0
304,7,0.0,0.0,0.0,0.0,0.0,0.0,0.0,1.25,0.0,3.75,0.0,2.5,0.0,0.0,3.75,0.0,2.5,5.0,0.0,0.0,5.0,2.5,0.0,0.0,0.0,3.75,0.0,0.0,2.5,0.0,0.0,0.0,0.0,2.5,5.0,0.0,0.0,1.25,3.75,4.375,0.0,0.0,3.75,5.0,2.5,0.0,4.375,5.0,0.0,2.5,0.0,0.0,0.625,1.25,0.0,1.25,0.0,2.5,3.75,0.0,0.0,5.0,0.0,0.0,0.0,0.0,0.0,0.0,0.0
304,8,0.0,0.0,0.0,0.0,0.0,0.0,0.0,1.25,0.0,3.125,0.0,2.5,0.0,0.0,3.75,0.0,2.5,5.0,0.0,0.0,5.0,2.5,0.0,0.0,0.0,3.75,0.0,0.0,2.5,0.0,0.0,0.0,0.0,2.5,5.0,0.0,0.0,1.25,3.75,4.375,0.0,0.0,3.75,5.0,2.5,0.0,3.75,5.0,0.0,2.5,0.0,0.0,0.625,1.25,0.0,1.25,0.0,1.25,3.75,0.0,0.0,5.0,0.0,0.0,0.0,0.0,0.0,0.0,0.0
305,6,0.0,0.0,0.0,0.0,0.0,1.25,0.0,2.5,0.0,5.0,0.0,2.5,0.0,0.0,3.75,0.0,3.125,5.0,0.0,0.0,5.0,1.25,0.0,0.0,0.0,3.75,1.25,0.0,2.5,0.0,0.0,0.0,1.25,1.25,5.0,0.0,0.0,1.25,3.125,5.0,0.0,0.0,2.5,5.0,3.125,0.0,5.0,5.0,0.0,3.75,0.0,0.0,1.875,2.5,0.0,2.5,0.0,1.25,3.75,0.0,0.0,5.0,0.0,0.0,0.0,0.0,0.0,0.0,0.0
305,7,0.0,0.0,0.0,0.0,0.0,1.25,0.0,2.5,0.0,5.0,0.0,2.5,0.0,0.0,3.75,0.0,3.125,5.0,0.0,0.0,5.0,1.25,0.0,0.0,0.0,3.75,1.25,0.0,2.5,0.0,0.0,0.0,0.0,1.25,5.0,0.0,0.0,0.625,3.125,5.0,0.0,0.0,2.5,5.0,2.5,0.0,5.0,5.0,0.0,2.5,0.0,0.0,1.875,2.5,0.0,2.5,0.0,1.25,3.75,0.0,0.0,5.0,0.0,0.0,0.0,0.0,0.0,0.0,0.0
305,8,0.0,0.0,0.0,0.0,0.0,1.25,0.0,2.5,0.0,3.75,0.0,2.5,0.0,0.0,3.75,0.0,2.5,3.75,0.0,0.0,5.0,1.25,0.0,0.0,0.0,3.75,1.25,0.0,2.5,0.0,0.0,0.0,0.0,1.25,5.0,0.0,0.0,0.0,2.5,5.0,0.0,0.0,2.5,5.0,2.5,0.0,5.0,5.0,0.0,2.5,0.0,0.0,1.25,2.5,0.0,1.25,0.0,1.25,3.75,0.0,0.0,5.0,0.0,0.0,0.0,0.0,0.0,0.0,0.0
306,6,0.0,0.0,0.0,0.0,0.0,2.5,0.0,5.0,0.0,5.0,1.25,2.5,0.0,0.0,3.75,0.0,3.125,5.0,0.0,0.0,5.0,1.25,1.25,0.0,0.0,3.75,2.5,0.0,2.5,0.0,0.0,0.0,1.25,1.25,5.0,0.0,0.0,0.0,2.5,5.0,0.0,0.0,2.5,5.0,2.5,0.0,5.0,5.0,0.0,3.75,0.0,0.0,2.5,3.125,0.0,2.5,0.0,1.25,3.75,0.0,0.0,5.0,0.0,0.0,0.0,0.0,0.0,0.0,0.0
306,7,0.0,0.0,0.0,0.0,0.0,2.5,0.0,3.75,0.0,5.0,1.25,2.5,0.0,0.0,3.75,0.0,2.5,4.375,0.0,0.0,4.375,1.25,1.25,0.0,0.0,3.75,1.875,0.0,2.5,0.0,0.0,0.0,1.25,1.25,5.0,0.0,0.0,0.0,2.5,5.0,0.0,0.0,2.5,5.0,2.5,0.0,5.0,5.0,0.0,3.75,0.0,0.0,2.5,2.5,0.0,2.5,0.0,1.25,3.125,0.0,0.0,5.0,0.0,0.0,0.0,0.0,0.0,0.0,0.0
306,8,0.0,0.0,0.0,0.0,0.0,2.5,0.0,3.75,0.0,5.0,1.25,2.5,0.0,0.625,3.75,0.0,2.5,3.75,0.0,0.0,3.75,0.625,1.25,0.0,0.0,3.75,1.25,0.0,2.5,0.0,0.0,0.0,1.25,1.25,5.0,0.0,0.0,0.0,2.5,5.0,0.0,0.0,2.5,5.0,2.5,0.0,5.0,5.0,0.0,3.75,0.0,0.0,2.5,2.5,0.0,2.5,0.0,1.25,2.5,0.0,0.0,5.0,0.0,0.0,0.0,0.0,0.0,0.0,0.0
307,6,0.0,0.0,0.0,0.0,0.0,4.375,0.0,5.0,0.0,5.0,2.5,2.5,0.0,1.875,3.75,0.0,2.5,3.75,0.0,0.0,5.0,0.0,2.5,0.0,0.0,3.75,2.5,0.0,3.75,0.0,0.0,0.0,2.5,1.25,5.0,0.0,0.0,0.0,2.5,5.0,0.0,0.0,2.5,5.0,2.5,0.0,5.0,5.0,0.0,3.75,0.0,0.0,3.75,3.75,0.0,3.125,0.0,1.25,2.5,0.0,0.0,5.0,0.0,0.0,0.0,0.0,0.0,0.0,1.25
307,7,0.0,0.0,0.0,0.0,0.0,3.75,0.0,3.75,0.0,5.0,3.75,2.5,0.0,1.25,3.75,0.0,2.5,3.75,0.0,0.0,3.75,0.0,2.5,0.0,0.0,3.75,2.5,0.0,2.5,0.0,0.0,0.0,2.5,1.25,5.0,0.0,0.0,0.0,2.5,5.0,0.0,0.0,2.5,5.0,2.5,0.0,5.0,5.0,0.0,3.75,0.0,0.0,3.75,3.75,0.0,3.125,0.0,1.25,2.5,0.0,0.0,5.0,0.0,0.0,0.0,0.0,0.0,0.0,1.25
307,8,0.0,0.0,0.0,0.0,0.0,3.75,0.0,3.75,0.0,5.0,3.75,2.5,0.0,1.25,3.75,0.0,2.5,3.75,0.0,0.0,3.75,0.0,2.5,0.0,0.0,3.75,2.5,0.0,2.5,0.0,0.0,0.0,2.5,1.25,5.0,0.0,0.0,0.0,2.5,5.0,0.0,0.0,2.5,5.0,2.5,0.0,5.0,4.375,0.0,3.75,0.0,0.0,3.75,3.125,0.0,2.5,0.0,1.25,2.5,0.0,0.0,5.0,0.0,0.0,0.0,0.0,0.0,0.0,1.25
308,6,0.0,0.0,0.0,0.0,0.0,5.0,0.0,5.0,0.0,5.0,3.75,3.75,0.0,2.5,3.75,0.0,2.5,3.75,0.0,0.0,4.375,0.0,3.75,0.0,0.0,3.125,3.125,0.0,3.75,0.0,0.0,0.0,3.125,1.25,5.0,0.0,0.0,0.0,3.75,5.0,1.25,0.0,2.5,5.0,1.25,0.0,5.0,4.375,0.0,5.0,0.0,0.0,3.75,3.125,0.0,3.125,0.0,1.25,2.5,0.0,0.0,5.0,0.0,0.0,0.0,0.0,0.0,0.0,3.75
308,7,0.0,0.0,0.0,0.0,0.0,5.0,0.0,5.0,0.0,5.0,5.0,3.125,0.0,2.5,3.75,0.0,2.5,3.75,0.0,0.0,4.375,0.0,3.75,0.0,0.0,3.125,3.125,0.0,3.75,0.0,0.0,0.0,3.125,1.25,5.0,0.0,0.0,0.0,3.75,5.0,1.25,0.0,2.5,5.0,1.25,0.0,5.0,4.375,0.0,5.0,0.0,0.0,3.75,3.125,0.0,3.125,0.0,1.25,2.5,0.0,0.0,5.0,0.0,0.0,0.0,0.0,0.0,0.0,2.5
308,8,0.0,0.0,0.0,0.0,0.0,3.75,0.0,3.75,0.0,5.0,5.0,2.5,0.0,2.5,3.75,0.0,2.5,3.75,0.0,0.0,3.75,0.0,2.5,0.0,0.0,2.5,2.5,0.0,3.125,0.0,0.0,0.0,2.5,1.25,3.75,0.0,0.0,0.0,2.5,5.0,1.25,0.0,2.5,5.0,1.25,0.0,5.0,3.75,0.0,5.0,0.0,0.0,3.75,2.5,0.0,2.5,0.0,1.25,2.5,0.0,0.0,5.0,0.0,0.0,0.0,0.0,0.0,0.0,2.5
309,6,0.0,0.0,0.0,0.0,0.0,5.0,0.0,5.0,0.0,5.0,5.0,3.75,0.0,3.75,5.0,0.0,2.5,3.75,1.25,0.0,4.375,0.0,3.75,0.0,0.0,2.5,3.75,0.0,5.0,0.0,0.0,0.0,3.75,1.25,5.0,0.0,0.0,0.0,3.75,4.375,2.5,0.0,3.75,5.0,1.25,0.0,5.0,3.75,0.0,5.0,0.0,0.0,3.75,2.5,0.0,2.5,0.0,2.5,2.5,0.0,0.0,5.0,0.0,0.0,0.0,0.0,0.0,0.0,4.375
309,7,0.0,0.0,0.0,0.0,0.0,5.0,0.0,3.75,0.0,5.0,5.0,3.75,0.0,3.75,4.375,0.0,2.5,3.75,1.25,0.0,3.75,0.0,3.75,0.0,0.0,2.5,3.75,0.0,5.0,0.0,0.0,0.0,3.75,1.25,4.375,0.0,0.0,0.0,3.75,4.375,2.5,0.0,3.75,5.0,1.25,0.0,5.0,3.75,0.0,5.0,0.0,0.0,3.75,2.5,0.0,2.5,0.0,2.5,2.5,0.0,0.0,5.0,0.0,0.0,0.0,0.0,0.0,0.0,5.0
309,8,0.0,0.0,0.0,0.0,0.0,3.75,0.0,3.75,0.0,5.0,5.0,3.75,0.0,3.125,3.75,0.0,2.5,3.75,1.25,0.0,3.75,0.0,3.75,0.0,0.0,2.5,3.125,0.0,3.75,0.0,0.0,0.0,3.125,1.25,3.75,0.0,0.0,0.0,3.75,4.375,2.5,0.0,2.5,4.375,1.25,0.0,4.375,3.75,0.0,5.0,0.0,0.0,3.75,2.5,0.0,2.5,0.0,2.5,2.5,0.0,0.0,5.0,0.0,0.0,0.0,0.0,0.0,0.0,3.75
310,6,0.0,0.0,0.0,0.0,0.0,4.375,0.0,5.0,0.0,5.0,5.0,5.0,0.0,3.75,5.0,0.0,2.5,3.75,2.5,0.0,3.75,1.25,5.0,0.0,0.0,1.875,2.5,0.0,5.0,0.0,0.0,0.0,3.75,2.5,3.75,0.0,0.0,0.0,3.75,3.75,3.75,0.0,4.375,3.75,1.25,0.0,5.0,3.75,0.0,5.0,0.0,0.0,3.75,2.5,0.0,2.5,0.0,2.5,3.75,0.0,0.0,5.0,0.0,0.0,0.0,0.0,0.0,0.0,5.0
310,7,0.0,0.0,0.0,0.0,0.0,3.75,0.0,3.75,0.0,3.75,5.0,5.0,0.0,3.75,5.0,0.0,2.5,3.75,1.875,0.0,3.75,0.625,5.0,0.0,0.0,1.875,2.5,0.0,5.0,0.0,0.0,0.0,3.75,2.5,3.75,0.0,0.0,0.0,3.75,3.75,3.75,0.0,3.75,3.75,1.25,0.0,4.375,3.75,0.0,5.0,0.0,0.0,3.75,2.5,0.0,2.5,0.0,2.5,3.75,0.0,0.0,5.0,0.0,0.0,0.0,0.0,0.0,0.0,5.0
310,8,0.0,0.0,0.0,0.0,0.0,3.75,0.0,3.75,0.0,3.75,5.0,3.75,0.0,3.75,4.375,0.0,2.5,3.75,1.875,0.0,3.75,0.625,5.0,0.0,0.0,1.25,2.5,0.0,5.0,0.0,0.0,0.0,3.125,2.5,3.75,0.0,0.0,0.0,3.75,3.75,3.75,0.0,3.75,3.75,1.25,0.0,3.75,3.75,0.0,5.0,0.0,0.0,2.5,2.5,0.0,2.5,0.0,2.5,3.125,0.0,0.0,5.0,0.0,0.0,0.0,0.0,0.0,0.0,5.0
311,6,0.0,0.0,0.0,0.0,0.0,3.75,0.0,2.5,0.0,2.5,5.0,5.0,0.0,3.75,4.375,0.0,3.125,3.75,3.75,0.0,3.75,2.5,5.0,0.0,0.0,1.25,2.5,0.0,5.0,0.0,0.0,0.0,2.5,2.5,3.75,0.0,0.0,0.0,4.375,3.75,5.0,0.0,5.0,2.5,1.25,0.0,3.75,3.125,0.0,5.0,0.0,0.0,2.5,2.5,0.0,2.5,0.0,2.5,3.75,0.0,0.0,5.0,0.0,0.0,0.0,0.0,0.0,0.0,5.0
311,7,0.0,0.0,0.0,0.0,0.0,2.5,0.0,2.5,0.0,2.5,5.0,5.0,0.0,3.75,4.375,0.0,3.125,3.75,3.75,0.0,3.75,2.5,5.0,0.0,0.0,1.25,2.5,0.0,5.0,0.0,0.0,0.0,2.5,2.5,3.75,0.0,0.0,0.0,3.75,3.75,5.0,0.0,5.0,2.5,1.25,0.0,3.75,3.125,0.0,5.0,0.0,0.0,2.5,2.5,0.0,2.5,0.0,2.5,3.75,0.0,0.0,5.0,0.0,0.0,0.0,0.0,0.0,0.0,5.0
311,8,0.0,0.0,0.0,0.0,0.0,2.5,0.0,2.5,0.0,2.5,5.0,4.375,0.0,3.125,3.75,0.0,2.5,3.75,2.5,0.0,3.75,1.25,5.0,0.0,0.0,1.25,2.5,0.0,5.0,0.0,0.0,0.0,2.5,2.5,3.75,0.0,0.0,0.0,3.75,3.75,5.0,0.0,4.375,2.5,1.25,0.0,3.75,2.5,0.0,5.0,0.0,0.0,1.875,2.5,0.0,2.5,0.0,2.5,3.75,0.0,0.0,5.0,0.0,0.0,0.0,0.0,0.0,0.0,5.0
312,6,0.0,1.25,0.0,0.0,0.0,1.25,0.0,1.25,0.0,1.25,3.75,5.0,0.0,2.5,3.75,0.0,3.75,3.75,5.0,0.0,3.75,3.75,5.0,0.0,0.0,1.25,1.25,0.0,5.0,0.0,0.0,0.0,1.875,2.5,3.75,0.0,0.0,0.0,3.75,3.75,5.0,0.0,5.0,1.25,2.5,0.0,3.75,2.5,1.25,5.0,0.0,0.0,1.25,2.5,0.0,2.5,0.0,2.5,5.0,0.0,0.0,5.0,0.0,0.0,0.0,0.0,0.0,0.0,5.0
312,7,0.0,1.25,0.0,0.0,0.0,1.25,0.0,1.25,0.0,1.25,5.0,5.0,0.0,2.5,3.75,0.0,3.75,3.75,5.0,0.0,3.75,3.75,5.0,0.0,0.0,1.25,1.25,0.0,5.0,0.0,0.0,0.0,1.875,2.5,3.75,0.0,0.0,0.0,3.75,3.75,5.0,0.0,5.0,1.25,2.5,0.0,3.75,2.5,1.25,5.0,0.0,0.0,1.25,2.5,0.0,2.5,0.0,2.5,5.0,0.0,0.0,5.0,0.0,0.0,0.0,0.0,0.0,0.0,5.0
312,8,0.0,1.25,0.0,0.0,0.0,1.25,0.0,1.25,0.0,1.25,5.0,4.375,0.0,2.5,3.75,0.0,3.75,3.75,3.75,0.0,3.75,3.75,5.0,0.0,0.0,1.25,1.25,0.0,5.0,0.0,0.0,0.0,1.25,2.5,3.75,0.0,0.0,0.0,3.75,3.75,5.0,0.0,5.0,1.25,2.5,0.0,3.75,2.5,1.25,5.0,0.0,0.0,1.25,2.5,0.0,2.5,0.0,2.5,5.0,0.0,0.0,5.0,0.0,0.0,0.0,0.0,0.0,0.0,5.0
313,6,0.0,2.5,0.0,1.25,0.0,0.0,0.0,0.0,0.0,0.0,3.75,4.375,0.0,1.875,3.75,0.0,5.0,3.75,5.0,0.0,3.75,5.0,5.0,0.0,0.0,1.25,0.625,0.0,5.0,0.0,0.0,0.0,1.25,2.5,3.75,0.0,0.0,0.0,3.75,3.75,5.0,0.0,5.0,0.625,3.75,0.0,3.75,2.5,2.5,5.0,0.0,0.0,0.625,2.5,0.0,2.5,0.0,2.5,5.0,0.0,0.0,5.0,0.0,0.0,0.0,0.0,0.0,0.0,5.0
313,7,0.0,2.5,0.0,0.625,0.0,0.0,0.0,0.0,0.0,0.0,3.75,3.75,0.0,1.25,3.75,0.0,4.375,3.75,5.0,0.0,3.75,4.375,5.0,0.0,0.0,1.25,0.625,0.0,5.0,0.0,0.0,0.0,1.25,2.5,3.125,0.0,0.0,0.0,3.75,3.75,3.75,0.0,5.0,0.0,3.75,0.0,3.75,2.5,2.5,5.0,0.0,0.0,0.0,2.5,0.0,2.5,0.0,2.5,5.0,0.0,0.0,5.0,0.0,0.0,0.0,0.0,0.0,0.0,5.0
313,8,0.0,2.5,0.0,1.25,0.0,0.0,0.0,0.0,0.0,0.625,3.75,3.75,0.0,1.25,3.125,0.0,4.375,3.125,3.75,0.0,3.75,3.75,5.0,0.0,0.0,1.25,0.0,0.0,5.0,0.0,0.0,0.0,0.625,1.875,2.5,0.0,0.0,0.0,2.5,3.75,3.75,0.0,5.0,0.0,3.75,0.0,3.75,2.5,2.5,5.0,0.0,0.0,0.0,2.5,0.0,2.5,0.0,2.5,5.0,0.0,0.0,5.0,0.0,0.0,0.0,0.0,0.0,0.0,5.0
314,6,0.0,3.75,0.0,1.875,0.0,0.0,0.0,0.0,0.0,0.0,2.5,3.75,0.0,0.0,2.5,0.0,5.0,3.75,5.0,0.0,3.75,5.0,5.0,1.25,0.0,2.5,0.0,0.0,5.0,0.0,0.0,0.0,0.0,1.25,2.5,0.0,0.0,0.0,2.5,3.75,3.75,0.0,5.0,0.0,3.75,0.0,3.75,1.25,3.75,5.0,0.0,0.0,0.0,2.5,0.0,2.5,0.0,2.5,5.0,0.0,0.0,5.0,0.0,0.0,0.0,0.0,0.0,0.0,5.0
314,7,0.0,3.75,0.0,2.5,0.0,0.0,0.0,0.0,0.0,0.0,2.5,3.75,0.0,0.0,2.5,0.0,5.0,3.75,5.0,0.0,3.75,5.0,5.0,1.25,0.0,2.5,0.0,0.0,5.0,0.0,0.0,0.0,0.0,1.25,2.5,0.0,0.0,0.0,2.5,3.75,3.75,0.0,5.0,0.0,3.75,0.0,3.75,1.25,3.75,5.0,0.0,0.0,0.0,2.5,0.0,2.5,0.0,2.5,5.0,0.0,0.0,4.375,0.0,0.0,0.0,0.0,0.0,0.0,5.0
314,8,0.0,3.75,0.0,1.875,0.0,0.0,0.0,0.0,0.0,0.0,2.5,3.125,0.0,0.0,2.5,0.0,5.0,3.75,3.75,0.0,3.75,5.0,3.75,1.25,0.0,1.875,0.0,0.0,5.0,0.0,0.0,0.0,0.0,1.25,2.5,0.0,0.0,0.0,2.5,3.75,3.75,0.0,5.0,0.0,3.75,0.0,3.75,1.25,3.75,5.0,0.0,0.0,0.0,2.5,0.0,2.5,0.0,2.5,5.0,0.0,0.0,3.75,0.0,0.0,0.0,0.0,0.0,0.0,5.0
315,6,0.0,5.0,0.0,2.5,0.0,0.0,0.0,0.0,0.0,0.0,1.25,3.125,0.0,0.0,2.5,0.0,5.0,3.75,3.75,0.0,5.0,5.0,3.75,2.5,0.0,2.5,0.0,0.0,5.0,0.0,0.0,0.0,0.0,1.25,2.5,0.0,0.0,0.0,1.25,3.75,2.5,0.0,5.0,0.0,3.75,0.0,4.375,1.25,5.0,5.0,0.0,0.0,0.0,2.5,0.0,3.125,0.0,2.5,5.0,0.0,0.0,3.75,0.0,0.0,0.0,0.0,0.0,0.0,5.0
315,7,0.0,5.0,0.0,3.75,0.0,0.0,0.0,0.0,0.0,0.0,1.25,2.5,0.0,0.0,2.5,0.0,5.0,3.75,3.75,0.0,5.0,5.0,3.75,2.5,0.0,2.5,0.0,0.0,5.0,0.0,0.0,0.0,0.0,1.25,2.5,0.0,0.0,0.0,1.25,3.75,1.875,0.0,5.0,0.0,3.75,0.0,4.375,1.25,5.0,5.0,0.0,0.0,0.0,2.5,0.0,3.125,0.0,2.5,5.0,0.0,0.0,3.75,0.0,0.0,0.0,0.0,0.0,0.0,5.0
315,8,0.0,5.0,0.0,3.75,0.0,0.0,0.0,0.0,0.0,0.0,1.25,2.5,0.0,0.0,2.5,0.0,5.0,3.75,3.125,0.0,4.375,5.0,3.75,1.25,0.0,2.5,0.0,0.0,5.0,0.0,0.0,0.0,0.0,1.25,2.5,0.0,0.0,0.0,1.25,3.75,2.5,0.0,4.375,0.0,3.75,0.0,3.75,1.25,5.0,5.0,0.0,0.0,0.0,2.5,0.0,2.5,0.0,2.5,5.0,0.0,0.0,3.75,0.0,0.0,0.0,0.0,0.0,0.0,5.0
316,6,0.0,5.0,0.0,5.0,0.0,0.0,0.0,0.0,0.0,0.0,0.0,3.75,0.0,0.0,2.5,0.0,5.0,3.75,2.5,0.0,5.0,5.0,3.75,3.75,0.0,3.125,0.0,0.0,5.0,0.0,0.0,1.25,0.0,1.25,2.5,0.0,0.0,0.0,0.0,2.5,0.0,0.0,5.0,0.0,3.75,0.0,5.0,1.25,5.0,5.0,0.0,0.0,0.0,2.5,0.0,3.125,0.0,2.5,5.0,0.0,0.0,3.75,0.0,0.0,0.0,0.0,0.0,0.0,5.0
316,7,0.0,5.0,0.0,3.75,0.0,0.0,0.0,0.0,0.0,0.0,0.0,3.75,0.0,0.0,2.5,0.0,5.0,3.75,2.5,0.0,5.0,5.0,2.5,2.5,0.0,3.125,0.0,0.0,5.0,0.0,0.0,1.25,0.0,1.25,2.5,0.0,0.0,0.0,0.0,2.5,1.25,0.0,5.0,0.0,3.75,0.0,5.0,1.25,5.0,5.0,0.0,0.0,0.0,2.5,0.0,3.125,0.0,2.5,5.0,0.0,0.0,3.75,0.0,0.0,0.0,0.0,0.0,0.0,5.0
316,8,0.0,5.0,0.0,3.75,0.0,0.0,0.0,0.0,0.0,0.0,0.0,2.5,0.0,0.0,2.5,0.0,4.375,3.75,2.5,0.0,5.0,5.0,2.5,2.5,0.0,2.5,0.0,0.0,5.0,0.0,0.0,1.25,0.0,1.25,2.5,0.0,0.0,0.0,0.0,2.5,1.25,0.0,4.375,0.0,3.75,0.0,5.0,1.25,5.0,5.0,0.0,0.0,0.0,2.5,0.0,3.125,0.0,2.5,5.0,0.0,0.0,3.125,0.0,0.0,0.0,0.0,0.0,0.0,5.0
317,6,0.0,5.0,0.0,5.0,0.0,0.0,0.0,0.0,0.0,0.0,0.0,3.75,0.0,0.0,2.5,0.0,3.75,3.75,1.25,0.0,5.0,4.375,3.125,5.0,0.0,3.75,0.0,0.0,5.0,0.0,0.0,2.5,0.0,2.5,2.5,0.0,0.0,0.0,0.0,2.5,0.0,0.0,5.0,1.25,2.5,0.0,5.0,1.25,5.0,5.0,0.0,0.0,0.0,1.25,0.0,3.125,0.0,2.5,5.0,0.0,0.0,2.5,0.0,0.0,0.0,0.0,0.0,0.0,5.0
317,7,0.0,5.0,0.0,5.0,0.0,0.0,0.0,0.0,0.0,0.0,0.0,3.75,0.0,0.0,2.5,0.0,3.75,3.75,1.25,0.0,5.0,3.75,2.5,3.75,0.0,3.75,0.0,0.0,5.0,0.0,0.0,2.5,0.0,2.5,2.5,0.0,0.0,0.0,0.0,2.5,0.0,0.0,5.0,0.0,2.5,0.0,5.0,1.25,5.0,5.0,0.0,0.0,0.0,1.25,0.0,3.125,0.0,2.5,5.0,0.0,0.0,2.5,0.0,0.0,0.0,0.0,0.0,0.0,5.0
317,8,0.0,5.0,0.0,5.0,0.0,0.0,0.0,0.0,0.0,0.0,0.0,3.75,0.0,0.0,2.5,0.0,3.75,3.75,1.25,0.0,5.0,3.75,2.5,3.75,0.0,3.75,0.0,0.0,5.0,0.0,0.0,2.5,0.0,2.5,2.5,0.0,0.0,0.0,0.0,1.875,0.0,0.0,4.375,0.0,2.5,0.0,5.0,1.25,5.0,5.0,0.0,0.0,0.0,1.25,0.0,2.5,0.0,2.5,5.0,0.0,0.0,2.5,0.0,0.0,0.0,0.0,0.0,0.0,5.0
318,6,0.0,5.0,0.0,5.0,0.0,0.0,0.0,0.0,0.0,0.0,0.0,4.375,0.0,0.0,2.5,0.0,3.125,4.375,0.0,0.0,5.0,3.75,3.75,5.0,0.0,3.75,0.0,0.0,3.75,0.0,0.0,3.75,0.0,3.75,2.5,0.0,0.0,0.0,0.0,1.25,0.0,0.0,5.0,1.25,1.25,0.0,5.0,1.25,5.0,5.0,0.0,0.0,0.0,1.25,0.0,3.125,0.0,2.5,5.0,0.0,0.0,2.5,0.0,0.0,0.0,0.0,0.0,0.0,5.0
318,7,0.0,5.0,0.0,5.0,0.0,0.0,0.0,0.0,0.0,0.0,0.0,3.75,0.0,0.0,2.5,0.0,3.125,4.375,0.0,0.0,5.0,3.75,3.75,5.0,0.0,3.75,0.0,0.0,3.75,0.0,1.25,3.75,0.0,3.75,2.5,0.0,0.0,0.0,0.0,1.25,0.0,0.0,5.0,1.25,1.25,0.0,5.0,1.25,5.0,5.0,0.0,0.0,0.0,1.25,0.0,3.125,0.0,2.5,5.0,0.0,0.0,2.5,0.0,0.0,0.0,0.0,0.0,0.0,5.0
318,8,0.0,5.0,0.0,5.0,0.0,0.0,0.0,0.0,0.0,0.0,0.0,3.75,0.0,0.0,2.5,0.0,2.5,3.75,0.0,0.0,5.0,2.5,3.125,5.0,0.0,3.75,0.0,0.0,3.75,0.0,1.25,4.375,0.0,3.75,2.5,0.0,0.0,0.0,0.0,1.25,0.0,0.0,4.375,1.25,1.25,0.0,5.0,1.25,5.0,5.0,0.0,0.0,0.0,1.25,0.0,2.5,0.0,2.5,5.0,0.0,0.0,2.5,0.0,0.0,0.0,0.0,0.0,0.0,5.0
319,6,0.0,5.0,0.0,5.0,0.0,0.0,0.0,0.0,0.0,0.0,0.0,5.0,0.0,0.0,2.5,0.0,2.5,4.375,0.0,0.0,5.0,2.5,3.75,5.0,0.0,5.0,0.0,0.0,3.75,0.0,1.25,5.0,0.0,5.0,2.5,0.0,0.0,0.625,0.0,0.0,0.0,0.0,5.0,2.5,1.25,0.0,5.0,2.5,5.0,5.0,0.0,0.0,0.0,0.0,0.0,3.125,0.0,2.5,5.0,0.0,0.0,2.5,0.0,0.0,0.0,0.0,0.0,0.0,5.0
319,7,0.0,5.0,0.0,3.75,0.0,0.0,0.0,0.0,0.0,0.0,0.0,5.0,0.0,0.0,2.5,0.0,2.5,4.375,0.0,0.0,5.0,2.5,3.75,5.0,0.0,5.0,0.0,0.0,3.75,0.0,1.25,5.0,0.0,5.0,2.5,0.0,0.0,1.25,0.0,0.0,0.0,0.0,5.0,2.5,1.25,0.0,5.0,2.5,5.0,5.0,0.0,0.0,0.0,0.0,0.0,3.125,0.0,2.5,5.0,0.0,0.0,2.5,0.0,0.0,0.0,0.0,0.0,0.0,5.0
319,8,0.0,5.0,0.0,3.75,0.0,0.0,0.0,0.0,0.0,0.0,0.0,5.0,0.0,0.0,2.5,0.0,2.5,3.75,0.0,0.0,5.0,2.5,3.75,5.0,0.0,5.0,0.0,0.0,3.75,0.0,2.5,5.0,0.0,5.0,2.5,0.0,0.0,0.625,0.0,0.0,0.0,0.0,5.0,2.5,1.25,0.0,5.0,2.5,5.0,5.0,0.0,0.0,0.0,0.0,0.0,2.5,0.0,2.5,5.0,0.0,0.0,2.5,0.0,0.0,0.0,0.0,0.0,0.0,5.0
320,6,0.0,5.0,0.0,3.75,0.0,0.0,0.0,1.25,0.0,0.0,0.0,5.0,0.0,0.0,2.5,0.0,1.875,4.375,0.0,0.0,5.0,1.25,3.75,5.0,0.0,5.0,0.0,0.0,2.5,0.0,3.75,5.0,1.25,5.0,2.5,0.0,0.0,2.5,0.0,0.0,0.0,0.0,5.0,3.75,1.25,0.0,5.0,2.5,2.5,4.375,0.0,1.25,0.0,0.0,0.0,2.5,0.0,2.5,3.75,0.0,0.0,2.5,0.0,1.25,0.0,0.0,0.0,2.5,5.0
320,7,0.0,5.0,0.0,2.5,0.0,0.0,0.0,1.25,0.0,0.0,0.0,5.0,0.0,0.0,2.5,0.0,1.25,3.75,0.0,0.0,5.0,1.25,3.75,5.0,0.0,5.0,0.0,0.0,2.5,0.0,3.75,5.0,1.25,5.0,2.5,0.0,0.0,2.5,0.0,0.0,0.0,0.0,5.0,3.75,1.25,0.0,5.0,2.5,3.75,4.375,0.0,1.25,0.0,0.0,0.0,2.5,0.0,2.5,3.75,0.0,0.0,2.5,0.0,1.25,0.0,0.0,0.0,1.25,5.0
320,8,0.0,5.0,0.0,2.5,0.0,0.0,0.0,1.25,0.0,0.0,0.0,5.0,0.0,0.0,2.5,0.0,1.25,3.75,0.0,0.0,5.0,1.25,3.75,3.75,0.0,5.0,0.0,0.0,2.5,0.0,3.75,5.0,1.25,5.0,2.5,0.0,0.0,2.5,0.0,0.0,0.0,0.0,5.0,3.125,1.25,0.0,5.0,2.5,3.75,3.75,0.0,1.25,0.625,0.0,0.0,2.5,0.0,2.5,3.75,0.0,0.0,2.5,0.0,1.25,0.0,0.0,0.0,1.25,5.0
321,6,0.0,3.75,0.0,1.25,0.0,0.0,0.0,2.5,0.0,0.0,0.0,5.0,0.0,0.0,3.75,0.0,1.25,5.0,0.0,0.0,5.0,1.25,3.75,4.375,0.0,5.0,1.25,0.0,2.5,0.0,5.0,5.0,2.5,5.0,2.5,0.0,0.0,3.75,0.0,0.0,0.0,0.0,5.0,3.75,1.25,0.0,5.0,3.125,1.875,3.75,0.0,2.5,1.25,0.0,0.0,2.5,0.0,2.5,3.75,0.0,0.0,3.125,0.0,2.5,0.0,1.25,2.5,3.75,5.0
321,7,0.0,3.75,0.0,1.25,0.0,0.0,0.0,1.875,0.0,0.0,0.0,5.0,0.0,0.0,3.75,0.0,1.25,4.375,0.0,0.0,5.0,1.25,3.75,3.75,0.0,5.0,1.25,0.0,2.5,0.0,5.0,5.0,2.5,5.0,2.5,0.0,0.0,3.75,0.0,0.0,0.0,0.0,5.0,3.75,1.25,0.0,5.0,3.125,1.25,3.75,0.0,2.5,1.875,0.0,0.0,2.5,0.0,2.5,3.75,0.0,0.0,2.5,0.0,2.5,0.0,1.25,2.5,3.75,5.0
321,8,0.0,3.75,0.0,1.875,0.0,0.0,0.0,1.25,0.0,0.0,0.0,5.0,0.0,0.0,2.5,0.0,1.25,3.75,0.0,0.0,3.75,1.25,3.75,3.75,0.0,5.0,1.25,0.0,2.5,0.0,5.0,5.0,1.25,5.0,2.5,0.0,0.0,3.75,0.0,0.0,0.0,0.0,5.0,3.75,1.25,0.0,5.0,2.5,1.875,3.75,0.0,2.5,1.875,0.0,0.0,2.5,0.0,2.5,3.75,0.0,0.0,2.5,0.0,2.5,0.0,1.25,2.5,3.75,5.0
322,6,0.0,2.5,0.0,0.625,0.0,0.0,0.0,3.75,0.0,0.0,0.0,3.75,0.0,0.0,3.75,0.0,1.875,5.0,0.0,0.0,3.75,1.25,3.125,2.5,0.0,5.0,2.5,0.0,2.5,0.0,5.0,5.0,2.5,5.0,1.25,0.0,0.0,5.0,0.0,1.875,0.0,0.0,5.0,3.75,2.5,0.0,5.0,2.5,0.0,2.5,0.0,3.75,3.75,1.25,0.0,2.5,0.0,2.5,2.5,0.0,0.0,3.125,0.0,3.75,1.25,3.75,3.75,5.0,5.0
322,7,0.0,2.5,0.0,0.0,0.0,0.0,0.0,3.75,0.0,0.0,0.0,3.75,0.0,0.0,3.75,0.0,1.875,5.0,0.0,0.0,3.75,1.25,3.125,2.5,0.0,5.0,2.5,0.0,2.5,0.0,5.0,5.0,3.75,5.0,1.25,0.0,0.0,5.0,0.0,1.25,0.0,0.0,5.0,3.75,2.5,0.0,5.0,2.5,0.625,2.5,0.0,2.5,2.5,1.25,0.0,2.5,0.0,2.5,2.5,0.0,0.0,3.125,0.0,3.75,1.25,3.75,5.0,5.0,5.0
322,8,0.0,1.25,0.0,0.625,0.0,0.0,0.0,2.5,0.0,0.0,0.0,3.75,0.0,0.0,3.75,0.0,1.25,5.0,0.0,0.0,3.75,1.25,2.5,2.5,0.0,5.0,1.25,0.0,2.5,0.0,5.0,5.0,2.5,5.0,1.25,0.0,0.0,5.0,0.0,1.25,0.0,0.0,5.0,3.75,1.25,0.0,5.0,2.5,0.0,2.5,0.0,2.5,3.125,1.25,0.0,1.875,0.0,2.5,2.5,0.0,0.0,2.5,0.0,2.5,1.25,3.75,5.0,5.0,5.0
323,6,0.0,1.25,0.0,0.0,0.0,0.0,0.0,4.375,0.0,0.0,0.0,3.125,0.0,0.0,5.0,0.0,2.5,5.0,0.0,0.0,3.75,2.5,2.5,1.25,0.0,4.375,2.5,0.0,2.5,0.0,5.0,5.0,3.75,5.0,1.25,0.0,0.0,5.0,0.0,3.75,0.0,0.0,5.0,3.125,2.5,0.0,4.375,2.5,0.0,2.5,0.0,5.0,5.0,3.125,0.0,1.25,0.0,2.5,2.5,0.0,0.0,3.75,0.0,3.75,2.5,5.0,5.0,5.0,5.0
323,7,0.0,0.0,0.0,0.0,0.0,0.0,0.0,3.75,0.0,0.0,0.0,2.5,0.0,0.0,5.0,0.0,2.5,5.0,0.0,0.0,3.75,2.5,2.5,1.25,0.0,4.375,2.5,0.0,2.5,0.0,5.0,5.0,3.75,5.0,1.25,0.0,0.0,5.0,0.0,3.75,0.0,0.0,5.0,2.5,2.5,0.0,4.375,2.5,0.0,2.5,0.0,3.75,4.375,2.5,0.0,1.25,0.0,2.5,2.5,0.0,0.0,3.75,0.0,5.0,2.5,5.0,5.0,5.0,5.0
323,8,0.0,1.25,0.0,0.0,0.0,0.0,0.0,3.75,0.0,0.0,0.0,2.5,0.0,0.625,5.0,0.0,2.5,5.0,0.0,0.0,3.75,2.5,2.5,1.25,0.0,3.75,2.5,0.0,1.875,0.0,5.0,5.0,3.75,5.0,1.25,0.0,0.0,5.0,0.0,3.75,0.0,0.0,4.375,2.5,2.5,0.0,4.375,2.5,0.0,2.5,0.0,3.75,4.375,2.5,0.0,1.25,0.0,2.5,2.5,0.0,0.0,3.125,0.0,3.75,2.5,5.0,5.0,5.0,5.0
324,6,0.0,0.0,0.0,0.0,0.0,0.0,0.0,5.0,0.0,0.0,0.0,1.875,0.0,1.25,5.0,0.0,2.5,5.0,0.0,0.0,3.75,2.5,2.5,0.0,0.0,3.75,3.75,0.0,2.5,0.0,5.0,5.0,5.0,5.0,0.0,0.0,0.0,5.0,0.0,5.0,0.0,0.0,3.75,2.5,3.75,0.0,3.75,2.5,0.0,2.5,0.0,5.0,5.0,4.375,0.0,1.25,0.0,2.5,2.5,0.0,0.0,3.75,0.0,5.0,3.75,5.0,5.0,5.0,5.0
324,7,0.0,0.0,0.0,0.0,0.0,0.0,0.0,5.0,0.0,0.0,0.0,1.875,0.0,1.25,5.0,0.0,2.5,5.0,0.0,0.0,3.75,2.5,2.5,0.0,0.0,3.75,3.75,0.0,2.5,0.0,5.0,5.0,5.0,5.0,0.0,0.0,0.0,5.0,0.0,5.0,0.0,0.0,3.75,2.5,3.125,0.0,3.75,2.5,0.0,2.5,0.0,5.0,5.0,4.375,0.0,1.25,0.0,2.5,2.5,0.0,0.0,3.75,0.0,5.0,3.75,5.0,5.0,5.0,5.0
324,8,0.0,0.0,0.0,0.0,0.0,0.0,0.0,3.75,0.0,0.0,0.0,1.25,0.0,1.25,5.0,0.0,2.5,5.0,0.0,0.0,3.75,2.5,2.5,0.0,0.0,3.75,3.75,0.0,2.5,0.0,5.0,5.0,5.0,5.0,0.0,0.0,0.0,5.0,0.0,5.0,0.0,0.0,3.75,2.5,3.125,0.0,3.75,2.5,0.0,2.5,0.0,3.75,5.0,3.75,0.0,1.25,0.0,2.5,2.5,0.0,0.0,3.125,0.0,5.0,3.75,5.0,5.0,5.0,5.0
325,6,0.0,0.0,0.0,0.0,0.0,0.0,0.0,3.75,0.0,0.0,0.0,1.25,0.0,3.75,5.0,0.0,1.25,5.0,0.0,0.0,3.75,2.5,2.5,0.0,0.0,3.75,5.0,0.0,2.5,0.0,5.0,5.0,5.0,5.0,0.0,0.0,0.0,5.0,1.25,5.0,0.0,0.0,3.125,2.5,3.75,0.0,3.75,2.5,0.0,2.5,0.0,5.0,5.0,5.0,0.0,1.25,0.0,2.5,2.5,0.0,0.0,3.75,0.0,5.0,5.0,5.0,5.0,5.0,5.0
325,7,0.0,0.0,0.0,0.0,0.0,0.0,0.0,3.75,0.0,0.0,0.0,0.0,0.0,2.5,5.0,0.0,1.25,5.0,0.0,0.0,3.75,2.5,2.5,0.0,0.0,3.75,5.0,0.0,2.5,0.0,5.0,5.0,5.0,5.0,0.0,0.0,0.0,5.0,1.25,5.0,0.0,0.0,3.125,2.5,3.75,0.0,3.125,2.5,0.0,2.5,0.0,5.0,5.0,5.0,0.0,1.25,0.0,2.5,2.5,0.0,0.0,3.75,0.0,5.0,5.0,5.0,5.0,5.0,5.0
325,8,0.0,0.0,0.0,0.0,0.0,0.0,0.0,3.75,0.0,0.0,0.0,0.0,0.0,2.5,5.0,0.0,1.25,5.0,0.0,0.0,3.75,2.5,2.5,0.0,0.0,3.75,3.75,0.0,2.5,0.0,5.0,5.0,5.0,5.0,0.0,0.0,0.0,5.0,1.25,5.0,0.0,0.0,2.5,1.25,3.125,0.0,3.125,1.875,0.0,2.5,0.0,3.75,5.0,5.0,0.0,1.25,0.0,2.5,2.5,0.0,0.0,3.75,0.0,5.0,5.0,5.0,5.0,5.0,5.0
326,6,0.0,0.0,0.0,0.0,0.0,0.0,0.0,3.75,0.0,0.0,0.0,0.0,0.0,5.0,5.0,0.0,1.25,5.0,0.0,0.0,3.75,3.125,2.5,0.0,0.0,3.75,5.0,0.0,3.75,1.25,5.0,3.75,5.0,5.0,0.0,0.0,0.0,5.0,2.5,5.0,0.0,0.0,2.5,2.5,3.125,0.0,3.75,2.5,0.0,3.75,0.0,3.75,5.0,5.0,0.0,1.25,0.0,2.5,2.5,0.0,0.0,3.75,0.0,3.75,5.0,5.0,5.0,5.0,5.0
326,7,0.0,0.0,0.0,0.0,0.0,0.0,0.0,3.75,0.0,0.0,0.0,0.0,0.0,5.0,5.0,0.0,1.25,5.0,0.0,0.0,3.75,2.5,2.5,0.0,0.0,3.125,5.0,0.0,3.75,1.25,5.0,3.75,5.0,5.0,0.0,0.0,0.0,3.75,2.5,5.0,0.0,0.0,1.875,1.25,3.125,0.0,3.75,2.5,0.0,3.75,0.0,3.75,5.0,5.0,0.0,1.25,0.0,2.5,2.5,0.0,0.0,3.75,0.0,5.0,5.0,5.0,5.0,5.0,5.0
326,8,0.0,0.0,0.0,0.0,0.0,0.0,0.0,2.5,0.0,0.0,0.0,0.0,0.0,3.75,5.0,0.0,1.25,5.0,0.0,0.0,3.75,2.5,2.5,0.0,0.0,3.125,5.0,0.0,3.75,1.25,5.0,3.75,5.0,5.0,0.0,0.0,0.0,4.375,2.5,5.0,0.0,0.0,1.875,1.25,2.5,0.0,3.125,2.5,0.0,3.125,0.0,2.5,5.0,5.0,0.0,1.25,0.0,2.5,2.5,0.0,0.0,3.75,0.0,5.0,5.0,5.0,5.0,5.0,5.0
327,6,0.0,0.0,0.0,0.0,0.0,0.0,0.0,2.5,0.0,0.0,0.0,0.0,0.0,5.0,5.0,0.0,0.0,5.0,0.0,0.0,3.75,2.5,3.75,0.0,0.0,3.75,5.0,0.0,3.75,2.5,5.0,2.5,5.0,5.0,1.25,0.0,0.0,3.75,3.75,5.0,0.0,0.0,1.25,2.5,2.5,0.0,5.0,2.5,0.0,3.75,0.0,2.5,5.0,5.0,0.0,1.25,0.0,2.5,2.5,0.0,0.0,3.75,0.0,3.75,5.0,5.0,5.0,5.0,5.0
327,7,0.0,0.0,0.0,0.0,0.0,0.0,0.0,1.25,0.0,0.0,0.0,0.0,0.0,5.0,5.0,0.0,0.0,5.0,0.0,0.0,3.75,2.5,2.5,0.0,0.0,3.75,5.0,0.0,3.75,2.5,4.375,2.5,5.0,5.0,1.25,0.0,0.0,3.75,3.75,5.0,0.0,0.0,1.25,1.875,2.5,0.0,4.375,2.5,0.0,3.75,0.0,2.5,5.0,5.0,0.0,1.25,0.0,2.5,2.5,0.0,0.0,3.75,0.0,3.75,5.0,5.0,5.0,5.0,5.0
327,8,0.0,0.0,0.0,0.0,0.0,0.0,0.0,1.25,0.0,0.0,0.0,0.0,0.0,3.75,5.0,0.0,0.0,5.0,0.0,0.0,3.75,2.5,2.5,0.0,0.0,3.75,5.0,0.0,3.75,1.25,4.375,2.5,5.0,5.0,1.25,0.0,0.0,3.75,3.75,5.0,0.0,0.0,1.25,1.25,2.5,0.0,3.75,2.5,0.0,3.75,0.0,2.5,5.0,5.0,0.0,1.25,0.0,1.875,2.5,0.0,0.0,3.75,0.0,3.75,5.0,5.0,5.0,5.0,5.0
328,6,0.0,0.0,0.0,0.0,0.0,0.0,0.0,1.25,0.0,0.0,0.0,0.0,0.0,5.0,5.0,0.0,0.0,5.0,0.0,0.0,3.75,2.5,3.75,0.0,0.0,4.375,5.0,0.0,5.0,3.125,3.75,2.5,5.0,5.0,1.875,0.0,0.0,3.125,5.0,5.0,0.0,0.0,0.0,3.75,3.125,0.0,5.0,2.5,0.0,3.75,0.0,1.25,5.0,5.0,0.0,2.5,0.0,1.25,4.375,0.0,0.0,3.75,0.0,2.5,5.0,5.0,5.0,5.0,5.0
328,7,0.0,0.0,0.0,0.0,0.0,0.0,0.0,1.25,0.0,0.0,0.0,0.0,0.0,5.0,5.0,0.0,0.0,5.0,0.0,0.0,3.75,2.5,3.75,0.0,0.0,4.375,5.0,0.0,4.375,3.125,3.75,2.5,5.0,5.0,1.875,0.0,0.0,2.5,5.0,5.0,0.0,0.0,0.0,2.5,2.5,0.0,5.0,2.5,0.0,3.75,0.0,1.25,5.0,5.0,0.0,2.5,0.0,1.25,3.75,0.0,0.0,3.75,0.0,2.5,5.0,5.0,5.0,5.0,5.0
328,8,0.0,0.0,0.0,0.0,0.0,0.0,0.0,1.25,0.0,0.0,0.0,0.0,0.0,5.0,5.0,0.0,0.0,4.375,0.0,0.0,3.75,2.5,3.75,0.0,0.0,4.375,5.0,0.0,4.375,2.5,3.75,1.25,5.0,5.0,1.25,0.0,0.0,2.5,5.0,5.0,0.0,0.0,0.0,2.5,2.5,0.0,5.0,2.5,0.0,3.75,0.0,1.25,5.0,5.0,0.0,2.5,0.0,1.25,3.75,0.0,0.0,3.75,0.0,2.5,5.0,5.0,5.0,5.0,5.0
329,6,0.0,0.0,0.0,0.0,0.0,0.0,0.0,0.0,0.0,0.0,0.0,0.0,0.0,5.0,5.0,0.0,0.625,5.0,0.0,0.0,3.75,1.25,5.0,0.0,0.0,5.0,5.0,0.0,5.0,3.75,3.75,1.25,5.0,5.0,2.5,0.0,0.0,2.5,5.0,5.0,0.0,0.0,0.0,3.75,3.75,0.0,5.0,2.5,0.0,3.75,0.0,0.0,3.75,5.0,0.0,3.75,0.0,1.25,5.0,0.0,0.0,3.75,0.0,1.25,5.0,5.0,5.0,5.0,5.0
329,7,0.0,0.0,0.0,0.0,0.0,0.0,0.0,0.0,0.0,0.0,0.0,0.0,0.0,5.0,5.0,0.0,0.0,3.75,0.0,0.0,3.75,1.25,5.0,0.0,0.0,5.0,5.0,0.0,5.0,3.75,3.125,1.25,5.0,5.0,2.5,0.0,0.0,2.5,5.0,5.0,0.0,0.0,0.0,3.75,3.75,0.0,5.0,2.5,0.0,3.75,0.0,0.0,3.75,5.0,0.0,3.75,0.0,1.25,5.0,0.0,0.0,3.75,0.0,1.25,5.0,5.0,5.0,5.0,4.375
329,8,0.0,0.0,0.0,0.0,0.0,0.0,0.0,0.0,0.0,0.0,0.0,0.0,0.0,3.75,3.75,0.0,0.0,3.75,0.0,0.0,3.75,1.25,5.0,0.0,0.0,5.0,5.0,0.0,5.0,3.75,2.5,1.25,5.0,3.75,2.5,0.0,0.0,2.5,5.0,5.0,0.0,0.0,0.0,2.5,3.75,0.0,5.0,2.5,0.0,3.75,0.0,0.0,3.75,5.0,0.0,3.75,0.0,1.25,5.0,0.0,0.0,3.75,0.0,1.25,5.0,5.0,5.0,5.0,3.75
330,6,0.0,0.0,0.0,0.0,0.0,0.0,0.0,0.0,0.0,0.0,0.0,0.0,0.0,4.375,3.75,0.0,1.25,3.75,0.0,0.0,3.125,0.0,5.0,0.0,0.0,5.0,5.0,0.0,5.0,3.75,2.5,1.25,5.0,3.75,3.75,0.0,0.0,2.5,5.0,5.0,0.0,0.0,0.0,5.0,4.375,0.0,5.0,2.5,0.0,3.75,0.0,0.0,2.5,5.0,0.0,5.0,0.0,1.25,5.0,0.0,0.0,2.5,0.0,0.0,5.0,5.0,5.0,5.0,4.375
330,7,0.0,0.0,0.0,0.0,0.0,0.0,0.0,0.0,0.0,0.0,0.0,0.0,0.0,3.75,3.75,0.0,1.25,3.75,0.0,0.0,3.125,0.625,5.0,0.0,0.0,5.0,5.0,0.0,5.0,3.75,2.5,1.25,5.0,3.75,3.75,0.0,0.0,2.5,5.0,5.0,0.0,0.0,0.0,4.375,4.375,0.0,5.0,2.5,0.0,3.75,0.0,0.0,2.5,5.0,0.0,5.0,0.0,1.25,5.0,0.0,0.0,2.5,0.0,0.0,5.0,5.0,5.0,5.0,3.75
330,8,0.0,0.0,0.0,0.0,0.0,0.0,0.0,0.0,0.0,0.0,0.0,0.0,0.0,3.75,3.75,0.0,1.25,3.75,0.0,0.0,2.5,0.0,5.0,0.0,0.0,5.0,5.0,0.0,4.375,3.75,1.875,1.25,5.0,3.75,3.75,0.0,0.0,2.5,5.0,5.0,0.0,0.0,0.0,3.75,4.375,0.0,5.0,2.5,0.0,3.75,0.0,0.0,2.5,5.0,0.0,5.0,0.0,1.25,5.0,0.0,0.0,2.5,0.0,0.0,5.0,5.0,5.0,5.0,3.75
331,6,0.0,0.0,0.0,0.0,0.0,0.0,0.0,0.0,0.0,0.0,0.0,0.0,0.0,2.5,3.75,0.0,2.5,5.0,0.0,0.0,2.5,0.0,5.0,0.0,0.0,5.0,5.0,0.0,4.375,3.75,1.25,1.25,5.0,3.75,5.0,0.0,0.0,3.75,5.0,5.0,0.0,0.0,0.0,5.0,5.0,0.0,5.0,2.5,0.0,3.75,0.0,0.0,0.0,5.0,0.0,5.0,0.0,2.5,5.0,0.0,0.0,2.5,0.0,0.0,5.0,5.0,5.0,5.0,4.375
331,7,0.0,0.0,0.0,0.0,0.0,0.0,0.0,0.0,0.0,0.0,0.0,0.0,0.0,2.5,3.125,0.0,2.5,5.0,0.0,0.0,2.5,0.0,5.0,0.0,0.0,5.0,5.0,0.0,3.75,3.75,1.25,1.25,5.0,3.75,5.0,0.0,0.0,3.125,5.0,5.0,0.0,0.0,0.0,3.75,5.0,0.0,5.0,2.5,0.0,3.75,0.0,0.0,0.0,5.0,0.0,5.0,0.0,2.5,5.0,0.0,0.0,2.5,0.0,0.0,5.0,4.375,5.0,5.0,3.75
331,8,0.0,0.0,0.0,0.0,0.0,0.0,0.0,0.0,0.0,0.0,0.0,0.0,0.0,2.5,2.5,0.0,1.25,5.0,0.0,0.0,2.5,0.0,5.0,0.0,0.0,5.0,3.75,0.0,3.75,3.125,1.25,1.25,5.0,3.75,4.375,0.0,0.0,2.5,5.0,5.0,0.0,0.0,0.0,3.75,5.0,0.0,5.0,2.5,0.0,3.125,0.0,0.0,1.25,5.0,0.0,5.0,0.0,2.5,5.0,0.0,0.0,2.5,0.0,0.0,5.0,4.375,5.0,5.0,3.75
332,6,0.0,0.0,0.0,0.0,0.0,1.25,0.0,0.0,0.0,0.0,0.0,1.25,0.0,1.25,2.5,0.0,2.5,5.0,0.0,0.0,1.875,0.0,5.0,0.0,0.0,5.0,5.0,0.0,3.75,2.5,1.25,1.25,5.0,3.75,5.0,0.0,0.0,3.75,5.0,5.0,0.0,0.0,1.25,5.0,5.0,0.0,5.0,2.5,0.0,2.5,0.0,0.0,0.0,5.0,0.0,5.0,0.0,2.5,5.0,0.0,0.0,2.5,0.0,0.0,3.75,3.75,3.75,5.0,4.375
332,7,0.0,0.0,0.0,0.0,0.0,1.25,0.0,0.0,0.0,0.0,0.0,1.25,0.0,1.25,2.5,0.0,2.5,5.0,0.0,0.0,1.875,0.0,5.0,0.0,0.0,5.0,3.75,0.0,3.75,2.5,1.25,1.25,5.0,3.75,5.0,0.0,0.0,3.75,5.0,5.0,0.0,0.0,1.25,3.75,5.0,0.0,5.0,2.5,0.0,2.5,0.0,0.0,0.0,3.75,0.0,5.0,0.0,2.5,5.0,0.0,0.0,2.5,0.0,0.0,3.75,3.75,3.75,5.0,3.75
332,8,0.0,0.0,0.0,0.0,0.0,1.25,0.0,0.0,0.0,0.0,0.0,1.25,0.0,1.25,2.5,0.0,2.5,5.0,0.0,0.0,1.875,0.0,5.0,0.0,0.0,5.0,3.75,0.0,3.75,1.875,0.0,1.25,5.0,3.75,5.0,0.0,0.0,3.125,5.0,4.375,0.0,0.0,0.0,3.75,5.0,0.0,5.0,2.5,0.0,2.5,0.0,0.0,0.0,3.75,0.0,5.0,0.0,2.5,5.0,0.0,0.0,2.5,0.0,0.0,3.75,3.75,3.75,5.0,3.75
333,6,0.0,0.0,0.0,0.0,0.0,2.5,0.0,0.0,0.0,0.0,0.0,1.875,0.0,0.0,1.25,0.0,3.75,5.0,0.0,0.0,1.25,1.25,5.0,0.0,0.0,5.0,3.75,0.0,3.75,1.25,0.0,1.25,5.0,3.75,5.0,0.0,0.0,2.5,5.0,3.75,0.0,0.0,1.875,3.75,5.0,0.0,5.0,3.75,0.0,2.5,0.0,0.0,0.0,2.5,0.0,5.0,0.0,3.75,5.0,0.0,0.0,2.5,0.0,0.0,3.75,3.125,3.75,5.0,4.375
333,7,0.0,0.0,0.0,0.0,0.0,2.5,0.0,0.0,0.0,0.0,0.0,2.5,0.0,0.0,1.25,0.0,3.75,5.0,0.0,0.0,1.25,1.25,5.0,0.0,0.0,5.0,2.5,0.0,3.125,1.25,0.0,1.25,5.0,3.75,5.0,0.0,0.0,2.5,5.0,3.75,0.0,0.0,1.875,2.5,5.0,0.0,5.0,3.75,0.0,2.5,0.0,0.0,0.0,2.5,0.0,5.0,0.0,3.75,5.0,0.0,0.0,1.875,0.0,0.0,2.5,2.5,3.75,5.0,4.375
333,8,0.0,0.0,0.0,0.0,0.0,2.5,0.0,0.0,0.0,0.0,0.0,2.5,0.0,0.0,1.25,0.0,3.125,5.0,0.0,0.0,1.25,1.25,5.0,0.0,0.0,5.0,2.5,0.0,3.125,1.25,0.0,1.25,5.0,3.75,5.0,0.0,0.0,2.5,5.0,3.75,0.0,0.0,1.25,2.5,5.0,0.0,5.0,3.75,0.0,2.5,0.0,0.0,0.0,2.5,0.0,5.0,0.0,3.75,5.0,0.0,0.0,1.875,0.0,0.0,2.5,2.5,3.125,5.0,3.75
334,6,0.0,0.0,0.0,0.0,0.0,3.75,0.0,0.0,0.0,0.0,0.0,3.75,0.0,0.0,0.625,0.0,3.75,5.0,1.25,0.0,1.25,2.5,5.0,0.0,0.0,5.0,2.5,0.0,2.5,1.25,0.625,1.25,5.0,3.75,5.0,0.0,0.0,2.5,5.0,2.5,0.0,0.0,2.5,2.5,5.0,0.0,3.75,3.75,0.0,2.5,0.0,0.0,0.0,2.5,0.0,5.0,0.0,3.75,5.0,0.0,0.0,1.25,0.0,0.0,3.75,3.125,2.5,5.0,5.0
334,7,0.0,0.0,0.0,0.0,0.0,3.125,0.0,0.0,0.0,0.0,0.0,2.5,0.0,0.0,0.0,0.0,3.75,5.0,1.25,0.0,1.25,2.5,5.0,0.0,0.0,5.0,2.5,0.0,2.5,0.0,0.0,1.25,5.0,3.75,5.0,0.0,0.0,2.5,4.375,2.5,0.0,0.0,2.5,1.25,5.0,0.0,3.75,3.75,0.0,2.5,0.0,0.0,0.0,1.25,0.0,5.0,0.0,3.75,5.0,0.0,0.0,1.25,0.0,0.0,2.5,2.5,2.5,5.0,5.0
334,8,0.0,0.0,0.0,0.0,0.0,3.125,0.0,0.0,0.0,0.0,0.0,3.125,0.0,0.0,0.0,0.0,3.75,5.0,1.25,0.0,1.25,2.5,5.0,0.0,0.0,5.0,2.5,0.0,2.5,0.0,0.0,1.25,4.375,3.75,5.0,0.0,0.0,2.5,3.75,2.5,0.0,0.0,2.5,1.25,5.0,0.0,3.75,3.75,0.0,2.5,0.0,0.0,0.0,1.25,0.0,5.0,0.0,3.75,5.0,0.0,0.0,1.25,0.0,0.0,2.5,2.5,2.5,5.0,4.375
335,6,0.0,0.0,0.0,0.0,0.0,5.0,0.0,0.0,0.0,0.0,0.0,5.0,0.0,0.0,0.0,0.0,3.75,5.0,2.5,0.0,1.875,3.75,5.0,0.0,0.0,5.0,2.5,0.0,2.5,0.0,1.25,1.875,5.0,5.0,5.0,0.0,0.0,1.25,3.75,1.875,0.0,0.0,3.75,1.25,5.0,0.0,2.5,5.0,0.0,2.5,0.0,0.0,0.0,1.25,0.0,5.0,0.0,5.0,5.0,0.0,0.0,1.875,0.0,0.0,3.75,3.75,2.5,5.0,5.0
335,7,0.0,0.0,0.0,0.0,0.0,3.75,0.0,0.0,0.0,0.0,0.0,3.75,0.0,0.0,0.0,0.0,3.75,5.0,2.5,0.0,1.875,3.125,5.0,0.0,0.0,5.0,1.875,0.0,2.5,0.0,1.25,1.25,3.75,5.0,5.0,0.0,0.0,1.25,2.5,1.25,0.0,0.0,3.75,0.0,5.0,0.0,2.5,5.0,0.0,2.5,0.0,0.0,0.0,1.25,0.0,5.0,0.0,5.0,5.0,0.0,0.0,1.875,0.0,0.0,3.75,3.125,2.5,5.0,5.0
335,8,0.0,0.0,0.0,0.0,0.0,3.75,0.0,0.0,0.0,0.0,0.0,3.75,0.0,0.0,0.0,0.0,3.75,5.0,2.5,0.0,1.25,3.125,5.0,0.0,0.0,5.0,1.25,0.0,2.5,0.0,0.625,1.25,3.75,4.375,5.0,0.0,0.0,1.25,2.5,1.25,0.0,0.0,3.75,0.0,5.0,0.0,2.5,5.0,0.0,2.5,0.0,0.0,0.0,1.25,0.0,5.0,0.0,4.375,5.0,0.0,0.0,1.875,0.0,0.0,2.5,2.5,2.5,5.0,4.375
336,6,0.0,0.0,0.0,0.0,0.0,5.0,0.0,0.0,0.0,0.0,0.0,5.0,0.0,0.0,0.0,0.0,3.75,5.0,5.0,0.0,2.5,5.0,3.75,0.0,0.0,5.0,2.5,0.0,2.5,0.0,1.25,2.5,3.75,5.0,5.0,0.0,1.25,0.0,2.5,1.875,0.0,0.0,4.375,0.0,5.0,0.0,1.25,5.0,0.0,2.5,0.0,0.0,0.0,1.25,0.0,5.0,0.0,5.0,5.0,0.0,0.0,2.5,0.0,0.0,3.75,3.75,3.75,5.0,4.375
336,7,0.0,0.0,0.0,0.0,0.0,5.0,0.0,0.0,0.0,0.0,0.0,5.0,0.0,0.0,0.0,0.0,3.75,5.0,3.75,0.0,2.5,5.0,3.75,0.0,0.0,4.375,2.5,0.0,2.5,0.0,1.25,2.5,3.75,5.0,5.0,0.0,1.25,0.0,2.5,1.25,0.0,0.0,4.375,0.0,5.0,0.0,1.25,5.0,0.0,2.5,0.0,0.0,0.0,1.25,0.0,5.0,0.0,5.0,5.0,0.0,0.0,2.5,0.0,0.0,3.75,3.75,3.75,5.0,4.375
336,8,0.0,0.0,0.0,0.0,0.0,4.375,0.0,0.0,0.0,0.0,0.0,3.75,0.0,0.0,0.0,0.0,3.75,5.0,3.75,0.0,2.5,3.75,3.75,0.0,0.0,4.375,1.25,0.0,2.5,0.0,1.25,1.875,3.75,5.0,5.0,0.0,1.25,0.0,2.5,1.25,0.0,0.0,3.75,0.0,5.0,0.0,1.25,5.0,0.0,2.5,0.0,0.0,0.0,1.25,0.0,5.0,0.0,5.0,5.0,0.0,0.0,2.5,0.0,0.0,2.5,3.125,3.125,5.0,3.75
337,6,0.0,0.0,0.0,0.0,0.0,5.0,0.0,0.0,0.0,0.0,0.0,5.0,0.0,0.0,0.0,0.0,3.75,5.0,5.0,0.0,3.125,5.0,3.75,0.0,0.0,3.75,2.5,0.0,2.5,0.0,2.5,2.5,3.75,5.0,5.0,0.0,2.5,0.0,1.25,2.5,0.0,0.0,5.0,0.0,5.0,0.0,0.0,5.0,0.0,3.75,0.0,0.0,1.25,1.25,0.0,5.0,0.0,5.0,5.0,0.0,0.0,2.5,0.0,0.0,4.375,3.75,3.75,5.0,3.75
337,7,0.0,0.0,0.0,0.0,0.0,4.375,0.0,0.0,0.0,0.0,0.0,3.75,0.0,0.0,0.0,0.0,3.75,5.0,3.75,0.0,2.5,5.0,3.75,0.0,0.0,3.75,2.5,0.0,2.5,0.0,2.5,2.5,3.75,5.0,5.0,0.0,2.5,0.0,1.25,2.5,0.0,0.0,5.0,0.0,5.0,0.0,0.0,5.0,0.0,3.75,0.0,0.0,1.25,1.25,0.0,5.0,0.0,5.0,5.0,0.0,0.0,2.5,0.0,0.0,3.75,3.75,3.75,5.0,3.75
337,8,0.0,0.0,0.0,0.0,0.0,3.75,0.0,0.0,0.0,0.0,0.0,3.75,0.0,0.0,0.0,0.0,3.75,4.375,3.75,0.0,2.5,5.0,2.5,0.0,0.0,3.75,2.5,0.0,2.5,0.0,2.5,2.5,3.75,5.0,5.0,0.0,2.5,0.0,1.25,1.875,0.0,0.0,5.0,0.0,5.0,0.0,0.625,5.0,0.0,3.75,0.0,0.0,1.25,1.25,0.0,5.0,0.0,5.0,5.0,0.0,0.0,2.5,0.0,0.0,3.75,3.75,3.75,5.0,3.75
338,6,0.0,0.0,0.0,0.0,0.0,3.75,0.0,0.0,0.0,0.0,0.0,5.0,0.0,0.0,0.0,0.0,5.0,3.75,5.0,0.0,3.75,5.0,2.5,0.0,0.0,2.5,3.75,0.0,3.75,0.0,3.75,2.5,3.75,4.375,5.0,0.0,3.75,0.0,1.25,2.5,0.0,0.0,5.0,0.0,3.75,0.0,0.0,5.0,0.0,3.75,0.0,0.0,1.25,1.25,0.0,5.0,0.0,5.0,5.0,0.0,0.0,3.75,0.0,1.25,5.0,3.75,3.75,5.0,3.75
338,7,0.0,0.0,0.0,0.0,0.0,2.5,0.0,0.0,0.0,0.0,0.0,3.75,0.0,0.0,0.0,0.0,5.0,3.75,5.0,0.0,3.75,5.0,2.5,0.0,0.0,2.5,3.75,0.0,3.75,0.0,3.125,2.5,3.75,4.375,5.0,0.0,3.75,0.0,1.25,2.5,0.0,0.0,5.0,0.0,3.75,0.0,0.0,5.0,0.0,3.75,0.0,0.0,1.25,1.25,0.0,5.0,0.0,5.0,5.0,0.0,0.0,3.125,0.0,1.25,5.0,3.75,3.75,5.0,3.75
338,8,0.0,0.0,0.0,0.0,0.0,2.5,0.0,0.0,0.0,0.0,0.0,3.75,0.0,0.0,0.0,0.0,3.75,3.75,3.75,0.0,3.75,5.0,2.5,0.0,0.0,2.5,3.125,0.0,3.75,0.0,2.5,2.5,3.75,3.75,5.0,0.0,3.75,0.0,1.25,2.5,0.0,0.0,5.0,0.0,3.75,0.0,0.0,5.0,0.0,3.75,0.0,0.0,1.25,1.25,0.0,5.0,0.0,5.0,5.0,0.0,0.0,3.125,0.0,1.25,3.75,3.75,3.75,5.0,3.75
339,6,0.0,0.0,0.0,0.0,0.0,2.5,0.0,0.0,0.0,0.0,0.0,5.0,0.0,0.0,0.0,0.0,5.0,2.5,5.0,0.0,5.0,5.0,1.25,0.0,0.0,1.875,3.75,0.0,5.0,0.0,3.75,3.75,5.0,3.75,5.0,0.0,5.0,0.0,1.25,3.125,0.0,0.0,5.0,0.0,2.5,0.0,1.25,5.0,0.0,5.0,0.0,0.0,2.5,1.25,0.0,5.0,0.0,5.0,5.0,0.0,0.0,3.75,0.0,1.25,5.0,5.0,5.0,5.0,3.125
339,7,0.0,0.0,0.0,0.0,0.0,2.5,0.0,0.0,0.0,0.0,0.0,3.75,0.0,0.0,0.0,0.0,5.0,2.5,3.75,0.0,4.375,5.0,1.25,0.0,0.0,1.875,3.75,0.0,4.375,0.0,3.75,3.125,5.0,3.75,5.0,0.0,5.0,0.0,1.25,3.125,0.0,0.0,5.0,0.0,2.5,0.0,1.25,5.0,0.0,5.0,0.0,0.0,2.5,1.25,0.0,5.0,0.0,5.0,5.0,0.0,0.0,3.75,0.0,1.875,5.0,5.0,5.0,5.0,3.125
339,8,0.0,0.0,0.0,0.0,0.0,2.5,0.0,0.0,0.0,0.0,0.0,3.75,0.0,0.0,0.0,0.0,5.0,2.5,3.75,0.0,3.75,5.0,1.25,0.0,0.0,1.25,3.75,0.0,3.75,0.0,3.75,3.125,4.375,3.75,5.0,0.0,5.0,0.0,1.25,2.5,0.0,0.0,5.0,0.0,2.5,0.0,1.25,5.0,0.0,5.0,0.0,0.0,2.5,1.25,0.0,5.0,0.0,5.0,5.0,0.0,0.0,3.75,0.0,2.5,3.75,5.0,4.375,5.0,2.5
340,6,0.0,0.0,0.0,0.0,0.0,1.25,0.0,0.0,0.0,0.0,0.0,5.0,0.0,0.0,0.0,0.0,5.0,1.25,3.75,0.0,5.0,5.0,1.25,0.0,0.0,1.25,3.75,0.0,5.0,1.25,3.75,3.75,5.0,3.75,5.0,0.0,5.0,1.25,2.5,3.75,0.0,0.0,5.0,0.0,1.25,0.0,2.5,5.0,0.0,5.0,0.0,0.0,3.75,1.25,0.0,5.0,0.0,5.0,3.75,0.0,0.0,3.75,0.0,3.75,5.0,5.0,5.0,5.0,2.5
340,7,0.0,0.0,0.0,0.0,0.0,1.25,0.0,0.0,0.0,0.0,0.0,3.75,0.0,0.0,0.0,0.0,5.0,1.25,2.5,0.0,5.0,5.0,1.25,0.0,0.0,1.25,3.75,0.0,5.0,1.25,3.125,3.75,5.0,3.125,5.0,0.0,5.0,1.25,2.5,3.75,0.0,0.0,5.0,0.0,1.25,0.0,1.875,5.0,0.0,5.0,0.0,0.0,3.75,1.25,0.0,5.0,0.0,5.0,3.75,0.0,0.0,3.75,0.0,2.5,5.0,5.0,5.0,5.0,2.5
340,8,0.0,0.0,0.0,0.0,0.0,1.25,0.0,0.0,0.0,0.0,0.0,3.75,0.0,0.0,0.0,0.0,5.0,1.25,2.5,0.0,5.0,4.375,1.25,0.0,0.0,1.25,3.75,0.0,5.0,0.0,3.125,3.75,5.0,3.125,5.0,0.0,5.0,1.25,2.5,3.75,0.0,0.0,5.0,0.0,1.25,0.0,1.875,5.0,0.0,5.0,0.0,0.0,3.75,1.25,0.0,5.0,0.0,5.0,3.75,0.0,0.0,3.75,0.0,2.5,5.0,5.0,5.0,4.375,2.5
341,6,0.0,0.0,0.0,0.0,0.0,0.0,0.0,0.0,0.0,0.0,0.0,5.0,0.0,0.0,0.0,0.0,5.0,0.625,1.25,0.0,5.0,3.75,1.25,0.0,0.0,1.875,2.5,0.0,5.0,1.25,2.5,3.75,5.0,2.5,5.0,0.0,5.0,1.25,2.5,3.75,0.0,0.0,5.0,0.0,0.0,0.0,2.5,5.0,0.0,5.0,0.0,0.0,3.75,1.25,0.0,5.0,0.0,5.0,3.75,0.0,0.0,5.0,0.0,3.75,5.0,5.0,5.0,3.75,2.5
341,7,0.0,0.0,0.0,0.0,0.0,0.0,0.0,0.0,0.0,0.0,0.0,5.0,0.0,0.0,0.0,0.0,5.0,0.625,1.25,0.0,5.0,3.75,1.25,0.0,0.0,1.875,2.5,0.0,5.0,1.25,2.5,3.75,5.0,2.5,5.0,0.0,5.0,1.25,2.5,3.75,0.0,0.0,5.0,0.0,0.0,0.0,2.5,5.0,0.0,5.0,0.0,0.0,3.75,1.25,0.0,5.0,0.0,5.0,3.75,0.0,0.0,5.0,0.0,4.375,5.0,5.0,5.0,3.75,2.5
341,8,0.0,0.0,0.0,0.0,0.0,0.0,0.0,0.0,0.0,0.0,0.0,4.375,0.0,0.0,0.0,0.0,5.0,0.0,1.25,0.0,5.0,3.75,1.25,0.0,0.0,1.25,2.5,0.0,5.0,1.25,2.5,3.75,5.0,2.5,5.0,0.0,5.0,1.25,2.5,3.75,0.0,0.0,5.0,0.0,0.0,0.0,2.5,5.0,0.0,5.0,0.0,0.0,3.75,1.25,0.0,5.0,0.0,5.0,3.75,0.0,0.0,5.0,0.0,3.75,5.0,5.0,5.0,3.75,2.5
342,6,0.0,0.0,0.0,0.0,0.0,0.0,0.0,0.0,0.0,0.0,0.0,5.0,0.0,1.25,0.0,0.0,5.0,0.0,0.0,0.0,5.0,2.5,1.25,0.0,0.0,2.5,2.5,0.0,5.0,2.5,2.5,4.375,5.0,2.5,5.0,0.0,5.0,2.5,2.5,5.0,0.0,0.0,5.0,0.0,0.0,0.0,3.75,5.0,0.0,5.0,0.0,0.0,3.75,2.5,0.0,5.0,0.0,5.0,3.75,0.0,0.0,5.0,0.0,5.0,5.0,5.0,5.0,3.75,1.875
342,7,0.0,0.0,0.0,0.0,0.0,0.0,0.0,0.0,0.0,0.0,0.0,5.0,0.0,1.25,0.0,0.0,5.0,0.0,0.0,0.0,5.0,2.5,1.25,0.0,0.0,2.5,1.875,0.0,5.0,2.5,1.875,4.375,5.0,2.5,5.0,0.0,5.0,2.5,2.5,4.375,0.0,0.0,5.0,0.0,0.0,0.0,3.75,5.0,0.0,5.0,0.0,0.0,3.75,1.25,0.0,5.0,0.0,5.0,3.75,0.0,0.0,5.0,0.0,5.0,5.0,5.0,5.0,3.75,1.875
342,8,0.0,0.0,0.0,0.0,0.0,0.0,0.0,0.0,0.0,0.0,0.0,5.0,0.0,1.25,0.0,0.0,5.0,0.0,0.0,0.0,5.0,2.5,1.25,0.0,0.0,2.5,1.875,0.0,5.0,2.5,1.25,3.75,5.0,2.5,5.0,0.0,5.0,1.875,2.5,3.75,0.0,0.0,5.0,0.0,0.0,0.0,3.75,5.0,0.0,5.0,0.0,0.0,3.75,1.25,0.0,5.0,0.0,5.0,3.125,0.0,0.0,5.0,0.0,5.0,5.0,5.0,5.0,3.75,1.25
343,6,0.0,0.0,0.0,1.25,0.0,0.0,0.0,0.0,0.0,0.0,0.0,5.0,0.0,2.5,0.0,0.0,5.0,0.0,0.0,0.0,5.0,1.25,1.25,0.0,0.0,2.5,1.25,0.0,5.0,3.125,1.25,3.75,5.0,2.5,5.0,0.0,3.75,2.5,2.5,5.0,0.0,0.0,5.0,0.0,0.0,0.0,3.75,5.0,0.0,5.0,0.0,0.0,3.75,2.5,0.0,5.0,0.0,5.0,2.5,0.0,0.0,5.0,0.0,5.0,5.0,5.0,4.375,2.5,2.5
343,7,0.0,0.0,0.0,1.25,0.0,0.0,0.0,0.0,0.0,0.0,0.0,5.0,0.0,2.5,0.0,0.0,5.0,0.0,0.0,0.0,5.0,1.25,1.25,0.0,0.0,2.5,1.25,0.0,5.0,2.5,1.25,3.75,5.0,2.5,5.0,0.0,3.75,2.5,2.5,5.0,0.0,0.0,5.0,0.0,0.0,0.0,3.75,5.0,0.0,5.0,0.0,0.0,3.75,2.5,0.0,5.0,0.0,5.0,2.5,0.0,0.0,5.0,0.0,5.0,5.0,5.0,4.375,2.5,1.875
343,8,0.0,0.0,0.0,1.25,0.0,0.0,0.0,0.0,0.0,0.0,0.0,5.0,0.0,2.5,0.0,0.0,5.0,0.0,0.0,0.0,5.0,1.25,1.25,0.0,0.0,2.5,1.25,0.0,5.0,2.5,1.25,3.75,5.0,2.5,5.0,0.0,3.75,2.5,2.5,5.0,0.0,0.0,5.0,0.0,0.0,0.0,3.75,5.0,0.0,5.0,0.0,0.0,3.125,2.5,0.0,5.0,0.0,5.0,2.5,0.0,0.0,5.0,0.0,5.0,5.0,5.0,3.75,2.5,1.875
344,6,0.0,0.0,0.0,2.5,0.0,0.0,0.0,1.875,0.0,0.0,0.0,5.0,0.0,3.75,0.0,0.0,5.0,0.0,0.0,0.0,5.0,0.0,2.5,0.0,0.0,2.5,0.0,0.0,5.0,3.75,0.0,3.75,3.75,3.125,5.0,0.0,2.5,2.5,3.125,5.0,0.0,0.0,5.0,0.0,0.0,0.0,3.75,5.0,0.0,5.0,0.0,0.0,2.5,2.5,0.0,5.0,0.0,5.0,2.5,0.0,0.0,5.0,0.0,5.0,5.0,5.0,3.75,2.5,2.5
344,7,0.0,0.0,0.0,2.5,0.0,0.0,0.0,1.25,0.0,0.0,0.0,5.0,0.0,3.75,0.0,0.0,5.0,0.0,0.0,0.0,5.0,0.0,2.5,0.0,0.0,2.5,0.0,0.0,5.0,3.75,0.0,3.75,3.75,3.125,5.0,0.0,2.5,2.5,3.125,5.0,0.0,0.0,5.0,0.0,0.0,0.0,3.75,5.0,0.0,5.0,0.0,0.0,2.5,2.5,0.0,5.0,0.0,5.0,2.5,0.0,0.0,5.0,0.0,5.0,5.0,5.0,3.75,2.5,2.5
344,8,0.0,0.0,0.0,2.5,0.0,0.0,0.0,1.25,0.0,0.0,0.0,5.0,0.0,3.75,0.0,0.0,3.75,0.0,0.0,0.0,5.0,0.0,2.5,0.0,0.0,2.5,0.0,0.0,5.0,3.75,0.0,3.75,3.75,2.5,5.0,0.0,2.5,2.5,2.5,5.0,0.0,0.0,4.375,0.0,0.0,0.0,3.75,5.0,0.0,5.0,0.0,0.0,2.5,2.5,0.0,5.0,0.0,5.0,2.5,0.0,0.0,5.0,0.0,5.0,5.0,5.0,3.75,2.5,1.875
345,6,0.0,0.0,0.0,3.75,0.0,0.0,0.0,3.125,0.0,0.0,0.0,5.0,0.0,5.0,2.5,0.0,3.75,0.0,0.0,0.0,5.0,0.0,2.5,0.0,0.0,2.5,0.0,0.0,3.75,3.75,0.0,3.125,3.75,3.75,5.0,0.0,1.25,2.5,3.75,5.0,0.0,0.0,5.0,0.0,0.0,0.0,3.75,5.0,0.0,5.0,0.0,0.0,1.25,2.5,0.0,5.0,0.0,5.0,1.875,0.0,0.0,5.0,0.0,5.0,5.0,5.0,2.5,2.5,2.5
345,7,0.0,0.0,0.0,3.75,0.0,0.0,0.0,2.5,0.0,0.0,0.0,5.0,0.0,5.0,1.25,0.0,3.75,0.0,0.0,0.0,5.0,0.0,2.5,0.0,0.0,2.5,0.0,0.0,3.75,3.75,0.0,2.5,3.75,3.75,5.0,0.0,1.25,2.5,3.75,5.0,0.0,0.0,4.375,0.0,0.0,0.0,3.75,5.0,0.0,5.0,0.0,0.0,1.25,2.5,0.0,5.0,0.0,5.0,1.875,0.0,0.0,5.0,0.0,5.0,5.0,5.0,2.5,2.5,2.5
345,8,0.0,0.0,0.0,3.75,0.0,0.0,0.0,2.5,0.0,0.0,0.0,5.0,0.0,5.0,1.25,0.0,2.5,0.0,0.0,0.0,5.0,0.0,2.5,0.0,0.0,2.5,0.0,0.0,3.75,3.75,0.0,2.5,3.75,3.75,5.0,0.0,1.25,2.5,3.75,5.0,0.0,0.0,3.75,0.0,0.0,0.0,3.75,5.0,0.0,5.0,0.0,0.0,1.25,2.5,0.0,5.0,0.0,5.0,1.25,0.0,0.0,5.0,0.0,5.0,5.0,5.0,2.5,2.5,2.5
346,6,0.0,0.0,0.0,5.0,0.0,0.0,0.0,3.75,0.0,0.0,0.0,5.0,0.0,5.0,3.75,0.0,2.5,0.0,0.0,0.0,4.375,0.0,2.5,0.0,0.0,2.5,0.0,0.0,3.75,2.5,0.0,2.5,2.5,3.75,5.0,0.0,1.25,2.5,3.75,5.0,0.0,0.0,5.0,0.0,1.25,0.0,3.75,5.0,0.0,5.0,0.0,0.0,0.0,2.5,0.0,5.0,0.0,5.0,1.25,0.0,0.0,5.0,0.0,5.0,5.0,5.0,2.5,2.5,2.5
346,7,0.0,0.0,0.0,5.0,0.0,0.0,0.0,3.75,0.0,0.0,0.0,5.0,0.0,5.0,3.75,0.0,1.25,0.0,0.0,0.0,3.75,0.0,2.5,0.0,0.0,2.5,0.0,0.0,3.75,2.5,0.0,2.5,2.5,3.75,5.0,0.0,1.25,2.5,3.75,5.0,0.0,0.0,5.0,0.0,1.25,0.0,3.75,5.0,0.0,5.0,0.0,0.0,0.625,2.5,0.0,5.0,0.0,5.0,1.25,0.0,0.0,5.0,0.0,5.0,5.0,5.0,2.5,2.5,2.5
346,8,0.0,0.0,0.0,5.0,0.0,0.0,0.0,3.75,0.0,0.0,0.0,5.0,0.0,5.0,2.5,0.0,1.25,0.0,0.0,0.0,3.75,0.0,2.5,0.0,0.0,2.5,0.0,0.0,3.75,2.5,0.0,2.5,2.5,3.75,5.0,0.0,1.25,2.5,3.125,5.0,0.0,0.0,5.0,0.0,1.25,0.0,3.75,5.0,0.0,5.0,0.0,0.0,0.0,2.5,0.0,5.0,0.0,5.0,1.25,0.0,0.0,5.0,0.0,5.0,5.0,5.0,2.5,2.5,2.5
347,6,0.0,0.0,0.0,5.0,0.0,0.0,0.0,5.0,0.0,0.0,0.0,5.0,0.0,5.0,5.0,0.0,1.25,0.0,0.0,0.0,2.5,0.0,2.5,0.0,0.0,3.125,0.0,0.0,3.75,2.5,1.25,2.5,2.5,4.375,5.0,0.0,1.25,2.5,3.125,5.0,0.0,0.0,5.0,0.0,2.5,0.0,3.75,5.0,0.0,5.0,0.0,0.0,0.0,2.5,0.0,5.0,0.0,5.0,1.875,0.0,0.0,5.0,0.0,5.0,5.0,3.75,2.5,2.5,2.5
347,7,0.0,0.0,0.0,5.0,0.0,0.0,0.0,5.0,0.0,0.0,0.0,5.0,0.0,5.0,5.0,0.0,0.0,0.0,0.0,0.0,1.875,0.0,2.5,0.0,0.0,3.125,0.0,0.0,3.75,2.5,1.25,2.5,2.5,3.75,5.0,0.0,1.25,2.5,3.125,5.0,0.0,0.0,5.0,0.0,2.5,0.0,3.75,5.0,0.0,5.0,0.0,0.0,0.0,2.5,0.0,5.0,0.0,5.0,1.875,0.0,0.0,5.0,0.0,5.0,5.0,3.75,2.5,2.5,2.5
347,8,0.0,0.0,0.0,5.0,0.0,0.0,0.0,3.75,0.0,0.0,0.0,3.75,0.0,5.0,5.0,0.0,0.0,0.0,0.0,0.0,2.5,0.0,2.5,0.0,0.0,3.125,0.0,0.0,3.75,1.875,1.25,2.5,2.5,3.75,5.0,0.0,1.25,2.5,2.5,5.0,0.0,0.0,5.0,0.0,2.5,0.0,3.75,5.0,0.0,5.0,0.0,0.0,0.0,2.5,0.0,5.0,0.0,5.0,1.25,0.0,0.0,5.0,0.0,5.0,5.0,3.75,1.875,2.5,2.5
348,6,0.0,0.0,0.0,5.0,0.0,0.0,0.0,5.0,0.0,0.0,0.0,3.75,0.0,5.0,5.0,0.0,0.0,0.0,0.0,0.0,0.0,1.25,2.5,1.25,0.0,3.75,0.0,0.0,3.75,1.25,2.5,2.5,2.5,4.375,5.0,0.0,1.25,2.5,3.125,5.0,0.0,0.0,5.0,0.0,3.125,0.0,5.0,5.0,0.0,5.0,0.0,1.25,0.0,2.5,0.0,3.75,0.0,5.0,2.5,0.0,0.0,5.0,0.0,5.0,5.0,2.5,2.5,2.5,2.5
348,7,0.0,0.0,0.0,5.0,0.0,0.0,0.0,4.375,0.0,0.0,0.0,3.75,0.0,5.0,5.0,0.0,0.0,0.0,0.0,0.0,0.625,0.0,2.5,1.25,0.0,3.75,0.0,0.0,3.75,1.25,2.5,2.5,2.5,4.375,5.0,0.0,1.25,2.5,3.125,5.0,0.0,0.0,5.0,0.0,2.5,0.0,4.375,5.0,0.0,5.0,0.0,1.25,0.0,2.5,0.0,3.75,0.0,5.0,1.875,0.0,0.0,5.0,0.0,5.0,5.0,2.5,2.5,2.5,2.5
348,8,0.0,0.0,0.0,5.0,0.0,0.0,0.0,3.75,0.0,0.0,0.0,3.125,0.0,5.0,5.0,0.0,0.0,0.0,0.0,0.0,1.25,0.0,1.875,1.25,0.0,3.125,0.0,0.0,3.75,1.25,2.5,2.5,2.5,3.75,5.0,0.0,1.25,2.5,2.5,4.375,0.0,0.0,5.0,0.0,2.5,0.0,4.375,5.0,0.0,5.0,0.0,1.25,0.0,2.5,0.0,3.75,0.0,5.0,1.875,0.0,0.0,5.0,0.0,5.0,5.0,2.5,1.875,2.5,2.5
349,6,0.0,0.0,0.0,5.0,0.0,0.0,0.0,3.75,1.25,0.0,0.0,2.5,0.0,5.0,5.0,0.0,0.0,0.0,0.0,0.0,0.0,1.25,1.25,2.5,0.0,3.75,0.0,0.0,5.0,0.0,3.75,3.75,2.5,4.375,5.0,0.0,1.875,2.5,3.125,4.375,0.0,0.0,5.0,0.0,3.75,0.0,5.0,5.0,0.0,5.0,0.0,2.5,0.0,1.25,0.0,2.5,0.0,5.0,2.5,0.0,0.0,5.0,0.0,5.0,5.0,2.5,2.5,2.5,2.5
349,7,0.0,0.0,0.0,5.0,0.0,0.0,0.0,3.75,1.25,0.0,0.0,1.875,0.0,5.0,5.0,0.0,0.0,0.0,0.0,0.0,0.0,1.25,1.25,2.5,0.0,3.75,0.0,0.0,3.75,0.0,3.75,3.75,2.5,4.375,5.0,0.0,1.875,2.5,3.125,3.75,0.0,0.0,5.0,0.0,3.75,0.0,5.0,5.0,0.0,5.0,0.0,2.5,0.0,1.25,0.0,2.5,0.0,5.0,2.5,0.0,0.0,5.0,0.0,5.0,5.0,2.5,2.5,2.5,2.5
349,8,0.0,0.0,0.0,5.0,0.0,0.0,0.0,3.125,1.25,0.0,0.0,1.25,0.0,5.0,5.0,0.0,0.0,0.0,0.0,0.0,0.0,1.25,1.25,2.5,0.0,3.125,0.0,0.0,3.75,0.0,3.125,2.5,2.5,3.75,5.0,0.0,1.25,2.5,3.125,3.75,0.0,0.0,5.0,0.0,3.75,0.0,5.0,5.0,0.0,5.0,0.0,2.5,0.0,1.25,0.0,2.5,0.0,5.0,2.5,0.0,0.0,5.0,0.0,5.0,5.0,2.5,2.5,2.5,2.5
350,6,0.0,0.0,0.0,3.75,0.0,0.0,0.0,2.5,2.5,1.25,0.0,1.25,0.0,5.0,5.0,0.0,0.0,0.0,0.0,0.0,0.0,2.5,1.25,3.75,0.0,3.75,0.0,0.0,5.0,0.0,3.75,5.0,2.5,4.375,5.0,0.0,2.5,3.75,3.125,3.75,0.0,0.0,5.0,0.0,5.0,0.0,5.0,5.0,1.25,5.0,0.0,5.0,0.0,0.625,0.0,1.25,0.0,5.0,2.5,0.0,0.0,5.0,0.0,5.0,5.0,1.25,2.5,2.5,3.125
350,7,0.0,0.0,0.0,3.75,0.0,0.0,0.0,2.5,2.5,1.25,0.0,0.0,0.0,5.0,5.0,0.0,0.0,0.0,0.0,0.0,0.0,2.5,1.25,3.75,0.0,3.75,0.0,0.0,5.0,0.0,3.75,5.0,2.5,4.375,5.0,0.0,2.5,3.125,3.125,3.75,0.0,0.0,5.0,0.0,5.0,0.0,5.0,5.0,1.25,5.0,0.0,3.75,0.0,0.625,0.0,1.25,0.0,5.0,2.5,0.0,0.0,5.0,0.0,5.0,5.0,1.25,2.5,2.5,3.125
350,8,0.0,0.0,0.0,3.75,0.0,0.0,0.0,2.5,2.5,1.25,0.0,0.0,0.0,5.0,5.0,0.0,0.0,0.0,0.0,0.0,0.0,2.5,1.25,3.75,0.0,3.125,0.0,0.0,5.0,0.0,3.75,3.75,2.5,3.75,5.0,0.0,2.5,2.5,3.125,3.75,0.0,0.0,5.0,0.0,5.0,0.0,5.0,5.0,1.25,5.0,0.0,3.75,0.0,0.0,0.0,1.25,0.0,5.0,2.5,0.0,0.0,5.0,0.0,5.0,5.0,1.25,2.5,2.5,3.125
351,6,0.0,0.0,0.0,2.5,0.0,0.0,0.0,1.25,3.75,2.5,0.0,0.0,0.0,2.5,5.0,0.0,0.0,1.25,0.0,0.0,0.0,3.125,1.25,5.0,0.0,3.75,0.625,0.0,5.0,0.0,4.375,5.0,2.5,4.375,5.0,1.25,2.5,3.75,3.75,3.75,0.0,0.0,5.0,1.25,5.0,0.0,5.0,5.0,2.5,5.0,0.0,5.0,1.25,0.0,0.0,0.0,0.0,5.0,2.5,0.0,0.0,5.0,0.0,5.0,3.75,1.875,2.5,2.5,3.75
351,7,0.0,0.0,0.0,2.5,0.0,0.0,0.0,1.25,3.75,2.5,0.0,0.0,0.0,3.75,5.0,0.0,0.0,1.25,0.0,0.0,0.0,3.125,1.25,5.0,0.0,3.125,1.25,0.0,5.0,0.0,4.375,5.0,2.5,3.75,5.0,0.0,2.5,3.75,3.75,3.75,0.0,0.0,5.0,1.25,5.0,0.0,5.0,5.0,2.5,5.0,0.0,3.75,1.25,0.0,0.0,0.0,0.0,5.0,2.5,0.0,0.0,5.0,0.0,5.0,3.75,1.875,2.5,2.5,3.75
351,8,0.0,0.0,0.0,2.5,0.0,0.0,0.0,1.25,3.75,2.5,0.0,0.0,0.0,3.75,5.0,0.0,0.0,1.25,0.0,0.0,0.0,2.5,1.25,5.0,0.0,3.125,0.0,0.0,5.0,0.0,3.75,5.0,2.5,3.75,5.0,0.0,2.5,3.75,3.75,3.75,0.0,0.0,5.0,1.25,5.0,0.0,5.0,5.0,2.5,4.375,0.0,3.75,1.25,0.0,0.0,0.0,0.0,5.0,2.5,0.0,0.0,5.0,0.0,5.0,3.75,1.25,2.5,2.5,3.75
352,6,0.0,0.0,0.0,1.25,0.0,0.0,0.0,0.0,3.75,3.75,0.0,0.0,0.0,1.25,5.0,0.0,0.0,2.5,0.0,0.0,0.0,3.75,2.5,5.0,0.0,3.125,1.25,0.0,5.0,0.0,4.375,5.0,2.5,3.75,5.0,1.25,2.5,4.375,3.75,5.0,0.0,0.0,5.0,2.5,5.0,0.0,5.0,5.0,3.75,4.375,0.0,5.0,2.5,0.0,0.0,0.0,1.25,5.0,2.5,0.0,0.0,5.0,0.0,5.0,2.5,2.5,2.5,2.5,3.75
352,7,0.0,0.0,0.0,1.25,0.0,0.0,0.0,0.0,5.0,3.75,0.0,0.0,0.0,2.5,5.0,0.0,0.0,1.875,0.0,0.0,0.0,3.75,2.5,5.0,0.0,2.5,1.25,0.0,5.0,0.0,3.75,5.0,2.5,3.75,5.0,1.25,2.5,3.75,3.75,5.0,0.0,0.0,5.0,2.5,5.0,0.0,5.0,4.375,3.75,3.75,0.0,5.0,2.5,0.0,0.0,0.0,1.25,5.0,2.5,0.0,0.0,5.0,0.0,5.0,2.5,2.5,2.5,2.5,3.75
352,8,0.0,0.0,0.0,1.25,0.0,0.0,0.0,0.0,5.0,3.75,0.0,0.0,0.0,1.25,5.0,0.0,0.0,1.875,0.0,0.0,0.0,3.75,2.5,5.0,0.0,2.5,1.25,0.0,5.0,0.0,3.75,5.0,2.5,3.75,5.0,1.25,2.5,3.75,3.125,4.375,0.0,0.0,5.0,1.25,5.0,0.0,5.0,3.75,3.75,3.75,0.0,4.375,2.5,0.0,0.0,0.0,1.25,5.0,2.5,0.0,0.0,5.0,0.0,5.0,2.5,2.5,2.5,2.5,3.75
353,6,0.0,0.0,0.0,0.0,0.0,0.0,0.0,0.0,5.0,5.0,0.0,0.0,0.0,0.0,5.0,0.0,0.0,3.125,0.0,0.0,0.0,3.75,3.75,5.0,0.0,3.75,2.5,0.0,5.0,0.0,3.75,5.0,3.125,3.75,4.375,2.5,2.5,5.0,3.125,5.0,0.0,0.0,5.0,3.75,5.0,0.0,5.0,3.75,5.0,3.75,0.0,5.0,3.75,0.0,0.0,0.0,1.25,5.0,3.75,1.25,0.0,5.0,0.0,5.0,1.25,2.5,1.875,3.125,3.75
353,7,0.0,0.0,0.0,0.0,0.0,0.0,0.0,0.0,5.0,5.0,0.0,0.0,0.0,1.25,5.0,0.0,0.0,3.125,0.0,0.0,0.0,3.125,3.75,5.0,0.0,2.5,2.5,0.0,5.0,0.0,3.75,5.0,2.5,3.125,4.375,2.5,2.5,5.0,3.125,5.0,0.0,0.0,5.0,3.75,5.0,0.0,5.0,3.75,5.0,3.75,0.0,5.0,3.75,0.0,0.0,0.0,1.25,5.0,3.75,1.25,0.0,5.0,0.0,5.0,1.25,2.5,1.875,3.125,3.75
353,8,0.0,0.0,0.0,0.0,0.0,0.0,0.0,0.0,5.0,5.0,0.0,0.0,0.0,0.0,4.375,0.0,0.0,2.5,0.0,0.0,0.0,2.5,3.75,5.0,0.0,2.5,2.5,0.0,5.0,0.0,3.75,5.0,2.5,3.125,3.75,2.5,2.5,5.0,3.125,5.0,0.0,0.0,5.0,3.125,5.0,0.0,5.0,3.75,5.0,3.75,0.0,4.375,3.125,0.0,0.0,0.0,1.25,5.0,3.125,1.25,0.0,5.0,0.0,5.0,1.25,2.5,1.25,2.5,3.75
354,6,0.0,0.0,0.0,0.0,0.0,0.0,0.0,0.0,5.0,5.0,0.0,0.0,0.0,0.0,3.75,0.0,0.0,3.75,0.0,0.0,0.0,2.5,4.375,5.0,0.0,3.75,2.5,0.0,5.0,0.0,2.5,5.0,2.5,2.5,3.75,3.75,2.5,5.0,2.5,5.0,0.0,0.0,5.0,4.375,5.0,0.0,5.0,3.75,5.0,3.75,0.0,5.0,5.0,0.0,0.0,0.0,3.75,5.0,3.75,2.5,0.625,5.0,0.0,5.0,1.25,2.5,1.875,3.75,3.75
354,7,0.0,0.0,0.0,0.0,0.0,0.0,0.0,0.0,5.0,5.0,0.0,0.0,0.0,0.0,3.75,0.0,0.0,3.75,0.0,0.0,0.0,2.5,4.375,5.0,0.0,3.75,2.5,0.0,5.0,0.0,2.5,5.0,2.5,2.5,3.75,3.75,2.5,5.0,2.5,5.0,0.0,0.0,5.0,4.375,5.0,0.0,5.0,3.75,5.0,3.75,0.0,3.75,5.0,0.0,0.0,0.0,3.75,5.0,3.75,2.5,0.0,5.0,0.0,5.0,1.25,2.5,1.25,3.75,3.75
354,8,0.0,0.0,0.0,0.0,0.0,0.0,0.0,0.0,5.0,5.0,0.0,0.0,0.0,0.0,2.5,0.0,0.0,3.75,0.0,0.0,0.0,2.5,3.75,5.0,0.0,2.5,2.5,0.0,5.0,0.0,2.5,5.0,2.5,2.5,3.75,2.5,2.5,5.0,2.5,5.0,0.0,0.0,5.0,3.75,5.0,0.0,5.0,3.75,5.0,3.75,0.0,3.75,4.375,0.0,0.0,0.0,3.75,5.0,3.75,2.5,0.0,5.0,0.0,5.0,1.25,2.5,1.25,3.75,3.75
355,6,0.0,0.0,0.0,0.0,0.0,0.625,0.0,0.0,5.0,5.0,0.0,0.0,0.0,0.0,1.875,0.0,0.0,5.0,0.0,0.0,1.25,1.25,5.0,3.75,0.0,4.375,3.75,0.0,5.0,0.0,1.25,5.0,2.5,2.5,3.75,3.75,2.5,5.0,2.5,5.0,0.0,0.0,4.375,5.0,5.0,0.0,5.0,3.75,5.0,5.0,0.0,2.5,5.0,0.0,0.0,0.0,5.0,5.0,4.375,3.75,1.25,5.0,0.0,4.375,1.25,2.5,2.5,3.75,3.75
355,7,0.0,0.0,0.0,0.0,0.0,1.25,0.0,0.0,5.0,5.0,0.0,0.0,0.0,0.0,1.25,0.0,0.0,5.0,0.0,0.0,1.25,1.25,5.0,3.75,0.0,4.375,3.75,0.0,5.0,0.0,1.25,3.75,2.5,2.5,3.75,3.75,2.5,5.0,2.5,5.0,0.0,0.0,3.75,5.0,5.0,0.0,5.0,3.75,5.0,5.0,0.0,2.5,5.0,0.0,0.0,0.0,5.0,5.0,4.375,3.75,1.25,5.0,0.0,3.75,1.25,2.5,2.5,3.75,3.75
355,8,0.0,0.0,0.0,0.0,0.0,0.625,0.0,0.0,5.0,5.0,0.0,0.0,0.0,0.0,1.25,0.0,0.0,4.375,0.0,0.0,1.25,1.25,5.0,3.75,0.0,3.75,3.125,0.0,5.0,0.0,1.25,3.75,2.5,2.5,3.75,3.75,2.5,5.0,2.5,5.0,0.0,0.0,3.75,4.375,5.0,0.0,5.0,3.75,5.0,5.0,0.0,2.5,5.0,0.0,0.0,0.0,5.0,5.0,4.375,3.75,1.25,5.0,0.0,3.75,1.25,2.5,2.5,3.75,3.75
356,6,0.0,0.0,0.0,0.0,0.0,1.25,0.0,0.0,5.0,5.0,0.0,0.0,0.0,0.0,1.25,0.0,0.0,5.0,0.0,0.0,2.5,1.25,5.0,2.5,0.0,5.0,3.75,0.0,5.0,1.25,1.25,3.75,2.5,2.5,3.75,4.375,2.5,5.0,2.5,5.0,0.0,0.0,3.75,5.0,5.0,0.0,5.0,3.75,5.0,5.0,0.0,1.25,5.0,0.0,0.0,1.25,5.0,3.75,5.0,5.0,3.75,5.0,1.875,2.5,2.5,2.5,2.5,3.75,3.75
356,7,0.0,0.0,0.0,0.0,0.0,1.25,0.0,0.0,5.0,5.0,0.0,0.0,0.0,0.0,1.25,0.0,0.0,5.0,0.0,0.0,1.875,1.25,5.0,2.5,0.0,5.0,3.125,0.0,5.0,1.25,1.25,3.75,2.5,2.5,3.75,4.375,2.5,5.0,2.5,5.0,0.0,0.0,3.75,5.0,5.0,0.0,5.0,3.75,5.0,5.0,0.0,1.25,5.0,0.0,0.0,1.25,5.0,5.0,5.0,5.0,3.125,5.0,1.875,2.5,2.5,2.5,2.5,3.75,3.75
356,8,0.0,0.0,0.0,0.0,0.0,1.25,0.0,0.0,5.0,5.0,0.0,0.0,0.0,0.0,1.25,0.0,0.0,5.0,0.0,0.0,1.25,1.25,5.0,2.5,0.0,3.75,2.5,0.0,5.0,0.0,0.625,3.75,2.5,2.5,3.75,3.75,2.5,5.0,2.5,5.0,0.0,0.0,3.75,5.0,5.0,0.0,5.0,3.125,5.0,5.0,0.0,1.25,5.0,0.0,0.0,1.25,5.0,5.0,5.0,5.0,2.5,5.0,1.25,2.5,2.5,1.875,2.5,3.75,3.75
357,6,0.0,0.0,0.0,0.0,0.0,3.75,0.0,0.0,3.75,5.0,0.0,1.25,0.0,0.0,0.0,0.0,0.0,5.0,0.0,0.0,3.125,0.0,5.0,1.25,0.0,4.375,2.5,0.0,3.75,1.25,0.0,2.5,3.125,3.75,4.375,4.375,1.875,5.0,3.125,5.0,0.0,0.0,4.375,4.375,4.375,0.0,5.0,3.75,5.0,5.0,0.0,0.0,5.0,0.0,0.0,2.5,5.0,3.75,5.0,5.0,5.0,5.0,3.75,1.25,2.5,1.25,3.75,4.375,3.75
357,7,0.0,0.0,0.0,0.0,0.0,2.5,0.0,0.0,3.75,5.0,0.0,1.25,0.0,0.0,0.0,0.0,0.0,5.0,0.0,0.0,2.5,0.0,5.0,1.25,0.0,4.375,2.5,0.0,3.75,1.25,0.0,2.5,3.125,3.75,3.75,3.75,1.875,5.0,3.125,5.0,0.0,0.0,4.375,4.375,4.375,0.0,5.0,3.75,3.75,5.0,0.0,0.0,5.0,0.0,0.0,2.5,5.0,3.75,5.0,5.0,5.0,5.0,3.75,1.25,2.5,1.25,3.75,3.75,3.75
357,8,0.0,0.0,0.0,0.0,0.0,2.5,0.0,0.0,3.75,5.0,0.0,1.25,0.0,0.0,0.0,0.0,0.0,4.375,0.0,0.0,2.5,0.0,5.0,1.25,0.0,3.75,2.5,0.0,3.75,1.25,0.0,2.5,2.5,3.75,3.75,3.75,1.25,5.0,2.5,5.0,0.0,0.0,3.75,4.375,3.75,0.0,4.375,3.75,4.375,5.0,0.0,0.625,5.0,0.0,0.0,1.25,5.0,3.75,5.0,5.0,4.375,5.0,3.125,1.25,2.5,1.25,3.75,3.75,3.125
358,6,0.0,0.0,0.0,0.0,0.0,5.0,0.0,0.0,2.5,5.0,0.0,2.5,0.0,0.0,0.0,0.0,0.0,3.75,0.0,0.0,3.75,0.0,5.0,0.0,0.0,3.75,2.5,0.0,2.5,2.5,0.0,2.5,3.75,3.75,5.0,3.75,1.25,5.0,3.75,5.0,0.0,0.0,5.0,3.75,3.75,0.0,4.375,3.75,2.5,5.0,0.0,0.0,3.75,0.0,0.0,2.5,5.0,2.5,5.0,5.0,5.0,5.0,5.0,1.25,2.5,1.25,3.75,4.375,3.125
358,7,0.0,0.0,0.0,0.0,0.0,3.75,0.0,0.0,2.5,5.0,0.0,1.875,0.0,0.0,0.0,0.0,0.0,3.75,0.0,0.0,3.75,0.0,5.0,0.0,0.0,3.75,2.5,0.0,2.5,2.5,0.0,2.5,3.75,3.75,4.375,3.75,1.25,5.0,3.75,5.0,0.0,0.0,4.375,3.75,3.75,0.0,4.375,3.75,2.5,5.0,0.0,0.0,3.75,0.0,0.0,2.5,5.0,3.75,5.0,5.0,5.0,5.0,5.0,1.25,2.5,1.25,3.75,4.375,2.5
358,8,0.0,0.0,0.0,0.0,0.0,3.75,0.0,0.0,2.5,5.0,0.0,1.25,0.0,0.0,0.0,0.0,0.0,3.75,0.0,0.0,3.75,0.0,5.0,0.0,0.0,2.5,2.5,0.0,2.5,2.5,0.0,2.5,2.5,3.75,3.75,3.75,1.25,5.0,3.75,4.375,0.0,0.0,3.75,3.75,3.75,0.0,3.75,3.75,2.5,5.0,0.0,0.0,3.125,0.0,0.0,2.5,5.0,3.125,5.0,5.0,5.0,5.0,5.0,1.25,2.5,1.25,3.75,3.75,2.5
359,6,0.0,0.0,0.0,0.0,0.0,5.0,0.0,0.0,0.0,5.0,0.0,2.5,0.0,0.0,0.0,0.0,0.0,2.5,0.0,0.0,5.0,0.0,3.75,0.0,0.0,3.75,1.25,0.0,2.5,3.75,0.0,3.75,3.75,5.0,5.0,3.75,1.25,3.75,3.75,3.75,0.0,0.0,5.0,3.75,3.75,0.0,5.0,5.0,1.25,5.0,0.0,0.0,1.25,0.0,0.0,3.75,5.0,2.5,5.0,5.0,5.0,5.0,5.0,1.25,2.5,1.25,5.0,5.0,2.5
359,7,0.0,0.0,0.0,0.0,0.0,5.0,0.0,0.0,1.25,5.0,0.0,2.5,0.0,0.0,0.0,0.0,0.0,2.5,0.0,0.0,5.0,0.0,3.75,0.0,0.0,2.5,1.25,0.0,1.25,3.75,0.0,3.75,3.75,5.0,4.375,3.75,1.25,3.75,3.75,3.75,0.0,0.0,5.0,3.75,3.75,0.0,5.0,5.0,1.25,5.0,0.0,0.0,2.5,0.0,0.0,3.75,5.0,2.5,5.0,5.0,5.0,5.0,5.0,1.25,2.5,1.25,5.0,4.375,2.5
359,8,0.0,0.0,0.0,0.0,0.0,4.375,0.0,0.0,1.25,5.0,0.0,2.5,0.0,0.0,0.0,0.0,0.0,2.5,0.0,0.0,5.0,0.0,3.75,0.0,0.0,2.5,1.25,0.0,1.25,3.125,0.0,3.125,3.75,4.375,3.75,3.75,1.25,3.75,3.75,3.75,0.0,0.0,5.0,3.125,3.125,0.0,4.375,4.375,1.25,5.0,0.0,0.0,2.5,0.0,0.0,3.75,5.0,2.5,5.0,5.0,5.0,5.0,5.0,1.25,2.5,1.25,5.0,4.375,2.5
