Wind direction,Wind speed,Turbine 0,Turbine 1,Turbine 2,Turbine 3,Turbine 4,Turbine 5,Turbine 6,Turbine 7,Turbine 8,Turbine 9,Turbine 10,Turbine 11,Turbine 12,Turbine 13,Turbine 14,Turbine 15,Turbine 16,Turbine 17,Turbine 18,Turbine 19,Turbine 20,Turbine 21,Turbine 22,Turbine 23,Turbine 24,Turbine 25,Turbine 26,Turbine 27,Turbine 28,Turbine 29,Turbine 30,Turbine 31,Turbine 32,Turbine 33,Turbine 34,Turbine 35,Turbine 36,Turbine 37,Turbine 38,Turbine 39,Turbine 40,Turbine 41,Turbine 42,Turbine 43,Turbine 44,Turbine 45,Turbine 46,Turbine 47,Turbine 48,Turbine 49,Turbine 50,Turbine 51,Turbine 52,Turbine 53,Turbine 54,Turbine 55,Turbine 56,Turbine 57,Turbine 58,Turbine 59,Turbine 60,Turbine 61,Turbine 62,Turbine 63,Turbine 64,Turbine 65,Turbine 66,Turbine 67,Turbine 68
0,9,0.0,0.0,0.0,0.0,0.0,5.625,0.0,-3.75,5.625,13.125,0.0,-1.875,0.0,0.0,-1.875,0.0,0.0,3.75,0.0,0.0,0.0,0.0,4.6875,3.75,0.0,3.75,0.9375,0.0,-1.875,-3.75,0.0,-1.875,-3.75,-3.75,0.0,1.875,0.0,0.0,0.0,0.9375,0.0,0.0,0.0,0.0,3.75,0.0,-3.75,-3.75,7.5,0.9375,0.0,0.0,5.625,-3.75,0.0,3.75,11.25,3.75,0.0,-15.0,-16.875,11.25,-15.9375,-1.875,0.9375,-1.875,0.0,-1.875,0.0
0,10,0.0,0.0,0.0,0.0,0.0,3.75,0.0,-1.875,7.5,11.25,0.0,-0.9375,0.0,0.0,-1.875,0.0,0.0,3.75,0.0,0.0,0.0,0.0,3.75,2.8125,0.0,0.9375,0.9375,0.0,-0.9375,-3.75,0.0,-1.875,-3.75,-3.75,0.0,0.9375,0.0,0.0,0.0,0.9375,0.0,0.0,0.0,0.0,1.875,0.0,-3.75,-3.75,7.5,0.9375,0.0,0.0,4.6875,-3.75,0.0,0.9375,13.125,3.75,0.0,15.0,-18.75,9.375,-14.0625,-1.875,0.9375,-1.875,0.0,0.0,0.0
0,11,0.0,0.0,0.0,0.0,0.0,3.75,0.0,-1.875,4.6875,11.25,0.0,0.0,0.0,0.0,0.0,0.0,0.0,3.75,0.0,0.0,0.0,0.0,3.75,1.875,0.0,1.875,0.0,0.0,0.0,-3.75,0.0,0.0,-3.75,-3.75,0.0,0.0,0.0,0.0,0.0,0.0,0.0,0.0,0.0,0.0,0.9375,0.0,-3.75,-3.75,7.5,0.0,0.0,0.0,3.75,-3.75,0.0,0.9375,11.25,3.75,0.0,11.25,-16.875,11.25,-15.0,-1.875,0.0,0.0,0.0,0.0,0.0
1,9,0.0,0.0,0.0,0.0,0.0,7.5,0.0,-3.75,3.75,11.25,0.0,0.0,0.0,0.0,0.0,0.0,0.0,1.875,0.0,0.0,0.9375,0.0,3.75,0.9375,0.0,0.9375,0.0,0.0,-3.75,-3.75,-1.875,0.0,-3.75,-6.5625,0.0,0.9375,0.0,0.9375,-3.75,0.0,0.0,0.0,0.0,-3.75,1.875,0.0,-3.75,-3.75,4.6875,3.75,0.0,0.0,3.75,-3.75,0.0,3.75,11.25,3.75,0.0,15.0,-18.75,7.5,-18.75,-3.75,0.0,-1.875,0.0,0.0,0.0
1,10,0.0,0.0,0.0,0.0,0.0,7.5,0.0,-3.75,3.75,9.375,0.0,0.0,0.0,0.0,0.0,0.0,0.0,0.9375,0.0,0.0,0.9375,0.0,3.75,0.0,0.0,0.0,0.0,0.0,-2.8125,-3.75,-1.875,0.0,-3.75,-3.75,0.0,0.0,0.0,0.0,-2.8125,0.0,0.0,0.0,0.0,-3.75,0.9375,0.0,-3.75,-3.75,3.75,1.875,0.0,0.0,3.75,-3.75,0.0,3.75,11.25,3.75,0.0,15.0,-18.75,5.625,-14.0625,-1.875,0.0,-1.875,0.0,0.0,0.0
1,11,0.0,0.0,0.0,0.0,0.0,3.75,0.0,-3.75,3.75,10.3125,0.0,0.0,0.0,0.0,0.0,0.0,0.0,0.9375,0.0,0.0,0.9375,0.0,3.75,0.0,0.0,0.0,0.0,0.0,-2.8125,-3.75,0.0,0.0,-3.75,-3.75,0.0,0.0,0.0,0.0,-1.875,0.0,0.0,0.0,0.0,-3.75,0.0,0.0,-3.75,-3.75,3.75,0.9375,0.0,0.0,3.75,-3.75,0.0,3.75,11.25,3.75,0.0,15.0,-7.5,5.625,-16.875,-1.875,0.0,-1.875,0.0,0.0,0.0
2,9,0.0,0.0,0.0,0.0,0.0,7.5,0.0,-3.75,3.75,8.4375,0.0,0.0,0.0,0.0,0.0,0.0,0.0,0.9375,-1.875,0.0,3.75,0.0,0.9375,0.0,0.0,0.0,0.0,0.0,-3.75,-3.75,-3.75,0.0,-3.75,-3.75,0.0,0.0,0.0,0.0,-3.75,0.0,0.0,0.0,0.0,-5.625,0.0,0.0,-5.625,-7.5,3.75,0.0,0.0,0.0,3.75,-3.75,0.0,3.75,11.25,0.0,0.0,15.0,18.75,5.625,-22.5,-1.875,0.0,-3.75,0.0,0.0,-1.875
2,10,0.0,0.0,0.0,0.0,0.0,4.6875,0.0,-3.75,3.75,7.5,0.0,0.0,0.0,0.0,0.0,0.0,0.0,0.0,-1.875,0.0,3.75,0.0,0.9375,0.0,0.0,0.0,0.0,0.0,-3.75,-3.75,-3.75,0.0,-3.75,-3.75,0.0,0.9375,0.0,0.0,-2.8125,0.0,-1.875,0.0,0.0,-3.75,0.0,0.0,-3.75,-6.5625,3.75,0.0,0.0,0.0,3.75,-3.75,0.0,3.75,11.25,0.0,0.0,15.0,18.75,4.6875,-6.5625,-1.875,0.0,-1.875,0.0,0.0,-1.875
2,11,0.0,0.0,0.0,0.0,0.0,4.6875,0.0,-3.75,3.75,7.5,0.0,0.0,0.0,0.0,0.0,0.0,0.0,0.0,-1.875,0.0,3.75,0.0,0.9375,0.0,0.0,0.0,0.0,0.0,-3.75,-3.75,-1.875,0.0,-3.75,-3.75,0.0,0.0,0.0,0.0,-2.8125,0.0,0.0,0.0,0.0,-3.75,0.0,0.0,-3.75,-3.75,3.75,0.0,0.0,0.0,2.8125,-3.75,0.0,3.75,11.25,0.0,0.0,15.0,15.0,4.6875,-7.5,0.0,0.0,-1.875,0.0,0.0,0.0
3,9,0.0,0.0,0.0,0.0,0.0,7.5,0.0,-5.625,0.9375,7.5,0.0,0.9375,0.0,0.0,-1.875,0.0,0.0,0.0,-3.75,0.0,4.6875,0.0,0.0,0.0,0.0,-1.875,0.0,0.0,-3.75,-3.75,-3.75,0.0,-3.75,0.0,0.0,0.0,0.0,-1.875,-1.875,-3.75,0.0,0.0,0.0,-7.5,0.9375,0.0,-6.5625,-7.5,1.875,0.0,0.0,0.0,0.9375,-5.625,0.0,3.75,11.25,0.0,0.0,15.0,18.75,3.75,22.5,0.0,0.0,-2.8125,0.0,0.0,-1.875
3,10,0.0,0.0,0.0,0.0,0.0,4.6875,0.0,-3.75,0.9375,7.5,0.0,0.9375,0.0,0.0,-1.875,0.0,0.0,0.0,-3.75,0.0,3.75,0.0,0.0,0.0,0.0,-1.875,0.0,0.0,-3.75,-3.75,-1.875,0.0,-1.875,0.0,0.0,0.0,0.0,-0.9375,-1.875,-3.75,-1.875,0.0,0.0,-7.5,0.0,0.0,-3.75,-3.75,1.875,0.0,0.0,0.0,0.9375,-3.75,0.0,0.9375,11.25,0.0,0.0,15.0,20.625,3.75,18.75,0.0,0.0,-1.875,0.0,0.0,-1.875
3,11,0.0,0.0,0.0,0.0,0.0,4.6875,0.0,-3.75,0.9375,7.5,0.0,0.0,0.0,0.0,0.0,0.0,0.0,0.0,-3.75,0.0,3.75,0.0,0.0,0.0,0.0,0.0,0.0,0.0,-3.75,-3.75,-1.875,0.0,-1.875,0.0,0.0,0.0,0.0,-1.875,-1.875,-3.75,0.0,0.0,0.0,-7.5,0.0,0.0,-3.75,-3.75,0.9375,0.0,0.0,0.0,0.0,-3.75,0.0,0.9375,11.25,0.0,0.0,15.0,19.6875,3.75,18.75,0.0,0.0,-1.875,0.0,0.0,-1.875
4,9,0.0,0.0,0.0,0.0,0.0,4.6875,0.0,-3.75,0.0,4.6875,0.0,0.0,0.0,0.0,-1.875,0.0,0.0,0.0,-3.75,0.0,3.75,-1.875,0.0,0.0,0.0,-1.875,0.0,0.0,-3.75,0.0,-1.875,3.75,0.0,3.75,0.0,0.0,0.0,-1.875,0.0,-3.75,0.0,0.0,0.9375,-7.5,3.75,0.0,-3.75,-6.5625,0.0,0.0,0.0,0.0,0.0,-3.75,0.0,3.75,10.3125,0.0,0.0,13.125,18.75,0.9375,22.5,0.9375,0.0,-3.75,0.9375,0.0,-1.875
4,10,0.0,0.0,0.0,0.0,0.0,3.75,0.0,-3.75,0.9375,4.6875,0.0,0.0,0.0,0.0,0.0,0.0,0.0,0.0,-3.75,0.0,3.75,-1.875,0.0,0.0,0.0,-1.875,0.0,0.0,-3.75,0.0,0.0,0.9375,0.0,1.875,0.0,0.9375,0.0,-1.875,0.0,-3.75,0.0,0.0,0.9375,-7.5,1.875,0.0,-1.875,-3.75,0.0,0.0,0.0,0.0,0.0,-3.75,0.0,1.875,9.375,0.0,0.0,13.125,18.75,0.9375,18.75,0.9375,0.0,-3.75,0.9375,0.0,-1.875
4,11,0.0,0.0,0.0,0.0,0.0,3.75,0.0,-3.75,0.0,4.6875,0.0,0.0,0.0,0.0,0.0,0.0,0.0,0.0,-3.75,0.0,3.75,-1.875,0.0,0.0,0.0,-1.875,0.0,0.0,-3.75,0.0,0.0,0.9375,0.0,1.875,0.0,0.0,0.0,-1.875,0.0,-3.75,0.0,0.0,0.9375,-7.5,0.9375,0.0,0.0,-3.75,0.0,0.0,0.0,0.0,0.0,-1.875,0.0,0.9375,8.4375,0.0,0.0,12.1875,18.75,0.0,18.75,0.0,0.0,-1.875,0.0,0.0,-1.875
5,9,0.0,0.0,0.0,0.0,0.0,3.75,0.0,-1.875,0.0,3.75,0.0,0.0,0.0,0.0,0.0,0.0,0.0,0.0,-7.5,0.0,3.75,-3.75,0.0,0.0,0.0,0.0,0.0,0.0,-3.75,0.0,-1.875,3.75,0.0,3.75,0.0,0.0,0.0,0.0,0.0,-3.75,0.0,0.0,0.0,-7.5,1.875,0.0,0.9375,-7.5,0.0,0.0,0.0,-1.875,0.0,-3.75,0.0,3.75,8.4375,0.0,-1.875,11.25,15.9375,0.0,20.625,0.9375,0.0,-3.75,0.0,3.75,0.0
5,10,0.0,0.0,0.0,0.0,0.0,3.75,0.0,0.0,0.0,3.75,0.0,0.0,0.0,0.0,0.0,0.0,0.0,0.0,-6.5625,0.0,3.75,-1.875,0.0,0.0,0.0,0.0,0.0,0.0,-3.75,0.0,0.0,3.75,0.0,3.75,0.0,0.0,0.0,-1.875,0.0,-3.75,0.0,0.0,0.0,-7.5,1.875,0.0,0.9375,-3.75,0.0,0.0,0.0,-1.875,0.0,-1.875,0.0,1.875,7.5,0.0,-1.875,11.25,15.9375,0.0,16.875,0.9375,0.0,-2.8125,0.0,1.875,-1.875
5,11,0.0,0.0,0.0,0.0,0.0,3.75,0.0,0.0,0.0,3.75,0.0,0.0,0.0,0.0,0.0,0.0,0.0,0.0,-6.5625,0.0,1.875,-1.875,0.0,0.0,0.0,0.0,0.0,0.0,-1.875,0.0,0.0,0.9375,0.0,3.75,0.0,0.0,0.0,-1.875,0.0,-3.75,0.0,0.0,0.0,-7.5,0.9375,0.0,0.9375,-3.75,0.0,0.0,0.0,-1.875,0.0,0.0,0.0,0.9375,7.5,0.0,-1.875,11.25,15.9375,0.0,18.75,0.9375,0.0,-2.8125,0.0,0.0,0.0
6,9,0.0,0.0,0.0,0.0,0.0,0.9375,0.0,1.875,0.0,3.75,0.0,0.0,0.0,0.0,0.9375,0.0,0.0,0.0,-7.5,0.0,0.9375,-3.75,0.0,0.0,0.0,0.0,-1.875,0.0,-1.875,5.625,0.0,0.0,0.0,3.75,-0.9375,0.0,0.0,0.0,3.75,-7.5,3.75,0.0,0.0,-7.5,0.0,0.0,4.6875,-3.75,0.0,-1.875,0.0,-3.75,0.0,0.0,0.0,0.9375,7.5,-1.875,0.0,9.375,15.0,0.0,18.75,0.9375,0.0,-1.875,0.0,0.9375,0.0
6,10,0.0,0.0,0.0,0.0,0.0,0.9375,0.0,0.9375,0.0,3.75,0.0,0.0,0.0,0.0,0.9375,0.0,0.0,0.0,-7.5,0.0,0.9375,-1.875,0.0,0.0,0.0,0.0,-1.875,0.0,0.0,3.75,0.0,0.0,0.0,3.75,0.0,0.0,0.0,0.0,0.0,-6.5625,0.9375,0.0,0.0,-3.75,0.0,0.0,3.75,-3.75,0.0,0.0,0.0,-2.8125,0.0,0.0,0.0,0.9375,7.5,-1.875,0.0,9.375,15.0,0.0,15.9375,0.0,0.0,0.0,0.0,0.0,0.0
6,11,0.0,0.0,0.0,0.0,0.0,0.9375,0.0,0.9375,0.0,1.875,0.0,0.0,0.0,0.0,0.0,0.0,0.0,0.0,-7.5,0.0,0.9375,-1.875,0.0,0.0,0.0,0.0,-1.875,0.0,0.0,0.9375,0.0,0.0,0.0,3.75,0.0,0.0,0.0,0.0,0.0,-3.75,0.9375,0.0,0.0,-3.75,0.0,0.0,3.75,-1.875,0.0,0.0,0.0,-2.8125,0.0,0.0,0.0,0.0,7.5,0.0,0.0,9.375,15.0,0.0,18.75,0.0,0.0,0.0,0.0,0.0,0.0
7,9,0.0,0.0,0.0,0.0,0.0,0.0,0.0,3.75,0.0,0.9375,0.0,0.0,0.0,0.0,0.0,0.0,-1.875,0.0,-7.5,0.0,1.875,-3.75,0.0,0.0,0.0,1.875,-2.8125,-1.875,0.0,7.5,0.0,0.0,0.0,3.75,-3.75,0.0,0.0,3.75,3.75,-4.6875,3.75,0.0,0.0,-1.875,0.0,0.0,4.6875,0.0,0.0,0.0,0.0,-3.75,0.0,0.0,0.0,0.0,5.625,0.0,0.0,7.5,11.25,-1.875,16.875,0.0,0.0,0.0,0.0,0.0,0.0
7,10,0.0,0.0,0.0,0.0,0.0,0.0,0.0,3.75,0.0,0.9375,0.0,0.0,0.0,0.0,0.0,0.0,0.0,0.0,-7.5,0.0,0.9375,-3.75,0.0,0.0,0.0,0.9375,-2.8125,-1.875,0.0,3.75,0.0,0.0,0.0,3.75,-1.875,0.0,0.0,0.9375,0.0,-3.75,1.875,0.0,0.0,0.0,0.0,0.0,3.75,0.0,0.0,0.0,0.0,-3.75,0.0,0.9375,0.0,0.0,4.6875,0.0,0.0,7.5,11.25,-1.875,15.0,0.0,0.0,0.0,0.0,0.0,0.0
7,11,0.0,0.0,0.0,0.0,0.0,0.0,0.0,3.75,0.0,0.0,0.0,0.0,0.0,0.0,0.0,0.0,0.0,0.0,-7.5,0.0,0.9375,0.0,0.0,0.0,0.0,1.875,-2.8125,-1.875,0.0,3.75,0.0,0.0,0.0,3.75,-1.875,0.0,0.0,0.0,0.0,-3.75,0.9375,0.0,0.0,0.0,0.0,0.0,3.75,0.0,0.0,0.0,0.0,-3.75,0.0,0.0,0.0,0.0,3.75,0.0,0.0,7.5,12.1875,-1.875,15.0,0.0,0.0,0.0,0.0,0.0,0.0
8,9,0.0,0.0,0.0,0.0,0.0,0.0,0.0,3.75,0.0,0.0,0.0,-1.875,0.0,0.0,0.0,0.0,-1.875,0.0,-7.5,0.0,0.0,0.0,0.0,0.0,0.0,3.75,-3.75,-3.75,0.0,7.5,0.0,0.0,0.0,0.9375,-3.75,0.0,0.0,7.5,3.75,0.0,3.75,0.0,-1.875,3.75,0.0,0.0,4.6875,0.0,0.0,-3.75,0.0,-7.5,0.0,3.75,0.0,-1.875,3.75,3.75,0.0,7.5,11.25,0.0,15.0,0.0,0.0,0.0,0.0,0.0,0.9375
8,10,0.0,0.0,0.0,0.0,0.0,0.0,0.0,3.75,0.0,0.0,0.0,-1.875,0.0,0.0,0.0,0.0,0.0,0.0,-7.5,0.0,0.0,0.0,0.0,0.0,0.0,1.875,-3.75,-3.75,0.0,4.6875,0.0,0.0,0.0,0.0,-3.75,0.0,0.0,3.75,3.75,0.0,3.75,0.0,0.0,3.75,0.0,0.0,3.75,0.0,0.0,-3.75,0.0,-5.625,0.0,2.8125,0.0,-1.875,3.75,1.875,0.0,7.5,11.25,0.0,12.1875,0.0,0.0,0.0,0.0,0.0,0.0
8,11,0.0,0.0,0.0,0.0,0.0,0.0,0.0,3.75,0.0,0.0,0.0,-1.875,0.0,0.0,0.0,0.0,0.0,0.0,-7.5,0.0,0.0,0.0,0.0,0.0,0.0,0.9375,-3.75,-3.75,0.0,3.75,0.0,0.0,0.0,0.0,-3.75,0.0,0.0,3.75,0.9375,0.0,0.9375,0.0,0.0,3.75,0.0,0.0,3.75,0.0,0.0,-3.75,0.0,-3.75,0.0,0.9375,0.0,-1.875,3.75,0.0,0.0,5.625,11.25,0.0,12.1875,0.0,0.0,0.0,0.0,0.0,0.0
9,9,0.0,-1.875,0.0,-1.875,0.0,-1.875,0.0,0.9375,0.0,0.0,0.0,-2.8125,0.0,0.0,0.0,0.0,0.0,-1.875,-7.5,0.0,0.0,0.0,0.0,0.0,0.0,3.75,-3.75,-3.75,0.0,4.6875,0.0,0.0,0.0,0.0,-3.75,0.0,0.0,7.5,3.75,3.75,1.875,0.0,0.0,3.75,0.0,0.0,3.75,0.0,0.0,-3.75,0.0,-7.5,0.0,3.75,0.0,-3.75,3.75,0.9375,0.9375,3.75,7.5,0.0,12.1875,0.0,0.0,0.0,-1.875,0.0,1.875
9,10,0.0,-1.875,0.0,-1.875,0.0,-1.875,0.0,0.9375,0.0,0.0,0.0,-1.875,0.0,0.0,0.0,0.0,0.0,-0.9375,-3.75,0.0,0.0,0.0,0.0,0.0,0.0,3.75,-3.75,-3.75,0.0,3.75,0.0,0.0,0.0,0.0,-3.75,0.0,0.0,3.75,3.75,3.75,0.9375,0.0,0.0,3.75,0.0,0.0,3.75,0.0,0.0,-3.75,0.0,-3.75,0.0,3.75,0.0,-3.75,3.75,0.9375,0.9375,3.75,7.5,0.0,11.25,0.0,0.0,0.0,-1.875,0.0,0.9375
9,11,0.0,-1.875,0.0,-1.875,0.0,-1.875,0.0,0.9375,0.0,0.0,0.0,-1.875,0.0,0.0,0.0,0.0,0.0,0.0,-3.75,0.0,0.0,0.0,0.0,0.0,0.0,0.9375,-3.75,-3.75,0.0,3.75,0.0,0.0,0.0,0.0,-3.75,0.0,0.0,3.75,3.75,3.75,0.9375,0.0,0.0,3.75,0.0,0.0,3.75,0.0,0.0,-3.75,0.0,-3.75,0.0,3.75,0.0,-3.75,3.75,0.9375,0.9375,3.75,7.5,0.0,11.25,0.0,0.0,0.0,0.0,0.0,0.9375
10,9,0.0,-3.75,0.0,-3.75,0.0,-3.75,0.0,0.0,0.0,0.0,0.0,-3.75,0.0,0.0,-1.875,0.0,0.0,-2.8125,-3.75,0.0,0.0,3.75,0.0,0.0,0.0,1.875,-6.5625,-7.5,0.0,3.75,0.0,0.0,0.0,0.0,-3.75,0.0,-3.75,4.6875,3.75,5.625,0.0,0.0,-2.8125,3.75,-1.875,0.0,3.75,0.9375,0.0,-1.875,0.0,-7.5,0.0,3.75,0.0,-3.75,1.875,0.9375,3.75,3.75,7.5,-3.75,11.25,-1.875,0.0,0.9375,-1.875,0.0,0.0
10,10,0.0,-2.8125,0.0,-3.75,0.0,-3.75,0.0,0.0,0.0,0.0,0.0,-2.8125,0.0,0.0,-1.875,0.0,0.0,-1.875,0.0,0.0,0.0,3.75,0.0,0.0,0.0,0.9375,-3.75,-6.5625,0.0,3.75,0.0,0.0,0.0,0.0,-2.8125,0.0,-1.875,3.75,3.75,3.75,0.0,0.0,-1.875,3.75,-0.9375,0.0,0.9375,0.0,0.0,0.0,0.0,-3.75,0.0,0.9375,0.0,-3.75,0.9375,0.9375,3.75,3.75,7.5,-3.75,8.4375,-1.875,0.0,0.0,-1.875,0.0,0.0
10,11,0.0,-2.8125,0.0,-2.8125,0.0,-2.8125,0.0,0.0,0.0,0.0,0.0,-1.875,0.0,0.0,-1.875,0.0,0.0,-1.875,0.0,0.0,0.0,3.75,0.0,0.0,0.0,0.9375,-5.625,-6.5625,0.0,3.75,0.0,0.0,0.0,0.0,-3.75,0.0,-1.875,3.75,0.9375,3.75,0.0,0.0,0.0,3.75,0.0,0.0,0.9375,0.9375,0.0,0.0,0.0,-3.75,0.0,0.9375,0.0,-3.75,0.9375,0.9375,3.75,2.8125,7.5,-3.75,9.375,0.0,0.0,0.0,0.0,0.0,0.0
11,9,0.0,-3.75,0.0,-3.75,0.0,-3.75,0.0,-2.8125,0.0,0.0,0.0,-3.75,0.0,0.0,-3.75,0.0,0.0,-3.75,1.875,0.0,0.0,3.75,0.0,0.0,0.0,0.9375,-7.5,-9.375,3.75,3.75,0.0,0.0,0.0,0.0,-3.75,-1.875,-3.75,3.75,3.75,4.6875,-3.75,0.0,-3.75,3.75,-3.75,0.0,3.75,0.9375,0.0,0.0,0.0,-6.5625,0.0,0.0,0.0,-5.625,0.9375,1.875,3.75,0.0,5.625,-3.75,8.4375,0.0,-1.875,0.9375,0.0,0.0,0.0
11,10,0.0,-3.75,0.0,-3.75,0.0,-3.75,0.0,-2.8125,0.0,0.0,0.0,-3.75,0.0,0.0,-3.75,0.0,0.0,-3.75,3.75,0.0,0.0,3.75,0.0,0.0,0.0,0.9375,-6.5625,-7.5,0.9375,0.9375,0.0,0.0,0.0,0.0,-3.75,-0.9375,-3.75,3.75,0.9375,3.75,-2.8125,0.0,-3.75,3.75,-1.875,0.0,3.75,0.9375,0.0,0.0,0.0,-3.75,0.0,0.0,0.0,-3.75,0.9375,0.9375,3.75,0.0,4.6875,-3.75,7.5,0.0,-1.875,0.0,0.0,0.0,0.0
11,11,0.0,-3.75,0.0,-3.75,0.0,-3.75,0.0,-1.875,0.0,0.0,0.0,-1.875,0.0,0.0,-3.75,0.0,0.0,-3.75,3.75,0.0,0.0,3.75,0.0,0.0,0.0,0.9375,-6.5625,-7.5,0.9375,0.9375,0.0,0.0,0.0,0.0,-1.875,0.0,-3.75,3.75,0.9375,3.75,-2.8125,0.0,-3.75,3.75,-1.875,0.0,3.75,0.9375,0.0,0.0,0.0,0.0,0.0,0.0,0.0,-3.75,0.0,0.9375,3.75,0.0,3.75,-3.75,7.5,0.0,-1.875,0.0,0.0,0.0,-1.875
12,9,0.0,-5.625,0.0,-6.5625,0.0,-6.5625,0.0,-3.75,0.0,0.0,0.0,-3.75,0.0,0.0,-3.75,0.0,0.0,-5.625,3.75,0.0,0.0,0.9375,0.0,0.0,0.0,0.9375,-7.5,-11.25,0.9375,0.0,0.0,0.0,0.0,0.0,0.0,-1.875,-3.75,3.75,0.9375,3.75,-3.75,0.0,-3.75,3.75,-3.75,0.0,0.9375,0.0,0.0,-3.75,0.0,0.0,0.0,0.9375,0.0,-7.5,0.0,3.75,0.9375,0.0,4.6875,-2.8125,6.5625,0.0,0.0,0.9375,0.0,0.0,-3.75
12,10,0.0,-4.6875,0.0,-5.625,0.0,-6.5625,0.0,-3.75,0.0,0.0,0.0,-2.8125,0.0,0.0,-3.75,0.0,0.0,-3.75,3.75,0.0,0.0,0.9375,0.0,0.0,0.0,0.0,-3.75,-10.3125,0.9375,0.0,0.0,-1.875,0.0,0.0,0.0,0.0,-3.75,0.9375,0.0,3.75,-3.75,0.0,-3.75,3.75,-1.875,0.0,0.0,0.0,0.0,-1.875,0.0,0.0,0.0,0.0,0.0,-7.5,0.0,2.8125,0.9375,0.0,3.75,-1.875,4.6875,0.0,0.0,0.9375,0.0,0.0,-2.8125
12,11,0.0,-3.75,0.0,-4.6875,0.0,-5.625,0.0,-3.75,0.0,0.0,0.0,-1.875,0.0,0.0,-3.75,0.0,0.0,-3.75,3.75,0.0,0.0,0.9375,0.0,0.0,0.0,0.0,-3.75,-10.3125,0.0,0.0,0.0,0.0,0.0,0.0,0.0,0.0,-3.75,0.9375,0.0,3.75,-3.75,0.0,-3.75,3.75,0.0,0.0,0.0,0.0,0.0,0.0,0.0,0.0,0.0,0.0,0.0,-3.75,0.0,0.9375,0.9375,0.0,3.75,-1.875,5.625,0.0,-1.875,0.9375,0.0,0.0,-1.875
13,9,0.0,-7.5,0.0,-7.5,0.0,-7.5,0.0,-7.5,0.0,0.0,0.0,-1.875,0.0,0.0,-7.5,0.0,0.0,-7.5,3.75,0.0,0.0,0.0,0.0,0.0,0.0,0.0,-7.5,-13.125,0.0,0.0,0.0,-1.875,0.0,0.0,1.875,-1.875,-3.75,0.0,0.9375,3.75,-3.75,0.0,-3.75,3.75,-3.75,0.0,-1.875,0.0,-1.875,0.0,0.0,1.875,0.0,0.0,0.0,-3.75,0.0,0.0,0.9375,-3.75,4.6875,0.0,4.6875,0.0,-1.875,3.75,0.9375,0.0,0.0
13,10,0.0,-6.5625,0.0,-7.5,0.0,-7.5,0.0,-6.5625,0.0,0.0,0.0,-1.875,0.0,0.0,-7.5,0.0,0.0,-6.5625,3.75,0.0,0.0,0.0,0.0,0.0,0.0,0.0,0.0,-11.25,0.0,0.0,0.0,-1.875,0.0,0.0,0.0,-1.875,-3.75,0.0,0.0,0.9375,-3.75,0.0,-2.8125,3.75,-1.875,0.0,-1.875,0.0,0.0,0.0,0.0,1.875,0.0,0.0,0.0,-3.75,0.0,0.0,0.9375,-3.75,3.75,0.0,3.75,0.0,-1.875,0.9375,0.9375,0.0,0.0
13,11,0.0,-6.5625,0.0,-7.5,0.0,-7.5,0.0,-6.5625,0.0,0.0,0.0,-1.875,0.0,0.0,-6.5625,0.0,0.0,-6.5625,3.75,0.0,0.0,0.0,0.0,0.0,0.0,0.0,0.0,-11.25,0.0,0.0,0.0,-1.875,0.0,0.0,0.9375,0.0,-3.75,0.0,0.0,0.9375,-3.75,0.0,-1.875,3.75,-1.875,0.0,-1.875,0.0,0.0,0.9375,0.0,3.75,0.0,0.0,0.0,-3.75,0.0,0.0,0.9375,-2.8125,3.75,0.0,3.75,0.0,-1.875,0.9375,0.0,0.0,0.0
14,9,0.0,-7.5,0.0,-9.375,0.0,-9.375,0.0,-9.375,0.0,-2.8125,0.0,-1.875,0.0,0.0,-8.4375,0.0,0.0,-9.375,3.75,0.0,0.0,0.0,0.0,0.0,0.0,0.0,3.75,-13.125,0.9375,0.0,-3.75,-1.875,0.0,0.0,3.75,-1.875,-7.5,0.0,0.0,0.0,-7.5,0.0,-1.875,0.0,-3.75,0.0,0.0,0.0,-1.875,4.6875,0.0,3.75,0.0,0.0,0.0,-1.875,0.0,-1.875,0.0,-4.6875,4.6875,0.0,3.75,0.0,0.0,0.0,0.0,-3.75,0.0
14,10,0.0,-7.5,0.0,-7.5,0.0,-9.375,0.0,-7.5,0.0,-2.8125,0.0,-1.875,0.0,0.0,-8.4375,0.0,0.9375,-7.5,3.75,0.0,0.0,0.0,0.0,0.0,0.0,0.0,3.75,-11.25,0.0,0.0,-3.75,-1.875,0.0,0.0,1.875,-1.875,-1.875,0.0,0.0,-0.9375,-7.5,0.0,0.0,0.0,0.0,0.0,0.0,0.0,-1.875,3.75,0.0,3.75,0.0,0.0,0.0,-1.875,0.0,-1.875,0.0,-3.75,3.75,0.0,3.75,0.0,0.0,0.0,1.875,-3.75,0.0
14,11,0.0,-7.5,0.0,-7.5,0.0,-7.5,0.0,-7.5,0.0,-1.875,0.0,-1.875,0.0,0.0,-7.5,0.0,0.0,-7.5,3.75,0.0,0.0,0.0,0.0,0.0,0.0,0.0,3.75,-11.25,0.0,0.0,-1.875,0.0,0.0,0.0,1.875,0.0,-1.875,0.0,0.0,0.0,-7.5,0.0,0.0,0.0,-1.875,0.0,0.0,0.0,-1.875,3.75,0.0,3.75,0.0,0.0,0.0,0.0,0.0,0.0,0.0,-3.75,3.75,0.0,3.75,0.0,0.0,0.0,0.0,-1.875,0.0
15,9,0.0,-10.3125,0.0,-10.3125,0.0,-11.25,0.0,-11.25,0.0,-3.75,0.0,-3.75,0.0,0.0,-11.25,0.0,0.9375,-11.25,3.75,0.0,-1.875,-3.75,-1.875,0.0,0.0,0.0,7.5,-14.0625,0.9375,0.0,-3.75,0.0,0.0,0.0,3.75,-1.875,0.0,0.0,3.75,-1.875,-7.5,0.0,0.0,0.0,-3.75,0.0,0.0,0.0,-1.875,5.625,0.0,3.75,0.0,0.0,0.0,0.0,0.0,0.0,0.0,-3.75,3.75,0.0,0.9375,0.0,3.75,0.0,1.875,-2.8125,3.75
15,10,0.0,-9.375,0.0,-10.3125,0.0,-10.3125,0.0,-10.3125,0.0,-3.75,0.0,-3.75,0.0,0.0,-10.3125,0.0,0.0,-10.3125,3.75,0.0,-0.9375,-3.75,0.0,0.0,0.0,0.0,7.5,-11.25,0.0,0.0,-3.75,0.0,0.0,0.0,3.75,0.0,0.0,0.0,0.9375,-1.875,-7.5,0.0,0.0,0.0,-3.75,0.0,0.0,0.0,-1.875,3.75,0.0,3.75,0.0,0.0,0.0,0.0,0.0,0.0,0.0,-3.75,3.75,0.0,0.9375,0.0,0.0,0.0,1.875,-1.875,3.75
15,11,0.0,-8.4375,0.0,-10.3125,0.0,-11.25,0.0,-10.3125,0.0,-3.75,0.0,-3.75,0.0,0.0,-10.3125,0.0,0.0,-10.3125,1.875,0.0,0.0,-3.75,-0.9375,0.0,0.0,0.0,5.625,-11.25,0.0,0.0,-1.875,0.0,0.0,0.0,3.75,0.0,0.0,0.0,0.0,0.0,-7.5,0.0,0.0,0.0,-3.75,0.0,0.0,0.0,0.0,3.75,0.0,3.75,0.0,0.0,0.0,0.9375,0.0,0.0,0.0,-3.75,3.75,0.0,0.9375,0.0,0.0,0.0,0.9375,-1.875,0.0
16,9,0.0,-11.25,0.0,-11.25,0.0,-12.1875,0.0,-13.125,0.0,-3.75,0.0,-3.75,0.0,0.0,-13.125,0.0,0.0,-13.125,0.0,0.0,-3.75,-5.625,-3.75,0.0,0.0,0.0,7.5,-9.375,0.0,0.0,-1.875,0.0,0.0,0.9375,5.625,0.0,1.875,0.0,3.75,-1.875,-7.5,0.0,0.9375,0.0,-7.5,0.0,-3.75,-3.75,-1.875,0.0,0.0,3.75,-2.8125,0.0,0.0,3.75,0.0,-2.8125,-3.75,-3.75,3.75,0.0,0.0,0.0,3.75,-1.875,0.9375,0.0,7.5
16,10,0.0,-11.25,0.0,-11.25,0.0,-11.25,0.0,-11.25,0.0,-3.75,0.0,-3.75,0.0,0.0,-11.25,0.0,0.0,-11.25,0.0,0.0,-2.8125,-3.75,-2.8125,0.0,0.0,0.0,4.6875,0.0,0.0,0.0,-1.875,0.9375,0.0,0.9375,3.75,0.0,3.75,0.0,0.9375,-1.875,-7.5,0.0,0.9375,0.0,-3.75,0.0,-1.875,-1.875,-1.875,0.0,0.0,2.8125,-1.875,0.0,0.0,3.75,0.0,-2.8125,-1.875,-1.875,3.75,0.0,0.0,0.0,1.875,0.0,0.0,0.0,3.75
16,11,0.0,-11.25,0.0,-11.25,0.0,-11.25,0.0,-11.25,0.0,-3.75,0.0,-3.75,0.0,0.0,-11.25,0.0,0.0,-11.25,0.9375,0.0,-2.8125,-3.75,-3.75,0.0,0.0,0.0,5.625,0.0,0.0,0.0,-1.875,0.0,0.0,0.9375,3.75,0.0,3.75,0.0,0.0,-1.875,-6.5625,0.0,0.0,0.0,-3.75,0.0,-1.875,-1.875,0.0,0.0,0.0,3.75,-1.875,0.0,0.0,3.75,0.0,-1.875,-1.875,-3.75,3.75,0.0,0.0,0.0,0.9375,0.0,0.9375,0.0,3.75
17,9,0.0,-11.25,0.0,-13.125,0.0,-14.0625,0.0,-15.0,0.0,-3.75,0.0,-5.625,0.0,0.0,-15.0,0.0,0.0,-15.0,0.0,0.0,-6.5625,-7.5,-6.5625,0.0,0.0,0.0,4.6875,8.4375,0.9375,0.0,-1.875,0.0,0.0,0.9375,3.75,0.0,3.75,0.0,3.75,-7.5,-3.75,0.0,0.0,0.0,-7.5,0.0,-3.75,-3.75,0.0,0.0,0.0,0.9375,-2.8125,0.0,0.0,5.625,0.0,-3.75,-1.875,0.9375,0.9375,0.9375,0.0,0.0,3.75,-3.75,0.0,0.0,4.6875
17,10,0.0,-11.25,0.0,-13.125,0.0,-14.0625,0.0,-14.0625,0.0,-3.75,0.0,-3.75,0.0,0.0,-15.0,0.0,0.0,-14.0625,0.0,0.0,-5.625,-7.5,-5.625,0.0,0.0,0.0,3.75,7.5,0.0,0.0,-3.75,0.0,0.0,0.0,3.75,0.0,3.75,0.0,3.75,-3.75,-3.75,0.0,0.0,0.0,-1.875,0.0,-1.875,-3.75,0.0,0.0,0.0,0.9375,-2.8125,0.0,0.0,4.6875,0.0,-3.75,0.0,0.9375,0.0,0.9375,0.0,0.0,3.75,-3.75,0.0,0.0,3.75
17,11,0.0,-11.25,0.0,-13.125,0.0,-14.0625,0.0,-14.0625,0.0,-3.75,0.0,-4.6875,0.0,0.0,-14.0625,0.0,0.0,-14.0625,0.0,0.0,-3.75,-6.5625,-3.75,0.0,0.0,0.0,3.75,7.5,0.0,0.0,-3.75,0.0,0.0,0.0,3.75,0.0,3.75,0.0,0.9375,-3.75,-3.75,0.0,0.0,0.0,-3.75,0.0,-1.875,-3.75,0.0,0.0,0.0,0.9375,-2.8125,0.0,0.0,3.75,0.0,-3.75,0.0,0.0,0.9375,0.0,0.0,0.0,0.9375,-2.8125,0.0,0.0,3.75
18,9,0.0,-13.125,0.0,-14.0625,0.0,-15.0,0.0,-15.0,0.0,-3.75,0.0,-7.5,0.0,0.0,-15.0,0.0,0.0,-16.875,0.0,0.0,-7.5,-7.5,-6.5625,0.0,0.0,0.9375,3.75,11.25,0.0,0.9375,-1.875,0.0,0.0,0.0,3.75,0.0,3.75,0.0,3.75,-6.5625,3.75,0.0,0.0,-1.875,-3.75,0.0,0.0,-3.75,0.0,0.0,0.0,0.9375,-3.75,3.75,0.0,3.75,-1.875,-3.75,0.0,7.5,0.0,0.0,-1.875,-1.875,3.75,-3.75,0.0,0.0,3.75
18,10,0.0,-14.0625,0.0,-14.0625,0.0,-15.0,0.0,-15.0,0.0,-3.75,0.0,-7.5,0.0,0.0,-15.0,0.0,0.0,-15.0,0.0,0.0,-6.5625,-7.5,-3.75,0.0,0.0,0.0,3.75,8.4375,0.0,0.9375,-3.75,0.0,0.0,0.0,0.9375,0.0,3.75,0.0,0.9375,-3.75,0.0,0.0,0.0,-1.875,0.0,0.0,0.0,-3.75,0.0,0.0,0.0,0.9375,-3.75,1.875,0.0,3.75,0.0,-1.875,0.0,3.75,0.0,0.0,-1.875,-1.875,2.8125,-3.75,0.0,0.0,3.75
18,11,0.0,-11.25,0.0,-14.0625,0.0,-15.0,0.0,-15.0,0.0,-3.75,0.0,-7.5,0.0,0.0,-15.0,0.0,-1.875,-15.0,0.0,0.0,-6.5625,-6.5625,-5.625,0.0,0.0,0.0,3.75,8.4375,0.0,0.0,-3.75,0.0,0.0,0.0,0.9375,0.0,3.75,0.0,0.9375,-3.75,0.0,0.0,0.0,-1.875,0.0,0.0,0.0,-3.75,0.0,0.0,0.0,0.9375,-3.75,0.0,0.0,3.75,0.0,-3.75,0.0,3.75,0.0,0.0,-0.9375,0.0,3.75,-3.75,0.0,0.0,3.75
19,9,0.0,-14.0625,0.0,-15.0,0.0,-15.0,0.0,-16.875,0.0,-3.75,0.0,-7.5,0.0,0.0,-16.875,0.0,-1.875,-16.875,0.0,0.0,-9.375,-7.5,-7.5,0.0,0.0,1.875,3.75,9.375,0.0,0.9375,0.0,0.0,0.0,0.0,0.9375,0.0,3.75,0.0,0.9375,-3.75,7.5,-1.875,0.9375,-3.75,0.0,0.0,0.0,-1.875,0.0,0.0,0.0,0.0,-3.75,3.75,0.0,1.875,-2.8125,0.0,0.0,7.5,0.0,0.0,-1.875,-3.75,3.75,-3.75,0.0,0.9375,3.75
19,10,0.0,-13.125,0.0,-15.0,0.0,-15.0,0.0,-15.9375,0.0,-1.875,0.0,-7.5,0.0,0.0,-15.0,0.0,-2.8125,-16.875,0.0,0.0,-7.5,-3.75,-5.625,0.0,0.0,0.0,3.75,8.4375,0.0,0.9375,-1.875,0.0,0.0,0.0,0.9375,0.0,3.75,0.0,0.9375,-3.75,3.75,0.0,0.9375,-2.8125,3.75,0.0,0.0,0.0,0.0,0.0,0.0,0.0,-3.75,1.875,0.0,0.9375,-2.8125,0.0,0.0,7.5,0.0,0.0,-1.875,-2.8125,3.75,-3.75,0.0,0.0,3.75
19,11,0.0,-11.25,0.0,-15.0,0.0,-15.0,0.0,-15.0,0.0,0.0,0.0,-7.5,0.0,0.0,-17.8125,0.0,-1.875,-15.0,0.0,0.0,-7.5,-3.75,-6.5625,0.0,0.0,0.0,3.75,8.4375,0.0,0.0,-1.875,0.0,0.0,0.0,0.9375,0.0,3.75,0.0,0.0,-1.875,3.75,-1.875,0.0,-1.875,3.75,0.0,0.0,0.0,0.0,0.0,0.0,0.0,-3.75,0.9375,0.0,0.9375,-1.875,0.0,0.0,4.6875,0.0,0.0,-1.875,-2.8125,3.75,-3.75,0.0,0.0,3.75
20,9,0.0,-15.0,0.0,-15.0,0.0,-15.0,0.0,-17.8125,0.0,0.0,0.0,-7.5,0.0,0.0,-16.875,0.0,-3.75,-18.75,0.0,0.0,-11.25,-7.5,-7.5,0.0,0.0,0.9375,1.875,7.5,0.0,0.9375,0.0,0.0,0.0,0.0,0.9375,-3.75,3.75,0.0,0.0,0.0,3.75,-3.75,0.0,-1.875,3.75,0.0,0.0,-3.75,0.0,3.75,0.0,-2.8125,-3.75,3.75,0.0,3.75,-3.75,3.75,0.0,7.5,-1.875,-1.875,-3.75,-3.75,3.75,-3.75,0.0,3.75,3.75
20,10,0.0,-13.125,0.0,-15.0,0.0,-15.0,0.0,-16.875,0.0,0.0,0.0,-7.5,0.0,0.0,-17.8125,0.0,-3.75,-16.875,0.0,0.0,-10.3125,-3.75,-7.5,0.0,0.0,0.0,0.9375,7.5,0.0,0.9375,0.0,0.0,0.0,0.0,0.9375,-1.875,2.8125,0.0,0.0,0.0,1.875,-3.75,0.9375,-1.875,3.75,0.0,0.0,-1.875,0.0,0.9375,0.0,-2.8125,-3.75,3.75,0.0,3.75,-3.75,0.9375,0.0,4.6875,-1.875,-1.875,-1.875,-2.8125,1.875,-3.75,0.0,0.9375,1.875
20,11,0.0,-11.25,0.0,-15.0,0.0,-15.0,0.0,-17.8125,0.0,0.0,0.0,-7.5,0.0,0.0,-17.8125,0.0,-3.75,-16.875,0.0,0.0,-10.3125,-3.75,-7.5,0.0,0.0,0.0,0.9375,7.5,0.0,0.0,0.0,0.0,0.0,0.0,0.9375,-1.875,3.75,0.0,0.0,0.0,3.75,-3.75,0.0,-1.875,3.75,0.0,0.0,0.0,0.0,0.9375,0.0,-2.8125,-3.75,0.9375,0.0,3.75,-3.75,0.0,0.0,4.6875,-0.9375,0.0,-1.875,-2.8125,0.9375,-3.75,0.0,3.75,3.75
21,9,0.0,-11.25,0.0,-15.0,0.0,-15.0,0.0,-17.8125,0.0,0.0,0.0,-7.5,0.0,0.0,-16.875,0.0,-1.875,-18.75,0.0,0.0,-13.125,-3.75,-7.5,0.0,0.0,1.875,0.0,7.5,0.9375,0.0,0.0,-3.75,0.0,0.0,0.9375,-3.75,3.75,0.0,0.0,0.9375,3.75,-3.75,0.0,-3.75,3.75,0.0,0.9375,-3.75,0.0,3.75,0.0,-3.75,-1.875,3.75,0.0,3.75,-6.5625,3.75,0.0,7.5,-2.8125,-3.75,0.0,-3.75,1.875,-3.75,0.0,3.75,-1.875
21,10,0.0,-14.0625,0.0,-15.0,0.0,-15.0,0.0,-16.875,0.0,0.0,0.0,-7.5,0.0,0.0,-18.75,0.0,-1.875,-16.875,0.0,0.0,-11.25,0.0,-7.5,0.0,0.0,0.9375,0.9375,7.5,0.9375,0.0,-1.875,-3.75,0.0,0.0,0.9375,-3.75,2.8125,0.0,0.0,1.875,0.9375,-2.8125,0.0,-1.875,4.6875,0.0,0.0,-3.75,0.0,3.75,0.0,-3.75,0.0,3.75,0.0,0.9375,-5.625,0.0,0.0,4.6875,-1.875,-1.875,-1.875,-3.75,0.9375,0.0,0.0,1.875,0.0
21,11,0.0,-11.25,0.0,-15.0,0.0,-15.0,0.0,-15.0,0.0,0.0,0.0,-7.5,0.0,0.0,-16.875,0.0,-1.875,-15.0,0.0,0.0,-11.25,0.0,-7.5,0.0,0.0,0.9375,0.0,7.5,0.0,0.0,0.0,-3.75,0.0,0.0,0.0,-3.75,3.75,0.0,0.0,0.0,3.75,-1.875,0.0,-2.8125,3.75,0.0,0.0,-1.875,0.0,0.9375,0.0,-3.75,-3.75,3.75,0.0,0.9375,-3.75,0.0,0.0,4.6875,-1.875,-1.875,0.0,-3.75,0.0,0.0,0.0,3.75,0.0
22,9,0.0,-7.5,0.0,-7.5,0.0,-11.25,0.0,-15.0,0.0,0.0,0.0,-3.75,0.0,0.0,-15.0,0.0,0.0,-16.875,0.0,0.0,-14.0625,3.75,0.0,-2.8125,0.0,1.875,0.0,4.6875,0.9375,0.0,0.0,-6.5625,0.0,0.0,0.0,-3.75,0.9375,0.0,0.0,0.0,3.75,0.0,0.0,-3.75,4.6875,0.0,0.0,0.0,0.0,3.75,0.0,-5.625,3.75,3.75,0.0,0.0,-7.5,3.75,0.9375,4.6875,-3.75,-3.75,0.0,-5.625,0.0,0.0,0.0,0.9375,-3.75
22,10,0.0,-3.75,0.0,-7.5,0.0,-11.25,0.0,-15.0,0.0,0.0,0.0,-3.75,0.0,0.0,-15.0,0.0,0.0,-15.0,0.0,0.0,-11.25,0.9375,0.0,-2.8125,0.0,0.9375,0.0,4.6875,0.0,0.0,-2.8125,-3.75,0.0,0.0,0.0,-3.75,0.9375,0.0,0.0,0.0,3.75,0.0,0.0,-3.75,3.75,0.0,0.0,0.0,0.0,0.0,0.0,-4.6875,0.9375,3.75,0.0,0.9375,-7.5,0.9375,0.9375,3.75,-1.875,-2.8125,0.0,-3.75,0.0,0.0,0.0,1.875,-3.75
22,11,0.0,0.0,0.0,0.0,0.0,0.0,0.0,7.5,0.0,0.0,0.0,-3.75,0.0,0.0,-15.0,0.0,0.0,-9.375,0.0,0.0,-12.1875,0.0,0.0,-2.8125,0.0,0.9375,0.0,3.75,0.0,0.0,-1.875,-3.75,0.0,0.0,0.0,-3.75,0.0,0.0,0.0,0.0,3.75,0.0,0.0,-3.75,3.75,0.0,0.0,0.0,0.0,0.0,0.0,-3.75,0.0,3.75,0.0,0.0,-7.5,0.9375,0.9375,3.75,-1.875,-2.8125,0.0,-3.75,0.0,0.0,0.0,0.0,-2.8125
23,9,0.0,9.375,0.0,11.25,0.0,11.25,0.0,15.0,0.0,0.0,0.0,1.875,0.0,0.0,13.125,0.0,1.875,15.9375,0.0,0.0,-18.75,3.75,7.5,-3.75,0.0,0.0,0.0,3.75,0.0,0.0,-3.75,-7.5,0.0,0.0,0.0,-3.75,0.0,0.0,0.0,0.0,3.75,0.0,0.0,-3.75,3.75,0.0,0.0,0.0,0.0,0.9375,0.0,-7.5,7.5,0.0,0.0,0.0,-10.3125,3.75,3.75,3.75,-3.75,0.0,0.0,-3.75,0.0,0.9375,0.0,0.0,-1.875
23,10,0.0,7.5,0.0,11.25,0.0,11.25,0.0,15.0,0.0,0.0,0.0,0.9375,0.0,0.0,15.0,0.0,0.9375,13.125,0.0,0.0,-15.0,3.75,7.5,-3.75,0.0,0.0,0.0,3.75,0.0,0.0,-3.75,-3.75,0.0,0.0,0.0,-3.75,0.0,0.0,0.0,0.0,3.75,0.0,0.0,-3.75,1.875,0.0,0.0,0.0,0.0,0.0,0.0,-6.5625,4.6875,0.0,0.0,0.0,-7.5,1.875,3.75,1.875,-2.8125,0.0,0.0,-3.75,0.0,0.9375,0.0,0.0,-1.875
23,11,0.0,7.5,0.0,11.25,0.0,11.25,0.0,15.0,0.0,0.0,0.0,3.75,0.0,0.0,13.125,0.0,3.75,11.25,0.0,0.0,-15.0,0.9375,7.5,-3.75,0.0,0.0,0.0,3.75,0.0,0.0,-3.75,-3.75,0.0,0.0,0.0,-3.75,0.0,0.0,0.0,0.0,3.75,0.0,0.0,-3.75,3.75,0.0,0.0,0.0,0.0,0.0,0.0,-6.5625,3.75,0.0,0.0,0.0,-7.5,0.9375,3.75,1.875,-1.875,0.0,0.0,-3.75,0.0,0.9375,0.0,0.0,-1.875
24,9,0.0,11.25,0.0,11.25,0.0,11.25,0.0,15.0,-2.8125,0.0,0.0,3.75,0.0,0.0,13.125,0.0,3.75,15.9375,0.0,0.0,-21.5625,0.9375,9.375,-3.75,0.0,0.0,0.0,1.875,0.0,0.0,-3.75,-7.5,-3.75,0.0,-0.9375,-5.625,0.0,0.0,-1.875,0.0,0.9375,0.0,-1.875,-3.75,0.9375,0.0,0.0,0.0,0.0,3.75,0.0,-7.5,8.4375,-3.75,0.0,-3.75,-11.25,0.9375,0.0,0.0,0.0,3.75,0.0,-3.75,-1.875,1.875,0.0,0.0,-5.625
24,10,0.0,11.25,0.0,11.25,0.0,11.25,0.0,15.0,-1.875,0.0,0.0,3.75,0.0,0.0,15.0,0.0,3.75,15.0,0.0,0.0,-16.875,3.75,7.5,-4.6875,0.0,0.0,0.0,1.875,0.0,0.0,-3.75,-7.5,-1.875,-0.9375,-0.9375,-3.75,0.0,0.0,-1.875,0.0,0.9375,-1.875,-0.9375,-3.75,0.0,0.0,0.0,0.0,0.0,1.875,0.0,-7.5,4.6875,-2.8125,0.0,-2.8125,-8.4375,0.9375,0.0,0.0,0.0,0.9375,0.0,-1.875,-1.875,0.9375,0.0,0.0,-1.875
24,11,0.0,9.375,0.0,11.25,0.0,11.25,0.0,15.0,-1.875,0.0,0.0,3.75,0.0,0.0,13.125,0.0,3.75,13.125,0.0,0.0,-15.0,0.9375,7.5,-3.75,0.0,0.0,0.0,0.9375,0.0,0.0,-3.75,-3.75,-3.75,0.0,0.0,-3.75,0.0,0.0,0.0,0.0,0.9375,0.0,-0.9375,-3.75,0.9375,0.0,0.0,0.0,0.0,1.875,0.0,-7.5,4.6875,-2.8125,0.0,-1.875,-8.4375,0.9375,0.0,0.0,0.0,0.0,0.0,-1.875,-1.875,0.9375,0.0,0.0,-3.75
25,9,0.0,8.4375,0.0,11.25,0.0,11.25,0.0,13.125,-3.75,0.0,0.0,3.75,0.0,0.0,11.25,0.0,3.75,15.0,0.0,0.0,-22.5,0.9375,7.5,-6.5625,0.0,-1.875,0.0,0.0,0.0,-0.9375,-7.5,-3.75,-5.625,0.0,-1.875,-3.75,0.0,0.0,0.0,0.9375,0.0,0.9375,-2.8125,-3.75,0.0,0.0,-3.75,0.0,0.0,0.0,0.0,-10.3125,7.5,-2.8125,0.0,0.0,-11.25,0.0,0.0,0.0,0.0,3.75,0.0,-7.5,-1.875,0.0,0.0,0.0,-7.5
25,10,0.0,8.4375,0.0,11.25,0.0,11.25,0.0,13.125,-3.75,0.0,0.0,3.75,0.0,0.0,11.25,0.0,3.75,13.125,0.0,0.0,-15.0,0.9375,7.5,-6.5625,0.0,-1.875,0.0,0.0,-1.875,0.0,-7.5,-3.75,-3.75,-1.875,-1.875,-3.75,0.0,0.0,0.0,0.0,0.0,0.0,-1.875,-1.875,0.0,0.0,-2.8125,0.0,0.0,0.0,0.0,-7.5,4.6875,-3.75,0.0,0.0,-11.25,0.0,0.0,0.0,0.0,0.9375,0.0,-1.875,-0.9375,0.0,0.0,0.0,-6.5625
25,11,0.0,7.5,0.0,11.25,0.0,11.25,0.0,11.25,-3.75,0.0,0.0,3.75,0.0,0.0,11.25,0.0,3.75,11.25,0.0,0.0,-15.0,0.0,7.5,-6.5625,0.0,0.0,0.0,0.0,0.0,0.0,-6.5625,-3.75,-3.75,-1.875,-1.875,-1.875,0.0,0.0,0.0,0.0,0.0,0.0,-1.875,-1.875,0.0,0.0,-2.8125,0.0,0.0,0.0,0.0,-7.5,4.6875,-3.75,0.0,0.0,-10.3125,0.0,0.0,0.0,0.0,0.0,0.0,-2.8125,0.0,0.0,0.0,0.0,-6.5625
26,9,0.0,7.5,0.0,9.375,0.0,11.25,0.0,11.25,-5.625,0.0,0.0,3.75,0.0,0.0,11.25,0.0,3.75,15.0,0.0,0.0,20.625,0.0,7.5,-7.5,0.0,-9.375,0.0,0.0,-3.75,-3.75,-9.375,0.0,-3.75,-2.8125,-3.75,0.0,0.0,0.0,0.0,0.0,0.0,1.875,-3.75,0.0,-1.875,-1.875,-3.75,0.0,0.0,-3.75,0.0,-11.25,5.625,-3.75,0.0,0.0,-11.25,0.0,0.0,-3.75,0.0,0.0,0.0,-1.875,0.0,0.0,-2.8125,0.0,-4.6875
26,10,0.0,7.5,0.0,8.4375,0.0,11.25,0.0,11.25,-3.75,0.0,0.0,3.75,0.0,0.0,11.25,0.0,3.75,11.25,0.0,0.0,9.375,0.0,7.5,-6.5625,0.0,-5.625,0.0,0.0,-3.75,-2.8125,-7.5,0.0,-3.75,-3.75,-3.75,0.0,0.0,0.0,0.0,0.0,0.0,0.9375,-3.75,0.0,-1.875,-1.875,-3.75,0.0,0.0,-3.75,0.0,-9.375,3.75,-3.75,0.0,0.0,-7.5,0.0,0.0,-2.8125,0.0,0.0,0.0,-1.875,0.0,0.0,-1.875,0.0,-3.75
26,11,0.0,7.5,0.0,11.25,0.0,11.25,0.0,11.25,-3.75,0.0,0.0,3.75,0.0,0.0,11.25,0.0,3.75,13.125,0.0,0.0,9.375,0.0,7.5,-6.5625,0.0,-5.625,0.0,0.0,-3.75,-1.875,-7.5,0.0,-3.75,-2.8125,-3.75,0.0,0.0,0.0,0.0,0.0,0.0,0.9375,-3.75,0.0,0.0,0.0,-3.75,0.0,0.0,-3.75,0.0,-10.3125,4.6875,-3.75,0.0,0.0,-7.5,0.0,0.0,-2.8125,0.0,0.0,0.0,0.0,0.0,0.0,-3.75,0.0,-3.75
27,9,0.0,7.5,0.0,8.4375,0.0,7.5,0.0,9.375,-7.5,0.0,0.0,0.9375,0.0,0.0,7.5,0.0,3.75,11.25,0.0,0.0,18.75,0.0,4.6875,-7.5,0.0,-9.375,0.0,0.0,-3.75,-1.875,-11.25,3.75,-3.75,-3.75,-3.75,3.75,0.0,0.0,0.0,0.0,0.0,0.9375,-3.75,1.875,-3.75,-3.75,-5.625,0.0,0.0,-5.625,0.0,-11.25,3.75,-7.5,0.0,-5.625,3.75,0.0,0.0,-3.75,0.0,0.0,0.0,1.875,-3.75,0.0,-1.875,-3.75,0.0
27,10,0.0,7.5,0.0,7.5,0.0,8.4375,0.0,9.375,-6.5625,0.0,0.0,0.9375,0.0,0.0,8.4375,0.0,3.75,11.25,0.0,0.0,15.0,0.0,4.6875,-3.75,0.0,-9.375,0.0,0.0,-5.625,-1.875,-9.375,3.75,-1.875,-3.75,-3.75,3.75,0.0,0.0,0.0,0.0,0.0,0.9375,-3.75,0.0,-3.75,-2.8125,-5.625,0.0,0.0,-3.75,0.0,-7.5,3.75,-7.5,0.0,-3.75,3.75,0.0,0.0,-3.75,0.0,0.0,0.0,0.0,-1.875,0.0,-3.75,-3.75,0.0
27,11,0.0,7.5,0.0,8.4375,0.0,8.4375,0.0,9.375,-6.5625,0.0,0.0,0.9375,0.0,0.0,8.4375,0.0,1.875,11.25,0.0,0.0,15.0,0.0,4.6875,-3.75,0.0,-9.375,0.0,0.0,-5.625,-1.875,-7.5,3.75,-3.75,-3.75,-3.75,3.75,0.0,0.0,0.0,0.0,0.0,1.875,-3.75,0.0,-3.75,-1.875,-4.6875,0.0,0.0,-3.75,0.0,-7.5,3.75,-5.625,0.0,-3.75,0.9375,0.0,0.0,-3.75,0.0,0.0,0.0,1.875,-1.875,0.0,-1.875,-3.75,0.0
28,9,0.0,7.5,0.0,7.5,0.0,7.5,0.0,7.5,-7.5,-1.875,0.0,0.0,0.0,-1.875,7.5,0.0,0.9375,8.4375,0.0,0.0,18.75,0.0,3.75,-3.75,0.0,-9.375,-1.875,0.0,-6.5625,0.0,-11.25,7.5,-7.5,-6.5625,-6.5625,3.75,0.0,0.0,-1.875,0.0,0.0,0.0,-7.5,1.875,-3.75,0.0,-7.5,0.0,0.0,-7.5,0.0,-7.5,3.75,-7.5,0.0,-3.75,11.25,0.0,0.0,-3.75,0.0,-1.875,0.0,3.75,-3.75,0.0,-1.875,-3.75,3.75
28,10,0.0,7.5,0.0,7.5,0.0,7.5,0.0,7.5,-6.5625,-1.875,0.0,0.0,0.0,-1.875,7.5,0.0,0.9375,8.4375,0.0,0.0,15.0,0.0,3.75,0.0,0.0,-9.375,-1.875,0.0,-7.5,0.0,-9.375,4.6875,0.0,-6.5625,-6.5625,3.75,0.0,0.0,-1.875,-1.875,0.0,0.9375,-7.5,0.0,-3.75,-1.875,-7.5,0.0,0.0,-7.5,0.0,-3.75,3.75,-6.5625,0.0,-3.75,7.5,0.0,0.0,-2.8125,0.9375,-1.875,0.0,1.875,-3.75,0.0,-1.875,-3.75,0.0
28,11,0.0,7.5,0.0,7.5,0.0,7.5,0.0,7.5,-6.5625,0.0,0.0,0.0,0.0,-0.9375,7.5,0.0,0.9375,8.4375,0.0,0.0,15.0,0.0,3.75,0.0,0.0,-9.375,0.0,0.0,-7.5,0.0,-7.5,4.6875,-3.75,-6.5625,-6.5625,3.75,0.0,0.0,-1.875,-1.875,0.0,0.0,-6.5625,0.0,-3.75,0.0,-7.5,0.0,0.0,-7.5,0.0,-3.75,3.75,-3.75,0.0,-3.75,7.5,0.0,0.0,-3.75,0.0,0.0,0.0,3.75,-1.875,0.0,0.0,-3.75,0.0
29,9,0.0,4.6875,0.0,5.625,0.0,6.5625,0.0,6.5625,-7.5,-2.8125,0.0,0.0,0.0,-2.8125,4.6875,0.0,1.875,7.5,0.0,0.0,15.9375,0.0,3.75,3.75,0.0,-13.125,-1.875,0.0,-7.5,0.0,-9.375,5.625,-6.5625,-7.5,-7.5,3.75,0.0,0.0,0.0,-3.75,-3.75,0.0,-7.5,0.0,-3.75,0.0,-9.375,0.0,0.0,-10.3125,0.0,13.125,3.75,-3.75,0.0,-3.75,11.25,0.0,-3.75,0.0,0.0,0.0,0.9375,0.9375,-3.75,0.0,0.0,-3.75,-1.875
29,10,0.0,4.6875,0.0,5.625,0.0,6.5625,0.0,5.625,-7.5,-2.8125,0.0,0.0,0.0,-1.875,4.6875,0.0,0.9375,7.5,0.0,0.0,12.1875,0.0,0.9375,3.75,0.0,-11.25,-3.75,0.0,-7.5,0.0,-5.625,5.625,-3.75,-7.5,-7.5,1.875,0.0,0.0,-1.875,-3.75,-2.8125,0.0,-7.5,0.0,-3.75,0.0,-7.5,0.0,0.0,-9.375,0.0,7.5,0.9375,-3.75,0.0,-3.75,8.4375,0.0,-2.8125,0.0,0.0,0.0,0.9375,0.9375,-3.75,0.0,0.0,-3.75,0.0
29,11,0.0,4.6875,0.0,5.625,0.0,6.5625,0.0,5.625,-7.5,-1.875,0.0,0.0,0.0,-1.875,4.6875,0.0,0.9375,7.5,0.0,0.0,15.0,0.0,0.9375,3.75,0.0,-11.25,-1.875,0.0,-9.375,0.0,0.0,3.75,-3.75,-7.5,-7.5,3.75,0.0,0.0,-1.875,-3.75,-1.875,0.0,-7.5,0.0,-3.75,0.0,-8.4375,0.0,0.0,-9.375,0.0,7.5,0.9375,-3.75,0.0,-3.75,7.5,0.0,-2.8125,-1.875,0.0,0.0,0.0,0.0,-3.75,0.0,0.0,-3.75,0.0
30,9,0.0,3.75,0.0,4.6875,0.0,3.75,0.0,3.75,-7.5,-2.8125,0.0,0.0,0.0,-3.75,3.75,0.0,0.0,4.6875,0.0,0.0,15.0,0.0,0.0,7.5,0.0,-15.0,0.0,0.0,-11.25,0.0,11.25,3.75,0.0,-10.3125,-11.25,0.9375,0.0,0.0,0.0,-3.75,-3.75,0.0,-10.3125,0.0,-3.75,0.0,-11.25,0.0,0.0,-11.25,0.0,15.0,0.0,3.75,0.0,-3.75,11.25,0.0,-6.5625,0.0,0.0,1.875,0.0,0.0,-3.75,0.0,1.875,-3.75,3.75
30,10,0.0,3.75,0.0,3.75,0.0,3.75,0.0,3.75,-6.5625,-2.8125,0.0,0.0,0.0,-3.75,3.75,0.0,0.0,3.75,0.0,0.0,11.25,0.0,0.0,4.6875,0.0,-12.1875,0.0,0.0,-11.25,0.0,3.75,3.75,0.0,-9.375,-10.3125,0.9375,0.0,0.0,0.0,-3.75,-3.75,0.0,-10.3125,0.0,-3.75,0.0,-11.25,0.0,0.0,-11.25,0.0,11.25,0.0,0.0,0.0,-3.75,7.5,0.0,-3.75,0.0,0.0,0.9375,0.0,0.0,-3.75,0.0,0.9375,-1.875,1.875
30,11,0.0,3.75,0.0,3.75,0.0,3.75,0.0,3.75,-6.5625,-1.875,0.0,0.0,0.0,-3.75,3.75,0.0,0.0,4.6875,0.0,0.0,11.25,0.0,0.0,4.6875,0.0,-14.0625,-1.875,0.0,-11.25,0.0,4.6875,3.75,0.0,-10.3125,-10.3125,0.9375,0.0,0.0,-1.875,-3.75,-2.8125,0.0,-10.3125,0.0,-3.75,0.0,-11.25,0.0,0.0,-11.25,0.0,11.25,0.0,0.0,0.0,-3.75,7.5,0.0,-3.75,0.0,0.0,0.9375,0.0,0.0,-3.75,0.0,0.0,-3.75,3.75
31,9,0.0,3.75,0.0,3.75,0.0,3.75,0.0,3.75,-3.75,-3.75,0.0,0.0,0.0,-3.75,3.75,0.0,0.0,3.75,0.0,0.0,12.1875,0.0,0.0,7.5,0.0,-15.0,0.0,0.0,-11.25,0.0,13.125,3.75,4.6875,-11.25,-11.25,0.0,0.9375,0.0,-5.625,-6.5625,-3.75,0.0,-11.25,0.0,-3.75,0.0,-11.25,-1.875,1.875,-14.0625,0.0,13.125,0.0,7.5,0.0,-3.75,7.5,0.0,-7.5,0.0,0.0,3.75,0.0,0.0,-3.75,0.9375,3.75,-7.5,7.5
31,10,0.0,3.75,0.0,3.75,0.0,3.75,0.0,3.75,0.0,-1.875,0.0,0.0,0.0,-3.75,2.8125,0.0,0.0,3.75,0.0,0.0,11.25,0.0,0.0,5.625,0.0,-14.0625,0.0,0.0,-11.25,0.0,7.5,3.75,3.75,-11.25,-11.25,0.0,0.0,-1.875,-3.75,-6.5625,-1.875,0.0,-11.25,0.0,-1.875,0.0,-11.25,0.0,0.0,-13.125,0.0,11.25,0.0,3.75,0.0,-3.75,7.5,0.0,-6.5625,0.0,0.0,1.875,0.0,0.0,-2.8125,0.9375,3.75,-3.75,4.6875
31,11,0.0,3.75,0.0,3.75,0.0,3.75,0.0,3.75,-1.875,-2.8125,0.0,0.0,0.0,-3.75,3.75,0.0,0.0,3.75,0.0,0.0,11.25,0.0,0.0,7.5,0.0,-15.0,0.0,0.0,-11.25,0.0,8.4375,1.875,3.75,-11.25,-11.25,0.0,0.0,0.0,-3.75,-7.5,-1.875,0.0,-11.25,0.0,-1.875,0.0,-12.1875,0.0,0.0,-14.0625,0.0,11.25,0.0,3.75,0.0,-3.75,7.5,0.0,-7.5,0.9375,0.0,1.875,0.0,0.0,-3.75,0.9375,0.9375,-3.75,4.6875
32,9,0.0,3.75,0.0,3.75,0.0,3.75,0.0,2.8125,3.75,-3.75,0.0,0.0,0.0,-3.75,0.9375,0.0,0.0,1.875,0.0,0.0,11.25,0.0,0.0,5.625,0.0,-15.0,3.75,0.0,-11.25,0.0,11.25,3.75,7.5,-13.125,-14.0625,0.0,0.0,-3.75,-7.5,-7.5,-3.75,0.0,-13.125,0.0,0.0,0.0,-14.0625,0.0,0.9375,-15.0,0.0,11.25,0.0,4.6875,0.0,0.0,4.6875,0.0,-9.375,3.75,0.9375,0.0,0.0,0.0,-5.625,0.0,3.75,-2.8125,7.5
32,10,0.0,3.75,0.0,3.75,0.0,3.75,0.0,1.875,3.75,-3.75,0.0,0.0,0.0,-3.75,0.9375,0.0,0.0,1.875,0.0,0.0,8.4375,0.0,0.0,4.6875,0.0,-15.0,0.9375,0.0,-13.125,0.0,8.4375,0.9375,4.6875,-11.25,-13.125,0.0,0.0,-2.8125,-6.5625,-7.5,-3.75,0.0,-13.125,0.0,0.0,0.0,-14.0625,0.0,0.9375,-15.0,0.0,7.5,0.0,4.6875,0.0,-1.875,3.75,0.0,-7.5,0.9375,0.9375,0.0,0.0,0.0,-3.75,0.0,0.9375,-1.875,5.625
32,11,0.0,2.8125,0.0,3.75,0.0,2.8125,0.0,1.875,3.75,-2.8125,0.0,0.0,0.0,-3.75,0.9375,0.0,0.0,1.875,0.0,0.0,8.4375,0.0,0.0,4.6875,0.0,-15.0,0.0,0.0,-14.0625,0.0,11.25,0.9375,3.75,-13.125,-13.125,0.0,0.0,-2.8125,-5.625,-7.5,-1.875,0.0,-13.125,0.0,0.0,0.0,-14.0625,0.0,0.0,-15.0,0.0,7.5,0.0,5.625,0.0,-3.75,3.75,0.0,-7.5,0.9375,0.0,0.0,0.0,0.0,-3.75,0.0,3.75,-1.875,7.5
33,9,0.0,0.9375,0.0,0.9375,0.0,1.875,0.0,0.9375,7.5,-1.875,0.0,0.0,0.0,-1.875,0.0,0.0,0.0,0.0,0.0,0.0,7.5,-1.875,0.0,4.6875,0.0,-15.0,3.75,0.0,-14.0625,0.0,11.25,0.9375,5.625,-14.0625,-15.0,-1.875,0.0,-3.75,-7.5,-7.5,-3.75,0.0,-15.0,0.0,0.9375,0.0,-15.0,0.0,0.9375,-16.875,0.0,8.4375,0.0,3.75,0.0,3.75,3.75,0.0,-13.125,0.9375,1.875,0.0,-3.75,0.0,-3.75,0.0,3.75,3.75,3.75
33,10,0.0,0.9375,0.0,0.9375,0.0,0.9375,0.0,0.9375,3.75,-1.875,0.0,0.0,0.0,-1.875,0.0,0.0,0.0,0.0,0.0,0.0,7.5,-1.875,-1.875,3.75,0.0,-15.0,3.75,0.0,-11.25,0.0,8.4375,0.0,3.75,-13.125,-15.0,-1.875,0.0,-2.8125,-6.5625,-7.5,-2.8125,0.0,-14.0625,0.0,0.9375,0.0,-15.0,0.0,0.9375,-16.875,0.0,7.5,0.0,3.75,0.0,0.9375,3.75,0.0,-11.25,0.9375,0.9375,0.0,-1.875,0.0,-3.75,0.0,1.875,1.875,0.9375
33,11,0.0,0.9375,0.0,0.9375,0.0,0.9375,0.0,0.9375,3.75,0.0,0.0,0.0,0.0,-1.875,0.0,0.0,0.0,0.0,0.0,0.0,7.5,-1.875,0.0,3.75,0.0,-13.125,0.9375,0.0,-15.0,0.0,9.375,0.0,3.75,-15.0,-15.0,0.0,0.0,-1.875,-7.5,-7.5,0.0,0.0,-15.0,0.0,0.9375,0.0,-15.0,-0.9375,0.0,-16.875,0.0,7.5,0.0,3.75,0.0,0.0,3.75,0.0,-11.25,0.0,0.9375,0.0,-1.875,0.0,-1.875,0.0,3.75,3.75,3.75
34,9,0.0,0.0,0.0,0.9375,0.0,0.9375,0.0,0.0,7.5,0.0,0.0,0.0,0.0,1.875,0.0,0.0,-1.875,0.0,0.0,0.0,7.5,-1.875,0.0,3.75,0.0,-15.0,3.75,0.0,-14.0625,0.0,8.4375,0.0,3.75,-15.0,-15.0,-2.8125,0.0,-3.75,-7.5,-7.5,0.0,0.0,-15.0,0.0,3.75,0.0,-15.0,-1.875,0.0,-18.75,0.0,7.5,0.0,3.75,0.0,7.5,0.9375,-1.875,-15.0,0.0,3.75,0.9375,-3.75,-1.875,-3.75,0.0,1.875,7.5,0.9375
34,10,0.0,0.0,0.0,0.9375,0.0,0.9375,0.0,0.0,5.625,0.0,0.0,0.0,0.0,0.0,0.0,0.0,-1.875,0.0,0.0,0.0,5.625,-1.875,0.0,3.75,0.0,-15.0,3.75,0.0,-14.0625,0.0,7.5,0.0,3.75,-14.0625,-15.0,-1.875,0.0,-3.75,-7.5,-7.5,0.0,0.0,-15.0,0.0,0.9375,0.0,-15.0,-1.875,0.0,-17.8125,0.0,3.75,0.0,3.75,0.0,3.75,0.0,0.0,-11.25,0.0,0.9375,0.9375,-3.75,0.0,-1.875,0.0,1.875,4.6875,0.9375
34,11,0.0,0.0,0.0,0.0,0.0,0.0,0.0,0.0,4.6875,0.0,0.0,0.0,0.0,0.0,0.0,0.0,0.0,0.0,0.0,0.0,5.625,-1.875,0.0,3.75,0.0,-11.25,3.75,0.0,-15.0,0.0,7.5,0.0,1.875,-15.0,-15.0,-1.875,0.0,-1.875,-7.5,-7.5,0.0,0.0,-15.0,0.0,1.875,0.0,-15.0,-2.8125,0.0,-18.75,0.0,3.75,0.0,3.75,0.0,3.75,0.0,0.0,-11.25,0.0,1.875,0.0,-3.75,0.0,0.0,0.0,1.875,4.6875,0.9375
35,9,0.0,0.0,0.0,0.0,0.0,0.0,0.0,0.0,4.6875,3.75,0.0,0.0,0.0,3.75,0.0,0.0,-1.875,0.0,0.0,0.0,3.75,-1.875,0.0,3.75,0.0,-11.25,3.75,0.0,-11.25,-0.9375,7.5,0.0,0.9375,-11.25,-15.0,0.0,0.0,-3.75,-7.5,-7.5,0.0,0.0,-13.125,0.9375,3.75,0.0,-15.0,-3.75,0.0,-18.75,0.0,3.75,0.0,0.9375,0.0,7.5,-3.75,-3.75,-9.375,0.0,0.9375,0.9375,-3.75,0.0,0.0,0.9375,0.0,7.5,3.75
35,10,0.0,0.0,0.0,0.0,0.0,0.0,0.0,0.0,4.6875,1.875,0.0,0.0,0.0,3.75,0.0,0.0,-1.875,0.0,0.0,0.0,3.75,0.0,0.0,2.8125,0.0,-7.5,3.75,0.0,-11.25,0.0,7.5,0.0,0.0,-11.25,-11.25,0.0,0.0,-1.875,-7.5,-7.5,0.0,0.0,-14.0625,0.0,3.75,0.0,-15.0,-3.75,0.0,-17.8125,0.0,3.75,0.0,0.9375,0.0,4.6875,-3.75,-3.75,-7.5,0.0,0.0,0.9375,-3.75,0.0,0.0,0.0,0.0,5.625,0.0
35,11,0.0,0.0,0.0,0.0,0.0,0.0,0.0,0.0,3.75,0.9375,0.0,0.0,0.0,3.75,0.0,0.0,0.0,0.0,0.0,0.0,3.75,-1.875,0.0,2.8125,0.0,-7.5,3.75,0.0,-15.0,0.0,7.5,0.0,0.0,-15.0,-15.0,0.0,0.0,-1.875,-7.5,-7.5,0.0,0.0,-14.0625,0.0,3.75,0.0,-15.0,-3.75,0.0,-18.75,0.0,3.75,0.0,0.9375,0.0,4.6875,-3.75,-3.75,-9.375,0.0,0.0,0.0,-3.75,0.0,0.0,0.0,0.0,4.6875,0.9375
36,9,0.0,0.0,0.0,0.0,0.0,0.0,0.0,0.0,3.75,3.75,0.0,0.0,0.0,4.6875,0.0,0.0,-3.75,0.0,0.0,0.0,3.75,-1.875,0.0,0.9375,0.0,13.125,3.75,0.0,11.25,-3.75,5.625,0.0,0.0,13.125,15.0,0.0,0.0,0.0,-7.5,7.5,3.75,0.0,15.0,0.0,3.75,0.0,15.0,-3.75,0.0,18.75,0.0,3.75,0.0,-1.875,0.0,6.5625,-3.75,-3.75,9.375,-2.8125,0.0,-1.875,-3.75,0.0,0.0,-3.75,0.0,3.75,1.875
36,10,0.0,0.0,0.0,0.0,0.0,0.0,0.0,0.0,3.75,3.75,0.0,0.0,0.0,4.6875,0.0,0.0,-1.875,0.0,0.0,0.0,3.75,-1.875,0.0,0.9375,0.0,13.125,2.8125,0.0,13.125,-2.8125,4.6875,0.0,0.0,13.125,15.0,0.0,-1.875,0.0,-7.5,7.5,0.0,0.0,15.0,0.0,1.875,0.0,15.0,-3.75,0.0,18.75,0.0,0.9375,0.0,0.0,0.0,4.6875,-3.75,-1.875,9.375,-1.875,0.0,0.0,-1.875,0.9375,0.0,0.0,0.0,3.75,0.0
36,11,0.0,0.0,0.0,0.0,0.0,0.0,0.0,0.0,3.75,0.9375,0.0,0.0,0.0,3.75,0.0,0.0,-1.875,0.0,0.0,0.0,3.75,-1.875,0.0,0.9375,0.0,11.25,0.9375,0.0,11.25,-1.875,4.6875,0.0,0.0,12.1875,15.0,0.0,-1.875,0.0,-6.5625,7.5,0.0,0.0,15.0,0.0,2.8125,0.0,15.0,-3.75,0.0,18.75,0.0,0.9375,0.0,0.0,0.0,4.6875,-3.75,-3.75,9.375,0.0,0.0,0.0,-1.875,0.0,0.0,0.0,0.0,3.75,0.9375
37,9,0.0,0.0,0.0,0.0,0.0,0.0,0.0,0.0,3.75,0.9375,0.0,0.0,0.0,4.6875,0.0,0.0,-3.75,0.0,0.0,0.0,3.75,0.0,-1.875,0.0,0.0,15.0,0.9375,0.0,15.0,-3.75,3.75,0.0,0.0,15.0,15.0,0.0,0.0,0.0,-3.75,11.25,3.75,0.0,15.0,0.0,0.9375,0.0,16.875,-3.75,0.0,18.75,0.0,0.0,3.75,-3.75,0.0,3.75,-6.5625,-3.75,15.9375,-1.875,0.0,-2.8125,-5.625,0.0,0.0,-2.8125,-1.875,1.875,0.0
37,10,0.0,0.0,0.0,0.0,0.0,0.0,0.0,0.0,3.75,0.9375,0.0,0.0,0.0,3.75,0.0,0.0,-3.75,0.0,0.0,0.0,3.75,0.0,-1.875,0.0,0.0,11.25,0.9375,0.0,15.0,-3.75,3.75,0.0,0.0,15.0,15.0,0.0,0.0,0.0,-3.75,9.375,0.9375,0.0,15.0,0.0,0.9375,0.0,16.875,-1.875,0.0,18.75,0.0,0.0,1.875,-3.75,0.0,3.75,-3.75,-1.875,13.125,-1.875,0.0,-0.9375,-3.75,0.0,0.0,-1.875,0.0,0.9375,0.0
37,11,0.0,0.0,0.0,0.0,0.0,0.0,0.0,0.0,1.875,0.9375,0.0,0.0,0.0,3.75,0.0,0.0,-3.75,0.0,0.0,0.0,3.75,0.0,0.0,0.0,0.0,11.25,0.0,0.0,15.0,-3.75,3.75,0.0,0.0,15.0,15.0,0.0,0.0,0.0,-3.75,11.25,0.9375,0.0,15.0,0.0,0.9375,0.0,17.8125,-3.75,0.0,19.6875,0.0,0.0,0.0,-3.75,0.0,3.75,-3.75,0.0,13.125,0.0,0.0,0.0,-3.75,1.875,0.9375,0.0,0.0,0.9375,0.0
38,9,0.0,0.0,0.0,0.0,0.0,0.0,0.0,0.0,0.9375,0.0,0.0,0.0,0.0,3.75,0.0,0.0,-3.75,0.0,0.0,0.0,0.9375,0.0,0.0,0.0,0.0,12.1875,0.0,0.0,13.125,-3.75,0.9375,-2.8125,0.0,15.0,15.0,0.0,0.0,0.0,0.0,11.25,3.75,0.0,15.0,0.9375,0.9375,0.0,15.9375,0.0,-1.875,18.75,0.0,0.0,5.625,-3.75,0.9375,3.75,-7.5,0.0,15.0,0.0,0.0,-1.875,-3.75,0.9375,0.0,0.0,-1.875,1.875,0.0
38,10,0.0,0.0,0.0,0.0,0.0,0.0,0.0,0.0,0.9375,0.9375,0.0,0.0,0.0,3.75,0.0,0.0,-3.75,0.0,0.0,0.0,0.9375,0.0,0.0,0.0,0.0,13.125,0.0,0.0,14.0625,-3.75,0.0,-1.875,0.0,15.0,15.0,0.0,0.0,0.0,0.0,9.375,1.875,-0.9375,15.0,0.0,0.0,0.0,15.9375,0.0,0.0,17.8125,0.0,-0.9375,3.75,-3.75,0.9375,3.75,-6.5625,0.0,12.1875,0.0,0.0,0.0,-3.75,0.9375,0.0,0.0,-1.875,0.9375,0.0
38,11,0.0,0.0,0.0,0.0,0.0,0.0,0.0,0.0,0.9375,0.0,0.0,0.0,0.0,3.75,0.0,0.0,-1.875,0.0,0.0,0.0,0.9375,0.0,0.0,0.0,0.0,11.25,0.0,0.0,15.0,-3.75,0.0,-1.875,0.0,15.0,15.0,0.0,0.0,0.0,0.9375,11.25,0.9375,0.0,15.0,0.9375,0.0,0.0,15.9375,0.0,-1.875,17.8125,0.0,0.0,3.75,-3.75,0.9375,3.75,-6.5625,0.0,11.25,0.0,0.0,0.0,-3.75,0.0,0.0,0.0,0.0,0.9375,0.0
39,9,0.0,0.0,0.0,0.0,0.0,0.0,0.0,0.0,0.0,0.0,0.0,0.0,0.0,3.75,0.0,0.0,-1.875,0.0,0.0,0.0,0.0,0.9375,0.9375,0.0,0.0,11.25,0.0,-1.875,12.1875,-6.5625,0.0,-2.8125,0.0,13.125,15.0,0.0,0.0,0.0,4.6875,9.375,0.9375,0.0,15.0,3.75,0.0,0.0,15.0,7.5,-3.75,16.875,0.0,0.0,0.9375,-6.5625,3.75,3.75,-7.5,5.625,13.125,0.9375,-1.875,0.0,0.0,0.9375,0.0,0.0,0.0,0.0,-3.75
39,10,0.0,0.0,0.0,0.0,0.0,0.0,0.0,0.0,0.0,0.0,0.0,0.0,0.0,3.75,0.0,0.0,-0.9375,0.0,0.0,0.0,0.0,0.9375,0.9375,0.0,0.0,11.25,0.0,-1.875,12.1875,-5.625,0.0,-1.875,0.0,13.125,13.125,0.0,0.0,0.0,3.75,9.375,0.0,0.0,15.0,0.9375,0.0,0.0,15.0,5.625,0.0,16.875,0.0,0.0,0.9375,-3.75,1.875,1.875,-3.75,4.6875,11.25,0.9375,-0.9375,0.0,0.0,0.9375,0.0,0.0,0.0,0.0,-3.75
39,11,0.0,0.0,0.0,0.0,0.0,0.0,0.0,0.0,0.0,0.0,0.0,0.0,0.0,3.75,0.0,0.0,0.0,0.0,0.0,0.0,0.0,0.9375,0.9375,0.0,0.0,11.25,0.0,-0.9375,12.1875,-3.75,0.0,-1.875,0.0,13.125,14.0625,0.0,0.0,0.0,3.75,9.375,0.0,0.0,15.0,0.9375,0.0,0.0,15.0,5.625,-1.875,16.875,0.0,0.0,0.9375,-3.75,0.9375,1.875,-3.75,5.625,11.25,0.9375,-1.875,0.0,0.0,0.0,0.0,0.0,0.0,0.0,-1.875
40,9,0.0,0.0,0.0,0.0,0.0,0.0,0.0,0.0,0.0,0.0,0.0,0.0,0.0,1.875,0.0,0.0,0.0,0.0,0.0,0.0,0.0,1.875,0.0,0.0,0.0,11.25,0.0,-3.75,11.25,-6.5625,-1.875,-3.75,0.0,12.1875,13.125,0.0,0.0,-1.875,4.6875,7.5,0.9375,0.0,13.125,3.75,0.0,0.0,15.0,8.4375,-3.75,15.0,0.0,0.0,0.9375,-7.5,0.9375,0.0,0.0,9.375,11.25,1.875,-1.875,-3.75,3.75,0.0,0.0,-3.75,1.875,-2.8125,-3.75
40,10,0.0,0.0,0.0,0.0,0.0,0.0,0.0,0.0,0.0,0.0,0.0,0.0,0.0,0.9375,0.0,0.0,0.0,0.0,0.0,0.0,0.0,1.875,0.0,0.0,0.0,11.25,0.0,-2.8125,11.25,-6.5625,-1.875,-3.75,0.0,11.25,12.1875,0.0,-1.875,0.0,3.75,7.5,0.0,0.0,13.125,1.875,0.0,0.0,13.125,7.5,0.0,15.0,0.0,0.0,0.9375,-3.75,0.0,0.0,0.0,7.5,8.4375,0.9375,-1.875,-1.875,3.75,0.0,0.0,-3.75,0.0,-1.875,-1.875
40,11,0.0,0.0,0.0,0.0,0.0,0.0,0.0,0.0,0.0,0.0,0.0,0.0,0.0,0.9375,0.0,0.0,0.0,0.0,0.0,0.0,0.0,0.9375,0.0,0.0,0.0,11.25,0.0,-2.8125,11.25,-3.75,-1.875,-1.875,0.0,11.25,12.1875,0.0,0.0,-1.875,4.6875,7.5,0.0,0.0,13.125,0.9375,0.0,0.0,13.125,9.375,0.0,15.0,0.0,0.0,0.9375,-3.75,0.0,0.0,0.0,7.5,8.4375,0.9375,-1.875,-1.875,0.9375,0.0,0.0,-3.75,0.0,-1.875,-1.875
41,9,0.0,0.0,0.0,0.0,0.0,0.0,0.0,0.0,0.0,0.0,0.0,0.0,0.0,0.0,0.0,0.0,0.0,0.0,0.0,0.0,0.0,1.875,0.0,0.0,0.0,8.4375,0.0,-3.75,10.3125,-6.5625,-1.875,-3.75,0.0,11.25,11.25,0.0,0.0,-3.75,4.6875,7.5,0.0,-3.75,11.25,3.75,0.0,0.0,12.1875,11.25,0.0,13.125,0.0,0.0,3.75,-3.75,0.0,-1.875,3.75,7.5,8.4375,0.9375,-2.8125,-3.75,0.0,0.0,0.0,-2.8125,0.0,-1.875,0.0
41,10,0.0,0.0,0.0,0.0,0.0,0.0,0.0,0.0,0.0,0.0,0.0,0.0,0.0,0.0,0.0,0.0,0.0,0.0,0.0,0.0,0.0,0.9375,0.0,0.0,0.0,8.4375,0.0,-3.75,11.25,-6.5625,-1.875,-3.75,0.0,11.25,10.3125,0.0,0.0,-3.75,4.6875,6.5625,0.0,-2.8125,11.25,1.875,0.0,0.0,11.25,11.25,0.0,12.1875,0.0,0.0,3.75,-3.75,0.0,0.0,3.75,4.6875,7.5,1.875,-1.875,-2.8125,0.0,0.0,0.0,-1.875,0.0,0.0,0.0
41,11,0.0,0.0,0.0,0.0,0.0,0.0,0.0,0.0,0.0,0.0,0.0,0.0,0.0,0.0,0.0,0.0,0.0,0.0,0.0,0.0,0.0,0.9375,0.0,0.0,0.0,8.4375,0.0,-3.75,11.25,-3.75,-1.875,-1.875,0.0,11.25,11.25,0.0,0.0,-3.75,3.75,7.5,0.0,0.0,11.25,0.9375,0.0,0.0,11.25,8.4375,0.0,12.1875,0.0,0.0,1.875,-3.75,0.0,0.0,3.75,5.625,7.5,0.9375,-1.875,-3.75,0.0,0.0,0.0,-2.8125,0.0,-1.875,0.0
42,9,0.0,0.0,0.0,0.0,0.0,0.0,0.0,0.0,-2.8125,0.0,0.0,0.0,0.0,0.0,0.0,0.0,0.0,0.0,0.0,0.0,0.0,1.875,0.0,0.0,0.0,7.5,0.0,-7.5,7.5,-3.75,-3.75,-3.75,0.0,8.4375,8.4375,-1.875,-2.8125,-7.5,3.75,4.6875,0.0,-1.875,9.375,3.75,0.0,0.0,11.25,8.4375,3.75,11.25,0.0,0.9375,0.0,-3.75,-2.8125,0.0,0.0,3.75,5.625,0.9375,-1.875,-1.875,3.75,0.0,0.0,0.0,0.0,-3.75,0.0
42,10,0.0,0.0,0.0,0.0,0.0,0.0,0.0,0.0,-2.8125,0.0,0.0,0.0,0.0,0.0,0.0,0.0,0.0,0.0,0.0,0.0,0.0,0.9375,0.9375,0.0,0.0,7.5,0.0,-6.5625,7.5,-3.75,-1.875,-1.875,0.0,8.4375,8.4375,-1.875,0.0,-5.625,3.75,4.6875,0.0,-1.875,9.375,0.9375,0.0,0.0,10.3125,7.5,0.9375,10.3125,0.0,0.9375,0.0,-2.8125,-1.875,0.0,0.0,3.75,4.6875,0.0,-1.875,0.0,1.875,0.0,0.0,0.0,0.0,-3.75,0.0
42,11,0.0,0.0,0.0,0.0,0.0,0.0,0.0,0.0,-1.875,0.0,0.0,0.0,0.0,0.0,0.0,0.0,0.0,0.0,0.0,0.0,0.0,0.9375,0.0,0.0,0.0,7.5,0.0,-5.625,8.4375,-3.75,-1.875,-1.875,0.0,8.4375,8.4375,0.0,-1.875,-3.75,3.75,3.75,0.0,0.0,8.4375,0.9375,0.0,0.0,11.25,7.5,0.0,11.25,0.0,0.0,0.0,0.0,-1.875,0.0,0.0,3.75,3.75,0.0,0.0,0.0,3.75,0.0,0.0,0.0,0.0,-3.75,0.0
43,9,0.0,0.0,0.0,0.0,0.0,0.0,0.0,0.0,-3.75,0.0,0.0,0.0,0.0,0.0,0.0,0.0,0.0,0.0,0.0,0.0,0.0,0.9375,3.75,-3.75,0.0,7.5,0.0,-7.5,7.5,0.0,-3.75,0.0,-3.75,7.5,7.5,-2.8125,-4.6875,-11.25,3.75,3.75,0.0,0.0,7.5,3.75,0.0,-1.875,8.4375,7.5,3.75,8.4375,0.0,3.75,0.0,0.0,-3.75,0.0,0.0,3.75,3.75,0.0,0.0,-3.75,3.75,-3.75,0.0,0.0,0.0,-3.75,-3.75
43,10,0.0,0.0,0.0,0.0,0.0,0.0,0.0,0.0,-3.75,0.0,0.0,0.0,0.0,-1.875,0.0,0.0,0.0,0.0,0.0,0.0,0.0,0.9375,0.9375,-2.8125,0.0,7.5,0.0,-7.5,7.5,0.0,-3.75,0.0,-2.8125,7.5,7.5,-2.8125,-3.75,-6.5625,3.75,3.75,0.0,0.0,7.5,3.75,0.0,-1.875,7.5,5.625,3.75,8.4375,0.0,3.75,0.0,0.0,-3.75,0.0,0.0,3.75,3.75,0.0,0.0,0.0,3.75,-2.8125,0.0,0.0,0.0,-3.75,-3.75
43,11,0.0,0.0,0.0,0.0,0.0,0.0,0.0,0.0,-3.75,0.0,0.0,0.0,0.0,0.0,0.0,0.0,0.0,0.0,0.0,0.0,0.0,0.9375,0.9375,-2.8125,0.0,7.5,0.0,-7.5,7.5,0.0,-1.875,0.0,-1.875,7.5,7.5,-1.875,-3.75,-7.5,3.75,3.75,0.0,0.0,7.5,3.75,0.0,0.0,7.5,4.6875,0.9375,7.5,0.0,1.875,0.0,0.0,-3.75,0.0,0.0,3.75,3.75,0.0,0.0,0.0,3.75,-2.8125,0.0,0.0,0.0,-3.75,-1.875
44,9,0.0,0.0,0.0,0.0,0.0,0.0,0.0,0.0,-3.75,0.0,0.0,0.0,0.0,0.0,0.0,0.0,0.0,0.0,0.0,0.0,0.0,0.0,1.875,-3.75,0.0,4.6875,0.9375,-10.3125,5.625,0.0,-1.875,-1.875,-3.75,6.5625,5.625,-3.75,-5.625,-11.25,0.9375,0.9375,0.0,0.0,4.6875,0.9375,0.0,0.0,7.5,4.6875,3.75,7.5,0.0,0.0,0.0,0.0,-7.5,0.0,3.75,0.9375,1.875,-1.875,0.0,-3.75,-1.875,-3.75,0.0,0.0,0.0,0.0,-1.875
44,10,0.0,0.0,0.0,0.0,0.0,0.0,0.0,0.0,-3.75,0.0,0.0,0.0,0.0,0.0,0.0,0.0,0.0,0.0,0.0,0.0,0.0,0.0,0.9375,-3.75,0.0,4.6875,0.9375,-7.5,5.625,0.0,-1.875,-1.875,-1.875,5.625,5.625,-3.75,-3.75,-7.5,0.9375,1.875,0.0,0.0,4.6875,0.9375,0.0,0.0,7.5,3.75,3.75,6.5625,0.0,0.0,0.0,0.0,-6.5625,0.0,3.75,0.0,0.9375,-1.875,0.0,-2.8125,-1.875,-3.75,0.0,0.0,0.0,0.0,-1.875
44,11,0.0,0.0,0.0,0.0,0.0,0.0,0.0,0.0,-3.75,0.0,0.0,0.0,0.0,0.0,0.0,0.0,0.0,0.0,0.0,0.0,0.0,0.0,0.9375,-3.75,0.0,3.75,0.0,-7.5,4.6875,0.0,0.0,0.0,-1.875,5.625,5.625,-1.875,-3.75,-7.5,0.9375,0.9375,0.0,0.0,3.75,0.0,0.0,0.0,5.625,3.75,3.75,5.625,0.0,0.0,0.0,0.0,-5.625,0.0,3.75,0.9375,0.9375,0.0,0.0,-1.875,0.0,-3.75,0.0,0.0,0.0,0.0,0.0
45,9,0.0,0.0,0.0,0.0,0.0,0.0,0.0,0.0,-3.75,0.0,0.0,0.0,0.0,0.0,0.0,0.0,0.0,0.0,0.0,0.0,0.0,0.0,0.9375,-3.75,0.0,3.75,0.0,-10.3125,3.75,0.9375,0.0,0.0,0.0,3.75,4.6875,-3.75,-7.5,-11.25,0.9375,0.0,-3.75,0.0,3.75,0.9375,0.0,0.9375,4.6875,3.75,3.75,4.6875,0.0,0.0,0.0,0.0,-7.5,-3.75,7.5,0.0,0.0,-1.875,0.0,-3.75,-1.875,-3.75,-1.875,3.75,-1.875,3.75,0.0
45,10,0.0,0.0,0.0,0.0,0.0,0.0,0.0,0.0,-3.75,0.0,0.0,0.0,0.0,0.0,0.0,0.0,0.0,0.0,0.0,0.0,0.0,0.0,0.9375,-3.75,0.0,3.75,0.0,-7.5,3.75,0.0,0.0,0.0,0.0,3.75,4.6875,-3.75,-3.75,-7.5,1.875,0.9375,-1.875,0.0,3.75,0.9375,0.0,0.9375,3.75,3.75,3.75,4.6875,0.0,0.0,0.0,0.0,-7.5,-2.8125,3.75,0.0,0.0,-1.875,0.0,-1.875,-0.9375,-2.8125,-1.875,0.9375,0.0,0.0,0.0
45,11,0.0,0.0,0.0,0.0,0.0,0.0,0.0,0.0,-3.75,0.0,0.0,0.0,0.0,0.0,0.0,0.0,0.0,0.0,0.0,0.0,0.0,0.0,0.9375,-3.75,0.0,3.75,0.0,-7.5,3.75,0.0,0.0,0.0,0.0,3.75,3.75,-3.75,-3.75,-7.5,0.9375,0.0,-2.8125,0.0,3.75,0.0,0.0,0.0,3.75,3.75,3.75,3.75,0.0,0.0,0.0,0.0,-7.5,-1.875,3.75,0.0,0.0,-1.875,0.0,-1.875,-0.9375,-3.75,0.0,1.875,-1.875,0.0,0.0
46,9,0.0,0.0,0.0,0.0,0.0,0.0,0.0,0.0,-3.75,0.0,0.0,0.0,0.0,0.9375,0.0,0.0,0.0,0.0,-1.875,0.0,0.0,0.0,0.9375,-1.875,0.0,3.75,0.0,-7.5,3.75,3.75,0.0,0.0,-1.875,3.75,3.75,-3.75,0.0,-11.25,0.0,0.0,-3.75,0.0,3.75,3.75,-1.875,3.75,3.75,0.0,3.75,3.75,0.0,1.875,-1.875,0.0,-11.25,-2.8125,3.75,-3.75,0.0,-1.875,0.0,-1.875,0.0,-3.75,-1.875,4.6875,-3.75,0.0,0.0
46,10,0.0,0.0,0.0,0.0,0.0,0.0,0.0,0.0,-3.75,0.0,0.0,0.0,0.0,0.9375,0.0,0.0,0.0,0.0,-1.875,0.0,0.0,0.0,0.9375,-1.875,0.0,3.75,0.0,-6.5625,3.75,3.75,0.0,0.0,0.0,3.75,3.75,-3.75,0.0,-3.75,0.0,0.0,-3.75,0.0,3.75,0.9375,-1.875,1.875,3.75,0.0,3.75,3.75,0.0,0.9375,-1.875,0.0,-9.375,-1.875,0.9375,-3.75,0.0,0.0,0.0,-0.9375,0.0,-3.75,-1.875,3.75,-2.8125,0.0,0.0
46,11,0.0,0.0,0.0,0.0,0.0,0.0,0.0,0.0,-3.75,0.0,0.0,0.0,0.0,0.0,0.0,0.0,0.0,0.0,-1.875,0.0,0.0,0.0,0.0,-3.75,0.0,3.75,0.0,-6.5625,3.75,3.75,0.0,0.0,0.0,3.75,3.75,-1.875,0.0,-3.75,0.0,0.0,-3.75,0.0,1.875,0.0,0.0,0.0,3.75,0.0,3.75,3.75,0.0,0.9375,-1.875,0.0,-9.375,-1.875,0.9375,-3.75,0.0,-1.875,0.0,0.0,0.0,-3.75,0.0,3.75,-2.8125,0.0,0.0
47,9,0.0,0.0,0.0,0.0,0.0,0.0,0.0,0.0,-3.75,-1.875,0.0,0.0,0.0,0.9375,0.0,0.0,0.0,0.0,-3.75,0.0,0.0,-1.875,0.0,0.0,0.0,1.875,0.0,0.0,1.875,3.75,0.0,0.0,-1.875,2.8125,0.9375,-1.875,3.75,-3.75,0.0,0.0,-1.875,0.0,0.9375,0.0,0.0,0.0,0.9375,0.0,5.625,3.75,0.0,0.0,-2.8125,0.0,-13.125,-2.8125,3.75,-6.5625,0.0,-3.75,0.0,-3.75,1.875,-3.75,0.0,5.625,-6.5625,1.875,0.0
47,10,0.0,0.0,0.0,0.0,0.0,0.0,0.0,0.0,-3.75,0.0,0.0,0.0,0.0,1.875,0.0,0.0,0.0,0.0,-3.75,0.0,0.0,0.0,0.0,0.0,0.0,1.875,0.0,0.0,1.875,3.75,0.0,0.0,-1.875,1.875,0.9375,-1.875,3.75,0.0,0.0,0.0,-3.75,0.0,0.9375,0.0,0.0,0.0,0.9375,0.0,3.75,1.875,0.0,0.0,-1.875,0.0,-11.25,-1.875,0.9375,-3.75,0.0,-3.75,0.0,0.0,0.9375,-3.75,0.0,3.75,-3.75,1.875,0.0
47,11,0.0,0.0,0.0,0.0,0.0,0.0,0.0,0.0,-3.75,0.0,0.0,0.0,0.0,0.0,0.0,0.0,0.0,0.0,-3.75,0.0,0.0,0.0,0.0,0.0,0.0,0.9375,0.0,0.0,0.9375,3.75,0.0,0.0,0.0,0.9375,0.9375,0.0,3.75,0.0,0.0,0.0,-1.875,0.0,0.9375,0.0,0.0,0.0,0.9375,0.0,3.75,0.9375,0.0,0.0,-1.875,0.0,-11.25,-1.875,1.875,-3.75,0.0,-1.875,0.0,0.0,0.9375,-3.75,0.0,3.75,-3.75,0.9375,0.0
48,9,0.0,0.0,0.0,0.0,0.0,0.0,0.0,0.0,0.0,-1.875,0.0,0.0,0.0,0.0,0.0,0.0,0.0,0.0,-6.5625,0.0,0.0,-1.875,0.0,3.75,0.0,0.9375,-3.75,7.5,0.9375,0.9375,0.9375,0.0,0.0,0.9375,0.9375,0.0,7.5,3.75,0.0,0.0,0.0,0.0,0.0,-3.75,0.9375,0.0,0.0,-1.875,4.6875,0.9375,0.0,-1.875,0.0,0.0,-15.0,-3.75,3.75,-3.75,0.0,-3.75,-3.75,0.0,0.0,-3.75,0.0,3.75,-6.5625,4.6875,0.0
48,10,0.0,0.0,0.0,0.0,0.0,0.0,0.0,0.0,0.0,0.0,0.0,0.0,0.0,0.0,0.0,0.0,0.0,0.0,-6.5625,0.0,0.0,-1.875,0.0,0.0,0.0,0.9375,-3.75,4.6875,0.9375,0.0,1.875,0.0,0.0,0.9375,0.9375,0.0,3.75,0.0,0.0,0.0,-1.875,0.0,0.0,-2.8125,0.9375,0.0,0.0,-1.875,3.75,0.9375,0.0,-1.875,0.0,0.0,-11.25,-2.8125,3.75,-3.75,0.0,-2.8125,-3.75,0.0,0.0,-1.875,0.0,0.9375,-3.75,3.75,0.0
48,11,0.0,0.0,0.0,0.0,0.0,0.0,0.0,0.0,0.0,0.0,0.0,0.0,0.0,0.0,0.0,0.0,0.0,0.0,-3.75,0.0,0.0,-1.875,0.0,0.0,0.0,0.0,-3.75,4.6875,0.0,0.0,0.9375,0.0,0.0,0.0,0.0,0.0,3.75,3.75,0.0,0.0,0.0,0.0,0.0,-3.75,0.0,0.0,0.0,0.0,3.75,0.0,0.0,-0.9375,0.0,0.0,-12.1875,-1.875,3.75,-3.75,0.0,-1.875,-3.75,0.0,0.0,-3.75,0.0,0.9375,-3.75,3.75,0.0
49,9,0.0,0.0,0.0,0.0,0.0,0.0,0.0,0.0,0.0,-1.875,0.0,0.0,0.0,0.0,0.0,0.0,0.0,0.0,-7.5,0.0,0.0,-3.75,0.0,3.75,0.0,0.0,-3.75,9.375,0.0,0.0,0.9375,0.0,1.875,0.0,0.0,0.9375,7.5,3.75,0.0,0.0,0.0,0.0,0.0,-3.75,0.0,0.0,0.0,-1.875,0.9375,0.0,0.0,-1.875,0.0,0.0,-15.0,-1.875,3.75,-5.625,0.0,-3.75,-7.5,1.875,0.0,0.0,0.9375,0.0,-3.75,0.0,0.0
49,10,0.0,0.0,0.0,0.0,0.0,0.0,0.0,0.0,1.875,0.0,0.0,0.0,0.0,0.0,0.0,0.0,0.0,0.0,-7.5,0.0,0.0,-3.75,0.0,3.75,0.0,0.0,-3.75,7.5,0.0,0.0,0.0,0.0,0.9375,0.0,0.0,1.875,3.75,1.875,0.0,0.0,0.0,0.0,0.0,-3.75,0.0,0.0,0.0,-0.9375,0.9375,0.0,0.0,-2.8125,0.0,0.0,-14.0625,-2.8125,3.75,-3.75,0.0,-2.8125,-7.5,0.9375,0.0,0.0,0.0,0.0,-3.75,0.0,0.0
49,11,0.0,0.0,0.0,0.0,0.0,0.0,0.0,0.0,1.875,0.0,0.0,0.0,0.0,0.0,0.0,0.0,0.0,0.0,-6.5625,0.0,0.0,-3.75,0.0,3.75,0.0,0.0,-3.75,7.5,0.0,0.0,0.0,0.0,0.0,0.0,0.0,0.9375,4.6875,3.75,0.0,0.0,0.0,0.0,0.0,-3.75,0.0,0.0,0.0,0.0,0.0,0.0,0.0,-2.8125,0.0,0.0,-14.0625,-1.875,3.75,-3.75,0.0,-2.8125,-7.5,0.0,0.0,0.0,0.0,0.0,-3.75,0.0,0.0
50,9,0.0,0.0,0.0,0.0,0.0,0.0,0.0,0.0,3.75,0.0,0.0,0.0,0.0,0.0,0.0,0.0,0.0,0.0,-7.5,0.0,0.0,-3.75,0.0,6.5625,0.0,0.0,-3.75,9.375,0.0,0.0,0.9375,0.0,3.75,0.0,0.0,3.75,7.5,3.75,-1.875,0.0,0.0,0.0,0.0,-7.5,0.0,0.0,0.0,0.0,0.9375,0.0,0.0,-3.75,0.0,0.0,-18.75,0.0,0.9375,-7.5,0.0,-3.75,-7.5,3.75,3.75,1.875,0.9375,0.0,0.0,-3.75,-3.75
50,10,0.0,0.0,0.0,0.0,0.0,0.0,0.0,0.0,3.75,0.0,0.0,0.0,0.0,0.0,0.0,0.0,0.0,0.0,-7.5,0.0,0.0,-2.8125,0.0,4.6875,0.0,0.0,-3.75,7.5,0.0,0.0,0.9375,0.0,1.875,0.0,0.0,3.75,4.6875,1.875,-1.875,0.0,0.0,0.0,0.0,-3.75,0.0,0.0,0.0,0.0,0.9375,0.0,0.0,-1.875,0.0,0.0,-14.0625,0.0,0.9375,-3.75,0.0,-1.875,-4.6875,0.9375,3.75,0.0,0.0,0.0,0.0,-3.75,-1.875
50,11,0.0,0.0,0.0,0.0,0.0,0.0,0.0,0.0,3.75,0.0,0.0,0.0,0.0,0.0,0.0,0.0,0.0,0.0,-7.5,0.0,0.0,-2.8125,0.0,4.6875,0.0,0.0,-3.75,7.5,0.0,0.0,0.9375,0.0,0.9375,0.0,0.0,0.9375,7.5,3.75,-1.875,0.0,-1.875,0.0,0.0,-3.75,0.0,0.0,0.0,0.0,0.0,0.0,0.0,-3.75,0.0,0.0,-15.0,0.0,0.9375,-3.75,0.0,-2.8125,-5.625,0.9375,0.9375,1.875,0.0,0.0,0.0,-3.75,0.0
51,9,0.0,0.0,0.0,0.0,0.0,0.0,0.0,0.0,3.75,0.0,0.0,0.0,0.0,0.0,0.0,0.0,0.0,0.0,-10.3125,0.0,0.0,0.0,-2.8125,5.625,0.0,0.0,-3.75,7.5,0.0,0.0,0.9375,0.0,3.75,0.0,0.0,0.0,5.625,0.0,-1.875,0.0,0.0,0.0,0.0,-7.5,0.0,0.0,0.0,0.0,3.75,0.0,-1.875,-3.75,0.0,0.0,-18.75,0.0,0.0,-3.75,0.0,-1.875,-5.625,4.6875,3.75,3.75,0.0,0.0,0.9375,-2.8125,0.0
51,10,0.0,0.0,0.0,0.0,0.0,0.0,0.0,0.0,3.75,0.0,0.0,0.0,0.0,0.0,0.0,0.0,0.0,0.0,-8.4375,0.0,0.0,0.0,-2.8125,4.6875,0.0,0.0,-3.75,7.5,0.0,0.0,0.9375,0.0,0.0,0.0,0.0,0.0,3.75,0.0,0.0,0.0,-1.875,0.0,0.0,-6.5625,0.0,0.0,0.0,0.0,0.9375,0.0,-1.875,-3.75,0.0,0.0,-11.25,0.0,0.0,-3.75,0.0,0.0,-3.75,3.75,3.75,3.75,0.0,0.0,0.9375,-2.8125,0.0
51,11,0.0,0.0,0.0,0.0,0.0,0.0,0.0,0.0,3.75,0.0,0.0,0.0,0.0,0.0,0.0,0.0,0.0,0.0,-7.5,0.0,0.0,0.0,-1.875,3.75,0.0,0.0,-3.75,7.5,0.0,0.0,0.0,0.0,0.0,0.0,0.0,0.0,4.6875,0.9375,0.0,0.0,-1.875,0.0,0.0,-7.5,0.0,0.0,0.0,0.0,0.9375,0.0,-1.875,-3.75,0.0,0.0,-15.0,0.0,0.0,-3.75,0.0,0.0,-3.75,3.75,3.75,3.75,0.0,0.0,0.9375,-2.8125,0.0
52,9,0.0,0.0,0.0,0.0,0.0,0.0,0.0,0.0,0.9375,0.0,0.0,0.0,0.0,0.0,0.0,0.0,0.0,0.0,-10.3125,0.0,0.0,0.0,-3.75,4.6875,0.0,0.0,0.0,5.625,0.0,0.0,0.0,0.0,0.9375,0.0,0.0,0.0,1.875,0.0,0.0,0.0,-3.75,-1.875,0.0,-11.25,-1.875,0.0,0.0,-3.75,0.0,0.0,-3.75,-3.75,0.0,0.0,-18.75,0.9375,0.0,-3.75,0.0,-1.875,-7.5,7.5,0.9375,3.75,0.9375,0.0,0.0,-3.75,0.0
52,10,0.0,0.0,0.0,0.0,0.0,0.0,0.0,0.0,0.9375,0.0,0.0,0.0,0.0,0.0,0.0,0.0,0.0,0.0,-7.5,0.0,0.0,0.0,-3.75,3.75,0.0,0.0,-1.875,4.6875,0.0,0.0,0.0,0.0,0.9375,0.0,0.0,-1.875,1.875,0.0,0.0,0.0,-3.75,-1.875,0.0,-7.5,-1.875,0.0,0.0,-3.75,0.0,0.0,-1.875,-3.75,0.0,0.0,-11.25,0.0,0.0,-2.8125,0.0,0.0,-3.75,4.6875,1.875,3.75,0.0,0.0,0.0,-3.75,0.0
52,11,0.0,0.0,0.0,0.0,0.0,0.0,0.0,0.0,0.9375,0.0,0.0,0.0,0.0,0.0,0.0,0.0,0.0,0.0,-7.5,0.0,0.0,0.0,-2.8125,3.75,0.0,0.0,0.0,3.75,0.0,0.0,0.0,0.0,0.0,0.0,0.0,-1.875,1.875,0.0,0.0,0.0,-3.75,-1.875,0.0,-7.5,-1.875,0.0,0.0,-3.75,0.0,0.0,-2.8125,-3.75,0.0,0.0,-11.25,0.0,0.0,-1.875,0.0,-1.875,-3.75,4.6875,0.9375,3.75,0.0,0.0,0.9375,-3.75,0.0
53,9,0.0,0.0,0.0,0.0,0.0,0.0,0.0,0.0,0.0,0.0,0.0,0.0,0.0,-3.75,0.0,0.0,0.0,0.0,-7.5,0.0,0.0,3.75,-3.75,3.75,0.0,0.0,0.0,3.75,0.0,0.0,0.0,0.9375,0.0,0.0,0.0,-2.8125,0.0,0.0,0.0,0.0,-1.875,-1.875,0.0,-11.25,-1.875,-1.875,0.0,-3.75,0.0,0.0,-3.75,-3.75,0.0,0.0,-16.875,3.75,-1.875,-3.75,0.0,-3.75,-7.5,7.5,0.0,3.75,0.0,0.0,3.75,-7.5,0.0
53,10,0.0,0.0,0.0,0.0,0.0,0.0,0.0,0.0,0.0,0.0,0.0,0.0,0.0,-1.875,0.0,0.0,0.0,0.0,-3.75,0.0,0.0,1.875,-3.75,3.75,0.0,0.0,0.0,3.75,0.0,0.0,0.0,0.0,0.0,0.0,0.0,-2.8125,0.0,0.0,0.0,0.0,-1.875,-1.875,0.0,-7.5,-1.875,-0.9375,0.0,-3.75,0.0,0.0,-1.875,-3.75,0.0,0.0,-3.75,3.75,-1.875,-1.875,0.0,-3.75,-3.75,7.5,0.0,0.0,0.0,0.0,1.875,-3.75,0.0
53,11,0.0,0.0,0.0,0.0,0.0,0.0,0.0,0.0,0.0,0.0,0.0,0.0,0.0,-1.875,0.0,0.0,0.0,0.0,-3.75,0.0,0.0,0.0,-3.75,3.75,0.0,0.0,0.0,3.75,0.0,0.0,0.0,0.0,0.0,0.0,0.0,-2.8125,0.9375,0.0,0.0,0.0,-3.75,-1.875,0.0,-7.5,-1.875,-0.9375,0.0,-3.75,0.0,0.0,-1.875,-3.75,0.0,0.0,-3.75,3.75,0.0,-1.875,0.0,-1.875,-1.875,7.5,0.0,0.0,0.0,0.0,3.75,-6.5625,0.0
54,9,0.0,0.0,0.0,0.0,0.0,0.0,0.0,0.0,0.0,0.0,0.0,0.0,0.0,-3.75,0.0,0.0,0.0,0.0,0.0,0.0,0.0,3.75,-6.5625,3.75,0.0,0.0,0.9375,0.0,0.0,0.0,0.0,3.75,0.0,0.0,0.0,-3.75,0.0,0.0,0.0,0.0,0.0,0.0,0.0,-11.25,-3.75,0.0,0.0,-3.75,0.0,0.0,-3.75,0.0,0.0,0.0,15.0,4.6875,0.0,-3.75,0.0,-1.875,0.0,7.5,0.9375,0.0,0.0,0.0,0.9375,-7.5,-1.875
54,10,0.0,0.0,0.0,0.0,0.0,0.0,0.0,0.0,0.0,0.0,0.0,0.0,0.0,-3.75,0.0,0.0,0.0,0.0,0.0,0.0,0.0,3.75,-3.75,1.875,0.0,0.0,0.0,0.0,0.0,0.0,0.0,3.75,0.0,0.0,0.0,-3.75,0.0,0.0,0.0,0.0,0.0,-0.9375,0.0,-6.5625,-3.75,-1.875,0.0,-3.75,0.0,0.0,-3.75,0.0,0.0,0.0,0.0,3.75,0.0,0.0,0.0,-1.875,0.0,4.6875,0.9375,0.0,0.0,0.0,0.9375,-3.75,-1.875
54,11,0.0,0.0,0.0,0.0,0.0,0.0,0.0,0.0,0.0,0.0,0.0,0.0,0.0,-3.75,0.0,0.0,0.9375,0.0,0.0,0.0,0.0,3.75,-3.75,0.9375,0.0,0.0,3.75,0.0,0.0,0.0,0.0,3.75,0.0,0.0,0.0,-3.75,0.0,0.0,0.0,0.0,0.0,0.0,0.0,-5.625,-3.75,-1.875,0.0,-3.75,0.0,0.0,-2.8125,-1.875,0.0,0.0,0.0,3.75,0.0,-1.875,0.0,0.0,0.0,4.6875,0.0,0.0,0.0,0.0,0.9375,-3.75,0.0
55,9,0.0,0.0,0.0,0.0,0.0,0.0,0.0,0.0,0.0,0.0,-1.875,0.0,0.0,-6.5625,0.0,0.0,0.9375,0.0,5.625,0.0,0.0,3.75,-6.5625,0.9375,0.0,0.0,3.75,-1.875,0.0,0.0,0.0,5.625,0.0,0.0,0.0,-7.5,0.0,0.0,0.0,0.0,3.75,0.0,0.0,-11.25,-6.5625,-0.9375,0.0,-3.75,0.9375,0.0,-3.75,3.75,0.0,-3.75,11.25,3.75,-1.875,-1.875,0.0,0.9375,1.875,6.5625,0.9375,0.0,-2.8125,0.0,0.0,-6.5625,0.0
55,10,0.0,0.0,0.0,0.0,0.0,0.0,0.0,0.0,0.0,0.0,-1.875,0.0,0.0,-5.625,0.0,0.0,0.9375,0.0,3.75,0.0,0.0,3.75,-3.75,0.9375,0.0,0.0,0.9375,-1.875,0.0,0.0,0.0,4.6875,0.0,0.0,0.0,-7.5,0.0,0.0,0.0,0.0,0.9375,0.0,0.0,0.0,-3.75,-1.875,0.0,-2.8125,0.0,0.0,-3.75,0.0,0.0,-3.75,3.75,3.75,-1.875,0.0,0.0,0.9375,1.875,4.6875,0.9375,0.0,-1.875,0.0,0.0,-3.75,0.0
55,11,0.0,0.0,0.0,0.0,0.0,0.0,0.0,0.0,0.0,0.0,0.0,0.0,0.0,-5.625,0.0,0.0,1.875,0.0,3.75,0.0,0.0,3.75,-3.75,0.0,0.0,0.0,3.75,-1.875,0.0,0.0,0.0,3.75,0.0,0.0,0.0,-7.5,0.0,0.0,0.0,0.0,0.9375,0.0,0.0,0.0,-3.75,-2.8125,0.0,-2.8125,0.0,0.0,-3.75,0.9375,0.0,-3.75,3.75,3.75,0.0,0.0,0.0,0.9375,3.75,4.6875,0.0,0.0,-1.875,0.0,0.0,-1.875,0.0
56,9,0.0,0.0,0.0,0.0,0.0,0.0,0.0,0.0,-1.875,-1.875,-3.75,0.0,0.0,-7.5,0.0,0.0,3.75,0.0,7.5,0.0,0.0,3.75,-3.75,0.0,0.0,0.0,3.75,-3.75,0.0,0.0,0.0,3.75,-3.75,0.0,0.0,-11.25,-3.75,-1.875,0.0,0.0,3.75,0.0,0.0,9.375,-5.625,-2.8125,0.0,-3.75,1.875,0.0,-7.5,7.5,0.0,-3.75,12.1875,3.75,0.0,0.0,0.0,3.75,3.75,4.6875,0.0,0.0,-1.875,0.0,0.0,3.75,0.0
56,10,0.0,0.0,0.0,0.0,0.0,0.0,0.0,0.0,0.0,0.0,-3.75,0.0,0.0,-7.5,0.0,0.0,3.75,0.0,4.6875,0.0,0.0,0.9375,-3.75,0.0,0.0,0.0,3.75,-3.75,0.0,0.0,0.0,3.75,-3.75,0.0,0.0,-7.5,-3.75,0.0,0.0,0.0,3.75,0.0,0.0,7.5,-3.75,-2.8125,0.0,-3.75,1.875,0.0,-3.75,3.75,0.0,-3.75,4.6875,3.75,-1.875,0.0,0.0,3.75,3.75,3.75,0.0,0.0,-1.875,0.0,0.0,0.0,0.0
56,11,0.0,0.0,0.0,0.0,0.0,0.0,0.0,0.0,0.0,0.0,-3.75,0.0,0.0,-7.5,0.0,0.0,3.75,0.0,4.6875,0.0,0.0,0.9375,-3.75,0.0,0.0,0.0,3.75,-3.75,0.0,0.0,0.0,3.75,-1.875,0.0,0.0,-7.5,-3.75,0.0,0.0,0.0,3.75,0.0,0.0,7.5,-3.75,-3.75,0.0,-3.75,0.0,0.0,-3.75,4.6875,0.0,-3.75,4.6875,3.75,0.0,0.0,0.0,3.75,0.9375,3.75,0.0,0.0,-1.875,0.0,0.0,3.75,0.0
57,9,0.0,0.0,0.0,0.0,0.0,0.0,-1.875,0.0,0.0,0.0,-3.75,0.0,0.0,-7.5,0.0,0.0,1.875,0.0,7.5,0.0,0.0,3.75,-3.75,0.0,0.0,0.0,3.75,-5.625,0.0,0.0,0.0,3.75,-1.875,0.0,0.0,-11.25,-3.75,-2.8125,0.0,0.0,3.75,0.0,0.0,11.25,-3.75,-3.75,0.0,-1.875,3.75,0.0,-9.375,8.4375,0.0,-3.75,11.25,3.75,0.0,0.0,0.0,3.75,0.0,3.75,0.0,0.0,-3.75,0.0,0.0,7.5,0.9375
57,10,0.0,0.0,0.0,0.0,0.0,0.0,-1.875,0.0,0.0,0.0,-3.75,0.0,0.0,-7.5,0.0,0.0,0.9375,0.0,4.6875,0.0,0.0,1.875,0.0,0.0,0.0,0.0,3.75,-3.75,0.0,0.0,0.0,3.75,-1.875,0.0,0.0,-11.25,-3.75,-2.8125,0.9375,0.0,3.75,0.0,0.0,11.25,-3.75,-3.75,0.0,-1.875,3.75,0.0,-7.5,7.5,0.0,-3.75,7.5,1.875,0.0,0.0,0.0,3.75,0.9375,3.75,0.0,0.0,-3.75,0.0,0.0,3.75,0.9375
57,11,0.0,0.0,0.0,0.0,0.0,0.0,-1.875,0.0,0.0,0.0,-3.75,0.0,0.0,-7.5,0.0,0.0,1.875,0.0,4.6875,0.0,0.0,0.9375,0.0,0.0,0.0,0.0,3.75,-3.75,0.0,0.0,0.0,3.75,0.0,0.0,0.0,-11.25,-3.75,-1.875,0.0,0.0,3.75,0.0,0.0,9.375,-3.75,-3.75,0.0,-2.8125,0.9375,0.0,-7.5,7.5,0.0,-3.75,7.5,3.75,0.0,0.0,0.0,3.75,0.0,3.75,0.0,0.0,-3.75,0.0,0.0,3.75,0.0
58,9,0.0,0.0,0.0,0.0,0.0,0.0,-3.75,0.0,0.0,1.875,-7.5,0.0,0.0,-7.5,0.0,0.0,0.0,0.0,7.5,0.0,0.0,0.9375,0.0,0.0,0.0,0.0,0.9375,-6.5625,0.0,0.0,0.0,3.75,0.0,0.0,0.0,-15.0,-1.875,-1.875,0.0,0.0,3.75,0.0,0.0,11.25,-3.75,-3.75,0.0,0.0,0.9375,0.0,-11.25,11.25,0.0,-7.5,13.125,0.9375,0.0,0.9375,0.0,1.875,0.0,0.9375,0.0,0.0,-5.625,0.0,0.0,5.625,3.75
58,10,0.0,0.0,0.0,0.0,0.0,0.0,-3.75,0.0,0.0,0.9375,-6.5625,0.0,0.0,-7.5,0.0,0.0,0.0,0.0,7.5,0.0,0.0,0.9375,0.0,0.0,0.0,0.0,0.0,-3.75,0.0,-1.875,0.0,1.875,0.0,0.0,0.0,-11.25,-3.75,0.0,0.0,0.0,3.75,0.0,0.0,11.25,-3.75,-3.75,0.0,-1.875,0.0,0.0,-7.5,7.5,0.0,-7.5,5.625,0.9375,0.0,0.0,0.0,0.9375,0.0,0.9375,0.0,0.0,-3.75,0.0,0.9375,3.75,3.75
58,11,0.0,0.0,0.0,0.0,0.0,0.0,-3.75,0.0,0.0,0.0,-5.625,0.0,0.0,-7.5,0.0,0.0,0.9375,0.0,4.6875,0.0,0.0,0.0,0.0,0.0,0.0,0.0,0.9375,-3.75,0.0,-1.875,0.0,1.875,0.0,0.0,0.0,-11.25,0.0,-1.875,0.0,0.0,3.75,0.0,0.0,8.4375,-3.75,-5.625,0.0,-1.875,0.0,0.0,-7.5,7.5,0.0,-6.5625,5.625,0.0,0.0,0.0,0.0,1.875,0.0,0.9375,0.0,0.0,-3.75,0.0,0.0,4.6875,3.75
59,9,0.0,0.0,0.0,0.0,0.0,0.0,-3.75,0.0,0.0,3.75,-7.5,0.0,0.0,-7.5,0.0,0.0,0.0,0.0,7.5,0.0,0.0,0.0,0.0,0.0,0.0,0.0,0.0,-6.5625,0.0,0.0,0.0,0.0,0.0,0.0,0.0,-15.0,0.0,-3.75,-1.875,0.0,0.0,0.0,0.0,11.25,-3.75,-7.5,0.0,-3.75,0.0,0.0,-15.0,7.5,0.0,-7.5,9.375,0.0,0.0,0.0,0.0,0.9375,0.0,0.0,0.0,0.9375,-3.75,0.0,0.0,5.625,3.75
59,10,0.0,0.0,0.0,0.0,0.0,0.0,-5.625,0.0,0.0,3.75,-7.5,0.0,0.0,-3.75,0.0,0.0,0.0,0.0,3.75,0.0,0.0,0.0,0.9375,0.0,0.0,0.0,0.0,-3.75,0.0,0.0,0.0,0.0,0.0,0.0,0.0,-7.5,0.0,-1.875,0.0,0.0,0.0,0.0,0.0,7.5,-3.75,-7.5,0.0,-3.75,0.0,0.0,-11.25,3.75,0.0,-7.5,7.5,0.0,0.0,0.0,0.0,0.9375,0.0,0.0,0.0,0.9375,-3.75,0.0,0.0,4.6875,3.75
59,11,0.0,0.0,0.0,0.0,0.0,0.0,-3.75,0.0,0.0,3.75,-7.5,0.0,0.0,-6.5625,0.0,0.0,0.0,0.0,4.6875,0.0,0.0,0.0,0.9375,0.0,0.0,0.0,0.0,-3.75,0.0,0.0,0.0,0.0,0.0,0.0,0.0,-7.5,0.0,-1.875,0.0,0.0,0.0,0.0,0.0,7.5,-1.875,-7.5,0.0,-1.875,0.0,0.0,-11.25,3.75,0.0,-7.5,7.5,0.0,0.0,0.0,0.0,0.0,0.0,0.0,0.0,0.0,-3.75,0.0,0.9375,4.6875,3.75
60,9,0.0,0.0,0.0,0.0,0.0,0.0,-7.5,0.0,0.0,3.75,-11.25,0.0,0.0,0.0,0.0,0.0,0.0,0.0,7.5,0.0,0.0,0.0,3.75,0.0,0.0,0.0,0.0,-3.75,0.0,0.0,0.9375,0.0,0.0,0.0,0.0,-11.25,0.0,-3.75,0.0,0.0,-2.8125,0.9375,0.0,8.4375,0.0,-7.5,0.0,-2.8125,-3.75,0.0,-15.0,7.5,-3.75,-3.75,8.4375,-3.75,0.0,0.0,0.0,0.0,0.0,0.0,0.0,1.875,-3.75,0.0,0.9375,5.625,3.75
60,10,0.0,0.0,0.0,0.0,0.0,0.0,-7.5,0.0,0.0,3.75,-7.5,0.0,0.0,0.0,0.0,0.0,0.0,0.0,4.6875,0.0,0.0,0.0,3.75,0.0,0.0,0.0,0.0,-3.75,0.0,0.0,1.875,0.0,0.0,0.0,0.0,-3.75,0.0,-1.875,0.0,0.0,0.0,1.875,0.0,7.5,0.0,-7.5,0.0,-2.8125,-1.875,0.0,-11.25,4.6875,-2.8125,-3.75,3.75,-3.75,0.0,0.0,0.0,0.0,0.0,0.0,0.0,0.0,-1.875,0.0,0.9375,3.75,3.75
60,11,0.0,0.0,0.0,0.0,0.0,0.0,-7.5,0.0,0.0,3.75,-7.5,0.0,0.0,-1.875,0.0,0.0,0.0,0.0,3.75,0.0,0.0,0.0,3.75,0.0,0.0,0.0,0.0,-1.875,0.0,0.0,0.9375,0.0,0.0,0.0,0.0,0.0,0.0,-1.875,0.0,0.0,-0.9375,0.0,0.0,7.5,0.0,-10.3125,0.0,-1.875,-1.875,0.0,-14.0625,4.6875,-3.75,-3.75,5.625,-3.75,0.0,0.0,0.0,0.0,0.0,0.0,0.0,1.875,-3.75,0.0,0.9375,3.75,3.75
61,9,0.0,0.0,0.0,0.0,0.0,0.0,-9.375,0.0,0.0,3.75,-11.25,0.0,0.0,3.75,0.0,0.0,0.0,0.0,7.5,0.0,0.0,0.0,3.75,0.0,0.0,0.0,0.0,0.0,0.0,0.0,0.0,0.0,0.0,0.0,0.0,7.5,0.0,0.0,-3.75,0.0,-3.75,0.0,0.0,7.5,0.0,-14.0625,0.0,-1.875,-3.75,0.0,-18.75,7.5,-3.75,1.875,8.4375,-5.625,0.0,0.9375,0.0,0.0,0.0,0.0,-1.875,0.0,0.0,0.0,0.0,3.75,3.75
61,10,0.0,0.0,0.0,0.0,0.0,0.0,-9.375,0.0,0.0,3.75,-9.375,0.0,0.0,3.75,0.0,0.0,0.0,0.0,4.6875,0.0,0.0,0.0,3.75,0.0,0.0,0.0,0.0,0.0,0.0,0.0,0.9375,0.0,0.0,0.0,0.0,3.75,0.0,0.0,0.0,0.0,-2.8125,0.9375,0.0,4.6875,0.0,-11.25,0.0,-1.875,0.0,0.0,-9.375,7.5,-3.75,0.0,1.875,-3.75,0.0,0.0,0.0,0.0,0.0,0.0,-1.875,0.0,-1.875,0.0,0.0,3.75,2.8125
61,11,0.0,0.0,0.0,0.0,0.0,0.0,-7.5,0.0,0.0,3.75,-9.375,0.0,0.0,3.75,0.0,0.0,0.0,0.0,3.75,0.0,0.0,0.0,0.9375,0.0,0.0,0.0,0.0,0.0,0.0,0.0,0.0,0.0,0.0,0.0,0.0,7.5,0.0,0.0,0.0,0.0,-3.75,0.0,0.0,4.6875,0.0,-11.25,0.0,-1.875,-1.875,0.0,-9.375,7.5,-3.75,0.0,1.875,-3.75,0.0,0.0,0.0,0.0,0.0,0.0,-1.875,0.0,0.0,0.0,0.0,3.75,1.875
62,9,0.0,0.0,0.0,0.0,0.0,0.0,-11.25,0.0,-1.875,3.75,-11.25,0.0,0.0,5.625,0.0,0.0,0.0,0.0,3.75,0.0,0.0,0.0,0.0,0.0,0.0,0.0,-1.875,3.75,0.0,0.0,-1.875,-1.875,-1.875,0.0,0.0,7.5,0.0,0.0,-3.75,0.0,-3.75,0.9375,0.0,3.75,1.875,-11.25,0.0,-3.75,-3.75,0.0,18.75,4.6875,-6.5625,7.5,-3.75,-7.5,0.0,3.75,0.0,0.0,0.0,0.0,-1.875,0.0,3.75,0.0,0.0,0.0,0.9375
62,10,0.0,0.0,0.0,0.0,0.0,0.0,-11.25,0.0,-1.875,3.75,-9.375,0.0,0.0,3.75,0.0,0.0,0.0,0.0,0.9375,0.0,0.0,0.0,0.0,0.0,0.0,0.0,0.0,0.9375,0.0,0.0,-1.875,-1.875,-1.875,0.0,0.0,4.6875,0.0,0.0,-1.875,0.0,-3.75,3.75,0.0,3.75,0.9375,-7.5,0.0,-2.8125,-3.75,0.0,13.125,3.75,-5.625,4.6875,-3.75,-5.625,0.0,3.75,0.0,0.0,0.0,0.0,-1.875,0.0,0.9375,0.0,0.0,0.0,0.9375
62,11,0.0,0.0,0.0,0.0,0.0,0.0,-11.25,0.0,0.0,3.75,-9.375,0.0,0.0,3.75,0.0,0.0,0.0,0.0,0.9375,0.0,0.0,0.0,0.0,0.0,0.0,0.0,0.0,0.9375,0.0,0.0,0.0,0.0,0.0,0.0,0.0,7.5,0.0,0.0,-1.875,0.0,-3.75,1.875,0.0,3.75,0.9375,-9.375,0.0,-1.875,-3.75,0.0,13.125,3.75,-3.75,3.75,-2.8125,-6.5625,0.0,0.0,0.0,0.0,0.0,0.0,-0.9375,0.0,0.9375,0.0,0.0,0.0,0.0
63,9,0.0,0.0,0.0,0.0,0.0,0.0,-11.25,0.0,-3.75,1.875,-9.375,0.0,0.0,7.5,0.0,0.0,0.0,0.0,1.875,0.0,0.0,0.0,0.0,0.0,0.0,0.0,-2.8125,3.75,0.0,0.0,-1.875,-1.875,-3.75,0.0,0.0,7.5,0.0,0.9375,-3.75,0.0,-7.5,3.75,0.0,1.875,3.75,11.25,0.0,-3.75,-3.75,0.0,16.875,0.9375,-6.5625,7.5,-5.625,-8.4375,0.0,3.75,0.0,0.0,0.0,0.0,0.0,0.0,4.6875,0.0,0.0,0.0,0.0
63,10,0.0,0.0,0.0,0.0,0.0,0.0,-11.25,0.0,-2.8125,1.875,-6.5625,0.0,0.0,4.6875,0.0,0.0,0.0,0.0,0.9375,0.0,0.0,0.0,0.0,0.0,0.0,0.0,-1.875,1.875,0.0,0.0,-1.875,-1.875,-3.75,0.0,0.0,7.5,0.0,0.9375,0.0,0.0,-6.5625,3.75,0.0,0.9375,1.875,-7.5,0.0,-3.75,-3.75,0.0,15.0,0.9375,-5.625,7.5,-3.75,-7.5,0.0,3.75,0.0,0.0,0.0,0.0,0.0,0.0,3.75,0.0,0.0,0.0,0.0
63,11,0.0,0.0,0.0,0.0,0.0,0.0,-11.25,0.0,-1.875,0.9375,-7.5,0.0,0.0,4.6875,0.0,0.0,0.0,0.0,0.9375,0.0,0.0,0.0,0.0,0.0,0.0,0.0,-1.875,0.9375,0.0,0.0,-1.875,-1.875,-3.75,0.0,0.0,7.5,0.0,0.0,0.0,0.0,-6.5625,0.0,0.0,0.9375,0.9375,-7.5,0.0,-1.875,-3.75,0.0,15.0,0.9375,-5.625,7.5,-3.75,-7.5,0.0,0.9375,0.0,0.0,0.0,0.0,0.0,0.0,3.75,0.0,0.0,0.0,0.0
64,9,0.0,0.0,0.0,0.0,0.0,0.0,-11.25,0.0,-3.75,0.9375,7.5,0.0,0.0,7.5,0.0,0.0,0.0,0.0,0.0,0.0,0.0,0.0,-3.75,0.0,0.0,0.0,-3.75,1.875,0.0,0.9375,-3.75,-2.8125,-3.75,0.0,0.0,4.6875,0.0,3.75,0.0,0.0,-11.25,3.75,0.0,0.0,0.9375,16.875,0.0,-3.75,-3.75,0.0,15.0,0.9375,-7.5,7.5,-5.625,-9.375,-1.875,3.75,0.0,0.0,-1.875,0.0,-1.875,0.0,4.6875,0.0,0.0,0.0,-3.75
64,10,0.0,0.0,0.0,0.0,0.0,0.0,-10.3125,0.0,-3.75,0.9375,0.0,0.0,0.0,4.6875,0.0,0.0,0.0,0.0,0.9375,0.0,0.0,0.0,-3.75,0.0,0.0,0.0,-2.8125,0.9375,0.0,0.0,-1.875,-1.875,-3.75,0.0,0.0,3.75,0.0,3.75,0.0,0.0,-7.5,5.625,0.0,0.0,0.9375,15.0,0.0,-3.75,-3.75,0.0,13.125,0.9375,-6.5625,7.5,-3.75,-7.5,0.0,1.875,0.0,-1.875,0.0,0.0,-1.875,0.0,3.75,-1.875,0.0,0.0,-2.8125
64,11,0.0,0.0,0.0,0.0,0.0,0.0,-9.375,0.0,-3.75,0.0,0.0,0.0,0.0,4.6875,0.0,0.0,0.0,0.0,0.0,0.0,0.0,0.0,-1.875,0.0,0.0,0.0,-1.875,0.9375,0.0,0.0,-3.75,-1.875,-3.75,0.0,0.0,3.75,0.0,3.75,0.0,0.0,-7.5,3.75,0.0,0.0,0.9375,15.0,0.0,0.0,-1.875,0.0,14.0625,0.0,-6.5625,7.5,-3.75,-7.5,0.0,3.75,0.0,0.0,0.0,0.0,-1.875,0.0,3.75,-1.875,0.0,0.0,-2.8125
65,9,0.0,0.0,0.0,0.0,0.0,0.0,0.0,0.0,-3.75,0.0,7.5,0.0,0.0,4.6875,0.0,0.0,0.0,0.0,0.0,0.0,0.0,0.0,-3.75,-1.875,0.0,0.0,-3.75,3.75,0.0,0.9375,-3.75,0.0,-3.75,0.0,0.0,3.75,0.0,3.75,0.0,0.0,-14.0625,7.5,0.0,0.0,0.0,16.875,0.0,-1.875,0.0,0.0,15.0,0.0,-7.5,7.5,-5.625,-7.5,-3.75,3.75,0.0,-3.75,0.0,-1.875,-3.75,0.0,7.5,-2.8125,0.0,0.0,-5.625
65,10,0.0,0.0,0.0,0.0,0.0,0.0,-3.75,0.0,-3.75,0.0,5.625,0.0,0.0,3.75,0.0,0.0,0.0,0.0,0.0,0.0,0.0,0.0,-3.75,-1.875,0.0,0.0,-1.875,0.9375,0.0,0.9375,-3.75,-1.875,-3.75,0.0,0.0,3.75,0.0,3.75,0.0,0.0,-7.5,7.5,0.0,0.0,0.0,17.8125,0.0,0.0,0.0,0.0,12.1875,0.0,-7.5,7.5,-3.75,-6.5625,-3.75,1.875,0.0,-3.75,0.0,-1.875,-3.75,0.0,3.75,-1.875,0.0,0.0,-3.75
65,11,0.0,0.0,0.0,0.0,0.0,0.0,-3.75,0.0,-3.75,0.0,5.625,0.0,0.0,3.75,0.0,0.0,0.0,0.0,0.0,0.0,0.0,0.0,-3.75,0.0,0.0,0.0,-1.875,0.9375,0.0,0.0,-3.75,0.0,-3.75,0.0,0.0,3.75,0.0,3.75,1.875,0.0,-7.5,3.75,0.0,0.0,0.0,18.75,0.0,0.0,0.0,0.0,15.0,0.0,-6.5625,7.5,-3.75,-7.5,-3.75,0.9375,0.0,-1.875,0.0,-1.875,-3.75,0.0,3.75,-1.875,0.0,0.0,-3.75
66,9,0.0,0.0,0.0,0.0,0.0,0.0,11.25,0.0,-3.75,0.0,5.625,0.0,0.0,3.75,0.0,0.0,0.0,0.0,0.0,0.0,0.0,0.0,-6.5625,-3.75,0.0,0.0,-1.875,3.75,0.0,0.9375,-3.75,0.0,-3.75,0.0,0.0,0.9375,0.0,3.75,0.9375,0.0,-15.0,7.5,0.0,0.0,0.9375,17.8125,0.0,0.0,0.9375,0.0,15.0,0.0,-3.75,3.75,-6.5625,-7.5,-3.75,0.9375,0.0,-3.75,0.0,-3.75,-1.875,-1.875,3.75,-3.75,0.0,0.0,-7.5
66,10,0.0,0.0,0.0,0.0,0.0,0.0,3.75,0.0,-3.75,0.0,3.75,0.0,0.0,3.75,0.0,0.0,0.0,0.0,0.0,0.0,0.0,0.0,-5.625,-1.875,0.0,0.0,-1.875,1.875,0.0,0.9375,-3.75,0.0,-3.75,0.0,0.0,0.9375,0.0,3.75,0.0,0.0,-7.5,7.5,0.0,0.0,0.9375,16.875,0.0,0.0,0.9375,0.0,12.1875,0.0,-3.75,3.75,-3.75,-1.875,-3.75,0.9375,0.0,-3.75,0.0,-3.75,-0.9375,0.0,0.9375,-3.75,0.0,0.0,-7.5
66,11,0.0,0.0,0.0,0.0,0.0,0.0,0.0,0.0,-3.75,0.0,4.6875,0.0,0.0,3.75,0.0,0.0,0.0,0.0,0.0,0.0,0.0,0.0,-3.75,-1.875,0.0,0.0,-1.875,1.875,0.0,0.0,-3.75,0.0,-3.75,0.0,0.0,0.9375,0.0,3.75,1.875,0.0,-7.5,7.5,0.0,0.0,0.0,15.9375,0.0,0.0,0.0,0.0,13.125,0.0,-3.75,3.75,-3.75,-3.75,-3.75,0.0,0.0,-3.75,0.0,-3.75,0.0,0.0,0.9375,-3.75,0.0,0.0,-6.5625
67,9,0.0,0.0,0.0,0.0,0.0,0.0,11.25,0.0,0.0,-2.8125,5.625,0.0,0.0,0.9375,0.0,0.0,0.0,0.0,0.0,0.0,0.0,0.0,-7.5,-3.75,0.0,0.0,-1.875,3.75,0.0,0.0,-7.5,0.0,0.0,0.0,0.0,0.0,0.0,3.75,0.0,0.0,-15.0,7.5,0.0,0.0,0.9375,16.875,0.0,0.0,3.75,0.0,11.25,0.0,0.0,0.0,-3.75,1.875,-3.75,-1.875,0.0,-7.5,-1.875,-3.75,3.75,-2.8125,0.9375,-1.875,0.0,0.0,-10.3125
67,10,0.0,0.0,0.0,0.0,0.0,0.0,7.5,0.0,0.0,-1.875,3.75,0.0,0.0,0.9375,0.0,0.0,0.0,0.0,0.0,0.0,0.0,0.0,-7.5,-2.8125,0.0,0.0,-1.875,1.875,0.0,0.0,-3.75,0.0,0.0,0.0,0.0,0.0,0.0,3.75,0.0,0.0,0.0,9.375,0.0,0.0,0.9375,15.0,0.0,0.0,0.9375,0.0,9.375,0.0,-1.875,0.0,-3.75,3.75,-3.75,-0.9375,0.0,-5.625,0.0,-3.75,3.75,-1.875,0.9375,-2.8125,0.0,0.0,-9.375
67,11,0.0,0.0,0.0,0.0,0.0,0.0,7.5,0.0,0.0,-1.875,3.75,0.0,0.0,0.9375,0.0,0.0,0.0,0.0,0.0,0.0,0.0,0.0,-6.5625,-2.8125,0.0,0.0,0.0,3.75,0.0,0.0,-3.75,0.0,0.0,0.0,0.0,0.0,0.0,1.875,0.0,0.0,0.0,7.5,0.0,0.0,0.0,15.9375,0.0,0.9375,0.0,0.0,11.25,0.0,0.0,0.0,-3.75,3.75,-3.75,0.0,0.0,-4.6875,0.0,-3.75,3.75,-1.875,0.9375,-3.75,0.0,0.0,-8.4375
68,9,0.0,0.0,0.0,0.0,0.0,0.0,11.25,0.0,3.75,-3.75,3.75,0.0,0.0,0.0,0.0,0.0,0.0,0.0,0.0,0.0,0.0,0.0,-7.5,-3.75,0.0,0.0,0.0,3.75,0.0,0.0,3.75,0.9375,3.75,0.0,0.0,0.0,0.0,1.875,0.0,0.0,15.0,7.5,0.0,0.0,0.0,15.0,0.0,0.0,0.0,0.0,8.4375,0.0,3.75,0.0,-1.875,3.75,-7.5,-3.75,0.0,-7.5,-2.8125,-6.5625,5.625,-1.875,3.75,3.75,0.0,-1.875,-11.25
68,10,0.0,0.0,0.0,0.0,0.0,0.0,7.5,0.0,3.75,-3.75,1.875,0.0,0.0,0.0,0.0,0.0,0.0,0.0,0.0,0.0,0.0,0.0,-7.5,-1.875,0.0,0.0,0.0,3.75,0.0,0.0,0.0,0.0,3.75,0.0,0.0,0.0,0.0,0.9375,0.0,0.0,11.25,7.5,0.0,0.0,0.0,15.0,0.0,0.0,0.0,0.0,7.5,0.0,1.875,0.0,0.0,3.75,-6.5625,-2.8125,0.0,-5.625,-1.875,-6.5625,3.75,-1.875,1.875,0.9375,0.0,-0.9375,-11.25
68,11,0.0,0.0,0.0,0.0,0.0,0.0,7.5,0.0,3.75,-3.75,3.75,0.0,0.0,0.0,0.0,0.0,0.0,0.0,0.0,0.0,0.0,0.9375,-7.5,-3.75,0.0,0.0,0.0,3.75,0.0,0.0,0.0,0.0,3.75,0.0,0.0,0.0,0.0,0.9375,0.0,0.0,7.5,7.5,0.0,0.0,0.0,15.0,0.0,0.9375,0.0,0.0,7.5,0.0,0.9375,0.0,0.0,3.75,-3.75,-2.8125,0.0,-6.5625,0.0,-6.5625,3.75,0.0,0.9375,0.0,0.0,0.0,-11.25
69,9,0.0,0.0,0.0,0.0,0.0,0.0,7.5,0.0,7.5,-3.75,0.9375,0.0,0.0,-3.75,0.0,0.0,0.0,0.0,0.0,0.0,0.0,0.9375,-7.5,-3.75,0.0,0.0,0.0,3.75,0.0,0.0,7.5,0.9375,7.5,0.0,0.0,0.9375,0.0,0.0,-1.875,0.0,15.0,7.5,0.0,0.0,0.0,12.1875,0.0,0.0,0.0,0.0,7.5,-1.875,7.5,-3.75,0.0,7.5,-10.3125,-5.625,0.0,-10.3125,0.0,-7.5,3.75,0.0,0.9375,7.5,0.0,0.0,-15.0
69,10,0.0,0.0,0.0,0.0,0.0,0.0,5.625,0.0,4.6875,-3.75,0.0,0.0,0.0,-1.875,0.0,0.0,0.0,0.0,0.0,0.0,0.0,1.875,-6.5625,-3.75,0.0,0.0,0.0,3.75,0.0,0.0,5.625,0.9375,4.6875,0.0,0.0,0.0,0.0,0.0,-1.875,0.0,9.375,7.5,0.0,0.0,0.0,12.1875,0.0,0.0,0.0,0.0,7.5,-1.875,3.75,-3.75,0.0,5.625,-6.5625,-3.75,0.0,-7.5,0.0,-7.5,0.9375,0.0,0.9375,5.625,0.0,0.0,-13.125
69,11,0.0,0.0,0.0,0.0,0.0,0.0,7.5,0.0,3.75,-3.75,1.875,0.0,0.0,-1.875,0.0,0.0,0.0,0.0,0.0,0.0,0.0,0.9375,-5.625,-3.75,0.0,0.0,0.0,2.8125,0.0,0.0,0.9375,0.0,3.75,0.0,0.0,0.0,0.0,0.0,-1.875,0.0,11.25,7.5,0.0,0.0,0.0,13.125,0.0,0.0,0.0,0.0,7.5,-1.875,3.75,-1.875,0.0,4.6875,-6.5625,-3.75,0.0,-7.5,0.0,-7.5,3.75,0.0,0.0,0.9375,0.0,0.0,-13.125
70,9,0.0,0.0,0.0,0.0,0.0,0.0,7.5,0.0,7.5,-3.75,0.9375,0.0,0.0,-3.75,0.0,0.0,0.0,0.0,0.0,0.0,0.0,0.9375,-3.75,-3.75,0.0,0.0,0.0,1.875,0.0,0.0,11.25,0.0,6.5625,0.0,0.0,3.75,0.0,0.0,-3.75,0.0,13.125,7.5,0.0,0.0,0.0,11.25,0.0,0.0,-1.875,0.0,4.6875,0.0,7.5,-5.625,-3.75,4.6875,-3.75,-6.5625,0.0,-7.5,0.0,-10.3125,3.75,0.0,0.0,7.5,0.9375,0.0,-16.875
70,10,0.0,0.0,0.0,0.0,0.0,0.0,4.6875,0.0,3.75,-3.75,1.875,0.0,0.0,-3.75,0.0,0.0,0.0,0.0,0.0,0.0,0.0,0.9375,-3.75,-3.75,0.0,0.0,0.0,0.9375,0.0,0.0,4.6875,0.0,4.6875,0.0,0.0,3.75,0.0,0.0,-3.75,0.0,11.25,7.5,0.0,0.0,0.0,11.25,0.0,0.0,0.0,0.0,3.75,0.0,7.5,-3.75,-1.875,5.625,-2.8125,-3.75,0.0,-6.5625,0.0,-10.3125,1.875,0.0,0.0,3.75,0.0,0.0,-14.0625
70,11,0.0,0.0,0.0,0.0,0.0,0.0,4.6875,0.0,3.75,-3.75,0.9375,0.0,0.0,-1.875,0.0,0.0,0.0,0.0,0.0,0.0,0.0,0.9375,-3.75,-3.75,0.0,0.0,0.0,0.9375,0.0,0.0,3.75,0.0,3.75,0.0,0.0,0.0,0.0,0.0,-3.75,0.0,11.25,7.5,0.0,0.0,0.0,11.25,0.0,0.0,-1.875,0.0,3.75,0.0,7.5,-3.75,-1.875,4.6875,-3.75,-3.75,0.0,-3.75,0.0,-10.3125,3.75,0.0,0.0,3.75,0.0,0.0,-15.0
71,9,0.0,0.0,0.0,0.0,0.0,0.0,3.75,0.0,5.625,0.0,0.0,0.0,0.0,-3.75,0.0,0.0,0.0,0.0,-1.875,0.0,0.0,0.0,1.875,-1.875,0.0,0.0,0.0,0.0,0.0,0.0,7.5,0.0,3.75,0.0,0.0,7.5,0.0,0.0,-3.75,0.0,11.25,4.6875,0.0,0.0,0.9375,10.3125,0.0,0.0,-3.75,0.0,0.9375,0.0,7.5,-3.75,-3.75,3.75,0.9375,-3.75,0.0,0.0,-1.875,-11.25,3.75,0.0,0.0,7.5,0.0,0.0,-17.8125
71,10,0.0,0.0,0.0,0.0,0.0,0.0,3.75,0.0,3.75,-3.75,0.0,0.0,0.0,-2.8125,0.0,0.0,0.0,0.0,-0.9375,0.0,0.0,0.9375,0.0,0.0,0.0,0.0,0.0,0.0,0.0,0.0,7.5,0.0,3.75,0.0,0.0,3.75,0.0,0.0,-3.75,0.0,7.5,4.6875,0.0,0.0,0.9375,8.4375,0.0,0.0,-1.875,0.0,0.0,0.0,4.6875,-2.8125,-1.875,3.75,0.0,-3.75,0.0,0.0,0.0,-11.25,3.75,0.0,0.0,3.75,0.0,0.0,-15.0
71,11,0.0,0.0,0.0,0.0,0.0,0.0,3.75,0.0,3.75,-3.75,0.0,0.0,0.0,-1.875,0.0,0.0,0.0,0.0,0.0,0.0,0.0,0.0,0.9375,-3.75,0.0,0.0,0.0,0.0,0.0,0.0,4.6875,0.0,3.75,0.0,0.0,3.75,0.0,0.0,-3.75,0.0,7.5,4.6875,0.0,0.0,0.0,8.4375,0.0,0.0,-1.875,0.0,0.0,0.0,7.5,-3.75,-1.875,3.75,0.0,-3.75,0.0,0.0,0.0,-11.25,3.75,0.0,0.0,4.6875,0.0,0.0,-15.0
72,9,0.0,0.0,0.0,0.0,0.0,0.0,3.75,0.0,3.75,3.75,0.0,0.0,0.0,0.0,0.0,-1.875,0.0,0.0,-3.75,0.0,0.0,0.0,5.625,-3.75,0.0,0.0,0.0,0.0,0.0,0.0,7.5,-3.75,3.75,0.0,0.0,7.5,0.0,0.0,-3.75,0.0,7.5,3.75,0.0,0.0,0.9375,7.5,0.0,0.0,-3.75,0.0,0.0,3.75,3.75,-3.75,0.0,3.75,4.6875,0.0,0.0,7.5,0.0,-14.0625,3.75,0.0,0.0,5.625,-1.875,3.75,-18.75
72,10,0.0,0.0,0.0,0.0,0.0,0.0,3.75,0.0,3.75,0.0,0.0,0.0,0.0,0.0,0.0,-1.875,0.0,0.0,-3.75,0.0,0.0,0.0,3.75,0.0,0.0,0.0,0.0,0.0,0.0,0.0,7.5,-1.875,3.75,0.0,0.0,3.75,0.0,0.0,-3.75,0.0,7.5,3.75,0.0,0.0,0.9375,7.5,0.0,0.0,-3.75,0.0,0.0,0.9375,3.75,-1.875,0.0,3.75,3.75,0.0,0.0,3.75,0.0,-14.0625,0.9375,0.0,0.0,3.75,-1.875,1.875,-15.0
72,11,0.0,0.0,0.0,0.0,0.0,0.0,3.75,0.0,3.75,0.0,0.0,0.0,0.0,0.0,0.0,-0.9375,0.0,0.0,-2.8125,0.0,0.0,0.0,3.75,0.0,0.0,0.0,0.0,0.0,0.0,0.0,4.6875,-1.875,3.75,0.0,0.0,3.75,0.0,0.0,-3.75,0.0,7.5,3.75,0.0,0.0,0.0,7.5,0.0,0.0,-3.75,0.0,0.0,0.0,3.75,-1.875,0.0,3.75,3.75,0.0,0.0,4.6875,0.0,-14.0625,0.9375,0.0,0.0,3.75,0.0,0.9375,-15.0
73,9,0.0,0.0,0.0,0.0,0.0,0.0,0.0,0.0,3.75,8.4375,0.0,0.0,0.0,0.0,0.0,-3.75,0.0,0.0,-3.75,-1.875,0.0,0.0,3.75,0.0,0.0,0.0,0.0,0.0,0.0,0.0,3.75,-3.75,0.9375,0.0,0.0,7.5,0.0,0.0,-3.75,0.0,4.6875,3.75,0.0,-1.875,0.0,5.625,0.0,0.0,-7.5,0.0,0.0,3.75,3.75,-3.75,0.9375,3.75,7.5,3.75,0.0,7.5,0.0,-15.0,0.0,0.0,0.0,3.75,-3.75,3.75,-18.75
73,10,0.0,0.0,0.0,0.0,0.0,0.0,0.0,0.0,3.75,7.5,0.0,0.0,0.0,0.0,0.0,-2.8125,0.0,0.0,-3.75,-1.875,0.0,0.0,3.75,0.0,0.0,0.0,0.0,0.0,0.0,0.0,3.75,-3.75,0.0,0.0,0.0,4.6875,0.0,0.0,-3.75,0.0,3.75,3.75,0.0,-1.875,0.0,4.6875,0.0,0.0,-3.75,0.0,0.0,0.9375,3.75,-3.75,0.0,3.75,3.75,0.0,0.0,4.6875,0.0,-15.0,0.0,0.0,0.0,3.75,-2.8125,1.875,-15.0
73,11,0.0,0.0,0.0,0.0,0.0,0.0,0.0,0.0,3.75,3.75,0.0,0.0,0.0,0.0,0.0,-2.8125,0.0,0.0,-3.75,0.0,0.0,0.0,3.75,0.0,0.0,0.0,0.0,0.0,0.0,0.0,3.75,-3.75,0.0,0.0,0.0,3.75,0.0,0.0,-3.75,0.0,3.75,3.75,0.0,0.0,0.0,4.6875,0.0,0.0,-3.75,0.0,0.0,0.9375,3.75,0.0,0.0,3.75,3.75,0.9375,0.0,7.5,0.0,-15.0,0.0,0.0,0.0,3.75,-3.75,1.875,-15.0
74,9,0.0,0.0,0.0,0.0,-1.875,0.0,0.0,0.0,1.875,11.25,0.0,0.0,0.0,3.75,0.0,-3.75,0.0,0.0,-3.75,-3.75,0.0,0.0,4.6875,0.9375,0.0,0.0,0.0,0.0,0.0,-1.875,3.75,-7.5,0.0,0.0,0.0,4.6875,0.0,0.0,0.0,0.0,3.75,0.9375,0.0,0.0,0.0,3.75,0.0,0.0,-3.75,0.0,-3.75,3.75,3.75,0.0,0.0,3.75,7.5,3.75,0.0,7.5,0.0,-11.25,0.0,-2.8125,-1.875,3.75,-7.5,3.75,15.9375
74,10,0.0,0.0,0.0,0.0,-1.875,0.0,0.9375,0.0,0.9375,7.5,0.0,0.0,0.0,0.9375,0.0,-3.75,0.0,0.0,-3.75,-2.8125,0.0,0.0,3.75,0.0,0.0,0.0,0.0,-1.875,0.0,0.0,3.75,-6.5625,0.0,0.0,0.0,3.75,0.0,0.0,0.0,0.0,1.875,0.9375,0.0,0.0,0.0,3.75,0.0,0.0,-3.75,0.0,-3.75,0.9375,0.9375,0.0,0.0,3.75,4.6875,3.75,0.0,4.6875,0.0,-11.25,0.0,0.0,-0.9375,1.875,-5.625,3.75,7.5
74,11,0.0,0.0,0.0,0.0,-1.875,0.0,0.0,0.0,0.9375,7.5,0.0,0.0,0.0,0.9375,0.0,-3.75,0.0,0.0,-3.75,-2.8125,0.0,0.0,3.75,0.0,0.0,0.0,0.0,0.0,0.0,0.0,3.75,-3.75,0.0,0.0,0.0,3.75,0.0,0.0,0.0,0.0,3.75,0.9375,0.0,0.0,0.0,3.75,0.0,0.0,-3.75,0.0,-1.875,0.9375,3.75,0.0,0.0,3.75,3.75,3.75,0.0,4.6875,0.0,-7.5,0.0,-1.875,0.0,1.875,-3.75,3.75,13.125
75,9,0.0,0.0,-3.75,0.0,-3.75,0.0,3.75,0.0,0.0,8.4375,0.0,0.0,0.0,3.75,0.0,-6.5625,0.0,0.0,-7.5,-3.75,0.0,0.0,3.75,3.75,-1.875,0.0,0.0,0.0,0.0,-3.75,0.9375,-7.5,-3.75,0.0,0.0,4.6875,0.0,0.0,3.75,0.0,0.0,0.0,0.0,0.0,0.0,0.9375,0.0,0.0,-1.875,0.0,-3.75,3.75,0.0,0.0,0.0,3.75,7.5,3.75,0.0,5.625,-1.875,15.0,0.0,-3.75,-2.8125,0.0,-7.5,3.75,15.0
75,10,0.0,0.0,-3.75,0.0,-3.75,0.0,0.9375,0.0,0.0,7.5,0.0,0.0,0.0,3.75,0.0,-5.625,0.0,0.0,-3.75,-3.75,0.0,0.0,3.75,3.75,-1.875,0.0,0.0,0.0,0.0,-3.75,0.9375,-7.5,-3.75,0.0,0.0,3.75,0.0,0.0,3.75,0.0,0.0,0.9375,0.0,0.0,0.0,0.9375,0.0,0.0,0.0,0.0,-3.75,3.75,0.0,0.0,0.0,3.75,3.75,3.75,0.0,3.75,-1.875,0.0,0.0,-2.8125,-1.875,0.0,-5.625,1.875,15.0
75,11,0.0,0.0,-1.875,0.0,-3.75,0.0,0.9375,0.0,0.0,7.5,0.0,0.0,0.0,1.875,0.0,-3.75,0.0,0.0,-3.75,-3.75,0.0,0.0,3.75,3.75,0.0,0.0,0.0,0.0,0.0,-3.75,0.0,-6.5625,-3.75,0.0,0.0,3.75,0.0,0.0,0.0,0.0,0.0,0.9375,0.0,0.0,0.0,0.0,0.0,0.0,0.0,0.0,-3.75,0.9375,0.0,0.0,0.0,3.75,3.75,3.75,0.0,3.75,0.0,0.0,0.0,-1.875,-1.875,0.0,-5.625,0.9375,15.0
76,9,0.0,0.0,-3.75,0.0,-5.625,0.0,4.6875,0.0,0.0,8.4375,0.0,0.0,0.0,1.875,0.0,-7.5,0.0,0.0,-6.5625,-6.5625,0.0,0.0,3.75,5.625,-3.75,0.0,0.0,0.0,0.0,-5.625,0.0,-7.5,-3.75,0.0,0.0,3.75,0.0,0.0,7.5,0.0,0.0,0.0,0.0,0.0,-3.75,0.0,0.0,-2.8125,-3.75,0.0,-1.875,3.75,0.0,0.0,0.0,3.75,3.75,3.75,0.0,3.75,-3.75,15.0,-1.875,0.0,-3.75,0.0,-7.5,0.9375,15.0
76,10,0.0,0.0,-3.75,0.0,-3.75,0.0,3.75,0.0,0.0,7.5,0.0,0.0,0.0,0.9375,0.0,-7.5,0.0,0.0,-3.75,-5.625,0.0,0.0,3.75,3.75,-2.8125,0.0,0.0,0.0,0.0,-3.75,0.0,-7.5,-3.75,0.0,0.0,1.875,0.0,0.0,3.75,0.0,0.0,0.0,0.0,0.0,-3.75,0.0,0.0,-2.8125,-1.875,0.0,-1.875,3.75,0.0,0.0,0.0,3.75,3.75,3.75,0.0,3.75,-1.875,13.125,-1.875,-0.9375,-3.75,0.0,-3.75,0.9375,13.125
76,11,0.0,0.0,-3.75,0.0,-3.75,0.0,3.75,0.0,0.0,7.5,0.0,0.0,0.0,0.9375,0.0,-7.5,0.0,0.0,-3.75,-3.75,0.0,0.0,3.75,3.75,-1.875,0.0,0.0,0.0,0.0,-3.75,0.0,-7.5,-3.75,0.0,0.0,1.875,0.0,0.0,3.75,0.0,0.0,0.0,0.0,0.0,-1.875,0.0,0.0,-1.875,-3.75,0.0,0.0,1.875,0.0,0.0,0.0,3.75,3.75,3.75,0.0,3.75,-1.875,11.25,0.0,0.0,-2.8125,0.0,-5.625,0.9375,13.125
77,9,0.0,0.0,-6.5625,0.0,-7.5,0.0,7.5,0.0,-1.875,7.5,0.0,0.0,0.0,0.0,0.0,-10.3125,0.0,0.0,-3.75,-7.5,0.0,0.0,0.9375,5.625,-3.75,0.0,0.0,0.0,0.0,-7.5,-1.875,-7.5,-3.75,0.0,0.0,0.0,0.0,-1.875,7.5,0.0,-1.875,0.0,0.0,0.0,-3.75,0.0,0.0,-3.75,-6.5625,0.0,0.0,0.0,1.875,0.0,0.0,3.75,3.75,1.875,0.0,0.0,-3.75,15.0,0.0,0.0,-3.75,0.0,-10.3125,0.9375,13.125
77,10,0.0,0.0,-5.625,0.0,-6.5625,0.0,4.6875,0.0,-1.875,4.6875,0.0,0.0,0.0,0.0,0.0,-7.5,0.0,0.0,-3.75,-7.5,0.0,0.0,1.875,3.75,-3.75,0.0,0.0,0.0,0.0,-6.5625,-1.875,-6.5625,-3.75,0.0,0.0,0.0,0.0,-1.875,4.6875,0.0,-1.875,0.0,0.0,0.0,-3.75,0.0,0.0,-3.75,-3.75,0.0,0.0,0.0,0.9375,0.0,0.0,3.75,3.75,0.9375,0.0,0.0,-2.8125,15.0,0.0,0.0,-3.75,0.0,-7.5,0.0,11.25
77,11,0.0,0.0,-3.75,0.0,-6.5625,0.0,4.6875,0.0,-1.875,4.6875,0.0,0.0,0.0,0.0,0.0,-7.5,0.0,0.0,-1.875,-7.5,0.0,0.0,0.9375,3.75,-3.75,0.0,0.0,0.0,0.0,-6.5625,-1.875,-7.5,-3.75,0.0,0.0,0.0,0.0,-1.875,4.6875,0.0,-1.875,0.0,0.0,0.0,-3.75,0.0,0.0,-3.75,-3.75,0.0,0.0,0.0,0.0,0.0,0.0,1.875,3.75,0.9375,0.0,0.0,-2.8125,12.1875,0.0,0.0,-1.875,0.0,-7.5,0.0,12.1875
78,9,0.0,0.0,-7.5,0.0,-9.375,0.0,7.5,0.0,-3.75,4.6875,-3.75,0.0,0.0,0.0,0.0,-11.25,0.0,0.0,0.0,-10.3125,0.0,0.0,0.0,3.75,-6.5625,0.0,0.0,0.0,0.0,-10.3125,-1.875,-7.5,-3.75,0.0,0.0,0.0,0.0,0.0,7.5,0.0,-3.75,0.0,0.0,0.0,-5.625,-3.75,0.0,-3.75,-6.5625,0.0,0.9375,0.0,0.0,0.0,0.0,0.0,3.75,0.0,0.0,0.0,-3.75,15.0,0.0,3.75,-3.75,0.0,-7.5,0.0,11.25
78,10,0.0,0.0,-7.5,0.0,-7.5,0.0,5.625,0.0,-3.75,3.75,-1.875,0.0,0.0,0.0,0.0,-11.25,0.0,0.0,0.0,-9.375,0.0,0.0,0.0,1.875,-5.625,0.0,0.0,0.0,0.0,-7.5,-1.875,-5.625,-3.75,0.0,0.0,0.0,0.0,-0.9375,4.6875,0.0,-3.75,0.0,0.0,0.0,-3.75,-3.75,0.0,-3.75,-3.75,0.0,0.9375,0.0,0.0,0.0,0.0,0.0,3.75,0.0,0.0,0.0,-3.75,13.125,0.0,3.75,-1.875,0.0,-3.75,0.0,11.25
78,11,0.0,0.0,-7.5,0.0,-7.5,0.0,7.5,0.0,-3.75,3.75,0.0,0.0,0.0,0.0,0.0,-11.25,0.0,0.0,0.0,-8.4375,0.0,0.0,0.0,3.75,-5.625,0.0,0.0,0.0,0.0,-7.5,-1.875,-6.5625,-3.75,0.0,0.0,0.0,0.0,0.0,5.625,0.0,-3.75,0.0,0.0,0.0,-3.75,-3.75,0.0,-3.75,-3.75,0.0,0.0,0.0,0.0,0.0,0.0,0.0,3.75,0.0,0.0,0.0,-3.75,13.125,0.0,3.75,0.0,0.0,-3.75,0.0,11.25
79,9,0.0,0.0,-9.375,0.0,-11.25,0.0,7.5,0.0,-3.75,3.75,-1.875,0.0,-1.875,-1.875,0.0,-13.125,0.0,0.0,3.75,-11.25,0.0,0.0,0.0,0.9375,-7.5,0.0,0.0,0.0,0.0,-11.25,-1.875,-7.5,-3.75,0.0,0.0,-2.8125,0.0,0.0,4.6875,0.0,-3.75,0.0,0.0,1.875,-7.5,-1.875,0.0,-7.5,-11.25,0.0,0.0,0.0,0.0,0.9375,-1.875,0.0,0.9375,0.0,0.0,0.0,-5.625,13.125,0.0,4.6875,-2.8125,0.0,0.0,0.0,9.375
79,10,0.0,0.0,-7.5,0.0,-10.3125,0.0,7.5,0.0,-3.75,3.75,-1.875,0.0,-1.875,-1.875,0.0,-11.25,0.0,0.0,3.75,-11.25,0.0,0.0,0.0,0.9375,-7.5,0.0,0.0,0.0,0.0,-9.375,0.0,-3.75,-3.75,0.0,0.0,-1.875,0.0,0.0,3.75,0.0,-3.75,0.0,0.0,1.875,-5.625,0.0,0.0,-6.5625,-7.5,0.0,0.0,0.0,0.0,0.0,-1.875,0.0,0.0,0.0,0.0,0.0,-3.75,11.25,0.0,3.75,0.0,0.0,0.0,0.0,8.4375
79,11,0.0,0.0,-7.5,0.0,-10.3125,0.0,7.5,0.0,-3.75,3.75,0.0,0.0,-1.875,-1.875,0.0,-11.25,0.0,0.0,3.75,-11.25,0.0,0.0,0.0,0.0,-7.5,0.0,0.0,0.0,0.0,-10.3125,-1.875,-3.75,-3.75,0.0,0.0,-1.875,0.0,0.0,3.75,0.0,-3.75,0.0,0.0,0.0,-4.6875,0.0,0.0,-6.5625,-7.5,0.0,0.0,0.0,0.0,0.0,0.0,0.0,0.0,0.0,0.0,0.0,-3.75,11.25,0.0,3.75,-1.875,0.0,0.0,0.0,8.4375
80,9,0.0,0.0,-11.25,0.0,-13.125,0.0,7.5,0.0,-7.5,1.875,0.0,0.0,-3.75,-3.75,0.0,-15.0,0.0,0.0,3.75,-14.0625,0.0,0.0,0.0,0.0,-11.25,0.0,1.875,0.9375,0.0,-14.0625,0.0,-3.75,0.0,0.0,0.0,-3.75,0.0,-1.875,3.75,0.0,-3.75,0.9375,0.0,3.75,-7.5,0.0,0.0,-7.5,-11.25,0.0,0.0,-1.875,0.0,0.9375,0.0,-2.8125,0.0,-3.75,0.0,0.0,-7.5,11.25,-3.75,3.75,-1.875,0.0,3.75,0.0,7.5
80,10,0.0,0.0,-11.25,0.0,-11.25,0.0,5.625,0.0,-6.5625,0.9375,0.0,0.0,-2.8125,-2.8125,0.0,-14.0625,0.0,0.0,3.75,-11.25,0.0,0.0,0.0,0.0,-9.375,0.0,0.0,0.0,0.0,-7.5,0.0,0.0,0.0,0.0,0.0,-3.75,0.0,0.0,3.75,0.0,-3.75,0.9375,0.0,3.75,-5.625,0.0,0.0,-6.5625,-10.3125,0.0,0.0,0.0,0.0,0.0,0.0,-1.875,0.0,-3.75,0.0,0.0,-3.75,11.25,-2.8125,3.75,-2.8125,0.0,3.75,0.0,7.5
80,11,0.0,0.0,-10.3125,0.0,-11.25,0.0,4.6875,0.0,-3.75,0.9375,0.0,0.0,-1.875,-2.8125,0.0,-14.0625,0.0,0.0,3.75,-12.1875,0.0,0.0,0.0,0.0,-9.375,0.0,0.0,0.0,0.0,-11.25,0.0,0.0,-1.875,0.0,0.0,-3.75,0.0,0.0,3.75,0.0,-3.75,0.0,0.0,3.75,-5.625,0.0,0.0,-6.5625,-11.25,0.0,0.0,0.0,0.0,0.0,0.0,-1.875,0.0,-3.75,0.0,0.0,-3.75,11.25,-1.875,3.75,-1.875,0.0,3.75,0.0,7.5
81,9,0.0,0.0,-11.25,0.0,-15.0,0.0,3.75,0.0,-7.5,0.9375,0.0,0.0,-3.75,-3.75,0.0,-15.0,-1.875,0.0,3.75,-15.0,0.0,0.0,0.0,0.0,-12.1875,0.0,0.0,0.0,0.0,-11.25,0.0,0.0,7.5,0.0,0.0,-3.75,0.0,0.0,3.75,0.0,-3.75,0.9375,0.0,3.75,-7.5,0.0,0.0,-7.5,-13.125,0.0,0.0,-3.75,0.0,0.9375,0.0,-3.75,0.0,-6.5625,0.0,-1.875,-6.5625,9.375,-1.875,3.75,-2.8125,0.0,7.5,0.0,5.625
81,10,0.0,0.0,-11.25,0.0,-14.0625,0.0,3.75,0.0,-6.5625,0.0,0.9375,0.0,-3.75,-3.75,0.0,-15.0,-1.875,0.0,1.875,-15.0,0.0,0.0,0.0,0.0,-11.25,0.0,0.0,0.0,0.0,-7.5,0.0,0.0,3.75,0.0,0.0,-3.75,0.0,0.0,3.75,0.0,-3.75,0.9375,0.0,3.75,-4.6875,0.0,0.0,-3.75,-11.25,0.0,0.0,-3.75,0.0,0.9375,0.0,-3.75,0.0,-3.75,0.0,-1.875,-3.75,8.4375,-1.875,3.75,-3.75,0.0,4.6875,0.0,4.6875
81,11,0.0,0.0,-11.25,0.0,-14.0625,0.0,3.75,0.0,-6.5625,0.0,0.0,0.0,-3.75,-3.75,0.0,-15.0,0.0,0.0,3.75,-15.0,0.0,0.0,0.0,0.0,-11.25,0.0,0.0,0.0,0.0,-7.5,0.0,0.9375,3.75,0.0,0.0,-3.75,0.0,0.0,1.875,0.0,-3.75,0.0,0.0,3.75,-5.625,0.0,0.0,-3.75,-11.25,0.0,0.0,-3.75,0.0,0.0,0.0,-3.75,0.0,-3.75,0.0,0.0,-3.75,7.5,0.0,3.75,-2.8125,0.0,4.6875,0.0,4.6875
82,9,0.0,0.0,-14.0625,0.0,-15.0,0.0,3.75,0.0,-3.75,0.0,0.0,0.0,-3.75,-3.75,0.0,-15.0,-3.75,0.0,3.75,-15.0,0.0,0.0,0.0,0.0,-14.0625,0.0,0.0,0.0,0.0,13.125,3.75,3.75,7.5,0.0,0.0,-3.75,-1.875,0.0,0.9375,0.0,-3.75,1.875,0.0,3.75,-7.5,0.0,0.0,0.0,-15.0,0.0,0.0,-3.75,0.0,0.9375,0.0,-3.75,0.0,-7.5,0.0,0.0,-1.875,7.5,0.0,3.75,-3.75,0.0,7.5,0.0,3.75
82,10,0.0,0.0,-14.0625,0.0,-15.0,0.0,3.75,0.0,-3.75,0.0,0.9375,0.0,-3.75,-3.75,0.0,-15.0,-3.75,0.0,3.75,-15.0,0.0,0.0,0.0,0.0,-11.25,0.0,0.0,0.0,0.0,3.75,2.8125,0.9375,7.5,0.0,0.0,-2.8125,0.0,0.0,1.875,0.0,-3.75,0.9375,0.0,3.75,-3.75,0.0,0.0,0.0,-11.25,0.0,0.0,-3.75,0.0,0.9375,0.0,-3.75,0.0,-5.625,0.0,0.0,-1.875,7.5,0.0,3.75,-3.75,0.0,5.625,0.0,3.75
82,11,0.0,0.0,-11.25,0.0,-15.0,0.0,3.75,0.0,-3.75,0.0,0.9375,0.0,-3.75,-3.75,0.0,-15.0,-2.8125,0.0,3.75,-15.0,0.0,0.0,0.0,0.0,-13.125,0.0,0.0,0.0,0.0,3.75,0.9375,3.75,4.6875,0.0,0.0,-3.75,0.0,0.0,0.0,0.0,-3.75,0.9375,0.0,0.9375,-6.5625,0.0,0.0,0.0,-11.25,0.0,0.0,-1.875,0.0,0.0,0.0,-3.75,0.0,-3.75,0.0,0.0,0.0,7.5,0.0,2.8125,-3.75,0.0,5.625,0.0,3.75
83,9,0.0,0.0,-15.0,0.0,-15.0,0.0,1.875,0.0,-1.875,0.0,0.0,0.0,-3.75,-1.875,0.0,-15.0,-3.75,0.0,3.75,-16.875,0.0,0.0,0.0,0.0,-15.0,0.0,0.0,2.8125,0.0,15.0,3.75,3.75,7.5,0.0,0.0,-3.75,-3.75,0.0,0.0,0.0,-3.75,4.6875,0.0,1.875,-11.25,0.0,0.0,7.5,-15.0,0.0,-1.875,-3.75,0.0,0.0,-3.75,-3.75,0.0,-7.5,0.0,0.0,3.75,5.625,0.9375,0.9375,-3.75,0.0,7.5,0.0,2.8125
83,10,0.0,0.0,-15.0,0.0,-15.0,0.0,0.9375,0.0,0.0,0.0,0.9375,0.0,-3.75,-1.875,0.0,-15.0,-3.75,0.0,0.9375,-15.0,0.0,0.0,0.0,0.0,-14.0625,0.0,0.0,0.9375,0.0,11.25,3.75,3.75,7.5,0.0,0.0,-1.875,-3.75,0.0,0.0,0.0,-3.75,3.75,0.0,1.875,-5.625,0.0,0.0,3.75,-7.5,0.0,-1.875,-1.875,0.0,0.0,-1.875,-3.75,0.0,-3.75,0.0,0.0,0.9375,4.6875,1.875,0.9375,-3.75,0.0,7.5,0.0,1.875
83,11,0.0,0.0,-14.0625,0.0,-15.0,0.0,0.9375,0.0,0.0,0.0,0.9375,0.0,-3.75,0.0,0.0,-15.0,-3.75,0.0,0.9375,-15.0,0.0,0.0,0.0,0.0,-15.0,0.0,0.0,0.9375,0.0,11.25,3.75,3.75,7.5,0.0,0.0,-1.875,-1.875,0.0,0.0,0.0,0.0,3.75,0.0,0.9375,-6.5625,0.0,0.0,3.75,-7.5,0.0,-1.875,0.0,0.0,0.0,-3.75,-1.875,0.0,-3.75,0.0,0.0,1.875,4.6875,0.0,0.9375,-3.75,0.0,4.6875,0.0,0.9375
84,9,0.0,0.0,-13.125,0.0,-15.0,0.0,0.0,0.0,3.75,0.0,0.0,0.0,-3.75,0.0,0.0,-11.25,-6.5625,0.0,0.0,-15.0,0.0,0.0,0.0,0.0,-17.8125,0.0,0.0,3.75,0.0,13.125,3.75,3.75,7.5,0.0,0.0,0.0,-5.625,0.0,0.0,0.0,0.0,3.75,0.0,0.0,-11.25,0.0,0.0,8.4375,-5.625,0.0,-1.875,-3.75,0.0,0.0,-1.875,-3.75,0.0,-7.5,0.0,-1.875,3.75,3.75,0.9375,0.0,-3.75,0.0,5.625,-1.875,0.9375
84,10,0.0,0.0,-13.125,0.0,-14.0625,0.0,0.0,0.0,3.75,0.0,0.0,0.0,-3.75,0.0,0.0,-11.25,-6.5625,0.0,0.0,-15.0,0.0,0.0,0.0,0.0,-15.0,0.0,0.0,3.75,0.0,11.25,3.75,3.75,6.5625,0.0,0.0,0.0,-3.75,0.0,0.0,0.0,0.0,3.75,0.0,0.0,-7.5,0.0,0.0,7.5,3.75,0.0,-1.875,-1.875,0.0,0.0,-1.875,-1.875,0.0,-6.5625,0.0,-1.875,3.75,3.75,0.0,0.0,-3.75,0.0,3.75,-1.875,0.9375
84,11,0.0,0.0,-11.25,0.0,-11.25,0.0,0.0,0.0,3.75,0.0,0.0,0.0,-3.75,0.0,0.0,-7.5,-5.625,0.0,0.0,-14.0625,0.0,0.0,0.0,0.0,-15.0,0.0,0.0,1.875,0.0,11.25,3.75,3.75,7.5,0.0,0.0,0.0,-3.75,0.0,0.0,0.0,0.0,3.75,0.0,0.0,-3.75,0.0,0.0,7.5,3.75,0.0,0.0,0.0,0.0,0.0,-1.875,0.0,0.0,-3.75,0.0,0.0,3.75,3.75,0.0,0.0,-3.75,0.0,3.75,-1.875,0.0
85,9,0.0,0.0,15.0,0.0,16.875,0.0,0.0,0.0,5.625,0.0,0.0,0.0,0.0,3.75,0.0,3.75,-7.5,0.0,-1.875,-11.25,0.0,0.0,-2.8125,0.9375,-15.0,0.0,0.0,3.75,0.0,12.1875,3.75,3.75,5.625,0.0,0.0,0.0,-5.625,0.0,0.0,0.0,0.0,3.75,0.0,0.0,-7.5,0.0,0.0,8.4375,11.25,0.0,-1.875,0.0,0.0,0.0,0.0,0.0,-1.875,-3.75,0.0,0.0,3.75,3.75,0.0,0.0,0.0,0.0,3.75,-3.75,0.0
85,10,0.0,0.0,15.0,0.0,11.25,0.0,0.0,0.0,3.75,0.0,0.0,0.0,0.0,3.75,0.0,7.5,-7.5,0.0,-1.875,5.625,0.0,0.0,-2.8125,0.0,-9.375,0.0,0.0,3.75,0.0,9.375,3.75,3.75,4.6875,0.0,0.0,0.0,-3.75,0.0,0.0,0.0,0.0,3.75,0.0,0.0,0.0,0.0,0.0,4.6875,7.5,0.0,-1.875,0.0,0.0,0.0,0.0,0.0,-1.875,-3.75,0.0,0.0,0.9375,2.8125,0.0,0.0,0.0,0.0,3.75,-3.75,0.0
85,11,0.0,0.0,15.0,0.0,11.25,0.0,0.0,0.0,3.75,0.0,0.0,0.0,0.0,0.9375,0.0,11.25,-7.5,0.0,0.0,3.75,0.0,0.0,-1.875,0.0,-11.25,0.0,0.0,3.75,0.0,10.3125,3.75,3.75,4.6875,0.0,0.0,0.0,-3.75,0.0,0.0,0.0,0.0,3.75,0.0,0.0,0.0,0.0,0.0,4.6875,7.5,0.0,-1.875,0.0,0.0,0.0,0.0,0.9375,0.0,-3.75,0.0,0.0,0.9375,1.875,0.0,0.0,0.0,0.0,3.75,-2.8125,0.0
86,9,0.0,0.0,15.0,0.0,17.8125,0.0,0.0,0.0,3.75,0.0,-1.875,0.0,0.0,3.75,0.0,13.125,-7.5,0.0,-1.875,15.0,0.0,0.0,-3.75,0.9375,19.6875,0.0,0.0,3.75,0.0,10.3125,2.8125,3.75,3.75,0.0,0.0,0.9375,-5.625,0.0,-1.875,0.0,0.0,3.75,0.0,0.0,3.75,0.0,0.0,7.5,11.25,0.0,-1.875,0.0,0.0,0.0,7.5,3.75,-2.8125,7.5,0.0,0.0,3.75,0.9375,0.0,0.0,3.75,0.0,1.875,-3.75,0.0
86,10,0.0,0.0,15.0,0.0,15.0,0.0,0.0,0.0,3.75,0.0,0.0,0.0,0.0,2.8125,0.0,11.25,-7.5,0.0,-0.9375,15.0,0.0,0.0,-3.75,0.9375,9.375,0.0,0.0,3.75,0.0,8.4375,1.875,3.75,3.75,0.0,0.0,0.9375,-3.75,0.0,-1.875,0.0,0.0,3.75,0.0,0.0,0.0,0.0,0.0,4.6875,9.375,0.0,-1.875,0.0,0.0,0.0,3.75,3.75,-1.875,3.75,0.0,0.0,0.9375,0.9375,0.0,0.0,0.9375,0.0,0.9375,-3.75,0.0
86,11,0.0,0.0,15.0,0.0,15.0,0.0,0.0,0.0,3.75,0.0,0.0,0.0,0.0,1.875,0.0,11.25,-7.5,0.0,-1.875,15.0,0.0,0.0,-3.75,0.0,9.375,0.0,0.0,3.75,0.0,8.4375,0.9375,3.75,3.75,0.0,0.0,0.9375,-3.75,0.0,-1.875,0.0,0.0,2.8125,0.0,0.0,3.75,0.0,0.0,4.6875,9.375,0.0,-1.875,0.0,0.0,0.0,3.75,3.75,-1.875,3.75,0.0,0.0,1.875,0.9375,0.0,0.0,0.9375,0.0,0.9375,-3.75,0.0
87,9,0.0,0.0,15.0,0.0,15.9375,0.0,0.0,0.0,3.75,0.0,-2.8125,0.0,0.0,1.875,0.0,11.25,-7.5,0.0,-3.75,15.0,0.0,0.0,-5.625,0.0,18.75,0.0,0.0,0.9375,0.0,7.5,0.0,3.75,3.75,0.0,0.0,1.875,-3.75,0.0,-3.75,0.0,0.0,0.9375,0.0,0.0,7.5,-1.875,0.0,4.6875,9.375,0.0,0.0,0.0,0.0,-1.875,8.4375,3.75,0.0,11.25,0.0,0.0,3.75,0.0,-1.875,0.0,4.6875,0.0,0.0,-5.625,0.0
87,10,0.0,0.0,15.0,0.0,15.0,0.0,-1.875,0.0,3.75,0.0,-1.875,0.0,0.0,0.9375,0.0,11.25,-7.5,0.0,-3.75,15.0,0.0,0.0,-5.625,0.0,15.0,0.0,0.0,0.9375,0.0,5.625,0.0,1.875,3.75,0.0,0.0,0.9375,-3.75,-1.875,-3.75,0.0,0.0,0.9375,0.0,0.0,0.9375,0.0,0.0,3.75,7.5,0.0,0.0,0.0,0.0,-1.875,5.625,3.75,0.0,4.6875,0.0,0.0,2.8125,0.0,-1.875,0.0,3.75,0.0,0.0,-3.75,0.0
87,11,0.0,0.0,15.0,0.0,15.0,0.0,-1.875,0.0,3.75,0.0,-1.875,0.0,0.0,0.9375,0.0,11.25,-7.5,0.0,-1.875,15.0,0.0,0.0,-3.75,0.0,17.8125,0.0,0.0,0.0,0.0,5.625,0.0,1.875,3.75,0.0,0.0,0.9375,-3.75,-1.875,-3.75,0.0,0.0,0.9375,0.0,0.0,3.75,0.0,0.0,3.75,7.5,0.0,0.0,0.0,0.0,-1.875,5.625,3.75,0.0,4.6875,0.0,0.0,0.9375,0.0,-1.875,0.0,3.75,0.0,0.0,-3.75,0.0
88,9,0.0,0.0,15.0,0.0,15.0,0.0,-1.875,0.0,3.75,-1.875,-3.75,0.0,0.0,0.0,0.0,9.375,-10.3125,0.0,-3.75,13.125,0.0,-1.875,-7.5,0.0,18.75,0.0,0.0,0.0,0.0,4.6875,0.0,3.75,0.9375,0.0,0.0,1.875,-3.75,-3.75,-3.75,0.0,0.0,0.9375,0.0,0.0,7.5,-1.875,0.0,3.75,7.5,0.0,0.0,0.0,0.0,-2.8125,7.5,3.75,0.0,7.5,0.0,3.75,3.75,0.0,-3.75,0.9375,6.5625,-1.875,0.0,-7.5,0.0
88,10,0.0,0.0,15.0,0.0,15.0,0.0,-2.8125,0.0,3.75,-1.875,-3.75,0.0,0.0,0.0,0.0,10.3125,-7.5,0.0,-3.75,13.125,0.0,-1.875,-7.5,-1.875,15.0,0.0,0.0,0.0,0.0,3.75,0.0,0.9375,0.9375,0.0,0.0,1.875,-3.75,-3.75,-3.75,0.0,0.0,0.0,0.0,0.0,3.75,-1.875,0.0,1.875,7.5,0.0,0.0,0.0,0.0,-1.875,5.625,3.75,0.0,7.5,0.0,0.0,3.75,0.0,-2.8125,0.9375,4.6875,-0.9375,0.0,-5.625,0.0
88,11,0.0,0.0,14.0625,0.0,15.0,0.0,-2.8125,0.0,3.75,0.0,-2.8125,0.0,0.0,0.0,0.0,9.375,-7.5,0.0,-2.8125,13.125,0.0,-1.875,-6.5625,0.0,15.0,0.0,0.0,0.0,0.0,3.75,0.0,0.9375,0.9375,0.0,0.0,0.9375,-3.75,-3.75,-3.75,0.0,0.0,0.0,0.0,0.0,4.6875,0.0,0.0,3.75,7.5,0.0,0.0,0.0,0.0,-1.875,5.625,3.75,0.0,7.5,0.0,0.9375,0.0,0.0,-3.75,0.0,3.75,0.0,0.0,-3.75,0.0
89,9,0.0,0.0,12.1875,0.0,15.0,0.0,-1.875,0.0,1.875,-2.8125,-3.75,0.0,0.0,0.0,0.0,7.5,-7.5,0.0,-3.75,11.25,0.0,-3.75,-7.5,-2.8125,15.9375,0.0,0.0,0.0,0.0,0.9375,-1.875,0.0,0.0,0.0,0.0,3.75,3.75,-3.75,-7.5,0.0,0.0,0.0,0.0,0.0,7.5,-3.75,0.0,0.9375,7.5,0.0,1.875,0.0,-1.875,-3.75,7.5,0.9375,-3.75,7.5,0.0,0.9375,0.0,0.0,-5.625,3.75,3.75,-3.75,0.0,-6.5625,0.0
89,10,0.0,0.0,12.1875,0.0,12.1875,0.0,-3.75,0.0,0.9375,-2.8125,-1.875,0.0,0.0,0.0,0.0,7.5,-3.75,0.0,-2.8125,11.25,0.0,-3.75,-7.5,-2.8125,15.0,0.0,0.0,0.0,0.0,0.0,0.0,0.9375,0.0,0.0,0.0,1.875,-1.875,-3.75,-5.625,0.0,0.0,0.0,0.0,0.0,5.625,-1.875,0.0,0.9375,6.5625,0.0,0.0,0.0,0.0,-2.8125,5.625,0.9375,-2.8125,7.5,0.0,0.9375,0.0,0.0,-3.75,0.9375,3.75,-1.875,0.0,-3.75,0.0
89,11,0.0,0.0,11.25,0.0,13.125,0.0,-1.875,0.0,0.9375,-1.875,-1.875,0.0,0.0,0.0,0.0,7.5,-3.75,0.0,-2.8125,11.25,0.0,-3.75,-7.5,-2.8125,15.0,0.0,0.0,0.0,0.0,0.0,0.0,0.0,0.0,0.0,0.0,1.875,0.0,-3.75,-6.5625,0.0,0.0,0.0,0.0,0.0,7.5,-1.875,0.0,0.9375,6.5625,0.0,0.0,0.0,0.0,-1.875,5.625,0.9375,-1.875,7.5,0.0,0.9375,0.0,0.0,-3.75,1.875,3.75,-1.875,0.0,-3.75,0.0
90,9,0.0,0.0,11.25,0.0,12.1875,0.0,0.0,0.0,0.0,-3.75,-2.8125,0.0,3.75,-3.75,0.0,4.6875,3.75,0.0,-3.75,7.5,0.0,-3.75,-9.375,-3.75,15.0,0.0,0.0,-3.75,0.0,-1.875,-3.75,0.0,0.0,0.0,0.0,0.9375,7.5,-3.75,-7.5,0.0,0.0,0.0,0.0,0.0,4.6875,-3.75,0.0,0.0,4.6875,0.0,0.9375,0.0,-3.75,-1.875,7.5,0.0,-5.625,7.5,0.0,0.9375,3.75,0.0,-3.75,0.9375,3.75,-3.75,0.0,-3.75,0.0
90,10,0.0,0.0,11.25,0.0,11.25,0.0,0.0,0.0,0.0,-3.75,-1.875,0.0,3.75,-3.75,0.0,5.625,0.0,0.0,-3.75,8.4375,0.0,-3.75,-7.5,-3.75,12.1875,0.0,0.0,-3.75,0.0,-0.9375,-3.75,0.0,0.0,0.0,0.0,0.9375,3.75,-3.75,-7.5,0.0,0.0,0.0,0.0,0.0,3.75,-3.75,0.0,0.0,4.6875,0.0,0.9375,0.0,-1.875,-1.875,7.5,0.0,-3.75,4.6875,0.0,0.9375,0.9375,0.0,-3.75,0.9375,3.75,-3.75,0.0,-2.8125,0.0
90,11,0.0,0.0,11.25,0.0,11.25,0.0,-1.875,0.0,0.0,-3.75,0.0,0.0,3.75,-3.75,0.0,4.6875,0.0,0.0,-3.75,8.4375,0.0,-3.75,-7.5,-3.75,13.125,0.0,0.0,-3.75,0.0,-1.875,-1.875,0.0,0.0,0.0,0.0,0.0,3.75,-3.75,-7.5,0.0,0.0,0.0,0.0,0.0,5.625,-3.75,0.0,0.0,3.75,0.0,0.0,0.0,-1.875,-1.875,7.5,0.0,-3.75,3.75,0.0,0.0,0.9375,0.0,-3.75,0.0,3.75,-3.75,0.0,-1.875,0.0
91,9,0.0,0.0,9.375,0.0,11.25,0.0,0.9375,0.0,0.0,-4.6875,0.0,0.0,4.6875,-5.625,0.0,3.75,9.375,0.0,-6.5625,7.5,0.0,-7.5,-7.5,-7.5,11.25,0.0,0.0,-7.5,0.0,-3.75,-3.75,0.0,0.0,0.0,0.0,0.0,7.5,-7.5,-9.375,0.0,0.0,0.0,0.0,0.0,3.75,-3.75,0.0,0.0,3.75,0.0,0.0,0.0,-5.625,0.0,5.625,0.0,-5.625,4.6875,0.0,0.9375,3.75,0.0,-3.75,0.9375,3.75,-5.625,0.0,0.0,0.0
91,10,0.0,0.0,8.4375,0.0,8.4375,0.0,0.0,0.0,0.0,-3.75,0.0,0.0,3.75,-4.6875,0.0,3.75,3.75,0.0,-5.625,7.5,0.0,-7.5,-7.5,-7.5,10.3125,0.0,0.0,-6.5625,0.0,-3.75,-3.75,0.0,0.0,0.0,0.0,0.0,3.75,-5.625,-7.5,0.0,0.0,0.0,0.0,0.0,3.75,-3.75,0.0,0.0,3.75,0.0,0.0,0.0,-3.75,0.0,3.75,0.0,-3.75,3.75,0.0,0.0,3.75,0.0,-3.75,0.9375,3.75,-3.75,0.0,0.0,0.0
91,11,0.0,0.0,8.4375,0.0,9.375,0.0,0.0,0.0,0.0,-3.75,0.0,0.0,3.75,-3.75,0.0,3.75,3.75,0.0,-5.625,7.5,0.0,-7.5,-7.5,-7.5,11.25,0.0,0.0,-7.5,0.0,-3.75,-2.8125,0.0,0.0,0.0,0.0,0.0,3.75,-3.75,-7.5,0.0,0.0,0.0,0.0,0.0,3.75,-3.75,0.0,0.0,3.75,0.0,0.0,-1.875,-3.75,0.0,3.75,0.0,-3.75,3.75,0.0,0.0,0.9375,0.0,-3.75,0.0,1.875,-3.75,0.0,0.0,0.0
92,9,0.0,0.0,7.5,0.0,8.4375,0.0,4.6875,0.0,0.0,-7.5,0.0,0.0,7.5,-7.5,0.0,2.8125,9.375,0.0,-7.5,4.6875,0.0,-9.375,-3.75,-9.375,8.4375,0.0,0.0,-9.375,0.0,-5.625,-1.875,0.0,0.0,0.0,0.0,-2.8125,7.5,-7.5,-7.5,0.0,0.0,0.0,0.0,-1.875,3.75,-3.75,0.0,0.0,0.9375,0.0,0.0,-2.8125,-6.5625,0.0,3.75,-3.75,-7.5,3.75,0.0,0.0,3.75,0.0,0.0,0.0,3.75,-6.5625,0.0,0.0,0.0
92,10,0.0,0.0,7.5,0.0,7.5,0.0,3.75,0.0,0.0,-6.5625,0.0,0.0,6.5625,-7.5,0.0,3.75,4.6875,0.0,-7.5,4.6875,0.0,-7.5,-3.75,-7.5,7.5,0.0,0.0,-7.5,0.0,-5.625,-1.875,0.0,0.0,0.0,0.0,-1.875,3.75,-4.6875,-7.5,0.0,0.0,0.0,0.0,0.0,3.75,-3.75,0.0,0.0,0.9375,0.0,0.0,-1.875,-3.75,0.0,1.875,-2.8125,-7.5,3.75,0.0,0.0,3.75,0.0,0.0,0.0,1.875,-3.75,0.0,0.0,0.0
92,11,0.0,0.0,7.5,0.0,7.5,0.0,0.9375,0.0,0.0,-6.5625,0.0,0.0,4.6875,-7.5,0.0,2.8125,7.5,0.0,-7.5,4.6875,0.0,-7.5,-3.75,-7.5,7.5,0.0,0.0,-7.5,0.0,-5.625,0.0,0.0,0.0,0.0,0.0,-1.875,3.75,-3.75,-7.5,0.0,0.0,0.0,0.0,0.0,3.75,-3.75,0.0,0.0,0.9375,0.0,0.0,-3.75,-3.75,0.0,1.875,-1.875,-7.5,3.75,0.0,0.0,0.9375,0.0,0.0,0.0,0.9375,-3.75,0.0,0.0,0.0
93,9,0.0,0.0,7.5,0.0,7.5,0.0,7.5,0.0,0.0,-7.5,-1.875,0.0,7.5,-7.5,0.0,0.9375,8.4375,0.0,-7.5,3.75,0.0,-10.3125,8.4375,-10.3125,7.5,0.0,0.0,-11.25,0.0,-7.5,0.0,-1.875,0.0,0.0,0.0,-3.75,5.625,-7.5,-1.875,0.0,0.0,0.0,0.0,-3.75,0.9375,-3.75,0.0,0.0,0.9375,0.0,-3.75,-3.75,-5.625,0.0,1.875,-3.75,-10.3125,0.9375,0.0,0.0,0.9375,0.0,3.75,0.0,0.0,-5.625,0.0,0.0,0.0
93,10,0.0,0.0,5.625,0.0,5.625,0.0,3.75,0.0,0.0,-7.5,-1.875,0.0,3.75,-7.5,0.0,0.9375,7.5,0.0,-7.5,3.75,0.0,-9.375,3.75,-11.25,5.625,0.0,0.0,-9.375,0.0,-3.75,0.0,-1.875,0.0,0.0,0.0,-3.75,3.75,-3.75,0.0,0.0,0.0,0.0,0.0,-1.875,1.875,-3.75,0.0,0.0,0.9375,0.0,-2.8125,-3.75,-3.75,0.0,0.0,-3.75,-7.5,0.9375,0.0,0.0,0.9375,0.0,1.875,0.0,0.0,-3.75,0.0,0.0,0.0
93,11,0.0,0.0,4.6875,0.0,5.625,0.0,3.75,0.0,0.0,-7.5,-1.875,0.0,4.6875,-7.5,0.0,0.9375,7.5,0.0,-7.5,3.75,0.0,-9.375,3.75,-11.25,5.625,0.0,0.0,-10.3125,0.0,-5.625,0.0,-1.875,0.0,0.0,0.0,-3.75,3.75,-3.75,-3.75,0.0,0.0,0.0,0.0,-1.875,3.75,-3.75,0.0,0.0,0.0,0.0,-2.8125,-3.75,-3.75,0.0,0.9375,-3.75,-7.5,0.9375,0.0,0.0,0.9375,0.0,0.0,0.0,0.0,-3.75,0.0,0.0,0.0
94,9,0.0,0.0,3.75,0.0,4.6875,0.0,7.5,0.0,0.0,-7.5,-3.75,0.0,4.6875,-10.3125,0.0,0.0,7.5,0.0,-10.3125,3.75,0.0,-7.5,11.25,-11.25,3.75,0.0,0.0,-14.0625,0.0,-5.625,0.0,-3.75,0.0,0.0,0.0,-6.5625,3.75,-3.75,5.625,0.0,0.0,0.0,0.0,-3.75,0.0,-3.75,0.0,0.0,0.0,0.0,-3.75,-3.75,-7.5,0.0,1.875,-5.625,-7.5,0.0,0.0,-1.875,0.9375,0.0,3.75,-1.875,0.0,-3.75,0.0,0.0,0.0
94,10,0.0,0.0,3.75,0.0,3.75,0.0,4.6875,0.0,0.0,-7.5,-3.75,0.0,3.75,-9.375,0.0,0.0,5.625,0.0,-10.3125,1.875,0.0,-7.5,7.5,-11.25,1.875,0.0,0.0,-11.25,0.0,-1.875,0.0,-3.75,0.0,0.0,0.0,-4.6875,3.75,0.0,7.5,0.0,0.0,0.0,0.0,-2.8125,0.0,-3.75,0.0,0.0,0.0,0.0,-3.75,-3.75,-3.75,0.0,0.9375,-3.75,-5.625,0.0,0.0,-1.875,0.0,0.0,3.75,-1.875,0.0,-3.75,0.0,0.0,0.0
94,11,0.0,0.0,3.75,0.0,3.75,0.0,3.75,0.0,0.0,-7.5,-3.75,0.0,3.75,-9.375,0.0,0.0,3.75,0.0,-10.3125,1.875,0.0,-7.5,7.5,-11.25,1.875,0.0,0.0,-11.25,0.0,-1.875,0.0,-3.75,0.0,0.0,0.0,-3.75,3.75,-1.875,3.75,0.0,0.0,0.0,0.0,-1.875,0.0,-3.75,0.0,0.0,0.0,0.0,-3.75,-3.75,-3.75,0.0,0.0,-3.75,-7.5,0.0,0.0,-1.875,0.0,0.0,0.9375,-1.875,0.0,-3.75,0.0,0.0,0.0
95,9,0.0,0.0,3.75,0.0,3.75,0.0,5.625,0.0,0.0,-7.5,-5.625,0.0,3.75,-11.25,0.0,0.0,3.75,0.0,-11.25,0.0,0.0,-3.75,10.3125,-13.125,0.0,0.0,0.0,-15.0,0.0,0.0,0.0,-3.75,0.0,0.0,0.0,-7.5,3.75,0.0,8.4375,0.0,0.0,0.0,0.0,-3.75,0.0,0.0,0.0,0.0,-1.875,0.0,-3.75,-3.75,-7.5,-3.75,0.0,-6.5625,-3.75,0.0,0.0,-3.75,0.0,0.0,3.75,-3.75,0.0,-3.75,0.0,-3.75,0.0
95,10,0.0,0.0,3.75,0.0,3.75,0.0,4.6875,0.0,0.0,-7.5,-4.6875,0.0,3.75,-7.5,0.0,0.0,3.75,0.0,-11.25,0.0,0.0,-3.75,8.4375,-11.25,0.0,0.0,0.0,-11.25,0.0,1.875,0.0,-3.75,0.0,0.0,0.0,-7.5,2.8125,0.9375,8.4375,0.0,0.0,0.0,0.0,-1.875,0.0,0.0,0.0,0.0,-1.875,0.0,-3.75,-3.75,-5.625,-2.8125,0.0,-3.75,-1.875,0.0,0.0,-3.75,0.0,0.0,0.9375,-1.875,0.0,-1.875,0.0,-3.75,0.0
95,11,0.0,0.0,3.75,0.0,3.75,0.0,3.75,0.0,0.0,-7.5,-5.625,0.0,3.75,-7.5,0.0,0.0,3.75,0.0,-10.3125,0.0,0.0,-3.75,8.4375,-11.25,0.0,0.0,0.0,-11.25,0.0,1.875,0.0,-3.75,0.0,0.0,0.0,-7.5,3.75,0.0,7.5,0.0,0.0,0.0,0.0,0.0,0.0,0.0,0.0,0.0,-1.875,0.0,-3.75,-3.75,-3.75,-2.8125,0.0,-3.75,0.0,0.0,0.0,-3.75,0.0,0.0,3.75,-2.8125,0.0,-1.875,0.0,-3.75,0.0
96,9,0.0,0.0,1.875,0.0,1.875,0.0,3.75,0.0,0.0,-7.5,-7.5,0.0,0.9375,-7.5,0.0,0.0,3.75,0.0,-7.5,0.0,0.0,7.5,9.375,-7.5,-1.875,0.0,-3.75,-5.625,0.0,4.6875,0.0,-3.75,0.0,0.0,0.0,-11.25,0.9375,3.75,9.375,0.0,0.0,-1.875,0.0,0.0,0.0,3.75,0.0,0.0,-3.75,0.0,-1.875,0.0,-5.625,-3.75,0.0,-6.5625,3.75,0.0,0.0,-3.75,0.0,0.0,3.75,-3.75,0.0,0.9375,0.0,-7.5,0.0
96,10,0.0,0.0,0.9375,0.0,0.9375,0.0,3.75,0.0,0.0,-7.5,-7.5,0.0,0.9375,-7.5,0.0,0.0,3.75,0.0,-7.5,0.0,0.0,3.75,8.4375,-9.375,-0.9375,0.0,-3.75,-5.625,0.0,3.75,0.0,-3.75,0.0,0.0,0.0,-7.5,1.875,3.75,9.375,0.0,0.0,-1.875,0.0,0.0,0.0,3.75,0.0,0.0,-3.75,0.0,-1.875,0.0,-3.75,-3.75,-1.875,-3.75,3.75,0.0,0.0,-3.75,0.0,0.0,3.75,-3.75,0.0,0.9375,0.0,-5.625,0.0
96,11,0.0,0.0,0.9375,0.0,0.9375,0.0,3.75,0.0,0.0,-7.5,-7.5,0.0,0.9375,-7.5,0.0,0.0,1.875,0.0,-7.5,0.0,0.0,0.0,7.5,-7.5,0.0,0.0,-1.875,-5.625,0.0,3.75,0.0,-3.75,0.0,0.0,0.0,-7.5,0.9375,3.75,8.4375,0.0,0.0,0.0,0.0,0.0,0.0,3.75,0.0,0.0,-2.8125,0.0,-1.875,0.0,-3.75,-3.75,0.0,-3.75,3.75,0.0,0.0,-3.75,0.0,0.0,3.75,-3.75,0.0,0.0,0.0,-5.625,0.0
97,9,0.0,0.0,0.9375,0.0,0.9375,0.0,3.75,0.0,0.0,3.75,-7.5,0.0,0.9375,3.75,0.0,0.0,0.0,0.0,4.6875,-1.875,0.0,11.25,7.5,8.4375,-3.75,0.0,-5.625,11.25,0.0,5.625,0.0,-3.75,0.0,0.0,0.0,-11.25,0.0,5.625,8.4375,0.0,0.0,0.0,0.0,0.0,0.0,7.5,0.0,0.0,-3.75,0.0,0.0,3.75,-3.75,-7.5,0.0,-3.75,7.5,0.0,0.0,-3.75,0.0,0.0,3.75,-3.75,-1.875,5.625,-2.8125,-7.5,0.0
97,10,0.0,0.0,0.0,0.0,0.0,0.0,3.75,0.0,0.0,3.75,-7.5,0.0,0.9375,3.75,0.0,0.0,0.0,0.0,3.75,0.0,0.0,7.5,7.5,4.6875,-3.75,0.0,-3.75,7.5,0.0,4.6875,0.0,-3.75,0.0,0.0,0.0,-7.5,0.0,3.75,7.5,0.0,0.0,0.0,0.0,0.0,0.0,4.6875,0.0,0.0,-3.75,0.0,0.0,1.875,-1.875,-7.5,0.0,-1.875,7.5,0.0,0.0,-3.75,0.0,0.0,3.75,-3.75,-1.875,3.75,-1.875,-6.5625,0.0
97,11,0.0,0.0,0.0,0.0,0.0,0.0,3.75,0.0,0.0,3.75,-7.5,0.0,0.0,3.75,0.0,0.0,0.0,0.0,3.75,0.0,0.0,5.625,7.5,3.75,-3.75,0.0,-3.75,7.5,0.0,3.75,0.0,-1.875,0.0,0.0,0.0,-7.5,0.0,3.75,7.5,0.0,0.0,0.0,0.0,0.0,0.0,3.75,0.0,0.0,-3.75,0.0,0.0,0.0,-1.875,-7.5,0.0,-1.875,7.5,0.0,0.0,-3.75,0.0,0.0,3.75,-3.75,0.0,3.75,-1.875,-7.5,0.0
98,9,0.0,0.0,0.0,0.0,0.0,0.0,3.75,0.0,0.0,7.5,-7.5,0.0,0.0,9.375,0.0,0.0,0.0,0.0,11.25,-2.8125,0.0,13.125,5.625,11.25,-3.75,0.0,-7.5,13.125,0.0,3.75,0.0,0.0,-3.75,0.0,0.0,-11.25,0.0,7.5,7.5,0.0,0.0,0.0,0.0,0.0,0.0,4.6875,0.0,-1.875,-7.5,0.0,3.75,4.6875,0.0,-9.375,0.0,0.0,8.4375,0.0,0.0,-1.875,0.0,0.0,3.75,0.0,0.0,7.5,-3.75,-10.3125,0.0
98,10,0.0,0.0,0.0,0.0,0.0,0.0,1.875,0.0,0.0,7.5,-7.5,0.0,0.0,8.4375,0.0,0.0,0.0,0.0,9.375,-1.875,0.0,7.5,4.6875,11.25,-2.8125,0.0,-1.875,11.25,0.0,3.75,0.0,0.0,-3.75,0.0,0.0,-7.5,0.0,4.6875,7.5,0.0,0.0,0.0,0.0,0.0,0.0,3.75,0.0,-1.875,-3.75,0.0,1.875,3.75,0.0,-7.5,0.0,0.0,5.625,0.0,0.0,-3.75,0.0,0.0,0.9375,0.0,0.0,4.6875,-2.8125,-7.5,0.0
98,11,0.0,0.0,0.0,0.0,0.0,0.0,0.9375,0.0,0.0,7.5,-7.5,0.0,0.0,7.5,0.0,0.0,0.0,0.0,11.25,-1.875,0.0,7.5,4.6875,11.25,-1.875,0.0,-3.75,11.25,0.0,3.75,0.0,0.0,-2.8125,0.0,0.0,-7.5,0.0,3.75,7.5,0.0,0.0,0.0,0.0,1.875,0.0,3.75,0.0,-1.875,-3.75,0.0,0.9375,3.75,0.0,-7.5,0.0,0.0,6.5625,0.0,0.0,-3.75,0.0,0.0,0.9375,0.0,0.0,5.625,-2.8125,-7.5,0.0
99,9,0.0,0.0,0.0,0.0,0.0,0.0,0.9375,0.0,-1.875,8.4375,-7.5,0.0,0.0,9.375,0.0,0.0,0.0,0.0,11.25,-3.75,0.0,11.25,3.75,11.25,0.0,0.0,-7.5,13.125,0.0,3.75,0.0,3.75,-3.75,0.0,0.0,-7.5,-1.875,4.6875,7.5,0.0,-1.875,0.0,0.0,0.0,0.0,3.75,0.0,-3.75,-7.5,0.0,1.875,7.5,0.9375,-11.25,0.0,3.75,7.5,0.0,0.0,0.0,0.0,0.0,0.9375,3.75,0.0,7.5,-3.75,-7.5,0.0
99,10,0.0,0.0,0.0,0.0,0.0,0.0,0.9375,0.0,-1.875,7.5,-5.625,0.0,0.0,9.375,0.0,0.0,0.0,0.0,11.25,-3.75,0.0,8.4375,3.75,11.25,0.0,0.0,-3.75,10.3125,0.0,1.875,0.0,3.75,-3.75,0.0,0.0,-3.75,0.0,3.75,7.5,0.0,0.0,0.0,0.0,0.0,0.0,3.75,0.0,-3.75,-5.625,0.0,0.0,3.75,3.75,-10.3125,0.0,3.75,4.6875,0.0,0.0,0.0,0.0,0.0,0.9375,1.875,0.0,4.6875,-3.75,-5.625,0.0
99,11,0.0,0.0,0.0,0.0,0.0,0.0,0.0,0.0,-1.875,7.5,-7.5,0.0,0.0,9.375,0.0,0.0,0.0,0.0,11.25,-3.75,0.0,7.5,3.75,11.25,0.0,0.0,-3.75,11.25,0.0,3.75,0.0,1.875,-3.75,0.0,0.0,-1.875,0.0,3.75,4.6875,0.0,0.0,0.0,0.0,0.0,0.0,3.75,0.0,-3.75,-3.75,0.0,0.9375,3.75,3.75,-7.5,0.0,3.75,5.625,0.0,0.0,0.0,0.0,0.0,0.0,0.0,0.0,4.6875,-3.75,-5.625,0.0
100,9,0.0,0.0,0.0,0.0,0.0,0.0,0.0,0.0,-3.75,7.5,0.0,0.0,0.0,8.4375,0.0,0.0,0.0,0.0,10.3125,-3.75,0.0,9.375,3.75,11.25,0.0,0.0,-9.375,11.25,0.0,1.875,0.0,3.75,-5.625,0.0,0.0,3.75,-1.875,3.75,4.6875,0.0,-1.875,-1.875,0.0,0.0,0.0,3.75,0.0,-3.75,-7.5,0.0,0.0,5.625,3.75,-11.25,0.0,3.75,5.625,0.0,0.0,3.75,-0.9375,0.0,0.0,3.75,0.0,4.6875,-3.75,3.75,0.0
100,10,0.0,0.0,0.0,0.0,0.0,0.0,0.0,0.0,-3.75,7.5,0.0,0.0,0.0,9.375,0.0,0.0,0.0,0.0,8.4375,-2.8125,0.0,7.5,2.8125,11.25,0.0,0.0,-5.625,9.375,0.0,0.9375,0.0,3.75,-4.6875,0.0,0.0,0.9375,0.0,3.75,3.75,0.0,-0.9375,-1.875,0.0,0.0,0.0,3.75,0.0,-3.75,-3.75,0.0,0.0,3.75,3.75,-9.375,0.0,3.75,4.6875,0.0,0.0,1.875,0.0,0.0,0.0,3.75,0.0,3.75,-3.75,1.875,0.0
100,11,0.0,0.0,0.0,0.0,0.0,0.0,0.0,0.0,-3.75,7.5,-3.75,0.0,0.0,9.375,0.0,0.0,0.0,0.0,8.4375,-3.75,0.0,7.5,1.875,11.25,0.0,0.0,-5.625,9.375,0.0,0.9375,0.0,3.75,-3.75,0.0,0.0,3.75,0.0,3.75,3.75,0.0,0.0,0.0,0.0,0.0,0.0,3.75,0.0,-3.75,-3.75,0.0,0.0,3.75,3.75,-7.5,0.0,3.75,4.6875,0.0,0.0,1.875,-1.875,0.0,0.0,3.75,0.0,3.75,-3.75,3.75,0.0
101,9,0.0,0.0,0.0,0.0,0.0,0.0,0.0,0.0,-3.75,7.5,3.75,0.0,3.75,7.5,0.0,-1.875,0.0,0.0,7.5,0.9375,0.0,7.5,0.9375,8.4375,0.0,0.0,-9.375,9.375,0.0,0.9375,0.0,3.75,-7.5,0.0,0.0,7.5,-1.875,3.75,3.75,0.0,-1.875,-2.8125,0.0,0.0,0.0,3.75,0.0,-5.625,-3.75,0.0,-3.75,4.6875,3.75,-9.375,0.0,3.75,3.75,0.0,0.0,4.6875,-1.875,0.0,0.0,3.75,0.0,3.75,-3.75,11.25,0.0
101,10,0.0,0.0,0.0,0.0,0.0,0.0,0.0,0.0,-3.75,7.5,3.75,0.0,1.875,7.5,0.0,0.0,0.0,0.0,7.5,0.0,0.0,4.6875,0.9375,7.5,0.0,0.0,-7.5,7.5,0.0,0.9375,0.0,3.75,-7.5,0.0,0.0,3.75,-1.875,3.75,3.75,0.0,-1.875,-1.875,0.0,0.0,0.0,0.9375,0.0,-3.75,-3.75,0.0,-1.875,3.75,3.75,-7.5,0.0,3.75,3.75,0.0,0.0,3.75,-1.875,0.0,0.0,1.875,0.0,3.75,-3.75,7.5,0.0
101,11,0.0,0.0,0.0,0.0,0.0,0.0,0.0,0.0,-3.75,7.5,0.9375,0.0,0.9375,7.5,0.0,0.0,0.0,0.0,7.5,0.0,0.0,4.6875,0.0,7.5,0.0,0.0,-7.5,7.5,0.0,0.0,0.0,3.75,-7.5,0.0,0.0,4.6875,0.0,3.75,3.75,0.0,0.0,-1.875,0.0,0.0,0.0,0.9375,0.0,-3.75,-3.75,0.0,-3.75,3.75,3.75,-6.5625,0.0,3.75,3.75,0.0,0.0,3.75,-1.875,0.0,0.0,3.75,0.0,3.75,-3.75,7.5,0.0
102,9,0.0,0.0,0.0,0.0,0.0,0.0,0.0,0.0,-3.75,5.625,7.5,0.0,3.75,7.5,0.0,-3.75,0.0,0.0,7.5,4.6875,0.0,4.6875,0.0,7.5,0.0,0.0,-11.25,7.5,0.0,0.0,0.0,3.75,-9.375,0.0,0.0,7.5,-3.75,0.9375,1.875,0.0,-3.75,-3.75,0.0,-1.875,0.0,0.0,0.0,-7.5,0.0,0.0,-3.75,3.75,3.75,-3.75,0.0,3.75,0.0,0.0,0.0,7.5,-1.875,0.0,-1.875,3.75,0.0,3.75,-1.875,11.25,0.0
102,10,0.0,0.0,0.0,0.0,0.0,0.0,0.0,0.0,-3.75,4.6875,7.5,0.0,1.875,5.625,0.0,-1.875,0.0,0.0,7.5,3.75,0.0,3.75,0.0,7.5,0.0,0.0,-7.5,5.625,0.0,0.0,0.0,3.75,-10.3125,0.0,0.0,3.75,-1.875,0.9375,0.9375,0.0,-1.875,-1.875,0.0,-1.875,0.0,0.0,0.0,-6.5625,0.0,0.0,-2.8125,3.75,3.75,-1.875,0.0,3.75,0.0,0.0,0.0,3.75,-1.875,0.0,0.0,1.875,0.0,3.75,-0.9375,8.4375,0.0
102,11,0.0,0.0,0.0,0.0,0.0,0.0,0.0,0.0,-3.75,4.6875,5.625,0.0,0.9375,5.625,0.0,-1.875,0.0,0.0,7.5,3.75,0.0,3.75,0.0,7.5,0.0,0.0,-7.5,4.6875,0.0,0.0,0.0,3.75,-7.5,0.0,0.0,3.75,0.0,0.9375,0.9375,0.0,0.0,-2.8125,0.0,0.0,0.0,0.0,0.0,-6.5625,0.0,0.0,-3.75,3.75,3.75,0.0,0.0,3.75,0.0,0.0,0.0,3.75,-1.875,0.0,0.0,3.75,0.0,1.875,0.0,7.5,0.0
103,9,0.0,0.0,0.0,0.0,-2.8125,0.0,-1.875,0.0,0.0,3.75,7.5,0.0,0.0,3.75,0.0,-3.75,0.0,0.0,4.6875,7.5,0.0,0.9375,0.0,4.6875,0.0,0.0,-12.1875,3.75,0.0,0.0,0.0,3.75,-7.5,0.0,0.0,7.5,-1.875,0.0,0.0,0.0,-1.875,-3.75,0.0,-2.8125,0.0,0.0,0.0,-7.5,0.0,0.0,-3.75,3.75,3.75,0.0,-1.875,3.75,0.0,0.0,0.0,7.5,0.0,0.0,-1.875,3.75,-1.875,0.9375,0.9375,11.25,0.0
103,10,0.0,0.0,0.0,0.0,-1.875,0.0,-0.9375,0.0,0.0,3.75,4.6875,0.0,0.0,3.75,0.0,-3.75,0.0,0.0,3.75,4.6875,0.0,0.0,0.0,3.75,0.0,0.0,-7.5,3.75,0.0,0.0,0.0,3.75,-7.5,0.0,0.0,3.75,-1.875,0.0,0.0,0.0,-1.875,-3.75,0.0,-2.8125,0.0,0.0,0.0,-5.625,0.0,0.0,-3.75,0.9375,3.75,0.0,-1.875,1.875,0.0,0.0,0.0,4.6875,0.0,0.0,-1.875,0.9375,0.0,0.9375,0.9375,8.4375,0.0
103,11,0.0,0.0,0.0,0.0,-1.875,0.0,0.0,0.0,0.0,3.75,5.625,0.0,0.0,3.75,0.0,-3.75,0.0,0.0,3.75,3.75,0.0,0.0,0.0,3.75,0.0,0.0,-7.5,3.75,0.0,0.0,0.0,3.75,-7.5,0.0,0.0,3.75,0.0,0.0,0.0,0.0,0.0,-2.8125,0.0,-1.875,0.0,0.0,0.0,-6.5625,0.0,0.0,-3.75,0.9375,3.75,0.9375,-1.875,1.875,0.0,0.0,0.0,4.6875,0.0,0.0,-1.875,0.9375,0.0,0.0,0.0,7.5,0.0
104,9,0.0,0.0,0.0,0.0,-3.75,0.0,-3.75,0.0,3.75,3.75,3.75,0.0,0.0,3.75,0.0,-3.75,0.0,0.0,3.75,5.625,0.0,0.0,0.0,3.75,-1.875,0.0,-11.25,3.75,0.0,0.0,0.0,1.875,-11.25,0.0,0.0,3.75,0.0,0.0,0.0,0.0,-1.875,-3.75,0.0,-3.75,0.0,-2.8125,0.0,-7.5,0.0,0.0,0.0,3.75,3.75,0.9375,-3.75,0.9375,-1.875,0.0,0.0,4.6875,3.75,0.0,-3.75,0.9375,-3.75,0.0,3.75,7.5,0.0
104,10,0.0,0.0,0.0,0.0,-3.75,0.0,-2.8125,0.0,3.75,3.75,4.6875,0.0,0.0,3.75,0.0,-3.75,0.0,0.0,3.75,3.75,0.0,0.0,0.0,3.75,0.0,0.0,-8.4375,1.875,0.0,0.0,0.0,0.9375,-7.5,0.0,0.0,3.75,0.0,0.0,0.0,0.0,-1.875,-3.75,0.0,-1.875,0.0,0.0,0.0,-7.5,0.0,0.0,0.0,0.9375,3.75,0.9375,-2.8125,0.9375,0.0,0.0,0.0,3.75,0.9375,0.0,-2.8125,0.9375,-3.75,0.0,3.75,7.5,0.0
104,11,0.0,0.0,0.0,0.0,-3.75,0.0,-1.875,0.0,0.0,3.75,4.6875,0.0,0.0,3.75,0.0,-3.75,0.0,0.0,3.75,3.75,0.0,0.0,0.0,3.75,0.0,0.0,-10.3125,1.875,0.0,0.0,0.0,0.9375,-7.5,0.0,0.0,3.75,0.0,0.0,0.0,0.0,0.0,-3.75,0.0,-1.875,0.0,-1.875,0.0,-7.5,0.0,0.0,-1.875,0.9375,0.9375,3.75,-1.875,0.9375,0.0,0.0,0.0,3.75,0.0,0.0,-1.875,0.0,-2.8125,0.0,3.75,7.5,0.0
105,9,0.0,0.0,0.0,0.0,-5.625,0.0,-3.75,0.0,7.5,1.875,3.75,0.0,0.0,1.875,0.0,-6.5625,0.0,0.0,1.875,3.75,0.0,-3.75,0.0,1.875,-2.8125,0.0,-11.25,0.9375,0.0,0.0,0.0,0.0,-7.5,0.0,0.0,3.75,0.0,0.0,0.0,0.0,-3.75,0.0,0.0,-1.875,0.0,-3.75,0.0,-3.75,0.9375,0.0,3.75,3.75,0.0,0.9375,-1.875,0.0,-1.875,0.0,0.0,3.75,3.75,0.0,-3.75,0.0,-3.75,0.0,3.75,7.5,0.0
105,10,0.0,0.0,0.0,0.0,-3.75,0.0,-3.75,0.0,7.5,0.9375,3.75,0.0,0.0,0.9375,0.0,-3.75,0.0,0.0,0.9375,3.75,0.0,-3.75,0.0,0.9375,-1.875,0.0,-7.5,0.0,0.0,0.0,0.0,0.0,-7.5,0.0,0.0,3.75,0.0,0.0,0.0,0.0,-3.75,0.0,0.0,0.0,0.0,-3.75,0.0,-3.75,0.9375,0.0,3.75,3.75,0.0,1.875,-1.875,0.0,0.0,0.0,0.0,2.8125,3.75,0.0,-3.75,0.0,-3.75,0.0,3.75,5.625,0.0
105,11,0.0,0.0,0.0,0.0,-3.75,0.0,-3.75,0.0,3.75,0.9375,3.75,0.0,0.0,0.9375,0.0,-3.75,0.0,0.0,0.9375,3.75,0.0,-3.75,0.0,0.9375,-1.875,0.0,-7.5,0.0,0.0,0.0,0.0,0.0,-3.75,0.0,0.0,3.75,0.0,0.0,0.0,0.0,-1.875,-1.875,0.0,0.0,0.0,-3.75,0.0,-3.75,0.0,0.0,3.75,1.875,0.0,3.75,-1.875,0.0,0.0,0.0,0.0,3.75,0.9375,0.0,-3.75,0.0,-3.75,0.0,3.75,4.6875,0.0
106,9,0.0,0.0,0.0,0.0,-7.5,0.0,-6.5625,0.0,7.5,0.9375,3.75,0.0,-1.875,0.0,0.0,-5.625,0.0,0.0,0.0,3.75,0.0,0.0,0.0,0.0,-3.75,0.0,7.5,0.0,0.0,0.0,0.0,0.0,11.25,0.0,0.0,3.75,0.0,-0.9375,0.0,0.0,-3.75,3.75,0.0,0.0,0.0,-3.75,0.0,11.25,3.75,0.0,11.25,3.75,0.9375,0.0,0.0,0.0,0.0,0.0,0.0,0.9375,3.75,0.0,-3.75,0.0,-3.75,-1.875,3.75,3.75,0.0
106,10,0.0,0.0,0.0,0.0,-7.5,0.0,-3.75,0.0,7.5,0.0,3.75,0.0,-1.875,0.0,0.0,-3.75,0.0,0.0,0.0,3.75,0.0,-3.75,0.0,0.0,-3.75,0.0,0.0,0.0,0.0,0.0,0.0,0.0,7.5,0.0,0.0,3.75,0.0,-0.9375,0.0,0.0,-3.75,0.0,0.0,0.0,0.0,-3.75,0.0,4.6875,2.8125,0.0,7.5,3.75,0.9375,0.9375,0.0,0.0,0.0,0.0,0.0,0.9375,3.75,0.0,-1.875,0.0,-3.75,-1.875,3.75,3.75,0.0
106,11,0.0,0.0,0.0,0.0,-6.5625,0.0,-3.75,0.0,7.5,0.0,3.75,0.0,-1.875,0.0,0.0,-3.75,0.0,0.0,0.0,1.875,0.0,-1.875,0.0,0.0,-1.875,0.0,3.75,0.0,0.0,0.0,0.0,0.0,4.6875,0.0,0.0,0.9375,0.0,0.0,0.0,0.0,-3.75,0.0,0.0,0.0,0.0,-3.75,0.0,5.625,0.9375,0.0,7.5,0.9375,0.9375,0.9375,0.0,0.0,0.0,0.0,0.0,0.9375,3.75,0.0,-1.875,0.0,-3.75,-1.875,3.75,3.75,0.0
107,9,0.0,0.0,0.0,0.0,-9.375,0.0,-7.5,0.0,7.5,0.0,0.9375,0.0,-3.75,0.0,0.0,-7.5,0.0,0.0,0.0,0.9375,0.0,0.9375,0.0,0.0,-3.75,0.0,11.25,0.0,0.0,0.0,3.75,-1.875,11.25,0.0,0.0,0.0,0.0,-1.875,0.0,0.0,-3.75,7.5,0.0,0.0,0.0,-6.5625,0.0,12.1875,1.875,0.0,11.25,0.9375,3.75,0.0,0.0,0.0,-3.75,0.0,0.0,0.0,3.75,0.0,-3.75,0.0,-1.875,-3.75,0.9375,3.75,0.0
107,10,0.0,0.0,0.0,0.0,-7.5,0.0,-5.625,0.0,7.5,0.0,0.9375,0.0,-3.75,0.0,0.0,-6.5625,0.0,0.0,0.0,0.0,0.0,0.0,0.0,0.0,-2.8125,0.0,7.5,0.0,0.0,0.0,3.75,-0.9375,11.25,0.0,0.0,0.0,0.0,-1.875,0.0,0.0,-3.75,3.75,0.0,0.0,0.0,-3.75,0.0,8.4375,0.9375,0.0,7.5,0.0,1.875,0.0,0.0,0.0,-1.875,0.0,0.0,0.0,3.75,0.0,0.0,0.0,-1.875,-2.8125,0.9375,3.75,0.0
107,11,0.0,0.0,0.0,0.0,-7.5,0.0,-5.625,0.0,7.5,0.0,0.9375,0.0,-3.75,0.0,0.0,-3.75,0.0,0.0,0.0,1.875,0.0,0.0,0.0,0.0,-1.875,0.0,11.25,0.0,0.0,0.0,0.0,0.0,9.375,0.0,0.0,0.0,0.0,-1.875,0.0,0.0,-3.75,3.75,0.0,0.0,0.0,-3.75,0.0,7.5,0.9375,0.0,7.5,0.0,0.9375,0.0,0.0,0.0,0.0,0.0,0.0,0.0,3.75,0.0,0.0,0.0,-1.875,-1.875,0.9375,2.8125,0.0
108,9,0.0,0.0,0.0,0.0,-11.25,0.0,-7.5,0.0,7.5,0.0,0.0,0.0,-3.75,0.0,0.0,-7.5,0.0,0.0,0.0,0.0,0.0,3.75,0.0,0.0,-1.875,0.0,14.0625,0.0,0.0,0.0,3.75,-3.75,11.25,0.0,0.0,0.0,0.0,-3.75,0.0,0.0,-7.5,5.625,0.0,0.0,-3.75,-7.5,0.0,11.25,0.9375,0.0,11.25,0.0,3.75,0.0,0.0,0.0,0.0,0.0,0.0,0.0,3.75,0.0,0.0,0.9375,1.875,-3.75,0.0,0.9375,0.0
108,10,0.0,0.0,0.0,0.0,-7.5,0.0,-5.625,0.0,7.5,0.0,0.0,0.0,-3.75,0.0,0.0,-3.75,0.0,0.0,0.0,0.0,0.0,3.75,0.0,0.0,0.0,0.0,11.25,0.0,0.0,0.0,0.9375,-2.8125,11.25,0.0,0.0,0.0,0.0,-3.75,0.0,0.0,-7.5,3.75,0.0,0.0,-1.875,-7.5,0.0,11.25,0.0,0.0,7.5,0.0,2.8125,0.0,0.0,0.0,0.0,0.0,0.0,0.0,3.75,0.0,0.0,0.9375,0.9375,-2.8125,0.0,0.9375,0.0
108,11,0.0,0.0,0.0,0.0,-7.5,0.0,-5.625,0.0,4.6875,0.0,0.0,0.0,-3.75,0.0,0.0,-3.75,0.0,0.0,0.0,0.0,0.0,0.0,0.0,0.0,0.0,0.0,11.25,0.0,0.0,0.0,3.75,-2.8125,11.25,0.0,0.0,0.0,0.0,-3.75,0.0,0.0,-6.5625,3.75,0.0,0.0,-1.875,-7.5,0.0,9.375,0.0,0.0,7.5,0.0,0.9375,0.0,0.0,0.0,0.0,0.0,0.0,0.0,3.75,0.0,0.0,0.0,0.0,-2.8125,0.0,0.9375,0.0
109,9,0.0,0.0,0.0,0.0,-11.25,0.0,-7.5,0.0,5.625,0.0,0.0,0.0,-3.75,0.0,0.0,-3.75,0.0,0.0,0.0,0.0,0.0,4.6875,0.0,0.0,0.0,0.0,12.1875,0.0,0.0,-1.875,3.75,-3.75,11.25,0.0,0.0,0.0,-3.75,-3.75,0.0,0.0,-7.5,7.5,0.0,0.0,-3.75,-7.5,0.0,11.25,0.0,0.0,8.4375,0.0,0.9375,0.0,0.9375,-3.75,0.0,0.0,0.0,-1.875,3.75,0.0,3.75,0.0,3.75,-3.75,-2.8125,0.0,0.0
109,10,0.0,0.0,0.0,0.0,-10.3125,0.0,-3.75,0.0,4.6875,0.0,0.0,0.0,-3.75,0.0,0.0,-3.75,0.0,0.0,0.0,0.0,0.0,3.75,0.0,0.0,0.0,0.0,11.25,0.0,0.0,-0.9375,3.75,-3.75,7.5,0.0,0.0,0.0,-1.875,-3.75,0.0,0.0,-7.5,4.6875,0.0,0.0,-3.75,-6.5625,0.0,7.5,0.0,0.0,7.5,0.0,0.0,0.0,0.9375,-1.875,0.0,0.0,0.0,0.0,3.75,0.0,0.9375,0.0,0.9375,-2.8125,-1.875,0.0,0.0
109,11,0.0,0.0,0.0,0.0,-10.3125,0.0,-3.75,0.0,3.75,0.0,0.0,0.0,-3.75,0.0,0.0,-3.75,0.0,0.0,0.0,0.0,0.0,3.75,0.0,0.0,0.0,0.0,11.25,0.0,0.0,0.0,3.75,-3.75,7.5,0.0,0.0,0.0,-1.875,-3.75,0.0,0.0,-7.5,3.75,0.0,0.0,-3.75,-7.5,0.0,7.5,0.0,0.0,7.5,0.0,0.0,0.0,0.0,-1.875,0.0,0.0,0.0,0.0,3.75,0.0,0.0,0.0,3.75,-2.8125,-1.875,0.0,0.0
110,9,0.0,0.0,0.0,0.0,-11.25,0.0,0.0,0.0,3.75,0.0,0.0,0.0,-6.5625,0.0,0.0,0.0,-1.875,0.0,0.0,0.0,0.0,3.75,0.0,0.0,0.0,0.0,11.25,0.0,0.0,0.0,3.75,-5.625,8.4375,0.0,0.0,0.0,-3.75,-3.75,0.0,0.0,-5.625,5.625,0.0,-3.75,-5.625,-7.5,0.0,8.4375,0.0,0.0,6.5625,-1.875,0.0,-1.875,0.0,-3.75,0.0,0.0,0.0,0.0,3.75,0.0,3.75,0.0,3.75,-3.75,-3.75,0.0,0.0
110,10,0.0,0.0,0.0,0.0,-7.5,0.0,0.0,0.0,3.75,0.0,0.0,0.0,-3.75,0.0,0.0,0.0,-0.9375,0.0,0.0,0.0,0.0,3.75,0.0,0.0,0.0,0.0,11.25,0.0,0.0,0.0,3.75,-3.75,7.5,0.0,0.0,0.0,-3.75,-3.75,0.0,0.0,-5.625,3.75,0.0,-3.75,-3.75,-3.75,0.0,7.5,0.0,0.0,3.75,-1.875,0.0,-1.875,0.0,-3.75,0.0,0.0,0.0,0.0,0.9375,0.0,0.9375,0.0,3.75,-1.875,-3.75,0.0,0.0
110,11,0.0,0.0,0.0,0.0,-7.5,0.0,0.0,0.0,3.75,0.0,0.0,0.0,-3.75,0.0,0.0,0.0,0.0,0.0,0.0,0.0,0.0,3.75,0.0,0.0,0.0,0.0,11.25,0.0,0.0,0.0,3.75,-3.75,7.5,0.0,0.0,0.0,-3.75,-3.75,0.0,0.0,-3.75,3.75,0.0,-3.75,-3.75,-3.75,0.0,7.5,0.0,0.0,3.75,-0.9375,0.0,0.0,0.0,-3.75,0.0,0.0,0.0,0.0,0.9375,0.0,0.9375,0.0,3.75,-1.875,-3.75,0.0,0.0
111,9,0.0,0.0,0.0,0.0,-3.75,0.0,3.75,0.0,3.75,0.0,0.0,0.0,-3.75,0.0,0.0,3.75,-2.8125,0.0,0.0,0.0,0.0,3.75,0.0,0.0,0.0,0.0,8.4375,0.0,0.0,0.0,3.75,-7.5,7.5,0.0,0.0,0.0,-3.75,0.0,0.0,0.0,0.0,3.75,0.0,-3.75,-6.5625,0.0,0.0,7.5,0.0,0.0,3.75,-3.75,0.0,-2.8125,0.0,-6.5625,-2.8125,0.0,0.0,0.0,0.9375,0.0,3.75,0.0,3.75,0.0,-6.5625,0.0,0.0
111,10,0.0,0.0,0.0,0.0,0.0,0.0,3.75,0.0,3.75,0.0,0.0,0.0,-3.75,0.0,0.0,3.75,-2.8125,0.0,0.0,0.0,0.0,3.75,0.0,0.0,0.0,0.0,7.5,0.0,0.0,0.0,3.75,-6.5625,7.5,0.0,0.0,0.0,-3.75,0.0,0.0,0.0,0.0,3.75,0.0,-3.75,-5.625,0.0,0.0,4.6875,0.0,0.0,3.75,-2.8125,0.0,-1.875,0.0,-5.625,-2.8125,0.0,0.0,0.0,0.9375,0.0,3.75,0.0,3.75,0.0,-5.625,0.0,0.0
111,11,0.0,0.0,0.0,0.0,0.0,0.0,3.75,0.0,0.9375,0.0,0.0,0.0,-1.875,0.0,0.0,3.75,-1.875,0.0,0.0,0.0,0.0,3.75,0.0,0.0,0.0,0.0,7.5,0.0,0.0,0.0,3.75,-3.75,4.6875,0.0,0.0,0.0,-3.75,0.0,0.0,0.0,0.0,3.75,0.0,-3.75,-3.75,0.0,0.0,4.6875,0.0,0.0,3.75,-3.75,0.0,-1.875,0.0,-3.75,-1.875,0.0,0.0,0.0,0.9375,0.0,1.875,0.0,3.75,0.0,-4.6875,0.0,0.0
112,9,0.0,0.0,0.0,0.0,11.25,0.0,7.5,0.0,0.0,0.0,0.0,0.0,0.0,0.0,0.0,5.625,-3.75,0.0,0.0,0.0,0.0,3.75,0.0,0.0,0.0,0.0,7.5,0.0,0.0,0.0,3.75,-7.5,3.75,0.0,0.0,0.0,-3.75,0.9375,0.0,0.0,3.75,3.75,0.0,-7.5,-6.5625,4.6875,0.0,3.75,0.0,0.0,3.75,-3.75,0.0,-3.75,-1.875,-7.5,-3.75,0.0,0.0,0.0,0.0,0.0,3.75,-2.8125,3.75,1.875,-7.5,0.0,0.0
112,10,0.0,0.0,0.0,0.0,7.5,0.0,4.6875,0.0,0.0,0.0,0.0,0.0,0.0,0.0,0.0,3.75,-3.75,0.0,0.0,0.0,0.0,3.75,0.0,0.0,0.0,0.0,7.5,0.0,0.0,0.0,3.75,-5.625,3.75,0.0,0.0,0.0,-1.875,0.9375,0.0,0.0,3.75,3.75,0.0,-3.75,-3.75,3.75,0.0,3.75,0.0,0.0,1.875,-3.75,0.0,-3.75,-1.875,-6.5625,-3.75,0.0,0.0,0.0,0.0,0.0,3.75,-1.875,1.875,0.0,-5.625,0.0,0.0
112,11,0.0,0.0,0.0,0.0,7.5,0.0,3.75,0.0,0.0,0.0,0.0,0.0,0.0,0.0,0.0,3.75,-3.75,0.0,0.0,0.0,0.0,3.75,0.0,0.0,0.0,0.0,7.5,0.0,0.0,0.0,3.75,-3.75,3.75,0.0,0.0,0.0,-1.875,0.0,0.0,0.0,3.75,3.75,0.0,-3.75,-3.75,3.75,0.0,3.75,0.0,0.0,0.9375,-3.75,0.0,-2.8125,-1.875,-5.625,-3.75,0.0,0.0,0.0,0.0,0.0,3.75,-1.875,0.9375,0.0,-5.625,0.0,0.0
113,9,0.0,0.0,0.0,0.0,11.25,0.0,7.5,0.0,0.0,0.0,0.0,0.0,3.75,0.0,0.0,5.625,-6.5625,0.0,0.0,0.0,0.0,3.75,0.0,0.0,0.0,0.0,4.6875,0.0,0.0,-1.875,3.75,-6.5625,3.75,0.0,0.0,-1.875,-3.75,3.75,0.0,0.0,7.5,3.75,0.0,-7.5,-3.75,8.4375,0.0,3.75,0.0,0.0,0.0,-3.75,-1.875,-3.75,-3.75,-7.5,-3.75,0.0,0.0,0.0,0.0,0.0,3.75,-3.75,0.0,3.75,-7.5,0.0,0.0
113,10,0.0,0.0,0.0,0.0,8.4375,0.0,5.625,0.0,0.0,0.0,0.0,0.0,3.75,0.0,0.0,3.75,-5.625,0.0,0.0,0.0,0.0,1.875,0.0,0.0,0.0,0.0,3.75,0.0,0.0,-1.875,3.75,-3.75,3.75,0.0,0.0,-1.875,-1.875,3.75,0.0,0.0,7.5,0.9375,0.0,-6.5625,-3.75,7.5,0.0,3.75,0.0,0.0,0.0,-3.75,-1.875,-3.75,-3.75,-6.5625,-3.75,0.0,0.0,0.0,0.0,0.0,3.75,-2.8125,0.0,1.875,-6.5625,0.0,0.0
113,11,0.0,0.0,0.0,0.0,8.4375,0.0,5.625,0.0,0.0,0.0,0.0,0.0,3.75,0.0,0.0,3.75,-3.75,0.0,0.0,0.0,0.0,0.9375,0.0,0.0,0.0,0.0,3.75,0.0,0.0,0.0,3.75,-3.75,3.75,0.0,0.0,-1.875,0.0,3.75,0.0,0.0,7.5,0.9375,0.0,-5.625,-3.75,7.5,0.0,3.75,0.0,0.0,0.0,-3.75,-1.875,-3.75,-3.75,-6.5625,-3.75,0.0,0.0,0.0,0.0,0.0,1.875,-2.8125,0.0,1.875,-3.75,0.0,0.0
114,9,0.0,0.0,0.0,0.0,11.25,0.0,4.6875,0.0,0.0,0.0,0.9375,0.0,5.625,0.0,0.0,3.75,-7.5,0.0,0.0,0.0,0.0,0.9375,-1.875,0.0,0.0,0.0,3.75,-1.875,0.0,-3.75,3.75,-3.75,0.9375,0.0,0.0,-3.75,0.0,3.75,0.0,0.0,7.5,0.0,0.0,-7.5,-1.875,8.4375,0.0,0.9375,0.0,0.0,0.0,-3.75,-3.75,-3.75,-3.75,-7.5,-5.625,0.0,0.0,-1.875,0.0,0.0,0.9375,-3.75,0.0,3.75,-3.75,0.0,0.0
114,10,0.0,0.0,0.0,0.0,7.5,0.0,3.75,0.0,0.0,0.0,0.0,0.0,3.75,0.0,0.0,3.75,-7.5,0.0,0.0,0.0,0.0,0.9375,-0.9375,0.0,0.0,0.0,1.875,-1.875,0.0,-1.875,3.75,0.0,0.0,0.0,0.0,-3.75,0.0,3.75,0.0,0.0,7.5,0.0,0.0,-3.75,0.0,7.5,0.0,0.9375,0.0,0.0,0.0,-3.75,-1.875,-3.75,-3.75,-7.5,-3.75,0.0,0.0,-1.875,0.0,0.0,0.9375,-1.875,0.0,3.75,-3.75,0.0,0.0
114,11,0.0,0.0,0.0,0.0,7.5,0.0,3.75,0.0,0.0,0.0,0.0,0.0,3.75,0.0,0.0,3.75,-7.5,0.0,0.0,0.0,0.0,0.9375,-0.9375,0.0,0.0,0.0,1.875,0.0,0.0,-1.875,3.75,0.0,0.0,0.0,0.0,-3.75,0.0,3.75,0.0,0.0,4.6875,0.0,0.0,-3.75,0.0,7.5,0.0,0.9375,0.0,0.0,0.0,-3.75,-1.875,-3.75,-3.75,-3.75,-3.75,0.0,0.0,0.0,0.0,0.0,0.9375,-3.75,0.0,1.875,-3.75,0.0,0.0
115,9,0.0,0.0,0.0,0.0,8.4375,0.0,3.75,0.0,0.0,0.0,3.75,0.0,4.6875,0.0,0.0,3.75,-8.4375,0.0,0.0,0.0,0.0,0.0,-2.8125,0.0,-2.8125,0.0,0.0,-2.8125,0.0,-3.75,3.75,3.75,0.0,0.0,0.0,-3.75,3.75,3.75,0.0,0.0,4.6875,-1.875,0.0,-3.75,1.875,7.5,0.0,0.0,0.0,0.0,0.0,-3.75,-3.75,-3.75,-5.625,-7.5,-7.5,0.0,0.0,0.0,0.0,0.0,0.0,-3.75,0.0,1.875,3.75,0.0,0.0
115,10,0.0,0.0,0.0,0.0,7.5,0.0,3.75,0.0,0.0,0.0,3.75,0.0,3.75,0.0,0.0,1.875,-7.5,0.0,0.0,0.0,0.0,0.0,-2.8125,0.0,-1.875,0.0,0.0,-0.9375,0.0,-3.75,1.875,0.0,0.0,0.0,0.0,-3.75,3.75,3.75,0.0,0.0,3.75,-0.9375,0.0,0.0,3.75,4.6875,0.0,0.0,0.0,0.0,0.0,0.0,-3.75,0.0,-3.75,-3.75,-6.5625,0.0,0.0,0.0,0.0,0.0,0.0,-2.8125,0.0,0.9375,1.875,0.0,0.0
115,11,0.0,0.0,0.0,0.0,7.5,0.0,3.75,0.0,0.0,0.0,3.75,0.0,3.75,0.0,0.0,1.875,-7.5,0.0,0.0,0.0,0.0,0.0,-2.8125,0.0,0.0,0.0,0.0,0.0,0.0,-3.75,0.9375,0.0,0.0,0.0,0.0,-2.8125,3.75,3.75,0.0,0.0,3.75,0.0,0.0,0.0,3.75,5.625,0.0,0.0,0.0,0.0,0.0,0.0,-1.875,-1.875,-3.75,-3.75,-3.75,0.0,0.0,-1.875,0.0,0.0,0.0,-1.875,0.0,0.9375,1.875,0.0,0.0
116,9,0.0,0.0,0.0,0.0,7.5,0.0,3.75,0.0,0.0,0.0,3.75,0.0,3.75,0.0,0.0,0.0,-10.3125,0.0,0.0,-1.875,0.0,0.0,-3.75,0.0,-3.75,0.0,0.0,-1.875,0.0,-3.75,0.9375,3.75,0.0,0.0,0.0,-1.875,4.6875,3.75,0.0,0.0,3.75,-1.875,0.0,0.9375,3.75,4.6875,0.0,0.0,0.0,0.0,0.0,0.0,-1.875,-1.875,-2.8125,-1.875,-3.75,0.0,0.0,0.0,0.0,0.0,0.0,0.0,-1.875,0.0,7.5,0.0,0.0
116,10,0.0,0.0,0.0,0.0,7.5,0.0,3.75,0.0,0.0,0.0,3.75,0.0,3.75,0.0,0.0,0.0,-7.5,0.0,-0.9375,-1.875,0.0,0.0,-3.75,0.0,-2.8125,0.0,0.0,0.0,0.0,-3.75,0.9375,0.9375,0.0,0.0,0.0,-1.875,3.75,3.75,0.0,0.0,3.75,-1.875,0.0,3.75,3.75,3.75,0.0,0.0,0.0,0.0,0.0,0.0,-1.875,0.0,-1.875,0.0,-3.75,0.0,0.0,0.0,0.0,0.0,0.0,0.0,-1.875,0.0,4.6875,0.0,0.0
116,11,0.0,0.0,0.0,0.0,5.625,0.0,3.75,0.0,0.0,0.0,3.75,0.0,3.75,0.0,0.0,0.0,-7.5,0.0,0.0,0.0,0.0,0.0,-3.75,0.0,-2.8125,0.0,0.0,0.0,0.0,-3.75,0.9375,0.9375,0.0,0.0,0.0,-1.875,3.75,1.875,0.0,0.0,3.75,0.0,0.0,3.75,3.75,3.75,0.0,0.0,0.0,0.0,0.0,0.0,0.0,0.0,-3.75,0.0,-3.75,0.0,0.0,0.0,0.0,0.0,0.0,0.0,0.0,0.0,3.75,0.0,0.0
117,9,0.0,0.0,0.0,0.0,4.6875,0.0,0.9375,0.0,0.0,0.0,3.75,0.0,3.75,0.0,0.0,0.0,-11.25,0.0,0.0,-1.875,0.0,0.0,-6.5625,0.0,-3.75,0.0,0.0,0.0,0.0,-3.75,0.0,0.9375,0.0,0.0,0.0,0.0,3.75,1.875,0.0,0.0,3.75,-3.75,0.0,3.75,3.75,3.75,0.0,0.0,0.0,0.0,0.0,0.0,0.0,0.0,3.75,0.9375,0.0,0.0,0.0,0.0,0.0,0.0,0.0,0.0,0.0,0.0,7.5,0.0,0.0
117,10,0.0,0.0,0.0,0.0,3.75,0.0,0.9375,0.0,0.0,0.0,3.75,0.0,3.75,0.0,0.0,0.0,-7.5,0.0,-1.875,-1.875,0.0,0.0,-3.75,0.0,-1.875,0.0,0.0,0.0,0.0,-1.875,0.0,0.9375,0.0,0.0,0.0,0.0,3.75,1.875,0.0,0.0,3.75,-1.875,0.0,3.75,3.75,3.75,0.0,0.0,0.0,0.0,0.0,0.0,0.0,0.0,0.9375,0.9375,0.0,0.0,0.0,0.0,0.0,0.0,0.0,0.0,0.0,0.0,4.6875,0.0,0.0
117,11,0.0,0.0,0.0,0.0,3.75,0.0,0.9375,0.0,0.0,0.0,3.75,0.0,1.875,0.0,0.0,0.0,-7.5,0.0,-1.875,0.0,0.0,0.0,-3.75,0.0,-3.75,0.0,0.0,0.0,0.0,-1.875,0.0,0.9375,0.0,0.0,0.0,0.0,3.75,0.9375,0.0,0.0,3.75,-1.875,0.0,3.75,3.75,3.75,0.0,0.0,0.0,0.0,0.0,0.0,0.0,0.9375,0.0,3.75,0.0,0.0,0.0,0.0,0.0,0.0,0.0,0.0,0.0,0.0,4.6875,0.0,0.0
118,9,0.0,0.0,0.0,0.0,3.75,0.0,0.0,0.0,0.0,0.0,2.8125,0.0,3.75,0.0,0.0,0.0,-9.375,0.0,0.0,0.0,0.0,-1.875,-7.5,0.0,-3.75,0.0,0.0,-1.875,0.0,0.0,0.0,0.9375,0.0,0.0,0.0,3.75,3.75,0.0,0.0,0.0,0.0,-3.75,0.0,3.75,3.75,3.75,0.0,0.0,-3.75,0.0,0.9375,0.9375,3.75,3.75,7.5,3.75,3.75,0.0,0.0,3.75,0.9375,0.0,-3.75,0.0,0.9375,-3.75,7.5,0.0,0.0
118,10,0.0,0.0,0.0,0.0,3.75,0.0,0.0,0.0,0.0,0.0,0.9375,0.0,3.75,0.0,0.0,0.0,-7.5,0.0,0.0,0.0,0.0,-1.875,-6.5625,0.0,-3.75,0.0,0.0,-1.875,0.0,0.0,0.0,0.9375,0.0,0.0,0.0,3.75,3.75,0.0,0.0,0.0,0.0,-3.75,0.0,3.75,3.75,0.9375,0.0,0.0,-2.8125,0.0,0.9375,0.9375,0.9375,3.75,4.6875,3.75,0.9375,0.0,0.0,0.0,0.0,0.0,-1.875,0.0,0.9375,-2.8125,4.6875,0.0,0.0
118,11,0.0,0.0,0.0,0.0,3.75,0.0,0.0,0.0,0.0,0.0,1.875,0.0,0.9375,0.0,0.0,0.0,-7.5,0.0,-1.875,0.0,0.0,-1.875,-6.5625,0.0,-3.75,0.0,0.0,0.0,0.0,0.0,0.0,0.9375,0.0,0.0,0.0,0.9375,3.75,0.0,0.0,0.0,0.0,-1.875,0.0,3.75,3.75,0.9375,0.0,0.0,-1.875,0.0,0.0,0.9375,0.0,3.75,3.75,3.75,1.875,0.0,0.0,0.9375,0.0,0.0,-1.875,0.0,0.0,-2.8125,4.6875,0.0,0.0
119,9,0.0,0.0,0.0,0.0,1.875,0.0,0.0,0.0,0.0,0.0,0.0,0.0,0.9375,0.0,0.0,0.0,-3.75,0.0,0.0,0.0,0.0,-3.75,-11.25,0.0,-1.875,0.0,0.0,-3.75,0.0,1.875,-1.875,0.0,0.0,0.0,0.0,5.625,1.875,0.0,0.0,0.0,0.0,-1.875,0.0,3.75,3.75,0.0,0.0,0.0,-3.75,0.0,3.75,0.9375,3.75,3.75,7.5,3.75,3.75,0.0,0.0,3.75,3.75,0.0,-3.75,0.9375,3.75,-3.75,4.6875,0.0,0.0
119,10,0.0,0.0,0.0,0.0,0.9375,0.0,0.0,0.0,0.0,0.0,0.0,0.0,0.0,0.0,0.0,0.0,0.0,0.0,0.0,0.0,0.0,-2.8125,-7.5,0.0,-1.875,0.0,0.0,0.0,0.0,0.0,-1.875,0.0,0.0,0.0,0.0,3.75,0.9375,0.0,0.0,0.0,0.0,-1.875,0.0,3.75,3.75,0.0,0.0,0.0,-3.75,0.0,1.875,0.9375,3.75,3.75,3.75,3.75,3.75,0.0,0.0,1.875,1.875,0.0,-2.8125,0.0,0.9375,-3.75,3.75,0.0,0.0
119,11,0.0,0.0,0.0,0.0,0.9375,0.0,0.0,0.0,0.0,0.0,0.0,0.0,0.0,0.0,0.0,0.0,0.0,0.0,0.0,0.0,0.0,-2.8125,-7.5,0.0,0.0,0.0,0.0,0.0,0.0,0.9375,0.0,0.0,0.0,0.0,0.0,3.75,0.0,0.0,0.0,0.0,0.0,0.0,0.0,3.75,3.75,0.0,0.0,0.0,-3.75,0.0,0.9375,0.9375,0.9375,3.75,3.75,3.75,1.875,0.0,0.0,1.875,0.9375,0.0,-1.875,0.0,0.9375,-3.75,3.75,0.0,0.0
120,9,0.0,0.0,0.0,0.0,0.0,0.0,0.0,0.0,-1.875,0.0,0.0,0.0,0.0,0.0,0.0,0.9375,7.5,0.0,0.0,3.75,0.0,-3.75,-11.25,-1.875,0.0,0.0,0.9375,-1.875,0.0,3.75,-3.75,0.0,0.0,0.0,0.0,3.75,0.0,0.0,0.0,0.0,0.0,0.0,0.0,3.75,0.9375,0.0,0.0,0.0,-3.75,0.0,0.9375,0.9375,3.75,3.75,7.5,3.75,0.9375,0.0,0.0,3.75,3.75,0.0,-2.8125,0.9375,0.9375,-5.625,3.75,-1.875,0.0
120,10,0.0,0.0,0.0,0.0,0.0,0.0,0.0,0.0,0.0,0.0,0.0,0.0,0.0,0.0,0.0,0.9375,3.75,0.0,0.0,0.9375,0.0,-3.75,-10.3125,0.0,0.0,0.0,0.0,-1.875,0.0,1.875,-1.875,0.0,0.0,0.0,0.0,3.75,0.0,0.0,0.0,0.0,0.0,0.0,0.0,3.75,0.9375,0.0,0.0,0.0,-3.75,0.0,0.0,0.0,3.75,3.75,4.6875,3.75,0.0,0.0,0.0,3.75,3.75,0.0,-1.875,0.9375,0.9375,-3.75,3.75,-0.9375,0.0
120,11,0.0,0.0,0.0,0.0,0.0,0.0,0.0,0.0,0.0,0.0,0.0,0.0,0.0,0.0,0.0,0.0,4.6875,0.0,0.0,1.875,0.0,-3.75,-7.5,0.0,1.875,0.0,0.9375,-1.875,0.0,1.875,-1.875,0.0,0.0,0.0,0.0,3.75,0.0,0.0,0.0,0.0,0.0,0.0,0.0,2.8125,0.9375,0.0,0.0,0.0,-3.75,0.0,0.0,0.9375,3.75,3.75,4.6875,3.75,0.9375,0.0,0.0,0.9375,3.75,0.0,-1.875,0.0,0.9375,-3.75,3.75,0.0,0.0
121,9,0.0,0.0,0.0,0.0,0.0,0.0,0.0,0.0,-3.75,0.0,-3.75,0.0,0.0,0.0,0.0,3.75,11.25,0.0,0.9375,3.75,0.0,-3.75,-13.125,-1.875,3.75,0.0,1.875,-1.875,0.0,3.75,-3.75,0.0,0.0,0.0,0.0,3.75,0.0,-2.8125,0.0,0.0,0.9375,0.0,0.0,0.0,0.0,0.0,0.0,0.0,-7.5,0.0,0.0,0.0,4.6875,0.9375,7.5,1.875,0.0,0.0,0.0,0.9375,3.75,0.0,0.0,0.0,0.0,-3.75,2.8125,-2.8125,0.0
121,10,0.0,0.0,0.0,0.0,0.0,0.0,0.0,0.0,-2.8125,0.0,-2.8125,0.0,0.0,0.0,0.0,1.875,7.5,0.0,0.9375,2.8125,0.0,-3.75,-7.5,0.0,3.75,0.0,0.9375,0.0,0.0,1.875,-1.875,0.0,0.0,0.0,0.0,3.75,0.0,-1.875,0.0,0.0,0.9375,0.0,0.0,0.0,0.0,0.0,0.0,0.0,-3.75,0.0,0.0,0.0,3.75,0.9375,4.6875,0.9375,0.0,0.0,0.0,0.9375,3.75,0.0,0.0,0.0,0.0,-3.75,0.9375,-2.8125,0.0
121,11,0.0,0.0,0.0,0.0,0.0,0.0,0.0,0.0,-1.875,0.0,-1.875,0.0,0.0,0.0,0.0,0.9375,7.5,0.0,0.0,0.9375,0.0,-3.75,-7.5,0.0,3.75,0.0,0.9375,0.0,0.0,0.9375,-1.875,0.0,0.0,0.0,0.0,3.75,0.0,-1.875,0.0,0.0,0.0,0.0,0.0,0.0,0.0,0.0,0.0,0.0,-3.75,0.0,0.0,0.0,3.75,0.9375,4.6875,0.9375,0.0,0.0,0.0,0.0,3.75,0.0,0.0,0.0,0.0,-3.75,0.9375,-1.875,0.0
122,9,0.0,0.0,0.0,0.0,0.0,0.0,-1.875,0.0,-3.75,0.0,-3.75,0.0,-2.8125,0.0,0.0,0.9375,11.25,0.0,1.875,1.875,0.0,-3.75,7.5,0.0,3.75,0.0,0.9375,-1.875,0.0,0.0,-2.8125,0.0,0.0,0.0,0.0,3.75,0.0,-3.75,0.0,0.0,0.0,3.75,0.0,0.0,0.0,0.0,0.0,0.0,-7.5,0.0,0.0,0.0,3.75,0.9375,3.75,0.9375,0.0,0.0,0.0,0.0,3.75,0.0,0.0,0.0,0.0,-3.75,0.0,-3.75,0.0
122,10,0.0,0.0,0.0,0.0,0.0,0.0,-1.875,0.0,-3.75,0.0,-3.75,0.0,-1.875,0.0,0.0,0.9375,7.5,0.0,0.9375,0.9375,0.0,-3.75,0.0,0.0,3.75,0.0,0.9375,0.0,0.0,0.0,-1.875,0.0,0.0,0.0,0.0,3.75,0.0,-3.75,0.0,0.0,0.0,0.9375,0.0,0.0,0.0,0.0,0.0,0.0,-6.5625,0.0,0.0,0.0,3.75,0.9375,3.75,0.9375,0.0,0.0,0.0,0.0,3.75,0.0,0.0,0.0,0.0,-1.875,0.0,-3.75,0.0
122,11,0.0,0.0,0.0,0.0,0.0,0.0,-1.875,0.0,-3.75,0.0,-3.75,0.0,-1.875,0.0,0.0,0.9375,7.5,0.0,0.0,0.9375,0.0,-3.75,0.0,0.0,3.75,0.0,0.0,0.0,0.0,0.0,0.0,0.0,0.0,0.0,0.0,1.875,0.0,-3.75,0.0,0.0,0.0,0.9375,0.0,0.0,0.0,0.0,0.0,0.0,-3.75,0.0,0.0,0.0,3.75,0.0,3.75,0.0,0.0,0.0,0.0,0.0,1.875,0.0,0.0,0.0,0.0,-1.875,0.0,-3.75,0.0
123,9,0.0,0.0,0.0,0.0,0.0,0.0,-3.75,0.0,-6.5625,0.0,-6.5625,0.0,-3.75,0.0,0.0,0.0,7.5,0.0,0.9375,0.9375,0.0,0.0,11.25,0.0,3.75,0.0,0.0,-3.75,0.0,0.0,0.0,0.0,0.0,0.0,0.0,0.9375,0.9375,-3.75,0.0,0.0,0.0,3.75,0.0,-1.875,0.0,0.0,0.0,0.0,-7.5,0.0,0.0,0.0,0.9375,0.0,0.0,0.0,-1.875,0.0,0.0,0.0,0.9375,0.0,0.0,0.9375,0.0,0.0,0.0,-6.5625,0.0
123,10,0.0,0.0,0.0,0.0,0.0,0.0,-3.75,0.0,-5.625,0.0,-4.6875,0.0,-3.75,0.0,0.0,0.0,5.625,0.0,0.0,0.9375,0.0,-1.875,8.4375,0.0,1.875,0.0,0.0,-1.875,0.0,0.0,0.0,0.0,0.0,0.0,0.0,0.0,1.875,-3.75,0.0,0.0,0.0,1.875,0.0,-1.875,0.0,0.0,0.0,0.0,-3.75,0.0,0.0,0.0,0.9375,0.0,0.0,0.0,-1.875,0.0,0.0,0.0,0.9375,0.0,0.0,0.9375,0.0,0.0,0.0,-3.75,0.0
123,11,0.0,0.0,0.0,0.0,0.0,0.0,-3.75,0.0,-3.75,0.0,-3.75,0.0,-3.75,0.0,0.0,0.0,7.5,0.0,0.0,1.875,0.0,0.0,7.5,0.0,3.75,0.0,0.0,0.0,0.0,0.0,0.0,0.0,0.0,0.0,0.0,0.0,0.0,-3.75,0.0,0.0,0.0,0.9375,0.0,-1.875,0.0,0.0,0.0,0.0,-3.75,0.0,0.0,0.0,0.9375,0.0,0.0,0.0,0.0,0.0,0.0,0.0,0.9375,0.0,0.0,0.0,0.0,0.0,0.0,-3.75,0.0
124,9,0.0,0.0,0.0,0.0,0.0,0.0,-3.75,0.0,-7.5,0.0,-7.5,0.0,-6.5625,0.0,0.0,0.0,5.625,0.0,0.0,0.9375,0.0,3.75,13.125,3.75,1.875,0.0,0.0,-3.75,0.0,0.0,0.9375,-1.875,0.0,0.0,0.0,0.0,0.9375,-3.75,0.0,0.0,0.0,0.0,0.0,-3.75,0.0,0.0,0.0,0.0,-7.5,0.0,0.0,0.0,0.0,0.0,0.0,0.0,-3.75,0.0,0.0,0.0,0.0,0.0,3.75,0.9375,-1.875,3.75,0.0,-7.5,0.0
124,10,0.0,0.0,0.0,0.0,0.0,0.0,-3.75,0.0,-6.5625,0.0,-7.5,0.0,-5.625,0.0,0.0,0.0,4.6875,0.0,0.0,0.0,0.0,0.9375,7.5,1.875,0.9375,0.0,0.0,-2.8125,0.0,0.0,0.9375,-1.875,0.0,0.0,0.0,0.0,1.875,-3.75,0.0,0.0,0.0,0.0,0.0,-2.8125,0.0,0.0,0.0,0.0,-3.75,0.0,0.0,0.0,0.9375,0.0,0.0,0.0,-1.875,0.0,0.0,0.0,0.0,0.0,0.0,0.9375,-1.875,3.75,0.0,-6.5625,0.0
124,11,0.0,0.0,0.0,0.0,0.0,0.0,-3.75,0.0,-6.5625,0.0,-6.5625,0.0,-5.625,0.0,0.0,0.0,4.6875,0.0,0.0,0.0,0.0,0.0,7.5,0.9375,0.9375,0.0,0.0,-1.875,0.0,0.0,0.0,-1.875,0.0,0.0,0.0,0.0,0.9375,-3.75,0.0,0.0,0.0,0.0,0.0,-3.75,0.0,0.0,0.0,0.0,-3.75,0.0,0.0,0.0,0.0,0.0,0.0,0.0,-1.875,0.0,0.0,0.0,0.0,0.0,1.875,0.0,-1.875,3.75,0.0,-6.5625,0.0
125,9,0.0,0.0,0.0,0.0,0.0,0.0,-6.5625,0.0,-9.375,0.0,-7.5,0.0,-8.4375,0.0,0.0,-3.75,3.75,0.0,0.0,0.0,0.0,3.75,11.25,3.75,0.0,0.0,0.0,-2.8125,0.0,-1.875,3.75,-3.75,0.0,0.0,0.0,0.0,0.9375,-3.75,0.0,0.0,0.0,-1.875,0.0,-3.75,0.0,0.0,0.0,0.0,-3.75,0.0,0.0,0.0,0.0,0.0,0.0,0.0,-3.75,0.0,0.0,0.0,0.0,0.0,3.75,0.0,-3.75,4.6875,0.0,-9.375,0.0
125,10,0.0,0.0,0.0,0.0,0.0,0.0,-3.75,0.0,-7.5,0.0,-7.5,0.0,-7.5,0.0,0.0,-2.8125,3.75,0.0,0.0,0.0,0.0,3.75,9.375,2.8125,0.0,0.0,0.0,0.0,0.0,-0.9375,0.9375,-2.8125,0.0,0.0,0.0,0.0,0.9375,-3.75,0.0,0.0,0.0,-1.875,0.0,-3.75,0.0,0.0,0.0,0.0,-1.875,0.0,0.0,0.0,0.0,0.0,0.0,0.0,-2.8125,0.0,0.0,0.0,0.0,0.0,0.9375,0.0,-2.8125,3.75,0.0,-7.5,0.0
125,11,0.0,0.0,0.0,0.0,0.0,0.0,-3.75,0.0,-7.5,0.0,-5.625,0.0,-7.5,0.0,0.0,-2.8125,3.75,0.0,0.0,0.0,0.0,3.75,9.375,0.9375,0.0,0.0,0.0,-1.875,0.0,0.0,0.9375,-3.75,0.0,0.0,0.0,0.0,0.9375,-3.75,0.0,0.0,0.0,-1.875,0.0,-3.75,0.0,0.0,0.0,0.0,0.0,0.0,0.0,0.0,0.0,0.0,0.0,0.0,-2.8125,0.0,0.0,0.0,0.0,0.0,0.9375,0.0,-1.875,3.75,0.0,-7.5,0.0
126,9,0.0,0.0,-1.875,0.0,0.0,0.0,-7.5,0.0,-9.375,0.0,-7.5,0.0,-10.3125,-1.875,0.0,-3.75,3.75,0.0,0.0,0.0,0.0,5.625,11.25,0.0,0.0,0.0,-2.8125,-3.75,0.0,0.0,3.75,-3.75,0.0,0.0,0.0,0.0,0.9375,-1.875,0.0,0.0,0.0,-3.75,0.0,0.0,-1.875,0.0,0.0,0.0,0.9375,0.0,0.0,0.0,0.0,0.0,0.0,0.0,-3.75,0.0,0.0,0.0,-2.8125,0.0,3.75,0.0,-3.75,3.75,0.0,-11.25,0.0
126,10,0.0,0.0,-1.875,0.0,0.0,0.0,-3.75,0.0,-7.5,0.0,-5.625,0.0,-9.375,-1.875,0.0,-3.75,3.75,0.0,0.0,0.0,0.0,3.75,8.4375,0.0,0.0,0.0,-2.8125,-1.875,0.0,0.0,0.9375,-3.75,0.0,0.0,0.0,0.0,0.9375,0.0,0.0,0.0,0.0,-3.75,0.0,-1.875,-1.875,0.0,0.0,0.0,0.0,0.0,0.0,0.0,0.0,0.0,0.0,0.0,-3.75,0.0,0.0,0.0,-1.875,0.0,3.75,0.0,-3.75,3.75,0.0,-10.3125,0.0
126,11,0.0,0.0,-1.875,0.0,0.0,0.0,-3.75,0.0,-7.5,0.0,-3.75,0.0,-9.375,-1.875,0.0,-3.75,3.75,0.0,0.0,0.0,0.0,3.75,8.4375,0.0,0.0,0.0,-2.8125,-3.75,0.0,0.0,0.9375,-3.75,0.0,0.0,0.0,0.0,0.0,-1.875,0.0,0.0,0.0,-3.75,0.0,0.0,0.0,0.0,0.0,0.0,1.875,0.0,0.0,0.0,0.0,0.0,0.0,0.0,-1.875,0.0,0.0,0.0,-1.875,0.0,1.875,0.0,-1.875,3.75,0.0,-10.3125,0.0
127,9,0.0,0.0,-3.75,0.0,0.0,0.0,-7.5,0.0,-7.5,0.0,-5.625,0.0,-11.25,-3.75,0.0,-6.5625,0.9375,0.0,-2.8125,-2.8125,0.0,3.75,8.4375,0.0,0.0,0.0,-3.75,-3.75,0.0,0.0,0.9375,-5.625,0.0,0.0,0.0,-1.875,0.0,3.75,0.0,0.0,-2.8125,-7.5,0.0,0.0,-3.75,0.0,0.0,0.0,3.75,0.0,0.0,0.0,0.0,-1.875,-1.875,0.0,-1.875,0.0,0.0,0.0,-3.75,0.0,3.75,0.0,-1.875,3.75,0.0,-13.125,0.0
127,10,0.0,0.0,-3.75,0.0,0.0,0.0,-3.75,0.0,-3.75,0.0,-3.75,0.0,-10.3125,-3.75,0.0,-3.75,0.9375,0.0,-1.875,-1.875,0.0,3.75,7.5,0.0,0.0,0.0,-3.75,-3.75,0.0,0.0,0.9375,-3.75,0.0,0.0,0.0,0.0,0.0,1.875,0.0,0.0,-2.8125,-6.5625,0.0,0.0,-3.75,0.0,0.0,0.0,3.75,0.0,0.0,0.0,0.0,0.0,-1.875,0.0,0.0,0.0,0.0,0.0,-2.8125,0.0,2.8125,0.0,-1.875,3.75,0.0,-11.25,0.0
127,11,0.0,0.0,-2.8125,0.0,0.0,0.0,-3.75,0.0,-3.75,0.0,-3.75,0.0,-9.375,-3.75,0.0,-3.75,0.9375,0.0,-1.875,-1.875,0.0,3.75,7.5,0.0,0.0,0.0,-3.75,-3.75,0.0,0.0,0.0,-3.75,0.0,0.0,0.0,0.0,0.0,0.0,0.0,0.0,-1.875,-6.5625,0.0,0.0,-2.8125,0.0,0.0,0.0,3.75,0.0,0.0,0.0,0.0,-1.875,0.0,0.0,0.0,0.0,0.0,0.0,-2.8125,0.0,0.9375,0.0,0.0,1.875,0.0,-11.25,0.0
128,9,0.0,0.0,-3.75,0.0,0.0,0.0,-3.75,0.0,0.0,0.0,0.0,0.0,-11.25,-3.75,0.0,-6.5625,0.0,0.0,-3.75,-3.75,0.0,3.75,7.5,0.0,0.0,0.0,-3.75,-3.75,0.0,0.9375,0.0,-7.5,0.0,0.0,0.0,-3.75,0.0,5.625,0.0,0.0,-3.75,-9.375,0.0,0.0,-3.75,0.0,0.0,0.0,3.75,0.0,0.0,0.0,0.0,-3.75,0.0,0.0,0.0,-2.8125,0.0,0.0,-3.75,0.0,1.875,0.0,0.0,1.875,0.0,-15.0,0.0
128,10,0.0,0.0,-3.75,0.0,0.0,0.0,-1.875,0.0,0.0,0.0,0.0,0.0,-11.25,-3.75,0.0,-3.75,0.0,0.0,-3.75,-3.75,0.0,3.75,6.5625,0.0,0.0,0.0,-3.75,-2.8125,0.0,0.9375,0.0,-3.75,0.0,0.0,0.0,-1.875,0.0,3.75,0.0,0.0,-3.75,-7.5,0.0,0.0,-3.75,0.0,0.0,0.0,3.75,0.0,0.0,0.0,0.0,-0.9375,0.0,0.0,0.0,-1.875,0.0,0.0,-1.875,0.0,0.9375,0.0,0.0,0.9375,0.0,-13.125,0.0
128,11,0.0,0.0,-3.75,0.0,0.0,0.0,-1.875,0.0,0.0,0.0,0.0,0.0,-11.25,-3.75,0.0,-3.75,0.0,0.0,-3.75,-3.75,0.0,3.75,4.6875,0.0,0.0,0.0,-3.75,-1.875,0.0,0.0,0.0,-3.75,0.0,0.0,0.0,0.0,0.0,3.75,0.0,0.0,-3.75,-7.5,0.0,0.0,-3.75,0.0,0.0,0.0,3.75,0.0,0.0,0.0,0.0,-1.875,0.0,0.0,0.0,-1.875,0.0,0.0,-2.8125,0.0,0.9375,0.0,0.0,0.9375,0.0,-14.0625,0.0
129,9,0.0,0.0,-6.5625,0.0,-0.9375,0.0,3.75,0.0,7.5,0.0,1.875,0.0,-11.25,-3.75,0.0,-3.75,0.0,0.0,-3.75,-3.75,0.0,3.75,4.6875,-2.8125,0.9375,0.0,0.0,0.0,0.0,0.0,0.0,-7.5,0.0,0.0,0.0,0.0,-1.875,3.75,0.0,0.0,-3.75,-11.25,0.0,0.0,-5.625,-3.75,0.0,0.0,1.875,0.0,0.0,0.0,0.0,-1.875,3.75,0.0,0.0,-3.75,0.0,0.9375,-3.75,0.0,0.9375,-3.75,3.75,0.0,0.0,-16.875,0.0
129,10,0.0,0.0,-5.625,0.0,0.0,0.0,0.9375,0.0,3.75,0.0,3.75,0.0,-7.5,-3.75,0.0,-2.8125,0.0,0.0,-3.75,-3.75,0.0,1.875,3.75,-1.875,0.9375,0.0,-1.875,0.0,0.0,0.0,0.0,-5.625,0.0,0.0,0.0,0.0,-1.875,3.75,0.0,0.0,-3.75,-7.5,0.0,0.0,-3.75,-2.8125,0.0,0.0,0.0,0.0,0.0,0.0,0.0,0.0,1.875,0.0,0.0,-3.75,0.0,0.9375,-3.75,0.0,0.0,-2.8125,0.9375,0.0,0.0,-15.0,0.0
129,11,0.0,0.0,-5.625,0.0,0.0,0.0,0.9375,0.0,3.75,0.0,3.75,0.0,-7.5,-3.75,0.0,-3.75,0.0,0.0,-3.75,-3.75,0.0,0.9375,3.75,-1.875,0.0,0.0,-1.875,0.0,0.0,0.0,0.0,-3.75,0.0,0.0,0.0,0.0,0.0,3.75,0.0,0.0,-3.75,-7.5,0.0,0.0,-3.75,-3.75,0.0,0.0,0.9375,0.0,0.0,0.0,0.0,0.0,0.9375,0.0,0.0,-3.75,0.0,0.9375,-1.875,0.0,0.0,-1.875,0.9375,0.0,0.0,-15.0,0.0
130,9,0.0,0.0,-7.5,0.0,-2.8125,0.0,7.5,0.0,7.5,0.0,4.6875,0.0,13.125,0.0,0.0,0.0,0.0,0.0,-3.75,-7.5,0.0,0.9375,3.75,-3.75,0.0,0.0,0.0,0.0,0.0,0.9375,-1.875,-3.75,0.0,0.0,0.0,0.9375,-2.8125,3.75,0.0,0.0,-3.75,-11.25,0.0,0.9375,-7.5,-3.75,0.0,0.0,0.0,0.0,0.0,3.75,0.0,0.0,3.75,0.0,0.0,-6.5625,0.0,0.9375,-1.875,0.0,0.0,-3.75,3.75,0.0,0.0,-17.8125,0.0
130,10,0.0,0.0,-7.5,0.0,-1.875,0.0,3.75,0.0,7.5,0.0,3.75,0.0,3.75,0.0,0.0,0.0,0.0,0.0,-3.75,-5.625,0.0,0.9375,3.75,-3.75,0.0,0.0,0.0,0.0,0.0,0.0,0.0,-3.75,0.0,0.0,0.0,0.9375,-1.875,3.75,0.0,0.0,-3.75,-9.375,0.0,0.9375,-6.5625,-3.75,0.0,0.0,0.0,0.0,0.0,1.875,0.0,0.0,3.75,0.0,0.0,-5.625,0.0,0.9375,-1.875,0.0,0.0,-3.75,1.875,0.0,0.0,-15.0,0.0
130,11,0.0,0.0,-7.5,0.0,-1.875,0.0,3.75,0.0,7.5,0.0,3.75,0.0,3.75,-2.8125,0.0,0.0,0.0,0.0,-3.75,-3.75,0.0,0.0,1.875,-3.75,0.0,0.0,0.0,0.0,0.0,0.0,0.0,-1.875,0.0,0.0,0.0,0.0,-1.875,3.75,0.0,0.0,-1.875,-7.5,0.0,0.9375,-3.75,-3.75,0.0,0.0,0.0,0.0,0.0,0.9375,0.0,0.0,3.75,0.0,0.0,-3.75,0.0,0.0,0.0,0.0,0.0,-1.875,0.9375,0.0,0.0,-15.0,0.0
131,9,0.0,0.0,-10.3125,0.0,-3.75,0.0,7.5,0.0,8.4375,0.0,3.75,0.0,15.0,0.0,0.0,0.0,0.0,0.0,-3.75,-7.5,0.0,0.0,0.9375,-3.75,0.0,0.0,3.75,0.0,0.0,0.9375,-2.8125,0.0,0.0,0.0,0.0,0.9375,-1.875,3.75,0.0,0.0,-3.75,-9.375,0.0,0.0,-7.5,-5.625,0.0,-3.75,0.0,0.0,0.0,3.75,0.0,1.875,3.75,0.0,0.0,-7.5,0.0,0.9375,0.0,0.0,0.0,-1.875,0.9375,0.0,0.0,-18.75,0.0
131,10,0.0,0.0,-9.375,0.0,-3.75,0.0,3.75,0.0,7.5,0.0,3.75,0.0,11.25,0.0,0.0,0.0,0.0,0.0,-3.75,-6.5625,0.0,0.0,0.9375,-3.75,0.0,0.0,3.75,0.0,0.0,0.0,-1.875,0.0,0.0,0.0,0.0,0.0,0.0,3.75,0.0,0.0,-1.875,-6.5625,0.0,0.9375,-6.5625,-3.75,0.0,-2.8125,0.0,0.0,0.0,3.75,0.0,0.0,3.75,0.0,0.0,-7.5,0.0,0.0,0.0,0.0,0.0,0.0,0.0,0.0,0.0,-13.125,0.0
131,11,0.0,0.0,-8.4375,0.0,-3.75,0.0,3.75,0.0,7.5,0.0,3.75,0.0,11.25,0.0,0.0,3.75,0.0,0.0,-3.75,-6.5625,0.0,0.0,0.0,-3.75,0.0,0.0,1.875,0.9375,0.0,0.0,-1.875,0.0,0.0,0.0,0.0,0.0,0.0,3.75,0.0,0.0,0.0,-7.5,0.0,0.0,-3.75,-3.75,0.0,-1.875,0.0,0.0,0.0,3.75,0.0,0.0,1.875,0.0,0.0,-7.5,0.0,0.0,0.0,0.0,0.0,0.0,0.0,0.0,0.0,-15.0,0.0
132,9,0.0,0.0,-11.25,0.0,-6.5625,0.0,4.6875,0.0,7.5,0.0,3.75,0.0,15.0,3.75,0.0,3.75,0.0,0.0,-3.75,-6.5625,0.0,0.0,0.0,-6.5625,-2.8125,0.0,7.5,0.9375,0.0,0.0,-3.75,3.75,-2.8125,0.0,0.0,0.9375,0.0,3.75,0.0,0.0,0.0,0.0,0.0,0.0,-6.5625,-7.5,0.0,-3.75,-1.875,0.0,0.0,3.75,-1.875,3.75,1.875,0.0,0.0,-11.25,0.0,0.0,3.75,0.0,0.0,0.0,0.0,0.0,0.0,-16.875,0.0
132,10,0.0,0.0,-11.25,0.0,-3.75,0.0,3.75,0.0,4.6875,0.0,3.75,0.0,12.1875,0.9375,0.0,3.75,0.0,0.0,-3.75,-3.75,0.0,0.0,0.0,-3.75,-2.8125,0.0,3.75,0.9375,0.0,0.0,-3.75,3.75,-1.875,0.0,0.0,0.9375,0.0,1.875,0.0,0.0,0.0,0.0,0.0,0.0,-3.75,-6.5625,0.0,-3.75,-3.75,0.0,0.0,1.875,-1.875,3.75,0.9375,0.0,0.0,-9.375,0.0,0.0,1.875,0.0,0.0,0.0,0.0,0.0,0.0,-7.5,0.0
132,11,0.0,0.0,-11.25,0.0,-3.75,0.0,3.75,0.0,4.6875,0.0,3.75,0.0,11.25,0.9375,0.0,3.75,0.0,0.0,-3.75,-3.75,0.0,0.0,0.0,-3.75,-1.875,0.0,3.75,1.875,0.0,0.0,-3.75,3.75,-1.875,0.0,0.0,0.9375,0.0,0.9375,0.0,0.0,0.0,0.0,0.0,0.0,-3.75,-7.5,0.0,-3.75,-1.875,0.0,0.0,0.9375,0.0,0.9375,1.875,0.0,0.0,-7.5,0.0,0.0,0.0,0.0,0.0,0.0,0.0,0.0,0.0,-7.5,0.0
133,9,0.0,0.0,-14.0625,0.0,-7.5,0.0,3.75,0.0,4.6875,0.0,2.8125,0.0,15.0,3.75,0.0,3.75,0.0,0.0,-1.875,0.0,0.0,0.0,0.0,-7.5,-3.75,0.0,7.5,0.9375,0.0,0.0,-6.5625,3.75,-3.75,0.0,0.0,3.75,0.0,0.9375,0.0,0.0,3.75,7.5,0.0,0.0,-3.75,-10.3125,0.0,-6.5625,-3.75,0.0,0.0,3.75,-2.8125,3.75,3.75,0.0,0.0,-11.25,0.0,0.0,0.9375,0.0,0.0,0.0,0.0,-0.9375,-3.75,15.9375,0.0
133,10,0.0,0.0,-13.125,0.0,-5.625,0.0,3.75,0.0,3.75,0.0,2.8125,0.0,11.25,3.75,0.0,3.75,0.0,0.0,-2.8125,0.0,0.0,0.0,0.0,-3.75,-3.75,0.0,3.75,0.9375,0.0,0.0,-5.625,3.75,-3.75,0.0,0.0,0.9375,0.0,0.9375,0.0,0.0,3.75,7.5,0.0,0.0,0.0,-7.5,0.0,-4.6875,-3.75,0.0,0.0,0.9375,-1.875,3.75,1.875,0.0,0.0,-10.3125,0.0,0.0,0.9375,0.0,0.0,0.0,0.0,0.0,-2.8125,7.5,0.0
133,11,0.0,0.0,-11.25,0.0,-6.5625,0.0,3.75,0.0,3.75,0.0,3.75,0.0,11.25,3.75,0.0,3.75,0.0,0.0,-2.8125,0.0,0.0,0.0,0.0,-3.75,-3.75,0.0,3.75,0.9375,0.0,0.0,-3.75,3.75,-3.75,0.0,0.0,0.9375,0.0,0.0,0.0,0.0,3.75,7.5,0.0,0.0,0.0,-9.375,0.0,-3.75,-2.8125,0.0,0.0,0.9375,-1.875,3.75,1.875,0.0,0.0,-7.5,0.0,0.0,0.9375,0.0,0.0,0.0,0.0,0.0,-3.75,11.25,0.0
134,9,0.0,0.0,-15.0,0.0,-9.375,0.0,3.75,0.0,3.75,0.0,0.0,0.0,11.25,3.75,0.0,3.75,0.0,0.0,0.0,3.75,0.0,0.0,0.0,-7.5,-7.5,0.0,7.5,0.0,0.0,-1.875,-7.5,3.75,-5.625,0.0,0.0,2.8125,0.0,0.0,0.0,0.0,3.75,9.375,0.0,0.0,0.0,-10.3125,0.0,-9.375,-3.75,0.0,0.0,0.9375,-3.75,3.75,3.75,0.0,0.0,-11.25,0.0,-1.875,0.0,0.0,-3.75,0.0,-1.875,-1.875,-6.5625,15.9375,0.0
134,10,0.0,0.0,-14.0625,0.0,-7.5,0.0,3.75,0.0,3.75,0.0,0.0,0.0,9.375,3.75,0.0,3.75,0.0,0.0,0.0,3.75,0.0,0.0,0.0,-3.75,-5.625,0.0,4.6875,0.9375,0.0,-1.875,-6.5625,3.75,-3.75,0.0,0.0,0.9375,0.0,0.0,0.0,0.0,3.75,7.5,0.0,0.0,0.9375,-7.5,0.0,-7.5,-1.875,0.0,0.0,0.9375,-3.75,0.9375,2.8125,0.0,0.0,-7.5,0.0,-1.875,0.0,0.0,-1.875,0.0,-0.9375,-1.875,-3.75,11.25,0.0
134,11,0.0,0.0,-14.0625,0.0,-7.5,0.0,3.75,0.0,3.75,0.0,0.0,0.0,9.375,3.75,0.0,3.75,0.0,0.0,0.0,3.75,0.0,0.0,0.0,-3.75,-5.625,0.0,3.75,0.0,0.0,-1.875,-5.625,3.75,-3.75,0.0,0.0,0.9375,0.0,0.0,0.0,0.0,3.75,7.5,0.0,0.0,1.875,-9.375,0.0,-7.5,-1.875,0.0,0.0,0.0,-1.875,0.9375,0.9375,0.0,0.0,-7.5,0.0,0.0,0.0,0.0,-1.875,0.0,0.0,-1.875,-3.75,11.25,0.0
135,9,0.0,0.0,-16.875,0.0,-10.3125,0.0,0.9375,0.0,1.875,0.0,0.0,0.0,8.4375,3.75,0.0,0.9375,0.0,0.0,3.75,4.6875,0.0,0.0,0.0,-6.5625,-7.5,0.0,4.6875,0.0,0.0,-3.75,-7.5,3.75,-7.5,0.0,0.0,0.0,0.0,0.0,0.0,0.0,3.75,8.4375,0.0,-1.875,0.9375,-11.25,0.0,-11.25,-1.875,0.0,0.0,0.0,-3.75,0.9375,1.875,0.0,0.0,-7.5,0.0,0.0,0.0,0.0,-3.75,0.0,-3.75,-3.75,-7.5,15.0,0.0
135,10,0.0,0.0,-15.0,0.0,-7.5,0.0,0.9375,0.0,0.9375,0.0,0.0,0.0,7.5,3.75,0.0,0.9375,0.0,0.0,0.9375,3.75,0.0,0.0,0.0,-3.75,-7.5,0.0,3.75,0.0,0.0,-3.75,-6.5625,3.75,-6.5625,0.0,0.0,0.0,0.0,0.0,0.0,0.0,3.75,7.5,0.0,-1.875,3.75,-7.5,0.0,-9.375,0.0,0.0,0.0,0.0,-3.75,0.9375,0.0,0.0,0.0,-3.75,0.0,0.0,0.0,0.0,-3.75,0.0,-2.8125,-3.75,-7.5,12.1875,0.0
135,11,0.0,0.0,-15.0,0.0,-7.5,0.0,0.9375,0.0,0.9375,0.0,0.0,0.0,7.5,3.75,0.0,0.9375,0.0,0.0,0.0,3.75,0.0,0.0,0.0,-3.75,-7.5,0.0,3.75,0.0,0.0,-3.75,-6.5625,3.75,-6.5625,0.0,0.0,0.0,0.0,0.0,0.0,0.0,3.75,7.5,0.0,-1.875,3.75,-7.5,0.0,-7.5,0.0,0.0,0.0,0.0,-1.875,0.0,1.875,0.0,0.0,-3.75,0.0,0.0,0.0,0.0,-3.75,0.0,-2.8125,-3.75,-7.5,11.25,0.0
136,9,0.0,0.0,-18.75,0.0,-11.25,0.0,0.0,0.0,0.0,0.0,0.0,0.0,7.5,3.75,0.0,0.0,0.0,0.0,3.75,5.625,0.0,0.0,0.0,-5.625,-7.5,0.0,3.75,0.0,0.0,-5.625,-10.3125,3.75,-9.375,0.0,0.0,0.0,-1.875,0.0,0.0,0.0,3.75,6.5625,0.0,-3.75,3.75,-11.25,0.0,-12.1875,0.0,0.0,0.0,-1.875,-1.875,0.9375,0.9375,0.0,0.0,8.4375,0.0,0.0,0.0,0.0,-6.5625,-1.875,-3.75,-3.75,-9.375,14.0625,0.0
136,10,0.0,0.0,-15.0,0.0,-7.5,0.0,0.0,0.0,0.0,0.0,0.0,0.0,4.6875,1.875,0.0,0.0,0.0,0.0,3.75,4.6875,0.0,0.0,0.0,-3.75,-6.5625,0.0,3.75,0.0,0.0,-3.75,-7.5,1.875,-7.5,0.0,0.0,0.0,0.0,0.0,0.0,0.0,3.75,4.6875,0.0,-2.8125,3.75,-3.75,0.0,-10.3125,0.0,0.0,0.0,-1.875,0.0,0.0,0.9375,0.0,0.0,7.5,0.0,0.0,0.0,0.0,-3.75,-1.875,-3.75,-3.75,-7.5,11.25,0.0
136,11,0.0,0.0,-15.0,0.0,-7.5,0.0,0.0,0.0,0.0,0.0,0.0,0.0,4.6875,0.9375,0.0,0.0,0.0,0.0,3.75,4.6875,0.0,0.0,0.0,-3.75,-7.5,0.0,3.75,0.0,0.0,-3.75,-7.5,0.9375,-7.5,0.0,0.0,0.0,0.0,0.0,0.0,0.0,3.75,4.6875,0.0,-1.875,3.75,-3.75,0.0,-10.3125,0.0,0.0,0.0,0.0,0.0,0.0,0.9375,0.0,0.0,3.75,0.0,0.0,0.0,0.0,-3.75,0.0,-3.75,-3.75,-7.5,11.25,0.0
137,9,0.0,0.0,-18.75,0.0,-7.5,0.0,0.0,0.0,0.0,0.0,-1.875,0.0,3.75,0.0,0.0,0.0,-1.875,0.0,7.5,4.6875,0.0,0.9375,0.0,-3.75,-9.375,0.0,0.9375,0.0,0.0,-7.5,-10.3125,0.9375,-11.25,0.0,0.0,0.0,-3.75,0.0,-1.875,0.0,0.9375,3.75,0.0,-3.75,3.75,15.0,0.0,-13.125,3.75,0.0,0.0,-3.75,0.0,0.0,0.9375,0.0,0.0,11.25,0.0,0.9375,0.0,0.0,-7.5,-3.75,-6.5625,-6.5625,-11.25,11.25,0.0
137,10,0.0,0.0,-11.25,0.0,-3.75,0.0,0.0,0.0,0.0,0.0,-1.875,0.0,3.75,0.0,0.0,0.0,-1.875,0.0,3.75,3.75,0.0,0.0,0.0,-3.75,-3.75,0.0,0.0,0.0,0.0,-6.5625,-9.375,0.9375,-10.3125,0.0,0.0,0.0,-3.75,0.0,-1.875,0.0,0.9375,3.75,0.0,-3.75,3.75,3.75,0.0,-11.25,0.9375,0.0,0.0,-2.8125,0.0,0.0,0.9375,0.0,0.0,7.5,0.0,0.9375,0.0,0.0,-7.5,-3.75,-5.625,-6.5625,-11.25,9.375,0.0
137,11,0.0,0.0,-11.25,0.0,-3.75,0.0,0.0,0.0,0.0,0.0,0.0,0.0,3.75,0.0,0.0,0.0,0.0,0.0,3.75,3.75,0.0,0.0,0.0,-3.75,-5.625,0.0,0.0,0.0,0.0,-7.5,-7.5,0.0,-10.3125,0.0,0.0,0.0,-3.75,0.0,-1.875,0.0,0.9375,3.75,0.0,-3.75,3.75,5.625,0.0,-11.25,3.75,0.0,0.0,-2.8125,0.0,0.0,0.0,0.0,0.0,7.5,0.0,0.0,0.0,0.0,-7.5,-2.8125,-3.75,-6.5625,-10.3125,8.4375,0.0
138,9,0.0,0.0,17.8125,0.0,7.5,0.0,-2.8125,0.0,0.0,0.0,0.0,0.0,3.75,0.0,0.0,0.0,-3.75,0.0,7.5,3.75,0.0,3.75,0.0,-3.75,-7.5,0.0,0.0,0.0,0.0,-10.3125,-11.25,0.0,-13.125,0.0,0.0,0.0,-6.5625,0.0,-3.75,0.0,0.0,0.9375,0.0,-3.75,3.75,15.0,0.0,-11.25,3.75,0.0,-3.75,-3.75,0.0,0.0,0.0,0.0,0.0,9.375,0.0,0.0,0.0,0.0,-11.25,-3.75,-7.5,-7.5,-13.125,8.4375,0.0
138,10,0.0,0.0,11.25,0.0,4.6875,0.0,-1.875,0.0,0.0,0.0,0.0,0.0,3.75,0.0,0.0,0.0,-2.8125,0.0,3.75,3.75,0.0,3.75,0.0,0.0,-1.875,0.0,0.0,0.0,0.0,-7.5,-10.3125,0.0,-11.25,0.0,0.0,0.0,-5.625,0.0,-3.75,0.0,0.0,0.0,0.0,-3.75,3.75,11.25,0.0,-10.3125,3.75,0.0,-3.75,-3.75,0.0,0.0,0.0,0.0,0.0,8.4375,0.0,0.0,0.0,0.0,-10.3125,-3.75,-7.5,-7.5,-11.25,7.5,0.0
138,11,0.0,0.0,11.25,0.0,3.75,0.0,-1.875,0.0,0.0,0.0,0.0,0.0,3.75,0.0,0.0,0.0,-1.875,0.0,3.75,3.75,0.0,3.75,0.0,-1.875,-1.875,0.0,0.0,0.0,0.0,-7.5,-9.375,0.0,-11.25,0.0,0.0,0.0,-3.75,0.0,-2.8125,0.0,0.0,0.0,0.0,-2.8125,3.75,11.25,0.0,-7.5,3.75,0.0,-3.75,-3.75,0.0,0.0,0.0,0.0,0.0,7.5,0.0,0.0,0.0,0.0,-9.375,-3.75,-7.5,-7.5,-11.25,7.5,0.0
139,9,0.0,0.0,18.75,0.0,11.25,0.0,-3.75,0.0,0.0,0.0,0.0,0.0,3.75,-1.875,0.0,0.0,-3.75,0.0,4.6875,0.0,0.0,3.75,0.0,0.0,0.0,0.0,0.0,0.0,0.0,-11.25,-11.25,0.0,-14.0625,0.0,0.0,0.0,-7.5,0.0,-5.625,0.0,0.0,0.0,0.0,-3.75,0.9375,13.125,0.0,-7.5,3.75,0.0,-5.625,-7.5,0.0,0.0,0.0,0.0,0.0,8.4375,0.0,0.0,0.0,0.0,-13.125,-6.5625,-9.375,-9.375,-13.125,7.5,0.0
139,10,0.0,0.0,15.0,0.0,7.5,0.0,-3.75,0.0,0.0,0.0,0.0,0.0,3.75,-1.875,0.0,0.0,-3.75,0.0,3.75,0.0,0.0,3.75,0.0,0.0,0.0,0.0,0.0,0.0,0.0,-11.25,-11.25,0.0,-11.25,0.0,0.0,0.0,-7.5,0.0,-3.75,0.0,0.0,0.0,0.0,0.0,0.9375,11.25,0.0,0.0,3.75,0.0,-3.75,-6.5625,0.0,0.0,0.0,0.0,0.0,7.5,0.0,0.0,0.0,0.0,-11.25,-6.5625,-8.4375,-8.4375,-11.25,4.6875,0.0
139,11,0.0,0.0,15.0,0.0,7.5,0.0,-3.75,0.0,0.0,0.0,0.0,0.0,0.9375,-1.875,0.0,0.0,-3.75,0.0,3.75,0.0,0.0,3.75,0.0,0.0,0.9375,0.0,0.0,0.0,0.0,-11.25,-11.25,0.0,-11.25,0.0,0.0,0.0,-7.5,0.0,-3.75,0.0,0.0,0.0,0.0,0.0,0.9375,11.25,0.0,0.0,3.75,0.0,-3.75,-6.5625,0.0,0.0,0.0,0.0,0.0,7.5,0.0,0.0,0.0,0.0,-11.25,-6.5625,-7.5,-9.375,-11.25,4.6875,0.0
140,9,0.0,0.0,15.9375,0.0,11.25,0.0,-3.75,0.0,0.0,0.0,0.0,0.0,0.0,-3.75,0.0,0.0,-5.625,0.0,3.75,0.0,0.0,4.6875,0.0,0.0,4.6875,0.0,0.0,0.0,0.0,-15.0,-11.25,0.0,-15.0,0.0,0.0,0.0,-11.25,0.0,-7.5,0.0,0.0,0.0,0.0,-1.875,0.0,12.1875,0.0,7.5,3.75,0.0,-7.5,-7.5,0.0,0.0,0.0,0.0,0.0,7.5,0.0,0.0,0.0,0.0,-15.0,-7.5,-11.25,-11.25,-15.0,4.6875,0.0
140,10,0.0,0.0,15.0,0.0,7.5,0.0,-3.75,0.0,0.0,0.0,0.0,0.0,0.0,-3.75,0.0,0.0,-4.6875,0.0,3.75,0.0,0.0,3.75,0.0,0.0,3.75,0.0,0.0,0.0,0.0,-11.25,-11.25,0.0,-11.25,0.0,0.0,0.0,-9.375,0.0,-6.5625,0.0,0.0,-1.875,0.0,-1.875,0.0,8.4375,0.0,4.6875,3.75,0.0,-6.5625,-7.5,0.0,0.0,0.0,0.0,0.0,7.5,0.0,0.0,0.0,0.0,-14.0625,-7.5,-10.3125,-11.25,-13.125,3.75,0.0
140,11,0.0,0.0,15.0,0.0,7.5,0.0,-3.75,0.0,0.0,0.0,0.0,0.0,0.0,-3.75,0.0,0.0,-3.75,0.0,3.75,0.0,0.0,3.75,0.0,0.0,4.6875,0.0,0.0,0.0,0.0,-11.25,-10.3125,0.0,-11.25,0.0,0.0,0.0,-7.5,0.0,-6.5625,0.0,0.0,-1.875,0.0,0.0,0.0,8.4375,0.0,3.75,3.75,0.0,-6.5625,-7.5,0.0,0.0,0.0,0.0,0.0,5.625,0.0,0.0,0.0,0.0,-14.0625,-7.5,-11.25,-11.25,-11.25,3.75,0.0
141,9,0.0,0.0,15.0,0.0,8.4375,0.0,-5.625,0.0,0.0,0.0,0.0,0.0,0.0,-3.75,0.0,-1.875,-7.5,0.0,3.75,-1.875,0.0,3.75,0.0,3.75,7.5,0.0,0.0,0.0,0.0,-15.0,-11.25,0.0,-15.0,0.0,0.0,0.0,-11.25,0.0,-9.375,0.0,-1.875,-1.875,0.0,0.0,0.0,10.3125,0.0,8.4375,3.75,0.0,-11.25,-10.3125,-1.875,0.0,0.0,0.0,0.0,4.6875,0.0,0.0,0.0,0.0,-16.875,-10.3125,-12.1875,-11.25,-15.0,3.75,0.0
141,10,0.0,0.0,13.125,0.0,7.5,0.0,-3.75,0.0,0.0,0.0,0.0,0.0,0.0,-3.75,0.0,-1.875,-6.5625,0.0,3.75,-1.875,0.0,3.75,0.0,1.875,5.625,0.0,0.0,0.0,0.0,-13.125,-7.5,0.0,-7.5,0.0,0.0,0.0,-10.3125,0.0,-7.5,0.0,-1.875,-2.8125,0.0,0.0,0.0,8.4375,0.0,7.5,3.75,0.0,-7.5,-10.3125,-1.875,0.0,0.0,0.0,0.0,3.75,0.0,0.0,0.0,0.0,-15.0,-10.3125,-11.25,-11.25,-15.0,3.75,0.0
141,11,0.0,0.0,13.125,0.0,7.5,0.0,-3.75,0.0,0.0,0.0,0.0,0.0,0.0,-3.75,0.0,0.0,-6.5625,0.0,1.875,-1.875,0.0,3.75,0.0,0.9375,7.5,0.0,0.0,0.0,0.0,-15.0,-7.5,0.0,-7.5,0.0,0.0,0.0,-10.3125,0.0,-7.5,0.0,0.0,-1.875,0.0,0.0,0.0,8.4375,0.0,7.5,3.75,0.0,-7.5,-10.3125,-1.875,0.0,0.0,0.0,0.0,3.75,0.0,0.0,0.0,0.0,-15.0,-10.3125,-11.25,-12.1875,-13.125,3.75,0.0
142,9,0.0,0.0,13.125,0.0,7.5,0.0,-3.75,0.0,0.0,0.0,3.75,0.0,-1.875,-3.75,0.0,-1.875,-7.5,0.0,0.9375,-3.75,0.0,3.75,0.0,3.75,7.5,0.0,0.9375,0.0,0.0,-17.8125,-11.25,0.0,11.25,0.0,0.0,0.0,-13.125,0.0,-11.25,0.0,-1.875,0.0,0.0,0.0,0.0,7.5,0.0,8.4375,3.75,0.0,-11.25,-11.25,-3.75,0.0,0.0,0.0,0.0,3.75,0.0,0.0,0.0,0.0,-18.75,-11.25,-14.0625,-14.0625,-15.0,1.875,0.0
142,10,0.0,0.0,12.1875,0.0,7.5,0.0,-3.75,0.0,0.0,0.0,3.75,0.0,-1.875,-3.75,0.0,-1.875,-7.5,0.0,0.9375,-3.75,0.0,3.75,0.0,3.75,6.5625,0.0,0.9375,0.0,0.0,-13.125,-7.5,0.0,0.0,0.0,0.0,0.0,-9.375,0.0,-9.375,0.0,-1.875,0.0,0.0,0.0,0.0,7.5,0.0,7.5,3.75,0.0,-10.3125,-11.25,-3.75,0.0,0.0,0.0,0.0,3.75,0.0,0.0,0.0,0.0,-16.875,-11.25,-14.0625,-14.0625,-14.0625,0.9375,0.0
142,11,0.0,0.0,11.25,0.0,5.625,0.0,-3.75,0.0,0.0,0.0,1.875,0.0,-1.875,-3.75,0.0,0.0,-7.5,0.0,0.0,-3.75,0.0,3.75,0.0,0.9375,7.5,0.0,0.9375,0.0,0.0,-14.0625,-3.75,0.0,0.0,0.0,0.0,0.0,-7.5,0.0,-9.375,0.0,0.0,0.0,0.0,0.0,0.0,7.5,0.0,7.5,3.75,0.0,-10.3125,-11.25,-3.75,0.0,0.0,0.0,0.0,3.75,0.0,0.0,0.0,0.0,-16.875,-11.25,-14.0625,-15.0,-13.125,0.9375,0.0
143,9,0.0,0.0,11.25,0.0,4.6875,0.0,-3.75,0.0,0.0,0.0,3.75,0.0,-3.75,-5.625,0.0,-1.875,-7.5,0.0,0.0,-3.75,0.0,0.9375,0.0,0.0,3.75,0.0,0.9375,0.0,0.0,-16.875,-7.5,0.0,11.25,0.0,0.0,0.9375,-11.25,0.0,-13.125,0.0,-1.875,0.0,0.0,0.0,0.0,5.625,0.0,7.5,3.75,0.0,-11.25,-13.125,-3.75,0.0,0.0,0.0,1.875,1.875,0.0,0.0,0.0,0.0,-20.625,-13.125,-15.0,-15.0,-15.0,0.0,0.0
143,10,0.0,0.0,11.25,0.0,3.75,0.0,-1.875,0.0,0.0,0.0,1.875,0.0,-3.75,-3.75,0.0,0.0,-7.5,0.0,0.0,-3.75,0.0,0.9375,0.0,0.0,3.75,0.0,0.9375,-1.875,0.0,0.0,3.75,0.0,5.625,0.0,0.0,0.0,-9.375,0.0,-10.3125,0.0,-0.9375,0.0,0.0,0.9375,0.0,4.6875,0.0,7.5,3.75,0.0,-9.375,-13.125,-3.75,0.0,0.0,0.0,0.0,0.9375,0.0,0.0,0.0,0.0,-17.8125,-13.125,-15.0,-15.0,-15.0,0.0,0.0
143,11,0.0,0.0,10.3125,0.0,3.75,0.0,-1.875,0.0,0.0,0.0,1.875,0.0,-3.75,-3.75,0.0,0.0,-7.5,0.0,0.0,-3.75,0.0,0.9375,0.0,0.0,3.75,0.0,0.0,0.0,0.0,-9.375,0.0,-1.875,7.5,0.0,0.0,0.0,-7.5,0.0,-11.25,0.0,-1.875,0.0,0.0,0.9375,0.0,4.6875,0.0,7.5,3.75,0.0,-10.3125,-13.125,-3.75,0.0,0.0,0.0,0.0,0.9375,0.0,0.0,0.0,0.0,-18.75,-14.0625,-15.0,-15.0,-14.0625,0.0,0.0
144,9,0.0,0.0,9.375,0.0,3.75,0.0,0.9375,0.0,0.0,0.0,0.9375,0.0,-3.75,-3.75,0.0,0.0,-5.625,0.0,0.0,-3.75,0.0,0.0,-1.875,0.0,3.75,0.0,0.0,-6.5625,0.0,15.0,8.4375,-3.75,7.5,0.0,0.0,0.0,-7.5,0.0,-14.0625,0.0,-3.75,3.75,0.0,0.0,0.0,3.75,0.0,7.5,3.75,0.0,-14.0625,-13.125,-7.5,0.0,0.0,-0.9375,0.0,0.0,0.0,0.0,0.0,0.0,-21.5625,-15.0,-16.875,-15.0,-15.0,0.0,0.0
144,10,0.0,0.0,8.4375,0.0,3.75,0.0,0.9375,0.0,0.0,0.0,0.9375,0.0,-3.75,-3.75,0.0,0.0,-6.5625,0.0,0.0,-3.75,0.0,0.0,-1.875,0.0,3.75,0.0,0.0,-3.75,0.0,11.25,7.5,-3.75,7.5,0.0,0.0,0.0,0.0,0.0,-11.25,0.0,-3.75,0.0,0.0,0.0,0.0,3.75,0.0,5.625,3.75,0.0,-7.5,-13.125,-7.5,0.0,0.0,0.0,0.0,0.0,0.0,0.0,0.0,0.0,-17.8125,-15.0,-15.0,-15.0,-15.0,0.0,0.0
144,11,0.0,0.0,7.5,0.0,3.75,0.0,0.0,0.0,0.0,0.0,0.9375,0.0,-3.75,-1.875,0.0,0.0,-5.625,0.0,0.0,-3.75,0.0,0.0,-1.875,0.0,3.75,0.0,0.0,-3.75,0.0,13.125,7.5,-3.75,7.5,0.0,0.0,0.0,0.0,0.0,-11.25,0.0,-3.75,0.0,0.0,0.0,0.0,3.75,0.0,5.625,3.75,0.0,-7.5,-12.1875,-6.5625,0.0,0.0,0.0,0.0,0.0,0.0,0.0,0.0,0.0,-18.75,-15.0,-15.0,-15.0,-13.125,0.0,0.0
145,9,0.0,0.0,7.5,0.0,1.875,0.0,3.75,0.0,0.0,0.0,0.0,0.0,-6.5625,-1.875,0.0,0.0,3.75,0.0,0.0,-3.75,0.0,-2.8125,-2.8125,-1.875,3.75,0.0,0.0,-7.5,0.0,15.9375,7.5,-3.75,7.5,0.0,0.0,0.0,7.5,0.0,-14.0625,0.0,-6.5625,0.0,0.0,0.0,-1.875,3.75,0.0,4.6875,1.875,0.0,-1.875,-9.375,-7.5,0.0,0.0,-1.875,0.0,0.0,0.0,0.0,0.0,0.0,-21.5625,-15.0,-16.875,-15.0,-15.0,0.0,0.0
145,10,0.0,0.0,7.5,0.0,0.9375,0.0,3.75,0.0,0.0,0.0,0.0,0.0,-3.75,0.0,0.0,0.0,-1.875,0.0,0.0,-3.75,0.0,-1.875,-2.8125,-0.9375,3.75,0.0,0.0,-3.75,0.0,11.25,7.5,-3.75,7.5,0.0,0.0,0.0,3.75,0.0,-11.25,0.0,-4.6875,0.0,0.0,0.0,-1.875,0.9375,0.0,4.6875,0.9375,0.0,-3.75,-11.25,-7.5,0.0,0.0,-1.875,0.0,0.0,0.0,0.0,0.0,0.0,-9.375,-15.0,-15.0,-15.0,-11.25,0.0,0.0
145,11,0.0,0.0,7.5,0.0,0.9375,0.0,3.75,0.0,0.0,0.0,0.0,0.0,-3.75,0.0,0.0,0.0,0.0,0.0,0.0,-2.8125,0.0,-2.8125,-2.8125,-1.875,3.75,0.0,0.0,-3.75,0.0,12.1875,7.5,-3.75,7.5,0.0,0.0,0.0,3.75,0.0,-11.25,0.0,-3.75,1.875,0.0,0.0,0.0,0.9375,0.0,3.75,0.9375,0.0,0.0,-9.375,-7.5,0.0,0.0,-1.875,0.0,0.0,0.0,0.0,0.0,0.0,-9.375,-15.0,-15.0,-15.0,-13.125,0.0,0.0
146,9,0.0,0.0,5.625,0.0,0.0,0.0,3.75,0.0,0.0,0.0,0.0,0.0,-6.5625,0.0,0.0,0.0,7.5,0.0,0.0,-2.8125,0.0,-6.5625,-3.75,-3.75,3.75,0.0,0.0,-7.5,0.0,15.0,7.5,-3.75,7.5,0.0,0.0,-1.875,8.4375,-3.75,-11.25,0.0,-7.5,3.75,0.0,-2.8125,-3.75,0.9375,0.0,3.75,0.9375,0.0,5.625,7.5,-7.5,0.0,0.0,-3.75,0.0,0.0,0.0,0.0,0.0,0.0,18.75,-9.375,-7.5,-7.5,0.0,0.0,0.0
146,10,0.0,0.0,4.6875,0.0,0.0,0.0,3.75,0.0,0.0,0.0,0.0,0.0,-3.75,0.0,0.0,0.0,7.5,0.0,0.0,-2.8125,0.0,-3.75,-3.75,-3.75,3.75,0.0,0.0,-3.75,0.0,11.25,4.6875,-3.75,5.625,0.0,0.0,-1.875,7.5,-1.875,-7.5,0.0,-6.5625,0.9375,0.0,-2.8125,-2.8125,0.9375,0.0,3.75,0.9375,0.0,5.625,3.75,-7.5,0.0,0.0,-3.75,0.0,0.0,0.0,0.0,0.0,0.0,15.0,-9.375,-9.375,-7.5,0.0,0.0,0.0
146,11,0.0,0.0,4.6875,0.0,0.0,0.0,3.75,0.0,0.0,0.0,0.0,0.0,-3.75,0.0,0.0,0.0,7.5,0.0,0.0,0.0,0.0,-3.75,-3.75,-3.75,1.875,0.0,0.0,-3.75,0.0,11.25,4.6875,-3.75,3.75,0.0,0.0,-1.875,7.5,-2.8125,-7.5,0.0,-6.5625,0.9375,0.0,-2.8125,-1.875,0.0,0.0,3.75,0.9375,0.0,4.6875,3.75,-6.5625,0.0,0.0,-2.8125,0.0,0.0,0.0,0.0,-0.9375,0.0,15.9375,0.0,15.0,15.0,7.5,0.0,0.0
147,9,0.0,0.0,3.75,0.0,0.0,0.0,4.6875,0.0,0.0,0.0,0.0,0.0,-3.75,0.0,0.0,0.0,11.25,0.0,0.0,0.0,0.0,-7.5,-5.625,-5.625,0.9375,0.0,0.0,-7.5,0.0,12.1875,3.75,-3.75,3.75,0.0,0.0,-3.75,11.25,-3.75,0.0,0.0,-10.3125,3.75,0.0,-3.75,-3.75,0.9375,0.0,2.8125,0.9375,0.0,7.5,11.25,-3.75,0.0,0.0,-3.75,0.0,0.0,0.0,0.0,-3.75,0.0,18.75,19.6875,18.75,15.0,13.125,0.0,0.0
147,10,0.0,0.0,3.75,0.0,0.0,0.0,3.75,0.0,0.0,0.0,0.0,0.0,-3.75,0.0,0.0,0.0,7.5,0.0,0.0,0.0,0.0,-7.5,-3.75,-3.75,0.0,0.0,0.0,-3.75,0.0,11.25,3.75,0.0,3.75,0.0,0.0,-2.8125,7.5,-3.75,3.75,0.0,-7.5,3.75,0.0,-3.75,-3.75,0.0,0.0,1.875,0.9375,0.0,3.75,11.25,-3.75,0.0,0.0,-3.75,0.0,0.0,0.0,0.0,-3.75,0.0,15.9375,18.75,18.75,15.0,15.0,0.0,0.0
147,11,0.0,0.0,3.75,0.0,0.0,0.0,3.75,0.0,0.0,0.0,0.0,0.0,-3.75,0.0,0.0,0.0,7.5,0.0,0.0,0.0,0.0,-7.5,-3.75,-3.75,0.0,0.0,0.0,-3.75,0.0,11.25,3.75,-3.75,3.75,0.0,0.0,-3.75,7.5,-3.75,3.75,0.0,-7.5,0.9375,0.0,-3.75,-3.75,0.0,0.0,0.9375,0.9375,0.0,5.625,8.4375,-3.75,0.0,0.0,-3.75,0.0,0.0,0.0,0.0,-2.8125,0.0,15.9375,9.375,18.75,15.0,11.25,0.0,0.0
148,9,0.0,0.0,3.75,0.0,0.0,0.0,3.75,0.0,0.0,0.0,0.0,0.0,0.0,0.0,0.0,0.0,11.25,0.0,0.0,3.75,0.0,-11.25,-7.5,-6.5625,0.0,0.0,0.0,-6.5625,0.0,11.25,0.9375,0.0,3.75,0.0,0.0,-3.75,11.25,-7.5,7.5,0.0,-11.25,0.9375,0.0,-6.5625,-3.75,0.0,0.0,0.0,0.9375,0.0,3.75,11.25,7.5,0.0,0.0,-3.75,0.0,0.0,0.0,0.0,-3.75,0.0,16.875,18.75,18.75,15.0,15.0,0.0,0.0
148,10,0.0,0.0,2.8125,0.0,0.0,0.0,3.75,0.0,0.0,0.0,0.0,0.0,0.0,0.0,0.0,0.0,7.5,0.0,0.0,0.9375,0.0,-8.4375,-7.5,-3.75,0.0,0.0,0.0,0.0,0.0,7.5,0.9375,0.0,3.75,0.0,0.0,-3.75,5.625,-3.75,7.5,0.0,-9.375,0.9375,0.0,-6.5625,-3.75,0.0,0.0,0.0,0.9375,0.0,3.75,11.25,0.0,0.0,0.0,-3.75,0.0,0.0,0.0,0.0,-3.75,0.0,15.0,18.75,18.75,15.0,15.0,0.0,0.0
148,11,0.0,0.0,1.875,0.0,0.0,0.0,3.75,0.0,0.0,0.0,0.0,0.0,0.0,0.0,0.0,0.0,7.5,0.0,0.0,0.0,0.0,-7.5,-7.5,-5.625,0.0,0.0,0.0,-1.875,0.0,7.5,0.9375,0.0,3.75,0.0,0.0,-3.75,7.5,-3.75,7.5,0.0,-9.375,1.875,0.0,-6.5625,-3.75,0.0,0.0,0.0,0.0,0.0,3.75,11.25,0.0,0.0,0.0,-3.75,0.0,0.0,0.0,0.0,-3.75,0.0,15.0,18.75,18.75,15.0,13.125,0.0,0.0
149,9,0.0,0.0,0.9375,0.0,-1.875,0.0,3.75,0.0,0.0,-1.875,0.0,0.0,3.75,0.0,0.0,0.0,8.4375,0.0,0.9375,1.875,0.0,-11.25,-7.5,-3.75,0.0,0.0,0.0,4.6875,0.0,5.625,0.0,7.5,0.9375,0.0,0.0,-3.75,9.375,-7.5,7.5,0.0,-13.125,0.9375,0.0,-7.5,-3.75,0.0,0.0,0.0,0.0,0.0,3.75,11.25,11.25,0.0,0.0,-3.75,0.0,0.0,0.0,0.0,-3.75,0.0,15.0,18.75,15.9375,15.0,13.125,0.0,0.0
149,10,0.0,0.0,0.9375,0.0,-1.875,0.0,2.8125,0.0,0.0,-1.875,0.0,0.0,3.75,0.0,0.0,0.0,7.5,0.0,0.0,0.9375,0.0,-10.3125,-7.5,-3.75,0.0,0.0,0.0,3.75,0.0,3.75,0.0,3.75,0.9375,0.0,0.0,-3.75,4.6875,-3.75,7.5,0.0,-9.375,0.9375,0.0,-7.5,-3.75,0.0,0.0,0.0,0.0,0.0,3.75,10.3125,7.5,0.0,0.0,-3.75,0.0,0.0,0.0,0.0,-3.75,0.0,13.125,18.75,16.875,15.0,11.25,0.0,0.0
149,11,0.0,0.0,0.9375,0.0,-1.875,0.0,2.8125,0.0,0.0,-1.875,0.0,0.0,3.75,0.0,0.0,0.0,7.5,0.0,0.0,0.9375,0.0,-10.3125,-7.5,-3.75,0.0,0.0,0.0,3.75,0.0,3.75,0.0,0.0,0.9375,0.0,0.0,-3.75,4.6875,-3.75,7.5,0.0,-9.375,0.9375,0.0,-7.5,-3.75,0.0,0.0,0.0,0.0,0.0,3.75,8.4375,3.75,0.0,0.0,-3.75,0.0,0.0,0.0,0.0,-3.75,0.0,14.0625,18.75,15.9375,15.0,11.25,0.0,0.0
150,9,0.0,0.0,0.0,0.0,-3.75,0.0,1.875,0.0,0.0,-3.75,0.0,0.0,3.75,-1.875,0.0,-1.875,7.5,0.0,0.0,1.875,0.0,-13.125,-10.3125,0.0,0.0,0.0,0.0,8.4375,0.0,3.75,0.0,11.25,0.0,0.0,0.0,-3.75,5.625,-5.625,7.5,0.0,-14.0625,3.75,0.0,-7.5,-3.75,0.0,0.0,0.0,0.9375,0.0,3.75,7.5,11.25,0.0,0.0,-3.75,0.0,0.0,0.0,0.0,-6.5625,0.0,13.125,18.75,15.0,14.0625,11.25,0.0,0.0
150,10,0.0,0.0,0.0,0.0,-3.75,0.0,0.9375,0.0,0.0,-3.75,0.0,0.0,3.75,-1.875,0.0,-0.9375,5.625,0.0,0.0,0.9375,0.0,-10.3125,-11.25,0.0,0.0,0.0,0.0,7.5,0.0,3.75,0.0,7.5,0.0,0.0,0.0,-3.75,3.75,-3.75,7.5,0.0,-9.375,0.9375,0.0,-7.5,-3.75,0.0,0.0,0.0,0.0,0.0,1.875,7.5,7.5,0.0,0.0,-3.75,0.0,0.0,0.0,0.0,-3.75,0.0,11.25,15.9375,15.0,12.1875,11.25,0.0,0.0
150,11,0.0,0.0,0.0,0.0,-3.75,0.0,0.9375,0.0,0.0,-3.75,0.0,0.0,3.75,0.0,0.0,0.0,4.6875,0.0,0.0,0.9375,0.0,-9.375,-7.5,0.0,0.0,0.0,0.9375,7.5,0.0,3.75,0.0,5.625,0.0,0.0,0.0,-3.75,3.75,-3.75,7.5,0.0,-7.5,0.9375,0.0,-7.5,-3.75,0.0,0.0,0.0,0.0,0.0,3.75,7.5,7.5,0.0,0.0,-3.75,0.0,0.0,0.0,0.0,-3.75,0.0,11.25,16.875,15.0,13.125,11.25,0.0,0.0
151,9,0.0,0.0,0.0,0.0,-3.75,0.0,0.0,0.0,0.0,-5.625,0.0,0.0,3.75,-1.875,0.0,-3.75,4.6875,0.0,0.0,0.9375,0.0,-9.375,-7.5,4.6875,0.0,0.0,0.0,9.375,0.0,3.75,0.0,11.25,0.0,0.0,0.0,-1.875,3.75,0.0,3.75,0.0,-9.375,0.9375,0.0,-7.5,-3.75,0.0,0.0,0.0,0.9375,0.0,0.0,7.5,11.25,0.0,0.0,-3.75,0.0,0.0,0.0,-2.8125,-7.5,0.0,11.25,15.9375,15.0,11.25,11.25,0.0,0.0
151,10,0.0,0.0,0.0,0.0,-3.75,0.0,0.0,0.0,0.0,-3.75,0.0,0.0,3.75,-1.875,0.0,-3.75,3.75,0.0,0.0,0.0,0.0,-5.625,-9.375,3.75,0.0,0.0,0.0,7.5,0.0,3.75,0.0,9.375,0.0,0.0,0.0,0.0,1.875,0.9375,4.6875,0.0,-3.75,0.9375,0.0,-7.5,-1.875,0.0,0.0,0.0,0.0,0.0,0.0,4.6875,11.25,0.0,0.0,-3.75,0.0,0.0,0.0,-1.875,-3.75,0.0,9.375,15.0,13.125,11.25,10.3125,0.0,0.0
151,11,0.0,0.0,0.0,0.0,-3.75,0.0,0.0,0.0,0.0,-3.75,0.0,0.0,3.75,0.0,0.0,-3.75,3.75,0.0,0.0,0.0,0.0,-1.875,-7.5,3.75,0.0,0.0,1.875,7.5,0.0,3.75,0.0,7.5,0.0,0.0,0.0,-3.75,3.75,0.0,4.6875,0.0,-1.875,0.0,0.0,-7.5,0.0,0.0,0.0,0.0,0.0,0.0,0.0,5.625,9.375,0.0,0.0,-1.875,0.0,0.0,0.0,-1.875,-3.75,0.0,9.375,15.9375,14.0625,11.25,8.4375,0.0,0.0
152,9,0.0,0.0,0.0,0.0,-7.5,0.0,0.0,0.0,0.0,-7.5,0.9375,0.0,4.6875,-1.875,0.0,-3.75,3.75,0.0,-3.75,0.0,0.0,7.5,0.0,7.5,-3.75,0.0,0.0,7.5,0.0,0.9375,0.0,11.25,0.0,0.0,0.0,0.0,0.0,7.5,3.75,0.0,0.0,0.9375,0.0,-7.5,0.0,0.0,0.0,0.0,0.0,0.0,0.0,3.75,11.25,-1.875,0.0,0.0,0.0,0.0,0.0,-3.75,-7.5,0.0,8.4375,15.0,11.25,11.25,7.5,0.0,0.0
152,10,0.0,0.0,0.0,0.0,-3.75,0.0,0.0,0.0,0.0,-5.625,0.9375,0.0,3.75,-1.875,0.0,-3.75,3.75,0.0,-1.875,0.0,0.0,3.75,0.0,5.625,-1.875,0.0,0.0,7.5,0.0,1.875,0.0,7.5,0.0,0.0,0.0,-2.8125,0.0,7.5,3.75,0.0,0.9375,0.0,0.0,-6.5625,0.0,0.0,0.0,0.0,0.0,0.0,0.0,3.75,11.25,0.0,0.0,0.0,0.0,0.0,0.0,-3.75,-3.75,0.0,7.5,15.0,11.25,9.375,7.5,0.0,0.0
152,11,0.0,0.0,0.0,0.0,-3.75,0.0,0.0,0.0,0.0,-5.625,0.0,0.0,3.75,0.0,0.0,-3.75,3.75,0.0,-2.8125,0.0,0.0,4.6875,0.0,4.6875,-1.875,0.0,0.0,6.5625,0.0,0.9375,0.0,7.5,0.0,0.0,0.0,0.0,0.0,4.6875,3.75,0.0,1.875,0.0,0.0,-6.5625,0.0,0.0,0.0,0.0,0.0,0.0,0.0,3.75,11.25,0.0,0.0,0.0,0.0,0.0,0.0,-1.875,-3.75,0.0,7.5,15.0,11.25,9.375,7.5,0.0,0.0
153,9,0.0,0.0,0.0,0.0,-7.5,0.0,0.0,0.0,0.0,-7.5,0.0,0.0,0.9375,-1.875,0.0,-7.5,0.9375,0.0,-5.625,-1.875,0.0,8.4375,4.6875,7.5,-1.875,0.0,0.0,7.5,0.0,0.0,0.0,9.375,0.0,0.0,0.0,0.0,0.0,8.4375,1.875,0.0,5.625,0.9375,0.0,-7.5,0.0,0.0,0.0,0.0,0.0,0.0,0.0,0.9375,11.25,-1.875,0.0,0.0,0.0,0.0,0.0,-3.75,-7.5,0.0,7.5,13.125,9.375,7.5,7.5,0.0,0.0
153,10,0.0,0.0,0.0,0.0,-7.5,0.0,0.0,0.0,0.0,-7.5,0.0,0.0,0.0,-1.875,0.0,-3.75,0.9375,0.0,-3.75,-0.9375,0.0,7.5,3.75,3.75,0.0,0.0,0.0,4.6875,0.0,0.0,0.0,7.5,0.0,0.0,0.0,0.0,0.0,8.4375,1.875,0.0,3.75,0.9375,0.0,-3.75,0.0,0.0,0.0,0.0,0.0,0.0,0.0,0.9375,7.5,0.0,0.0,0.0,0.0,0.0,0.0,-3.75,-3.75,0.0,5.625,12.1875,8.4375,7.5,7.5,0.0,0.0
153,11,0.0,0.0,0.0,0.0,-6.5625,0.0,0.0,0.0,0.0,-7.5,0.0,0.0,0.9375,-1.875,0.0,-6.5625,0.9375,0.0,-3.75,0.0,0.0,7.5,3.75,3.75,0.0,0.0,0.0,4.6875,0.0,0.0,0.0,7.5,0.0,0.0,0.0,0.0,0.0,7.5,3.75,0.0,3.75,0.0,0.0,-3.75,0.9375,0.0,0.0,0.0,0.0,0.0,0.0,0.9375,7.5,0.0,0.0,0.0,0.0,0.0,0.0,-1.875,-3.75,0.0,4.6875,12.1875,8.4375,7.5,7.5,0.0,0.0
154,9,0.0,0.0,0.0,0.0,-7.5,0.0,0.0,0.0,0.0,-7.5,0.0,0.0,0.9375,-3.75,0.0,-7.5,0.0,0.0,-7.5,-1.875,0.0,9.375,7.5,4.6875,0.0,0.0,0.0,4.6875,0.0,0.0,0.0,7.5,0.0,0.0,0.0,0.0,-1.875,8.4375,0.9375,0.0,4.6875,0.9375,0.0,11.25,3.75,-2.8125,0.0,0.0,0.0,0.0,0.0,0.0,11.25,-3.75,0.0,1.875,0.0,0.0,0.0,-3.75,-7.5,0.0,3.75,11.25,7.5,7.5,4.6875,0.0,0.0
154,10,0.0,0.0,0.0,0.0,-6.5625,0.0,0.0,0.0,0.0,-7.5,0.0,0.0,0.9375,-2.8125,0.0,-7.5,0.0,0.0,-7.5,-1.875,0.0,7.5,7.5,3.75,0.0,0.0,0.0,3.75,0.0,0.0,0.0,7.5,0.0,0.0,0.0,0.0,-0.9375,8.4375,0.9375,0.0,3.75,0.0,0.0,0.0,0.0,-1.875,0.0,0.0,0.0,0.0,0.0,0.0,7.5,-1.875,0.0,0.0,0.0,0.0,0.0,-3.75,-1.875,0.0,3.75,10.3125,7.5,5.625,4.6875,0.0,0.0
154,11,0.0,0.0,0.0,0.0,-6.5625,0.0,0.0,0.0,0.0,-7.5,0.0,0.0,0.0,-1.875,0.0,-7.5,0.0,0.0,-6.5625,-1.875,0.0,7.5,7.5,3.75,0.0,0.0,0.0,3.75,0.0,0.0,0.0,7.5,0.0,0.0,0.0,0.0,0.0,7.5,0.9375,0.0,4.6875,0.0,0.0,0.0,0.9375,-1.875,0.0,0.0,0.0,0.0,0.0,0.0,7.5,-1.875,0.0,0.9375,0.0,0.0,0.0,-3.75,-3.75,0.0,3.75,11.25,7.5,4.6875,4.6875,0.0,0.0
155,9,0.0,0.0,0.0,0.0,-5.625,0.0,0.0,0.0,0.0,-7.5,0.9375,0.0,3.75,-3.75,0.0,-9.375,0.0,0.0,-7.5,-3.75,0.0,7.5,7.5,3.75,0.0,0.0,-1.875,3.75,0.0,0.0,3.75,3.75,0.0,0.0,0.0,0.0,-1.875,7.5,0.0,0.0,3.75,0.0,0.0,15.0,0.0,-3.75,0.0,0.0,0.0,0.0,0.0,0.0,11.25,-3.75,0.0,0.9375,0.0,0.0,0.0,-3.75,-5.625,0.0,3.75,9.375,4.6875,3.75,3.75,0.0,0.0
155,10,0.0,0.0,0.0,0.0,-3.75,0.0,0.0,0.0,0.0,-3.75,0.9375,0.0,1.875,-1.875,0.0,-7.5,0.0,0.0,-7.5,-2.8125,0.0,7.5,4.6875,2.8125,0.0,0.0,0.0,3.75,0.0,0.0,1.875,3.75,0.0,0.0,0.0,0.0,-1.875,7.5,0.0,0.0,4.6875,0.0,0.0,7.5,0.0,-3.75,0.0,0.0,0.0,0.0,0.0,0.0,7.5,-2.8125,0.0,0.9375,0.0,0.0,0.0,-3.75,-3.75,0.0,3.75,8.4375,4.6875,3.75,3.75,0.0,0.0
155,11,0.0,0.0,0.0,0.0,-3.75,0.0,0.0,0.0,0.0,-3.75,0.0,0.0,0.9375,-1.875,0.0,-7.5,0.0,0.0,-6.5625,-2.8125,0.0,7.5,4.6875,3.75,0.0,0.0,0.0,3.75,0.0,0.0,0.9375,3.75,0.0,0.0,0.0,-1.875,0.0,7.5,0.0,0.0,4.6875,0.0,0.0,7.5,1.875,-3.75,0.0,0.0,0.0,0.0,0.0,0.0,7.5,-2.8125,0.0,0.9375,0.0,0.0,0.0,-3.75,-3.75,0.0,1.875,7.5,4.6875,3.75,3.75,0.0,0.0
156,9,0.0,0.0,0.0,0.0,0.0,0.0,0.0,0.0,0.0,0.0,0.0,0.0,3.75,-5.625,0.0,-9.375,0.0,0.0,-7.5,-3.75,0.0,7.5,4.6875,0.0,0.0,0.0,0.0,0.9375,0.0,0.0,3.75,3.75,0.0,0.0,0.0,-3.75,-3.75,7.5,0.0,0.0,3.75,0.0,0.0,15.9375,0.0,-3.75,0.0,0.0,0.0,0.0,0.0,0.0,7.5,-3.75,0.0,0.0,-3.75,0.0,0.0,-3.75,-3.75,0.0,0.9375,7.5,3.75,3.75,3.75,0.0,0.0
156,10,0.0,0.0,0.0,0.0,0.0,0.0,0.0,0.0,0.0,0.0,0.0,0.0,3.75,-3.75,0.0,-6.5625,0.0,0.0,-7.5,-2.8125,0.0,4.6875,3.75,0.0,0.0,0.0,0.0,0.9375,0.0,0.0,3.75,2.8125,0.0,0.0,0.0,-3.75,-1.875,5.625,0.0,0.0,3.75,0.0,0.0,11.25,0.0,-3.75,0.0,0.0,0.0,0.0,0.0,0.0,4.6875,-3.75,0.0,0.0,0.0,0.0,0.0,-3.75,-1.875,0.0,0.9375,6.5625,3.75,3.75,3.75,0.0,0.0
156,11,0.0,0.0,0.0,0.0,0.0,0.0,0.0,0.0,0.0,0.0,0.0,0.0,0.9375,-3.75,0.0,-7.5,0.0,0.0,-6.5625,-2.8125,0.0,4.6875,4.6875,0.0,0.0,0.0,0.0,0.9375,0.0,0.0,0.9375,3.75,0.0,0.0,0.0,-3.75,0.0,4.6875,0.0,0.0,3.75,0.0,0.0,11.25,0.0,-3.75,0.0,0.0,0.0,0.0,0.0,0.0,4.6875,-3.75,0.0,0.9375,0.0,0.0,0.0,-3.75,-3.75,0.0,0.9375,6.5625,3.75,3.75,3.75,0.0,0.0
157,9,0.0,0.0,0.0,0.0,4.6875,0.0,0.0,0.0,-1.875,5.625,0.0,0.0,0.9375,-7.5,0.0,-5.625,-2.8125,0.0,-3.75,-3.75,0.0,3.75,3.75,0.0,0.0,0.0,0.0,0.0,0.0,0.0,0.9375,0.0,0.0,0.0,0.0,-7.5,-1.875,3.75,0.0,0.0,0.0,0.0,0.0,15.0,-3.75,-3.75,0.0,0.0,0.0,0.0,0.0,0.0,4.6875,-3.75,0.0,0.0,-3.75,0.0,0.0,-5.625,-3.75,0.0,0.0,4.6875,3.75,0.9375,1.875,0.0,0.0
157,10,0.0,0.0,0.0,0.0,3.75,0.0,0.0,0.0,-1.875,3.75,0.0,0.0,0.9375,-5.625,0.0,-1.875,-1.875,0.0,-1.875,-2.8125,0.0,3.75,3.75,0.0,0.0,0.0,0.0,0.0,0.0,0.0,1.875,0.0,0.0,0.0,0.0,-3.75,0.0,3.75,0.0,0.0,0.9375,0.0,0.0,11.25,-2.8125,-3.75,0.0,0.0,0.0,0.0,0.0,0.0,3.75,-3.75,0.0,0.0,-2.8125,0.0,0.0,-3.75,-3.75,0.0,0.0,3.75,3.75,0.9375,1.875,0.0,0.0
157,11,0.0,0.0,0.0,0.0,3.75,0.0,0.0,0.0,0.0,3.75,0.0,0.0,0.9375,-3.75,0.0,-3.75,-1.875,0.0,-3.75,-2.8125,0.0,3.75,3.75,0.0,0.0,0.0,0.0,0.0,0.0,0.0,0.0,0.0,0.0,0.0,0.0,-6.5625,0.0,3.75,0.0,0.0,0.9375,0.0,0.0,11.25,-3.75,-3.75,0.0,0.0,0.0,0.0,0.0,0.0,3.75,-3.75,0.0,0.0,-2.8125,0.0,0.0,-3.75,-3.75,0.0,0.0,3.75,1.875,0.9375,0.9375,0.0,0.0
158,9,0.0,0.0,-0.9375,0.0,7.5,0.0,0.0,0.0,-3.75,7.5,0.0,0.0,0.9375,-7.5,0.0,7.5,-3.75,0.0,3.75,-3.75,0.0,0.9375,3.75,0.0,0.0,0.0,-1.875,0.0,0.0,0.0,0.0,-1.875,0.0,0.0,0.0,-7.5,0.0,0.9375,0.0,0.0,0.0,0.0,0.0,15.0,-7.5,-3.75,0.0,0.0,-1.875,0.0,0.0,0.0,4.6875,-7.5,0.0,0.0,-2.8125,0.0,0.0,-6.5625,-7.5,0.0,0.0,3.75,0.0,0.0,0.0,0.0,0.0
158,10,0.0,0.0,0.0,0.0,5.625,0.0,0.0,0.0,-2.8125,7.5,0.0,0.0,0.9375,-6.5625,0.0,3.75,-3.75,0.0,3.75,-3.75,0.0,1.875,3.75,0.0,0.0,0.0,0.0,0.0,0.0,0.0,0.0,0.0,0.0,0.0,0.0,-6.5625,0.0,0.9375,0.0,0.0,0.9375,0.0,0.0,11.25,-3.75,-3.75,0.0,0.0,-0.9375,0.0,0.0,0.0,3.75,-5.625,0.0,0.0,-2.8125,0.0,0.0,-3.75,-1.875,0.0,0.0,3.75,0.0,0.0,0.9375,0.0,0.0
158,11,0.0,0.0,0.0,0.0,4.6875,0.0,0.0,0.0,-1.875,7.5,0.0,0.0,0.0,-6.5625,0.0,3.75,-3.75,0.0,0.0,-3.75,0.0,0.9375,3.75,0.0,0.0,0.0,0.0,0.0,0.0,0.0,0.0,0.0,0.0,0.0,0.0,-7.5,0.0,0.9375,0.0,0.0,0.9375,0.0,0.0,11.25,-3.75,-3.75,0.0,0.0,0.0,0.0,0.0,0.0,3.75,-6.5625,0.0,0.0,-1.875,0.0,0.0,-3.75,-3.75,0.0,0.0,3.75,0.0,0.0,0.0,0.0,0.0
159,9,0.0,0.0,-2.8125,0.0,7.5,0.0,0.0,0.0,-3.75,7.5,-1.875,0.0,0.0,-9.375,0.0,11.25,-3.75,0.0,7.5,-1.875,0.0,0.0,3.75,-3.75,0.0,0.0,0.0,0.0,0.0,-1.875,0.0,0.0,0.0,0.0,0.0,-11.25,0.0,0.0,0.0,0.0,0.0,0.0,0.0,15.0,-10.3125,-3.75,0.0,-3.75,-2.8125,0.0,0.0,0.0,0.9375,-11.25,0.0,0.0,0.0,0.0,0.0,-3.75,-7.5,0.0,0.0,3.75,0.0,0.0,0.0,0.0,0.0
159,10,0.0,0.0,-1.875,0.0,5.625,0.0,0.0,0.0,-3.75,7.5,-0.9375,0.0,0.0,-7.5,0.0,7.5,-3.75,0.0,7.5,-1.875,0.0,0.0,1.875,-3.75,0.0,0.0,0.0,0.0,0.0,0.0,0.0,0.0,0.0,0.0,0.0,-6.5625,0.0,0.0,0.0,0.0,0.0,0.0,0.0,11.25,-7.5,-3.75,0.0,-1.875,-1.875,0.0,0.0,0.0,0.9375,-7.5,0.0,0.0,0.0,0.0,0.0,-2.8125,-3.75,0.0,0.0,1.875,0.0,0.0,0.0,0.0,0.0
159,11,0.0,0.0,-1.875,0.0,4.6875,0.0,0.0,0.0,-3.75,7.5,-1.875,0.0,0.0,-7.5,0.0,7.5,-3.75,0.0,3.75,0.0,0.0,0.0,1.875,-1.875,0.0,0.0,0.0,0.0,0.0,0.0,0.0,0.0,0.0,0.0,0.0,-6.5625,0.0,0.0,0.0,0.0,0.0,0.0,0.0,11.25,-7.5,-3.75,0.0,-2.8125,-1.875,0.0,0.0,0.0,0.9375,-7.5,0.0,0.0,0.0,0.0,0.0,-3.75,-3.75,0.0,0.0,0.9375,0.0,0.0,0.0,0.0,0.0
160,9,0.0,0.0,-3.75,0.0,3.75,0.0,0.0,0.0,-3.75,6.5625,-3.75,0.0,0.0,-9.375,0.0,9.375,-3.75,0.0,7.5,3.75,0.0,0.0,0.9375,-1.875,0.0,0.0,0.0,0.0,0.0,-1.875,0.0,0.0,0.0,0.0,0.0,-9.375,0.0,-1.875,0.0,0.0,0.0,0.0,0.0,13.125,-11.25,0.0,0.0,-3.75,-3.75,0.0,0.0,0.0,0.9375,-12.1875,0.9375,0.0,-3.75,0.0,0.0,0.0,-7.5,0.0,0.0,0.9375,0.0,0.0,0.0,0.0,0.0
160,10,0.0,0.0,-3.75,0.0,3.75,0.0,0.0,0.0,-3.75,4.6875,-3.75,0.0,0.0,-7.5,0.0,7.5,-3.75,0.0,7.5,0.0,0.0,0.0,0.9375,-1.875,0.0,0.0,0.0,0.0,0.0,-1.875,0.0,0.0,0.0,0.0,0.0,-3.75,0.0,0.0,0.0,0.0,0.0,0.0,0.0,7.5,-7.5,-1.875,0.0,-3.75,-3.75,0.0,0.0,0.0,0.9375,-11.25,0.9375,0.0,-3.75,0.0,0.0,0.0,-3.75,0.0,0.0,0.9375,0.0,0.0,0.0,0.0,0.0
160,11,0.0,0.0,-3.75,0.0,3.75,0.0,0.0,0.0,-3.75,4.6875,-3.75,0.0,0.0,-7.5,0.0,8.4375,-3.75,0.0,7.5,0.0,0.0,0.0,0.9375,0.0,0.0,0.0,0.0,0.0,0.0,-1.875,0.0,0.0,0.0,0.0,0.0,-3.75,0.0,0.0,0.0,0.0,0.0,0.0,0.0,7.5,-7.5,0.0,0.0,-3.75,-3.75,0.0,0.0,0.0,0.9375,-10.3125,0.0,0.0,-1.875,0.0,0.0,0.0,-3.75,0.0,0.0,0.0,0.0,0.0,0.0,0.0,0.0
161,9,0.0,0.0,-6.5625,0.0,3.75,0.0,0.0,0.0,-5.625,3.75,-5.625,0.0,0.0,-7.5,0.0,8.4375,-3.75,0.0,7.5,3.75,0.0,0.0,0.0,0.0,-1.875,0.0,0.0,0.0,0.0,-1.875,0.0,0.0,-1.875,0.0,0.0,8.4375,0.0,-1.875,0.0,0.0,0.0,0.0,0.0,11.25,-13.125,3.75,0.0,-5.625,-3.75,0.0,0.0,0.0,3.75,-15.0,3.75,0.0,-3.75,0.0,0.0,-3.75,-7.5,0.0,0.0,0.0,0.0,0.0,0.0,0.0,0.0
161,10,0.0,0.0,-3.75,0.0,1.875,0.0,0.0,0.0,-3.75,3.75,-3.75,0.0,0.0,-5.625,0.0,7.5,-3.75,0.0,7.5,3.75,0.0,0.0,0.0,0.0,-1.875,0.0,0.0,0.0,0.0,-1.875,0.0,0.0,-1.875,0.0,0.0,3.75,0.0,0.0,0.0,0.0,0.0,0.0,0.0,7.5,-9.375,0.9375,0.0,-6.5625,-3.75,0.0,0.0,0.0,3.75,-11.25,0.9375,0.0,-3.75,0.0,0.0,-3.75,-1.875,0.0,0.0,0.0,0.0,0.0,0.0,0.0,0.0
161,11,0.0,0.0,-3.75,0.0,1.875,0.0,0.0,0.0,-3.75,3.75,-3.75,0.0,0.0,-3.75,0.0,7.5,-3.75,0.0,4.6875,3.75,0.0,0.0,0.0,0.0,0.0,0.0,0.0,0.0,0.0,-1.875,0.0,0.0,0.0,0.0,0.0,3.75,0.0,0.0,0.0,0.0,0.0,0.0,0.0,7.5,-11.25,0.0,0.0,-3.75,-3.75,0.0,0.0,0.0,3.75,-11.25,0.0,0.0,-3.75,0.0,0.0,-3.75,-1.875,0.0,0.0,0.0,0.0,0.0,0.0,0.0,0.0
162,9,0.0,0.0,-7.5,0.0,0.0,0.0,0.0,0.0,-6.5625,0.9375,-7.5,0.0,-1.875,-3.75,0.0,7.5,-1.875,0.0,3.75,0.0,0.0,3.75,0.0,3.75,0.0,0.0,0.0,0.0,0.0,-1.875,-1.875,0.0,-3.75,0.0,0.0,11.25,0.0,0.0,0.0,0.0,0.0,0.0,0.0,9.375,-15.0,4.6875,0.0,-7.5,-5.625,0.0,0.0,0.9375,3.75,-15.0,3.75,0.0,-2.8125,0.0,0.0,-3.75,3.75,0.0,0.0,0.0,0.0,0.0,0.0,0.0,0.0
162,10,0.0,0.0,-7.5,0.0,0.0,0.0,0.0,0.0,-3.75,0.9375,-5.625,0.0,-1.875,-3.75,0.0,4.6875,-3.75,0.0,3.75,0.0,0.0,3.75,0.0,3.75,0.0,0.0,0.0,0.0,0.0,-1.875,-1.875,0.0,-3.75,0.0,0.0,7.5,0.0,0.0,0.0,0.0,0.0,0.0,0.0,5.625,-7.5,3.75,0.0,-3.75,-3.75,0.0,0.0,0.0,3.75,-13.125,0.0,0.0,0.0,0.0,0.0,-3.75,0.9375,0.0,0.0,0.0,0.0,0.0,0.0,0.0,0.0
162,11,0.0,0.0,-7.5,0.0,0.0,0.0,0.0,0.0,-3.75,0.9375,-6.5625,0.0,0.0,-1.875,0.0,4.6875,-3.75,0.0,3.75,0.0,0.0,0.9375,0.0,0.9375,0.0,0.0,0.0,0.0,0.0,-1.875,0.0,0.9375,-3.75,0.0,0.0,7.5,0.0,0.0,0.0,0.0,0.0,0.0,0.0,5.625,-7.5,3.75,0.0,-6.5625,-3.75,0.0,0.0,0.0,3.75,-11.25,0.0,0.0,-1.875,0.0,0.0,-1.875,1.875,0.0,0.0,0.0,0.0,0.0,0.0,0.0,0.0
163,9,0.0,0.0,-10.3125,0.0,-1.875,0.0,0.0,0.0,-3.75,0.0,-10.3125,0.0,-1.875,0.0,0.0,3.75,0.0,0.0,3.75,0.0,0.0,3.75,0.0,0.0,0.0,0.0,0.9375,3.75,0.0,-1.875,-1.875,0.9375,-5.625,0.0,0.0,11.25,0.0,0.0,0.0,0.0,0.0,0.0,0.0,4.6875,-9.375,3.75,0.0,-7.5,-7.5,0.0,0.0,0.9375,3.75,-15.9375,3.75,0.0,0.0,0.0,0.0,-3.75,11.25,0.0,0.0,0.0,0.0,0.0,0.0,0.0,0.0
163,10,0.0,0.0,-7.5,0.0,-1.875,0.0,0.0,0.0,-3.75,0.0,-7.5,0.0,0.0,0.0,0.0,3.75,0.0,0.0,3.75,0.0,0.0,2.8125,0.0,0.0,0.0,0.0,0.9375,0.9375,0.0,-1.875,-1.875,0.9375,-3.75,0.0,0.0,7.5,0.0,0.9375,0.0,0.0,0.0,0.0,0.0,3.75,-1.875,3.75,0.0,-3.75,-5.625,0.0,0.0,0.9375,3.75,-11.25,2.8125,0.0,0.0,0.0,0.0,-1.875,4.6875,0.0,0.0,0.0,0.0,0.0,0.0,0.0,0.0
163,11,0.0,0.0,-7.5,0.0,-1.875,0.0,0.0,0.0,-1.875,0.0,-7.5,0.0,0.0,0.0,0.0,3.75,0.0,0.0,3.75,0.0,0.0,3.75,0.0,0.0,0.0,0.0,0.0,0.0,0.0,-1.875,-1.875,0.9375,-3.75,0.0,0.0,7.5,0.0,0.0,0.0,0.0,0.0,0.0,0.0,3.75,-1.875,3.75,0.0,-3.75,-3.75,0.0,0.0,0.0,3.75,-11.25,3.75,0.0,0.0,0.0,0.0,-1.875,4.6875,0.0,0.0,0.0,0.0,0.0,0.0,0.0,0.0
164,9,0.0,0.0,-11.25,0.0,-3.75,0.0,-2.8125,0.0,-1.875,-3.75,-11.25,0.0,0.0,0.9375,0.0,3.75,3.75,0.0,3.75,0.0,0.0,3.75,0.0,0.0,0.0,0.0,3.75,1.875,0.0,0.0,0.0,0.9375,-7.5,0.0,0.0,9.375,0.0,0.0,-1.875,0.0,0.0,0.0,0.0,0.0,13.125,3.75,0.0,0.0,-7.5,0.0,0.0,0.0,3.75,-14.0625,4.6875,-1.875,-2.8125,0.0,0.0,-7.5,11.25,0.0,0.0,0.0,0.0,0.0,0.0,0.0,0.0
164,10,0.0,0.0,-10.3125,0.0,-3.75,0.0,-1.875,0.0,-1.875,-2.8125,-7.5,0.0,0.0,0.0,0.0,3.75,3.75,0.0,3.75,0.0,0.0,3.75,0.0,0.0,0.0,0.0,1.875,0.0,0.0,0.0,0.0,0.9375,-5.625,0.0,0.0,7.5,0.0,0.0,-1.875,0.0,0.0,0.0,0.0,0.0,11.25,0.9375,0.0,0.0,-7.5,0.0,0.0,0.0,3.75,-5.625,3.75,-1.875,0.0,0.0,0.0,0.0,7.5,0.0,0.0,0.0,0.0,0.0,0.0,0.0,0.0
164,11,0.0,0.0,-10.3125,0.0,-3.75,0.0,-1.875,0.0,0.0,-2.8125,-7.5,0.0,0.0,0.0,0.0,3.75,3.75,0.0,3.75,0.0,0.0,3.75,0.0,0.0,0.0,0.0,0.9375,0.0,0.0,0.0,0.0,0.9375,-5.625,0.0,0.0,7.5,0.0,0.0,-0.9375,0.0,0.0,0.0,0.0,0.0,11.25,1.875,0.0,-1.875,-5.625,0.0,0.0,0.0,3.75,-3.75,3.75,-1.875,0.0,0.0,0.0,-1.875,7.5,0.0,0.0,0.0,0.0,0.0,0.0,0.0,0.0
165,9,0.0,0.0,-11.25,0.0,-3.75,0.0,-3.75,0.0,0.0,-3.75,-11.25,0.0,0.0,0.9375,0.0,0.9375,4.6875,0.0,0.9375,-1.875,0.0,3.75,-1.875,0.0,0.0,0.0,0.0,0.0,0.0,0.0,-1.875,0.0,-10.3125,0.0,0.0,7.5,0.0,0.0,-3.75,0.0,0.0,0.9375,0.0,0.0,15.0,0.0,0.0,3.75,-6.5625,0.0,0.0,0.0,3.75,0.0,3.75,-3.75,-2.8125,0.0,0.0,-6.5625,11.25,0.0,0.0,0.0,0.0,0.0,0.0,0.0,0.0
165,10,0.0,0.0,-11.25,0.0,-3.75,0.0,-3.75,0.0,0.0,-3.75,-7.5,0.0,0.0,0.0,0.0,0.9375,4.6875,0.0,0.9375,0.0,0.0,3.75,-1.875,0.0,0.0,0.0,0.0,0.0,0.0,0.0,-1.875,0.0,-7.5,0.0,0.0,5.625,0.0,0.0,-2.8125,0.0,0.0,0.0,0.0,0.0,11.25,0.0,0.0,3.75,-3.75,0.0,0.0,0.0,3.75,1.875,3.75,-3.75,-2.8125,0.0,0.0,-3.75,9.375,0.0,0.0,0.0,0.0,0.0,0.0,0.0,0.0
165,11,0.0,0.0,-11.25,0.0,-3.75,0.0,-3.75,0.0,0.0,-3.75,-11.25,0.0,0.0,0.9375,0.0,0.9375,3.75,0.0,0.9375,0.0,0.0,1.875,-1.875,0.0,0.0,0.0,0.0,0.0,0.0,0.0,0.0,0.0,-7.5,0.0,0.0,5.625,0.0,0.0,-2.8125,0.0,0.0,0.0,0.0,0.0,11.25,0.0,0.0,0.0,-3.75,0.0,0.0,0.0,3.75,0.9375,3.75,-3.75,0.0,0.0,0.0,-3.75,8.4375,0.0,0.0,0.0,0.0,0.0,0.0,0.0,0.0
166,9,0.0,0.0,-14.0625,0.0,-3.75,0.0,-3.75,0.0,0.0,-6.5625,-15.0,0.0,-1.875,0.0,0.0,0.0,4.6875,0.0,0.0,-3.75,0.0,0.9375,-3.75,-1.875,0.0,0.0,0.0,0.0,0.0,0.0,-1.875,0.0,-10.3125,0.0,0.0,3.75,0.0,0.0,-3.75,0.0,0.0,0.0,0.0,0.0,13.125,-1.875,0.0,7.5,-3.75,0.0,0.0,0.0,3.75,5.625,3.75,-6.5625,-3.75,0.0,0.0,-3.75,11.25,0.0,0.0,0.0,0.0,0.0,0.0,0.0,0.0
166,10,0.0,0.0,-7.5,0.0,-3.75,0.0,-3.75,0.0,0.0,-3.75,-7.5,0.0,-1.875,0.0,0.0,0.0,4.6875,0.0,0.0,-3.75,0.0,0.9375,-3.75,-1.875,0.0,0.0,0.0,0.0,0.0,0.0,-1.875,0.0,-7.5,0.0,0.0,3.75,0.0,0.0,-3.75,0.0,0.0,0.0,0.0,0.0,11.25,0.0,0.0,3.75,-3.75,0.0,0.0,0.0,3.75,4.6875,3.75,-3.75,-2.8125,0.0,0.0,-3.75,7.5,0.0,0.0,0.0,0.0,0.0,0.0,0.0,0.0
166,11,0.0,0.0,-9.375,0.0,-3.75,0.0,-3.75,0.0,0.0,-3.75,-7.5,0.0,0.0,0.0,0.0,0.0,3.75,0.0,0.0,-3.75,0.0,0.0,-3.75,-1.875,0.0,0.0,0.0,0.0,0.0,0.0,0.0,0.0,-7.5,0.0,0.0,3.75,0.0,0.0,-3.75,0.0,0.0,0.0,0.0,0.0,11.25,-1.875,0.0,3.75,-1.875,0.0,0.0,0.0,3.75,4.6875,0.9375,-3.75,0.0,0.0,0.0,-3.75,7.5,0.0,0.0,0.0,0.0,0.0,0.0,0.0,0.0
167,9,0.0,0.0,-11.25,0.0,-1.875,0.0,-7.5,0.0,0.0,-7.5,-11.25,0.0,0.0,0.0,0.0,0.0,3.75,0.0,0.0,-7.5,0.0,0.0,-4.6875,-3.75,0.0,0.0,-3.75,0.0,0.0,0.9375,0.0,0.0,-7.5,0.0,0.0,3.75,0.0,0.0,-6.5625,0.0,0.0,-1.875,0.0,0.0,11.25,-3.75,0.0,7.5,-1.875,0.0,0.0,0.0,3.75,9.375,0.9375,-7.5,-2.8125,0.0,0.0,-6.5625,7.5,0.0,0.0,0.0,0.0,0.0,0.0,0.0,0.0
167,10,0.0,0.0,-3.75,0.0,-1.875,0.0,-5.625,0.0,-1.875,-6.5625,3.75,0.0,0.0,0.0,0.0,0.0,3.75,0.0,0.0,-6.5625,0.0,0.0,-3.75,-3.75,0.0,0.0,-2.8125,0.0,0.0,0.0,0.0,0.0,-6.5625,0.0,0.0,1.875,0.0,0.0,-5.625,0.0,0.0,-1.875,0.0,0.0,11.25,-3.75,0.0,5.625,-1.875,0.0,0.0,0.0,3.75,7.5,0.0,-7.5,-2.8125,0.0,0.0,-3.75,7.5,0.0,0.0,0.0,0.0,0.0,0.0,0.0,0.0
167,11,0.0,0.0,-3.75,0.0,0.0,0.0,-5.625,0.0,0.0,-3.75,3.75,0.0,0.0,0.0,0.0,0.0,3.75,0.0,0.0,-6.5625,0.0,0.0,-3.75,-3.75,0.0,0.0,-2.8125,0.0,0.0,0.0,0.0,0.0,-7.5,0.0,0.0,1.875,0.0,0.0,-3.75,0.0,0.0,0.0,0.0,0.0,11.25,-3.75,0.0,4.6875,-2.8125,0.0,0.0,0.0,1.875,7.5,0.0,-7.5,-1.875,0.0,0.0,-3.75,7.5,0.0,0.0,0.0,0.0,0.0,0.0,0.0,0.0
168,9,0.0,0.0,11.25,0.0,3.75,0.0,-9.375,0.0,-2.8125,-6.5625,15.0,0.0,0.0,0.9375,0.0,0.0,3.75,0.0,0.0,-7.5,0.0,0.0,-7.5,-3.75,0.0,0.0,-6.5625,-3.75,0.0,1.875,0.0,0.0,0.0,0.0,0.0,3.75,0.0,-1.875,-7.5,0.0,0.0,-3.75,0.0,0.0,9.375,-6.5625,0.0,7.5,0.0,0.0,0.0,0.0,0.9375,9.375,-1.875,-11.25,-3.75,0.0,0.0,-7.5,7.5,0.0,0.0,0.0,0.0,0.0,0.0,0.0,0.0
168,10,0.0,0.0,3.75,0.0,0.9375,0.0,-7.5,0.0,-3.75,-3.75,7.5,0.0,0.0,0.0,0.0,0.0,3.75,0.0,0.0,-7.5,0.0,0.0,-5.625,-3.75,0.9375,0.0,-3.75,-2.8125,0.0,0.9375,0.0,0.0,0.0,0.0,0.0,1.875,0.0,-1.875,-5.625,0.0,0.0,-1.875,0.0,0.0,7.5,-3.75,0.0,4.6875,0.0,0.0,0.0,0.0,0.9375,9.375,-1.875,-10.3125,-3.75,-1.875,0.0,-3.75,3.75,0.0,0.0,0.0,0.0,0.0,0.0,0.0,0.0
168,11,0.0,0.0,3.75,0.0,0.9375,0.0,-7.5,0.0,-3.75,-3.75,7.5,0.0,0.0,0.0,0.0,0.0,3.75,0.0,0.0,-7.5,0.0,0.0,-4.6875,-3.75,0.0,0.0,-3.75,-1.875,0.0,0.0,0.0,0.0,-1.875,0.0,0.0,0.9375,0.0,-1.875,-6.5625,0.0,0.0,-2.8125,0.0,0.0,7.5,-3.75,0.0,3.75,0.0,0.0,0.0,0.0,0.0,7.5,-1.875,-7.5,-3.75,0.0,0.0,-3.75,3.75,0.0,0.0,0.0,0.0,0.0,0.0,0.0,0.0
169,9,0.0,0.0,13.125,0.0,3.75,0.0,-10.3125,0.0,-3.75,-3.75,15.0,0.0,0.0,0.9375,0.0,0.0,0.9375,0.0,0.0,-11.25,0.0,0.0,-7.5,-6.5625,0.0,0.0,-7.5,-3.75,0.0,0.0,0.0,0.0,7.5,0.0,0.0,-1.875,-3.75,-1.875,-7.5,0.0,0.0,-7.5,0.0,0.0,7.5,-7.5,0.0,3.75,0.0,0.0,0.0,0.0,0.9375,11.25,-3.75,-14.0625,-3.75,-3.75,0.0,-7.5,3.75,0.0,0.0,0.0,0.0,0.0,0.0,0.0,0.0
169,10,0.0,0.0,7.5,0.0,3.75,0.0,-8.4375,0.0,-3.75,-3.75,11.25,0.0,0.0,0.0,0.0,0.0,0.9375,0.0,0.0,-9.375,0.0,0.0,-7.5,-3.75,0.0,0.0,-5.625,-2.8125,0.0,0.0,0.0,0.0,7.5,0.0,0.0,-1.875,0.0,-1.875,-7.5,0.0,0.0,-3.75,0.0,0.0,7.5,-7.5,0.0,3.75,-2.8125,0.0,0.0,0.0,0.0,9.375,-2.8125,-11.25,-3.75,-3.75,0.0,-4.6875,3.75,0.0,0.0,0.0,0.0,0.0,0.0,0.0,0.0
169,11,0.0,0.0,9.375,0.0,3.75,0.0,-10.3125,0.0,-3.75,-3.75,11.25,0.0,0.0,0.0,0.0,0.0,0.9375,0.0,0.0,-10.3125,0.0,0.0,-7.5,-3.75,0.0,0.0,-5.625,-3.75,0.0,0.0,0.0,0.0,3.75,0.0,0.0,0.0,-1.875,-1.875,-7.5,0.0,0.0,-6.5625,0.0,0.0,7.5,-7.5,0.0,3.75,-1.875,0.0,0.0,0.0,0.0,7.5,-3.75,-10.3125,-3.75,-3.75,0.0,-3.75,3.75,0.0,0.0,0.0,0.0,0.0,0.0,0.0,0.0
170,9,0.0,0.0,11.25,0.0,4.6875,0.0,-14.0625,0.0,-7.5,-1.875,13.125,0.0,0.0,0.9375,0.0,0.0,0.0,0.0,0.0,-11.25,0.0,-1.875,-9.375,-6.5625,0.0,0.0,-9.375,-3.75,0.0,0.0,-1.875,0.0,8.4375,0.0,0.0,-1.875,-3.75,0.0,-7.5,0.0,0.0,-9.375,0.0,0.0,4.6875,-7.5,0.0,3.75,-3.75,0.0,0.0,0.0,0.0,8.4375,-6.5625,-15.0,-6.5625,-3.75,0.0,-6.5625,0.9375,0.0,0.0,0.0,0.0,0.0,0.0,0.0,0.0
170,10,0.0,0.0,9.375,0.0,3.75,0.0,-11.25,0.0,-7.5,0.0,11.25,0.0,0.0,0.9375,0.0,0.0,0.0,0.0,0.0,-10.3125,0.0,0.0,-7.5,-3.75,0.0,0.0,-7.5,-3.75,0.0,0.0,0.0,0.0,7.5,0.0,0.0,-1.875,-2.8125,-1.875,-3.75,0.0,0.0,-7.5,0.0,0.0,3.75,-7.5,0.0,3.75,-3.75,0.0,0.0,0.0,0.0,7.5,-5.625,-11.25,-6.5625,-3.75,0.0,-3.75,0.9375,0.0,0.0,0.0,0.0,0.0,0.0,0.0,0.0
170,11,0.0,0.0,9.375,0.0,3.75,0.0,-11.25,0.0,-7.5,0.0,11.25,0.0,-1.875,0.0,0.0,0.0,0.0,0.0,0.0,-10.3125,0.0,0.0,-7.5,-3.75,0.0,0.0,-7.5,-3.75,0.0,0.0,0.0,0.0,4.6875,0.0,0.0,-1.875,-1.875,0.0,-3.75,0.0,0.0,-7.5,0.0,0.0,3.75,-7.5,0.0,3.75,-3.75,0.0,0.0,0.0,0.0,7.5,-6.5625,-11.25,-6.5625,-3.75,0.0,-3.75,0.9375,0.0,0.0,0.0,0.0,0.0,0.0,0.0,0.0
171,9,0.0,0.0,11.25,0.0,3.75,0.0,-15.0,0.0,-10.3125,0.0,12.1875,0.0,-1.875,1.875,0.0,-1.875,-1.875,0.0,0.0,-13.125,0.0,0.0,-10.3125,-3.75,0.0,0.0,-7.5,-3.75,0.0,-1.875,0.0,0.0,7.5,0.0,0.0,0.0,0.0,0.0,0.0,0.0,0.0,-11.25,0.0,0.0,3.75,-5.625,0.0,3.75,-3.75,0.0,0.0,0.0,0.0,8.4375,-9.375,-16.875,-7.5,-7.5,0.0,-6.5625,0.0,0.0,0.0,0.0,0.0,0.0,0.0,0.0,0.0
171,10,0.0,0.0,8.4375,0.0,3.75,0.0,-13.125,0.0,-9.375,0.0,9.375,0.0,-1.875,0.0,0.0,-1.875,-1.875,0.0,0.0,-7.5,0.0,0.0,-5.625,-3.75,0.0,0.0,-6.5625,-3.75,0.0,-1.875,0.0,0.0,7.5,0.0,0.0,0.0,0.0,0.0,0.0,0.0,0.0,-10.3125,0.0,0.0,3.75,-3.75,0.0,3.75,-3.75,0.0,0.0,0.0,0.0,7.5,-7.5,-11.25,-7.5,-6.5625,0.0,-3.75,0.0,0.0,0.0,0.0,0.0,0.0,0.0,0.0,0.0
171,11,0.0,0.0,8.4375,0.0,3.75,0.0,-14.0625,0.0,-10.3125,0.0,11.25,0.0,0.0,0.0,0.0,-1.875,-1.875,0.0,0.0,-7.5,0.0,0.0,-6.5625,0.0,0.0,0.0,-5.625,-3.75,0.0,0.0,0.0,0.0,7.5,0.0,0.0,0.0,0.0,0.0,0.0,0.0,0.0,-10.3125,0.0,0.0,3.75,-3.75,0.0,2.8125,-3.75,0.0,0.0,0.0,0.0,7.5,-7.5,-11.25,-7.5,-6.5625,0.0,-3.75,0.0,0.0,0.0,0.0,0.0,0.0,0.0,0.0,0.0
172,9,0.0,0.0,7.5,0.0,3.75,0.0,-17.8125,0.0,-11.25,0.0,9.375,0.0,0.0,0.0,0.0,0.0,-3.75,0.0,1.875,-9.375,0.0,0.0,-7.5,0.0,0.0,0.0,-7.5,-3.75,0.0,-1.875,0.0,0.0,7.5,0.0,0.0,0.0,0.0,0.0,5.625,0.0,0.0,-15.0,0.0,0.0,0.9375,-1.875,0.0,0.0,-6.5625,0.0,0.0,0.0,0.0,7.5,-11.25,-16.875,-10.3125,-7.5,0.0,-7.5,-1.875,0.0,0.0,0.0,0.0,0.0,0.0,0.0,0.0
172,10,0.0,0.0,5.625,0.0,3.75,0.0,-14.0625,0.0,-11.25,0.0,7.5,0.0,0.0,0.0,0.0,0.0,-3.75,0.0,0.9375,-3.75,0.0,0.0,-3.75,0.0,0.0,0.0,-3.75,-3.75,0.0,-1.875,0.0,0.0,7.5,0.0,0.0,0.0,1.875,0.0,4.6875,0.0,0.0,-11.25,0.0,0.0,0.0,0.0,0.0,0.0,-6.5625,0.0,0.0,0.0,0.0,5.625,-10.3125,-9.375,-10.3125,-7.5,0.0,-6.5625,-1.875,0.0,0.0,0.0,0.0,0.0,0.0,0.0,0.0
172,11,0.0,0.0,6.5625,0.0,3.75,0.0,-15.0,0.0,-11.25,0.0,7.5,0.0,0.0,0.0,0.0,-1.875,-3.75,0.0,0.0,-3.75,0.0,0.0,-3.75,0.0,0.0,0.0,-3.75,-3.75,0.0,-1.875,0.0,0.0,5.625,0.0,0.0,0.0,0.0,0.0,3.75,0.0,0.0,-11.25,0.0,0.0,0.0,0.0,0.0,0.0,-6.5625,0.0,0.0,0.0,0.0,4.6875,-10.3125,-9.375,-10.3125,-7.5,0.0,-4.6875,-1.875,0.0,0.0,0.0,0.0,0.0,0.0,0.0,0.0
173,9,0.0,0.0,4.6875,0.0,3.75,0.0,-18.75,0.0,-15.0,0.0,7.5,0.0,3.75,0.0,0.0,0.0,-3.75,0.0,0.9375,12.1875,0.0,0.0,0.0,3.75,0.0,0.0,-3.75,-3.75,0.0,-3.75,1.875,0.0,4.6875,0.0,0.0,-3.75,0.0,0.0,7.5,0.0,0.0,-15.0,0.0,-1.875,0.0,3.75,0.0,0.0,-7.5,0.0,0.0,0.0,0.0,0.9375,-15.0,15.9375,-11.25,-7.5,0.0,-7.5,-3.75,0.0,0.0,0.0,0.0,0.0,0.0,0.0,0.0
173,10,0.0,0.0,3.75,0.0,1.875,0.0,-15.0,0.0,-14.0625,0.0,7.5,0.0,0.9375,0.0,0.0,0.0,-3.75,0.0,0.0,3.75,0.0,0.0,0.0,3.75,0.0,0.0,0.0,-3.75,0.0,-0.9375,0.9375,0.0,3.75,0.0,0.0,-1.875,0.0,0.0,7.5,0.0,0.0,-11.25,0.0,-1.875,0.0,3.75,0.0,0.0,-7.5,0.0,0.0,0.0,0.0,3.75,-11.25,5.625,-11.25,-7.5,0.0,-7.5,-3.75,0.0,0.0,0.0,0.0,0.0,0.0,0.0,0.0
173,11,0.0,0.0,3.75,0.0,0.9375,0.0,-15.0,0.0,-13.125,0.0,7.5,0.0,0.0,0.0,0.0,0.0,-3.75,0.0,0.9375,3.75,0.0,0.0,1.875,3.75,0.0,0.0,0.0,-3.75,0.0,-1.875,0.0,0.0,3.75,0.0,0.0,-1.875,0.0,0.0,4.6875,0.0,0.0,-14.0625,0.0,0.0,0.0,3.75,0.0,0.0,-7.5,0.0,0.0,0.0,0.0,1.875,-13.125,7.5,-11.25,-7.5,0.0,-7.5,-3.75,0.0,0.0,0.0,0.0,0.0,0.0,0.0,0.0
174,9,0.0,0.0,0.9375,0.0,0.0,0.0,-18.75,0.0,-15.0,0.0,7.5,0.0,1.875,0.0,0.0,-3.75,-3.75,0.0,0.9375,12.1875,0.0,0.0,3.75,3.75,0.0,0.0,0.0,-1.875,0.0,-1.875,3.75,0.0,3.75,0.0,0.0,-1.875,3.75,0.0,7.5,0.0,-1.875,-15.0,0.0,0.0,0.0,7.5,0.0,0.0,-7.5,0.0,0.0,0.0,0.0,0.0,-16.875,16.875,-15.0,-7.5,0.0,-9.375,-5.625,0.0,0.0,0.0,0.0,0.0,0.0,0.0,0.0
174,10,0.0,0.0,0.0,0.0,0.0,0.0,-9.375,0.0,-11.25,0.0,4.6875,0.0,0.9375,0.0,0.0,-1.875,-3.75,0.0,0.0,7.5,0.0,0.0,3.75,3.75,0.0,0.0,0.0,-1.875,0.0,0.0,1.875,0.0,3.75,0.0,0.0,-1.875,3.75,0.0,7.5,0.0,-1.875,-11.25,0.0,0.0,0.0,4.6875,0.0,0.0,-7.5,0.0,0.0,0.0,0.0,0.0,-14.0625,11.25,-14.0625,-7.5,0.0,-7.5,-5.625,0.0,0.0,0.0,0.0,0.0,0.0,0.0,0.0
174,11,0.0,0.0,0.0,0.0,0.0,0.0,-9.375,0.0,-13.125,0.0,4.6875,0.0,0.0,0.0,0.0,-1.875,-3.75,0.0,0.0,7.5,0.0,0.0,3.75,3.75,0.0,0.0,0.0,-1.875,0.0,0.0,0.9375,0.0,3.75,0.0,0.0,0.0,3.75,0.0,5.625,0.0,-1.875,-11.25,0.0,0.0,0.0,3.75,0.0,0.0,-7.5,0.0,0.0,0.0,0.0,0.0,-15.0,11.25,-15.0,-7.5,0.0,-7.5,-3.75,0.0,0.0,0.0,0.0,0.0,0.0,0.0,0.0
175,9,0.0,0.0,-1.875,0.0,0.0,0.0,15.0,0.0,0.0,0.0,1.875,0.0,3.75,3.75,0.0,0.0,-3.75,0.0,0.0,11.25,0.0,0.0,3.75,3.75,0.0,0.0,0.0,0.0,0.0,0.0,3.75,0.9375,1.875,0.0,0.0,0.0,3.75,0.0,7.5,0.0,-3.75,7.5,0.0,0.0,0.0,7.5,0.0,0.0,0.0,0.0,0.0,0.0,0.0,0.0,-18.75,15.0,-15.0,-7.5,0.0,-11.25,-7.5,0.0,0.0,0.0,0.0,0.0,0.0,0.0,0.0
175,10,0.0,0.0,0.0,0.0,0.0,0.0,11.25,0.0,-3.75,0.0,0.9375,0.0,0.9375,1.875,0.0,0.0,-3.75,0.0,0.0,8.4375,0.0,0.0,3.75,3.75,0.0,0.0,0.0,0.0,0.0,0.0,0.9375,0.0,1.875,0.0,0.0,0.0,3.75,0.0,5.625,0.0,-1.875,3.75,0.0,0.0,0.0,3.75,0.0,0.0,0.0,0.0,0.0,0.0,0.0,0.0,-15.0,11.25,-15.0,-3.75,0.0,-11.25,-6.5625,0.0,0.0,0.0,0.0,0.0,0.0,0.0,0.0
175,11,0.0,0.0,-1.875,0.0,0.0,0.0,11.25,0.0,-5.625,0.0,0.9375,0.0,0.0,0.0,0.0,0.0,-3.75,0.0,0.0,8.4375,0.0,0.0,3.75,3.75,0.0,0.0,0.9375,0.0,0.0,0.0,1.875,0.0,1.875,0.0,0.0,0.0,3.75,0.0,4.6875,0.0,-1.875,3.75,0.0,0.0,0.0,4.6875,0.0,0.0,0.0,0.0,0.0,0.0,0.0,0.0,-16.875,11.25,-15.0,-3.75,0.0,-11.25,-6.5625,0.0,0.0,0.0,0.0,0.0,0.0,0.0,0.0
176,9,0.0,0.0,-3.75,0.0,-0.9375,0.0,15.0,0.0,15.0,0.9375,0.0,0.0,3.75,3.75,0.0,3.75,-1.875,0.0,0.0,11.25,0.0,-0.9375,3.75,3.75,0.0,0.0,0.9375,3.75,0.0,0.0,0.9375,0.9375,0.9375,0.0,0.0,0.0,4.6875,0.0,4.6875,0.0,-3.75,15.0,0.0,0.0,-1.875,4.6875,0.0,0.0,7.5,0.0,0.0,0.9375,0.0,0.0,-20.625,13.125,-17.8125,7.5,0.0,-13.125,-7.5,0.0,0.0,0.0,0.0,0.0,0.0,0.0,0.0
176,10,0.0,0.0,-3.75,0.0,0.0,0.0,11.25,0.0,7.5,0.9375,0.0,0.0,0.9375,3.75,0.0,3.75,-1.875,0.0,0.0,7.5,0.0,0.0,3.75,3.75,0.0,0.0,0.9375,1.875,0.0,0.0,0.9375,0.9375,0.9375,0.0,0.0,0.0,4.6875,0.0,3.75,0.0,-2.8125,9.375,0.0,0.0,0.0,3.75,0.0,0.0,5.625,0.0,0.0,0.9375,0.0,0.0,-17.8125,11.25,-18.75,3.75,0.0,-11.25,-7.5,0.0,0.0,0.0,0.0,0.0,0.0,0.0,0.0
176,11,0.0,0.0,-3.75,0.0,0.0,0.0,13.125,0.0,3.75,0.0,0.0,0.0,0.9375,3.75,0.0,3.75,0.0,0.0,0.0,8.4375,0.0,0.0,3.75,3.75,0.0,0.0,0.9375,0.9375,0.0,0.0,0.0,0.0,0.9375,0.0,0.0,0.9375,3.75,0.0,3.75,0.0,-1.875,11.25,0.0,0.0,0.0,3.75,0.0,0.0,3.75,0.0,0.0,0.0,0.0,0.0,-18.75,11.25,-18.75,0.9375,0.0,-12.1875,-7.5,0.0,0.0,0.0,0.0,0.0,0.0,0.0,0.0
177,9,0.0,0.0,-6.5625,0.0,-3.75,0.0,13.125,0.0,15.0,3.75,0.0,0.0,3.75,7.5,0.0,3.75,0.9375,0.0,-1.875,7.5,0.0,0.0,0.0,3.75,0.0,0.0,0.0,4.6875,0.0,0.0,0.9375,0.0,0.0,0.0,0.0,1.875,3.75,0.0,3.75,0.0,-3.75,13.125,0.0,0.0,-3.75,3.75,0.0,0.0,7.5,0.0,0.0,0.9375,0.0,0.0,-22.5,11.25,-18.75,11.25,0.0,-15.0,-10.3125,0.0,0.0,0.0,0.0,0.0,0.0,0.0,0.0
177,10,0.0,0.0,-3.75,0.0,-2.8125,0.0,11.25,0.0,15.0,3.75,0.0,0.0,1.875,4.6875,0.0,3.75,0.9375,0.0,-1.875,4.6875,0.0,0.0,0.9375,3.75,0.0,0.0,0.0,3.75,0.0,0.0,0.0,0.0,0.0,0.0,0.0,2.8125,3.75,0.0,3.75,0.0,-1.875,11.25,0.0,0.0,-3.75,3.75,0.0,0.0,7.5,0.0,0.0,0.9375,0.0,0.0,-17.8125,8.4375,-21.5625,7.5,0.0,-15.0,-10.3125,0.0,0.0,0.0,0.0,0.0,0.0,0.0,0.0
177,11,0.0,0.0,-3.75,0.0,-1.875,0.0,11.25,0.0,15.0,3.75,0.0,0.0,0.9375,3.75,0.0,0.9375,0.9375,0.0,0.0,4.6875,0.0,0.0,0.9375,3.75,0.0,0.0,0.0,3.75,0.0,0.0,0.0,0.0,0.0,0.0,0.0,3.75,3.75,0.0,3.75,0.0,-2.8125,11.25,0.0,0.0,-1.875,3.75,0.0,0.0,7.5,0.0,0.0,0.0,0.0,0.0,-18.75,8.4375,-18.75,7.5,0.0,-15.0,-9.375,0.0,0.0,0.0,0.0,0.0,0.0,0.0,0.0
178,9,0.0,0.0,-7.5,0.0,-3.75,0.0,11.25,0.0,15.0,3.75,-1.875,0.0,3.75,7.5,0.0,0.0,3.75,0.0,-3.75,3.75,0.0,-3.75,0.0,3.75,0.0,0.0,0.0,5.625,0.0,0.0,0.9375,0.0,0.0,0.0,0.0,3.75,0.9375,0.0,0.9375,0.0,-1.875,12.1875,0.0,0.0,-3.75,1.875,0.0,0.0,7.5,0.0,0.0,0.0,0.0,0.0,-22.5,7.5,-22.5,11.25,0.0,-16.875,-11.25,0.0,0.0,0.0,0.0,0.0,0.0,0.0,0.0
178,10,0.0,0.0,-3.75,0.0,-2.8125,0.0,9.375,0.0,15.0,3.75,0.0,0.0,0.9375,3.75,0.0,0.0,3.75,0.0,-2.8125,3.75,0.0,-3.75,0.0,1.875,0.0,0.0,0.0,3.75,0.0,0.0,0.0,0.0,0.0,0.0,0.0,3.75,1.875,0.0,0.9375,0.0,-1.875,8.4375,0.0,0.0,-3.75,0.9375,0.0,0.0,7.5,0.0,0.0,0.0,0.0,0.0,-18.75,7.5,-22.5,9.375,0.0,-15.0,-11.25,0.0,0.0,0.0,0.0,0.0,0.0,0.0,0.0
178,11,0.0,0.0,-3.75,0.0,-2.8125,0.0,11.25,0.0,13.125,3.75,0.0,0.0,0.9375,3.75,0.0,0.0,3.75,0.0,-3.75,3.75,0.0,-1.875,0.0,0.9375,0.0,0.0,0.0,3.75,0.0,0.0,0.0,0.0,0.0,0.0,0.0,3.75,1.875,0.0,0.0,0.0,0.0,11.25,0.0,0.0,-1.875,0.9375,0.0,0.0,7.5,0.0,0.0,0.0,0.0,0.0,-18.75,7.5,-22.5,7.5,0.0,-15.0,-11.25,0.0,0.0,0.0,0.0,0.0,0.0,0.0,0.0
179,9,0.0,0.0,-7.5,0.0,-3.75,0.0,9.375,0.0,15.0,3.75,-3.75,0.0,1.875,7.5,0.0,0.9375,3.75,0.0,-3.75,0.9375,0.0,-3.75,-3.75,0.0,-1.875,0.0,1.875,3.75,0.0,0.0,0.0,0.0,0.0,0.0,0.0,0.9375,0.0,0.0,0.0,0.0,0.0,11.25,0.0,0.0,-1.875,0.0,0.0,0.0,7.5,0.0,0.0,0.0,0.0,0.0,18.75,5.625,18.75,11.25,0.0,-15.0,-11.25,0.0,0.0,0.0,0.0,0.0,0.0,0.0,0.0
179,10,0.0,0.0,-5.625,0.0,-2.8125,0.0,7.5,0.0,15.0,3.75,-1.875,0.0,0.9375,3.75,0.0,0.9375,3.75,0.0,-3.75,0.9375,0.0,-3.75,-2.8125,0.0,-1.875,0.0,0.0,3.75,0.0,0.0,0.0,0.0,0.0,0.0,0.0,0.9375,0.0,0.0,0.0,0.0,0.0,8.4375,0.0,0.0,-1.875,0.0,0.0,0.0,6.5625,0.0,0.0,0.0,0.0,0.0,11.25,4.6875,15.0,8.4375,0.0,-15.0,-11.25,0.0,0.0,0.0,0.0,0.0,0.0,0.0,0.0
179,11,0.0,0.0,-3.75,0.0,-3.75,0.0,7.5,0.0,15.0,3.75,-1.875,0.0,0.9375,3.75,0.0,0.9375,3.75,0.0,-3.75,0.9375,0.0,-3.75,-1.875,0.0,0.0,0.0,0.0,3.75,0.0,0.0,0.0,0.0,0.0,0.0,0.0,0.9375,0.0,0.0,0.0,0.0,0.0,8.4375,0.0,0.0,0.0,0.0,0.0,0.0,5.625,0.0,0.0,0.0,0.0,0.0,15.0,4.6875,18.75,7.5,0.0,-11.25,-11.25,0.0,0.0,0.0,0.0,0.0,0.0,0.0,0.0
180,9,0.0,0.0,-3.75,0.0,-3.75,0.0,7.5,0.0,13.125,3.75,0.0,0.0,0.9375,5.625,0.0,3.75,0.9375,0.0,-3.75,0.0,0.0,-3.75,-3.75,0.0,0.0,0.0,0.0,0.0,0.0,0.0,0.0,0.0,0.0,0.0,0.0,0.9375,0.0,-1.875,-3.75,0.0,0.0,8.4375,0.0,0.0,-3.75,0.0,0.0,0.0,4.6875,0.0,0.0,0.9375,0.0,0.0,18.75,3.75,18.75,7.5,0.0,-16.875,-11.25,0.0,0.0,0.0,0.0,0.0,0.0,0.0,0.0
180,10,0.0,0.0,-3.75,0.0,-3.75,0.0,7.5,0.0,11.25,3.75,0.0,0.0,0.0,3.75,0.0,1.875,0.0,0.0,-3.75,0.0,0.0,-1.875,-3.75,0.0,0.0,0.0,0.0,0.0,0.0,0.0,0.0,0.0,0.0,0.0,0.0,0.9375,0.0,0.0,-2.8125,0.0,0.0,7.5,0.0,0.0,0.0,0.0,0.0,0.0,4.6875,0.0,0.0,0.9375,0.0,0.0,15.0,3.75,18.75,7.5,0.0,-14.0625,-11.25,0.0,0.0,0.0,0.0,0.0,0.0,0.0,0.0
180,11,0.0,0.0,-1.875,0.0,-2.8125,0.0,7.5,0.0,11.25,3.75,0.0,0.0,0.0,3.75,0.0,0.9375,0.9375,0.0,-3.75,0.0,0.0,-3.75,-3.75,0.0,0.0,0.0,0.0,0.0,0.0,0.0,0.0,0.0,0.0,0.0,0.0,0.0,0.0,0.0,-1.875,0.0,0.0,7.5,0.0,0.0,0.0,0.0,0.0,0.0,3.75,0.0,0.0,0.0,0.0,0.0,15.0,3.75,18.75,7.5,0.0,-11.25,-11.25,0.0,0.0,0.0,0.0,0.0,0.0,0.0,0.0
181,9,0.0,0.0,0.0,0.0,-3.75,0.0,4.6875,0.0,11.25,3.75,0.0,0.0,0.0,5.625,0.0,-3.75,0.0,0.0,-3.75,0.0,0.0,-3.75,-3.75,0.0,0.0,0.0,0.0,0.0,0.0,0.0,0.0,0.0,0.0,0.0,0.0,1.875,-3.75,-3.75,-3.75,0.0,0.0,4.6875,0.0,0.0,-2.8125,0.0,0.0,0.0,3.75,0.0,0.0,0.0,0.0,0.0,16.875,0.9375,16.875,7.5,0.0,18.75,-11.25,0.0,0.0,0.0,0.0,0.0,0.0,0.0,0.0
181,10,0.0,0.0,0.0,0.0,-2.8125,0.0,3.75,0.0,11.25,3.75,0.0,0.0,0.0,4.6875,0.0,0.0,0.0,0.0,-1.875,0.0,0.0,0.0,-3.75,0.0,0.0,0.0,0.0,0.0,0.0,0.0,0.0,0.0,0.0,0.0,0.0,0.9375,-3.75,-3.75,-3.75,0.0,0.0,3.75,0.0,0.0,-1.875,0.0,0.0,0.0,3.75,0.0,0.0,0.0,0.0,0.0,15.0,0.9375,15.0,7.5,0.0,16.875,-11.25,0.0,0.0,0.0,0.0,0.0,0.0,0.0,0.0
181,11,0.0,0.0,0.0,0.0,-1.875,0.0,3.75,0.0,11.25,3.75,0.0,0.0,0.0,3.75,0.0,0.0,0.0,0.0,-3.75,0.0,0.0,-1.875,-3.75,0.0,0.0,0.0,0.0,0.0,0.0,0.0,0.0,0.0,0.0,0.0,0.0,0.0,-3.75,-3.75,-3.75,0.0,0.0,3.75,0.0,0.0,0.0,0.0,0.0,0.0,3.75,0.0,0.0,0.0,0.0,0.0,15.0,0.9375,16.875,6.5625,0.0,15.0,-11.25,0.0,0.0,0.0,0.0,0.0,0.0,0.0,0.0
182,9,0.0,0.0,3.75,0.0,0.0,0.0,3.75,0.0,11.25,3.75,-3.75,0.0,0.0,3.75,0.0,-3.75,-1.875,0.0,-3.75,0.9375,0.0,-3.75,-3.75,-3.75,3.75,0.0,0.9375,0.0,0.0,0.0,-1.875,-1.875,0.0,0.0,0.0,1.875,-6.5625,-3.75,-3.75,0.0,-3.75,3.75,0.0,0.0,0.0,0.0,0.0,0.0,3.75,0.0,0.0,0.0,0.0,0.0,15.0,0.0,15.0,4.6875,0.0,15.9375,-11.25,0.0,0.0,0.0,0.0,0.0,0.0,0.0,0.0
182,10,0.0,0.0,1.875,0.0,0.0,0.0,1.875,0.0,8.4375,3.75,-1.875,0.0,0.0,1.875,0.0,-3.75,-1.875,0.0,-2.8125,0.9375,0.0,-3.75,-3.75,-2.8125,3.75,0.0,0.0,0.0,0.0,0.0,-1.875,-1.875,0.0,0.0,0.0,0.9375,-5.625,-3.75,-3.75,0.0,-2.8125,3.75,0.0,0.0,0.0,0.0,0.0,0.0,3.75,0.0,0.0,0.0,0.0,0.0,14.0625,0.0,15.0,4.6875,0.0,15.0,-7.5,0.0,0.0,0.0,0.0,0.0,0.0,0.0,0.0
182,11,0.0,0.0,3.75,0.0,0.0,0.0,1.875,0.0,8.4375,3.75,-1.875,0.0,0.0,1.875,0.0,-2.8125,0.0,0.0,-1.875,0.0,0.0,-1.875,-3.75,-3.75,3.75,0.0,0.0,0.0,0.0,0.0,-1.875,0.0,0.0,0.0,0.0,0.0,-5.625,-3.75,-3.75,0.0,-1.875,3.75,0.0,0.0,0.0,0.0,0.0,0.0,3.75,0.0,0.0,0.0,0.0,0.0,15.0,0.0,15.0,3.75,0.0,18.75,-7.5,0.0,0.0,0.0,0.0,0.0,0.0,0.0,0.0
183,9,0.0,0.0,3.75,0.0,0.0,0.0,0.0,0.0,7.5,3.75,-3.75,0.0,-2.8125,0.9375,0.0,-1.875,-3.75,0.0,0.0,0.0,0.0,-1.875,-3.75,-3.75,0.0,0.0,0.9375,-1.875,0.0,0.0,-1.875,-1.875,-1.875,0.0,0.0,0.9375,-7.5,-5.625,-5.625,0.0,-3.75,1.875,0.0,-1.875,0.0,0.0,0.0,0.0,3.75,0.0,0.0,0.0,0.0,0.0,15.0,0.0,15.0,3.75,0.0,15.0,15.0,0.0,0.0,0.0,0.0,0.0,0.0,0.0,0.0
183,10,0.0,0.0,3.75,0.0,0.0,0.0,0.0,0.0,7.5,3.75,-3.75,0.0,-1.875,0.0,0.0,-1.875,-2.8125,0.0,0.0,0.0,0.0,-1.875,-1.875,-1.875,0.0,0.0,0.0,-1.875,0.0,0.0,-1.875,-1.875,-1.875,0.0,0.0,0.0,-7.5,-3.75,-3.75,0.0,0.0,0.9375,0.0,-1.875,0.0,0.0,0.0,0.0,1.875,0.0,0.0,0.0,0.0,0.0,12.1875,0.0,15.0,3.75,0.0,15.0,15.0,0.0,0.0,0.0,0.0,0.0,0.0,0.0,0.0
183,11,0.0,0.0,3.75,0.0,0.0,0.0,0.0,0.0,7.5,3.75,-3.75,0.0,-1.875,0.0,0.0,0.0,-2.8125,0.0,0.0,0.0,0.0,0.0,-1.875,-3.75,0.0,0.0,0.0,-1.875,0.0,0.0,-1.875,0.0,0.0,0.0,0.0,0.0,-7.5,-3.75,-3.75,0.0,0.0,0.9375,0.0,-1.875,0.0,0.0,0.0,0.0,0.9375,0.0,0.0,0.0,0.0,0.0,12.1875,0.0,15.0,3.75,0.0,17.8125,3.75,0.0,0.0,0.0,0.0,0.0,0.0,0.0,0.0
184,9,0.0,0.0,4.6875,0.0,0.0,0.0,0.0,0.0,5.625,3.75,-2.8125,0.0,-3.75,0.0,0.0,0.0,-3.75,0.0,0.0,-2.8125,0.0,0.0,0.0,0.0,3.75,0.0,0.0,-3.75,0.0,0.0,-1.875,0.0,-3.75,0.0,0.0,3.75,-9.375,-3.75,-3.75,0.0,-3.75,0.0,0.0,-1.875,0.0,0.0,0.0,0.0,0.9375,0.0,0.9375,-3.75,0.0,0.0,12.1875,0.0,13.125,3.75,0.0,15.0,15.0,0.0,0.0,0.0,0.0,0.0,0.0,0.0,0.0
184,10,0.0,0.0,3.75,0.0,0.0,0.0,0.0,0.0,4.6875,3.75,-2.8125,0.0,-3.75,0.0,0.0,0.0,-3.75,0.0,0.0,-1.875,0.0,0.0,0.0,0.0,1.875,0.0,0.0,0.0,0.0,0.0,-1.875,0.0,-3.75,0.0,0.0,0.9375,-7.5,-3.75,-3.75,0.0,-1.875,0.0,0.0,-1.875,0.0,0.0,0.0,0.0,0.9375,0.0,0.9375,-1.875,0.0,0.0,11.25,0.0,12.1875,1.875,0.0,15.0,15.0,0.0,0.0,0.0,0.0,0.0,0.0,0.0,0.0
184,11,0.0,0.0,3.75,0.0,0.0,0.0,0.0,0.0,4.6875,3.75,-1.875,0.0,-3.75,0.0,0.0,0.0,-3.75,0.0,0.0,0.0,0.0,0.0,0.0,0.0,0.9375,0.0,0.0,-3.75,0.0,0.0,-1.875,0.0,-1.875,0.0,0.0,1.875,-7.5,-3.75,-1.875,0.0,0.0,0.0,0.0,-1.875,0.0,0.0,0.0,0.0,0.0,0.0,0.0,-1.875,0.0,0.0,11.25,0.0,13.125,0.9375,0.0,15.0,13.125,0.0,0.0,0.0,0.0,0.0,0.0,0.0,0.0
185,9,0.0,0.0,3.75,0.0,0.0,0.0,-3.75,0.0,3.75,3.75,-3.75,0.0,-7.5,0.0,0.0,-3.75,-3.75,0.0,0.0,0.0,0.0,1.875,3.75,-3.75,3.75,0.0,0.0,-2.8125,0.0,0.0,-1.875,0.0,-3.75,0.0,0.0,3.75,-11.25,-3.75,0.0,0.0,-1.875,-2.8125,0.0,-2.8125,0.0,0.0,0.0,-1.875,0.0,0.0,0.0,-3.75,0.9375,0.0,11.25,0.0,11.25,0.9375,0.0,15.0,15.0,0.0,0.0,0.0,0.0,0.0,0.0,0.0,0.0
185,10,0.0,0.0,0.9375,0.0,0.0,0.0,-3.75,0.0,3.75,3.75,-1.875,0.0,-3.75,0.0,0.0,-1.875,-1.875,0.0,0.0,0.0,0.0,0.0,3.75,-3.75,3.75,0.0,0.0,-2.8125,0.0,0.0,-1.875,0.0,-3.75,0.0,0.0,0.9375,-7.5,-3.75,0.0,0.0,0.0,-1.875,0.0,-3.75,0.0,0.0,0.0,-1.875,0.0,0.0,0.0,-2.8125,0.9375,0.0,8.4375,0.0,11.25,0.9375,0.0,13.125,15.0,0.0,0.0,0.0,0.0,0.0,0.0,0.0,0.0
185,11,0.0,0.0,3.75,0.0,0.0,0.0,-1.875,0.0,3.75,0.9375,-1.875,0.0,-6.5625,0.0,0.0,0.0,-2.8125,0.0,0.0,0.0,0.0,0.0,0.9375,-3.75,3.75,0.0,0.0,0.0,0.0,0.0,-1.875,0.0,-3.75,0.0,0.0,0.9375,-7.5,-3.75,0.0,0.0,0.0,-1.875,0.0,-1.875,0.0,0.0,0.0,-1.875,0.0,0.0,0.0,-1.875,0.0,0.0,8.4375,0.0,11.25,0.0,0.0,14.0625,15.0,0.0,0.0,0.0,0.0,0.0,0.0,0.0,0.0
186,9,0.0,0.0,3.75,0.0,3.75,0.0,-3.75,0.0,3.75,1.875,-7.5,0.0,-10.3125,0.0,0.0,0.0,0.0,0.0,-1.875,0.0,0.0,0.0,3.75,0.0,0.9375,0.0,0.0,0.0,0.0,1.875,0.0,0.0,-3.75,0.0,0.0,0.9375,-7.5,-3.75,0.0,0.0,0.0,-3.75,0.0,-1.875,0.0,0.0,0.0,0.0,0.0,0.0,0.0,0.0,0.0,0.0,7.5,0.0,10.3125,0.0,0.0,12.1875,15.0,0.0,0.0,0.0,0.0,0.0,0.0,0.0,0.0
186,10,0.0,0.0,3.75,0.0,0.9375,0.0,-3.75,0.0,2.8125,0.0,-3.75,0.0,-7.5,0.0,0.0,0.0,0.0,0.0,-1.875,0.0,0.0,0.0,0.9375,0.0,0.9375,0.0,0.0,0.0,0.0,1.875,0.0,0.0,-3.75,0.0,0.0,0.0,-7.5,0.0,0.9375,0.0,0.0,-2.8125,0.0,-1.875,0.0,0.0,0.0,0.0,0.0,0.0,0.0,0.0,0.0,0.0,7.5,0.0,8.4375,0.0,0.0,11.25,15.0,0.0,0.0,0.0,0.0,0.0,0.0,0.0,0.0
186,11,0.0,0.0,3.75,0.0,0.0,0.0,-3.75,0.0,0.9375,0.9375,-3.75,0.0,-7.5,0.0,0.0,0.0,0.0,0.0,-1.875,0.0,0.0,0.0,0.9375,0.0,0.9375,0.0,0.0,0.0,0.0,0.0,0.0,0.0,-3.75,0.0,0.0,0.0,-3.75,0.0,0.0,0.0,0.0,-3.75,0.0,-1.875,0.0,0.0,0.0,0.0,0.0,0.0,0.0,0.0,0.0,0.0,7.5,0.0,9.375,0.0,0.0,12.1875,15.0,0.0,0.0,0.0,0.0,0.0,0.0,0.0,0.0
187,9,0.0,0.0,3.75,0.0,3.75,0.0,-3.75,0.0,0.0,3.75,-3.75,0.0,-11.25,0.0,0.0,0.0,0.0,0.0,-1.875,0.0,0.0,0.0,0.9375,3.75,0.0,0.0,0.0,0.0,0.0,0.0,3.75,3.75,-3.75,0.0,0.0,1.875,-3.75,0.0,0.9375,0.0,0.0,-5.625,0.0,0.0,0.0,0.0,0.0,0.0,0.0,0.0,-1.875,0.0,0.0,1.875,6.5625,0.0,7.5,0.0,0.0,11.25,15.0,0.0,0.0,0.0,0.0,0.0,0.0,0.0,0.0
187,10,0.0,0.0,3.75,0.0,1.875,0.0,-1.875,0.0,0.0,3.75,-3.75,0.0,-7.5,-1.875,0.0,0.0,0.0,0.0,-1.875,0.0,0.0,0.0,0.9375,2.8125,0.0,0.0,0.0,0.0,0.0,0.0,0.9375,0.9375,-3.75,0.0,0.0,0.9375,-3.75,0.0,1.875,0.0,0.0,-3.75,0.0,0.0,0.0,0.0,0.0,0.0,0.0,0.0,-0.9375,0.0,0.0,0.0,5.625,0.0,7.5,0.0,0.0,11.25,13.125,0.0,0.0,0.0,0.0,0.0,0.0,0.0,0.0
187,11,0.0,0.0,3.75,0.0,0.9375,0.0,-1.875,0.0,0.0,3.75,-3.75,0.0,-7.5,0.0,0.0,0.0,0.0,0.0,-1.875,0.0,0.0,0.0,0.9375,3.75,0.0,0.0,0.0,0.0,0.0,0.0,0.0,0.0,0.0,0.0,0.0,0.0,0.0,0.0,0.9375,0.0,0.0,-3.75,0.0,0.0,0.0,0.0,0.0,0.0,0.0,0.0,0.0,0.0,0.0,0.0,4.6875,0.0,7.5,0.0,0.0,11.25,12.1875,0.0,0.0,0.0,0.0,0.0,0.0,0.0,0.0
188,9,0.0,-0.9375,3.75,0.0,0.0,0.0,-3.75,0.0,-1.875,3.75,0.0,0.0,-11.25,0.0,0.0,0.0,0.0,0.0,-3.75,-1.875,0.0,0.0,0.0,7.5,-0.9375,0.0,0.0,0.0,0.0,0.0,7.5,7.5,0.0,0.0,0.0,3.75,0.0,0.0,0.0,0.0,0.0,-7.5,0.0,0.0,0.0,0.0,0.0,0.0,0.9375,0.0,-3.75,0.0,0.0,1.875,3.75,0.0,7.5,0.0,0.0,9.375,13.125,0.0,0.0,0.0,0.0,0.0,0.0,0.0,0.0
188,10,0.0,0.0,0.0,0.0,0.0,0.0,-1.875,0.0,-1.875,3.75,0.0,0.0,-7.5,0.0,0.0,0.0,0.0,0.0,-3.75,0.0,0.0,0.0,0.0,3.75,0.0,0.0,0.0,0.0,0.0,0.0,3.75,3.75,0.0,0.0,0.0,3.75,0.0,0.0,3.75,0.0,0.0,-5.625,0.0,0.0,0.0,0.0,0.0,0.0,0.9375,0.0,-2.8125,-1.875,0.0,0.0,3.75,0.0,5.625,0.0,0.0,8.4375,11.25,0.0,0.0,0.0,0.0,0.0,0.0,0.0,0.0
188,11,0.0,0.0,0.9375,0.0,0.0,0.0,-1.875,0.0,0.0,1.875,0.0,0.0,-7.5,0.0,0.0,0.0,0.0,0.0,-3.75,0.0,0.0,0.0,0.0,4.6875,0.0,0.0,0.0,0.0,0.0,0.0,3.75,3.75,0.0,0.0,0.0,0.9375,0.9375,0.0,0.9375,0.0,0.0,-3.75,0.0,0.0,0.0,0.0,0.0,0.0,0.0,0.0,-3.75,0.0,0.0,0.0,3.75,0.0,5.625,0.0,0.0,8.4375,11.25,0.0,0.0,0.0,0.0,0.0,0.0,0.0,0.0
189,9,-1.875,-2.8125,0.0,-1.875,0.9375,-1.875,-1.875,0.0,-3.75,3.75,0.0,0.0,-11.25,0.0,-1.875,0.0,-1.875,0.0,-3.75,0.0,0.0,0.0,0.0,7.5,-3.75,0.0,0.0,-1.875,0.0,-1.875,7.5,7.5,0.0,0.0,0.0,0.0,3.75,0.0,0.0,0.0,0.0,-7.5,0.0,0.0,0.0,0.0,0.0,0.9375,0.0,0.0,-5.625,0.0,0.0,0.0,3.75,0.0,4.6875,0.0,0.0,7.5,11.25,0.0,0.0,0.0,0.0,0.0,0.0,0.0,0.0
189,10,-1.875,-1.875,0.0,-1.875,0.0,-1.875,0.0,0.0,-3.75,0.9375,0.0,0.0,-7.5,0.0,-1.875,0.0,0.0,0.0,-3.75,0.0,0.0,0.0,0.0,6.5625,-2.8125,0.0,0.0,0.0,0.0,0.0,3.75,3.75,0.9375,0.0,0.0,0.0,0.9375,0.0,0.9375,0.0,0.0,-5.625,0.0,0.0,0.0,0.0,0.0,0.9375,0.0,0.0,-3.75,0.0,0.0,0.0,3.75,0.0,3.75,0.0,0.0,7.5,11.25,0.0,0.0,0.0,0.0,0.0,0.0,0.0,0.0
189,11,-1.875,-1.875,0.0,-1.875,0.0,-0.9375,0.0,0.0,-3.75,0.0,0.0,0.0,-5.625,0.0,0.0,0.0,0.0,0.0,-3.75,0.0,0.0,0.0,0.0,7.5,-3.75,0.0,0.0,0.0,0.0,0.0,3.75,3.75,0.0,0.0,0.0,0.0,3.75,0.0,0.9375,0.0,0.0,-5.625,0.0,0.0,0.0,0.0,0.0,0.9375,0.0,0.0,-3.75,0.0,0.0,0.0,3.75,0.0,3.75,0.0,0.0,7.5,11.25,0.0,0.0,0.0,0.0,0.0,0.0,0.0,0.0
190,9,-3.75,-3.75,0.0,-3.75,0.9375,-3.75,0.0,0.0,-3.75,0.0,3.75,-1.875,-7.5,3.75,-2.8125,0.0,0.0,0.0,-3.75,0.0,0.0,0.0,0.0,5.625,-7.5,0.0,0.0,0.0,0.0,-3.75,3.75,5.625,3.75,0.0,0.0,0.0,3.75,0.0,0.0,0.0,0.0,-7.5,0.0,0.0,-1.875,0.0,0.0,3.75,0.0,0.0,-7.5,0.0,0.0,0.0,1.875,0.0,3.75,0.0,0.0,7.5,9.375,0.0,0.0,0.0,0.0,0.0,0.0,0.0,0.0
190,10,-2.8125,-3.75,0.0,-3.75,0.0,-2.8125,0.0,0.0,-3.75,0.0,0.9375,-1.875,-3.75,0.9375,-1.875,0.0,0.0,0.0,-3.75,0.0,0.0,0.0,0.0,3.75,-7.5,0.0,0.0,0.0,0.0,-3.75,3.75,3.75,3.75,0.0,0.0,0.0,0.0,0.0,0.9375,0.0,0.0,-3.75,0.0,0.0,-1.875,0.0,0.0,3.75,0.0,0.0,-5.625,0.0,0.0,0.0,0.9375,0.0,3.75,0.0,0.0,4.6875,8.4375,0.0,0.0,0.0,0.0,0.0,0.0,0.0,0.0
190,11,-2.8125,-2.8125,0.0,-2.8125,0.0,-2.8125,0.0,0.0,-3.75,0.0,1.875,-0.9375,-3.75,0.0,-1.875,0.0,0.0,0.0,-3.75,0.0,0.0,0.0,0.0,3.75,-7.5,0.0,0.0,0.0,0.0,-3.75,3.75,3.75,0.9375,0.0,0.0,0.0,0.9375,0.0,0.0,0.0,0.0,-3.75,0.0,0.0,-1.875,0.0,0.0,3.75,0.0,0.0,-5.625,0.0,0.0,0.0,0.9375,0.0,3.75,0.0,0.0,4.6875,7.5,0.0,0.0,0.0,0.0,0.0,0.0,0.0,0.0
191,9,-3.75,-3.75,-3.75,-3.75,0.0,-3.75,0.9375,0.0,-3.75,3.75,3.75,-3.75,0.0,3.75,-3.75,0.0,0.0,0.0,-3.75,-2.8125,0.0,0.0,0.0,3.75,-7.5,0.0,0.0,0.0,0.0,-6.5625,3.75,3.75,0.9375,0.0,0.0,0.0,0.0,0.0,0.0,0.0,0.0,-3.75,0.0,0.0,-1.875,0.0,0.0,3.75,0.0,0.0,-7.5,0.0,0.0,0.0,0.9375,0.0,2.8125,0.0,0.0,3.75,7.5,0.0,0.0,0.0,0.0,0.0,0.0,0.0,0.0
191,10,-3.75,-3.75,-3.75,-3.75,0.0,-3.75,0.0,0.0,-3.75,0.9375,1.875,-2.8125,0.0,2.8125,-3.75,0.0,0.0,0.0,-3.75,-1.875,0.0,0.0,0.0,3.75,-7.5,0.0,0.0,0.0,0.0,-3.75,3.75,3.75,0.9375,0.0,0.0,0.0,0.0,0.0,0.0,0.0,0.0,-3.75,0.0,0.0,-1.875,0.0,0.0,3.75,0.0,0.0,-5.625,0.0,0.0,0.0,0.0,0.0,1.875,0.0,0.0,3.75,7.5,0.0,0.0,0.0,0.0,0.0,0.0,0.0,0.0
191,11,-3.75,-3.75,0.0,-3.75,0.0,-3.75,0.0,0.0,-3.75,0.9375,1.875,-2.8125,0.9375,1.875,-2.8125,0.0,0.0,0.0,-3.75,-1.875,0.0,0.0,0.0,3.75,-7.5,0.0,0.0,0.0,0.0,-3.75,3.75,3.75,1.875,0.0,0.0,0.0,0.0,0.0,0.0,0.0,0.0,0.0,0.0,0.0,-1.875,0.0,0.0,3.75,0.0,0.0,-5.625,0.0,0.0,0.0,0.0,-1.875,0.9375,0.0,0.0,3.75,7.5,0.0,0.0,0.0,0.0,0.0,0.0,0.0,0.0
192,9,-6.5625,-6.5625,-3.75,-6.5625,0.0,-5.625,3.75,0.0,-5.625,1.875,0.0,-3.75,3.75,0.0,-3.75,0.0,0.0,0.0,0.0,-1.875,0.0,0.0,0.0,4.6875,-11.25,0.0,0.0,-1.875,0.0,-7.5,3.75,3.75,0.0,0.0,0.0,-3.75,0.0,0.0,0.0,0.0,0.0,0.0,0.0,0.0,-1.875,0.0,0.0,3.75,0.9375,0.0,-7.5,0.0,0.0,0.0,0.0,0.0,0.9375,0.0,0.0,3.75,4.6875,0.0,0.0,0.0,0.0,0.0,0.0,0.0,0.0
192,10,-5.625,-6.5625,-3.75,-6.5625,0.0,-5.625,0.9375,0.0,-3.75,0.9375,0.0,-3.75,3.75,0.0,-3.75,0.0,0.0,0.0,0.0,-1.875,0.0,0.0,0.0,3.75,-7.5,0.0,0.0,0.0,0.0,-3.75,3.75,3.75,0.0,0.0,0.0,-3.75,0.0,0.0,0.0,0.0,0.0,0.0,0.0,0.0,-2.8125,0.0,0.0,1.875,0.9375,0.0,-5.625,0.0,0.0,0.0,0.0,0.0,0.9375,0.0,0.0,3.75,4.6875,0.0,0.0,0.0,0.0,0.0,0.0,0.0,0.0
192,11,-4.6875,-5.625,-1.875,-5.625,0.0,-3.75,0.9375,0.0,-3.75,0.0,0.0,-3.75,3.75,0.0,-3.75,0.0,0.0,0.0,0.0,-1.875,0.0,0.0,0.0,3.75,-7.5,0.0,0.0,0.0,0.0,-3.75,3.75,1.875,0.0,0.0,0.0,-3.75,0.0,0.0,0.0,0.0,0.0,3.75,0.0,0.0,-1.875,0.0,0.0,1.875,0.0,0.0,-3.75,0.0,0.0,0.0,0.0,-1.875,0.0,0.0,0.0,3.75,3.75,0.0,0.0,0.0,0.0,0.0,0.0,0.0,0.0
193,9,-7.5,-7.5,-1.875,-7.5,0.0,-7.5,0.9375,0.0,-5.625,0.0,0.0,-6.5625,5.625,0.0,-5.625,-1.875,0.0,0.0,5.625,-3.75,0.0,0.0,0.0,3.75,-15.0,0.0,0.0,-2.8125,0.0,-7.5,3.75,0.0,0.0,0.0,0.0,-5.625,0.0,-1.875,0.0,0.0,0.0,3.75,0.0,1.875,-1.875,1.875,0.0,0.9375,0.0,0.0,-7.5,1.875,0.9375,0.0,0.0,0.0,0.0,0.0,0.0,1.875,3.75,0.0,0.0,0.0,0.0,0.0,0.0,0.0,0.0
193,10,-7.5,-7.5,0.0,-7.5,0.0,-7.5,0.0,0.0,-3.75,0.0,0.0,-5.625,3.75,0.0,-4.6875,-1.875,0.0,0.0,3.75,-1.875,0.0,0.0,0.0,3.75,-11.25,0.0,0.0,-1.875,0.0,-3.75,0.9375,0.0,0.0,0.0,0.0,-5.625,0.0,-1.875,0.9375,0.0,0.0,3.75,0.0,0.9375,-3.75,1.875,0.0,0.9375,0.0,0.0,-3.75,0.0,0.9375,0.0,0.0,0.0,0.0,0.0,0.0,0.9375,3.75,0.0,0.0,0.0,0.0,0.0,0.0,0.0,0.0
193,11,-7.5,-7.5,0.0,-7.5,0.0,-6.5625,0.0,0.0,-3.75,0.0,0.0,-5.625,3.75,0.0,-3.75,0.0,0.0,0.0,3.75,-1.875,0.0,0.0,0.0,0.9375,-11.25,0.0,0.0,-1.875,0.0,-3.75,0.9375,0.0,0.0,0.0,0.0,-5.625,0.0,-1.875,1.875,0.0,0.0,3.75,0.0,0.0,-1.875,0.0,0.0,0.9375,0.0,0.0,-3.75,0.0,0.0,0.0,0.0,0.0,0.0,0.0,0.0,0.9375,3.75,0.0,0.0,0.0,0.0,0.0,0.0,0.0,0.0
194,9,-10.3125,-10.3125,0.0,-9.375,-3.75,-8.4375,0.9375,-1.875,-1.875,0.0,0.0,-7.5,0.0,0.0,-7.5,-3.75,0.0,0.0,7.5,-3.75,0.0,-1.875,0.0,0.0,-15.0,0.0,3.75,-1.875,0.0,-7.5,0.0,0.0,0.0,0.0,0.0,-5.625,0.0,-3.75,0.9375,0.0,0.0,4.6875,0.0,3.75,-1.875,0.0,0.0,0.9375,0.0,0.0,-3.75,3.75,0.9375,-1.875,0.0,0.9375,0.0,0.0,0.0,0.9375,3.75,0.0,0.0,0.0,0.0,0.0,0.0,0.0,0.0
194,10,-9.375,-9.375,0.0,-9.375,-2.8125,-7.5,0.9375,-1.875,0.0,0.0,0.0,-7.5,0.0,0.0,-7.5,-1.875,0.0,0.0,3.75,-3.75,0.0,-1.875,0.9375,0.0,-13.125,0.0,0.9375,-1.875,0.0,-3.75,0.0,0.0,0.0,0.0,0.0,-4.6875,0.0,-3.75,0.9375,0.0,0.0,3.75,0.0,3.75,-1.875,0.0,0.0,0.9375,0.0,0.0,-1.875,0.9375,0.0,0.0,0.0,0.0,0.0,0.0,0.0,0.9375,1.875,0.0,0.0,0.0,0.0,0.0,0.0,0.0,0.0
194,11,-7.5,-9.375,0.0,-7.5,-1.875,-7.5,0.0,-1.875,0.0,0.0,0.0,-7.5,0.0,0.0,-6.5625,-1.875,0.0,0.0,3.75,-3.75,0.0,0.0,0.0,0.0,-11.25,0.0,0.0,-1.875,0.0,-3.75,0.0,0.0,0.0,0.0,0.0,-5.625,0.0,-3.75,1.875,0.0,0.0,3.75,0.0,3.75,-1.875,0.0,0.0,0.0,0.0,0.0,-3.75,0.0,0.0,0.0,0.0,0.0,0.0,0.0,0.0,0.0,1.875,0.0,0.0,0.0,0.0,0.0,0.0,0.0,0.0
195,9,-11.25,-11.25,0.0,-11.25,-3.75,-11.25,3.75,-3.75,3.75,0.0,0.0,-11.25,0.0,-3.75,-7.5,0.0,0.0,-1.875,7.5,-1.875,0.0,-1.875,0.0,0.0,-15.0,0.0,3.75,-1.875,0.0,0.0,0.0,0.0,0.0,0.0,0.0,-6.5625,0.0,-3.75,0.0,0.0,0.0,3.75,0.0,4.6875,-1.875,0.0,0.0,0.0,0.0,0.0,0.0,3.75,0.0,-1.875,0.0,3.75,0.0,0.0,0.0,0.0,0.9375,0.0,0.0,0.0,0.0,0.0,0.0,0.0,0.0
195,10,-11.25,-11.25,0.0,-11.25,-2.8125,-10.3125,0.9375,-3.75,3.75,-1.875,0.0,-10.3125,0.0,-3.75,-7.5,0.0,0.0,-1.875,4.6875,-0.9375,0.0,0.0,0.0,0.0,-11.25,0.0,3.75,-1.875,0.0,0.0,0.0,0.0,0.0,0.0,0.0,-6.5625,0.0,-3.75,0.0,0.0,0.0,3.75,0.0,3.75,-1.875,0.0,0.0,0.0,0.0,0.0,0.0,3.75,0.0,-1.875,0.0,3.75,0.0,0.0,0.0,0.0,0.9375,0.0,0.0,0.0,0.0,0.0,0.0,0.0,0.0
195,11,-11.25,-11.25,0.0,-11.25,-3.75,-10.3125,0.9375,-3.75,0.9375,-1.875,0.0,-9.375,0.0,-3.75,-7.5,0.0,0.0,-1.875,7.5,0.0,0.0,0.0,0.0,0.0,-11.25,0.0,0.9375,-1.875,0.0,0.0,0.0,0.0,0.0,0.0,0.0,-6.5625,0.0,-3.75,0.0,0.0,0.0,3.75,0.0,3.75,-1.875,0.0,0.0,0.0,0.0,0.0,0.0,1.875,0.0,0.0,0.0,0.9375,0.0,0.0,0.0,0.0,0.9375,0.0,0.0,0.0,0.0,0.0,0.0,0.0,0.0
196,9,-15.0,-14.0625,1.875,-13.125,-3.75,-11.25,0.0,-3.75,5.625,-3.75,0.0,-11.25,0.0,-5.625,-11.25,0.9375,-3.75,-3.75,8.4375,0.0,0.0,0.9375,0.0,0.0,-11.25,0.0,3.75,-1.875,0.0,3.75,0.0,0.0,-1.875,0.0,0.0,-3.75,0.0,-3.75,0.0,0.0,0.0,3.75,0.0,4.6875,0.0,0.0,0.0,0.0,0.0,0.0,3.75,3.75,0.0,0.0,0.0,3.75,0.0,0.0,0.0,0.0,0.0,0.0,0.0,0.0,0.0,0.0,0.0,0.0,0.0
196,10,-13.125,-13.125,0.0,-13.125,-3.75,-11.25,0.0,-3.75,3.75,-2.8125,0.0,-11.25,0.0,-3.75,-11.25,0.0,-3.75,-3.75,7.5,0.0,0.0,0.0,0.0,0.0,0.0,0.0,3.75,0.0,0.0,3.75,0.0,0.0,-1.875,0.0,0.0,-3.75,0.0,-3.75,0.0,0.0,0.0,3.75,0.0,3.75,-1.875,0.0,0.0,0.0,0.0,0.0,0.9375,1.875,0.0,0.0,0.0,3.75,0.0,0.0,0.0,0.0,0.0,0.0,0.0,0.0,0.0,0.0,0.0,0.0,0.0
196,11,-13.125,-13.125,0.0,-11.25,-3.75,-11.25,0.0,-3.75,3.75,-3.75,0.0,-11.25,0.0,-3.75,-10.3125,0.0,-3.75,-3.75,7.5,0.0,0.0,0.0,0.0,0.0,0.0,0.0,3.75,0.0,0.0,3.75,0.0,0.0,0.0,0.0,0.0,-3.75,0.0,-3.75,0.0,0.0,0.0,3.75,0.0,3.75,-1.875,0.0,0.0,0.0,0.0,0.0,1.875,0.9375,0.0,0.0,0.0,3.75,0.0,0.0,0.0,0.0,0.0,0.0,0.0,0.0,0.0,0.0,0.0,0.0,0.0
197,9,-16.875,-15.0,3.75,-15.0,-6.5625,-14.0625,0.0,-5.625,3.75,-3.75,0.0,-14.0625,0.0,-6.5625,-13.125,3.75,-5.625,-3.75,8.4375,0.0,0.0,3.75,0.0,0.0,15.0,0.0,3.75,0.9375,0.0,3.75,0.0,-3.75,0.0,0.0,0.0,0.0,0.0,-3.75,0.0,0.0,0.0,0.0,0.0,4.6875,-1.875,-1.875,0.0,0.0,0.9375,0.0,4.6875,3.75,0.0,0.0,0.0,3.75,0.0,0.0,0.0,0.0,0.0,0.0,0.0,0.0,0.0,0.0,0.0,0.0,0.0
197,10,-15.0,-15.0,0.9375,-14.0625,-3.75,-13.125,0.0,-5.625,0.9375,-3.75,0.0,-13.125,0.0,-3.75,-11.25,3.75,-3.75,-3.75,7.5,0.0,0.0,3.75,0.0,0.0,8.4375,0.0,3.75,0.0,0.0,3.75,0.0,-3.75,0.0,0.0,0.0,-3.75,0.0,-1.875,0.0,0.0,0.0,0.0,0.0,3.75,-3.75,-1.875,0.0,0.0,0.0,0.0,3.75,1.875,0.0,0.0,0.0,3.75,0.0,0.0,0.0,0.0,0.0,0.0,0.0,0.0,0.0,0.0,0.0,0.0,0.0
197,11,-15.0,-15.0,0.9375,-15.0,-3.75,-13.125,0.0,-3.75,3.75,-3.75,0.0,-13.125,0.0,-3.75,-11.25,3.75,-3.75,-3.75,7.5,0.0,0.0,1.875,0.0,0.0,11.25,0.0,3.75,0.0,0.0,3.75,0.0,-1.875,0.0,0.0,0.0,-1.875,0.0,-1.875,0.0,0.0,0.0,0.0,0.0,3.75,-3.75,0.0,0.0,0.0,0.0,0.0,3.75,0.9375,0.0,0.0,0.0,3.75,0.0,0.0,0.0,0.0,0.0,0.0,0.0,0.0,0.0,0.0,0.0,0.0,0.0
198,9,-18.75,-16.875,3.75,-15.0,-5.625,-15.0,0.0,-7.5,0.9375,-3.75,0.9375,-15.0,-3.75,-7.5,-14.0625,1.875,-6.5625,-6.5625,3.75,0.0,0.0,0.0,0.0,-3.75,13.125,0.0,3.75,3.75,0.0,3.75,0.0,-3.75,0.0,0.0,0.0,7.5,3.75,3.75,0.0,0.0,-1.875,0.0,0.0,3.75,0.0,-3.75,0.0,0.0,0.0,0.0,7.5,0.9375,-1.875,0.9375,0.0,3.75,0.0,0.0,0.0,0.0,0.0,0.0,0.0,0.0,0.0,0.0,0.0,0.0,0.0
198,10,-16.875,-15.0,0.9375,-15.0,-3.75,-15.0,0.0,-6.5625,0.9375,-3.75,0.9375,-14.0625,-3.75,-6.5625,-15.0,0.9375,-6.5625,-6.5625,1.875,0.0,0.0,0.0,0.0,-1.875,7.5,0.0,3.75,0.9375,0.0,3.75,0.0,-3.75,0.0,0.0,0.0,0.9375,3.75,1.875,0.0,0.0,0.0,0.0,0.0,3.75,-1.875,-2.8125,0.0,0.0,0.0,0.0,3.75,0.9375,-1.875,1.875,0.0,3.75,0.0,0.0,0.0,0.0,0.0,0.0,0.0,0.0,0.0,0.0,0.0,0.0,0.0
198,11,-16.875,-16.875,0.9375,-15.0,-3.75,-15.0,0.0,-6.5625,0.9375,-3.75,0.0,-15.0,-1.875,-6.5625,-14.0625,3.75,-6.5625,-6.5625,3.75,0.0,0.0,0.0,0.0,-1.875,11.25,0.0,3.75,0.0,0.0,3.75,0.0,-1.875,0.0,0.0,0.0,1.875,0.0,1.875,0.0,0.0,0.0,0.0,0.0,3.75,-1.875,-1.875,0.0,0.0,0.0,0.0,3.75,0.0,-1.875,1.875,0.0,3.75,0.0,0.0,0.0,0.0,0.0,0.0,0.0,0.0,0.0,0.0,0.0,0.0,0.0
199,9,-19.6875,-18.75,0.0,-16.875,-3.75,-15.0,0.9375,-7.5,3.75,-3.75,0.9375,-15.9375,-3.75,-11.25,-15.0,3.75,-6.5625,-7.5,3.75,0.0,0.0,0.0,0.0,-3.75,11.25,0.0,1.875,3.75,0.0,4.6875,0.0,-1.875,0.0,0.0,0.0,7.5,3.75,7.5,0.0,0.0,-1.875,0.0,0.0,3.75,0.0,-3.75,0.0,0.0,0.0,0.0,3.75,0.0,-1.875,3.75,0.0,3.75,0.0,0.0,0.0,0.0,0.0,0.0,0.0,0.0,0.0,0.0,0.0,0.0,0.0
199,10,-18.75,-18.75,0.0,-16.875,0.0,-15.0,0.0,-7.5,3.75,-3.75,0.9375,-15.0,-1.875,-6.5625,-15.0,3.75,-6.5625,-7.5,3.75,0.0,0.0,0.0,0.0,-1.875,8.4375,0.0,3.75,3.75,0.0,4.6875,0.0,0.0,0.0,0.0,0.0,1.875,3.75,4.6875,0.0,0.0,-1.875,0.0,0.0,1.875,0.0,-2.8125,0.0,0.0,0.0,0.0,3.75,0.0,-1.875,3.75,0.0,3.75,0.0,0.0,0.0,0.0,0.0,0.0,0.0,0.0,0.0,0.0,0.0,0.0,0.0
199,11,-18.75,-18.75,0.0,-16.875,-1.875,-15.0,0.0,-7.5,3.75,-3.75,0.0,-15.0,-1.875,-7.5,-15.0,3.75,-7.5,-7.5,3.75,0.0,0.0,0.0,0.0,-3.75,9.375,0.0,3.75,0.9375,0.0,4.6875,0.0,-1.875,0.0,0.0,0.0,3.75,3.75,5.625,0.0,0.0,-1.875,0.0,0.0,0.9375,0.0,-3.75,0.0,0.0,0.0,0.0,3.75,0.0,-1.875,0.9375,0.0,2.8125,0.0,0.0,0.0,0.0,0.0,0.0,0.0,0.0,0.0,0.0,0.0,0.0,0.0
200,9,-22.5,-18.75,0.0,-18.75,-1.875,-16.875,0.0,-7.5,3.75,-1.875,0.0,-17.8125,0.0,-7.5,-15.9375,3.75,-7.5,-9.375,7.5,0.0,0.0,0.0,0.0,-3.75,10.3125,0.0,0.9375,1.875,0.0,3.75,-1.875,0.0,0.0,0.0,0.0,7.5,3.75,7.5,0.0,0.0,-3.75,0.0,0.0,0.0,3.75,-3.75,0.0,0.0,-1.875,0.0,1.875,0.0,0.0,3.75,0.0,0.9375,0.0,0.0,0.0,0.0,0.0,0.0,0.0,0.0,0.0,0.0,0.0,0.0,0.0
200,10,-18.75,-18.75,0.0,-17.8125,0.0,-16.875,0.0,-7.5,3.75,-3.75,0.0,-16.875,0.0,-2.8125,-15.0,1.875,-7.5,-10.3125,3.75,0.0,0.0,0.0,0.0,-3.75,7.5,0.0,0.9375,3.75,0.0,3.75,-1.875,0.0,0.0,0.0,0.0,3.75,3.75,3.75,0.0,0.0,0.0,0.0,0.0,0.0,0.9375,-3.75,0.0,-1.875,-1.875,0.0,0.9375,0.0,0.0,1.875,0.0,0.9375,0.0,0.0,0.0,0.0,0.0,0.0,0.0,0.0,0.0,0.0,0.0,0.0,0.0
200,11,-18.75,-18.75,0.0,-18.75,0.0,-15.0,0.0,-7.5,3.75,-3.75,0.0,-15.9375,0.0,-3.75,-15.0,1.875,-7.5,-7.5,3.75,0.0,0.0,0.0,0.0,-3.75,8.4375,0.0,0.9375,0.9375,0.0,3.75,0.0,0.0,0.0,0.0,0.0,3.75,3.75,3.75,0.0,0.0,-1.875,0.0,0.0,0.0,0.0,-3.75,0.0,0.0,-1.875,0.0,0.9375,0.0,0.0,3.75,0.0,0.9375,0.0,0.0,0.0,0.0,0.0,0.0,0.0,0.0,0.0,0.0,0.0,0.0,0.0
201,9,-22.5,-20.625,1.875,-18.75,0.0,-15.0,0.0,-7.5,-1.875,3.75,0.0,-18.75,0.0,3.75,-15.0,0.0,-1.875,-11.25,0.0,0.0,0.0,0.0,0.0,-7.5,7.5,0.0,-1.875,3.75,0.0,0.9375,-1.875,-1.875,0.0,0.0,0.0,7.5,3.75,7.5,0.0,0.0,0.0,0.0,0.0,0.0,3.75,-3.75,0.0,0.0,-3.75,0.0,0.0,-3.75,0.0,3.75,0.0,0.0,0.0,-0.9375,0.0,0.0,0.0,0.0,0.0,0.0,0.0,0.0,0.0,0.0,0.0
201,10,-18.75,-20.625,0.9375,-18.75,0.0,-16.875,0.0,-7.5,0.0,0.0,0.0,-16.875,0.0,1.875,-16.875,0.0,-5.625,-11.25,0.0,0.0,0.0,0.0,0.0,-5.625,5.625,0.0,-0.9375,3.75,0.0,0.9375,0.0,0.0,0.0,0.0,0.0,4.6875,3.75,3.75,0.0,0.0,0.0,0.0,0.0,0.0,3.75,-3.75,0.0,-1.875,-3.75,0.0,0.0,-2.8125,0.0,2.8125,0.0,0.0,0.0,-1.875,0.0,0.0,0.0,0.0,0.0,0.0,0.0,0.0,0.0,0.0,0.0
201,11,-18.75,-18.75,0.9375,-18.75,0.0,-15.0,0.0,-7.5,0.0,0.0,0.0,-15.0,0.0,3.75,-15.0,0.0,-3.75,-10.3125,0.0,0.0,0.0,0.0,0.0,-3.75,7.5,0.0,0.0,0.9375,0.0,0.9375,0.0,0.0,0.0,0.0,0.0,3.75,0.9375,4.6875,0.0,0.0,0.0,0.0,0.0,0.0,0.9375,-3.75,0.0,0.0,-3.75,0.0,0.0,-1.875,0.0,2.8125,0.0,0.0,0.0,0.0,0.0,0.0,0.0,0.0,0.0,0.0,0.0,0.0,0.0,0.0,0.0
202,9,20.625,18.75,0.0,15.0,0.9375,13.125,0.0,3.75,-1.875,8.4375,0.0,13.125,-1.875,7.5,7.5,0.0,7.5,-11.25,0.9375,0.0,0.0,-3.75,0.9375,-7.5,6.5625,0.0,-3.75,3.75,0.0,0.9375,-3.75,0.0,0.0,0.0,0.0,4.6875,3.75,4.6875,0.9375,0.0,0.9375,0.0,0.0,0.0,3.75,-3.75,0.0,0.0,-5.625,0.0,-3.75,-3.75,0.0,0.9375,0.0,0.0,0.0,-2.8125,0.0,0.0,0.0,0.0,0.0,0.0,0.0,0.0,0.0,0.0,0.0
202,10,15.0,15.9375,0.0,15.0,0.9375,11.25,0.0,3.75,-1.875,3.75,0.0,15.0,0.0,4.6875,0.0,0.0,7.5,-11.25,0.9375,0.0,0.0,-1.875,0.9375,-5.625,4.6875,0.0,-2.8125,3.75,0.0,0.9375,-1.875,0.0,0.0,0.0,0.0,3.75,3.75,3.75,0.9375,0.0,3.75,0.0,0.0,0.0,3.75,-1.875,0.0,0.0,-4.6875,0.0,-3.75,-3.75,0.0,0.9375,0.0,0.0,0.0,-3.75,0.0,0.0,0.0,0.0,0.0,0.0,0.0,0.0,0.0,0.0,0.0
202,11,15.0,18.75,0.0,15.0,0.9375,11.25,0.0,3.75,0.0,3.75,0.0,11.25,0.0,3.75,-7.5,0.0,0.0,-11.25,0.9375,0.0,0.0,-3.75,1.875,-6.5625,4.6875,0.0,-2.8125,3.75,0.0,0.0,-1.875,0.0,0.0,0.0,0.0,3.75,1.875,3.75,0.0,0.0,0.0,0.0,0.0,0.0,3.75,-1.875,0.0,0.0,-3.75,0.0,-3.75,-3.75,0.0,0.9375,0.0,0.0,0.0,-2.8125,0.0,0.0,0.0,0.0,0.0,0.0,0.0,0.0,0.0,0.0,0.0
203,9,20.625,16.875,0.0,15.0,3.75,15.0,0.0,3.75,0.0,10.3125,0.0,15.0,-1.875,7.5,15.0,-2.8125,11.25,-11.25,3.75,-1.875,0.0,-7.5,0.0,-7.5,3.75,0.0,-3.75,3.75,0.0,0.0,-3.75,0.0,0.0,0.0,0.0,1.875,3.75,3.75,0.0,0.0,3.75,0.0,0.0,-1.875,3.75,-1.875,0.0,0.0,-7.5,0.0,-7.5,-3.75,0.0,0.0,0.0,0.0,0.0,-3.75,0.0,0.0,0.0,0.0,0.0,0.0,0.0,0.0,0.0,0.0,0.0
203,10,16.875,16.875,0.0,15.0,2.8125,13.125,0.0,3.75,0.0,7.5,0.0,15.0,-1.875,0.9375,15.0,-2.8125,11.25,-11.25,3.75,0.0,0.0,-3.75,0.0,-3.75,1.875,0.0,-3.75,3.75,0.0,0.0,-3.75,0.0,0.0,0.0,0.0,0.9375,1.875,1.875,0.0,0.0,3.75,0.0,0.0,0.0,3.75,0.0,0.0,0.0,-6.5625,0.0,-5.625,-3.75,0.0,0.0,0.0,0.0,0.0,-3.75,0.0,0.0,0.0,0.0,0.0,0.0,0.0,0.0,0.0,0.0,0.0
203,11,18.75,18.75,0.0,15.9375,0.9375,15.0,0.0,3.75,0.0,7.5,0.0,15.0,-1.875,3.75,15.0,-2.8125,11.25,-11.25,3.75,0.0,0.0,-3.75,0.0,-3.75,1.875,0.0,-3.75,3.75,0.0,0.0,-1.875,0.0,0.0,0.0,0.0,0.9375,0.9375,3.75,0.0,0.0,3.75,0.0,0.0,0.0,3.75,0.0,0.0,0.0,-6.5625,0.0,-5.625,-3.75,0.0,0.0,0.0,0.0,0.0,-3.75,0.0,0.0,0.0,0.0,0.0,0.0,0.0,0.0,0.0,0.0,0.0
204,9,18.75,15.9375,0.0,15.0,-1.875,13.125,0.0,3.75,0.0,8.4375,0.0,15.0,0.0,4.6875,15.0,-3.75,11.25,-11.25,0.0,0.0,0.0,-7.5,0.0,-7.5,0.0,0.0,-9.375,3.75,0.0,0.0,-3.75,0.0,0.0,-1.875,0.0,0.0,0.0,0.0,0.0,-1.875,3.75,0.0,-1.875,-3.75,3.75,0.0,-1.875,3.75,-7.5,0.0,-7.5,-3.75,0.0,0.0,0.0,0.0,0.0,-3.75,0.0,0.0,0.0,0.0,0.0,0.0,0.0,0.0,0.0,0.0,0.0
204,10,15.9375,15.9375,0.0,15.0,0.0,15.0,0.0,3.75,0.0,7.5,0.0,13.125,0.0,3.75,15.0,-3.75,11.25,-11.25,0.0,0.0,0.0,-3.75,0.0,-5.625,0.0,0.0,-7.5,3.75,0.0,0.0,-1.875,0.0,0.0,-0.9375,0.0,0.0,0.0,0.0,0.0,-1.875,3.75,0.0,-1.875,-3.75,3.75,0.0,-1.875,1.875,-7.5,0.0,-7.5,-3.75,0.9375,0.0,0.0,0.0,0.0,-3.75,0.0,0.0,0.0,0.0,0.0,0.0,0.0,0.0,0.0,0.0,0.0
204,11,15.9375,15.9375,0.0,15.0,0.0,15.0,0.0,3.75,0.0,7.5,0.0,15.0,0.0,3.75,15.0,-3.75,11.25,-11.25,0.0,0.0,0.0,-3.75,0.0,-3.75,0.0,0.0,-7.5,0.9375,0.0,0.0,-1.875,0.0,0.0,0.0,0.0,0.0,0.0,0.0,0.0,-0.9375,3.75,0.0,-1.875,-1.875,3.75,0.0,-1.875,0.9375,-7.5,0.0,-7.5,-3.75,0.9375,0.0,0.0,0.0,0.0,-3.75,0.0,0.0,0.0,0.0,0.0,0.0,0.0,0.0,0.0,0.0,0.0
205,9,16.875,15.0,0.0,15.0,-3.75,12.1875,-0.9375,3.75,0.0,8.4375,0.9375,15.0,0.0,3.75,15.0,-7.5,11.25,-15.0,0.0,-3.75,-1.875,0.0,0.0,-3.75,0.0,-1.875,-9.375,3.75,-1.875,-2.8125,-3.75,0.0,0.0,-1.875,0.0,0.0,0.0,0.0,0.0,-2.8125,4.6875,-1.875,-3.75,-1.875,3.75,0.0,-2.8125,3.75,-11.25,0.0,-11.25,-3.75,0.0,0.0,0.0,0.0,0.0,-5.625,0.0,0.0,0.0,0.0,0.0,0.0,0.0,0.0,0.0,0.0,0.0
205,10,15.0,15.0,0.0,13.125,-2.8125,13.125,-1.875,3.75,0.0,7.5,0.9375,11.25,0.0,1.875,15.0,-5.625,8.4375,-11.25,0.0,-1.875,-1.875,0.0,0.0,-3.75,0.0,-1.875,-7.5,3.75,-1.875,-1.875,0.0,0.0,0.0,-1.875,0.0,0.0,0.0,0.0,0.0,-2.8125,4.6875,-1.875,-2.8125,-3.75,3.75,0.0,-2.8125,3.75,-7.5,0.0,-7.5,-3.75,0.0,0.0,0.0,0.0,0.0,-3.75,0.0,0.0,0.0,0.0,0.0,0.0,0.0,0.0,0.0,0.0,0.0
205,11,15.0,15.0,0.0,15.0,-3.75,12.1875,0.0,3.75,0.0,7.5,0.0,15.0,0.0,3.75,15.0,-6.5625,8.4375,-11.25,0.0,-1.875,-1.875,0.0,0.0,-3.75,0.0,-1.875,-7.5,0.9375,-1.875,-1.875,0.0,0.0,0.0,-1.875,0.0,0.0,0.0,0.0,0.0,-1.875,3.75,0.0,-2.8125,-3.75,1.875,0.0,-2.8125,3.75,-7.5,0.0,-7.5,-1.875,0.0,0.0,0.0,0.0,0.0,-3.75,0.0,0.0,0.0,0.0,0.0,0.0,0.0,0.0,0.0,0.0,0.0
206,9,15.0,13.125,0.0,11.25,-3.75,11.25,0.0,3.75,0.0,7.5,0.0,12.1875,-1.875,0.0,15.0,-7.5,11.25,-15.0,0.0,-0.9375,-3.75,3.75,-3.75,-3.75,-3.75,-3.75,-11.25,3.75,-3.75,-1.875,-3.75,-1.875,0.0,-3.75,0.0,0.0,0.0,0.0,0.0,-3.75,3.75,0.0,-3.75,-3.75,0.9375,0.0,-3.75,3.75,-11.25,0.0,-11.25,0.0,0.0,0.0,0.0,0.0,0.0,-6.5625,0.0,0.0,0.0,0.0,0.0,0.0,0.0,0.0,0.0,0.0,0.0
206,10,13.125,13.125,0.0,11.25,-3.75,11.25,0.0,3.75,0.0,4.6875,0.0,11.25,-1.875,0.0,13.125,-6.5625,8.4375,-7.5,0.0,-1.875,-3.75,3.75,-1.875,0.0,-1.875,-3.75,-7.5,3.75,-2.8125,-1.875,-1.875,-1.875,0.0,-3.75,0.0,0.0,0.0,0.0,0.0,-3.75,3.75,-1.875,-3.75,-3.75,0.9375,0.0,-3.75,1.875,-7.5,0.0,-7.5,0.0,0.0,0.0,0.0,0.0,0.0,-3.75,0.0,0.0,0.0,0.0,0.0,0.0,0.0,0.0,0.0,0.0,0.0
206,11,15.0,13.125,0.0,11.25,-3.75,11.25,0.0,3.75,0.0,7.5,0.0,12.1875,0.0,0.0,15.0,-7.5,8.4375,-7.5,0.0,0.0,-3.75,3.75,-1.875,0.0,-1.875,-3.75,-10.3125,3.75,-3.75,0.0,0.0,0.0,0.0,-3.75,0.0,0.0,0.0,0.0,0.0,-3.75,3.75,0.0,-3.75,-3.75,0.0,0.0,-3.75,1.875,-10.3125,0.0,-7.5,0.0,0.0,0.0,0.0,0.0,0.0,-3.75,0.0,0.0,0.0,0.0,0.0,0.0,0.0,0.0,0.0,0.0,0.0
207,9,13.125,11.25,0.0,11.25,-7.5,9.375,0.0,0.9375,0.0,3.75,-1.875,11.25,0.0,0.0,15.0,-5.625,11.25,-13.125,0.0,0.0,-3.75,4.6875,-3.75,0.0,-3.75,-3.75,-15.0,0.9375,-3.75,0.0,-1.875,-1.875,0.0,-3.75,0.0,0.0,0.0,0.0,0.0,-3.75,3.75,0.0,-3.75,-3.75,0.0,0.0,-3.75,3.75,-11.25,0.0,3.75,0.0,0.0,0.0,0.0,-1.875,0.0,-6.5625,0.0,0.0,0.0,0.0,0.0,0.0,0.0,0.0,0.0,0.0,0.0
207,10,11.25,11.25,0.0,9.375,-6.5625,11.25,0.0,1.875,0.0,3.75,0.0,8.4375,0.0,0.0,12.1875,-3.75,7.5,0.0,-1.875,0.0,-3.75,3.75,-3.75,0.0,-3.75,-3.75,-11.25,0.9375,-3.75,0.0,0.0,0.0,0.0,-3.75,0.0,0.0,0.0,0.0,0.0,-3.75,3.75,0.0,-3.75,-3.75,0.0,0.0,-3.75,1.875,-7.5,0.0,3.75,0.0,0.0,0.0,0.0,-1.875,0.0,-3.75,0.0,0.0,0.0,0.0,0.0,0.0,0.0,0.0,0.0,0.0,0.0
207,11,11.25,11.25,0.0,11.25,-6.5625,9.375,0.0,0.9375,0.0,3.75,-1.875,11.25,0.0,0.0,12.1875,-3.75,7.5,-3.75,0.0,0.0,-3.75,3.75,-3.75,0.0,-3.75,-3.75,-11.25,0.9375,-3.75,0.0,0.0,0.0,0.0,-3.75,0.0,0.0,0.0,0.0,0.0,-3.75,3.75,0.0,-3.75,-3.75,0.0,0.0,-3.75,1.875,-7.5,0.0,0.9375,0.0,0.0,0.0,0.0,0.0,0.0,-3.75,0.0,0.0,0.0,0.0,0.0,0.0,0.0,0.0,0.0,0.0,0.0
208,9,11.25,9.375,-3.75,8.4375,-10.3125,7.5,-1.875,0.0,0.0,0.9375,-3.75,7.5,0.0,-3.75,8.4375,0.0,5.625,18.75,-1.875,0.0,-6.5625,3.75,-7.5,0.9375,-3.75,-5.625,-15.0,0.0,-3.75,-1.875,0.0,-1.875,0.0,-3.75,-1.875,0.0,0.0,0.0,0.0,-6.5625,3.75,0.0,-6.5625,0.0,0.0,0.0,-6.5625,1.875,-5.625,0.0,11.25,0.0,-0.9375,0.0,0.0,-1.875,0.0,0.0,0.0,0.0,0.0,0.0,0.0,0.0,0.0,0.0,0.0,0.0,0.0
208,10,8.4375,8.4375,-3.75,8.4375,-7.5,7.5,-1.875,0.0,0.0,0.9375,-2.8125,7.5,0.0,-3.75,9.375,0.0,3.75,7.5,-1.875,0.0,-5.625,3.75,-3.75,1.875,-3.75,-5.625,-11.25,0.0,-3.75,0.0,0.0,0.0,0.0,-3.75,-1.875,0.0,0.0,0.0,-1.875,-5.625,3.75,0.0,-6.5625,-1.875,0.0,0.0,-5.625,0.9375,-3.75,0.0,7.5,0.0,0.0,0.0,0.0,-1.875,0.0,-1.875,0.0,0.0,0.0,0.0,0.0,0.0,0.0,0.0,0.0,0.0,0.0
208,11,8.4375,9.375,-3.75,8.4375,-7.5,7.5,0.0,0.0,0.0,1.875,-1.875,7.5,0.0,-3.75,11.25,0.0,3.75,7.5,-1.875,0.0,-3.75,3.75,-3.75,1.875,-1.875,-5.625,-11.25,0.0,-3.75,-1.875,0.0,0.0,0.0,-4.6875,-1.875,0.0,0.0,0.0,0.0,-5.625,3.75,0.0,-6.5625,-1.875,-1.875,0.0,-5.625,0.9375,-3.75,0.0,7.5,1.875,0.0,0.0,0.0,-1.875,0.0,-1.875,0.0,0.0,0.0,0.0,0.0,0.0,0.0,0.0,0.0,0.0,0.0
209,9,7.5,7.5,-1.875,7.5,-9.375,7.5,0.0,0.0,0.0,0.0,-2.8125,4.6875,0.0,-1.875,7.5,8.4375,3.75,19.6875,-1.875,-3.75,-7.5,3.75,-3.75,3.75,-3.75,-7.5,-14.0625,0.0,-7.5,-3.75,0.0,-3.75,0.0,-7.5,-3.75,0.0,0.0,0.0,0.0,-7.5,0.9375,0.0,-7.5,3.75,-3.75,0.0,-7.5,0.0,11.25,-1.875,11.25,0.9375,-3.75,0.0,0.0,-2.8125,0.0,7.5,0.0,0.0,0.0,0.0,0.0,0.0,0.0,0.0,0.0,0.0,0.0
209,10,7.5,7.5,-1.875,7.5,-7.5,7.5,0.0,0.0,0.0,0.9375,-1.875,3.75,0.0,-1.875,7.5,3.75,1.875,15.0,0.0,-2.8125,-7.5,3.75,-3.75,3.75,-2.8125,-7.5,-7.5,0.0,-7.5,-3.75,0.0,-3.75,0.0,-7.5,-3.75,0.0,0.0,0.0,0.0,-7.5,0.9375,0.0,-7.5,1.875,-3.75,0.0,-7.5,0.0,7.5,-0.9375,8.4375,0.9375,-3.75,0.0,0.0,-2.8125,0.0,0.9375,0.0,0.0,0.0,0.0,0.0,0.0,0.0,0.0,0.0,0.0,0.0
209,11,7.5,7.5,-1.875,7.5,-7.5,7.5,0.0,0.0,0.0,0.0,-2.8125,5.625,0.0,-1.875,7.5,3.75,1.875,15.0,0.0,0.0,-7.5,3.75,-3.75,3.75,-1.875,-7.5,-7.5,0.0,-7.5,-2.8125,0.0,-1.875,0.0,-7.5,-3.75,0.0,0.0,0.0,0.0,-7.5,0.9375,0.0,-7.5,1.875,-3.75,0.0,-7.5,0.0,7.5,0.0,8.4375,0.9375,-2.8125,0.0,0.0,-1.875,0.0,0.9375,0.0,0.0,0.0,0.0,0.0,0.0,0.0,0.0,0.0,0.0,0.0
210,9,5.625,6.5625,0.9375,4.6875,-7.5,4.6875,0.0,0.0,0.0,0.0,-2.8125,3.75,0.0,0.0,4.6875,11.25,3.75,19.6875,0.0,-1.875,-11.25,3.75,0.0,3.75,-1.875,-9.375,7.5,1.875,-7.5,-2.8125,0.0,-3.75,0.0,-7.5,-3.75,0.0,0.0,0.0,0.0,-7.5,0.0,0.0,-7.5,7.5,-3.75,3.75,-7.5,0.0,13.125,-1.875,11.25,0.0,-3.75,3.75,0.0,-2.8125,0.0,7.5,0.0,0.0,0.0,0.0,0.0,0.0,0.0,0.0,0.0,0.0,0.0
210,10,4.6875,5.625,0.9375,4.6875,-3.75,4.6875,0.0,0.0,0.0,0.0,-1.875,3.75,0.0,0.0,5.625,7.5,3.75,15.0,0.0,-1.875,-9.375,3.75,0.0,3.75,0.0,-10.3125,3.75,0.0,-7.5,-1.875,0.0,-1.875,0.0,-7.5,-3.75,0.0,0.0,0.0,0.0,-7.5,0.0,0.0,-7.5,4.6875,-3.75,3.75,-7.5,0.0,8.4375,-1.875,9.375,0.0,-3.75,3.75,0.0,-3.75,0.0,4.6875,0.0,0.0,0.0,0.0,0.0,0.0,0.0,0.0,0.0,0.0,0.0
210,11,3.75,5.625,0.0,4.6875,-3.75,4.6875,0.0,0.0,0.0,0.0,-3.75,3.75,0.0,0.0,4.6875,7.5,3.75,16.875,0.0,0.0,-9.375,3.75,0.0,3.75,0.0,-9.375,3.75,0.0,-7.5,-1.875,0.0,0.0,0.0,-7.5,-3.75,0.0,0.0,0.0,0.0,-7.5,0.0,0.0,-7.5,5.625,-3.75,0.9375,-7.5,0.0,8.4375,-1.875,7.5,0.0,-3.75,3.75,0.0,-1.875,0.0,3.75,0.0,0.0,0.0,0.0,0.0,0.0,0.0,0.0,0.0,0.0,0.0
211,9,3.75,4.6875,0.0,3.75,-3.75,3.75,-6.5625,0.0,0.0,0.0,-1.875,0.0,0.9375,-1.875,3.75,9.375,0.0,20.625,0.0,0.0,-14.0625,0.9375,7.5,3.75,0.0,-11.25,11.25,0.0,-10.3125,0.0,0.0,0.0,-2.8125,-8.4375,-3.75,0.0,0.0,0.0,0.0,-11.25,0.0,0.0,-10.3125,8.4375,-3.75,3.75,-8.4375,0.0,11.25,-3.75,8.4375,0.0,-3.75,3.75,0.0,0.0,0.0,7.5,0.0,0.0,0.0,0.0,0.0,0.0,0.0,0.0,0.0,0.0,0.0
211,10,3.75,3.75,1.875,3.75,-1.875,3.75,-3.75,0.0,0.0,0.0,-1.875,0.0,0.9375,0.0,3.75,7.5,0.0,15.0,0.0,0.0,-11.25,0.9375,3.75,3.75,0.0,-11.25,7.5,0.0,-10.3125,0.0,0.0,0.0,-1.875,-7.5,-3.75,0.0,0.0,0.0,0.0,-11.25,0.0,0.0,-9.375,7.5,-3.75,3.75,-7.5,0.0,9.375,-2.8125,7.5,0.0,-3.75,3.75,0.0,0.0,0.0,7.5,0.0,0.0,0.0,0.0,0.0,0.0,0.0,0.0,0.0,0.0,0.0
211,11,3.75,3.75,0.0,3.75,-1.875,3.75,-3.75,0.0,0.0,0.0,0.0,0.9375,0.9375,0.0,3.75,7.5,0.0,16.875,0.0,0.0,-11.25,2.8125,3.75,3.75,0.0,-11.25,7.5,0.0,-9.375,0.0,0.0,0.0,-1.875,-9.375,-3.75,0.0,0.0,0.0,0.0,-10.3125,0.0,0.0,-9.375,7.5,-3.75,3.75,-7.5,0.0,11.25,-2.8125,7.5,0.0,-3.75,3.75,0.0,0.0,0.0,7.5,0.0,0.0,0.0,0.0,0.0,0.0,0.0,0.0,0.0,0.0,0.0
212,9,0.0,1.875,-3.75,3.75,1.875,1.875,-3.75,0.0,0.0,0.0,0.0,0.0,1.875,0.0,1.875,7.5,-1.875,18.75,1.875,0.0,-15.0,-1.875,7.5,3.75,0.0,-15.0,9.375,0.0,-11.25,0.0,0.0,0.0,-3.75,-11.25,-3.75,0.0,0.0,0.0,0.0,-11.25,0.0,0.0,-11.25,7.5,0.0,3.75,-10.3125,-1.875,10.3125,-3.75,7.5,0.0,-3.75,3.75,0.0,0.0,0.0,7.5,0.0,0.0,0.0,0.0,0.0,0.0,0.0,0.0,0.0,0.0,0.0
212,10,0.0,1.875,-3.75,3.75,0.0,1.875,-3.75,0.0,0.0,0.0,0.0,0.0,0.9375,0.0,1.875,7.5,-1.875,15.0,0.9375,0.0,-13.125,0.0,3.75,3.75,0.0,-15.0,8.4375,0.0,-11.25,1.875,0.0,0.9375,-3.75,-11.25,-3.75,0.0,0.0,0.0,0.0,-11.25,0.0,0.0,-10.3125,7.5,0.0,3.75,-10.3125,-1.875,8.4375,-3.75,5.625,0.0,-3.75,3.75,0.0,0.0,0.0,7.5,0.0,0.0,0.0,0.0,0.0,0.0,0.0,0.0,0.0,0.0,0.0
212,11,0.0,1.875,-3.75,1.875,0.0,1.875,-3.75,0.0,0.0,0.0,0.0,0.0,0.0,0.0,0.9375,7.5,0.0,15.0,0.0,0.0,-14.0625,0.0,3.75,3.75,0.0,-15.0,7.5,0.0,-11.25,0.0,0.0,0.9375,-3.75,-11.25,-6.5625,0.0,0.0,0.0,0.0,-11.25,0.0,0.0,-11.25,7.5,-1.875,3.75,-10.3125,-1.875,7.5,-3.75,4.6875,0.0,-3.75,3.75,0.0,0.0,0.0,5.625,0.0,0.0,0.0,0.0,0.0,0.0,0.0,0.0,0.0,0.0,0.0
213,9,-1.875,0.9375,0.0,1.875,4.6875,0.9375,-1.875,0.0,0.9375,0.0,3.75,-0.9375,-1.875,0.0,0.0,5.625,0.0,17.8125,0.0,0.0,-17.8125,-3.75,3.75,3.75,0.0,-15.0,8.4375,0.0,-14.0625,0.0,0.0,3.75,-3.75,-11.25,-6.5625,0.0,-1.875,0.0,0.0,-11.25,0.0,0.0,-11.25,7.5,3.75,3.75,-11.25,-1.875,7.5,-3.75,3.75,0.0,-3.75,3.75,0.0,1.875,0.0,4.6875,0.0,0.0,0.0,0.0,0.0,0.0,0.0,0.0,0.0,0.0,0.0
213,10,0.0,0.9375,0.0,0.9375,3.75,0.9375,0.0,0.0,0.0,0.0,0.9375,0.0,-1.875,0.0,0.0,4.6875,0.0,13.125,0.0,0.0,-15.0,-2.8125,0.9375,3.75,0.0,-15.0,7.5,0.0,-14.0625,0.0,0.0,3.75,-3.75,-11.25,-6.5625,-0.9375,-1.875,0.0,0.0,-11.25,0.0,0.0,-11.25,4.6875,0.0,3.75,-11.25,-2.8125,7.5,-3.75,3.75,0.0,-3.75,3.75,0.0,3.75,0.0,3.75,0.0,0.0,0.0,0.0,0.0,0.0,0.0,0.0,0.0,0.0,0.0
213,11,0.0,0.9375,0.0,0.9375,3.75,0.0,-1.875,0.0,0.0,0.0,1.875,0.0,0.0,0.0,0.0,4.6875,0.0,15.0,0.0,0.0,-15.0,-2.8125,3.75,3.75,0.0,-15.0,8.4375,0.0,-13.125,0.0,0.0,3.75,-3.75,-11.25,-6.5625,-1.875,0.0,0.0,-1.875,-11.25,0.0,0.0,-11.25,4.6875,0.0,0.9375,-11.25,-2.8125,7.5,-3.75,3.75,0.0,-3.75,3.75,0.0,3.75,0.0,3.75,0.0,0.0,0.0,0.0,0.0,0.0,0.0,0.0,0.0,0.0,0.0
214,9,-3.75,0.0,3.75,0.9375,7.5,0.0,0.0,0.0,3.75,0.0,4.6875,-1.875,-3.75,0.0,-1.875,3.75,0.0,9.375,0.0,0.0,-18.75,-3.75,3.75,3.75,1.875,-15.0,7.5,0.0,-11.25,3.75,0.0,3.75,-3.75,-11.25,-3.75,-3.75,-1.875,-1.875,-3.75,-11.25,0.0,0.0,-11.25,4.6875,3.75,0.0,-7.5,-3.75,7.5,-1.875,3.75,0.0,-1.875,1.875,0.0,3.75,0.0,3.75,0.0,0.0,0.0,0.0,0.0,0.0,0.0,0.0,0.0,0.0,0.0
214,10,-3.75,0.9375,1.875,0.9375,3.75,0.0,0.0,0.0,1.875,0.0,3.75,0.0,-1.875,0.0,0.0,3.75,0.0,9.375,0.0,0.0,-15.0,-3.75,3.75,3.75,0.0,-15.0,7.5,0.0,-11.25,0.9375,0.0,1.875,-3.75,-11.25,-3.75,-2.8125,-1.875,0.0,-1.875,-11.25,0.0,0.0,-11.25,3.75,3.75,0.0,-11.25,-3.75,6.5625,-3.75,2.8125,0.0,-1.875,2.8125,0.0,3.75,0.0,3.75,0.0,0.0,0.0,0.0,0.0,0.0,0.0,0.0,0.0,0.0,0.0
214,11,-3.75,0.0,0.9375,0.0,4.6875,0.0,0.0,0.0,0.0,0.0,3.75,0.0,-1.875,0.0,0.0,3.75,0.0,9.375,0.0,0.0,-15.0,-3.75,3.75,0.9375,0.0,-15.0,7.5,0.0,-13.125,0.9375,0.0,3.75,-3.75,-11.25,-3.75,-3.75,-1.875,0.0,-3.75,-11.25,0.0,0.0,-11.25,3.75,3.75,0.0,-11.25,-3.75,5.625,-1.875,1.875,0.0,0.0,1.875,0.0,3.75,0.0,3.75,0.0,0.0,0.0,0.0,0.0,0.0,0.0,0.0,0.0,0.0,0.0
215,9,-3.75,-3.75,3.75,0.0,4.6875,0.0,4.6875,0.0,3.75,0.0,4.6875,-2.8125,0.0,0.0,-3.75,0.9375,0.0,3.75,-0.9375,0.0,15.0,-3.75,3.75,0.0,0.0,11.25,5.625,0.0,7.5,3.75,0.0,0.9375,-3.75,3.75,0.0,-3.75,-1.875,-1.875,-3.75,-3.75,0.0,-1.875,-3.75,3.75,4.6875,-1.875,-3.75,-3.75,3.75,0.0,0.9375,-1.875,0.0,0.9375,0.0,3.75,0.0,3.75,0.0,0.0,0.0,0.0,0.0,0.0,0.0,0.0,0.0,0.0,0.0
215,10,-3.75,-1.875,3.75,0.0,3.75,0.0,3.75,0.0,3.75,0.0,3.75,-1.875,0.0,0.0,0.0,0.0,0.0,4.6875,0.0,0.0,-5.625,-3.75,1.875,0.0,0.0,-9.375,4.6875,0.0,-7.5,3.75,0.0,1.875,-3.75,-3.75,0.0,-3.75,-2.8125,-1.875,-3.75,-7.5,0.0,0.0,-7.5,1.875,3.75,0.0,-7.5,-3.75,3.75,0.0,0.0,-0.9375,0.0,0.9375,0.0,3.75,0.0,3.75,0.0,0.0,0.0,0.0,0.0,0.0,0.0,0.0,0.0,0.0,0.0
215,11,-3.75,-1.875,1.875,0.0,3.75,0.0,3.75,0.0,0.9375,0.0,3.75,-1.875,0.0,0.0,0.0,0.9375,0.0,3.75,0.0,0.0,-1.875,-1.875,3.75,0.0,0.0,-9.375,4.6875,0.0,-7.5,1.875,0.0,0.9375,-3.75,-3.75,0.0,-3.75,-1.875,-1.875,-3.75,-7.5,0.0,0.0,-7.5,3.75,3.75,0.0,-7.5,-3.75,3.75,0.0,0.0,-1.875,0.0,0.9375,0.0,3.75,0.0,3.75,0.0,0.0,0.0,0.0,0.0,0.0,0.0,0.0,0.0,0.0,0.0
216,9,-3.75,-3.75,1.875,0.0,0.9375,0.0,7.5,0.0,3.75,0.0,3.75,-2.8125,0.0,0.0,-3.75,0.0,0.0,3.75,-2.8125,0.0,18.75,-1.875,0.0,0.9375,0.9375,15.9375,3.75,0.0,15.0,3.75,0.0,1.875,-1.875,15.0,7.5,-3.75,0.0,-2.8125,-3.75,13.125,0.0,-1.875,11.25,0.0,4.6875,-3.75,11.25,-1.875,3.75,3.75,0.0,-1.875,0.9375,0.0,0.0,3.75,0.0,0.9375,0.0,0.0,0.0,0.0,0.0,0.0,0.0,0.0,0.0,0.0,0.0
216,10,-3.75,-0.9375,0.0,-3.75,0.0,0.0,4.6875,0.0,3.75,0.0,0.9375,-1.875,0.0,0.0,-2.8125,0.0,0.0,3.75,-1.875,0.0,15.0,0.0,0.0,0.9375,0.9375,18.75,3.75,0.0,15.0,2.8125,0.0,1.875,0.0,13.125,7.5,-3.75,0.0,-1.875,-3.75,13.125,0.0,0.0,11.25,1.875,3.75,-2.8125,11.25,-1.875,3.75,3.75,0.0,-1.875,0.9375,0.0,0.0,2.8125,0.0,0.9375,0.0,0.0,0.0,0.0,0.0,0.0,0.0,0.0,0.0,0.0,0.0
216,11,-3.75,-1.875,0.0,-1.875,0.9375,0.0,3.75,0.0,0.9375,0.0,3.75,-1.875,0.0,0.0,-1.875,0.0,0.0,3.75,-1.875,0.0,15.0,0.0,0.0,0.0,0.9375,18.75,3.75,0.0,15.0,0.9375,0.0,0.9375,-1.875,15.0,7.5,-3.75,-1.875,-1.875,-3.75,13.125,0.0,0.0,11.25,0.0,3.75,-3.75,11.25,-1.875,3.75,3.75,0.0,-1.875,0.9375,0.0,0.0,3.75,0.0,0.9375,0.0,0.0,0.0,0.0,0.0,0.0,0.0,0.0,0.0,0.0,0.0
217,9,-3.75,0.0,0.9375,-3.75,0.9375,-3.75,7.5,0.0,3.75,-1.875,1.875,0.0,0.0,0.0,-2.8125,0.0,0.0,2.8125,-3.75,3.75,18.75,0.0,0.0,1.875,0.9375,18.75,3.75,0.0,15.9375,3.75,0.0,0.9375,3.75,15.0,11.25,-3.75,0.0,-3.75,0.0,15.0,0.0,-1.875,15.0,0.0,3.75,-6.5625,13.125,0.0,0.9375,3.75,0.0,-1.875,0.9375,0.0,0.0,1.875,0.0,0.0,0.0,0.0,0.0,0.0,0.0,0.0,0.0,0.0,0.0,0.0,0.0
217,10,-3.75,0.0,0.0,0.0,0.9375,-2.8125,3.75,0.0,3.75,-1.875,0.9375,0.0,0.0,0.0,-1.875,0.0,0.0,1.875,-2.8125,0.9375,15.9375,0.0,0.0,0.0,0.9375,18.75,1.875,0.0,15.0,0.9375,0.0,0.9375,3.75,15.0,8.4375,-1.875,0.0,-3.75,0.0,15.0,0.0,0.0,13.125,0.0,3.75,-3.75,11.25,0.0,0.9375,3.75,0.0,-1.875,0.0,0.0,0.0,1.875,0.0,0.0,0.0,0.0,0.0,0.0,0.0,0.0,0.0,0.0,0.0,0.0,0.0
217,11,-1.875,0.0,0.9375,0.0,0.9375,0.0,3.75,0.0,3.75,0.0,1.875,0.0,0.0,0.0,0.0,0.0,0.0,0.9375,-3.75,0.9375,16.875,0.0,0.0,0.0,0.0,18.75,0.9375,0.0,15.0,0.9375,0.0,0.0,1.875,15.0,8.4375,-1.875,0.0,-3.75,-3.75,15.0,0.0,0.0,15.0,0.0,3.75,-3.75,11.25,0.0,0.9375,3.75,0.0,-1.875,0.0,0.0,0.0,1.875,0.0,0.0,0.0,0.0,0.0,0.0,0.0,0.0,0.0,0.0,0.0,0.0,0.0
218,9,-3.75,-1.875,1.875,0.0,0.0,-2.8125,3.75,0.0,7.5,-3.75,3.75,0.0,0.0,0.0,0.0,-1.875,0.0,1.875,-5.625,0.0,18.75,0.0,0.0,-1.875,0.0,16.875,0.0,0.0,15.9375,0.9375,0.0,0.0,7.5,15.0,9.375,-3.75,0.0,-3.75,3.75,15.0,0.9375,0.0,15.0,0.0,1.875,-7.5,13.125,1.875,0.0,5.625,0.0,0.0,0.0,0.0,0.0,0.9375,0.0,0.0,0.0,0.0,0.0,0.0,0.0,0.0,0.0,0.0,0.0,0.0,0.0
218,10,-3.75,0.0,0.9375,0.0,0.0,-1.875,3.75,0.0,4.6875,-1.875,3.75,0.0,0.0,0.0,0.0,0.0,0.0,0.9375,-3.75,0.0,15.9375,0.9375,0.0,-1.875,0.0,18.75,0.0,0.0,15.0,0.9375,0.0,0.0,7.5,15.0,8.4375,-1.875,0.0,-3.75,0.0,15.0,0.9375,0.0,13.125,0.0,0.9375,-5.625,13.125,0.9375,0.0,4.6875,0.0,0.0,0.0,0.0,0.0,0.9375,0.0,0.0,0.0,0.0,0.0,0.0,0.0,0.0,0.0,0.0,0.0,0.0,0.0
218,11,-3.75,0.0,0.9375,0.0,0.0,0.0,3.75,0.0,3.75,-1.875,3.75,0.0,0.0,0.0,0.0,0.0,0.0,0.9375,-3.75,0.0,15.9375,0.9375,0.0,0.0,0.0,17.8125,0.0,0.0,15.0,0.0,0.0,0.0,4.6875,15.0,9.375,-3.75,0.0,-3.75,0.0,15.0,0.9375,0.0,15.0,0.0,0.9375,-3.75,13.125,1.875,0.0,3.75,0.0,-1.875,0.0,0.0,0.0,0.9375,0.0,0.0,0.0,0.0,0.0,0.0,0.0,0.0,0.0,0.0,0.0,0.0,0.0
219,9,-3.75,-3.75,0.9375,0.0,-1.875,0.0,3.75,0.0,5.625,0.0,0.9375,-3.75,0.9375,0.0,0.0,-1.875,0.0,0.9375,-6.5625,0.0,16.875,0.9375,0.0,-1.875,0.0,15.0,-1.875,0.9375,15.0,0.0,-1.875,0.0,7.5,15.0,8.4375,-3.75,0.0,-3.75,7.5,15.0,0.0,0.0,13.125,0.0,0.0,-7.5,12.1875,3.75,0.0,4.6875,0.0,0.0,0.0,0.0,0.0,0.0,0.0,0.0,0.0,0.0,0.0,0.0,0.0,0.0,0.0,0.0,0.0,0.0,0.0
219,10,-3.75,-2.8125,0.9375,0.0,-1.875,0.0,3.75,0.0,3.75,0.0,0.0,-3.75,0.9375,0.0,0.0,-1.875,0.0,0.0,-4.6875,0.0,15.0,0.0,0.0,-0.9375,0.0,15.9375,0.0,0.9375,15.0,0.0,-1.875,0.0,7.5,15.0,8.4375,-3.75,0.0,-3.75,3.75,13.125,0.9375,0.9375,13.125,0.0,0.0,-3.75,13.125,3.75,0.0,4.6875,0.0,0.0,0.0,0.0,0.0,0.0,0.0,0.0,0.0,0.0,0.0,0.0,0.0,0.0,0.0,0.0,0.0,0.0,0.0
219,11,-3.75,-1.875,0.0,0.0,-1.875,0.0,3.75,0.0,3.75,0.0,0.0,-1.875,0.0,0.0,0.0,0.0,0.0,0.0,-3.75,0.0,15.0,0.9375,0.0,0.0,0.0,15.9375,0.0,0.0,15.0,0.0,-1.875,0.0,7.5,15.0,8.4375,0.0,0.0,-1.875,3.75,13.125,0.0,0.0,13.125,0.0,0.0,-3.75,11.25,3.75,0.0,3.75,0.0,0.0,0.0,0.0,0.0,0.0,0.0,0.0,0.0,0.0,0.0,0.0,0.0,0.0,0.0,0.0,0.0,0.0,0.0
220,9,-1.875,-1.875,0.0,0.0,-3.75,0.9375,3.75,0.9375,3.75,-3.75,0.0,-3.75,0.0,-1.875,-3.75,0.0,0.0,0.0,-5.625,0.0,15.0,0.9375,0.0,0.0,0.0,15.0,0.0,0.9375,15.0,0.0,-3.75,0.0,7.5,13.125,7.5,0.0,0.0,0.0,8.4375,13.125,0.0,0.0,12.1875,0.0,0.0,-3.75,11.25,3.75,0.0,3.75,0.0,0.0,0.0,-1.875,0.0,0.0,0.0,0.0,0.0,0.0,0.0,0.0,0.0,0.0,0.0,0.0,0.0,0.0,0.0
220,10,-1.875,0.0,0.0,0.0,-3.75,0.9375,0.9375,0.0,3.75,-3.75,0.0,-1.875,0.0,-1.875,-1.875,0.0,0.0,0.0,-3.75,0.0,15.0,0.9375,0.0,0.0,0.0,15.0,0.0,0.9375,14.0625,0.0,-1.875,0.0,5.625,13.125,7.5,0.0,0.0,0.0,7.5,12.1875,0.0,0.9375,11.25,0.0,0.0,0.0,11.25,3.75,0.0,3.75,0.0,0.0,0.0,-1.875,0.0,0.0,0.0,0.0,0.0,0.0,0.0,0.0,0.0,0.0,0.0,0.0,0.0,0.0,0.0
220,11,-1.875,0.0,0.0,0.0,-3.75,0.0,0.0,0.0,3.75,0.0,0.0,-1.875,0.0,0.0,-1.875,0.0,0.0,0.0,-3.75,0.0,15.0,0.9375,0.0,0.0,0.0,15.0,0.0,0.0,15.0,0.0,-2.8125,-1.875,7.5,12.1875,7.5,0.0,0.0,0.0,7.5,12.1875,0.0,0.0,12.1875,0.0,0.0,0.0,11.25,3.75,0.0,3.75,0.0,0.0,0.0,-1.875,0.0,0.0,0.0,0.0,0.0,0.0,0.0,0.0,0.0,0.0,0.0,0.0,0.0,0.0,0.0
221,9,-3.75,0.0,-0.9375,0.0,-3.75,-3.75,0.0,3.75,3.75,-3.75,0.0,-1.875,0.0,-3.75,0.0,0.0,0.0,0.0,-6.5625,-3.75,14.0625,3.75,0.0,-6.5625,0.0,13.125,3.75,0.9375,12.1875,0.0,-3.75,-3.75,7.5,11.25,7.5,3.75,0.0,-1.875,10.3125,11.25,0.0,0.0,11.25,0.0,0.0,3.75,11.25,3.75,-1.875,3.75,-1.875,3.75,0.0,-1.875,0.0,0.0,0.0,0.0,0.0,0.0,0.0,0.0,0.0,0.0,0.0,0.0,0.0,0.0,0.0
221,10,-1.875,0.9375,0.0,0.0,-3.75,-1.875,0.0,0.9375,3.75,-3.75,0.0,0.0,0.0,-1.875,0.0,0.0,0.0,0.0,-3.75,-2.8125,12.1875,3.75,0.0,-3.75,0.0,12.1875,1.875,0.9375,11.25,0.0,-3.75,-3.75,5.625,12.1875,7.5,1.875,0.0,-1.875,7.5,11.25,0.0,0.0,11.25,0.0,0.0,3.75,11.25,3.75,0.0,3.75,-1.875,0.9375,0.0,0.0,0.0,0.0,0.0,0.0,0.0,0.0,0.0,0.0,0.0,0.0,0.0,0.0,0.0,0.0,0.0
221,11,-1.875,0.0,0.0,0.0,-3.75,0.0,0.0,0.0,3.75,-3.75,0.0,0.0,0.0,-1.875,0.0,0.0,0.0,0.0,-3.75,-3.75,12.1875,0.9375,0.0,-3.75,0.0,12.1875,0.0,0.0,11.25,0.0,-3.75,-3.75,5.625,11.25,7.5,3.75,0.0,0.0,7.5,11.25,0.0,0.0,11.25,0.0,0.0,3.75,11.25,3.75,0.0,3.75,-1.875,0.9375,0.0,-1.875,0.0,0.0,0.0,0.0,0.0,0.0,0.0,0.0,0.0,0.0,0.0,0.0,0.0,0.0,0.0
222,9,-3.75,1.875,0.0,0.0,-3.75,-1.875,0.0,0.0,3.75,-3.75,0.9375,-3.75,-1.875,-3.75,0.0,0.0,0.0,0.0,-3.75,-6.5625,11.25,0.9375,0.0,-6.5625,0.0,11.25,0.0,0.0,11.25,0.0,-3.75,-5.625,3.75,11.25,4.6875,3.75,0.0,0.0,7.5,9.375,0.0,0.0,11.25,0.0,0.0,5.625,8.4375,3.75,0.0,3.75,-3.75,3.75,0.0,-1.875,0.0,0.0,0.0,0.0,0.0,0.0,0.0,0.0,0.0,0.0,0.0,0.0,0.0,0.0,0.0
222,10,-2.8125,0.9375,0.0,0.0,-3.75,-1.875,0.0,0.0,3.75,-3.75,0.9375,-1.875,-1.875,-1.875,0.0,0.0,0.0,0.0,-3.75,-3.75,11.25,0.9375,0.0,-3.75,0.0,11.25,0.0,0.0,11.25,0.0,-4.6875,-3.75,3.75,9.375,4.6875,3.75,0.0,0.0,5.625,8.4375,0.0,0.0,9.375,0.0,0.0,5.625,8.4375,3.75,0.0,3.75,-2.8125,3.75,0.0,-1.875,0.0,0.0,0.0,0.0,0.0,0.0,0.0,0.0,0.0,0.0,0.0,0.0,0.0,0.0,0.0
222,11,-1.875,0.0,0.0,0.0,-3.75,0.0,0.0,0.0,0.9375,-3.75,0.0,-1.875,-0.9375,-3.75,0.0,0.0,0.0,0.0,-3.75,-3.75,11.25,0.0,0.0,-3.75,0.0,11.25,0.0,0.0,11.25,0.0,-3.75,-3.75,3.75,9.375,4.6875,3.75,0.0,0.0,7.5,8.4375,0.0,0.0,9.375,0.0,0.0,3.75,7.5,3.75,0.0,3.75,-2.8125,3.75,0.0,-1.875,0.0,0.0,0.0,0.0,0.0,0.0,0.0,0.0,0.0,0.0,0.0,0.0,0.0,0.0,0.0
223,9,0.0,-3.75,0.0,3.75,-3.75,-1.875,1.875,0.9375,0.0,-2.8125,0.0,-3.75,-3.75,-3.75,0.0,0.0,0.0,-3.75,0.0,-7.5,9.375,0.0,0.0,-3.75,0.0,8.4375,0.0,0.0,8.4375,0.0,-5.625,-7.5,0.9375,8.4375,3.75,3.75,0.0,0.0,7.5,7.5,0.0,0.0,7.5,0.0,0.0,4.6875,7.5,0.9375,0.0,1.875,-3.75,0.9375,-1.875,0.0,0.0,0.0,0.0,0.0,0.0,0.0,0.0,0.0,0.0,0.0,0.0,0.0,0.0,0.0,0.0
223,10,0.0,-1.875,0.0,0.9375,-3.75,-1.875,0.0,0.9375,0.0,-1.875,0.0,-3.75,-2.8125,-1.875,0.0,0.0,0.0,-3.75,0.0,-6.5625,8.4375,0.0,0.0,-3.75,0.0,8.4375,0.0,0.0,8.4375,0.0,-5.625,-3.75,0.9375,8.4375,3.75,3.75,0.0,0.0,3.75,7.5,0.0,0.0,7.5,0.0,0.0,3.75,7.5,3.75,0.0,1.875,-3.75,0.9375,-1.875,0.0,0.0,0.0,0.0,0.0,0.0,0.0,0.0,0.0,0.0,0.0,0.0,0.0,0.0,0.0,0.0
223,11,0.0,-1.875,-1.875,0.0,-3.75,-1.875,0.0,0.9375,0.0,0.0,0.0,-3.75,-3.75,-1.875,0.0,0.0,0.0,-1.875,0.0,-6.5625,7.5,0.0,0.0,-3.75,0.0,8.4375,0.0,0.0,8.4375,0.0,-6.5625,-3.75,0.9375,7.5,3.75,3.75,0.0,0.0,3.75,7.5,0.0,0.0,7.5,0.0,0.0,3.75,7.5,1.875,0.0,0.9375,-3.75,0.9375,-1.875,0.0,0.0,0.0,0.0,0.0,0.0,0.0,0.0,0.0,0.0,0.0,0.0,0.0,0.0,0.0,0.0
224,9,0.0,-3.75,-3.75,0.9375,-3.75,-1.875,3.75,3.75,0.0,0.0,0.0,-0.9375,-3.75,-1.875,0.0,0.9375,0.0,-3.75,-3.75,-10.3125,7.5,0.0,0.0,-1.875,0.0,7.5,0.0,0.0,7.5,0.0,-7.5,-7.5,0.0,7.5,3.75,3.75,0.0,0.0,3.75,7.5,0.0,0.0,7.5,0.0,0.0,3.75,7.5,0.0,0.0,0.0,-6.5625,0.0,-3.75,0.0,0.0,-1.875,0.0,0.0,0.0,0.0,0.0,0.0,0.0,0.0,0.0,0.0,0.0,0.0,0.0
224,10,0.0,-2.8125,-3.75,0.9375,-3.75,-1.875,3.75,3.75,0.0,0.0,0.0,0.0,-2.8125,-1.875,0.0,0.0,0.0,-3.75,-3.75,-7.5,6.5625,0.0,0.0,0.0,0.0,7.5,0.0,0.0,7.5,0.0,-6.5625,-3.75,0.0,7.5,3.75,0.9375,0.0,0.0,3.75,5.625,-0.9375,0.0,5.625,0.0,0.0,3.75,5.625,0.9375,0.0,0.0,-6.5625,0.0,-2.8125,0.0,0.0,-1.875,0.0,0.0,0.0,0.0,0.0,0.0,0.0,0.0,0.0,0.0,0.0,0.0,0.0
224,11,0.0,-2.8125,-3.75,0.0,-3.75,-1.875,1.875,3.75,0.0,0.0,0.0,0.0,-3.75,0.0,0.0,0.0,0.0,-3.75,0.0,-7.5,7.5,0.0,0.0,0.0,0.0,7.5,0.0,0.0,7.5,0.0,-5.625,-7.5,0.0,6.5625,3.75,3.75,0.0,0.0,3.75,5.625,0.0,0.0,7.5,0.0,0.0,3.75,4.6875,0.9375,0.0,0.0,-5.625,0.0,-2.8125,0.0,0.0,-1.875,0.0,0.0,0.0,0.0,0.0,0.0,0.0,0.0,0.0,0.0,0.0,0.0,0.0
225,9,0.9375,-1.875,-5.625,3.75,0.0,0.0,0.0,3.75,0.0,0.0,0.0,0.0,-3.75,-1.875,0.0,0.9375,0.0,-1.875,-1.875,-10.3125,5.625,0.0,0.0,-3.75,0.0,5.625,-3.75,0.0,4.6875,3.75,-6.5625,-7.5,0.0,4.6875,0.9375,0.9375,0.0,0.0,3.75,3.75,0.0,0.0,4.6875,0.0,0.0,3.75,4.6875,0.0,0.0,0.0,-7.5,0.0,-3.75,3.75,0.0,-3.75,0.0,0.0,0.0,0.0,0.0,0.0,0.0,0.0,0.0,0.0,0.0,0.0,0.0
225,10,0.9375,0.0,-3.75,1.875,0.0,0.0,0.0,3.75,0.0,0.0,0.0,0.9375,-3.75,0.0,0.0,0.9375,0.0,-1.875,-1.875,-7.5,4.6875,0.0,0.0,-3.75,0.0,4.6875,-1.875,0.0,4.6875,1.875,-3.75,-7.5,0.0,3.75,0.9375,0.0,0.0,0.0,3.75,3.75,-0.9375,0.0,4.6875,-1.875,0.0,3.75,3.75,0.9375,0.0,0.0,-7.5,0.0,-3.75,3.75,0.0,-3.75,0.0,0.0,0.0,0.0,0.0,0.0,0.0,0.0,0.0,0.0,0.0,0.0,0.0
225,11,0.0,0.0,-3.75,0.9375,0.0,0.0,0.0,3.75,0.0,0.0,0.0,0.0,-3.75,0.0,0.0,0.0,0.0,-1.875,0.0,-7.5,3.75,0.0,0.0,-1.875,0.0,4.6875,0.0,0.0,4.6875,0.9375,-3.75,-6.5625,0.0,3.75,0.9375,0.0,0.0,0.0,3.75,3.75,0.0,0.0,3.75,0.0,0.0,3.75,3.75,0.0,0.0,0.0,-7.5,0.0,-3.75,3.75,0.0,-2.8125,0.0,0.0,0.0,0.0,0.0,0.0,0.0,0.0,0.0,0.0,0.0,0.0,0.0
226,9,0.0,-3.75,-3.75,0.9375,1.875,0.0,0.0,0.0,0.0,0.0,0.0,0.0,-5.625,0.0,0.0,0.9375,0.0,-3.75,-1.875,-7.5,3.75,0.0,-1.875,-3.75,0.0,3.75,-3.75,0.0,3.75,3.75,-1.875,-3.75,-1.875,3.75,0.0,0.0,0.0,0.0,0.0,3.75,0.0,3.75,3.75,0.0,0.0,1.875,4.6875,0.9375,0.0,-1.875,-10.3125,0.0,-3.75,3.75,0.0,-3.75,0.0,0.0,0.0,0.0,0.0,0.0,0.0,0.0,0.0,0.0,0.0,0.0,0.0
226,10,0.0,-2.8125,-3.75,0.0,1.875,0.0,0.0,0.0,0.0,0.0,0.0,0.0,-3.75,0.0,0.0,0.9375,0.0,-1.875,-1.875,-5.625,1.875,0.0,0.0,-3.75,0.0,3.75,-3.75,0.0,3.75,3.75,-1.875,-3.75,-1.875,3.75,0.0,0.0,0.0,0.0,0.0,2.8125,0.0,0.0,3.75,-1.875,0.0,0.9375,3.75,0.9375,0.9375,0.0,-10.3125,0.0,-3.75,3.75,0.0,-3.75,0.0,0.0,0.0,0.0,0.0,0.0,0.0,0.0,0.0,0.0,0.0,0.0,0.0
226,11,0.0,-3.75,-3.75,0.0,0.0,0.0,0.0,0.0,0.0,0.0,0.0,0.0,-3.75,0.0,0.0,0.0,0.0,-1.875,0.0,-3.75,1.875,0.0,0.0,-1.875,0.0,3.75,-1.875,0.0,3.75,3.75,-3.75,-3.75,0.0,3.75,0.0,0.0,0.0,0.0,0.0,1.875,0.0,0.0,3.75,0.0,0.0,0.9375,3.75,0.9375,0.9375,0.0,-9.375,0.0,-3.75,3.75,0.0,-3.75,0.0,0.0,0.0,0.0,0.0,0.0,0.0,0.0,0.0,0.0,0.0,0.0,0.0
227,9,3.75,-7.5,-3.75,0.0,3.75,0.0,0.0,0.0,0.0,-1.875,-0.9375,0.0,0.0,0.0,-1.875,0.0,-1.875,-3.75,-1.875,0.0,0.0,0.0,0.0,-1.875,0.0,1.875,-1.875,0.0,0.9375,3.75,3.75,0.0,0.0,0.9375,0.0,0.0,0.0,0.0,0.0,1.875,-1.875,3.75,0.9375,0.0,0.0,0.0,3.75,3.75,0.0,-3.75,-11.25,-3.75,-3.75,3.75,0.0,-3.75,0.0,0.0,0.0,0.0,0.0,0.0,0.0,0.0,0.0,0.0,0.0,0.0,0.0
227,10,1.875,-6.5625,-3.75,0.0,3.75,0.0,0.0,0.0,0.0,-1.875,0.0,0.0,0.0,0.0,0.0,0.0,-1.875,-3.75,0.0,0.0,0.0,0.0,0.0,0.0,0.0,0.9375,-1.875,0.0,0.9375,3.75,3.75,0.0,0.0,0.9375,0.0,0.0,0.0,0.0,0.0,1.875,0.0,3.75,0.9375,0.0,0.0,0.0,3.75,3.75,0.0,-3.75,-10.3125,-3.75,-3.75,3.75,0.0,-3.75,0.0,0.0,0.0,0.0,0.0,0.0,0.0,0.0,0.0,0.0,0.0,0.0,0.0
227,11,0.9375,-3.75,-3.75,0.0,0.0,0.0,0.0,0.0,0.0,-1.875,0.0,0.0,-1.875,0.0,0.0,0.0,0.0,-1.875,0.0,0.0,0.0,0.0,0.0,0.0,0.0,0.9375,0.0,0.0,0.9375,3.75,0.9375,3.75,0.0,0.9375,0.0,0.0,0.0,0.0,0.0,0.9375,0.0,3.75,0.9375,0.0,0.0,0.0,3.75,0.9375,0.0,-3.75,-11.25,-2.8125,-3.75,3.75,0.0,-3.75,0.0,0.0,0.0,0.0,0.0,0.0,0.0,0.0,0.0,0.0,0.0,0.0,0.0
228,9,3.75,-6.5625,0.0,0.0,3.75,3.75,0.0,0.0,0.0,-1.875,-3.75,0.0,4.6875,0.0,0.0,0.0,-3.75,-1.875,-1.875,7.5,0.0,0.0,0.9375,0.0,0.0,0.9375,0.0,0.0,1.875,3.75,4.6875,7.5,0.0,0.0,0.0,0.0,0.0,-1.875,0.0,0.0,0.0,4.6875,0.0,0.0,0.0,0.0,3.75,1.875,0.0,-3.75,-14.0625,-3.75,-2.8125,3.75,0.0,-3.75,0.0,0.0,0.0,0.0,0.0,0.0,0.0,0.0,0.0,0.0,0.0,0.0,0.0
228,10,1.875,-3.75,-0.9375,0.0,1.875,3.75,0.0,0.0,0.0,-1.875,-3.75,0.0,3.75,0.0,0.0,0.0,-2.8125,-1.875,0.0,4.6875,0.0,0.0,0.9375,0.0,0.0,0.9375,0.0,0.0,0.9375,3.75,4.6875,3.75,0.0,0.0,0.0,0.0,0.0,0.0,0.0,0.0,0.0,3.75,0.0,0.0,0.0,0.0,3.75,0.9375,0.0,-3.75,-11.25,-3.75,-1.875,3.75,0.0,-3.75,0.0,0.0,0.0,0.0,0.0,0.0,0.0,0.0,0.0,0.0,0.0,0.0,0.0
228,11,1.875,-3.75,0.0,0.0,1.875,1.875,0.0,0.0,0.0,-2.8125,-3.75,0.0,0.9375,0.0,0.0,0.0,-1.875,-1.875,0.0,4.6875,0.0,0.0,0.0,0.0,0.0,0.0,0.0,0.0,0.9375,3.75,3.75,3.75,0.0,0.0,0.0,0.0,0.0,-1.875,0.0,0.0,0.0,3.75,0.0,0.0,0.0,0.0,3.75,0.9375,0.0,-3.75,-11.25,-3.75,-1.875,3.75,0.0,-3.75,0.0,0.0,0.0,0.0,0.0,0.0,0.0,0.0,0.0,0.0,0.0,0.0,0.0
229,9,1.875,-3.75,0.0,0.0,3.75,7.5,-3.75,-3.75,0.0,-3.75,-3.75,0.0,7.5,-7.5,3.75,0.0,-3.75,0.0,-1.875,9.375,-2.8125,0.0,0.0,0.0,0.0,0.0,-1.875,0.0,0.0,3.75,7.5,7.5,0.0,0.0,0.0,0.0,0.0,-3.75,0.0,0.0,-1.875,4.6875,0.0,0.0,-1.875,0.0,3.75,0.0,0.0,-3.75,-15.0,-3.75,0.0,3.75,0.0,-3.75,0.0,-1.875,0.0,0.0,0.0,0.0,0.0,0.0,0.0,0.0,0.0,0.0,0.0
229,10,1.875,-2.8125,0.0,0.0,0.9375,4.6875,-3.75,-1.875,0.0,-3.75,-3.75,0.0,3.75,-3.75,0.0,0.0,-3.75,0.0,-1.875,7.5,-1.875,0.0,0.0,0.0,0.0,0.0,-1.875,0.0,0.0,3.75,3.75,3.75,0.0,0.0,0.0,0.0,0.0,-3.75,0.0,0.0,-1.875,3.75,0.0,0.0,-3.75,0.0,3.75,0.9375,0.0,-3.75,-11.25,-3.75,0.0,3.75,0.0,-3.75,0.0,-1.875,0.0,0.0,0.0,0.0,0.0,0.0,0.0,0.0,0.0,0.0,0.0
229,11,0.9375,-3.75,3.75,0.0,0.9375,3.75,-3.75,-3.75,0.0,-3.75,-3.75,0.0,3.75,-3.75,0.0,0.0,-3.75,0.0,0.0,7.5,-1.875,0.0,0.0,0.0,0.0,0.0,0.0,0.0,0.0,3.75,4.6875,3.75,0.0,0.0,0.0,0.0,0.0,-3.75,0.0,0.0,0.0,3.75,0.0,0.0,-1.875,0.0,3.75,0.0,0.0,-3.75,-13.125,-3.75,0.0,3.75,0.0,-1.875,0.0,-1.875,0.0,0.0,0.0,0.0,0.0,0.0,0.0,0.0,0.0,0.0,0.0
230,9,0.0,0.0,3.75,0.0,0.9375,3.75,-1.875,-3.75,0.9375,0.0,-9.375,0.0,7.5,-6.5625,3.75,0.0,-5.625,0.0,0.0,9.375,-3.75,0.0,0.0,0.0,0.0,0.0,0.0,0.0,-3.75,0.0,4.6875,4.6875,0.0,0.0,0.0,0.0,0.0,-6.5625,-1.875,0.0,-3.75,3.75,0.0,0.0,-1.875,0.0,3.75,0.9375,-2.8125,-5.625,-15.0,-3.75,3.75,0.9375,0.0,0.0,0.0,-3.75,0.0,0.0,0.0,0.0,0.0,0.0,0.0,0.0,0.0,0.0,0.0
230,10,0.0,0.0,0.9375,0.0,0.9375,3.75,-2.8125,-3.75,0.0,-1.875,-5.625,0.0,5.625,-3.75,0.9375,0.0,-3.75,0.0,0.0,7.5,-3.75,0.0,0.0,0.0,0.0,0.0,0.0,0.0,-1.875,0.9375,3.75,3.75,0.0,0.0,0.0,0.0,0.0,-3.75,-1.875,0.0,-3.75,3.75,0.0,0.0,-1.875,0.0,0.0,0.9375,-1.875,-3.75,-11.25,-3.75,0.9375,0.9375,0.0,0.0,0.0,-3.75,0.0,0.0,0.0,0.0,0.0,0.0,0.0,0.0,0.0,0.0,0.0
230,11,0.0,0.0,3.75,0.0,0.0,3.75,-1.875,-3.75,0.0,-1.875,-6.5625,0.0,5.625,-3.75,1.875,0.0,-3.75,0.0,0.0,7.5,-1.875,0.0,0.0,0.0,0.0,0.0,0.0,0.0,-1.875,0.9375,3.75,3.75,0.0,0.0,0.0,0.0,0.0,-3.75,0.0,0.0,-3.75,3.75,0.0,0.0,-1.875,0.0,0.9375,0.0,-1.875,-3.75,-11.25,-3.75,0.9375,0.9375,0.0,0.0,0.0,-3.75,0.0,0.0,0.0,0.0,0.0,0.0,0.0,0.0,0.0,0.0,0.0
231,9,0.0,3.75,3.75,0.0,0.9375,1.875,0.9375,-3.75,0.0,0.0,-10.3125,-1.875,7.5,-3.75,0.0,0.0,-3.75,0.0,-1.875,7.5,-3.75,0.0,0.0,0.0,0.0,0.0,0.0,0.0,-3.75,0.0,3.75,4.6875,-1.875,0.0,0.0,0.0,0.0,-7.5,0.0,0.0,-3.75,3.75,0.0,0.0,0.0,-1.875,0.0,0.0,-3.75,-1.875,-15.0,-3.75,3.75,0.0,0.0,0.0,0.0,-3.75,0.0,0.0,0.0,0.0,0.0,0.0,0.0,0.0,0.0,0.0,0.0
231,10,0.0,3.75,3.75,0.0,0.9375,0.9375,0.0,-3.75,0.0,0.0,-7.5,-1.875,5.625,-3.75,0.0,0.0,-3.75,0.0,-1.875,7.5,-3.75,0.0,0.0,0.0,0.0,0.0,0.0,0.0,-1.875,0.0,3.75,3.75,-0.9375,0.0,0.0,0.0,0.0,-6.5625,0.0,0.0,-3.75,1.875,0.0,0.0,0.0,-1.875,0.0,0.0,-2.8125,0.0,-9.375,-3.75,3.75,0.0,0.0,1.875,0.0,-3.75,0.0,0.0,0.0,0.0,0.0,0.0,0.0,0.0,0.0,0.0,0.0
231,11,0.0,3.75,3.75,0.0,0.0,0.9375,0.0,-3.75,0.0,0.0,-7.5,0.0,4.6875,-3.75,0.0,0.0,-3.75,0.0,-1.875,7.5,-3.75,0.0,0.0,0.0,0.0,0.0,0.0,0.0,-1.875,0.0,3.75,3.75,0.0,0.0,0.0,0.0,0.0,-6.5625,0.0,0.0,-3.75,1.875,0.0,0.0,0.0,-1.875,0.0,0.0,-2.8125,0.0,-11.25,-3.75,3.75,0.0,0.0,0.9375,0.0,-3.75,0.0,0.0,0.0,0.0,0.0,0.0,0.0,0.0,0.0,0.0,0.0
232,9,0.0,0.0,5.625,-3.75,3.75,3.75,3.75,-1.875,0.0,3.75,-13.125,-3.75,7.5,0.0,3.75,0.0,-1.875,-3.75,-3.75,7.5,-1.875,0.0,0.0,0.0,0.0,-3.75,0.0,0.0,0.0,-1.875,0.0,3.75,-3.75,0.0,0.0,0.0,0.0,-11.25,0.0,0.0,-3.75,0.9375,0.9375,0.0,0.0,-2.8125,0.0,0.0,-2.8125,3.75,-15.0,-1.875,3.75,0.0,0.0,3.75,0.0,-6.5625,0.0,0.0,0.0,0.0,0.0,0.0,0.0,0.0,0.0,0.0,0.0
232,10,0.0,0.0,3.75,-1.875,0.9375,3.75,0.9375,-0.9375,0.0,0.0,-7.5,-3.75,3.75,0.0,1.875,0.0,-1.875,-1.875,-3.75,4.6875,-1.875,0.0,0.0,0.0,0.0,-3.75,0.0,0.0,0.0,0.0,0.0,3.75,-3.75,0.0,0.0,0.0,0.0,-7.5,0.0,0.0,-3.75,0.9375,0.9375,0.0,0.0,-3.75,0.9375,0.0,-1.875,0.9375,0.0,-1.875,3.75,0.0,0.0,3.75,0.0,-3.75,0.0,0.0,0.0,0.0,0.0,0.0,0.0,0.0,0.0,0.0,0.0
232,11,0.0,0.0,3.75,-1.875,0.9375,3.75,0.0,-1.875,0.0,0.0,-7.5,-3.75,3.75,0.0,0.9375,0.0,0.0,-1.875,-3.75,4.6875,-3.75,0.0,0.0,0.0,0.0,-1.875,0.0,0.0,0.0,0.0,0.0,3.75,-1.875,0.0,0.0,0.0,0.0,-7.5,0.0,0.0,-3.75,0.0,0.0,0.0,0.0,-3.75,0.0,0.0,-2.8125,0.0,0.0,0.0,3.75,0.0,0.0,3.75,0.0,-3.75,0.0,0.0,0.0,0.0,0.0,0.0,0.0,0.0,0.0,0.0,0.0
233,9,-1.875,0.0,3.75,-3.75,0.0,3.75,-1.875,0.9375,-3.75,3.75,-11.25,-3.75,3.75,0.0,4.6875,-0.9375,0.0,-3.75,-3.75,3.75,0.0,0.0,0.0,0.0,0.0,-3.75,0.0,0.0,-3.75,-3.75,0.0,3.75,-3.75,0.0,-1.875,0.0,0.0,-11.25,3.75,-1.875,-3.75,0.0,1.875,0.0,0.0,-6.5625,0.0,0.0,-3.75,4.6875,15.0,0.0,3.75,0.0,0.0,3.75,0.0,-7.5,0.0,0.0,0.0,0.0,0.0,0.0,0.0,0.0,0.0,0.0,0.0
233,10,-1.875,0.0,3.75,-1.875,0.0,0.9375,-3.75,0.9375,-3.75,0.0,-3.75,-3.75,3.75,0.0,3.75,0.0,0.0,-3.75,-3.75,3.75,0.0,0.0,0.0,0.0,0.0,-1.875,0.0,0.0,-1.875,-3.75,0.0,0.9375,-2.8125,0.0,0.0,0.0,0.0,-10.3125,3.75,-0.9375,-5.625,0.0,0.9375,0.0,0.0,-3.75,0.0,0.0,-3.75,3.75,11.25,0.0,3.75,0.0,0.0,3.75,0.0,-3.75,0.0,0.0,0.0,0.0,0.0,0.0,0.0,0.0,0.0,0.0,0.0
233,11,-1.875,0.0,3.75,-3.75,0.0,0.9375,-1.875,0.0,-3.75,0.0,-3.75,-3.75,3.75,0.0,3.75,0.0,0.0,-3.75,-3.75,3.75,0.0,0.0,0.0,0.0,0.0,0.0,0.0,0.0,0.0,-3.75,0.0,0.9375,-2.8125,0.0,0.0,0.0,0.0,-9.375,0.9375,0.0,-3.75,0.0,0.0,0.0,0.0,-4.6875,0.0,0.0,-1.875,3.75,11.25,0.0,1.875,0.0,0.0,3.75,0.0,-5.625,0.0,0.0,0.0,0.0,0.0,0.0,0.0,0.0,0.0,0.0,0.0
234,9,-3.75,3.75,3.75,-5.625,0.0,0.0,-3.75,6.5625,-6.5625,3.75,7.5,-5.625,3.75,0.9375,3.75,-2.8125,3.75,-3.75,0.0,3.75,1.875,-1.875,0.0,0.0,0.0,0.0,0.0,0.0,-3.75,-7.5,0.0,0.9375,-3.75,-2.8125,0.0,0.0,0.0,-15.0,3.75,-2.8125,-3.75,-1.875,0.0,0.0,0.0,-7.5,0.0,0.0,-1.875,4.6875,15.0,0.9375,1.875,0.0,0.0,3.75,0.0,-7.5,0.0,0.0,0.0,0.0,0.0,0.0,0.0,0.0,0.0,0.0,0.0
234,10,-3.75,1.875,3.75,-3.75,0.0,0.0,-3.75,4.6875,-3.75,0.0,0.0,-3.75,1.875,0.9375,3.75,-1.875,3.75,-2.8125,-1.875,1.875,0.9375,0.0,0.0,0.0,0.0,0.0,0.0,0.0,-1.875,-5.625,0.0,0.0,-3.75,-1.875,0.0,0.0,0.0,-7.5,3.75,-2.8125,-3.75,-1.875,0.0,0.0,0.0,-6.5625,0.0,0.0,0.0,3.75,11.25,0.9375,0.9375,0.0,0.0,3.75,0.0,-3.75,0.0,0.0,0.0,0.0,0.0,0.0,0.0,0.0,0.0,0.0,0.0
234,11,-3.75,0.9375,3.75,-3.75,0.0,0.0,-3.75,3.75,-3.75,0.0,0.0,-3.75,1.875,0.9375,3.75,-1.875,3.75,-3.75,-1.875,1.875,0.0,0.0,0.0,0.0,0.0,0.0,0.0,0.0,-1.875,-6.5625,0.0,0.0,-3.75,-1.875,0.0,0.0,0.0,-7.5,3.75,-1.875,-3.75,-1.875,0.0,0.0,0.0,-7.5,0.0,0.0,0.0,3.75,11.25,0.9375,0.9375,0.0,0.0,3.75,0.0,-3.75,0.0,0.0,0.0,0.0,0.0,0.0,0.0,0.0,0.0,0.0,0.0
235,9,-3.75,3.75,3.75,-7.5,3.75,0.0,-3.75,7.5,-7.5,3.75,8.4375,-3.75,0.9375,3.75,0.0,-3.75,7.5,-5.625,0.0,0.9375,0.9375,-3.75,0.0,0.0,0.0,-3.75,0.0,0.0,0.0,-9.375,0.0,0.0,-6.5625,-3.75,0.9375,0.0,0.0,-14.0625,0.9375,-1.875,0.0,-3.75,0.0,0.0,-1.875,-7.5,1.875,0.0,0.0,3.75,11.25,3.75,0.9375,0.0,0.0,0.9375,0.0,-3.75,0.0,0.0,0.0,0.0,0.0,0.0,0.0,0.0,0.0,0.0,0.0
235,10,-3.75,3.75,3.75,-3.75,0.9375,0.0,-1.875,4.6875,-6.5625,0.9375,3.75,-3.75,0.9375,3.75,0.0,-3.75,4.6875,-3.75,0.0,0.9375,0.0,0.0,0.0,0.0,0.0,0.0,0.0,0.0,0.0,-7.5,0.0,0.0,-6.5625,-2.8125,0.9375,0.0,0.0,-3.75,0.9375,-1.875,0.0,-3.75,0.0,0.0,-1.875,-7.5,0.9375,0.0,0.0,3.75,11.25,3.75,0.9375,0.0,0.0,0.9375,0.0,-1.875,0.0,0.0,0.0,0.0,0.0,0.0,0.0,0.0,0.0,0.0,0.0
235,11,-3.75,3.75,3.75,-6.5625,0.9375,0.0,-1.875,4.6875,-6.5625,0.9375,4.6875,-3.75,0.0,0.9375,0.0,-3.75,3.75,-3.75,0.0,0.0,0.0,-1.875,0.0,0.0,0.0,0.0,0.0,0.0,0.0,-7.5,0.0,0.0,-3.75,-2.8125,0.9375,0.0,0.0,-3.75,0.9375,-1.875,0.0,-3.75,0.0,0.0,-1.875,-7.5,0.9375,0.0,0.0,3.75,11.25,3.75,0.0,0.0,0.0,0.9375,0.0,0.0,0.0,0.0,0.0,0.0,0.0,0.0,0.0,0.0,0.0,0.0,0.0
236,9,-1.875,0.0,0.9375,-6.5625,3.75,0.0,-6.5625,3.75,-7.5,3.75,8.4375,-6.5625,0.0,3.75,1.875,-4.6875,7.5,-7.5,0.0,0.0,3.75,-3.75,0.0,0.0,0.0,-3.75,0.0,0.0,0.9375,-10.3125,0.9375,0.0,-3.75,-3.75,0.0,0.0,0.0,11.25,0.9375,0.0,3.75,-6.5625,0.0,0.0,-3.75,-10.3125,3.75,0.0,1.875,3.75,11.25,0.9375,0.0,-0.9375,0.0,0.0,0.0,3.75,0.0,0.0,0.0,0.0,0.0,0.0,0.0,0.0,0.0,0.0,0.0
236,10,-1.875,0.0,0.0,-3.75,0.9375,0.0,-3.75,3.75,-5.625,0.0,7.5,-1.875,0.0,0.0,0.9375,-3.75,3.75,-5.625,0.0,0.0,0.9375,-3.75,0.0,0.0,0.0,-2.8125,0.0,0.0,0.0,-9.375,0.0,0.0,-3.75,-1.875,0.9375,0.0,0.0,3.75,0.9375,-0.9375,3.75,-6.5625,0.0,0.0,-3.75,-7.5,1.875,0.0,3.75,2.8125,8.4375,3.75,0.0,-1.875,0.0,0.0,0.0,3.75,0.0,0.0,0.0,0.0,0.0,0.0,0.0,0.0,0.0,0.0,0.0
236,11,-1.875,0.0,0.0,-6.5625,0.9375,0.0,-3.75,3.75,-7.5,0.0,7.5,-3.75,0.0,0.0,0.9375,-3.75,3.75,-3.75,0.0,0.0,0.9375,-1.875,0.0,0.0,0.0,-1.875,0.0,0.0,0.0,-9.375,1.875,0.0,-3.75,-3.75,0.0,0.0,0.0,3.75,0.9375,0.0,3.75,-6.5625,0.0,0.0,-3.75,-10.3125,0.9375,0.0,0.9375,3.75,8.4375,1.875,0.0,-1.875,0.0,0.0,0.0,3.75,0.0,0.0,0.0,0.0,0.0,0.0,0.0,0.0,0.0,0.0,0.0
237,9,-1.875,0.0,0.0,0.0,0.0,0.0,-9.375,2.8125,-7.5,0.0,8.4375,-7.5,0.0,0.0,3.75,-6.5625,3.75,-3.75,0.0,0.0,0.0,-3.75,0.0,0.0,0.0,0.0,0.0,0.0,1.875,-11.25,3.75,0.0,-3.75,-3.75,0.0,0.0,-1.875,13.125,0.0,0.0,3.75,-7.5,-2.8125,0.0,-3.75,-11.25,0.9375,0.0,3.75,3.75,7.5,0.0,0.0,-1.875,0.0,0.0,0.0,7.5,0.0,0.0,0.0,0.0,0.0,0.0,0.0,0.0,0.0,0.0,0.0
237,10,-1.875,0.0,0.0,0.0,0.0,-0.9375,-7.5,2.8125,-7.5,0.0,7.5,-3.75,0.0,0.0,3.75,-3.75,3.75,-2.8125,0.0,0.0,0.0,-3.75,0.0,0.0,0.0,0.0,0.0,0.0,0.0,-10.3125,0.9375,0.0,-3.75,-3.75,0.0,0.0,0.0,7.5,0.0,0.0,3.75,-7.5,-1.875,0.0,-3.75,-11.25,0.9375,0.0,0.9375,2.8125,7.5,0.0,0.0,-1.875,0.0,0.0,0.0,4.6875,0.0,0.0,0.0,0.0,0.0,0.0,0.0,0.0,0.0,0.0,0.0
237,11,-1.875,0.0,0.0,-1.875,0.0,0.0,-7.5,1.875,-7.5,0.0,7.5,-1.875,0.0,0.0,0.9375,-3.75,3.75,-1.875,0.0,0.0,0.0,-3.75,0.0,0.0,0.0,0.0,0.0,0.0,0.0,-10.3125,1.875,0.0,-3.75,-3.75,0.0,0.0,-1.875,7.5,0.0,0.0,3.75,-7.5,-1.875,0.0,-3.75,-11.25,0.0,0.0,1.875,3.75,7.5,0.9375,0.0,-1.875,0.0,0.0,0.0,3.75,0.0,0.0,0.0,0.0,0.0,0.0,0.0,0.0,0.0,0.0,0.0
238,9,-1.875,0.0,0.0,5.625,-2.8125,-3.75,-10.3125,3.75,-7.5,1.875,7.5,-3.75,0.0,0.0,0.0,-6.5625,1.875,0.0,0.0,0.0,0.0,-3.75,0.0,0.0,0.0,3.75,0.0,0.0,-3.75,-11.25,0.9375,3.75,0.0,0.0,-2.8125,1.875,-3.75,11.25,0.0,0.9375,3.75,-9.375,-3.75,0.0,-3.75,-11.25,0.0,0.0,1.875,3.75,7.5,0.0,0.0,-1.875,0.0,0.0,0.0,7.5,0.0,0.0,0.0,0.0,0.0,0.0,0.0,0.0,0.0,0.0,0.0
238,10,0.0,0.0,0.0,3.75,-1.875,-3.75,-7.5,1.875,-7.5,1.875,4.6875,-1.875,0.0,0.0,0.0,-3.75,1.875,0.0,0.0,0.0,0.0,-1.875,0.0,0.0,0.0,0.9375,0.0,0.0,-1.875,-11.25,0.0,1.875,0.0,0.0,-1.875,0.9375,-3.75,7.5,0.0,0.0,3.75,-8.4375,-3.75,0.0,-3.75,-11.25,0.0,0.0,1.875,3.75,4.6875,0.0,0.0,-2.8125,0.0,0.0,0.0,4.6875,0.0,0.0,0.0,0.0,0.0,0.0,0.0,0.0,0.0,0.0,0.0
238,11,-1.875,0.0,0.0,3.75,-1.875,-3.75,-7.5,3.75,-7.5,0.0,4.6875,0.0,0.0,0.0,0.0,-3.75,1.875,1.875,0.0,0.0,0.0,-1.875,0.0,0.0,0.0,0.9375,0.0,0.0,0.0,-10.3125,0.0,0.9375,-1.875,0.0,-1.875,0.0,-3.75,7.5,0.0,0.0,3.75,-9.375,-3.75,0.0,-4.6875,-11.25,0.0,0.0,1.875,3.75,4.6875,0.0,0.0,-3.75,0.0,0.0,0.0,4.6875,0.0,0.0,0.0,0.0,0.0,0.0,0.0,0.0,0.0,0.0,0.0
239,9,0.0,0.0,0.0,7.5,-3.75,-1.875,-11.25,0.9375,0.0,3.75,4.6875,0.0,0.0,0.0,0.0,-3.75,3.75,3.75,0.0,0.0,0.0,0.0,0.0,0.0,0.0,3.75,0.0,0.0,-3.75,-11.25,0.0,3.75,0.9375,3.75,-3.75,0.0,-3.75,11.25,0.0,3.75,3.75,-11.25,-3.75,0.0,-6.5625,-15.0,0.0,0.0,1.875,3.75,3.75,0.0,0.0,-1.875,0.0,0.0,0.0,7.5,0.0,0.0,0.0,0.0,0.0,0.0,0.0,0.0,0.0,0.0,0.0
239,10,0.9375,0.0,0.0,3.75,-3.75,-1.875,-7.5,0.9375,-3.75,0.0,3.75,0.0,0.0,0.0,0.0,-3.75,1.875,3.75,0.0,0.0,0.0,0.0,0.0,0.0,0.0,3.75,0.0,0.0,-1.875,-7.5,0.0,3.75,0.0,1.875,-2.8125,0.0,-3.75,4.6875,0.0,0.9375,3.75,-11.25,-3.75,0.0,-3.75,-15.0,0.0,0.0,1.875,3.75,3.75,0.0,0.0,-1.875,0.0,0.0,0.0,4.6875,0.0,0.0,0.0,0.0,0.0,0.0,0.0,0.0,0.0,0.0,0.0
239,11,0.0,0.0,0.0,4.6875,-3.75,-1.875,-7.5,0.9375,-3.75,0.9375,3.75,0.9375,0.0,0.0,0.0,-3.75,1.875,3.75,0.0,0.0,0.0,0.0,-1.875,0.0,0.0,3.75,0.0,0.0,-1.875,-7.5,0.0,0.9375,0.0,0.0,-2.8125,0.0,-3.75,7.5,0.0,0.9375,3.75,-11.25,-3.75,0.0,-6.5625,-11.25,0.0,0.0,0.9375,3.75,3.75,0.0,0.0,-1.875,0.0,0.0,0.0,4.6875,0.0,0.0,0.0,0.0,0.0,0.0,0.0,0.0,0.0,0.0,0.0
240,9,3.75,0.0,0.0,3.75,-7.5,0.9375,-11.25,0.0,7.5,3.75,3.75,3.75,0.0,0.0,0.0,0.0,0.0,3.75,0.0,0.0,0.0,0.0,-3.75,0.0,0.0,3.75,0.0,0.0,-1.875,0.0,0.0,0.9375,0.9375,3.75,-3.75,0.0,-3.75,7.5,0.0,3.75,0.9375,-13.125,-3.75,0.0,-3.75,-15.0,0.0,-1.875,0.9375,3.75,3.75,0.0,0.0,0.0,0.0,0.0,0.0,4.6875,0.0,0.0,0.0,0.0,0.0,0.0,0.0,0.0,0.0,0.0,0.0
240,10,3.75,0.0,0.0,3.75,-7.5,0.9375,-10.3125,0.0,3.75,3.75,3.75,3.75,0.0,0.0,0.0,0.0,0.9375,3.75,0.0,0.0,0.0,1.875,-3.75,0.0,0.0,3.75,0.0,0.0,0.0,3.75,0.0,0.9375,0.0,3.75,-3.75,0.0,-3.75,4.6875,0.0,3.75,0.9375,-11.25,-2.8125,0.0,-3.75,-13.125,0.0,-1.875,0.9375,3.75,3.75,0.0,0.0,0.0,0.0,0.0,0.0,4.6875,0.0,0.0,0.0,0.0,0.0,0.0,0.0,0.0,0.0,0.0,0.0
240,11,3.75,0.0,0.0,3.75,-7.5,0.0,-7.5,0.0,4.6875,0.9375,3.75,3.75,0.0,0.0,0.0,0.0,0.0,3.75,0.0,0.0,0.0,0.0,-3.75,0.0,0.0,3.75,0.0,0.0,-1.875,1.875,0.0,1.875,0.9375,0.9375,-3.75,0.0,-3.75,4.6875,0.0,0.9375,0.9375,-11.25,-3.75,0.0,-3.75,-11.25,0.0,-1.875,0.0,3.75,3.75,0.0,0.0,0.0,0.0,0.0,0.0,3.75,0.0,0.0,0.0,0.0,0.0,0.0,0.0,0.0,0.0,0.0,0.0
241,9,3.75,0.0,0.0,3.75,-9.375,1.875,-11.25,0.0,11.25,0.9375,3.75,3.75,-1.875,0.0,0.0,3.75,0.0,3.75,0.0,0.0,-3.75,0.0,0.0,0.0,0.0,1.875,0.0,0.0,-3.75,7.5,0.0,0.9375,0.9375,3.75,-6.5625,0.0,-3.75,3.75,0.0,0.9375,0.0,-12.1875,-3.75,-1.875,3.75,-11.25,-1.875,-3.75,0.0,3.75,3.75,0.0,0.0,0.0,0.0,0.0,0.0,3.75,0.0,0.0,0.0,0.0,0.0,0.0,0.0,0.0,0.0,0.0,0.0
241,10,1.875,0.0,0.0,3.75,-7.5,0.9375,-9.375,0.0,7.5,1.875,1.875,0.0,-1.875,0.0,0.0,0.9375,0.0,1.875,0.0,0.0,-3.75,0.0,0.0,0.0,0.0,0.9375,0.0,0.0,-3.75,7.5,0.0,0.9375,0.9375,0.9375,-3.75,0.0,-3.75,3.75,0.0,0.9375,0.0,-12.1875,-3.75,0.0,3.75,-11.25,-1.875,-3.75,0.0,3.75,3.75,0.0,0.0,0.0,0.0,0.0,0.0,3.75,0.0,0.0,0.0,0.0,0.0,0.0,0.0,0.0,0.0,0.0,0.0
241,11,0.9375,0.0,0.0,3.75,-7.5,0.0,-7.5,0.0,7.5,0.9375,0.9375,1.875,-1.875,0.0,0.0,3.75,0.0,3.75,0.0,0.0,-3.75,0.0,0.0,0.0,0.0,0.9375,0.0,0.0,-3.75,4.6875,0.0,0.0,0.9375,0.9375,-3.75,0.0,-3.75,3.75,0.0,0.9375,0.0,-14.0625,-3.75,0.0,0.0,-7.5,0.0,-3.75,0.0,3.75,3.75,0.0,0.0,0.0,0.0,0.0,0.0,3.75,0.0,0.0,0.0,0.0,0.0,0.0,0.0,0.0,0.0,0.0,0.0
242,9,0.0,-1.875,-1.875,3.75,-11.25,0.0,-11.25,-3.75,7.5,0.9375,0.0,-1.875,-3.75,0.0,-3.75,4.6875,0.0,1.875,0.0,0.0,-3.75,0.0,3.75,0.0,0.0,0.0,0.0,0.0,-7.5,7.5,-3.75,0.0,0.0,3.75,-7.5,-1.875,-6.5625,3.75,0.0,0.9375,0.0,-15.0,-1.875,-3.75,7.5,-7.5,-1.875,-6.5625,0.0,3.75,0.0,0.0,0.0,0.9375,0.0,0.0,0.0,3.75,0.0,0.0,0.0,-1.875,0.0,0.0,0.0,0.0,0.0,0.0,0.0
242,10,0.0,-1.875,-1.875,3.75,-7.5,0.0,-7.5,-1.875,7.5,0.9375,0.0,-1.875,-2.8125,0.0,-1.875,3.75,0.0,0.9375,0.0,0.0,-3.75,0.0,0.9375,0.0,0.0,0.0,0.0,0.0,-3.75,7.5,-3.75,0.0,0.9375,3.75,-3.75,0.0,-5.625,0.9375,0.0,0.0,0.0,-15.0,0.0,-3.75,7.5,0.0,-1.875,-6.5625,0.0,3.75,0.0,0.0,0.0,0.9375,0.0,0.0,0.0,1.875,0.0,0.0,0.0,-0.9375,0.0,0.0,0.0,0.0,0.0,0.0,0.0
242,11,0.0,-1.875,0.0,3.75,-11.25,0.9375,-7.5,-1.875,7.5,0.0,0.0,0.0,-1.875,0.0,0.0,3.75,0.0,0.9375,0.0,0.0,-3.75,0.0,0.0,0.0,0.0,0.0,0.0,0.0,-3.75,7.5,-2.8125,0.0,0.0,3.75,-3.75,-1.875,-6.5625,0.9375,0.0,0.0,0.0,-15.0,0.0,-2.8125,3.75,0.0,-1.875,-3.75,0.0,2.8125,0.0,0.0,0.0,0.0,0.0,0.0,0.0,0.9375,0.0,0.0,0.0,0.0,0.0,0.0,0.0,0.0,0.0,0.0,0.0
243,9,0.0,-1.875,-1.875,1.875,-14.0625,3.75,-7.5,-3.75,7.5,0.0,0.0,0.0,-3.75,0.0,-3.75,5.625,0.0,0.9375,0.0,0.0,-3.75,0.0,4.6875,0.0,0.0,0.0,0.0,0.0,-3.75,7.5,-1.875,0.0,0.0,3.75,-7.5,-3.75,-7.5,0.9375,0.0,0.0,0.0,-15.0,0.0,-3.75,8.4375,7.5,-2.8125,-7.5,0.0,1.875,0.0,-1.875,-1.875,3.75,0.0,0.0,0.0,0.0,0.0,0.0,0.0,-2.8125,0.0,0.0,0.0,0.0,0.0,0.0,0.0
243,10,0.0,-1.875,-1.875,0.9375,-11.25,0.9375,-3.75,-2.8125,7.5,0.0,0.0,0.0,-2.8125,0.0,-1.875,3.75,0.0,0.9375,0.0,0.0,-3.75,0.0,3.75,0.0,0.0,0.0,0.0,0.0,-3.75,7.5,-2.8125,0.0,0.9375,3.75,-3.75,-1.875,-7.5,0.0,0.0,0.0,0.0,-15.0,0.0,-3.75,7.5,3.75,-1.875,-7.5,0.0,0.9375,0.0,-1.875,0.0,3.75,0.0,0.0,0.0,0.9375,0.0,0.0,0.0,-2.8125,0.0,0.0,0.0,0.0,0.0,0.0,0.0
243,11,0.0,-1.875,-1.875,1.875,-11.25,3.75,-3.75,-2.8125,5.625,0.0,0.0,0.0,-2.8125,0.0,-1.875,3.75,0.0,0.0,0.0,0.0,-3.75,0.0,3.75,0.0,0.0,0.0,0.0,0.0,-3.75,7.5,0.0,0.0,0.0,3.75,-3.75,-3.75,-7.5,0.0,0.0,0.0,0.0,-14.0625,0.0,-3.75,7.5,7.5,-1.875,-6.5625,0.0,0.9375,0.0,0.0,0.0,3.75,0.0,0.0,0.0,0.0,0.0,0.0,0.0,-1.875,0.0,0.0,0.0,0.0,0.0,0.0,0.0
244,9,0.0,-1.875,0.0,0.9375,-15.0,3.75,0.0,0.0,7.5,0.0,0.0,-1.875,-3.75,0.9375,0.0,3.75,0.0,0.0,0.0,0.0,-3.75,-1.875,7.5,0.0,0.0,0.0,0.0,0.0,0.0,7.5,0.0,0.0,0.0,3.75,-5.625,-3.75,-9.375,0.0,0.0,0.0,0.0,-15.0,3.75,-5.625,7.5,9.375,-3.75,-7.5,-3.75,0.0,0.0,-3.75,-1.875,3.75,0.0,-1.875,0.0,0.0,0.0,0.0,0.0,-3.75,0.0,0.0,0.0,0.0,0.0,0.0,0.0
244,10,0.0,-1.875,0.0,0.9375,-10.3125,1.875,0.0,0.0,7.5,0.0,0.0,-1.875,-2.8125,0.9375,0.0,3.75,0.0,0.0,0.0,0.0,-3.75,-1.875,4.6875,0.0,0.0,1.875,0.0,0.0,0.0,7.5,0.0,0.0,0.0,3.75,-3.75,-1.875,-7.5,0.9375,0.0,0.0,0.0,-15.0,1.875,-3.75,7.5,7.5,-2.8125,-6.5625,-1.875,0.0,0.0,-2.8125,0.0,3.75,0.0,-1.875,0.0,0.0,0.0,0.0,0.0,-3.75,0.0,0.0,0.0,0.0,0.0,0.0,0.0
244,11,0.0,-1.875,0.0,0.9375,-11.25,0.9375,0.0,0.0,5.625,0.0,0.0,0.0,-3.75,0.9375,0.0,3.75,0.0,0.0,0.0,0.0,-3.75,-1.875,3.75,0.0,0.0,0.0,0.0,0.0,0.0,7.5,0.0,0.0,0.0,1.875,-1.875,-1.875,-7.5,0.0,0.0,0.0,0.0,3.75,3.75,-3.75,7.5,11.25,-1.875,-6.5625,-1.875,0.0,0.0,-1.875,0.0,3.75,0.0,-1.875,0.0,0.0,0.0,0.0,0.0,-3.75,0.0,0.0,0.0,0.0,0.0,0.0,0.0
245,9,0.0,-3.75,0.0,0.0,-15.0,0.0,1.875,0.0,3.75,-3.75,0.0,-3.75,-3.75,0.9375,-3.75,3.75,-1.875,0.0,0.0,0.0,-6.5625,-3.75,3.75,0.0,0.0,1.875,0.0,0.0,0.0,7.5,0.0,0.0,0.0,0.9375,-1.875,-1.875,-11.25,0.0,0.0,0.0,0.0,15.0,3.75,-7.5,7.5,9.375,-1.875,-3.75,-3.75,0.0,0.0,-3.75,0.0,0.9375,0.0,-1.875,0.0,0.0,-1.875,0.0,0.0,-6.5625,0.0,0.0,0.0,0.0,0.0,0.0,0.0
245,10,0.0,0.0,0.0,0.0,-3.75,0.0,3.75,0.0,3.75,-3.75,0.0,-1.875,-1.875,0.9375,-3.75,3.75,-1.875,0.0,0.0,0.0,-3.75,-3.75,0.9375,0.0,0.0,0.0,-1.875,0.0,0.0,5.625,0.0,0.0,0.0,0.9375,0.0,0.0,-6.5625,0.0,0.0,0.0,0.0,15.0,3.75,-7.5,7.5,9.375,-1.875,-3.75,-3.75,0.0,0.0,-3.75,0.0,0.9375,0.0,-2.8125,0.0,0.0,-1.875,0.0,0.0,-3.75,0.0,0.0,0.0,0.0,0.0,0.0,0.0
245,11,0.0,0.0,0.0,0.0,-6.5625,0.0,3.75,0.0,3.75,-3.75,0.0,-1.875,-1.875,0.9375,-3.75,3.75,-1.875,0.0,0.0,0.0,-3.75,-3.75,3.75,0.0,0.0,0.0,-1.875,0.0,0.0,5.625,0.0,0.0,0.0,0.0,0.0,0.0,-7.5,0.0,0.0,0.0,0.0,15.0,3.75,-6.5625,5.625,11.25,0.0,-3.75,-3.75,0.0,0.0,-3.75,0.0,0.9375,0.0,-3.75,0.0,0.0,-1.875,0.0,0.0,-3.75,0.0,0.0,0.0,0.0,0.0,0.0,0.0
246,9,0.0,-2.8125,-3.75,0.0,15.9375,0.0,7.5,-3.75,3.75,-3.75,0.0,0.0,0.0,0.0,-7.5,2.8125,-3.75,-1.875,0.0,0.0,-3.75,-7.5,3.75,0.0,0.0,3.75,0.0,0.0,0.0,3.75,0.0,0.0,0.0,0.0,0.9375,3.75,-13.125,0.0,0.0,0.0,0.0,15.0,3.75,-7.5,3.75,7.5,-1.875,3.75,-3.75,-1.875,0.0,-6.5625,0.0,0.9375,0.0,0.0,0.0,0.0,-3.75,0.0,0.0,-7.5,0.0,0.0,0.0,0.0,0.0,0.0,0.0
246,10,0.0,-1.875,-3.75,0.0,9.375,0.0,7.5,-1.875,3.75,-3.75,0.0,0.0,0.0,0.0,-3.75,1.875,-2.8125,-1.875,0.0,0.0,-3.75,-4.6875,1.875,0.0,0.0,0.9375,-1.875,0.0,0.0,3.75,0.0,0.0,0.0,0.0,0.9375,0.0,-7.5,0.0,0.0,0.0,0.0,15.0,3.75,-6.5625,3.75,7.5,0.0,0.0,-3.75,-1.875,0.0,-3.75,0.0,0.9375,0.0,-1.875,0.0,0.0,-3.75,0.0,0.0,-6.5625,0.0,0.0,0.0,0.0,0.0,0.0,0.0
246,11,0.0,0.0,-3.75,0.0,9.375,0.0,7.5,-1.875,1.875,-3.75,0.0,0.0,0.0,0.0,-5.625,0.9375,-2.8125,-1.875,0.0,0.0,-3.75,-5.625,3.75,0.0,0.0,0.9375,-1.875,0.0,0.0,3.75,0.0,0.0,0.0,0.0,0.9375,0.9375,-7.5,0.0,0.0,0.0,0.0,15.0,3.75,-6.5625,3.75,7.5,-1.875,0.0,-3.75,-1.875,0.0,-3.75,0.0,0.9375,0.0,-3.75,0.0,0.0,-2.8125,0.0,0.0,-6.5625,0.0,0.0,0.0,0.0,0.0,0.0,0.0
247,9,0.0,0.9375,-3.75,0.0,15.0,-1.875,5.625,0.0,0.9375,-3.75,0.0,1.875,0.9375,0.0,-7.5,0.0,0.0,0.0,0.0,0.0,0.0,-3.75,3.75,0.0,0.0,3.75,-1.875,0.0,0.0,3.75,0.0,0.0,0.0,-1.875,3.75,7.5,-14.0625,0.0,-2.8125,0.0,0.0,15.0,3.75,-3.75,1.875,7.5,-3.75,7.5,-6.5625,-3.75,0.0,-7.5,0.0,0.0,0.0,0.0,0.0,0.0,-4.6875,0.0,0.0,-9.375,0.0,0.0,0.0,0.0,0.0,0.0,0.0
247,10,0.0,0.9375,-3.75,0.0,12.1875,-1.875,5.625,0.0,0.9375,-3.75,0.0,0.0,0.0,0.0,-5.625,0.0,-2.8125,0.0,0.0,0.0,0.0,-3.75,3.75,0.0,0.0,2.8125,-1.875,0.0,0.0,2.8125,0.0,0.0,0.0,0.0,1.875,3.75,3.75,0.0,-1.875,0.0,0.0,15.0,0.0,-3.75,1.875,7.5,-2.8125,4.6875,-3.75,-2.8125,0.0,-6.5625,0.0,0.0,0.0,0.0,0.0,0.0,-3.75,0.0,0.0,-7.5,0.0,0.0,0.0,0.0,0.0,0.0,0.0
247,11,0.0,0.0,-3.75,0.0,12.1875,-1.875,6.5625,0.0,0.9375,-3.75,0.0,0.0,0.0,0.0,-5.625,0.0,0.0,0.0,0.0,0.0,0.0,-3.75,3.75,0.0,0.0,0.9375,-3.75,0.0,0.0,3.75,0.0,0.0,0.0,0.0,0.9375,3.75,0.0,0.0,-1.875,0.0,0.0,15.0,0.9375,-3.75,1.875,7.5,-1.875,4.6875,-3.75,-1.875,0.0,-6.5625,0.9375,0.0,0.0,-1.875,0.0,0.0,-3.75,0.0,0.0,-7.5,0.0,0.0,0.0,0.0,0.0,0.0,0.0
248,9,0.0,4.6875,-5.625,0.0,15.0,-1.875,3.75,0.9375,0.0,-3.75,0.0,0.0,3.75,0.0,-4.6875,0.0,0.0,0.0,0.0,0.0,3.75,1.875,3.75,0.0,0.0,3.75,0.0,0.0,0.0,0.9375,0.0,-2.8125,0.0,-1.875,1.875,7.5,11.25,0.0,-1.875,0.0,0.0,12.1875,0.9375,0.9375,0.0,5.625,-3.75,8.4375,-7.5,-3.75,0.0,-7.5,3.75,0.0,0.0,3.75,0.0,0.0,-7.5,0.0,0.0,-11.25,0.0,0.0,0.0,0.0,0.0,0.0,0.0
248,10,0.0,3.75,-3.75,0.0,11.25,-1.875,3.75,0.9375,0.0,-3.75,0.0,0.0,2.8125,0.0,-3.75,0.0,0.0,-0.9375,0.0,0.0,3.75,0.0,3.75,0.0,0.0,3.75,-1.875,0.0,0.0,0.9375,0.0,-1.875,0.0,-1.875,3.75,7.5,7.5,0.0,-1.875,0.0,0.0,12.1875,0.9375,0.9375,0.0,4.6875,-3.75,7.5,-6.5625,-3.75,0.0,-7.5,3.75,0.0,0.0,0.0,0.0,0.0,-6.5625,0.0,0.0,-10.3125,0.0,0.0,0.0,0.0,0.0,0.0,0.0
248,11,0.0,3.75,-3.75,0.0,12.1875,-3.75,3.75,0.9375,0.0,-3.75,0.0,0.0,3.75,0.0,-3.75,0.0,0.0,0.0,0.0,0.0,3.75,0.0,0.9375,0.0,0.0,1.875,-1.875,0.0,0.0,0.9375,0.0,0.0,0.0,-1.875,1.875,7.5,7.5,0.0,0.0,0.0,0.0,12.1875,0.9375,0.0,0.0,5.625,-3.75,7.5,-3.75,-2.8125,0.0,-7.5,3.75,0.0,0.0,0.0,0.0,0.0,-6.5625,0.0,0.0,-10.3125,0.0,0.0,0.0,0.0,0.0,0.0,0.0
249,9,0.9375,7.5,-7.5,0.0,13.125,-3.75,3.75,3.75,0.0,-6.5625,0.0,0.0,3.75,0.0,-3.75,0.0,0.0,0.0,0.0,0.0,3.75,7.5,0.9375,0.0,0.0,3.75,0.0,0.0,0.0,0.0,0.0,-2.8125,0.0,-3.75,0.9375,7.5,12.1875,0.0,-3.75,-1.875,0.0,11.25,1.875,7.5,0.0,3.75,-6.5625,8.4375,-7.5,-3.75,0.0,-9.375,3.75,0.0,0.0,4.6875,0.0,0.0,-9.375,0.0,0.0,-13.125,0.0,0.0,0.0,0.0,0.0,0.0,0.0
249,10,0.9375,3.75,-3.75,0.0,11.25,-3.75,3.75,3.75,0.0,-3.75,0.0,0.0,3.75,0.0,-3.75,0.0,0.0,0.0,0.0,0.0,3.75,3.75,0.0,0.0,0.0,3.75,0.0,0.0,0.0,0.0,0.0,-1.875,0.0,-3.75,0.9375,7.5,10.3125,0.0,-3.75,-1.875,0.0,11.25,0.9375,7.5,0.0,3.75,-3.75,7.5,-3.75,-2.8125,0.0,-7.5,3.75,0.0,0.0,3.75,0.0,0.0,-7.5,0.0,0.0,-11.25,0.0,0.0,0.0,0.0,0.0,0.0,0.0
249,11,0.0,3.75,-3.75,0.0,11.25,-3.75,3.75,3.75,0.0,-3.75,0.0,0.0,3.75,0.0,-3.75,0.0,0.0,0.0,0.0,0.0,3.75,3.75,0.0,0.0,0.0,1.875,0.0,0.0,0.0,0.0,0.0,0.0,0.0,-3.75,0.9375,7.5,11.25,0.0,-1.875,0.0,0.0,11.25,0.9375,4.6875,0.0,3.75,-3.75,7.5,-3.75,-2.8125,0.0,-7.5,3.75,0.0,0.0,0.9375,0.0,0.0,-7.5,0.0,0.0,-11.25,0.0,0.0,0.0,0.0,0.0,0.0,0.0
250,9,0.9375,5.625,-7.5,-1.875,11.25,-3.75,3.75,0.0,0.0,-3.75,-1.875,0.0,3.75,0.0,-7.5,0.0,0.9375,0.0,0.0,0.0,3.75,9.375,0.0,0.0,0.0,1.875,3.75,0.0,0.0,0.0,0.0,0.0,0.0,-6.5625,0.0,7.5,11.25,0.0,-3.75,-3.75,0.0,11.25,1.875,7.5,0.0,3.75,-7.5,7.5,-3.75,-3.75,0.0,-7.5,3.75,0.0,0.0,7.5,0.0,0.0,-11.25,0.0,0.0,-14.0625,0.0,0.0,0.0,0.0,0.0,0.0,0.0
250,10,0.9375,3.75,-5.625,-1.875,8.4375,-3.75,0.9375,0.0,0.0,-3.75,-1.875,0.0,1.875,0.0,0.0,0.0,0.0,-1.875,0.0,0.0,3.75,3.75,0.0,0.0,0.0,0.9375,3.75,0.0,0.0,0.0,0.0,0.0,0.0,-5.625,0.0,5.625,11.25,0.0,-3.75,-1.875,0.0,11.25,0.9375,7.5,0.0,3.75,-3.75,7.5,0.0,-1.875,0.0,-6.5625,3.75,0.0,0.0,3.75,0.0,0.0,-10.3125,0.0,0.0,-13.125,0.0,0.0,0.0,0.0,0.0,0.0,0.0
250,11,0.0,3.75,-3.75,-1.875,8.4375,-3.75,0.9375,0.0,0.0,-3.75,-1.875,0.0,0.9375,0.0,0.0,0.0,0.0,0.0,0.0,0.0,3.75,3.75,0.0,0.0,0.0,0.9375,3.75,0.0,0.0,0.0,0.0,0.0,0.0,-5.625,0.0,7.5,8.4375,0.0,-3.75,-1.875,0.0,11.25,0.9375,4.6875,0.0,3.75,-3.75,7.5,0.0,-1.875,0.0,-3.75,3.75,0.0,0.0,3.75,0.0,0.0,-10.3125,0.0,0.0,-11.25,0.0,0.0,0.0,0.0,0.0,0.0,0.0
251,9,0.0,4.6875,-10.3125,-1.875,8.4375,-3.75,0.9375,0.0,-1.875,-2.8125,0.0,0.0,0.0,0.0,3.75,0.0,1.875,0.0,0.0,0.0,3.75,5.625,0.0,0.0,0.0,0.9375,7.5,0.0,0.0,0.0,0.0,-3.75,0.0,-7.5,0.0,3.75,11.25,0.0,-3.75,-1.875,0.0,8.4375,0.0,7.5,0.0,3.75,-3.75,5.625,0.0,0.0,0.0,-1.875,1.875,0.0,0.0,5.625,0.0,0.0,-13.125,0.0,0.0,-15.0,0.0,0.0,0.0,0.0,0.0,0.0,0.0
251,10,0.0,3.75,-7.5,-1.875,7.5,-1.875,1.875,0.0,-1.875,-1.875,-1.875,0.0,0.0,0.0,3.75,0.0,0.0,0.0,0.0,0.0,3.75,3.75,0.0,0.0,0.0,0.0,3.75,0.0,0.9375,0.0,0.0,-2.8125,0.0,-6.5625,0.0,3.75,7.5,0.0,-3.75,-1.875,0.0,7.5,0.0,7.5,0.0,3.75,-3.75,4.6875,0.0,0.0,0.0,0.0,1.875,0.0,0.0,3.75,0.0,0.0,-11.25,0.0,0.0,-13.125,0.0,0.0,0.0,0.0,0.0,0.0,0.0
251,11,0.0,3.75,-7.5,0.0,7.5,-3.75,0.0,0.0,0.0,0.0,-1.875,0.0,0.0,0.0,0.0,0.0,0.0,0.0,0.0,0.0,3.75,3.75,0.0,0.0,0.0,0.0,3.75,0.0,0.0,0.0,0.0,0.0,0.0,-6.5625,0.0,3.75,7.5,0.0,-3.75,-1.875,0.0,7.5,0.0,4.6875,0.0,3.75,-3.75,4.6875,0.0,0.0,0.0,0.0,3.75,0.0,0.0,3.75,0.0,0.0,-11.25,0.0,0.0,-14.0625,0.0,0.0,0.0,0.0,0.0,0.0,0.0
252,9,1.875,3.75,-7.5,0.0,7.5,3.75,0.0,0.0,-3.75,0.0,0.0,0.0,0.0,0.0,7.5,0.0,0.0,0.9375,0.0,0.0,3.75,4.6875,0.0,0.0,0.0,0.0,7.5,0.0,3.75,0.0,0.0,-1.875,-2.8125,-7.5,0.0,3.75,7.5,0.0,-3.75,-3.75,0.0,7.5,0.0,7.5,0.0,0.9375,0.0,3.75,0.0,3.75,0.0,3.75,0.9375,-1.875,0.0,4.6875,0.0,-1.875,-15.0,0.0,0.0,-15.0,0.0,0.0,0.0,0.0,0.0,0.0,0.0
252,10,0.9375,3.75,-6.5625,0.0,4.6875,3.75,0.0,0.0,-2.8125,0.0,0.0,0.0,0.0,0.0,3.75,0.0,0.0,0.9375,0.0,0.0,0.9375,3.75,0.0,0.0,0.0,0.0,3.75,0.0,0.9375,0.0,0.0,-1.875,-1.875,-5.625,0.0,3.75,5.625,0.0,-3.75,-1.875,0.0,7.5,0.0,4.6875,0.0,0.9375,0.0,3.75,3.75,1.875,0.0,3.75,0.9375,-1.875,0.0,3.75,0.0,-1.875,-12.1875,0.0,0.0,-15.0,0.0,0.0,0.0,0.0,0.0,0.0,0.0
252,11,0.0,3.75,-6.5625,0.0,4.6875,0.0,0.0,0.0,-1.875,0.0,-1.875,0.0,0.0,0.0,3.75,0.0,0.0,0.0,0.0,0.0,0.9375,3.75,0.0,0.0,0.0,0.0,3.75,0.0,0.9375,0.0,0.0,0.0,0.0,-6.5625,0.0,3.75,7.5,0.0,-1.875,-1.875,0.0,7.5,0.0,4.6875,0.0,0.9375,0.0,3.75,0.9375,0.0,0.0,3.75,0.9375,0.0,0.0,3.75,0.0,-1.875,-13.125,0.0,0.0,-14.0625,0.0,0.0,0.0,0.0,0.0,0.0,0.0
253,9,3.75,3.75,-7.5,0.0,3.75,11.25,0.0,0.0,-3.75,1.875,0.0,0.0,-2.8125,0.0,7.5,-1.875,0.0,3.75,0.0,0.0,0.0,3.75,-1.875,0.0,0.0,0.0,4.6875,0.0,3.75,0.0,0.0,0.0,-3.75,-7.5,0.0,3.75,7.5,0.0,-1.875,-1.875,0.0,4.6875,0.0,3.75,0.0,0.9375,3.75,0.9375,1.875,3.75,0.0,4.6875,0.0,-3.75,0.0,3.75,0.0,-3.75,-15.0,0.0,0.0,-15.0,0.0,0.0,0.0,0.0,0.0,0.0,0.0
253,10,1.875,0.9375,-3.75,0.0,3.75,7.5,0.0,0.0,-3.75,1.875,0.0,0.0,-1.875,0.0,3.75,-1.875,0.0,0.9375,0.0,0.0,0.0,3.75,0.0,0.0,0.0,0.0,3.75,0.0,3.75,0.0,0.0,0.0,-3.75,-3.75,0.0,3.75,5.625,0.0,0.0,-1.875,0.0,4.6875,0.0,3.75,0.0,0.9375,3.75,0.9375,3.75,1.875,0.0,4.6875,0.0,-2.8125,0.0,3.75,0.0,-3.75,-15.0,0.0,0.0,-11.25,0.0,0.0,0.0,0.0,0.0,0.0,0.0
253,11,0.9375,1.875,-3.75,0.0,3.75,4.6875,0.0,0.0,-3.75,0.9375,0.0,0.0,-1.875,0.0,4.6875,0.0,0.0,0.0,0.0,0.0,0.0,3.75,0.0,0.0,0.0,0.0,3.75,0.0,3.75,0.0,0.0,0.0,-3.75,-7.5,0.0,3.75,3.75,0.0,0.0,-1.875,0.0,4.6875,0.0,3.75,0.0,0.0,0.9375,0.9375,1.875,1.875,0.0,4.6875,0.0,-1.875,0.0,3.75,0.0,-3.75,-15.0,0.0,0.0,-7.5,0.0,0.0,0.0,0.0,0.0,0.0,0.0
254,9,0.0,1.875,-9.375,3.75,2.8125,11.25,0.0,-3.75,-3.75,2.8125,3.75,0.0,-3.75,0.0,7.5,-3.75,0.0,1.875,0.0,0.0,0.0,3.75,-3.75,0.0,0.0,-1.875,3.75,0.0,3.75,0.0,0.0,0.0,-3.75,-6.5625,0.0,0.9375,3.75,0.0,0.0,0.0,0.0,3.75,0.0,3.75,0.0,0.0,5.625,0.0,0.9375,3.75,0.0,4.6875,0.0,-3.75,0.0,3.75,0.0,-6.5625,-15.0,0.0,0.0,3.75,0.0,0.0,0.0,0.0,0.0,0.0,0.0
254,10,0.0,0.9375,-7.5,0.9375,0.9375,7.5,0.0,-1.875,-3.75,1.875,0.0,0.0,-3.75,0.0,3.75,-2.8125,0.0,0.0,0.0,0.0,0.0,3.75,-3.75,0.0,0.0,-1.875,1.875,0.0,1.875,0.0,0.0,0.0,-3.75,-3.75,0.0,0.9375,3.75,0.0,0.0,0.0,0.0,3.75,0.0,0.9375,0.0,0.0,3.75,0.0,0.9375,3.75,0.0,3.75,0.0,-2.8125,0.0,1.875,0.0,-4.6875,-11.25,0.0,0.0,7.5,0.0,0.0,0.0,0.0,0.0,0.0,0.0
254,11,0.0,0.9375,-3.75,0.9375,0.9375,7.5,0.0,0.0,-3.75,0.9375,0.0,0.0,-3.75,0.0,3.75,-2.8125,0.0,0.0,0.0,0.0,0.0,0.9375,-3.75,0.0,0.0,-1.875,0.9375,0.0,3.75,0.0,0.0,0.0,-3.75,-3.75,0.0,0.9375,3.75,0.0,0.0,0.0,0.0,3.75,0.0,0.9375,0.0,0.0,3.75,0.0,0.9375,3.75,0.0,3.75,0.0,-2.8125,0.0,0.9375,0.0,-3.75,-14.0625,0.0,0.0,7.5,0.0,0.0,0.0,0.0,0.0,0.0,0.0
255,9,-2.8125,0.0,-7.5,3.75,0.0,10.3125,0.0,0.0,-7.5,0.0,3.75,0.9375,-6.5625,0.0,4.6875,-3.75,-1.875,0.9375,0.0,-1.875,0.0,0.0,-6.5625,0.0,0.0,-3.75,0.0,0.0,0.9375,0.0,-3.75,0.0,-3.75,3.75,-0.9375,0.0,3.75,0.0,0.0,0.0,0.0,3.75,0.0,0.0,0.0,0.0,4.6875,-1.875,0.0,3.75,0.0,3.75,0.0,-3.75,0.0,0.9375,0.0,-7.5,18.75,0.0,0.0,15.0,0.0,0.0,0.0,0.0,0.0,0.0,0.0
255,10,-2.8125,0.0,-5.625,0.0,0.0,7.5,0.0,0.0,-3.75,0.0,3.75,0.9375,-6.5625,0.0,3.75,-3.75,-1.875,0.9375,0.0,-1.875,0.0,0.0,-3.75,0.0,0.0,-3.75,0.0,0.0,0.9375,0.0,-2.8125,0.0,-3.75,3.75,-1.875,0.0,1.875,0.0,0.9375,0.0,0.0,3.75,0.0,0.0,0.0,0.0,3.75,-1.875,1.875,1.875,0.0,3.75,0.0,-3.75,0.0,0.9375,0.0,-6.5625,8.4375,0.0,0.0,15.0,0.0,0.0,0.0,0.0,0.0,0.0,0.0
255,11,-2.8125,0.0,-3.75,0.9375,0.0,7.5,0.0,0.0,-3.75,0.9375,3.75,0.0,-5.625,0.0,3.75,-3.75,0.0,0.9375,0.0,0.0,0.0,0.0,-3.75,0.0,0.0,-3.75,0.0,0.0,0.0,0.0,-1.875,0.0,-3.75,0.0,0.0,0.0,3.75,0.0,0.9375,0.0,0.0,1.875,0.0,0.0,0.0,0.0,3.75,-1.875,0.0,0.9375,0.0,3.75,0.0,-3.75,0.0,0.0,0.0,-6.5625,8.4375,0.0,0.0,15.0,0.0,0.0,0.0,0.0,0.0,0.0,0.0
256,9,-2.8125,0.0,-6.5625,0.9375,0.0,8.4375,0.0,0.0,-6.5625,0.0,4.6875,3.75,-7.5,0.0,3.75,-5.625,-3.75,3.75,0.0,-2.8125,-3.75,0.0,-7.5,0.0,0.0,-6.5625,-3.75,0.0,0.0,0.0,-3.75,0.0,-3.75,7.5,0.0,0.0,4.6875,0.0,0.0,0.0,0.0,0.9375,0.0,0.0,0.0,0.0,4.6875,-3.75,0.0,0.9375,0.0,3.75,-1.875,-3.75,0.0,0.0,0.0,-7.5,18.75,0.0,0.0,14.0625,0.0,0.0,0.0,0.0,0.0,0.0,0.0
256,10,-2.8125,-1.875,-3.75,0.0,0.0,7.5,0.0,0.9375,-3.75,0.0,3.75,3.75,-7.5,0.0,2.8125,-5.625,-3.75,0.9375,0.0,-2.8125,-2.8125,0.0,-6.5625,0.0,0.0,-3.75,-2.8125,0.0,0.0,0.0,-2.8125,0.0,-3.75,1.875,0.0,0.0,3.75,0.0,0.0,0.0,0.0,0.9375,0.0,0.0,0.0,0.0,3.75,-1.875,0.0,1.875,0.0,3.75,-1.875,-3.75,0.0,0.0,0.0,-6.5625,15.0,0.0,0.0,15.0,0.0,0.0,0.0,0.0,0.0,0.0,0.0
256,11,-3.75,0.0,-3.75,0.0,0.0,7.5,0.0,0.0,-3.75,0.0,3.75,3.75,-7.5,0.0,3.75,-3.75,-3.75,0.9375,0.0,-1.875,-1.875,0.0,-6.5625,0.0,0.0,-3.75,-3.75,0.0,0.0,0.0,-1.875,0.0,-3.75,3.75,0.0,0.0,3.75,0.0,0.0,0.0,-1.875,0.9375,0.0,0.0,0.0,0.0,3.75,-1.875,0.0,0.0,0.0,3.75,-1.875,-3.75,0.0,0.0,0.0,-6.5625,15.0,0.0,0.0,15.0,0.0,0.0,0.0,0.0,0.0,0.0,0.0
257,9,-3.75,-1.875,-7.5,0.0,0.0,7.5,0.0,0.0,-3.75,0.0,3.75,0.0,-10.3125,0.0,3.75,-7.5,-3.75,0.0,0.0,-3.75,-3.75,0.0,-11.25,0.0,0.0,-6.5625,-6.5625,0.0,0.0,0.0,-3.75,-1.875,-3.75,7.5,0.0,0.0,7.5,0.0,0.0,0.0,-3.75,0.0,0.0,0.0,0.0,0.0,3.75,-3.75,0.0,0.0,0.0,3.75,-3.75,-1.875,0.0,0.0,0.0,-9.375,18.75,0.0,0.0,12.1875,0.0,0.0,0.0,0.0,0.0,0.0,0.0
257,10,-3.75,-1.875,-7.5,0.0,-0.9375,4.6875,0.0,0.0,-3.75,0.0,3.75,0.0,-10.3125,0.0,1.875,-7.5,-2.8125,0.0,0.0,-3.75,-3.75,0.0,-7.5,0.0,0.0,-6.5625,-5.625,0.0,0.0,0.0,-0.9375,-1.875,-1.875,3.75,0.0,0.0,3.75,0.0,0.0,0.0,-3.75,0.0,0.0,0.0,0.0,0.0,3.75,-3.75,0.0,0.0,0.0,1.875,-3.75,0.0,0.0,0.0,0.0,-7.5,15.0,0.0,0.0,13.125,0.0,0.0,0.0,0.0,0.0,0.0,0.0
257,11,-3.75,0.0,-6.5625,0.0,0.0,4.6875,0.0,0.0,-3.75,0.0,3.75,0.0,-9.375,0.0,0.9375,-7.5,-3.75,0.0,0.0,-3.75,-1.875,0.0,-7.5,0.0,0.0,-6.5625,-4.6875,0.0,0.0,0.0,-1.875,-1.875,-3.75,3.75,0.0,0.0,3.75,0.0,0.0,0.0,-3.75,0.0,0.0,0.0,0.0,0.0,3.75,-1.875,0.0,0.0,0.0,1.875,-3.75,0.0,0.0,0.0,0.0,-7.5,15.0,0.0,0.0,11.25,0.0,0.0,0.0,0.0,0.0,0.0,0.0
258,9,-7.5,-3.75,-9.375,-3.75,-1.875,3.75,0.0,3.75,-3.75,0.0,3.75,0.0,-11.25,0.0,0.9375,-9.375,-3.75,0.0,0.0,-3.75,-1.875,0.0,-11.25,0.0,0.0,-7.5,-10.3125,0.0,0.0,0.0,-3.75,-3.75,-3.75,7.5,0.0,0.0,4.6875,-1.875,-3.75,-3.75,-6.5625,0.0,-1.875,0.0,0.0,0.0,1.875,-3.75,0.0,0.0,0.0,0.9375,-3.75,0.9375,0.0,0.0,0.0,-7.5,16.875,0.0,0.0,11.25,0.0,0.0,0.0,0.0,0.0,0.0,0.0
258,10,-7.5,-1.875,-7.5,-1.875,-1.875,3.75,0.0,1.875,-2.8125,0.0,1.875,0.0,-11.25,0.0,0.0,-9.375,-3.75,0.0,0.0,-3.75,-1.875,0.0,-7.5,0.0,0.0,-7.5,-7.5,0.0,0.0,0.0,-3.75,-2.8125,-3.75,3.75,0.0,0.0,3.75,-0.9375,-2.8125,-2.8125,-5.625,0.0,-1.875,0.0,0.0,0.0,0.9375,-1.875,0.0,0.0,0.0,0.9375,-3.75,3.75,0.0,0.0,0.0,-3.75,15.0,0.0,0.0,11.25,0.0,0.0,0.0,0.0,0.0,0.0,0.0
258,11,-7.5,0.0,-7.5,-3.75,-1.875,3.75,0.0,0.9375,-1.875,0.0,0.9375,0.0,-11.25,0.0,0.0,-7.5,-3.75,0.0,0.0,-3.75,-1.875,0.0,-7.5,0.0,0.0,-7.5,-7.5,0.0,0.0,0.0,-1.875,-3.75,0.0,3.75,0.0,0.0,3.75,0.0,-1.875,-2.8125,-5.625,0.0,0.0,0.0,0.0,0.0,0.9375,-1.875,0.0,0.0,0.0,0.0,-3.75,0.9375,0.0,0.0,0.0,-3.75,15.0,0.0,0.0,11.25,0.0,0.0,0.0,0.0,0.0,0.0,0.0
259,9,-10.3125,0.0,-11.25,-6.5625,-2.8125,0.0,0.0,3.75,0.0,0.0,2.8125,0.9375,-15.0,0.0,0.0,-11.25,-5.625,0.9375,0.0,-6.5625,-1.875,-1.875,-11.25,0.0,0.0,-7.5,-11.25,0.0,0.0,0.0,-3.75,-3.75,-1.875,7.5,0.0,0.0,3.75,0.0,-5.625,-6.5625,-7.5,0.0,-3.75,0.0,0.0,0.0,0.0,0.0,0.0,-3.75,0.0,0.0,-3.75,3.75,0.0,-1.875,0.0,-1.875,15.0,0.0,0.0,8.4375,0.0,0.0,0.0,0.0,0.0,0.0,0.0
259,10,-7.5,0.0,-10.3125,-3.75,-1.875,0.0,0.0,1.875,0.0,0.0,0.9375,0.9375,-13.125,0.0,0.0,-11.25,-3.75,0.9375,0.0,-6.5625,0.0,-1.875,-7.5,0.0,0.0,-3.75,-10.3125,0.0,0.0,0.0,-3.75,-3.75,0.0,5.625,0.0,0.0,0.9375,0.0,-3.75,-3.75,-7.5,0.0,-1.875,0.0,0.0,0.0,0.0,0.0,0.0,-3.75,0.0,0.0,-3.75,3.75,0.0,-1.875,0.0,0.0,13.125,0.0,0.0,8.4375,0.0,0.0,0.0,0.0,0.0,0.0,0.0
259,11,-7.5,0.0,-10.3125,-3.75,-1.875,0.0,0.0,0.9375,0.0,0.0,0.0,0.9375,-13.125,0.0,0.0,-10.3125,-3.75,0.0,0.0,-6.5625,0.0,0.0,-7.5,0.0,0.0,-6.5625,-10.3125,0.0,0.0,0.0,-2.8125,-3.75,0.0,4.6875,0.0,0.0,3.75,0.0,-3.75,-3.75,-7.5,0.0,-1.875,0.0,0.0,0.0,0.0,0.0,0.0,-3.75,0.0,0.0,-3.75,3.75,0.0,-1.875,0.0,0.0,13.125,0.0,0.0,7.5,0.0,0.0,0.0,0.0,0.0,0.0,0.0
260,9,-12.1875,0.0,-11.25,-7.5,-3.75,0.0,0.0,3.75,0.9375,0.0,0.9375,3.75,-15.0,0.0,0.0,-11.25,-3.75,0.0,0.0,-7.5,0.0,-1.875,-7.5,0.0,0.0,0.0,-14.0625,0.0,-1.875,0.0,-3.75,-3.75,0.0,7.5,3.75,0.0,3.75,-1.875,-7.5,-6.5625,-11.25,0.0,-3.75,0.0,0.0,0.0,0.0,0.0,0.0,-7.5,0.0,0.0,-3.75,3.75,0.0,-2.8125,0.0,7.5,12.1875,0.0,0.0,7.5,0.0,0.0,0.0,0.0,0.0,0.0,0.0
260,10,-10.3125,0.0,-11.25,-5.625,-2.8125,0.0,0.0,0.9375,0.0,0.0,0.0,0.9375,-15.0,0.0,0.0,-11.25,-3.75,0.0,0.0,-7.5,0.0,-1.875,-3.75,0.0,0.0,0.0,-11.25,0.0,-1.875,0.0,-2.8125,-3.75,0.0,3.75,0.9375,0.0,0.9375,0.0,-6.5625,-3.75,-10.3125,0.0,-3.75,0.0,0.0,0.0,0.0,0.0,0.0,-3.75,0.0,0.0,-3.75,3.75,0.0,-2.8125,0.0,3.75,11.25,0.0,0.0,7.5,0.0,0.0,0.0,0.0,0.0,0.0,0.0
260,11,-11.25,0.0,-11.25,-5.625,-2.8125,0.0,0.0,0.9375,0.0,0.0,0.0,0.0,-15.0,0.0,0.0,-11.25,-1.875,0.0,0.0,-7.5,0.0,0.0,-3.75,0.0,0.0,0.0,-11.25,0.0,0.0,0.0,-1.875,-3.75,3.75,3.75,0.9375,0.0,0.9375,0.0,-6.5625,-3.75,-10.3125,0.0,-3.75,0.0,0.0,0.0,0.0,0.0,0.0,-3.75,0.0,0.0,-3.75,3.75,0.0,-2.8125,0.0,3.75,11.25,0.0,0.0,7.5,0.0,0.0,0.0,0.0,0.0,0.0,0.0
261,9,-15.0,1.875,-15.0,-7.5,-3.75,-3.75,0.0,1.875,0.0,0.0,0.9375,-2.8125,-16.875,0.0,0.0,-14.0625,0.0,0.0,0.0,-9.375,0.0,-1.875,0.0,0.0,0.0,8.4375,-11.25,0.0,-1.875,0.0,0.0,-3.75,3.75,3.75,3.75,0.0,1.875,-3.75,-10.3125,-3.75,-11.25,0.0,-3.75,0.0,0.0,0.0,-1.875,0.0,0.0,-7.5,0.0,0.0,-3.75,3.75,0.0,-3.75,0.0,7.5,11.25,0.0,0.0,4.6875,0.0,0.0,0.0,0.0,0.0,0.0,0.0
261,10,-11.25,0.0,-14.0625,-3.75,-3.75,-2.8125,0.0,0.9375,0.0,0.0,0.0,-1.875,-15.0,0.0,0.0,-14.0625,0.0,0.0,0.0,-9.375,0.0,-0.9375,0.0,0.0,0.0,3.75,-9.375,0.0,-1.875,0.0,0.0,-3.75,3.75,3.75,1.875,0.0,0.9375,-3.75,-7.5,-3.75,-11.25,0.0,-3.75,0.0,0.0,0.0,-0.9375,0.0,0.0,-5.625,0.0,0.0,-3.75,3.75,0.0,-3.75,0.0,4.6875,8.4375,0.0,0.0,4.6875,0.0,0.0,0.0,0.0,0.0,0.0,0.0
261,11,-13.125,0.9375,-14.0625,-6.5625,-3.75,-2.8125,0.0,0.9375,0.0,0.0,0.0,-1.875,-15.0,0.0,0.0,-15.0,0.0,0.0,0.0,-7.5,0.0,0.0,0.0,0.0,0.0,3.75,-7.5,0.0,-1.875,0.0,0.0,-3.75,3.75,3.75,0.9375,0.0,0.0,-1.875,-7.5,-3.75,-11.25,0.0,-3.75,0.0,0.0,0.0,0.0,0.0,0.0,-5.625,0.0,0.0,-3.75,3.75,0.0,-3.75,0.0,4.6875,9.375,0.0,0.0,3.75,0.0,0.0,0.0,0.0,0.0,0.0,0.0
262,9,-16.875,0.9375,-15.0,-3.75,-3.75,-3.75,0.0,0.0,0.0,0.0,1.875,-1.875,-18.75,0.0,0.0,-15.0,0.0,0.0,0.0,-11.25,0.9375,0.0,4.6875,0.0,0.0,11.25,13.125,0.0,-0.9375,0.0,0.9375,-1.875,3.75,3.75,1.875,0.0,0.9375,-1.875,-11.25,0.0,-11.25,0.0,-3.75,0.0,0.0,0.0,0.0,0.0,0.0,-7.5,0.0,0.0,-1.875,3.75,0.0,-3.75,0.0,7.5,7.5,0.0,0.0,3.75,0.0,0.0,0.0,0.0,0.0,0.0,0.0
262,10,-14.0625,0.9375,-15.0,-3.75,-3.75,-3.75,0.0,0.0,0.0,0.0,0.9375,-1.875,-16.875,0.0,0.0,-15.0,0.9375,0.0,0.0,-10.3125,0.9375,0.0,3.75,0.0,0.0,6.5625,3.75,0.0,0.0,0.0,1.875,-1.875,3.75,1.875,0.9375,0.0,0.0,0.0,-7.5,0.0,-11.25,0.0,-3.75,0.0,0.0,0.0,0.0,0.0,0.0,-6.5625,0.0,0.0,-3.75,3.75,0.0,-3.75,0.0,5.625,7.5,0.0,0.0,3.75,0.0,0.0,0.0,0.0,0.0,0.0,0.0
262,11,-15.0,0.9375,-15.0,-3.75,-3.75,-3.75,0.0,0.0,0.0,0.0,0.0,-1.875,-16.875,0.0,0.0,-15.0,0.0,0.0,0.0,-10.3125,0.0,0.0,3.75,0.0,0.0,7.5,3.75,0.0,0.0,0.0,0.0,-1.875,3.75,1.875,0.0,0.0,0.0,0.0,-7.5,0.0,-9.375,0.0,-3.75,0.0,0.0,0.0,0.0,0.0,0.0,-6.5625,0.0,0.0,-1.875,3.75,0.0,-3.75,0.0,4.6875,7.5,0.0,0.0,3.75,0.0,0.0,0.0,0.0,0.0,0.0,0.0
263,9,-18.75,1.875,-15.0,0.0,-3.75,-3.75,0.0,0.0,0.0,0.0,3.75,-1.875,-18.75,0.0,0.0,-15.0,3.75,-1.875,0.0,-11.25,3.75,0.0,7.5,0.0,0.0,9.375,15.0,0.0,-1.875,0.0,1.875,0.0,3.75,1.875,1.875,0.0,0.0,0.0,-13.125,7.5,-7.5,0.0,-3.75,-1.875,0.0,0.0,0.0,0.0,-1.875,-10.3125,0.0,0.0,3.75,1.875,0.0,-3.75,0.0,6.5625,5.625,0.0,0.0,1.875,0.0,0.0,0.0,0.0,0.0,0.0,0.0
263,10,-14.0625,0.9375,-15.0,0.0,-3.75,-3.75,0.0,0.0,0.0,0.0,0.9375,0.0,-15.0,0.0,0.0,-15.0,0.9375,0.0,0.0,-11.25,1.875,0.0,3.75,0.0,0.0,7.5,11.25,0.0,-0.9375,0.0,0.9375,0.0,3.75,0.9375,0.9375,0.0,0.0,0.0,-7.5,3.75,-7.5,0.0,-1.875,0.0,0.0,0.0,0.0,0.0,-1.875,-3.75,0.0,0.0,0.0,0.9375,0.0,-3.75,0.0,3.75,4.6875,0.0,0.0,1.875,0.0,0.0,0.0,0.0,0.0,0.0,0.0
263,11,-15.0,0.9375,-15.0,0.0,-1.875,-2.8125,0.0,0.0,0.0,0.0,0.9375,-1.875,-15.0,0.0,0.0,-15.0,0.9375,-1.875,0.0,-11.25,0.9375,0.0,3.75,0.0,0.0,7.5,11.25,0.0,0.0,0.0,1.875,0.0,3.75,0.9375,0.9375,0.0,0.0,0.0,-7.5,3.75,-5.625,0.0,-1.875,0.0,0.0,0.0,0.0,0.0,-3.75,-6.5625,0.0,0.0,0.0,0.9375,0.0,-3.75,0.0,3.75,3.75,0.0,0.0,1.875,0.0,0.0,0.0,0.0,0.0,0.0,0.0
264,9,-18.75,1.875,-15.0,3.75,-1.875,0.0,-2.8125,0.0,1.875,0.0,3.75,-6.5625,-9.375,0.0,0.0,-15.0,0.0,-3.75,0.0,-11.25,0.0,0.9375,0.0,0.0,0.0,7.5,13.125,0.0,-1.875,0.0,3.75,0.0,3.75,0.0,0.9375,0.0,0.0,-3.75,-11.25,7.5,13.125,0.0,0.0,-1.875,0.0,0.0,0.0,0.0,-3.75,-7.5,0.0,0.0,4.6875,0.0,0.0,-1.875,0.0,3.75,3.75,0.0,0.0,0.9375,0.0,0.0,0.0,0.0,0.0,0.0,0.0
264,10,-9.375,0.9375,-15.0,3.75,-1.875,0.0,-2.8125,0.0,0.0,0.0,2.8125,-5.625,7.5,0.0,0.0,-7.5,0.0,-2.8125,0.0,-11.25,0.0,0.9375,0.0,0.0,0.0,7.5,11.25,0.0,-1.875,0.0,3.75,0.0,1.875,0.0,0.0,0.0,0.0,0.0,-7.5,7.5,13.125,0.0,0.0,-1.875,0.0,0.0,0.0,0.0,-3.75,-5.625,0.0,0.0,3.75,0.0,0.0,-3.75,0.0,3.75,3.75,0.0,0.0,0.9375,0.0,0.0,0.0,0.0,0.0,0.0,0.0
264,11,-13.125,0.9375,-15.0,3.75,0.0,0.0,-1.875,0.0,0.0,0.0,0.9375,-3.75,-3.75,0.0,0.0,-11.25,0.0,-1.875,0.0,-11.25,0.0,0.0,0.9375,0.0,0.0,7.5,11.25,0.0,0.0,0.0,3.75,0.0,1.875,0.0,0.0,0.0,0.0,0.0,-7.5,3.75,7.5,0.0,0.0,0.0,0.0,0.0,0.0,0.0,-3.75,-3.75,0.0,0.0,3.75,0.0,0.0,-3.75,0.0,3.75,3.75,0.0,0.0,0.0,0.0,0.0,0.0,0.0,0.0,0.0,0.0
265,9,18.75,0.0,15.0,6.5625,0.9375,0.0,-5.625,0.0,3.75,0.0,3.75,-7.5,15.0,0.0,0.0,11.25,0.0,-3.75,0.0,-7.5,0.0,0.9375,1.875,0.0,0.0,4.6875,12.1875,0.0,-1.875,0.0,2.8125,-1.875,0.0,0.0,0.0,0.0,0.0,0.0,-7.5,4.6875,15.0,0.0,0.0,0.0,0.0,0.0,0.0,0.0,-3.75,-3.75,0.0,0.0,4.6875,0.0,0.0,0.0,0.0,3.75,0.0,0.0,0.0,0.0,0.0,0.0,0.0,0.0,0.0,0.0,0.0
265,10,15.0,0.0,15.0,3.75,1.875,0.0,-3.75,0.0,0.9375,0.0,0.9375,-6.5625,13.125,0.0,0.0,11.25,0.0,-1.875,0.0,-7.5,0.0,0.9375,0.9375,0.0,0.0,3.75,11.25,0.0,0.0,0.0,2.8125,-1.875,0.0,0.0,-1.875,0.0,0.0,0.0,0.0,3.75,11.25,0.0,0.0,0.0,0.0,0.0,0.0,0.0,-1.875,-1.875,0.0,0.0,3.75,0.0,0.0,0.0,0.0,0.9375,0.0,0.0,0.0,0.0,0.0,0.0,0.0,0.0,0.0,0.0,0.0
265,11,15.0,0.0,15.0,4.6875,1.875,0.0,-3.75,0.0,0.0,0.0,0.9375,-6.5625,13.125,0.0,0.0,11.25,0.0,-1.875,0.0,-5.625,0.0,0.9375,0.9375,0.0,0.0,3.75,11.25,0.0,-1.875,0.0,1.875,-1.875,0.9375,0.0,-1.875,0.0,0.0,0.0,0.0,3.75,11.25,0.0,0.9375,0.0,0.0,0.0,0.0,0.0,-1.875,0.0,0.0,0.0,3.75,0.0,0.0,0.0,0.0,0.9375,0.0,0.0,0.0,0.0,0.0,0.0,0.0,0.0,0.0,0.0,0.0
266,9,18.75,0.0,15.9375,5.625,0.9375,0.9375,-7.5,0.0,3.75,0.0,0.9375,-7.5,13.125,0.0,0.0,11.25,0.0,-3.75,0.0,7.5,0.0,1.875,0.0,0.0,0.0,4.6875,11.25,0.0,0.0,0.0,0.9375,-1.875,0.0,0.0,-3.75,0.0,0.0,0.0,7.5,4.6875,13.125,0.0,3.75,0.0,0.0,0.0,0.0,0.0,0.0,7.5,0.0,0.0,3.75,-1.875,0.0,3.75,0.0,0.0,-1.875,0.0,0.0,0.0,0.0,0.0,0.0,0.0,0.0,0.0,0.0
266,10,15.0,0.0,15.9375,3.75,0.9375,1.875,-7.5,0.0,3.75,0.0,0.9375,-7.5,12.1875,0.0,0.0,11.25,0.0,0.0,0.0,7.5,0.0,0.9375,0.0,0.0,0.0,3.75,8.4375,0.0,0.0,0.0,0.9375,-1.875,0.0,0.0,-3.75,0.0,0.0,0.0,3.75,3.75,12.1875,0.0,1.875,0.0,0.0,0.0,0.0,0.0,0.0,1.875,0.0,0.0,3.75,-1.875,0.0,2.8125,0.0,0.0,-1.875,0.0,0.0,0.0,0.0,0.0,0.0,0.0,0.0,0.0,0.0
266,11,16.875,0.0,15.9375,3.75,0.9375,0.0,-7.5,0.0,3.75,0.0,0.9375,-7.5,12.1875,0.0,0.0,11.25,0.0,-3.75,0.0,3.75,0.0,0.9375,0.0,0.0,0.0,3.75,8.4375,0.0,0.0,0.0,0.9375,-3.75,0.0,0.0,-3.75,0.0,0.0,0.0,3.75,3.75,11.25,0.0,3.75,0.0,0.0,0.0,0.0,0.0,0.0,3.75,0.0,0.0,3.75,0.0,0.0,3.75,0.0,0.0,-1.875,0.0,0.0,0.0,0.0,0.0,0.0,0.0,0.0,0.0,0.0
267,9,18.75,0.0,15.9375,3.75,0.0,1.875,-9.375,0.0,3.75,0.0,0.9375,-11.25,13.125,0.0,0.0,11.25,0.0,-6.5625,0.0,11.25,0.0,0.0,0.0,0.0,0.0,3.75,8.4375,0.0,0.0,0.0,0.9375,-1.875,0.0,0.0,-7.5,0.0,0.0,0.0,8.4375,3.75,11.25,0.0,3.75,0.0,0.0,0.0,0.0,3.75,3.75,10.3125,0.0,0.0,3.75,-2.8125,0.0,4.6875,0.0,0.0,-3.75,0.0,0.0,0.0,0.0,0.0,0.0,0.0,0.0,0.0,0.0
267,10,15.0,-1.875,15.9375,3.75,0.0,0.0,-7.5,0.0,3.75,0.0,0.9375,-7.5,11.25,0.0,0.0,11.25,0.0,-3.75,0.0,11.25,0.0,0.0,0.0,0.0,0.0,3.75,7.5,0.0,0.0,0.0,0.9375,-1.875,0.0,0.0,-3.75,0.0,0.0,0.0,3.75,3.75,11.25,0.0,3.75,0.0,0.0,0.0,0.0,0.9375,3.75,4.6875,0.0,0.0,3.75,-2.8125,0.0,3.75,0.0,0.0,-3.75,0.0,0.0,0.0,0.0,0.0,0.0,0.0,0.0,0.0,0.0
267,11,15.0,-1.875,15.0,3.75,1.875,0.0,-7.5,0.0,3.75,0.0,0.0,-7.5,11.25,0.0,0.0,11.25,0.0,-3.75,0.0,11.25,0.0,0.0,0.0,0.0,0.0,0.9375,7.5,0.0,0.0,0.0,0.9375,-3.75,0.0,0.0,-3.75,0.0,0.0,0.0,5.625,3.75,11.25,0.0,3.75,0.0,0.0,0.0,0.0,0.9375,0.9375,4.6875,0.0,0.0,3.75,-1.875,0.0,3.75,0.0,0.0,-3.75,0.0,0.0,0.0,0.0,0.0,0.0,0.0,0.0,0.0,0.0
268,9,16.875,-1.875,15.0,3.75,0.0,0.0,-9.375,-1.875,3.75,-1.875,0.0,-12.1875,11.25,-1.875,-1.875,11.25,-2.8125,-7.5,-1.875,11.25,0.0,0.0,0.0,-1.875,0.0,0.9375,7.5,0.0,0.0,0.0,0.0,0.0,0.0,0.0,-8.4375,0.0,0.0,0.0,7.5,0.9375,8.4375,0.0,3.75,0.0,0.0,0.0,0.0,3.75,3.75,7.5,0.0,-1.875,3.75,-3.75,0.0,4.6875,0.0,0.0,-6.5625,0.0,0.0,0.0,0.0,0.0,0.0,0.0,0.0,0.0,0.0
268,10,15.0,-1.875,15.0,1.875,0.0,0.0,-5.625,-1.875,3.75,-1.875,0.0,-7.5,11.25,-1.875,0.0,11.25,-1.875,-3.75,-1.875,11.25,0.0,0.0,-1.875,-1.875,0.0,0.0,5.625,0.0,0.0,0.0,0.0,0.0,0.0,0.0,-7.5,0.0,0.0,0.0,3.75,0.9375,8.4375,0.0,3.75,0.0,0.0,0.0,0.0,1.875,3.75,5.625,0.0,-1.875,0.9375,-3.75,0.0,3.75,0.0,0.0,-3.75,0.0,0.0,0.0,0.0,0.0,0.0,0.0,0.0,0.0,0.0
268,11,15.0,-1.875,15.0,0.9375,0.0,0.0,-6.5625,0.0,3.75,-0.9375,0.0,-7.5,10.3125,0.0,0.0,11.25,0.0,-3.75,0.0,11.25,0.0,0.0,0.0,0.0,0.0,0.0,4.6875,0.0,0.0,0.0,0.0,-1.875,0.0,0.0,-7.5,0.0,0.0,0.0,3.75,0.0,7.5,0.0,3.75,0.9375,0.0,0.0,0.0,0.9375,3.75,7.5,0.0,-1.875,0.9375,-3.75,0.0,3.75,0.0,0.0,-3.75,0.0,0.0,0.0,0.0,0.0,0.0,0.0,0.0,0.0,0.0
269,9,15.0,-1.875,13.125,0.0,0.0,3.75,-9.375,-3.75,2.8125,-3.75,0.0,-11.25,8.4375,-3.75,-1.875,7.5,-3.75,-10.3125,-3.75,11.25,0.0,-1.875,0.0,-2.8125,0.0,3.75,4.6875,0.0,3.75,0.0,0.0,3.75,-3.75,0.0,-9.375,0.0,0.0,0.0,3.75,0.0,7.5,0.0,0.9375,0.9375,0.0,0.0,0.0,3.75,4.6875,7.5,0.0,-3.75,0.0,-3.75,0.0,3.75,0.0,-1.875,-5.625,0.0,0.0,0.0,0.0,0.0,0.0,0.0,0.0,0.0,0.0
269,10,13.125,-3.75,13.125,0.0,0.0,0.9375,-5.625,-2.8125,1.875,-2.8125,0.0,-7.5,7.5,-2.8125,0.0,7.5,-2.8125,-7.5,-2.8125,11.25,0.0,-1.875,0.0,-2.8125,0.0,0.9375,3.75,0.0,0.9375,0.0,0.0,0.0,-3.75,0.0,-6.5625,0.0,0.0,0.0,3.75,0.0,7.5,0.0,0.9375,0.9375,0.0,0.0,0.0,1.875,4.6875,4.6875,0.0,-3.75,0.0,-3.75,0.0,3.75,0.0,0.0,-3.75,0.0,0.0,0.0,0.0,0.0,0.0,0.0,0.0,0.0,0.0
269,11,15.0,-3.75,12.1875,0.0,0.0,0.9375,-3.75,-2.8125,0.9375,-2.8125,0.0,-5.625,7.5,-2.8125,0.0,7.5,-1.875,-7.5,-2.8125,11.25,0.0,-1.875,0.0,-1.875,0.0,0.9375,3.75,0.0,0.9375,0.0,0.0,0.0,-3.75,0.0,-7.5,0.0,1.875,0.0,3.75,0.0,7.5,0.0,0.9375,0.9375,0.0,0.0,0.0,0.9375,3.75,4.6875,0.0,-3.75,0.0,-3.75,0.0,3.75,0.0,0.0,-3.75,0.0,0.0,0.0,0.0,0.0,0.0,0.0,0.0,0.0,0.0
270,9,13.125,0.0,11.25,0.0,0.0,3.75,-1.875,-3.75,0.9375,-3.75,0.0,-9.375,4.6875,-3.75,-3.75,7.5,-3.75,-10.3125,-3.75,11.25,0.0,-3.75,-1.875,-3.75,0.0,0.9375,3.75,0.0,1.875,0.0,0.0,7.5,-3.75,0.0,-11.25,0.0,0.0,0.0,0.9375,0.0,4.6875,0.0,0.0,0.0,0.0,0.0,-1.875,0.9375,3.75,5.625,0.0,-5.625,0.0,-3.75,0.0,3.75,0.0,-3.75,-3.75,0.0,0.0,0.0,0.0,0.0,0.0,0.0,0.0,0.0,0.0
270,10,11.25,0.0,11.25,0.0,0.0,2.8125,0.0,-3.75,0.9375,-3.75,0.0,-3.75,4.6875,-3.75,-3.75,7.5,-3.75,-7.5,-3.75,11.25,0.0,-3.75,0.0,-3.75,0.0,0.0,3.75,0.0,1.875,0.0,0.0,3.75,-3.75,0.0,-7.5,0.0,0.0,0.0,0.0,0.0,3.75,0.0,0.0,0.0,0.0,0.0,-0.9375,0.0,3.75,3.75,0.0,-3.75,0.0,-3.75,0.0,3.75,0.0,-2.8125,-1.875,0.0,0.0,0.0,0.0,0.0,0.0,0.0,0.0,0.0,0.0
270,11,11.25,-3.75,11.25,0.0,0.0,0.9375,0.0,-3.75,0.0,-3.75,0.0,-3.75,4.6875,-3.75,-1.875,7.5,-3.75,-7.5,-3.75,9.375,0.0,-3.75,0.0,-3.75,0.0,0.0,3.75,0.0,0.0,0.0,0.0,0.9375,-3.75,0.0,-7.5,0.0,0.0,0.0,0.0,0.0,3.75,0.0,0.0,0.0,0.0,0.0,0.0,0.0,3.75,3.75,0.0,-3.75,0.0,-3.75,0.0,3.75,0.0,-1.875,-1.875,0.0,0.0,0.0,0.0,0.0,0.0,0.0,0.0,0.0,0.0
271,9,11.25,5.625,9.375,0.0,0.0,3.75,3.75,-7.5,0.0,-6.5625,0.0,1.875,3.75,-6.5625,-3.75,5.625,-3.75,-7.5,-6.5625,9.375,0.0,-3.75,0.0,-6.5625,0.0,0.0,0.9375,0.0,0.9375,0.0,0.0,11.25,-7.5,0.0,-11.25,0.0,0.0,0.0,0.0,0.0,2.8125,0.0,0.0,0.0,0.0,0.0,-1.875,0.0,3.75,4.6875,0.0,-6.5625,0.0,-2.8125,0.0,1.875,0.0,-3.75,3.75,0.0,0.0,0.0,0.0,0.0,0.0,0.0,0.0,0.0,0.0
271,10,9.375,1.875,8.4375,0.0,0.0,3.75,3.75,-6.5625,0.0,-6.5625,0.0,0.0,3.75,-5.625,-1.875,4.6875,-3.75,-5.625,-5.625,9.375,0.0,-3.75,0.0,-6.5625,0.0,0.0,0.9375,0.0,0.0,0.0,0.0,3.75,-6.5625,0.0,-7.5,0.0,0.0,0.0,0.0,0.0,0.9375,0.0,0.0,0.0,0.0,0.0,-1.875,0.0,3.75,3.75,0.0,-5.625,0.0,-1.875,0.0,0.9375,0.0,-3.75,0.9375,0.0,0.0,0.0,0.0,0.0,0.0,0.0,0.0,0.0,0.0
271,11,9.375,0.0,8.4375,0.0,0.0,0.9375,3.75,-6.5625,0.0,-6.5625,0.0,3.75,3.75,-5.625,0.0,4.6875,-3.75,-6.5625,-5.625,8.4375,0.0,-3.75,0.0,-3.75,0.0,0.0,0.9375,0.0,0.0,0.0,0.0,3.75,-3.75,0.0,-7.5,0.0,0.0,0.0,0.0,0.0,0.9375,0.0,0.0,0.0,0.0,0.0,-1.875,0.0,3.75,3.75,0.0,-5.625,0.0,-1.875,0.0,0.9375,0.0,-3.75,0.0,0.0,0.0,0.0,0.0,0.0,0.0,0.0,0.0,0.0,0.0
272,9,8.4375,7.5,7.5,0.0,0.0,1.875,5.625,-9.375,-2.8125,-7.5,0.0,7.5,1.875,-7.5,0.0,4.6875,-7.5,0.0,-7.5,7.5,0.0,-3.75,0.0,-7.5,0.0,0.0,0.0,0.0,3.75,0.0,-3.75,7.5,-10.3125,-3.75,-5.625,0.0,0.0,0.0,0.0,0.0,0.0,0.0,0.0,-1.875,0.0,0.0,-3.75,0.0,3.75,3.75,0.0,-7.5,0.0,0.0,0.0,0.0,0.0,-5.625,4.6875,0.0,0.0,-2.8125,0.0,0.0,0.0,0.0,0.0,0.0,0.0
272,10,7.5,3.75,7.5,0.0,0.0,1.875,4.6875,-7.5,-1.875,-7.5,0.0,3.75,0.9375,-7.5,0.0,3.75,-3.75,0.0,-7.5,7.5,0.0,-3.75,0.0,-7.5,0.0,0.0,0.0,0.0,0.9375,0.0,-2.8125,3.75,-7.5,-1.875,-3.75,0.0,0.0,0.0,-1.875,0.0,0.0,0.0,0.0,-1.875,0.0,0.0,-3.75,0.0,3.75,3.75,0.0,-7.5,0.0,0.0,0.0,0.0,0.0,-3.75,3.75,0.0,0.0,-1.875,0.0,0.0,0.0,0.0,0.0,0.0,0.0
272,11,7.5,3.75,7.5,0.0,0.0,0.9375,4.6875,-7.5,-1.875,-7.5,0.0,4.6875,1.875,-7.5,0.0,3.75,-5.625,0.0,-7.5,7.5,0.0,-3.75,0.0,-6.5625,0.0,0.0,0.0,0.0,0.9375,0.0,-1.875,3.75,-7.5,-1.875,-3.75,0.0,0.0,0.0,0.0,0.0,0.0,0.0,0.0,-1.875,0.0,0.0,-3.75,0.0,3.75,3.75,0.0,-7.5,0.0,0.0,0.0,0.0,0.0,-3.75,3.75,0.0,0.0,-1.875,0.0,0.0,0.0,0.0,0.0,0.0,0.0
273,9,7.5,9.375,6.5625,0.0,0.0,3.75,4.6875,-11.25,-3.75,-10.3125,-1.875,7.5,0.9375,-9.375,0.0,3.75,-9.375,11.25,-8.4375,7.5,-1.875,-3.75,0.0,-7.5,0.0,0.0,0.0,0.0,3.75,0.0,-3.75,5.625,-11.25,-3.75,7.5,0.0,0.0,0.0,0.0,0.9375,-1.875,0.0,0.0,-3.75,-3.75,0.0,-3.75,-1.875,3.75,3.75,0.0,-10.3125,0.0,3.75,0.0,0.0,0.0,-6.5625,7.5,0.0,0.0,-3.75,0.0,0.0,0.0,0.0,0.0,0.0,0.0
273,10,6.5625,5.625,4.6875,0.0,0.0,1.875,5.625,-10.3125,-3.75,-10.3125,-1.875,3.75,0.9375,-8.4375,0.0,3.75,-5.625,3.75,-7.5,7.5,0.0,-3.75,0.0,-7.5,0.0,0.0,0.0,0.0,0.9375,0.0,-3.75,3.75,-5.625,-3.75,0.0,0.0,0.0,0.0,0.0,0.9375,-1.875,0.0,0.0,-3.75,-3.75,0.0,-3.75,0.0,1.875,0.9375,0.0,-7.5,0.0,3.75,0.0,0.0,0.0,-3.75,3.75,0.0,0.0,-3.75,0.0,0.0,0.0,0.0,0.0,0.0,0.0
273,11,5.625,7.5,4.6875,0.0,0.0,0.9375,7.5,-10.3125,-3.75,-10.3125,0.0,5.625,0.9375,-8.4375,0.0,3.75,-7.5,3.75,-7.5,5.625,0.0,-3.75,0.0,-7.5,0.0,0.0,0.0,0.0,0.0,0.0,-3.75,3.75,-3.75,-1.875,0.0,0.0,0.0,0.0,0.0,0.9375,-1.875,0.0,0.0,-3.75,-2.8125,0.0,-3.75,0.0,1.875,1.875,0.0,-7.5,0.0,0.9375,0.0,0.0,0.0,-3.75,3.75,0.0,0.0,-3.75,0.0,0.0,0.0,0.0,0.0,0.0,0.0
274,9,4.6875,8.4375,3.75,0.0,0.0,0.9375,4.6875,-14.0625,-6.5625,-11.25,-2.8125,5.625,0.0,-11.25,0.9375,3.75,-7.5,11.25,-10.3125,4.6875,-3.75,0.0,0.0,-10.3125,0.0,0.0,0.0,0.0,0.0,0.0,-7.5,5.625,-7.5,-3.75,12.1875,0.0,0.0,0.0,0.9375,3.75,-3.75,0.0,0.0,-3.75,-3.75,0.0,-3.75,-3.75,0.9375,0.9375,0.0,-7.5,0.0,3.75,0.0,-1.875,0.0,-6.5625,4.6875,0.0,0.0,-5.625,0.0,0.0,0.0,0.0,0.0,0.0,0.0
274,10,3.75,7.5,3.75,0.0,0.0,0.9375,4.6875,-11.25,-5.625,-11.25,-2.8125,3.75,0.0,-10.3125,0.0,3.75,-5.625,7.5,-9.375,3.75,-3.75,0.0,0.0,-9.375,0.0,0.0,0.0,0.0,0.0,0.0,-6.5625,3.75,-2.8125,-1.875,7.5,0.0,0.0,0.0,0.9375,2.8125,-3.75,0.0,0.0,-3.75,-3.75,0.0,-3.75,-3.75,0.9375,0.9375,0.0,-7.5,-0.9375,3.75,0.0,-1.875,0.0,-3.75,3.75,0.0,0.0,-3.75,0.0,0.0,0.0,0.0,0.0,0.0,0.0
274,11,3.75,7.5,3.75,0.0,0.0,0.9375,5.625,-11.25,-5.625,-11.25,-1.875,4.6875,0.0,-10.3125,0.0,1.875,-7.5,7.5,-9.375,3.75,-3.75,0.0,0.0,-7.5,0.0,0.0,0.0,0.0,0.0,0.0,-5.625,3.75,-1.875,-1.875,7.5,0.0,0.0,0.0,0.0,0.9375,-3.75,0.0,0.0,-3.75,-3.75,0.0,-3.75,-3.75,0.0,0.0,0.0,-6.5625,0.0,0.9375,0.0,-2.8125,0.0,-3.75,3.75,0.0,0.0,-3.75,0.0,0.0,0.0,0.0,0.0,0.0,0.0
275,9,3.75,7.5,3.75,0.0,0.0,0.0,3.75,-14.0625,-7.5,-12.1875,-3.75,4.6875,0.0,-11.25,3.75,0.9375,-7.5,11.25,-11.25,3.75,-3.75,0.0,0.0,-7.5,0.0,0.0,0.0,0.0,0.0,0.0,-7.5,3.75,0.0,-1.875,15.0,0.0,3.75,0.0,3.75,0.9375,-3.75,0.0,0.0,-1.875,-7.5,0.0,-7.5,-5.625,0.0,0.0,0.0,-7.5,-3.75,0.9375,0.0,-3.75,0.0,-6.5625,3.75,0.0,0.0,-7.5,0.0,0.0,0.0,0.0,0.0,0.0,0.0
275,10,3.75,7.5,3.75,0.0,0.0,0.0,3.75,-11.25,-7.5,-11.25,-3.75,3.75,0.0,-11.25,0.9375,0.9375,-3.75,8.4375,-7.5,3.75,-2.8125,0.0,0.0,-7.5,0.0,0.0,0.0,0.0,0.0,0.0,-7.5,0.9375,0.0,-1.875,8.4375,0.0,0.9375,0.0,0.9375,0.9375,-3.75,0.0,0.0,-3.75,-5.625,0.0,-3.75,-3.75,0.0,0.0,0.0,-3.75,-3.75,0.9375,0.0,-3.75,0.0,-3.75,3.75,0.0,0.0,-7.5,0.0,0.0,0.0,0.0,0.0,0.0,0.0
275,11,3.75,7.5,3.75,0.0,0.0,0.0,3.75,-11.25,-7.5,-11.25,-3.75,3.75,0.0,-11.25,0.9375,0.9375,-7.5,8.4375,-10.3125,3.75,-3.75,0.0,0.0,-7.5,0.0,0.0,0.0,0.0,0.0,0.0,-7.5,1.875,0.0,0.0,9.375,0.0,0.0,-1.875,0.9375,0.9375,-3.75,0.0,0.0,-3.75,-3.75,0.0,-3.75,-3.75,0.0,0.0,0.0,-3.75,-3.75,0.9375,0.0,-3.75,0.0,-3.75,3.75,0.0,0.0,-6.5625,0.0,0.0,0.0,0.0,0.0,0.0,0.0
276,9,1.875,7.5,1.875,0.0,0.0,0.0,3.75,-13.125,-10.3125,-11.25,-3.75,3.75,0.0,-10.3125,0.9375,0.0,0.0,9.375,-7.5,1.875,-3.75,3.75,0.0,-3.75,0.0,0.0,0.0,0.0,-1.875,0.0,-11.25,0.0,3.75,0.0,11.25,0.0,3.75,0.0,3.75,0.9375,0.0,0.0,0.0,0.0,-7.5,0.0,-7.5,-6.5625,0.0,0.0,0.0,0.0,-3.75,1.875,0.0,-3.75,0.0,0.0,0.9375,0.0,0.0,-9.375,0.0,0.0,0.0,0.0,0.0,0.0,0.0
276,10,0.9375,3.75,0.9375,0.0,0.0,0.0,3.75,-9.375,-9.375,-9.375,-3.75,2.8125,0.0,-7.5,0.9375,0.0,0.0,7.5,-7.5,0.9375,0.0,3.75,0.0,-3.75,0.0,0.0,0.0,0.0,-1.875,0.0,-7.5,0.0,0.0,0.0,8.4375,0.0,3.75,0.0,0.9375,0.9375,-1.875,0.0,0.0,-1.875,-3.75,0.0,-4.6875,-3.75,0.0,0.0,0.0,0.9375,-3.75,1.875,0.0,-3.75,0.0,0.0,0.9375,0.0,0.0,-7.5,0.0,0.0,0.0,0.0,0.0,0.0,0.0
276,11,0.9375,3.75,0.9375,0.0,0.0,0.0,3.75,-9.375,-9.375,-9.375,-3.75,3.75,0.0,-9.375,0.0,0.0,-2.8125,7.5,-7.5,0.9375,-3.75,3.75,0.0,-3.75,0.0,0.0,0.0,0.0,0.0,0.0,-7.5,0.0,0.0,0.0,9.375,0.0,0.9375,0.0,0.9375,0.0,-1.875,0.0,0.0,-1.875,-5.625,0.0,-3.75,-3.75,0.0,0.0,0.0,1.875,-3.75,0.9375,0.0,-3.75,0.0,0.0,0.9375,0.0,0.0,-7.5,0.0,0.0,0.0,0.0,0.0,0.0,0.0
277,9,0.9375,3.75,0.9375,0.0,0.0,0.0,0.9375,5.625,-11.25,4.6875,-6.5625,0.0,0.0,3.75,0.0,0.0,12.1875,7.5,3.75,0.9375,-3.75,3.75,0.0,5.625,0.0,0.0,0.0,0.0,-3.75,0.0,-11.25,0.0,0.9375,0.0,11.25,0.0,3.75,-1.875,0.9375,0.9375,0.9375,0.0,0.0,3.75,-7.5,0.0,-3.75,-8.4375,0.0,0.0,0.0,3.75,-3.75,0.9375,0.0,-3.75,0.0,3.75,0.0,0.0,0.0,-11.25,0.0,0.0,0.0,0.0,0.0,0.0,0.0
277,10,0.0,3.75,0.0,0.0,0.0,0.0,0.9375,3.75,-10.3125,5.625,-5.625,0.9375,0.0,3.75,0.0,0.0,4.6875,5.625,3.75,0.0,0.0,3.75,0.0,3.75,0.0,0.9375,0.0,0.0,-3.75,0.0,-8.4375,0.0,0.0,0.0,9.375,0.0,3.75,-1.875,0.9375,0.9375,0.0,0.0,0.0,0.9375,-3.75,0.0,-2.8125,-7.5,0.0,0.0,0.0,3.75,-3.75,0.9375,0.0,-3.75,0.0,3.75,0.0,0.0,0.0,-7.5,0.0,0.0,0.0,0.0,0.0,0.0,0.0
277,11,0.0,3.75,0.0,0.0,0.0,0.0,0.9375,3.75,-10.3125,7.5,-3.75,1.875,0.0,3.75,0.0,0.0,3.75,5.625,3.75,0.0,0.0,3.75,0.0,3.75,0.0,0.0,0.0,0.0,-2.8125,0.0,-7.5,0.0,0.9375,0.0,8.4375,0.0,3.75,-1.875,0.9375,0.0,0.0,0.0,0.0,0.0,-3.75,0.0,0.0,-7.5,0.0,0.0,0.0,3.75,-3.75,0.0,0.0,-3.75,0.0,3.75,0.0,0.0,0.0,-7.5,0.0,0.0,0.0,0.0,0.0,0.0,0.0
278,9,0.0,3.75,0.0,0.0,0.0,-2.8125,0.0,15.0,-13.125,11.25,-6.5625,0.9375,0.0,11.25,0.0,0.0,15.0,4.6875,11.25,0.0,0.0,0.9375,0.0,7.5,0.0,0.0,0.0,0.0,-3.75,0.0,-11.25,0.0,1.875,0.9375,8.4375,0.0,3.75,0.0,0.0,0.0,3.75,0.0,-1.875,5.625,-3.75,0.0,0.0,-9.375,0.0,0.0,0.0,7.5,-3.75,0.0,0.0,0.0,0.0,7.5,-1.875,0.0,0.0,-11.25,0.0,0.0,0.0,0.0,0.0,0.0,0.0
278,10,0.0,3.75,0.0,0.0,0.0,-1.875,0.0,11.25,-11.25,11.25,-3.75,0.9375,0.0,9.375,0.0,0.0,8.4375,3.75,9.375,0.0,0.0,2.8125,0.0,7.5,0.0,0.0,0.0,0.0,-3.75,0.0,-7.5,0.0,0.0,1.875,7.5,0.0,3.75,0.0,0.0,0.0,3.75,0.0,-1.875,3.75,-1.875,0.0,0.0,-7.5,0.0,0.0,0.0,5.625,-3.75,0.0,0.0,0.0,0.0,3.75,-1.875,0.0,0.0,-9.375,0.0,0.0,0.0,0.0,0.0,0.0,0.0
278,11,0.0,1.875,0.0,0.0,0.0,-1.875,0.0,11.25,-11.25,11.25,-3.75,0.9375,0.0,8.4375,0.0,0.0,8.4375,3.75,7.5,0.0,0.0,3.75,0.0,7.5,0.0,0.0,0.0,0.0,-3.75,0.0,-7.5,0.0,0.9375,0.9375,7.5,0.0,3.75,-1.875,0.0,0.0,0.9375,0.0,-1.875,3.75,0.0,0.0,0.0,-7.5,0.0,0.0,0.0,5.625,-3.75,0.0,0.0,0.0,0.0,3.75,-1.875,0.0,0.0,-7.5,0.0,0.0,0.0,0.0,0.0,0.0,0.0
279,9,0.0,0.9375,0.0,0.0,0.0,-3.75,0.0,13.125,-13.125,11.25,-5.625,1.875,0.0,11.25,0.0,0.0,15.0,3.75,10.3125,0.0,3.75,0.0,0.0,7.5,0.0,0.0,0.0,0.0,-3.75,0.0,-6.5625,0.0,0.0,1.875,5.625,0.0,3.75,0.0,0.0,0.0,3.75,0.0,-3.75,7.5,3.75,0.0,3.75,-11.25,-1.875,0.0,0.0,6.5625,0.0,0.0,0.0,3.75,0.0,7.5,-3.75,0.0,0.0,-10.3125,0.0,0.0,0.0,0.0,0.0,0.0,0.0
279,10,0.0,0.9375,0.0,0.0,0.0,-3.75,0.0,11.25,-10.3125,11.25,-3.75,0.9375,0.0,11.25,0.0,0.0,11.25,3.75,9.375,0.0,3.75,0.0,0.0,7.5,0.0,0.0,0.0,0.0,-2.8125,0.0,-1.875,0.0,0.0,1.875,4.6875,0.0,0.9375,0.0,0.0,0.0,3.75,0.0,-2.8125,5.625,1.875,0.0,3.75,-7.5,-1.875,0.0,0.0,5.625,-1.875,0.0,0.0,0.9375,0.0,4.6875,-2.8125,0.0,0.0,-7.5,0.0,0.0,0.0,0.0,0.0,0.0,0.0
279,11,0.0,0.0,0.0,0.0,0.0,-3.75,0.0,11.25,-10.3125,11.25,-3.75,1.875,0.0,11.25,0.0,0.0,11.25,3.75,9.375,0.0,3.75,0.0,0.0,7.5,0.0,0.0,0.0,0.0,-3.75,0.0,0.0,0.0,0.0,0.9375,4.6875,0.0,0.9375,0.0,0.0,0.0,3.75,0.0,-3.75,4.6875,3.75,0.0,3.75,-7.5,-1.875,0.0,0.0,4.6875,-1.875,0.0,0.0,0.0,0.0,3.75,-3.75,0.0,0.0,-7.5,0.0,0.0,0.0,0.0,0.0,0.0,0.0
280,9,0.0,0.0,0.0,3.75,0.0,-3.75,0.0,13.125,-11.25,11.25,-3.75,0.0,0.0,10.3125,0.0,0.0,12.1875,3.75,8.4375,0.0,4.6875,-3.75,-2.8125,7.5,0.0,0.0,0.0,0.0,-7.5,0.0,3.75,0.0,-3.75,0.0,3.75,0.0,0.9375,1.875,0.0,0.0,3.75,0.0,-3.75,7.5,4.6875,0.0,4.6875,-10.3125,-3.75,0.0,0.0,3.75,3.75,0.0,0.0,3.75,0.0,3.75,-3.75,0.0,0.0,3.75,0.0,0.0,0.0,0.0,0.0,0.0,0.0
280,10,0.0,0.0,0.0,0.9375,0.0,-3.75,0.0,11.25,-7.5,11.25,-3.75,0.0,0.0,8.4375,0.0,0.0,9.375,0.9375,8.4375,0.0,3.75,-3.75,-1.875,7.5,0.0,0.0,0.0,0.0,-6.5625,0.0,3.75,0.0,-3.75,0.0,2.8125,0.0,0.0,0.0,0.0,0.0,3.75,0.0,-3.75,3.75,3.75,0.0,4.6875,-7.5,-3.75,0.0,0.0,3.75,0.0,0.0,0.0,3.75,0.0,3.75,-3.75,0.0,0.0,1.875,0.0,0.0,0.0,0.0,0.0,0.0,0.0
280,11,0.0,0.0,0.0,0.9375,0.0,-3.75,0.0,11.25,-7.5,11.25,-3.75,0.0,0.0,8.4375,0.0,0.0,11.25,0.9375,7.5,0.0,3.75,-2.8125,-1.875,7.5,0.0,0.0,0.0,0.0,-5.625,0.0,3.75,0.0,-1.875,0.0,3.75,0.0,0.0,0.0,0.0,0.0,3.75,0.0,-3.75,3.75,3.75,0.0,3.75,-7.5,-3.75,0.0,0.0,3.75,0.0,0.0,0.0,1.875,0.0,3.75,-3.75,0.0,0.0,1.875,0.0,0.0,0.0,0.0,0.0,0.0,0.0
281,9,0.0,0.0,0.0,3.75,0.0,-5.625,0.0,10.3125,-3.75,8.4375,0.0,0.0,0.0,7.5,0.0,0.0,11.25,3.75,7.5,0.0,5.625,-7.5,-3.75,6.5625,0.0,-2.8125,0.0,0.0,-7.5,0.0,7.5,0.9375,-3.75,0.0,0.0,0.0,0.0,0.9375,0.0,0.0,3.75,0.0,-7.5,4.6875,4.6875,0.0,3.75,-7.5,-3.75,0.0,0.0,3.75,4.6875,0.0,0.0,3.75,0.0,3.75,-3.75,0.0,0.0,11.25,0.0,0.0,0.0,0.0,0.0,0.0,0.0
281,10,0.0,0.0,0.0,3.75,0.0,-3.75,0.0,8.4375,-3.75,8.4375,0.0,0.0,0.0,7.5,0.0,0.0,8.4375,0.9375,7.5,0.0,4.6875,-3.75,-1.875,4.6875,0.0,-1.875,0.0,0.0,-7.5,0.0,4.6875,0.9375,-3.75,0.0,0.0,0.0,0.0,0.0,0.0,0.0,3.75,0.0,-6.5625,3.75,4.6875,0.0,3.75,-3.75,-3.75,0.0,0.0,3.75,3.75,0.0,0.0,3.75,0.0,3.75,-3.75,0.0,0.0,7.5,0.0,0.0,0.0,0.0,0.0,0.0,0.0
281,11,0.0,0.0,0.0,0.9375,0.0,-6.5625,0.0,8.4375,0.0,8.4375,0.0,0.0,0.0,7.5,0.0,0.0,8.4375,0.0,7.5,0.0,3.75,-3.75,-2.8125,4.6875,0.0,0.0,0.0,0.0,-7.5,0.0,4.6875,0.0,-3.75,0.0,0.0,0.0,0.0,0.0,0.0,0.0,3.75,0.0,-6.5625,3.75,3.75,0.0,3.75,-3.75,-3.75,0.0,0.0,3.75,3.75,0.0,0.0,3.75,0.0,3.75,-3.75,0.0,0.0,7.5,0.0,0.0,0.0,0.0,0.0,0.0,0.0
282,9,0.0,0.0,0.0,3.75,0.0,-6.5625,0.0,7.5,0.0,7.5,0.0,0.0,0.0,7.5,-3.75,0.0,11.25,1.875,7.5,0.0,3.75,-8.4375,-3.75,3.75,0.0,-1.875,0.0,0.0,-10.3125,0.0,7.5,0.9375,-3.75,0.0,-2.8125,0.0,-2.8125,3.75,0.0,-1.875,1.875,0.0,-7.5,3.75,3.75,0.0,3.75,-3.75,-7.5,0.0,0.0,3.75,7.5,0.0,0.0,2.8125,0.0,0.0,-1.875,0.0,0.0,11.25,0.0,0.0,0.0,0.0,0.0,0.0,0.0
282,10,0.0,0.0,0.0,0.9375,0.0,-3.75,0.0,7.5,0.0,7.5,1.875,0.0,0.0,7.5,-2.8125,0.0,9.375,0.9375,5.625,0.0,3.75,-7.5,-3.75,3.75,0.0,-1.875,0.0,0.0,-7.5,0.0,4.6875,0.9375,-3.75,0.0,-1.875,0.0,-2.8125,3.75,0.0,-1.875,0.9375,0.0,-7.5,3.75,3.75,0.0,3.75,-1.875,-3.75,0.0,0.0,3.75,3.75,0.0,0.0,0.9375,0.0,0.0,-0.9375,0.0,0.0,8.4375,0.0,0.0,0.0,0.0,0.0,0.0,0.0
282,11,0.0,0.0,0.0,0.9375,0.0,-3.75,0.0,7.5,0.0,7.5,0.0,0.0,0.0,7.5,-1.875,0.0,7.5,0.0,5.625,0.0,3.75,-7.5,-3.75,3.75,0.0,0.0,0.0,0.0,-7.5,0.0,4.6875,0.0,-3.75,0.0,-1.875,0.0,-2.8125,3.75,0.0,0.0,0.9375,0.0,-7.5,3.75,3.75,0.0,3.75,0.0,-3.75,0.0,0.0,1.875,3.75,0.0,0.0,0.9375,0.0,0.0,0.0,0.0,0.0,7.5,0.0,0.0,0.0,0.0,0.0,0.0,0.0
283,9,0.0,-2.8125,0.0,0.0,0.0,0.0,0.0,4.6875,3.75,3.75,0.9375,0.0,0.0,4.6875,-3.75,0.0,9.375,3.75,3.75,0.0,3.75,-11.25,-6.5625,3.75,0.0,0.0,0.0,0.0,-11.25,0.0,4.6875,0.0,-3.75,0.0,-3.75,0.0,-3.75,3.75,0.0,0.0,0.0,0.0,-11.25,0.9375,3.75,0.0,3.75,0.0,-7.5,0.0,0.0,0.0,4.6875,0.0,0.0,0.9375,0.0,0.0,1.875,0.0,0.0,11.25,0.0,0.0,0.0,0.0,0.0,0.0,0.0
283,10,0.0,-1.875,0.0,0.0,0.0,0.0,0.0,3.75,0.9375,3.75,0.9375,0.0,0.0,3.75,-2.8125,0.0,7.5,1.875,3.75,0.0,3.75,-7.5,-4.6875,3.75,0.0,0.0,0.0,0.0,-7.5,0.0,4.6875,0.0,-3.75,0.0,-2.8125,0.0,-3.75,3.75,0.0,0.0,0.0,0.0,-5.625,0.9375,1.875,0.0,2.8125,0.0,-3.75,0.0,0.0,0.9375,3.75,0.0,0.0,0.0,0.0,0.0,0.0,0.0,0.0,8.4375,0.0,0.0,0.0,0.0,0.0,0.0,0.0
283,11,0.0,-1.875,0.0,0.0,0.0,0.0,0.0,3.75,3.75,3.75,0.9375,0.0,0.0,3.75,-2.8125,0.0,7.5,0.9375,3.75,0.0,3.75,-7.5,-3.75,3.75,0.0,0.0,0.0,0.0,-7.5,0.0,3.75,0.0,-1.875,0.0,-1.875,0.0,-3.75,3.75,0.0,0.0,0.0,0.0,-7.5,0.0,3.75,0.0,1.875,0.0,-3.75,0.0,0.0,0.0,3.75,0.0,0.0,0.0,0.0,0.0,0.0,0.0,0.0,7.5,0.0,0.0,0.0,0.0,0.0,0.0,0.0
284,9,0.0,-3.75,0.0,0.0,0.0,4.6875,0.0,3.75,3.75,3.75,0.0,0.0,0.0,3.75,-3.75,0.0,7.5,3.75,3.75,0.0,1.875,-11.25,-5.625,1.875,0.0,0.0,0.0,0.0,-13.125,0.0,3.75,0.0,-3.75,0.0,-3.75,0.0,-1.875,3.75,0.0,0.0,0.0,0.0,-11.25,0.0,0.9375,0.0,0.9375,0.0,-7.5,0.0,0.0,0.0,3.75,0.9375,0.0,0.0,0.0,-3.75,3.75,0.0,0.0,7.5,0.0,0.0,0.0,0.0,0.0,0.0,0.0
284,10,0.0,-3.75,0.0,0.0,0.0,3.75,0.0,2.8125,3.75,3.75,0.0,0.0,0.0,3.75,-2.8125,0.0,6.5625,1.875,3.75,0.0,0.9375,-11.25,-3.75,1.875,0.0,0.0,0.0,0.0,-7.5,0.0,3.75,0.0,-1.875,0.0,-3.75,0.0,-2.8125,1.875,0.0,0.0,0.0,0.0,-7.5,0.0,0.9375,0.0,0.9375,0.0,-3.75,0.0,0.0,0.0,3.75,0.0,0.0,0.0,0.0,-3.75,3.75,0.0,0.0,7.5,0.0,0.0,0.0,0.0,0.0,0.0,0.0
284,11,0.0,-3.75,0.0,0.0,0.0,3.75,0.0,1.875,3.75,3.75,0.0,0.0,0.0,3.75,-3.75,0.0,5.625,0.9375,3.75,0.0,0.9375,-9.375,-3.75,0.9375,0.0,0.0,0.0,0.0,-7.5,0.0,3.75,0.0,0.0,0.0,-3.75,0.0,-3.75,0.9375,0.0,0.0,0.0,0.0,-7.5,0.0,0.0,0.0,0.9375,0.0,-3.75,0.0,0.0,0.0,3.75,0.0,0.0,0.0,0.0,-3.75,1.875,0.0,0.0,7.5,0.0,0.0,0.0,0.0,0.0,0.0,0.0
285,9,0.0,-5.625,0.0,-3.75,0.0,8.4375,0.0,0.9375,3.75,1.875,0.0,0.0,0.0,0.9375,-3.75,0.0,5.625,0.9375,1.875,0.0,0.0,-11.25,-3.75,0.9375,0.0,0.0,0.0,0.0,-11.25,0.0,3.75,0.0,0.0,0.0,-1.875,0.0,0.0,0.0,3.75,-1.875,-3.75,0.0,-7.5,0.0,0.0,0.0,0.0,0.0,3.75,0.0,0.0,0.0,3.75,3.75,0.0,0.0,0.0,-3.75,3.75,0.0,0.0,7.5,0.0,0.0,0.0,0.0,0.0,0.0,0.0
285,10,0.0,-3.75,0.0,-2.8125,0.0,7.5,0.0,0.0,3.75,0.9375,0.0,0.0,0.0,0.9375,-3.75,0.0,3.75,0.0,0.9375,0.0,0.0,-10.3125,-1.875,0.9375,0.0,0.0,0.0,0.0,-3.75,0.0,3.75,0.0,0.0,0.0,-1.875,0.0,0.0,0.0,3.75,-0.9375,-3.75,0.0,-5.625,0.0,0.0,0.0,0.0,0.0,3.75,0.0,0.0,0.0,3.75,3.75,0.0,0.0,0.0,-3.75,0.9375,0.0,0.0,4.6875,0.0,0.0,0.0,0.0,0.0,0.0,0.0
285,11,0.0,-3.75,0.0,-2.8125,0.0,7.5,0.0,0.0,3.75,0.9375,0.0,0.0,0.0,0.9375,-3.75,0.0,3.75,0.0,0.9375,0.0,0.0,-9.375,-1.875,0.0,0.0,0.0,0.0,0.0,-3.75,0.0,3.75,0.0,0.0,-1.875,0.0,0.0,0.0,0.0,1.875,0.0,-2.8125,0.0,-3.75,0.0,0.0,0.0,0.0,0.0,0.0,0.0,0.0,0.0,3.75,0.9375,0.0,0.0,0.0,-3.75,0.9375,0.0,0.0,4.6875,0.0,0.0,0.0,0.0,0.0,0.0,0.0
286,9,0.0,-7.5,0.0,-3.75,0.0,11.25,0.0,0.0,3.75,0.0,-3.75,0.0,0.0,0.0,-3.75,0.0,3.75,0.0,0.0,0.0,-0.9375,-9.375,0.0,0.0,0.0,0.0,0.0,0.0,11.25,0.0,0.9375,0.0,0.9375,-1.875,0.0,0.0,3.75,-3.75,0.0,0.0,-3.75,0.0,7.5,0.0,0.0,0.0,0.0,0.0,7.5,0.0,0.0,0.0,0.9375,3.75,0.0,-3.75,0.0,-3.75,1.875,0.0,0.0,3.75,0.0,0.0,0.0,0.0,0.0,0.0,0.0
286,10,0.0,-7.5,0.0,-3.75,0.0,8.4375,0.0,0.0,3.75,0.0,-2.8125,0.0,0.0,0.0,-3.75,0.0,0.9375,0.0,0.0,0.0,-0.9375,0.0,0.9375,0.0,0.0,0.0,0.0,0.0,3.75,0.0,0.9375,0.0,1.875,-1.875,0.0,0.0,3.75,-2.8125,0.0,0.0,-3.75,0.0,3.75,0.0,0.0,0.0,0.0,0.0,7.5,0.0,0.0,0.0,0.9375,3.75,0.0,-1.875,0.0,-3.75,0.9375,0.0,0.0,3.75,0.0,0.0,0.0,0.0,0.0,0.0,0.0
286,11,0.0,-6.5625,0.0,-3.75,0.0,8.4375,0.0,0.0,3.75,0.0,-3.75,0.0,0.0,0.0,-3.75,0.0,0.9375,0.0,0.0,0.0,0.0,0.0,0.0,0.0,0.0,0.0,0.0,0.0,3.75,0.0,0.9375,0.0,1.875,-1.875,0.0,0.0,0.0,-2.8125,0.0,0.0,-3.75,0.0,3.75,0.0,0.0,0.0,0.0,0.0,7.5,0.0,0.0,0.0,0.9375,3.75,0.0,-1.875,0.0,-3.75,0.9375,0.0,0.0,3.75,0.0,0.0,0.0,0.0,0.0,0.0,0.0
287,9,0.0,-9.375,0.0,-6.5625,0.0,11.25,0.0,-1.875,3.75,0.0,-6.5625,0.0,0.0,0.0,0.0,0.0,0.0,0.0,0.0,0.0,-1.875,7.5,3.75,0.0,0.0,0.0,0.0,0.0,15.0,0.0,0.0,0.0,0.9375,-1.875,0.0,0.0,7.5,-3.75,0.0,0.0,-5.625,0.0,11.25,0.0,-3.75,0.0,0.0,0.0,9.375,0.0,0.0,0.0,0.0,3.75,0.0,-3.75,0.0,-1.875,0.0,0.0,0.0,0.9375,0.0,0.0,0.0,0.0,0.0,0.0,0.0
287,10,0.0,-7.5,0.0,-3.75,0.0,7.5,0.0,-0.9375,1.875,0.0,-3.75,0.0,0.0,0.0,0.0,0.0,0.0,0.0,0.0,0.0,-1.875,7.5,3.75,0.0,0.0,0.0,0.0,0.0,9.375,0.0,0.0,0.0,0.9375,-1.875,0.0,0.0,3.75,-3.75,0.0,0.0,-3.75,0.0,8.4375,0.0,-2.8125,0.0,0.0,0.0,7.5,0.0,0.0,0.0,0.0,3.75,0.0,-1.875,0.0,-1.875,0.0,0.0,0.0,0.9375,0.0,0.0,0.0,0.0,0.0,0.0,0.0
287,11,0.0,-7.5,0.0,-3.75,0.0,7.5,0.0,0.0,0.9375,0.0,-3.75,0.0,0.0,0.0,0.0,0.0,0.0,0.0,0.0,0.0,-1.875,7.5,3.75,0.0,0.0,0.0,0.0,0.0,11.25,0.0,0.0,0.0,0.9375,-1.875,0.0,0.0,3.75,-3.75,0.0,0.0,-3.75,0.0,7.5,0.0,-1.875,0.0,0.0,0.0,7.5,0.0,0.0,0.0,0.0,3.75,0.0,-1.875,0.0,-1.875,0.0,0.0,0.0,0.9375,0.0,0.0,0.0,0.0,0.0,0.0,0.0
288,9,0.0,-11.25,0.0,-7.5,0.0,7.5,0.0,0.0,0.0,0.0,-7.5,0.0,0.0,-1.875,3.75,0.0,0.0,0.0,0.0,0.0,-1.875,11.25,7.5,0.0,0.0,-2.8125,0.0,0.0,11.25,0.0,0.0,0.0,0.0,-1.875,3.75,0.0,7.5,-7.5,0.0,0.0,-6.5625,0.0,11.25,0.0,-3.75,0.0,0.0,0.0,8.4375,0.0,0.0,0.0,0.0,3.75,0.0,0.0,0.0,0.0,0.0,0.0,0.0,0.0,0.0,0.0,0.0,0.0,0.0,0.0,0.0
288,10,0.0,-7.5,0.0,-5.625,0.0,7.5,0.0,0.0,0.0,0.0,-4.6875,0.0,0.0,-0.9375,0.9375,0.0,0.0,0.0,0.0,0.0,0.0,11.25,3.75,0.0,0.0,-1.875,0.0,0.0,9.375,0.0,0.0,0.0,0.0,-3.75,0.9375,0.0,4.6875,-7.5,0.0,0.0,-6.5625,0.0,9.375,0.0,-2.8125,0.0,0.0,0.0,7.5,0.0,0.0,0.0,0.0,3.75,0.0,0.0,0.0,0.0,0.0,0.0,0.0,0.0,0.0,0.0,0.0,0.0,0.0,0.0,0.0
288,11,0.0,-7.5,0.0,-5.625,0.0,7.5,0.0,0.0,0.0,0.0,-3.75,0.0,0.0,0.0,1.875,0.0,0.0,0.0,0.0,0.0,-1.875,11.25,3.75,0.0,0.0,-1.875,0.0,0.0,11.25,0.0,0.0,0.0,0.0,-3.75,1.875,0.0,3.75,-6.5625,0.0,0.0,-6.5625,0.0,9.375,0.0,-1.875,0.0,0.0,0.0,7.5,0.0,0.0,0.0,0.0,3.75,0.0,0.0,0.0,0.0,0.0,0.0,0.0,0.0,0.0,0.0,0.0,0.0,0.0,0.0,0.0
289,9,0.0,-11.25,0.0,-7.5,0.0,7.5,0.0,0.0,0.0,0.0,-7.5,-1.875,0.0,-1.875,4.6875,0.0,0.0,0.0,0.0,0.0,-1.875,11.25,4.6875,0.0,0.0,-3.75,0.0,0.0,11.25,0.0,0.0,0.0,0.0,-3.75,3.75,0.0,7.5,-7.5,0.0,-3.75,-6.5625,0.0,11.25,0.0,-1.875,0.0,0.0,0.0,7.5,-1.875,0.0,0.0,0.0,3.75,0.0,0.9375,0.0,3.75,0.0,0.0,0.0,-3.75,0.0,0.0,0.0,0.0,0.0,0.0,0.0
289,10,0.0,-10.3125,0.0,-3.75,0.0,6.5625,0.0,0.0,0.0,0.0,-3.75,-1.875,0.0,-1.875,3.75,0.0,0.0,0.0,0.0,0.0,-1.875,11.25,3.75,0.0,0.0,-3.75,0.0,0.0,7.5,0.0,0.0,0.0,0.0,-3.75,1.875,0.0,4.6875,-7.5,0.0,-2.8125,-6.5625,0.0,7.5,0.0,-1.875,0.0,0.0,0.0,7.5,0.0,0.0,0.0,0.0,2.8125,0.0,0.9375,0.0,0.0,0.0,0.0,0.0,-2.8125,0.0,0.0,0.0,0.0,0.0,0.0,0.0
289,11,0.0,-10.3125,0.0,-3.75,0.0,5.625,0.0,0.0,0.0,0.0,-3.75,0.0,0.0,-1.875,3.75,0.0,0.0,0.0,0.0,0.0,-1.875,11.25,3.75,0.0,0.0,-3.75,0.0,0.0,7.5,0.0,0.0,0.0,0.0,-3.75,0.9375,0.0,3.75,-7.5,0.0,-2.8125,-6.5625,0.0,7.5,0.0,-1.875,0.0,0.0,0.0,7.5,0.0,0.0,0.0,0.0,1.875,0.0,0.0,0.0,0.9375,0.0,0.0,0.0,-2.8125,0.0,0.0,0.0,0.0,0.0,0.0,0.0
290,9,0.0,-11.25,0.0,0.0,0.0,7.5,0.0,0.0,0.0,0.0,-3.75,0.0,0.0,-1.875,3.75,0.0,0.0,0.0,0.0,0.0,-1.875,10.3125,4.6875,0.0,0.0,-3.75,0.0,0.0,9.375,0.0,0.0,0.0,0.0,-3.75,0.0,0.0,4.6875,-6.5625,-3.75,-3.75,-3.75,0.0,7.5,0.0,0.0,0.0,-1.875,0.0,7.5,-3.75,0.0,0.0,-1.875,0.9375,0.0,0.0,0.0,3.75,-1.875,0.0,0.0,-4.6875,0.0,0.0,0.0,0.0,0.0,0.0,0.0
290,10,0.0,-7.5,0.0,0.0,0.0,4.6875,0.0,0.0,0.0,0.0,-1.875,0.0,0.0,-1.875,3.75,0.0,0.0,0.0,0.0,0.0,-1.875,10.3125,3.75,0.0,0.0,-3.75,0.0,0.0,7.5,0.0,0.0,0.0,0.0,-3.75,0.9375,0.0,3.75,-3.75,-3.75,-2.8125,-3.75,0.0,7.5,0.0,0.0,0.0,-1.875,0.0,7.5,-3.75,0.0,0.0,-1.875,0.9375,0.0,0.0,0.0,1.875,-1.875,0.0,0.0,-3.75,0.0,0.0,0.0,0.0,0.0,0.0,0.0
290,11,0.0,-7.5,0.0,0.0,0.0,3.75,0.0,0.0,0.0,0.0,0.0,0.0,0.0,-1.875,3.75,0.0,0.0,0.0,0.0,0.0,0.0,8.4375,3.75,0.0,0.0,-3.75,0.0,0.0,7.5,0.0,0.0,0.0,0.0,-3.75,0.0,0.0,3.75,-3.75,-3.75,-3.75,-3.75,0.0,7.5,0.0,-1.875,0.0,-1.875,0.0,4.6875,-3.75,0.0,0.0,-1.875,0.0,0.0,0.0,0.0,1.875,0.0,0.0,0.0,-3.75,0.0,0.0,0.0,0.0,0.0,0.0,0.0
291,9,0.0,-3.75,0.0,3.75,0.0,3.75,0.0,-1.875,-3.75,0.0,3.75,0.0,0.0,-1.875,2.8125,0.0,0.0,0.0,0.0,0.0,0.0,7.5,3.75,0.0,0.0,-7.5,0.0,0.0,7.5,0.0,0.0,0.0,0.0,0.0,0.0,0.0,3.75,0.0,-5.625,-7.5,0.0,0.0,5.625,0.0,-3.75,0.0,-3.75,0.9375,4.6875,-3.75,0.0,-1.875,-3.75,0.0,0.0,0.9375,0.0,3.75,0.0,0.0,0.0,-7.5,0.0,0.0,0.0,0.0,0.0,0.0,0.0
291,10,0.0,0.0,0.0,3.75,0.0,3.75,0.0,0.0,-2.8125,0.0,0.9375,0.0,0.0,-1.875,1.875,0.0,0.0,0.0,0.0,0.0,0.0,7.5,3.75,0.0,0.0,-6.5625,0.0,0.0,3.75,0.0,0.0,0.0,0.0,0.0,0.0,0.0,3.75,0.0,-3.75,-3.75,0.0,0.0,3.75,0.0,-3.75,0.0,-1.875,0.0,3.75,-3.75,0.0,-1.875,-2.8125,0.0,0.0,0.9375,0.0,1.875,0.0,0.0,0.0,-5.625,0.0,0.0,0.0,0.0,0.0,0.0,0.0
291,11,0.0,0.0,0.0,3.75,0.0,3.75,0.0,-1.875,-1.875,0.0,3.75,0.0,0.0,0.0,0.9375,0.0,0.0,0.0,0.0,0.0,0.0,7.5,3.75,0.0,0.0,-3.75,0.0,0.0,5.625,0.0,0.0,0.0,0.0,0.0,0.0,0.0,3.75,0.0,-3.75,-3.75,0.0,0.0,3.75,0.0,-3.75,0.0,-1.875,0.0,3.75,-3.75,0.0,-1.875,-2.8125,0.0,0.0,0.9375,0.0,0.9375,0.0,0.0,0.0,-5.625,0.0,0.0,0.0,0.0,0.0,0.0,0.0
292,9,0.0,11.25,0.0,7.5,0.0,3.75,0.0,-1.875,0.0,0.0,7.5,0.0,0.0,0.0,0.0,0.0,0.0,0.0,0.0,0.0,0.0,7.5,0.0,0.0,0.0,-7.5,0.0,0.0,3.75,0.0,0.0,0.0,0.0,3.75,0.0,0.0,3.75,3.75,-7.5,-7.5,3.75,0.0,3.75,0.0,-3.75,0.0,-3.75,0.9375,3.75,-6.5625,0.0,-3.75,-3.75,0.0,0.0,0.9375,0.0,0.9375,0.0,0.0,0.0,-7.5,0.0,0.0,0.0,0.0,0.0,0.0,0.0
292,10,0.0,7.5,0.0,4.6875,0.0,1.875,0.0,-1.875,0.0,0.0,4.6875,0.0,0.0,0.0,0.0,0.0,0.0,0.0,0.0,0.0,0.0,7.5,0.0,0.0,0.0,-5.625,0.0,0.0,3.75,0.0,0.0,0.0,0.0,3.75,0.0,0.0,1.875,4.6875,-3.75,-5.625,3.75,0.0,3.75,0.0,-3.75,0.0,-3.75,0.0,3.75,-3.75,0.0,-3.75,-3.75,0.0,0.0,0.9375,0.0,0.9375,0.0,0.0,0.0,-5.625,0.0,0.0,0.0,0.0,0.0,0.0,0.0
292,11,0.0,7.5,0.0,3.75,0.0,0.9375,0.0,-1.875,0.0,0.0,3.75,0.0,0.0,0.0,0.0,0.0,0.0,0.0,0.0,0.0,0.0,7.5,0.0,0.0,0.0,-3.75,0.0,0.0,3.75,0.0,0.0,0.0,0.0,0.9375,0.0,0.0,0.9375,4.6875,-3.75,-3.75,3.75,0.0,3.75,0.0,-3.75,0.0,-2.8125,0.0,3.75,-3.75,0.0,-3.75,-3.75,0.0,0.0,0.0,0.0,0.0,0.0,0.0,0.0,-5.625,0.0,0.0,0.0,0.0,0.0,0.0,0.0
293,9,0.0,11.25,0.0,7.5,0.0,1.875,0.0,-1.875,3.75,0.0,7.5,0.0,0.0,0.0,-3.75,0.0,0.0,0.0,-1.875,0.0,0.0,4.6875,0.0,0.0,0.0,-3.75,0.0,0.0,3.75,0.0,0.0,0.0,0.0,4.6875,0.0,0.0,0.0,7.5,-7.5,-3.75,7.5,0.0,0.9375,0.0,-3.75,0.0,-3.75,0.9375,0.9375,-7.5,0.0,-3.75,-3.75,-1.875,0.0,0.0,0.0,0.0,0.0,0.0,0.0,-7.5,0.0,0.0,0.0,0.0,0.0,0.0,0.0
293,10,0.0,8.4375,0.0,5.625,0.0,0.9375,0.0,-1.875,3.75,0.0,3.75,0.0,0.0,0.0,-3.75,0.0,0.0,0.0,0.0,0.0,0.0,4.6875,0.0,0.0,0.0,-3.75,0.0,0.0,3.75,0.0,0.0,0.0,0.0,0.9375,0.0,0.0,0.0,7.5,-6.5625,-3.75,4.6875,0.0,0.9375,0.0,-3.75,0.0,-3.75,0.0,0.9375,-5.625,0.0,-3.75,-3.75,-1.875,0.0,0.0,0.0,0.0,0.0,0.0,0.0,-6.5625,0.0,0.0,0.0,0.0,0.0,0.0,0.0
293,11,0.0,8.4375,0.0,5.625,0.0,0.0,0.0,0.0,3.75,0.0,3.75,0.0,0.0,0.0,-3.75,0.0,0.0,0.0,0.0,0.0,0.0,3.75,0.0,0.0,0.0,-3.75,0.0,0.0,3.75,0.0,0.0,0.0,0.0,3.75,0.0,0.0,0.0,4.6875,-6.5625,-3.75,3.75,0.0,0.9375,0.0,-3.75,0.0,-3.75,0.0,0.9375,-3.75,0.0,-3.75,-3.75,-1.875,0.0,0.0,0.0,0.0,0.0,0.0,0.0,-3.75,0.0,0.0,0.0,0.0,0.0,0.0,0.0
294,9,0.0,11.25,0.0,4.6875,0.0,0.0,0.0,0.0,5.625,0.0,3.75,0.0,0.0,0.0,-7.5,0.0,-1.875,0.0,-2.8125,0.0,0.0,3.75,-1.875,0.0,0.0,0.0,0.0,0.0,2.8125,0.0,0.0,-1.875,3.75,3.75,0.0,0.0,0.0,5.625,-7.5,0.0,7.5,0.0,0.0,0.0,0.0,0.0,-3.75,0.0,0.0,-7.5,0.0,-3.75,-3.75,-2.8125,0.0,0.0,0.0,0.0,0.0,0.0,0.0,-3.75,0.0,0.0,0.0,0.0,0.0,0.0,0.0
294,10,0.0,7.5,0.0,3.75,0.0,0.0,0.0,0.0,3.75,0.0,3.75,0.0,0.0,0.0,-3.75,0.0,0.0,0.0,-1.875,0.0,0.0,3.75,-1.875,0.0,0.0,0.0,0.0,0.0,0.9375,0.0,0.0,0.0,3.75,3.75,0.0,0.0,0.0,7.5,-5.625,0.9375,3.75,0.0,0.0,-1.875,-1.875,0.0,-3.75,0.0,0.0,-3.75,0.0,-3.75,-3.75,-3.75,0.0,0.0,0.0,0.0,0.0,0.0,0.0,-3.75,0.0,0.0,0.0,0.0,0.0,0.0,0.0
294,11,0.0,7.5,0.0,3.75,0.0,0.0,0.0,0.0,3.75,0.0,3.75,0.0,0.0,0.0,-3.75,0.0,0.0,0.0,-1.875,0.0,0.0,3.75,-1.875,0.0,0.0,0.0,0.0,0.0,0.9375,0.0,0.0,-1.875,3.75,3.75,0.0,0.0,0.0,4.6875,-3.75,1.875,3.75,0.0,0.0,-1.875,-1.875,0.0,-3.75,0.0,0.0,-3.75,0.0,-3.75,-3.75,-3.75,0.0,0.0,0.0,0.0,0.0,0.0,0.0,-3.75,0.0,0.0,0.0,0.0,0.0,0.0,0.0
295,9,0.0,8.4375,0.0,3.75,0.0,0.0,0.0,3.75,5.625,0.0,3.75,0.0,0.0,0.0,-7.5,0.0,-1.875,0.0,-3.75,0.0,-1.875,1.875,-3.75,0.0,0.0,3.75,0.0,0.0,0.0,0.0,0.0,-1.875,5.625,3.75,0.0,0.0,0.0,3.75,-3.75,3.75,4.6875,0.0,0.0,0.0,0.0,0.0,-3.75,0.0,0.0,-3.75,0.0,-3.75,-3.75,-1.875,0.0,0.0,0.0,-2.8125,0.0,0.0,0.0,3.75,0.0,0.0,0.0,0.0,0.0,0.0,0.0
295,10,0.0,7.5,0.0,3.75,0.0,0.0,0.0,0.9375,3.75,0.0,3.75,0.0,0.0,0.0,-7.5,0.0,0.0,0.0,-3.75,0.0,-0.9375,0.9375,-3.75,0.0,0.0,0.9375,0.0,0.0,0.0,0.0,0.0,0.0,3.75,3.75,0.0,0.0,0.0,3.75,-1.875,3.75,4.6875,0.0,0.0,0.0,0.0,0.0,0.0,0.0,0.0,0.0,0.0,-3.75,-3.75,-1.875,0.0,0.0,0.0,-1.875,0.0,0.0,0.0,0.9375,0.0,0.0,0.0,0.0,0.0,0.0,0.0
295,11,0.0,7.5,0.0,3.75,0.0,0.0,0.0,0.0,3.75,0.0,3.75,0.0,0.0,0.0,-7.5,0.0,0.0,0.0,-3.75,0.0,0.0,0.9375,-3.75,0.0,0.0,0.9375,0.0,0.0,0.0,0.0,0.0,0.0,3.75,3.75,0.0,0.0,0.0,3.75,0.0,3.75,3.75,0.0,0.0,0.0,0.0,0.0,-1.875,0.0,0.0,0.0,0.0,-3.75,-3.75,-2.8125,0.0,0.0,0.0,-1.875,0.0,0.0,0.0,0.0,0.0,0.0,0.0,0.0,0.0,0.0,0.0
296,9,0.0,7.5,0.0,3.75,0.0,0.0,0.0,3.75,3.75,0.0,1.875,0.0,0.0,-1.875,-11.25,0.0,-1.875,-3.75,-3.75,0.0,-3.75,0.0,-3.75,0.0,0.0,3.75,0.0,0.0,0.0,0.0,0.0,0.0,7.5,3.75,0.0,0.0,0.0,3.75,0.9375,4.6875,3.75,0.0,0.0,0.0,3.75,0.0,0.0,0.0,0.0,0.0,0.0,0.0,-3.75,0.0,0.0,0.0,0.0,0.0,0.0,0.0,0.0,4.6875,0.0,0.0,0.0,0.0,0.0,0.0,0.0
296,10,0.0,7.5,0.0,3.75,0.0,0.0,0.0,1.875,3.75,0.0,0.9375,0.0,0.0,-1.875,-7.5,0.0,0.0,-2.8125,-3.75,0.0,-2.8125,0.0,-3.75,0.0,0.0,0.9375,0.0,0.0,0.0,0.0,0.0,0.0,4.6875,3.75,0.0,0.0,0.0,3.75,0.9375,3.75,3.75,0.0,0.0,0.0,3.75,0.0,0.0,0.0,0.0,0.0,0.0,-1.875,-3.75,0.0,0.0,0.0,0.0,0.0,0.0,0.0,0.0,3.75,0.0,0.0,0.0,0.0,0.0,0.0,0.0
296,11,0.0,5.625,0.0,3.75,0.0,0.0,0.0,1.875,3.75,0.0,0.9375,0.0,0.0,0.0,-7.5,0.0,0.0,-1.875,-3.75,0.0,-3.75,0.0,-3.75,0.0,0.0,3.75,0.0,0.0,0.0,0.0,0.0,0.0,3.75,3.75,0.0,0.0,0.0,3.75,1.875,3.75,3.75,0.0,0.0,0.0,1.875,0.0,0.0,0.0,0.0,1.875,0.0,-1.875,-3.75,0.0,0.0,0.0,0.0,0.0,0.0,0.0,0.0,3.75,0.0,0.0,0.0,0.0,0.0,0.0,0.0
297,9,0.0,4.6875,0.0,0.9375,0.0,0.0,0.0,3.75,3.75,0.0,0.0,0.0,0.0,-1.875,-11.25,0.0,-1.875,-3.75,-3.75,0.0,-6.5625,0.0,-3.75,0.0,0.0,0.9375,0.0,0.0,0.0,0.0,0.0,0.9375,4.6875,0.9375,0.0,0.0,0.0,0.0,3.75,3.75,3.75,0.0,0.0,0.0,3.75,0.0,0.0,-1.875,0.0,3.75,0.0,3.75,0.0,0.0,0.0,0.0,0.0,0.0,0.0,0.0,0.0,3.75,0.0,0.0,0.0,0.0,0.0,0.0,0.0
297,10,0.0,3.75,0.0,0.9375,0.0,0.0,0.0,3.75,3.75,0.0,0.0,0.0,0.0,-1.875,-10.3125,0.0,0.0,-3.75,-3.75,0.0,-3.75,0.0,-3.75,0.0,0.0,0.9375,0.0,0.0,0.0,0.0,0.0,0.0,3.75,0.9375,0.0,0.0,0.0,0.0,3.75,3.75,3.75,0.0,0.0,0.0,3.75,0.0,0.0,-1.875,0.0,3.75,0.0,0.0,-1.875,0.0,0.0,0.0,0.0,0.0,0.0,0.0,0.0,3.75,0.0,0.0,0.0,0.0,0.0,0.0,0.0
297,11,0.0,3.75,0.0,0.9375,0.0,0.0,0.0,3.75,3.75,0.0,0.0,0.0,0.0,0.0,-11.25,0.0,0.0,-3.75,-3.75,0.0,-3.75,0.0,-2.8125,0.0,0.0,0.9375,0.0,0.0,0.0,0.0,0.0,0.0,3.75,0.9375,0.0,0.0,0.0,0.0,3.75,3.75,3.75,0.0,0.0,0.0,0.9375,0.0,0.9375,0.0,0.0,3.75,0.0,0.0,0.0,0.0,0.0,0.0,0.0,0.0,0.0,0.0,0.0,3.75,0.0,0.0,0.0,0.0,0.0,0.0,0.0
298,9,0.0,3.75,0.0,0.0,0.0,0.0,0.0,3.75,3.75,0.0,0.0,-1.875,0.0,0.0,-11.25,0.0,0.0,-3.75,-3.75,0.0,-7.5,0.0,-1.875,0.0,0.0,0.0,0.0,0.0,0.0,0.0,0.0,3.75,3.75,0.0,0.0,0.0,0.0,0.0,4.6875,3.75,1.875,0.0,0.0,0.0,0.9375,0.0,3.75,-1.875,0.0,3.75,0.0,7.5,0.0,3.75,0.0,1.875,0.0,0.0,0.0,0.0,0.0,3.75,0.0,0.0,0.0,0.0,0.0,0.0,0.0
298,10,0.0,3.75,0.0,0.0,0.0,0.0,0.0,3.75,1.875,0.0,0.0,0.0,0.0,0.0,-7.5,0.0,0.0,-3.75,-3.75,0.0,-6.5625,0.0,0.0,0.0,0.0,0.0,0.0,0.0,0.0,0.0,0.0,3.75,3.75,0.0,0.0,0.0,0.0,0.0,3.75,3.75,0.9375,0.0,0.0,0.0,0.9375,0.0,1.875,-1.875,0.0,3.75,0.0,3.75,0.0,1.875,0.0,0.0,0.0,0.0,0.0,0.0,0.0,3.75,0.0,0.0,0.0,0.0,0.0,0.0,0.0
298,11,0.0,3.75,0.0,0.0,0.0,0.0,0.0,3.75,0.9375,0.0,0.0,0.0,0.0,0.0,-7.5,0.0,0.0,-3.75,-3.75,0.0,-6.5625,0.0,0.0,0.0,0.0,0.0,0.0,0.0,0.0,0.0,0.0,3.75,3.75,0.0,0.0,0.0,0.0,0.0,3.75,3.75,0.9375,0.0,0.0,0.0,0.9375,0.0,3.75,-1.875,0.0,3.75,0.0,3.75,0.0,0.0,0.0,0.0,0.0,0.0,0.0,0.0,0.0,3.75,0.0,0.0,0.0,0.0,0.0,0.0,0.0
299,9,0.0,1.875,0.0,0.0,0.0,0.0,0.0,3.75,0.9375,0.0,0.0,0.0,0.0,0.9375,-3.75,0.0,0.0,-3.75,-1.875,0.0,-10.3125,-1.875,0.0,0.0,0.0,0.0,0.0,0.0,0.0,0.0,0.0,7.5,3.75,0.0,0.0,0.0,0.0,0.0,3.75,3.75,0.0,0.0,0.0,0.0,0.9375,0.0,3.75,0.0,0.0,3.75,0.0,7.5,1.875,3.75,0.0,3.75,0.0,0.0,0.0,0.0,0.0,1.875,0.0,0.0,0.0,0.0,0.0,0.0,0.0
299,10,0.0,0.9375,0.0,0.0,0.0,0.0,0.0,0.9375,0.0,0.0,0.0,0.0,0.0,0.0,0.9375,0.0,0.0,-3.75,0.0,0.0,-7.5,-1.875,0.0,0.0,0.0,0.0,0.0,0.0,0.0,0.0,0.0,3.75,3.75,0.0,0.0,0.0,0.0,0.0,1.875,1.875,0.0,0.0,0.0,0.0,0.9375,0.0,3.75,0.0,0.0,3.75,0.0,7.5,0.0,1.875,0.0,0.9375,0.0,0.0,0.0,0.0,0.0,0.0,0.0,0.0,0.0,0.0,0.0,0.0,0.0
299,11,0.0,0.9375,0.0,0.0,0.0,0.0,0.0,1.875,0.0,0.0,0.0,0.0,0.0,0.0,-3.75,0.0,0.0,-3.75,0.0,0.0,-7.5,-1.875,0.0,0.0,0.0,0.0,0.0,0.0,0.0,0.0,0.0,3.75,3.75,0.0,0.0,0.0,0.0,0.0,3.75,3.75,0.0,0.0,0.0,0.0,0.0,0.0,3.75,0.0,0.0,3.75,0.0,3.75,0.0,0.9375,0.0,0.9375,0.0,0.0,0.0,0.0,0.0,0.0,0.0,0.0,0.0,0.0,0.0,0.0,0.0
300,9,0.0,0.0,0.0,0.0,0.0,0.0,0.0,0.9375,0.0,0.0,0.0,0.0,0.0,3.75,8.4375,0.0,0.0,-3.75,0.0,0.0,-11.25,-3.75,0.0,0.0,0.0,0.0,0.0,0.0,0.0,0.0,0.0,4.6875,3.75,-1.875,0.0,0.0,0.0,0.0,3.75,0.0,0.0,0.0,0.0,-1.875,0.0,0.0,1.875,3.75,0.0,3.75,0.0,7.5,0.9375,3.75,0.0,3.75,0.0,0.9375,0.0,0.0,0.0,0.0,0.0,0.0,0.0,0.0,0.0,0.0,-1.875
300,10,0.0,0.0,0.0,0.0,0.0,0.0,0.0,0.9375,0.0,0.0,0.0,0.0,0.0,3.75,7.5,0.0,0.0,-2.8125,0.9375,0.0,-7.5,-1.875,0.0,0.0,0.0,0.0,0.0,0.0,0.0,0.0,0.0,3.75,0.9375,-1.875,0.0,0.0,0.0,0.0,3.75,0.0,0.0,0.0,0.0,-1.875,0.0,0.0,1.875,3.75,0.0,3.75,0.0,5.625,0.9375,1.875,0.0,3.75,0.0,0.0,0.0,0.0,0.0,0.0,0.0,0.0,0.0,0.0,0.0,0.0,-0.9375
300,11,0.0,0.0,0.0,0.0,0.0,0.0,0.0,0.9375,0.0,0.0,0.0,0.0,0.0,0.9375,7.5,0.0,0.0,-3.75,0.9375,0.0,-7.5,-1.875,0.0,0.0,0.0,0.0,0.0,0.0,0.0,0.0,0.0,3.75,0.9375,0.0,0.0,0.0,0.0,0.0,3.75,0.0,0.0,0.0,0.0,0.0,0.0,0.0,0.9375,0.9375,0.0,3.75,0.0,4.6875,0.9375,0.9375,0.0,3.75,0.0,0.0,0.0,0.0,0.0,0.0,0.0,0.0,0.0,0.0,0.0,0.0,0.0
301,9,0.0,0.0,0.0,0.0,0.0,0.0,0.0,0.0,0.0,-1.875,-1.875,0.9375,0.0,3.75,11.25,0.0,0.0,-3.75,3.75,0.0,-9.375,-2.8125,0.0,0.0,0.0,-1.875,0.0,0.0,0.0,0.0,0.0,3.75,0.9375,0.0,0.0,0.0,0.0,0.0,3.75,0.0,0.0,0.0,0.0,-3.75,0.0,0.0,0.0,3.75,0.0,1.875,0.0,7.5,0.0,0.9375,0.0,3.75,0.0,0.9375,0.0,0.0,0.0,-2.8125,0.0,0.0,0.0,0.0,0.0,0.0,-2.8125
301,10,0.0,0.0,0.0,0.0,0.0,0.0,0.0,0.0,0.0,0.0,-1.875,0.9375,0.0,3.75,7.5,0.0,0.0,-1.875,3.75,0.0,-7.5,-1.875,0.0,0.0,0.0,-1.875,0.0,0.0,0.0,0.0,0.0,3.75,0.0,0.0,0.0,0.0,0.0,0.0,3.75,0.0,0.0,0.0,0.0,-3.75,0.0,0.0,0.0,0.9375,0.0,0.9375,0.0,5.625,0.0,0.0,0.0,2.8125,0.0,0.9375,0.0,0.0,0.0,-1.875,0.0,0.0,0.0,0.0,0.0,0.0,-2.8125
301,11,0.0,0.0,0.0,0.0,0.0,0.0,0.0,0.0,0.0,-1.875,-1.875,0.0,0.0,3.75,7.5,0.0,0.0,-2.8125,3.75,0.0,-7.5,0.0,0.0,0.0,0.0,-1.875,0.0,0.0,0.0,0.0,0.0,3.75,0.0,0.0,0.0,0.0,0.0,0.0,3.75,0.0,0.0,0.0,0.0,-3.75,0.0,0.0,0.0,3.75,0.0,0.9375,0.0,4.6875,0.0,0.0,0.0,0.9375,0.0,0.0,0.0,0.0,0.0,-1.875,0.0,0.0,0.0,0.0,0.0,0.0,-1.875
302,9,0.0,0.0,0.0,0.0,0.0,-1.875,0.0,-2.8125,0.0,-3.75,-3.75,0.9375,0.0,1.875,11.25,0.0,0.0,0.0,3.75,0.0,-3.75,0.0,0.0,0.0,0.0,-3.75,0.0,0.0,0.0,0.0,0.0,3.75,0.0,0.0,-1.875,0.0,0.0,0.9375,3.75,-1.875,0.0,0.0,0.0,-5.625,0.0,0.0,0.0,3.75,0.0,0.0,0.0,4.6875,0.0,0.0,0.0,0.9375,0.0,0.9375,0.0,0.0,0.0,-2.8125,0.0,0.0,0.0,0.0,0.0,0.0,-3.75
302,10,0.0,0.0,0.0,0.0,0.0,-1.875,0.0,-1.875,0.0,-3.75,-3.75,0.0,0.0,0.9375,7.5,0.0,0.0,0.0,3.75,0.0,0.0,0.0,0.0,0.0,0.0,-2.8125,0.0,0.0,0.0,0.0,0.0,3.75,0.0,0.0,-1.875,0.0,0.0,0.9375,0.9375,-1.875,0.0,0.0,0.0,-3.75,0.0,0.0,0.0,0.9375,0.0,0.0,0.0,3.75,0.0,0.0,0.0,0.0,0.0,0.9375,0.0,0.0,0.0,-1.875,0.0,0.0,0.0,0.0,0.0,0.0,-3.75
302,11,0.0,0.0,0.0,0.0,0.0,-1.875,0.0,-1.875,0.0,-3.75,-3.75,0.0,0.0,0.9375,7.5,0.0,0.0,0.0,3.75,0.0,0.0,0.0,0.0,0.0,0.0,-1.875,0.0,0.0,0.0,0.0,0.0,3.75,0.0,0.0,0.0,0.0,0.0,0.9375,0.9375,-1.875,0.0,0.0,0.0,-3.75,0.0,0.0,0.0,1.875,0.0,0.0,0.0,3.75,0.0,0.0,0.0,0.0,0.0,0.9375,0.0,0.0,0.0,-1.875,0.0,0.0,0.0,0.0,0.0,0.0,-3.75
303,9,0.0,0.0,0.0,0.0,0.0,-3.75,0.0,-3.75,0.0,-6.5625,-3.75,0.9375,0.0,0.0,7.5,0.0,3.75,0.0,3.75,0.0,11.25,0.0,0.0,0.0,0.0,0.0,-1.875,0.0,-1.875,0.0,0.0,3.75,0.0,0.9375,0.0,0.0,0.0,3.75,0.9375,-3.75,0.0,0.0,0.9375,-6.5625,0.0,0.0,0.0,3.75,0.0,0.0,0.0,3.75,0.0,-1.875,0.0,0.0,0.0,0.9375,0.9375,0.0,0.0,0.0,0.0,0.0,0.0,0.0,0.0,0.0,-6.5625
303,10,0.0,0.0,0.0,0.0,0.0,-3.75,0.0,-3.75,0.0,-3.75,-3.75,0.9375,0.0,0.0,7.5,0.0,0.9375,0.0,3.75,0.0,3.75,0.0,0.0,0.0,0.0,0.0,-1.875,0.0,-1.875,0.0,0.0,1.875,0.0,1.875,0.0,0.0,0.0,3.75,0.0,-1.875,0.0,0.0,0.9375,-3.75,0.0,0.0,0.0,1.875,0.0,0.0,0.0,3.75,0.0,-0.9375,0.0,0.0,0.0,0.0,0.0,0.0,0.0,0.0,0.0,0.0,0.0,0.0,0.0,0.0,-3.75
303,11,0.0,0.0,0.0,0.0,0.0,-3.75,0.0,-3.75,0.0,-3.75,-3.75,1.875,0.0,0.0,7.5,0.0,0.9375,0.0,3.75,0.0,3.75,0.0,0.0,0.0,0.0,0.0,-1.875,0.0,0.0,0.0,0.0,0.9375,0.0,0.0,0.0,0.0,0.0,1.875,0.0,-3.75,0.0,0.0,0.0,-3.75,0.0,0.0,0.0,0.9375,0.0,0.0,0.0,3.75,0.0,0.0,0.0,0.0,0.0,0.9375,0.0,0.0,0.0,0.0,0.0,0.0,0.0,0.0,0.0,0.0,-3.75
304,9,0.0,0.0,0.0,0.0,0.0,-3.75,0.0,-7.5,0.0,-7.5,-6.5625,0.0,0.0,0.0,4.6875,0.0,3.75,3.75,1.875,0.0,12.1875,0.0,0.0,0.0,0.0,0.0,-3.75,0.0,-2.8125,0.0,0.0,0.9375,-1.875,0.9375,-3.75,0.0,0.0,3.75,0.0,-3.75,-2.8125,0.0,0.9375,-6.5625,-1.875,0.0,-3.75,3.75,0.0,0.0,0.0,1.875,0.0,-3.75,0.0,0.0,0.0,0.0,0.9375,0.0,0.0,0.0,0.0,0.0,0.0,0.0,0.0,0.0,-7.5
304,10,0.0,0.0,0.0,0.0,0.0,-3.75,0.0,-5.625,0.0,-7.5,-6.5625,0.0,0.0,0.0,3.75,0.0,0.9375,2.8125,1.875,0.0,7.5,0.0,0.0,0.0,0.0,0.0,-2.8125,0.0,-1.875,0.0,0.0,0.9375,-0.9375,1.875,-2.8125,0.0,0.0,1.875,0.0,-3.75,-1.875,0.0,0.0,-3.75,-1.875,0.0,-1.875,1.875,0.0,0.0,0.0,1.875,0.0,-1.875,0.0,0.0,0.0,0.0,0.0,0.0,0.0,0.9375,0.0,0.0,0.0,0.0,0.0,0.0,-6.5625
304,11,0.0,0.0,0.0,0.0,0.0,-3.75,0.0,-5.625,0.0,-6.5625,-6.5625,0.0,0.0,0.0,3.75,0.0,1.875,0.9375,1.875,0.0,7.5,0.0,0.0,0.0,0.0,0.0,-1.875,0.0,-1.875,0.0,0.0,0.9375,0.0,0.9375,-1.875,0.0,0.0,0.9375,0.0,-3.75,-1.875,0.0,0.0,-3.75,0.0,0.0,-1.875,0.0,0.0,0.0,0.0,0.9375,0.0,-1.875,0.0,0.0,0.0,0.0,0.0,0.0,0.0,0.0,0.0,0.0,0.0,0.0,0.0,0.0,-6.5625
305,9,0.0,0.0,0.0,0.0,0.0,-6.5625,0.0,-7.5,0.0,-10.3125,-7.5,0.0,0.0,-1.875,3.75,0.0,3.75,3.75,0.9375,0.0,11.25,0.0,0.0,0.0,0.0,0.0,-3.75,0.0,-3.75,0.0,0.0,0.0,-1.875,0.9375,-3.75,0.0,0.0,0.9375,0.0,-3.75,-3.75,0.0,0.0,-3.75,0.0,0.0,-3.75,0.0,0.0,0.0,0.0,0.0,-1.875,-3.75,0.0,0.0,0.0,0.0,0.0,0.0,0.0,0.0,0.0,0.0,0.0,0.0,0.0,0.0,-9.375
305,10,0.0,0.0,0.0,0.0,0.0,-3.75,0.0,-7.5,0.0,-7.5,-7.5,0.0,0.0,-1.875,3.75,0.0,2.8125,3.75,0.9375,0.0,7.5,0.9375,0.0,0.0,0.0,0.0,-3.75,0.0,-1.875,0.0,0.0,0.0,-1.875,0.9375,-1.875,0.0,0.0,0.0,0.0,-3.75,-3.75,0.0,0.0,-1.875,0.0,0.0,-3.75,0.0,0.0,0.0,0.0,0.0,-1.875,-2.8125,0.0,0.0,0.0,0.0,0.0,0.0,0.0,0.0,0.0,0.0,0.0,0.0,0.0,0.0,-7.5
305,11,0.0,0.0,0.0,0.0,0.0,-3.75,0.0,-7.5,0.0,-7.5,-7.5,0.0,0.0,-1.875,3.75,0.0,0.9375,3.75,0.0,0.0,7.5,0.9375,0.0,0.0,0.0,0.0,-3.75,0.0,-1.875,0.0,0.0,0.0,-1.875,0.9375,-1.875,0.0,0.0,0.0,0.0,-3.75,-3.75,0.0,0.0,-1.875,0.0,0.0,-1.875,0.0,0.0,0.0,0.0,0.0,-1.875,-3.75,0.0,0.0,0.0,0.0,0.0,0.0,0.0,0.0,0.0,0.0,0.0,0.0,0.0,0.0,-7.5
306,9,0.0,-1.875,0.0,0.0,0.0,-7.5,0.0,-7.5,0.0,-9.375,-7.5,0.0,0.0,-3.75,0.9375,0.0,3.75,3.75,0.0,0.0,8.4375,0.0,0.0,0.0,0.0,0.0,-3.75,0.0,-3.75,0.0,0.0,0.0,-1.875,0.9375,0.0,0.0,0.0,0.0,0.0,-1.875,-3.75,0.0,0.0,0.0,0.0,0.0,0.0,0.0,0.0,0.0,0.0,0.0,0.0,-3.75,0.0,0.0,0.0,0.0,0.9375,0.0,0.0,0.0,0.0,0.0,0.0,0.0,0.0,0.0,-11.25
306,10,0.0,-1.875,0.0,0.0,0.0,-3.75,0.0,-7.5,0.0,-7.5,-7.5,-1.875,0.0,-3.75,0.9375,0.0,3.75,3.75,0.0,0.0,7.5,0.0,0.0,0.0,0.0,0.0,-3.75,0.0,-3.75,0.0,0.0,0.0,-1.875,0.9375,0.0,0.0,0.0,0.0,0.0,0.0,-3.75,0.0,0.0,0.9375,0.0,0.0,0.0,0.0,0.0,0.0,0.0,0.0,0.0,-3.75,0.0,0.0,0.0,0.0,0.0,0.0,0.0,0.0,0.0,0.0,0.0,0.0,0.0,0.0,-10.3125
306,11,0.0,-1.875,0.0,0.0,0.0,-3.75,0.0,-7.5,0.0,-7.5,-7.5,0.0,0.0,-3.75,0.9375,0.0,3.75,3.75,0.0,0.0,7.5,0.0,0.0,0.0,0.0,0.0,-3.75,0.0,-3.75,0.0,0.0,0.0,-1.875,0.0,0.0,0.0,0.0,0.0,0.0,0.0,-3.75,0.0,0.0,0.0,0.0,0.0,0.0,0.0,0.0,0.0,0.0,0.0,0.0,-3.75,0.0,0.0,0.0,0.0,0.0,0.0,0.0,0.0,0.0,0.0,0.0,0.0,0.0,0.0,-10.3125
307,9,0.0,-3.75,0.0,0.0,0.0,-7.5,0.0,-7.5,0.0,-7.5,-9.375,-1.875,0.0,-3.75,0.0,0.0,3.75,3.75,-1.875,0.0,7.5,0.0,-1.875,0.0,0.0,3.75,-3.75,0.0,-3.75,0.0,0.0,0.0,-3.75,0.0,1.875,0.0,0.0,0.0,-1.875,0.9375,-7.5,0.0,-3.75,3.75,0.0,0.0,0.0,0.0,-1.875,-2.8125,0.0,0.0,0.0,-3.75,0.0,0.0,0.0,-1.875,0.0,0.0,0.0,0.0,0.0,0.0,0.0,0.0,0.0,0.0,-14.0625
307,10,0.0,-3.75,0.0,0.0,0.0,-3.75,0.0,-3.75,0.0,-3.75,-7.5,-1.875,0.0,-3.75,0.0,0.0,1.875,3.75,-1.875,0.0,5.625,0.0,0.0,0.0,0.0,1.875,-3.75,0.0,-3.75,0.0,0.0,0.0,-3.75,0.0,0.9375,0.0,0.0,0.0,-1.875,0.9375,-6.5625,0.0,-1.875,3.75,0.0,0.0,0.0,0.0,-1.875,-1.875,0.0,0.0,0.0,-2.8125,0.0,0.0,0.0,-0.9375,0.0,0.0,0.0,0.0,0.0,0.0,0.0,0.0,0.0,0.0,-11.25
307,11,0.0,-2.8125,0.0,0.0,0.0,-3.75,0.0,-3.75,0.0,-3.75,-7.5,-1.875,0.0,-3.75,0.0,0.0,0.9375,3.75,-1.875,0.0,4.6875,0.0,0.0,0.0,0.0,0.9375,-3.75,0.0,-3.75,0.0,0.0,0.0,-1.875,0.0,0.0,0.0,0.0,0.0,-1.875,0.0,-6.5625,0.0,-1.875,3.75,0.0,0.0,0.0,0.0,0.0,-1.875,0.0,0.0,0.0,-1.875,0.0,0.0,0.0,0.0,0.0,0.0,0.0,0.0,0.0,0.0,0.0,0.0,0.0,0.0,-11.25
308,9,0.0,-3.75,0.0,0.0,0.0,-3.75,0.0,0.0,0.0,0.0,-10.3125,-3.75,0.0,-3.75,-3.75,0.0,0.9375,3.75,-3.75,0.0,5.625,0.0,-1.875,0.0,0.0,3.75,-3.75,0.0,-7.5,0.0,0.0,0.0,-3.75,0.0,3.75,0.0,0.0,0.0,-3.75,3.75,-7.5,0.0,-3.75,7.5,0.0,0.0,0.0,0.0,-2.8125,-3.75,0.0,0.0,3.75,0.0,0.0,0.0,0.0,-1.875,-1.875,0.0,0.0,1.875,0.0,0.0,0.0,0.0,0.0,0.0,-15.0
308,10,0.0,-3.75,0.0,0.0,0.0,-1.875,0.0,0.0,0.0,0.0,-7.5,-3.75,0.0,-3.75,-1.875,0.0,0.9375,1.875,-3.75,0.0,3.75,0.0,-1.875,0.0,0.0,3.75,-3.75,0.0,-3.75,0.0,0.0,0.0,-2.8125,0.0,0.0,0.0,0.0,0.0,-3.75,3.75,-7.5,0.0,-3.75,4.6875,0.0,0.0,0.0,0.0,-2.8125,-1.875,0.0,0.0,0.0,0.0,0.0,0.0,0.0,-1.875,-1.875,0.0,0.0,0.0,0.0,0.0,0.0,0.0,0.0,0.0,-13.125
308,11,0.0,-3.75,0.0,0.0,0.0,-1.875,0.0,0.0,0.0,1.875,-7.5,-3.75,0.0,-3.75,-1.875,0.0,0.0,1.875,-3.75,0.0,3.75,0.0,-1.875,0.0,0.0,0.9375,-3.75,0.0,-3.75,0.0,0.0,0.0,-1.875,0.0,1.875,0.0,0.0,0.0,-3.75,1.875,-7.5,0.0,-3.75,3.75,0.0,0.0,0.0,0.0,-1.875,-2.8125,0.0,0.0,0.0,0.0,0.0,0.0,0.0,-1.875,-0.9375,0.0,0.0,0.0,0.0,0.0,0.0,0.0,0.0,0.0,-14.0625
309,9,0.0,-6.5625,0.0,-0.9375,0.0,3.75,0.0,7.5,0.0,4.6875,-7.5,-3.75,0.0,-3.75,-3.75,0.0,0.0,3.75,-3.75,0.0,3.75,-2.8125,-2.8125,0.0,0.0,0.9375,-3.75,0.0,-7.5,0.0,0.0,0.0,0.0,0.0,3.75,0.0,0.0,0.0,-3.75,3.75,-7.5,0.0,-6.5625,7.5,0.0,0.0,0.0,0.0,-3.75,-1.875,0.0,0.0,3.75,0.0,0.0,0.0,0.0,-3.75,-3.75,0.0,0.0,0.0,0.0,0.0,0.0,0.0,0.0,0.0,-16.875
309,10,0.0,-5.625,0.0,0.0,0.0,0.9375,0.0,3.75,0.0,3.75,-7.5,-1.875,0.0,-3.75,-3.75,0.0,0.0,1.875,-3.75,0.0,3.75,-1.875,-1.875,0.0,0.0,0.0,-1.875,0.0,-5.625,0.0,0.0,0.0,0.0,0.0,0.9375,0.0,0.0,0.0,-3.75,3.75,-7.5,0.0,-3.75,4.6875,0.0,0.0,0.0,0.0,-3.75,-1.875,0.0,0.0,1.875,0.0,0.0,0.0,0.0,-2.8125,-2.8125,0.0,0.0,0.0,0.0,0.0,0.0,0.0,0.0,0.0,-15.0
309,11,0.0,-5.625,0.0,0.0,0.0,0.9375,0.0,3.75,0.0,3.75,-3.75,-3.75,0.0,-1.875,-1.875,0.0,0.0,0.9375,-3.75,0.0,3.75,-1.875,-1.875,0.0,0.0,0.9375,-1.875,0.0,-3.75,0.0,0.0,0.0,0.0,0.0,1.875,0.0,0.0,0.0,-3.75,3.75,-7.5,0.0,-3.75,4.6875,0.0,0.0,0.0,0.0,-3.75,0.0,0.0,0.0,3.75,0.0,0.0,0.0,0.0,-1.875,-3.75,0.0,0.0,0.0,0.0,0.0,0.0,0.0,0.0,0.0,-15.0
310,9,0.0,-7.5,0.0,-2.8125,0.0,7.5,0.0,7.5,0.0,7.5,11.25,-3.75,0.0,-3.75,-1.875,0.0,0.0,3.75,-3.75,0.0,3.75,-3.75,0.0,0.0,0.0,0.9375,0.0,0.0,-3.75,0.0,0.0,0.0,0.0,0.0,3.75,0.0,0.0,0.0,-3.75,1.875,-10.3125,0.0,-7.5,7.5,0.0,0.0,0.0,0.0,-5.625,-1.875,0.0,0.0,3.75,0.0,0.0,0.9375,0.0,-3.75,-6.5625,0.0,0.0,0.0,0.0,0.0,0.0,0.0,0.0,0.0,-17.8125
310,10,0.0,-7.5,0.0,-1.875,0.0,3.75,0.0,7.5,0.0,5.625,3.75,-3.75,0.0,0.0,-1.875,0.0,0.0,0.9375,-3.75,0.0,3.75,-3.75,0.0,0.0,0.0,0.9375,0.0,0.0,-3.75,0.0,0.0,0.0,0.0,0.0,0.9375,0.0,0.0,0.0,-2.8125,1.875,-7.5,0.0,-6.5625,4.6875,-1.875,0.0,0.0,0.0,-3.75,-1.875,0.0,0.0,3.75,0.0,0.0,0.9375,0.0,-2.8125,-3.75,0.0,0.0,0.0,0.0,0.0,0.0,0.0,0.0,0.0,-15.0
310,11,0.0,-7.5,0.0,-1.875,0.0,3.75,0.0,7.5,0.0,4.6875,0.9375,-3.75,0.0,0.0,0.0,0.0,0.0,0.9375,-3.75,0.0,3.75,-3.75,0.0,0.0,0.0,0.0,0.0,0.0,-3.75,0.0,0.0,0.0,0.0,0.0,0.9375,0.0,0.0,0.0,-1.875,0.9375,-7.5,0.0,-5.625,4.6875,-1.875,0.0,0.0,0.0,-3.75,0.0,0.0,0.0,3.75,0.0,0.0,0.0,0.0,-1.875,-3.75,0.0,0.0,0.0,0.0,0.0,0.0,0.0,0.0,0.0,-15.0
311,9,0.0,-10.3125,0.0,-3.75,0.0,7.5,0.0,8.4375,0.0,4.6875,15.0,0.0,0.0,0.0,0.0,0.0,-3.75,0.0,-3.75,0.0,0.0,-4.6875,3.75,-1.875,0.0,0.0,0.0,0.0,-3.75,0.0,0.0,0.0,0.0,0.0,3.75,0.0,0.0,0.0,0.0,0.9375,-7.5,0.0,-7.5,4.6875,-1.875,0.0,0.0,0.0,-7.5,0.0,0.0,0.0,4.6875,0.0,0.0,0.0,0.0,-1.875,-7.5,0.0,0.0,0.0,0.0,0.0,0.0,0.0,0.0,0.0,-18.75
311,10,0.0,-9.375,0.0,-3.75,0.0,3.75,0.0,7.5,0.0,3.75,11.25,0.0,0.0,0.0,0.0,0.0,-1.875,0.0,-3.75,0.0,0.0,-3.75,3.75,-1.875,0.0,0.0,0.0,0.0,-1.875,0.0,0.0,0.0,0.0,0.0,1.875,0.0,0.0,0.0,0.0,0.0,-7.5,0.0,-5.625,4.6875,-2.8125,0.0,0.0,0.0,-6.5625,0.0,0.0,0.0,3.75,0.0,0.0,0.0,0.0,-1.875,-6.5625,0.0,0.0,0.0,0.0,0.0,0.0,0.0,0.0,0.0,-15.0
311,11,0.0,-8.4375,0.0,-3.75,0.0,3.75,0.0,7.5,0.0,3.75,11.25,0.0,0.0,3.75,0.0,0.0,-1.875,0.0,-3.75,0.0,0.0,-3.75,0.0,-1.875,0.0,0.0,0.0,0.0,-1.875,0.0,0.0,0.0,0.0,0.0,0.9375,0.0,0.0,0.0,0.0,0.9375,-5.625,0.0,-6.5625,3.75,-3.75,0.0,0.0,0.0,-6.5625,0.0,0.0,0.0,3.75,0.0,0.0,0.0,0.0,0.0,-7.5,0.0,0.0,0.0,0.0,0.0,0.0,0.0,0.0,0.0,-15.0
312,9,0.0,-11.25,0.0,-6.5625,0.0,4.6875,0.0,7.5,0.0,3.75,14.0625,3.75,0.0,3.75,0.0,0.0,-3.75,0.0,-3.75,0.0,0.0,-7.5,7.5,-3.75,0.0,0.0,0.0,0.0,0.0,0.0,0.0,-1.875,0.0,-1.875,3.75,0.0,0.0,0.0,0.0,0.0,0.0,0.0,-7.5,3.75,-3.75,0.0,-3.75,0.0,-7.5,0.9375,0.0,0.0,3.75,0.0,0.0,0.0,0.0,0.0,-11.25,0.0,0.0,3.75,0.0,0.0,0.0,0.0,0.0,0.0,-18.75
312,10,0.0,-11.25,0.0,-3.75,0.0,3.75,0.0,4.6875,0.0,3.75,11.25,0.9375,0.0,3.75,0.0,0.0,-3.75,0.0,-1.875,0.0,0.0,-5.625,0.9375,-3.75,0.0,0.0,0.0,0.0,0.0,0.0,0.0,-1.875,0.0,-1.875,3.75,0.0,0.0,0.0,0.0,0.0,0.0,0.0,-3.75,3.75,-3.75,0.0,-3.75,0.0,-7.5,0.9375,0.0,0.0,3.75,0.0,0.0,0.0,0.0,0.0,-8.4375,0.0,0.0,3.75,0.0,0.0,0.0,0.0,0.0,0.0,-11.25
312,11,0.0,-11.25,0.0,-3.75,0.0,3.75,0.0,4.6875,0.0,3.75,11.25,0.9375,0.0,3.75,0.0,0.0,-1.875,0.0,-1.875,0.0,0.0,-3.75,3.75,-2.8125,0.0,0.0,0.0,0.0,0.0,0.0,0.0,0.0,0.0,0.0,0.9375,0.0,0.0,0.0,1.875,0.0,0.0,0.0,-3.75,3.75,-3.75,0.0,-3.75,0.0,-7.5,0.0,0.0,0.0,3.75,0.0,0.0,0.0,0.0,0.0,-7.5,0.0,0.0,1.875,0.0,0.0,0.0,0.0,0.0,0.0,-11.25
313,9,0.0,-14.0625,0.0,-7.5,0.0,3.75,0.0,4.6875,0.0,3.75,13.125,3.75,0.0,3.75,0.0,0.0,-1.875,0.0,0.0,0.0,0.0,-7.5,7.5,-3.75,0.0,0.0,0.0,0.0,3.75,0.0,0.0,-3.75,0.9375,-2.8125,1.875,0.0,0.0,0.0,1.875,0.9375,7.5,0.0,-3.75,3.75,-1.875,0.0,-3.75,0.0,-10.3125,0.0,0.0,0.0,3.75,1.875,0.0,0.0,0.0,0.0,-11.25,0.0,0.0,3.75,0.0,-2.8125,0.0,-0.9375,-1.875,0.0,-15.0
313,10,0.0,-13.125,0.0,-5.625,0.0,3.75,0.0,3.75,0.0,3.75,11.25,3.75,0.0,3.75,0.0,0.0,-1.875,0.0,0.0,0.0,0.0,-6.5625,3.75,-3.75,0.0,0.0,0.0,0.0,0.0,0.0,0.0,-3.75,0.9375,-1.875,0.9375,0.0,0.0,0.0,1.875,0.0,3.75,0.0,-1.875,1.875,-1.875,0.0,-3.75,0.0,-9.375,0.0,0.0,0.0,2.8125,0.0,0.0,0.0,0.0,0.0,-7.5,0.0,0.0,3.75,0.0,-1.875,0.0,0.0,-1.875,0.0,-3.75
313,11,0.0,-11.25,0.0,-6.5625,0.0,3.75,0.0,3.75,0.0,3.75,11.25,3.75,0.0,3.75,0.0,0.0,-1.875,0.0,0.0,0.0,0.0,-5.625,3.75,-3.75,0.0,0.0,0.0,0.0,0.9375,0.0,0.0,-2.8125,0.0,-1.875,0.9375,0.0,0.0,0.0,0.9375,0.0,3.75,0.0,0.0,1.875,-3.75,0.0,-3.75,0.0,-7.5,0.0,0.0,0.0,1.875,0.0,0.0,0.0,0.0,0.0,-7.5,0.0,0.0,3.75,0.0,-1.875,0.0,0.0,0.0,0.0,-3.75
314,9,0.0,-15.0,0.0,-9.375,0.0,3.75,0.0,3.75,0.0,0.9375,11.25,3.75,0.0,3.75,0.0,0.0,0.0,0.0,3.75,0.0,-1.875,-7.5,7.5,-3.75,0.0,0.0,0.0,0.0,3.75,0.0,-1.875,-4.6875,0.0,-3.75,0.9375,0.0,0.0,0.0,0.9375,1.875,7.5,0.0,0.0,0.9375,0.0,0.0,-7.5,0.0,-10.3125,0.0,0.0,0.0,0.9375,1.875,0.0,0.0,0.0,0.0,-11.25,0.0,0.0,3.75,0.0,-3.75,0.0,-2.8125,-1.875,0.0,11.25
314,10,0.0,-14.0625,0.0,-7.5,0.0,3.75,0.0,3.75,0.0,0.9375,10.3125,3.75,0.0,3.75,0.0,0.0,0.0,0.0,3.75,0.0,-1.875,-4.6875,4.6875,-3.75,0.0,0.0,0.0,0.0,3.75,0.0,-1.875,-3.75,0.0,-3.75,0.9375,0.0,0.0,0.0,0.9375,0.9375,7.5,0.0,0.0,0.9375,-1.875,0.0,-3.75,0.0,-10.3125,0.0,0.0,0.0,0.9375,0.9375,0.0,0.0,0.0,0.0,-7.5,0.0,0.0,3.75,0.0,-3.75,0.0,-1.875,-1.875,0.0,0.9375
314,11,0.0,-14.0625,0.0,-7.5,0.0,3.75,0.0,3.75,0.0,0.9375,9.375,3.75,0.0,3.75,0.0,0.0,0.0,0.0,3.75,0.0,-1.875,-3.75,3.75,-3.75,0.0,0.0,0.0,0.0,3.75,0.0,-1.875,-3.75,0.0,-3.75,0.9375,0.0,0.0,0.0,0.9375,0.0,7.5,0.0,0.0,0.0,0.0,0.0,-5.625,0.0,-10.3125,0.0,0.0,0.0,0.9375,0.0,0.0,0.0,0.0,0.0,-7.5,0.0,0.0,3.75,0.0,-3.75,0.0,-1.875,-1.875,0.0,3.75
315,9,0.0,-16.875,0.0,-10.3125,0.0,1.875,0.0,1.875,0.0,0.0,9.375,0.9375,0.0,1.875,0.0,0.0,3.75,0.0,3.75,0.0,-3.75,-7.5,6.5625,-6.5625,0.0,-1.875,0.0,0.0,3.75,0.0,-3.75,-7.5,0.0,-7.5,0.9375,0.0,0.0,-1.875,0.9375,0.0,7.5,0.0,0.0,0.0,0.0,0.0,-10.3125,0.0,-11.25,0.0,0.0,0.0,0.0,0.9375,0.0,0.0,0.0,0.0,-3.75,0.0,0.0,3.75,0.0,-3.75,-1.875,-3.75,-3.75,-1.875,11.25
315,10,0.0,-15.0,0.0,-7.5,0.0,0.9375,0.0,0.9375,0.0,0.0,7.5,0.0,0.0,1.875,0.0,0.0,1.875,0.0,3.75,0.0,-2.8125,-3.75,3.75,-4.6875,0.0,0.0,0.0,0.0,3.75,0.0,-3.75,-6.5625,0.0,-6.5625,0.9375,0.0,0.0,-1.875,0.9375,0.0,7.5,0.0,0.9375,0.0,0.0,0.0,-7.5,0.0,-7.5,0.0,0.0,0.0,0.0,0.0,0.0,0.0,0.0,0.0,-3.75,0.0,0.0,0.9375,0.0,-3.75,-0.9375,-3.75,-3.75,-1.875,3.75
315,11,0.0,-15.0,0.0,-7.5,0.0,0.9375,0.0,0.9375,0.0,0.0,7.5,0.9375,0.0,1.875,0.0,0.0,0.0,0.0,3.75,0.0,-1.875,-3.75,3.75,-3.75,0.0,0.0,0.0,0.0,3.75,0.0,-3.75,-6.5625,0.0,-5.625,0.0,0.0,0.0,-0.9375,0.9375,0.0,7.5,0.0,0.9375,0.0,0.0,0.0,-7.5,0.0,-7.5,0.0,0.0,0.0,0.0,0.9375,0.0,0.0,0.0,0.0,-3.75,0.0,0.0,0.9375,0.0,-3.75,0.0,-3.75,-3.75,-1.875,3.75
316,9,0.0,-18.75,0.0,-11.25,0.0,0.0,0.0,0.0,0.0,0.0,7.5,0.0,0.0,0.9375,0.0,0.0,3.75,-1.875,3.75,0.0,-1.875,-3.75,3.75,-7.5,0.0,-3.75,0.0,0.0,3.75,0.0,-5.625,-9.375,0.0,-9.375,0.0,0.0,0.0,-3.75,0.9375,0.9375,7.5,0.0,1.875,0.0,3.75,0.0,-11.25,0.0,-10.3125,0.0,0.0,0.0,0.0,3.75,0.0,0.0,0.0,0.0,11.25,0.0,0.0,0.9375,0.0,-7.5,-1.875,-3.75,-3.75,-3.75,7.5
316,10,0.0,-15.0,0.0,-7.5,0.0,0.0,0.0,0.0,0.0,0.0,7.5,0.0,0.0,0.9375,0.0,0.0,0.0,0.0,3.75,0.0,-1.875,-3.75,3.75,-3.75,0.0,-1.875,0.0,0.0,3.75,0.0,-5.625,-7.5,0.0,-7.5,0.0,0.0,0.0,-3.75,0.9375,0.0,5.625,0.0,2.8125,0.0,1.875,0.0,-9.375,0.0,-7.5,0.0,0.0,0.0,0.0,0.9375,0.0,0.0,0.0,0.0,3.75,0.0,0.0,0.0,0.0,-6.5625,-1.875,-3.75,-3.75,-3.75,3.75
316,11,0.0,-15.0,0.0,-7.5,0.0,0.0,0.0,0.0,0.0,0.0,7.5,0.0,0.0,0.9375,0.0,0.0,0.9375,0.0,3.75,0.0,-1.875,-1.875,3.75,-3.75,0.0,-1.875,0.0,0.0,3.75,0.0,-3.75,-7.5,0.0,-7.5,0.0,0.0,0.0,-2.8125,0.0,0.0,5.625,0.0,3.75,0.0,1.875,0.0,-9.375,0.0,-7.5,0.0,0.0,0.0,0.0,0.9375,0.0,0.0,0.0,0.0,3.75,0.0,0.0,0.0,0.0,-5.625,-1.875,-3.75,-3.75,-2.8125,5.625
317,9,0.0,-18.75,0.0,-7.5,0.0,0.0,0.0,0.0,0.0,0.0,4.6875,0.0,0.0,0.0,0.0,0.0,3.75,0.0,3.75,0.0,0.0,0.0,3.75,-6.5625,0.0,-3.75,0.0,0.0,3.75,0.0,-7.5,-11.25,0.0,-11.25,0.0,0.0,0.0,-4.6875,0.0,0.0,4.6875,0.0,0.0,-1.875,3.75,0.0,-13.125,0.0,13.125,0.0,0.0,-1.875,-2.8125,3.75,0.0,0.0,0.0,0.0,11.25,0.0,0.0,0.0,0.0,-7.5,-3.75,-5.625,-3.75,-3.75,7.5
317,10,0.0,-11.25,0.0,-3.75,0.0,0.0,0.0,0.0,0.0,0.0,3.75,0.0,0.0,0.0,0.0,0.0,2.8125,0.0,3.75,0.0,0.0,0.0,1.875,-3.75,0.0,-1.875,0.0,0.0,3.75,0.0,-7.5,-10.3125,0.0,-9.375,0.0,0.0,0.0,-3.75,0.0,0.0,3.75,0.0,0.0,-2.8125,3.75,0.0,-11.25,0.0,5.625,0.0,0.0,-1.875,-1.875,1.875,0.0,0.0,0.0,0.0,7.5,0.0,0.0,0.0,0.0,-7.5,-3.75,-5.625,-3.75,-3.75,2.8125
317,11,0.0,-11.25,0.0,-3.75,0.0,0.0,0.0,0.0,0.0,0.0,3.75,0.0,0.0,0.0,0.0,0.0,3.75,0.0,3.75,0.0,0.0,0.0,0.9375,-3.75,0.0,-1.875,0.0,0.0,3.75,0.0,-7.5,-10.3125,0.0,-9.375,0.0,0.0,0.0,-3.75,0.0,0.0,3.75,0.0,0.9375,-2.8125,3.75,0.0,-11.25,0.0,3.75,0.0,0.0,-1.875,-1.875,0.9375,0.0,0.0,0.0,0.0,7.5,0.0,0.0,0.0,0.0,-7.5,-3.75,-5.625,-3.75,-3.75,3.75
318,9,0.0,17.8125,0.0,7.5,0.0,0.0,0.0,-2.8125,0.0,0.0,3.75,0.0,0.0,0.0,-1.875,0.0,3.75,-3.75,3.75,0.0,0.0,0.0,0.0,0.0,0.0,-1.875,0.0,0.0,3.75,0.0,-9.375,-14.0625,0.0,-13.125,0.0,0.0,0.0,-7.5,0.0,-1.875,3.75,0.0,0.0,-2.8125,1.875,0.0,-11.25,0.0,15.0,0.0,0.0,-3.75,-3.75,1.875,0.0,0.0,0.0,0.0,9.375,0.0,0.0,0.0,0.0,-9.375,-3.75,-7.5,-6.5625,-6.5625,7.5
318,10,0.0,11.25,0.0,4.6875,0.0,0.0,0.0,-1.875,0.0,0.0,3.75,0.0,0.0,0.0,0.0,0.0,3.75,-3.75,3.75,0.0,0.0,0.0,0.0,0.0,0.0,-0.9375,0.0,0.0,3.75,0.0,-9.375,-11.25,0.0,-10.3125,0.0,0.0,0.0,-6.5625,0.0,0.0,3.75,0.0,0.0,-3.75,0.9375,0.0,-9.375,0.0,11.25,0.0,0.0,-3.75,-3.75,0.9375,0.0,0.0,0.0,0.0,7.5,0.0,0.0,0.0,0.0,-7.5,-3.75,-7.5,-6.5625,-3.75,3.75
318,11,0.0,11.25,0.0,3.75,0.0,0.0,0.0,-1.875,0.0,0.0,3.75,0.0,0.0,0.0,0.0,0.0,3.75,-1.875,3.75,0.0,0.0,0.0,0.0,0.0,0.0,0.0,0.0,0.0,3.75,0.0,-9.375,-11.25,0.0,-10.3125,0.0,0.0,0.0,-6.5625,0.0,0.0,3.75,0.0,0.0,-3.75,0.9375,0.0,-9.375,0.0,11.25,0.0,0.0,-3.75,-3.75,0.9375,0.0,0.0,0.0,0.0,7.5,0.0,0.0,0.0,0.0,-7.5,-3.75,-6.5625,-6.5625,-3.75,3.75
319,9,0.0,18.75,0.0,11.25,0.0,0.0,0.0,-3.75,0.0,0.0,3.75,-1.875,0.0,0.0,-1.875,0.0,0.9375,-3.75,0.9375,0.0,3.75,0.0,0.0,3.75,0.0,0.0,0.0,0.0,3.75,0.0,-11.25,-15.0,0.0,-14.0625,0.0,0.0,0.0,-7.5,0.0,-3.75,3.75,0.0,0.0,-1.875,0.9375,0.0,-7.5,0.0,13.125,3.75,0.0,-3.75,-6.5625,0.0,0.0,0.0,0.0,0.0,9.375,0.0,0.0,0.0,0.0,-11.25,-5.625,-7.5,-7.5,-7.5,5.625
319,10,0.0,15.0,0.0,7.5,0.0,0.0,0.0,-3.75,0.0,0.0,1.875,-1.875,0.0,0.0,-1.875,0.0,0.9375,-3.75,0.9375,0.0,0.9375,0.0,0.0,3.75,0.0,0.0,0.0,0.0,0.9375,0.0,-11.25,-13.125,0.0,-11.25,0.0,0.0,0.0,-7.5,0.0,-3.75,3.75,0.0,0.0,-2.8125,0.9375,0.0,-3.75,0.0,11.25,0.9375,0.0,-3.75,-5.625,0.0,0.0,0.0,0.0,0.0,7.5,0.0,0.0,0.0,0.0,-10.3125,-5.625,-7.5,-7.5,-6.5625,0.0
319,11,0.0,15.0,0.0,7.5,0.0,0.0,0.0,-3.75,0.0,0.0,0.9375,0.0,0.0,0.0,-1.875,0.0,0.0,-3.75,0.9375,0.0,3.75,0.0,0.0,3.75,0.0,0.0,0.0,0.0,0.9375,0.0,-11.25,-11.25,0.0,-11.25,0.0,0.0,0.0,-7.5,0.0,-3.75,1.875,0.0,0.0,-3.75,0.9375,0.0,0.0,0.0,11.25,0.9375,0.0,-3.75,-5.625,0.0,0.0,0.0,0.0,0.0,7.5,0.0,0.0,0.0,0.0,-10.3125,-3.75,-7.5,-7.5,-7.5,0.9375
320,9,0.0,15.9375,0.0,11.25,0.0,0.0,0.0,-3.75,0.0,0.0,0.0,0.0,0.0,0.0,-3.75,0.0,0.0,-3.75,0.0,0.0,3.75,0.0,0.9375,7.5,0.0,0.0,-1.875,0.0,0.9375,0.0,-11.25,-15.0,0.0,-15.0,0.0,0.0,0.0,-11.25,0.0,-6.5625,0.9375,0.0,0.0,0.0,0.0,0.0,8.4375,1.875,11.25,3.75,0.0,-6.5625,-7.5,0.0,0.0,0.0,0.0,0.9375,7.5,0.0,0.0,0.0,0.0,-11.25,-6.5625,-7.5,-10.3125,-11.25,7.5
320,10,0.0,15.0,0.0,7.5,0.0,0.0,0.0,-3.75,0.0,0.0,0.0,0.0,0.0,0.0,-2.8125,0.0,0.0,-3.75,0.0,0.0,3.75,0.0,0.0,7.5,0.0,0.0,-1.875,0.0,0.9375,0.0,-11.25,-11.25,0.0,-11.25,0.0,0.0,0.0,-9.375,0.0,-5.625,0.9375,0.0,0.0,0.0,0.0,0.0,7.5,0.0,7.5,2.8125,0.0,-5.625,-7.5,0.0,0.0,0.0,0.0,0.9375,5.625,0.0,0.0,0.0,0.0,-11.25,-6.5625,-9.375,-10.3125,-7.5,1.875
320,11,0.0,15.0,0.0,7.5,0.0,0.0,0.0,-3.75,0.0,0.0,0.0,0.0,0.0,0.0,-2.8125,0.0,0.0,-3.75,0.0,0.0,3.75,0.0,0.0,5.625,0.0,0.0,0.0,0.0,0.9375,0.0,-11.25,-13.125,0.0,-11.25,0.0,0.0,0.0,-9.375,0.0,-4.6875,0.9375,0.0,0.0,-1.875,0.0,0.0,7.5,0.0,7.5,0.9375,0.0,-3.75,-7.5,0.0,0.0,0.0,0.0,0.0,5.625,0.0,0.0,0.0,0.0,-11.25,-6.5625,-9.375,-9.375,-7.5,0.0
321,9,0.0,15.0,0.0,8.4375,0.0,0.0,0.0,-5.625,0.0,0.0,0.0,0.9375,0.0,0.0,-3.75,0.0,0.0,-5.625,0.0,0.0,3.75,-1.875,0.9375,7.5,0.0,1.875,-3.75,0.0,0.9375,0.0,-14.0625,-15.0,0.0,-15.0,0.0,0.0,0.0,-11.25,0.0,-8.4375,0.0,0.0,0.0,0.0,0.0,0.0,11.25,3.75,7.5,3.75,0.0,-7.5,-10.3125,-3.75,0.0,0.9375,0.0,0.9375,3.75,0.0,0.0,0.0,0.0,-13.125,-7.5,-10.3125,-11.25,-13.125,9.375
321,10,0.0,13.125,0.0,7.5,0.0,0.0,0.0,-3.75,0.0,0.0,0.0,0.9375,0.0,0.0,-3.75,0.0,0.0,-3.75,0.0,0.0,3.75,0.0,0.9375,7.5,0.0,0.9375,-2.8125,0.0,0.9375,0.0,-11.25,-9.375,0.0,-10.3125,0.0,0.0,0.0,-10.3125,0.0,-7.5,0.0,0.0,0.0,-2.8125,0.0,0.0,9.375,0.9375,7.5,0.9375,0.0,-7.5,-8.4375,-2.8125,0.0,0.9375,0.0,0.9375,3.75,0.0,0.0,0.0,0.0,-11.25,-7.5,-11.25,-11.25,-11.25,3.75
321,11,0.0,13.125,0.0,7.5,0.0,0.0,0.0,-3.75,0.0,0.0,0.0,0.0,0.0,0.0,-3.75,0.0,0.0,-3.75,0.0,0.0,3.75,0.0,0.0,7.5,0.0,0.9375,-1.875,0.0,0.0,0.0,-11.25,-9.375,0.0,-10.3125,0.0,0.0,0.0,-10.3125,0.0,-7.5,0.0,0.0,0.0,-1.875,0.0,0.0,8.4375,0.0,7.5,0.9375,0.0,-7.5,-9.375,-2.8125,0.0,0.0,0.0,0.0,3.75,0.0,0.0,0.0,0.0,-11.25,-7.5,-11.25,-11.25,-11.25,3.75
322,9,0.0,13.125,0.0,7.5,0.0,0.0,0.0,-3.75,0.0,0.0,0.0,3.75,0.0,-1.875,-3.75,0.0,-1.875,-7.5,0.0,0.0,3.75,-2.8125,0.0,7.5,0.0,0.9375,-3.75,0.0,0.0,0.0,-11.25,-9.375,0.0,-11.25,0.0,0.0,0.0,-13.125,0.0,-11.25,0.0,0.0,0.0,0.0,-1.875,0.0,11.25,3.75,7.5,0.0,0.0,-7.5,-11.25,-3.75,0.0,0.0,0.0,0.9375,3.75,0.0,0.0,0.0,0.0,-13.125,-7.5,-11.25,-14.0625,-15.0,9.375
322,10,0.0,12.1875,0.0,7.5,0.0,0.0,0.0,-3.75,0.0,0.0,0.0,3.75,0.0,-1.875,-3.75,0.0,0.0,-7.5,0.0,0.0,3.75,-1.875,0.0,7.5,0.0,0.0,-3.75,0.0,0.0,0.0,-11.25,-6.5625,0.0,-1.875,0.0,0.0,0.0,-7.5,0.0,-9.375,0.0,0.0,0.0,0.0,-1.875,0.0,7.5,3.75,5.625,0.0,0.0,-7.5,-11.25,-3.75,0.0,0.0,0.0,0.0,3.75,0.0,0.0,0.0,0.0,-11.25,-7.5,-11.25,-14.0625,-14.0625,7.5
322,11,0.0,11.25,0.0,5.625,0.0,0.0,0.0,-3.75,0.0,0.0,0.0,3.75,0.0,-1.875,-3.75,0.0,0.0,-7.5,0.0,0.0,1.875,-1.875,0.0,4.6875,0.0,0.0,-3.75,0.0,0.0,0.0,-11.25,-6.5625,0.0,0.0,0.0,0.0,0.0,-7.5,0.0,-9.375,0.0,0.0,0.9375,0.0,-1.875,0.0,8.4375,0.9375,5.625,0.0,0.0,-7.5,-11.25,-3.75,0.0,0.0,0.0,0.0,3.75,0.0,0.0,0.0,0.0,-11.25,-7.5,-11.25,-14.0625,-14.0625,7.5
323,9,0.0,11.25,0.0,4.6875,0.0,0.0,0.0,-3.75,0.0,0.0,0.0,3.75,0.0,-3.75,-3.75,0.0,-1.875,-7.5,0.0,0.0,0.9375,-3.75,0.0,3.75,0.0,1.875,-3.75,0.0,0.0,0.0,0.0,0.0,0.0,11.25,0.9375,0.0,0.0,-11.25,0.0,-13.125,0.0,0.0,3.75,0.0,-1.875,0.0,8.4375,3.75,4.6875,0.0,0.0,-7.5,-13.125,-7.5,0.0,0.0,0.0,1.875,0.0,0.0,0.0,0.0,0.0,-14.0625,-10.3125,-15.0,-15.0,-18.75,9.375
323,10,0.0,11.25,0.0,3.75,0.0,0.0,0.0,-1.875,0.0,0.0,0.0,3.75,0.0,-2.8125,-3.75,0.0,0.0,-6.5625,0.0,0.0,0.0,-3.75,0.0,3.75,0.0,0.9375,-3.75,0.0,0.0,0.0,-5.625,0.0,0.0,3.75,0.0,0.0,0.0,-7.5,0.0,-11.25,0.0,0.0,3.75,0.0,0.0,0.0,7.5,3.75,3.75,0.0,0.0,-7.5,-11.25,-6.5625,0.0,0.0,0.0,0.9375,0.0,0.0,0.0,0.0,0.0,-11.25,-10.3125,-14.0625,-15.0,-15.0,5.625
323,11,0.0,10.3125,0.0,3.75,0.0,0.0,0.0,-1.875,0.0,0.0,0.0,3.75,0.0,-3.75,-3.75,0.0,0.0,-6.5625,0.0,0.0,0.0,-2.8125,0.0,3.75,0.0,0.9375,-3.75,0.0,0.0,0.0,-1.875,7.5,0.0,3.75,0.0,0.0,0.0,-5.625,0.0,-11.25,0.0,0.0,3.75,0.0,0.0,0.0,7.5,1.875,3.75,0.0,0.0,-7.5,-11.25,-6.5625,0.0,0.0,0.0,0.9375,0.0,0.0,0.0,0.0,0.0,-11.25,-11.25,-14.0625,-15.0,-15.0,7.5
324,9,0.0,9.375,0.0,3.75,0.0,0.0,0.0,0.9375,0.0,0.0,0.0,3.75,0.0,-3.75,-3.75,0.0,0.0,-6.5625,0.0,0.0,0.0,-3.75,0.0,3.75,0.0,0.0,-6.5625,0.0,0.0,-1.875,7.5,4.6875,0.0,8.4375,0.0,0.0,0.0,3.75,-1.875,-15.0,0.0,0.0,3.75,0.0,-3.75,0.0,7.5,3.75,3.75,0.0,0.0,-7.5,-14.0625,-7.5,0.0,0.0,0.0,3.75,0.0,0.0,0.0,0.0,0.0,-11.25,-11.25,-15.0,-16.875,-18.75,9.375
324,10,0.0,8.4375,0.0,3.75,0.0,0.0,0.0,0.9375,0.0,0.0,0.0,3.75,0.0,-3.75,-3.75,0.0,0.0,-3.75,0.0,0.0,0.0,-3.75,0.0,3.75,0.0,0.9375,-3.75,0.0,0.0,-1.875,7.5,3.75,0.0,7.5,0.0,0.0,0.0,0.0,-0.9375,-11.25,0.0,0.0,3.75,0.0,-3.75,0.0,4.6875,3.75,3.75,0.0,0.0,-6.5625,-11.25,-7.5,0.0,0.0,0.0,0.9375,0.0,0.0,0.0,0.0,0.0,-11.25,-10.3125,-15.0,-16.875,-15.0,3.75
324,11,0.0,7.5,0.0,3.75,0.0,0.0,0.0,0.0,0.0,0.0,0.0,3.75,0.0,-3.75,-3.75,0.0,0.0,-3.75,0.0,0.0,0.0,-2.8125,0.0,3.75,0.0,0.0,-3.75,0.0,0.0,-1.875,7.5,3.75,0.0,7.5,0.0,0.0,0.0,0.0,-1.875,-11.25,0.0,0.0,3.75,-0.9375,-1.875,0.0,4.6875,0.9375,3.75,0.0,0.0,-3.75,-11.25,-7.5,0.0,0.0,0.0,0.9375,0.0,0.0,0.0,0.0,0.0,-7.5,-11.25,-15.0,-16.875,-16.875,5.625
325,9,0.0,7.5,0.0,1.875,0.0,0.0,0.0,3.75,0.0,0.0,0.0,2.8125,0.0,-3.75,-3.75,0.0,0.0,0.9375,0.0,0.0,0.0,-1.875,-3.75,3.75,0.0,-1.875,-7.5,0.0,0.0,-3.75,11.25,5.625,0.0,9.375,0.0,0.0,0.0,11.25,-3.75,-15.9375,0.0,0.0,3.75,-3.75,-3.75,0.0,3.75,0.9375,2.8125,-1.875,0.0,-3.75,-11.25,-9.375,0.0,0.0,0.0,0.9375,-1.875,0.0,0.0,0.0,0.0,-7.5,-11.25,-15.0,-18.75,-20.625,7.5
325,10,0.0,7.5,0.0,0.9375,0.0,0.0,0.0,3.75,0.0,0.0,0.0,1.875,0.0,-3.75,-1.875,0.0,0.0,0.0,0.0,0.0,0.0,-1.875,-2.8125,1.875,0.0,-0.9375,-3.75,0.0,0.0,-3.75,11.25,3.75,0.0,7.5,0.0,0.0,0.0,4.6875,-1.875,-11.25,0.0,0.0,1.875,-3.75,-3.75,0.0,3.75,0.9375,1.875,0.0,0.0,0.0,-11.25,-9.375,0.0,0.0,0.0,0.9375,-1.875,0.0,0.0,0.0,0.0,-7.5,-11.25,-15.0,-18.75,-17.8125,3.75
325,11,0.0,7.5,0.0,0.9375,0.0,0.0,0.0,3.75,0.0,0.0,0.0,0.9375,0.0,-3.75,0.0,0.0,0.0,0.0,0.0,0.0,0.0,0.0,-3.75,1.875,0.0,-0.9375,-3.75,0.0,0.0,-3.75,8.4375,3.75,0.0,7.5,0.0,0.0,0.0,7.5,-3.75,-11.25,0.0,0.0,3.75,-3.75,-3.75,0.0,3.75,0.9375,1.875,0.0,0.0,0.0,-11.25,-9.375,0.0,0.0,0.0,0.0,-1.875,0.0,0.0,0.0,0.0,0.0,-11.25,-15.0,-18.75,-17.8125,4.6875
326,9,0.0,5.625,0.0,0.0,0.0,0.0,0.0,3.75,0.0,0.0,0.0,0.9375,0.0,-3.75,0.0,0.0,0.0,7.5,0.0,0.0,0.0,-1.875,-3.75,0.9375,0.0,-3.75,-7.5,0.0,0.0,-3.75,11.25,3.75,0.0,10.3125,0.0,0.0,0.0,8.4375,-3.75,-15.0,0.0,0.0,3.75,-5.625,-3.75,0.0,0.0,0.9375,0.9375,-1.875,0.0,0.0,-11.25,-10.3125,0.0,0.0,0.0,0.9375,-3.75,0.0,0.0,0.0,0.0,7.5,-11.25,-15.0,-18.75,-20.625,3.75
326,10,0.0,4.6875,0.0,0.0,0.0,0.0,0.0,3.75,0.0,0.0,0.0,0.9375,0.0,-1.875,0.0,0.0,0.0,4.6875,0.0,0.0,0.0,-1.875,-3.75,0.9375,0.0,-3.75,-4.6875,0.0,0.0,-3.75,11.25,3.75,0.0,7.5,0.0,0.0,0.0,7.5,-3.75,-9.375,0.0,0.0,1.875,-3.75,-2.8125,0.0,0.0,0.9375,0.9375,-1.875,0.0,0.9375,0.0,-7.5,0.0,0.0,0.0,0.9375,-3.75,0.0,0.0,0.0,0.0,3.75,-11.25,-15.0,-18.75,-15.0,3.75
326,11,0.0,4.6875,0.0,0.0,0.0,0.0,0.0,3.75,0.0,0.0,0.0,0.0,0.0,-3.75,0.0,0.0,0.0,5.625,0.0,0.0,0.0,0.0,-3.75,0.9375,0.0,-3.75,-3.75,0.0,0.0,-3.75,9.375,3.75,0.0,7.5,0.0,0.0,0.0,7.5,-3.75,-7.5,0.0,0.0,1.875,-3.75,-3.75,0.0,0.0,0.9375,0.9375,0.0,0.0,3.75,0.0,-7.5,0.0,0.0,0.0,0.0,-3.75,0.0,0.0,0.0,0.0,3.75,-14.0625,-15.0,-18.75,-17.8125,3.75
327,9,0.0,3.75,0.0,0.0,0.0,0.0,0.0,4.6875,0.0,0.0,0.0,0.0,0.0,0.0,0.0,0.0,0.0,11.25,0.0,0.0,0.0,0.0,-7.5,0.0,0.0,-7.5,-7.5,0.0,-3.75,-3.75,11.25,3.75,0.0,7.5,0.0,0.0,0.0,7.5,-3.75,-11.25,0.0,0.0,0.9375,-7.5,-3.75,0.0,-1.875,0.9375,0.0,0.0,0.0,3.75,11.25,-15.0,0.0,-1.875,0.0,0.9375,-5.625,0.0,0.0,0.0,0.0,11.25,15.0,16.875,18.75,20.625,-3.75
327,10,0.0,3.75,0.0,0.0,0.0,0.0,0.0,3.75,0.0,0.0,0.0,0.0,0.0,0.0,0.0,0.0,0.0,7.5,0.0,0.0,0.0,0.0,-7.5,0.0,0.0,-5.625,-7.5,0.0,-3.75,-1.875,9.375,1.875,0.0,5.625,0.0,0.0,0.0,3.75,-3.75,-3.75,0.0,0.0,0.9375,-7.5,-3.75,0.0,-1.875,0.9375,0.0,0.0,0.0,3.75,7.5,-6.5625,0.0,-1.875,0.0,0.9375,-3.75,0.0,0.0,0.0,0.0,13.125,15.0,15.0,18.75,16.875,-3.75
327,11,0.0,3.75,0.0,0.0,0.0,0.0,0.0,3.75,0.0,0.0,0.0,0.0,0.0,0.0,0.0,0.0,0.0,7.5,0.0,0.0,0.0,0.0,-6.5625,0.0,0.0,-6.5625,-6.5625,0.0,-1.875,-1.875,8.4375,1.875,0.0,5.625,0.0,0.0,0.0,3.75,-3.75,0.0,0.0,0.0,0.9375,-6.5625,-3.75,0.0,-1.875,0.0,0.0,0.0,0.0,3.75,4.6875,-7.5,0.0,-1.875,0.0,0.0,-3.75,0.0,0.0,0.0,0.0,13.125,15.0,16.875,18.75,17.8125,-3.75
328,9,0.0,3.75,0.0,0.0,0.0,0.0,0.0,3.75,0.0,0.0,0.0,0.0,0.0,4.6875,0.0,0.0,0.0,9.375,0.0,0.0,0.0,0.0,-9.375,0.0,0.0,-9.375,-3.75,0.0,-2.8125,-1.875,8.4375,0.0,3.75,3.75,-1.875,0.0,0.0,3.75,-1.875,11.25,0.0,0.0,0.0,-7.5,-6.5625,0.0,-7.5,0.0,0.0,0.0,0.0,3.75,8.4375,9.375,0.0,-3.75,0.0,0.0,-7.5,0.0,0.0,0.0,0.0,11.25,15.9375,15.9375,18.75,19.6875,-3.75
328,10,0.0,2.8125,0.0,0.0,0.0,0.0,0.0,3.75,0.0,0.0,0.0,0.0,0.0,0.0,0.0,0.0,0.0,7.5,0.0,0.0,0.0,0.0,-8.4375,0.0,0.0,-7.5,-4.6875,0.0,-1.875,0.0,8.4375,0.0,1.875,3.75,-1.875,0.0,0.0,3.75,-1.875,3.75,0.0,0.0,0.0,-7.5,-6.5625,0.0,-5.625,0.0,0.0,0.0,0.0,3.75,11.25,7.5,0.0,-3.75,0.0,0.0,-5.625,0.0,0.0,0.0,0.0,13.125,15.9375,15.9375,18.75,16.875,-3.75
328,11,0.0,1.875,0.0,0.0,0.0,0.0,0.0,3.75,0.0,0.0,0.0,0.0,0.0,0.0,0.0,0.0,0.0,7.5,0.0,0.0,0.0,0.0,-7.5,0.0,0.0,-7.5,-3.75,0.0,0.0,0.0,7.5,0.0,1.875,3.75,-1.875,0.0,0.0,3.75,-3.75,7.5,0.0,0.0,0.0,-7.5,-5.625,0.0,-3.75,0.0,0.0,0.0,0.0,3.75,11.25,7.5,0.0,-3.75,0.0,0.0,-5.625,0.0,0.0,0.0,0.0,11.25,15.0,16.875,18.75,18.75,-3.75
329,9,0.0,0.9375,0.0,0.0,0.0,-1.875,0.0,3.75,0.0,0.0,0.0,-1.875,0.0,7.5,0.0,0.0,0.0,7.5,0.0,0.0,0.9375,0.9375,-9.375,0.0,0.0,-11.25,-1.875,0.0,0.0,0.0,7.5,0.0,5.625,3.75,-1.875,0.0,0.0,3.75,0.0,7.5,0.0,0.0,0.0,-10.3125,-7.5,0.0,-7.5,0.9375,0.0,0.0,0.0,3.75,11.25,15.0,0.0,-3.75,0.0,0.0,-7.5,0.0,0.0,0.0,0.0,11.25,15.9375,15.9375,16.875,18.75,-3.75
329,10,0.0,0.9375,0.0,0.0,0.0,-1.875,0.0,2.8125,0.0,0.0,0.0,-1.875,0.0,3.75,0.0,0.0,0.0,4.6875,0.0,0.0,0.9375,0.9375,-7.5,0.0,0.0,-7.5,-3.75,0.0,0.0,0.0,7.5,0.0,3.75,3.75,-1.875,0.0,0.0,1.875,0.0,7.5,0.0,0.0,0.0,-7.5,-7.5,0.0,-5.625,0.0,0.0,0.0,0.0,3.75,11.25,11.25,0.0,-3.75,0.0,0.0,-6.5625,0.0,0.0,0.0,0.0,11.25,15.0,15.0,16.875,16.875,-3.75
329,11,0.0,0.9375,0.0,0.0,0.0,-1.875,0.0,2.8125,0.0,0.0,0.0,-1.875,0.0,3.75,0.0,0.0,0.0,5.625,0.0,0.0,0.0,0.0,-7.5,0.0,0.0,-7.5,-3.75,0.0,0.0,0.0,7.5,0.0,3.75,3.75,-1.875,0.0,0.0,1.875,-3.75,7.5,0.0,0.0,0.0,-7.5,-7.5,0.0,-5.625,0.0,0.0,0.0,0.0,3.75,11.25,11.25,0.0,-3.75,0.0,0.0,-7.5,0.0,0.0,0.0,0.0,11.25,15.0,15.9375,18.75,16.875,-3.75
330,9,0.0,0.0,0.0,0.0,0.0,-3.75,0.0,1.875,0.0,0.0,0.0,-3.75,0.0,7.5,0.0,0.0,-1.875,3.75,-1.875,0.0,1.875,0.0,-11.25,0.0,0.0,-12.1875,3.75,0.0,0.9375,3.75,4.6875,0.0,11.25,0.0,-1.875,0.0,0.0,3.75,3.75,7.5,0.0,0.0,0.0,-7.5,-7.5,0.0,-5.625,0.9375,0.0,0.0,0.0,3.75,7.5,15.0,0.0,-3.75,0.0,0.0,-9.375,0.0,0.0,0.0,0.0,9.375,15.0,15.0,15.9375,16.875,-3.75
330,10,0.0,0.0,0.0,0.0,0.0,-3.75,0.0,0.9375,0.0,0.0,0.0,-3.75,0.0,4.6875,0.0,0.0,-1.875,3.75,-1.875,0.0,0.9375,0.0,-7.5,0.0,0.0,-10.3125,0.0,0.0,0.9375,3.75,4.6875,0.0,7.5,0.9375,-1.875,0.0,0.0,0.9375,0.9375,7.5,0.0,0.0,0.0,-7.5,-7.5,0.0,-3.75,0.9375,0.0,0.0,0.0,3.75,8.4375,11.25,0.0,-3.75,0.0,0.0,-7.5,0.0,0.0,0.0,0.0,9.375,15.0,14.0625,15.0,15.0,-1.875
330,11,0.0,0.0,0.0,0.0,0.0,-3.75,0.0,0.9375,0.0,0.0,0.0,-3.75,0.0,4.6875,0.0,0.0,0.0,3.75,-1.875,0.0,0.9375,0.0,-7.5,0.0,0.0,-11.25,0.0,0.0,0.0,1.875,4.6875,0.0,7.5,0.9375,-1.875,0.0,0.0,0.0,0.0,7.5,0.0,0.0,0.0,-6.5625,-7.5,0.0,-1.875,0.0,0.0,0.0,0.0,3.75,7.5,11.25,0.0,-3.75,0.0,0.0,-7.5,0.0,0.0,0.0,0.0,9.375,15.0,15.0,15.0,15.0,-1.875
331,9,0.0,0.0,0.0,0.0,0.0,-3.75,0.0,0.0,0.0,0.0,0.0,-5.625,0.0,7.5,1.875,0.0,0.0,3.75,-3.75,0.0,0.9375,0.0,-10.3125,0.0,0.0,-11.25,7.5,0.0,0.9375,3.75,3.75,0.0,13.125,0.0,-3.75,0.0,0.0,3.75,8.4375,7.5,0.0,0.0,0.0,-5.625,-7.5,0.0,-1.875,0.9375,0.0,0.0,0.0,0.9375,7.5,13.125,0.0,-3.75,0.0,0.0,-9.375,0.0,0.0,0.0,0.0,7.5,15.0,13.125,15.0,15.0,-3.75
331,10,0.0,0.0,0.0,0.0,0.0,-3.75,0.0,0.0,0.0,0.0,0.0,-3.75,0.0,4.6875,0.9375,0.0,0.0,1.875,-2.8125,0.0,0.0,0.0,-6.5625,0.0,0.0,-9.375,3.75,0.0,0.9375,3.75,3.75,0.0,11.25,0.0,-3.75,0.0,0.0,0.9375,4.6875,4.6875,0.0,0.0,0.0,-3.75,-7.5,0.0,0.0,0.9375,0.0,0.0,0.0,0.9375,7.5,11.25,0.0,-3.75,0.0,0.0,-7.5,0.0,0.0,0.0,0.0,7.5,14.0625,13.125,13.125,13.125,-1.875
331,11,0.0,0.0,0.0,0.0,0.0,-3.75,0.0,0.0,0.0,0.0,0.0,-3.75,0.0,3.75,0.9375,0.0,0.0,0.9375,-3.75,0.0,0.0,0.0,-3.75,0.0,0.0,-9.375,3.75,0.0,0.9375,3.75,3.75,0.0,11.25,0.0,-1.875,0.0,0.0,0.9375,3.75,7.5,0.0,0.0,0.0,-3.75,-7.5,0.0,-3.75,0.0,0.0,0.0,0.0,0.0,7.5,11.25,0.0,-3.75,0.0,0.0,-7.5,0.0,0.0,0.0,0.0,7.5,15.0,13.125,15.0,13.125,0.0
332,9,0.0,0.0,0.0,0.0,0.0,-7.5,0.0,0.0,0.0,0.0,0.0,-7.5,0.0,4.6875,3.75,0.0,-1.875,1.875,-3.75,0.0,0.0,-1.875,-3.75,0.0,0.0,-7.5,7.5,0.0,0.9375,4.6875,3.75,0.0,12.1875,-2.8125,0.0,0.0,-0.9375,3.75,11.25,4.6875,0.0,0.0,-1.875,0.0,-11.25,0.0,0.0,0.0,0.0,0.0,0.0,0.0,3.75,11.25,0.0,0.0,0.0,-1.875,-3.75,0.0,0.0,0.0,0.0,7.5,13.125,11.25,12.1875,12.1875,-3.75
332,10,0.0,0.0,0.0,0.0,0.0,-3.75,0.0,0.0,0.0,0.0,0.0,-5.625,0.0,3.75,1.875,0.0,0.0,0.0,-3.75,0.0,0.0,-1.875,0.0,0.0,0.0,-3.75,5.625,0.0,0.9375,4.6875,2.8125,0.0,7.5,-1.875,0.0,0.0,-0.9375,3.75,7.5,3.75,0.0,0.0,0.0,0.0,-7.5,0.0,0.9375,0.0,0.0,0.0,0.0,0.0,4.6875,11.25,0.0,0.0,0.0,-1.875,-3.75,0.0,0.0,0.0,0.0,7.5,12.1875,11.25,11.25,11.25,-3.75
332,11,0.0,0.0,0.0,0.0,0.0,-3.75,0.0,0.0,0.0,0.0,0.0,-5.625,0.0,3.75,0.9375,0.0,0.0,0.0,-3.75,0.0,0.0,-1.875,0.0,0.0,0.0,-3.75,4.6875,0.0,0.9375,3.75,1.875,0.0,7.5,0.0,0.0,0.0,0.0,3.75,7.5,4.6875,0.0,0.0,0.0,0.0,-7.5,0.0,0.9375,0.0,0.0,0.0,0.0,0.0,3.75,7.5,0.0,0.0,0.0,0.0,-1.875,0.0,0.0,0.0,0.0,7.5,13.125,11.25,11.25,11.25,-1.875
333,9,0.0,0.0,0.0,0.0,0.0,-7.5,0.0,0.0,0.0,0.0,0.0,-7.5,0.0,3.75,0.9375,0.0,-3.75,0.0,-3.75,0.0,0.0,-3.75,7.5,0.0,0.0,8.4375,7.5,0.0,0.9375,3.75,0.0,0.0,9.375,-3.75,0.0,0.0,-2.8125,3.75,11.25,3.75,0.0,0.0,-3.75,3.75,-11.25,0.0,3.75,0.0,0.0,0.0,0.0,0.0,3.75,8.4375,0.0,0.0,0.0,-1.875,0.0,0.0,0.0,0.0,0.0,4.6875,12.1875,11.25,11.25,9.375,-3.75
333,10,0.0,0.0,0.0,0.0,0.0,-7.5,0.0,0.0,0.0,0.0,0.0,-7.5,0.0,3.75,0.9375,0.0,-2.8125,0.0,-3.75,0.0,0.0,-3.75,4.6875,0.0,0.0,4.6875,3.75,0.0,0.9375,3.75,0.0,0.0,7.5,-3.75,0.0,0.0,-1.875,3.75,8.4375,3.75,0.0,0.0,-0.9375,3.75,-7.5,0.0,3.75,0.0,0.0,0.0,0.0,0.0,3.75,7.5,0.0,0.0,0.0,-1.875,0.0,0.0,0.0,0.0,0.0,4.6875,11.25,8.4375,11.25,7.5,-1.875
333,11,0.0,0.0,0.0,0.0,0.0,-6.5625,0.0,0.0,0.0,0.0,0.0,-7.5,0.0,3.75,0.9375,0.0,-1.875,0.0,-3.75,0.0,0.0,-3.75,7.5,0.0,0.0,7.5,3.75,0.0,0.0,3.75,0.0,0.0,7.5,-2.8125,0.0,0.0,-1.875,3.75,11.25,3.75,0.0,0.0,-1.875,3.75,-7.5,0.0,3.75,0.0,0.0,0.0,0.0,0.0,3.75,7.5,0.0,0.0,0.0,0.0,0.0,0.0,0.0,0.0,0.0,4.6875,11.25,9.375,10.3125,7.5,0.0
334,9,0.0,0.0,0.0,0.0,0.0,-7.5,0.0,0.0,0.0,0.0,0.0,-7.5,0.0,1.875,0.9375,0.0,-2.8125,0.0,-3.75,0.0,0.0,-6.5625,8.4375,0.0,0.0,11.25,3.75,0.0,0.9375,3.75,0.0,0.0,9.375,-3.75,0.0,0.0,-3.75,3.75,11.25,1.875,0.0,0.0,-3.75,3.75,12.1875,0.0,3.75,-3.75,0.0,0.0,0.0,0.0,0.0,7.5,0.0,3.75,0.0,-3.75,3.75,0.0,0.0,0.0,0.0,3.75,11.25,7.5,7.5,7.5,0.0
334,10,0.0,0.0,0.0,0.0,0.0,-6.5625,0.0,0.0,0.0,0.0,0.0,-7.5,0.0,0.9375,0.9375,0.0,-1.875,0.0,-3.75,0.0,0.0,-5.625,7.5,0.0,0.0,7.5,3.75,0.0,0.9375,3.75,0.0,0.0,7.5,-3.75,0.0,0.0,-3.75,3.75,9.375,1.875,0.0,0.0,-3.75,3.75,0.9375,0.0,3.75,-1.875,0.0,0.0,0.0,0.0,0.0,3.75,0.0,1.875,0.0,-1.875,3.75,0.0,0.0,0.0,0.0,3.75,9.375,7.5,7.5,7.5,0.0
334,11,0.0,0.0,0.0,0.0,0.0,-6.5625,0.0,0.0,0.0,0.0,0.0,-7.5,0.0,0.9375,0.0,0.0,-1.875,0.0,-3.75,0.0,0.0,-3.75,7.5,0.0,0.0,8.4375,3.75,0.0,0.0,3.75,0.0,0.0,7.5,-2.8125,0.0,0.0,-3.75,3.75,9.375,0.9375,0.0,0.0,-2.8125,3.75,3.75,0.0,3.75,-1.875,0.0,0.0,0.0,0.0,0.9375,3.75,0.0,0.0,0.0,-1.875,3.75,0.0,0.0,0.0,0.0,3.75,9.375,7.5,7.5,7.5,0.0
335,9,0.0,0.0,0.0,0.0,0.0,-5.625,0.0,0.0,0.0,0.0,0.0,-7.5,0.0,0.0,0.0,0.0,-3.75,3.75,-6.5625,0.0,0.0,-7.5,7.5,0.0,0.0,11.25,3.75,0.0,0.9375,3.75,0.0,0.0,7.5,-3.75,0.0,0.0,-3.75,3.75,11.25,0.9375,0.0,0.0,-3.75,3.75,15.0,0.0,3.75,-7.5,0.0,0.0,0.0,0.0,0.0,3.75,0.0,0.0,0.0,-2.8125,7.5,0.0,0.0,0.0,0.0,0.9375,11.25,7.5,7.5,3.75,0.0
335,10,0.0,0.0,0.0,0.0,0.0,-3.75,0.0,0.0,0.0,0.0,0.0,-3.75,0.0,0.0,0.0,0.0,-1.875,0.9375,-3.75,0.0,0.0,-6.5625,7.5,0.0,0.0,7.5,3.75,0.0,0.0,3.75,0.0,0.0,5.625,-1.875,0.0,0.0,-3.75,3.75,7.5,0.0,0.0,0.0,-3.75,3.75,7.5,0.0,3.75,-5.625,0.0,0.0,0.0,0.0,0.0,3.75,0.0,0.0,0.0,-1.875,3.75,0.0,0.0,0.0,0.0,0.9375,8.4375,5.625,6.5625,3.75,0.0
335,11,0.0,0.0,0.0,0.0,0.0,-3.75,0.0,0.0,0.0,0.0,0.0,-3.75,0.0,0.0,0.0,0.0,-1.875,0.9375,-3.75,0.0,0.0,-6.5625,7.5,0.0,0.0,7.5,1.875,0.0,0.0,3.75,0.0,0.0,7.5,-1.875,0.0,0.0,-3.75,3.75,7.5,0.0,0.0,0.0,-3.75,3.75,7.5,0.0,3.75,-3.75,0.0,0.0,0.0,0.0,0.0,3.75,0.0,0.0,0.0,-1.875,3.75,0.0,0.0,0.0,0.0,0.9375,7.5,5.625,5.625,3.75,0.0
336,9,0.0,0.0,0.0,0.0,0.0,0.0,0.0,0.0,0.0,0.0,0.0,-1.875,0.0,0.0,0.0,0.0,-6.5625,3.75,-3.75,0.0,-1.875,-7.5,7.5,0.0,0.0,7.5,0.0,0.0,0.0,0.9375,0.0,0.0,3.75,-1.875,0.0,0.0,-6.5625,3.75,7.5,0.0,0.0,0.0,-3.75,3.75,15.0,0.0,3.75,-9.375,0.0,0.0,0.0,0.0,0.0,0.9375,0.0,0.0,0.0,-3.75,3.75,0.0,0.0,0.0,0.0,0.0,8.4375,3.75,3.75,0.9375,0.0
336,10,0.0,0.0,0.0,0.0,0.0,0.0,0.0,0.0,0.0,0.0,0.0,0.0,0.0,0.0,0.0,0.0,-5.625,3.75,-3.75,0.0,-1.875,-3.75,7.5,0.0,0.0,7.5,0.0,0.0,0.0,0.9375,0.0,0.0,3.75,0.0,0.0,0.0,-5.625,3.75,7.5,0.0,0.0,0.0,-3.75,3.75,11.25,0.0,3.75,-7.5,0.0,0.0,0.0,0.0,-1.875,0.0,0.0,0.0,0.0,0.0,3.75,0.0,0.0,0.0,0.0,0.0,7.5,3.75,4.6875,0.9375,0.0
336,11,0.0,0.0,0.0,0.0,0.0,0.0,0.0,0.0,0.0,0.0,0.0,0.0,0.0,0.0,0.0,0.0,-3.75,3.75,-3.75,0.0,-1.875,-6.5625,7.5,0.0,0.0,7.5,0.0,0.0,0.0,0.9375,0.0,0.0,3.75,0.0,0.0,0.0,-5.625,3.75,7.5,0.0,0.0,0.0,-3.75,3.75,11.25,0.0,3.75,-7.5,0.0,0.0,0.0,0.0,0.0,0.0,0.0,0.0,0.0,-1.875,3.75,0.0,0.0,0.0,0.0,0.0,7.5,3.75,3.75,0.9375,0.0
337,9,0.0,0.0,0.0,0.0,0.0,4.6875,0.0,0.0,0.0,0.0,0.0,3.75,0.0,0.0,0.0,0.0,-7.5,3.75,-3.75,0.0,-3.75,-7.5,4.6875,0.0,0.0,6.5625,0.0,0.0,0.0,0.0,-2.8125,0.0,1.875,0.0,0.0,0.0,-10.3125,0.9375,7.5,-1.875,0.0,0.0,-3.75,1.875,15.0,0.0,0.9375,-11.25,0.0,0.0,0.0,0.0,-1.875,0.0,0.0,-3.75,0.0,-1.875,3.75,0.0,0.0,0.0,0.0,-3.75,7.5,3.75,3.75,0.0,0.0
337,10,0.0,0.0,0.0,0.0,0.0,3.75,0.0,0.0,0.0,0.0,0.0,2.8125,0.0,0.0,0.0,0.0,-5.625,0.9375,0.0,0.0,-2.8125,-3.75,3.75,0.0,0.0,5.625,0.0,0.0,0.0,0.0,-1.875,0.0,0.9375,0.0,0.0,0.0,-7.5,0.9375,4.6875,-1.875,0.0,0.0,-1.875,0.9375,11.25,0.0,0.9375,-7.5,0.0,0.0,0.0,0.0,-1.875,0.0,0.0,0.0,0.0,-1.875,3.75,0.0,0.0,0.0,0.0,-1.875,7.5,3.75,3.75,0.0,0.0
337,11,0.0,0.0,0.0,0.0,0.0,3.75,0.0,0.0,0.0,0.0,0.0,3.75,0.0,0.0,0.0,0.0,-5.625,3.75,0.0,0.0,-2.8125,-3.75,3.75,0.0,0.0,4.6875,0.0,0.0,0.0,0.0,0.0,0.0,0.9375,0.0,0.0,0.0,-7.5,0.9375,4.6875,0.0,0.0,0.0,-3.75,0.9375,11.25,0.0,0.9375,-7.5,0.0,0.0,0.0,0.0,0.0,0.0,0.0,-3.75,0.0,0.0,3.75,0.0,0.0,0.0,0.0,-1.875,7.5,1.875,3.75,0.0,0.0
338,9,0.0,0.0,0.0,-0.9375,0.0,7.5,0.0,0.0,0.0,0.0,0.0,4.6875,0.0,-1.875,0.0,0.0,-7.5,3.75,1.875,0.0,-3.75,-3.75,3.75,0.0,0.0,3.75,0.0,0.0,0.0,0.0,-1.875,0.0,0.0,0.0,-1.875,0.0,-10.3125,0.0,3.75,-1.875,0.0,0.0,-1.875,0.0,12.1875,0.0,0.0,-14.0625,0.0,-1.875,0.0,0.0,0.0,0.0,0.0,-7.5,0.0,0.0,3.75,0.0,0.0,0.0,0.0,-5.625,7.5,0.0,0.9375,0.0,0.0
338,10,0.0,0.0,0.0,0.0,0.0,5.625,0.0,0.0,0.0,0.0,0.0,3.75,0.0,-0.9375,0.0,0.0,-6.5625,3.75,3.75,0.0,-3.75,0.0,2.8125,0.0,0.0,3.75,0.0,0.0,0.0,0.0,-0.9375,0.0,0.0,0.0,0.0,0.0,-7.5,0.0,3.75,-0.9375,0.0,0.0,-1.875,0.0,8.4375,0.0,0.0,-11.25,0.0,0.0,0.0,0.0,-1.875,0.0,0.0,-3.75,0.0,0.0,2.8125,0.0,0.0,0.0,0.0,-3.75,7.5,0.0,1.875,0.0,0.0
338,11,0.0,0.0,0.0,0.0,0.0,4.6875,0.0,0.0,0.0,0.0,0.0,3.75,0.0,0.0,0.0,0.0,-7.5,3.75,3.75,0.0,-3.75,0.0,3.75,0.0,0.0,3.75,0.0,0.0,0.0,0.0,0.0,0.0,0.0,0.0,0.0,0.0,-7.5,0.0,3.75,0.0,0.0,0.0,-1.875,0.0,8.4375,0.0,0.0,-11.25,0.0,-1.875,0.0,0.0,-1.875,0.0,0.0,-3.75,0.0,0.0,3.75,0.0,0.0,0.0,0.0,-3.75,4.6875,0.0,0.9375,0.0,0.0
339,9,0.0,0.0,0.0,-2.8125,0.0,7.5,0.0,0.0,0.0,0.0,0.0,3.75,0.0,-2.8125,0.0,0.0,-11.25,3.75,5.625,0.0,-6.5625,5.625,0.0,0.0,0.0,3.75,0.0,0.0,0.0,0.0,0.0,0.0,0.0,0.0,-1.875,0.0,-11.25,0.0,3.75,0.0,0.0,0.0,-1.875,0.0,10.3125,0.0,0.0,-14.0625,0.0,-3.75,0.0,0.0,0.0,0.0,0.0,-11.25,0.0,0.0,0.0,0.0,0.0,0.0,0.0,-7.5,5.625,0.0,0.9375,-3.75,0.0
339,10,0.0,0.0,0.0,-1.875,0.0,7.5,0.0,0.0,0.0,0.0,0.0,3.75,0.0,-1.875,0.0,0.0,-7.5,3.75,4.6875,0.0,-3.75,3.75,0.0,0.0,0.0,1.875,0.0,0.0,0.0,0.0,0.0,0.0,0.0,0.0,0.0,0.0,-6.5625,0.0,1.875,0.0,0.0,0.0,-2.8125,0.0,7.5,0.0,0.0,-11.25,0.0,-2.8125,0.0,0.0,-1.875,0.0,0.0,-7.5,0.0,0.0,0.0,0.0,0.0,0.0,0.0,-6.5625,3.75,0.0,0.9375,-1.875,0.0
339,11,0.0,0.0,0.0,-1.875,0.0,5.625,0.0,0.0,0.0,0.0,0.0,3.75,0.0,-1.875,0.0,0.0,-7.5,3.75,7.5,0.0,-3.75,3.75,0.0,0.0,0.0,1.875,0.0,0.0,0.0,0.0,0.0,0.0,0.0,0.0,0.0,0.0,-7.5,0.0,1.875,0.0,0.0,0.0,0.0,0.0,7.5,0.0,0.0,-11.25,0.0,-3.75,0.0,0.0,-1.875,0.0,0.0,-7.5,0.0,0.0,0.0,0.0,0.0,0.0,0.0,-6.5625,3.75,0.0,0.0,-1.875,0.0
340,9,0.0,0.0,0.0,-3.75,0.0,7.5,0.0,0.0,0.0,0.0,0.0,1.875,0.0,-3.75,0.0,0.0,-10.3125,3.75,5.625,0.0,-7.5,7.5,0.0,0.0,0.0,0.0,3.75,0.0,-1.875,-1.875,0.9375,0.0,-3.75,0.0,0.0,0.0,-11.25,0.0,0.0,-3.75,0.0,0.0,0.0,0.0,7.5,0.0,-1.875,-15.0,0.0,-3.75,0.0,0.0,0.0,0.0,0.0,-15.0,0.0,3.75,0.0,0.0,0.0,0.0,0.0,-10.3125,7.5,0.0,0.0,-3.75,0.0
340,10,0.0,0.0,0.0,-3.75,0.0,3.75,0.0,0.0,0.0,0.0,0.0,0.9375,0.0,-3.75,0.0,0.0,-7.5,3.75,5.625,0.0,-6.5625,7.5,0.0,0.0,0.0,0.0,0.0,0.0,-1.875,-1.875,0.9375,0.0,-1.875,0.0,0.0,0.0,-1.875,0.0,0.0,-1.875,0.0,0.0,0.0,0.0,4.6875,0.0,-1.875,-11.25,0.0,-3.75,0.0,0.0,0.0,0.0,0.0,-11.25,0.0,0.9375,0.0,0.0,0.0,0.0,0.0,-6.5625,3.75,0.0,0.0,-1.875,0.0
340,11,0.0,0.0,0.0,-3.75,0.0,3.75,0.0,0.0,0.0,0.0,0.0,0.9375,0.0,-3.75,0.0,0.0,-7.5,0.9375,7.5,0.0,-6.5625,4.6875,0.0,0.0,0.0,0.0,0.0,0.0,0.0,-1.875,0.0,0.0,-1.875,0.0,0.0,0.0,-3.75,0.0,0.0,-1.875,0.0,0.0,0.0,0.0,5.625,0.0,0.0,-11.25,0.0,-3.75,0.0,0.0,-1.875,0.0,0.0,-11.25,0.0,0.9375,0.0,0.0,0.0,0.0,0.0,-7.5,3.75,0.0,0.0,-1.875,0.0
341,9,0.0,0.0,0.0,-6.5625,0.0,3.75,0.0,-1.875,0.0,0.0,0.0,0.0,0.0,-3.75,0.0,0.0,-7.5,0.9375,4.6875,0.0,-5.625,7.5,0.0,0.0,0.0,0.0,0.9375,0.0,0.0,-1.875,1.875,0.9375,-3.75,0.0,0.0,0.0,3.75,0.0,0.0,-3.75,0.0,0.0,-1.875,0.0,5.625,0.0,0.0,-15.0,0.0,-6.5625,0.0,0.0,0.0,-1.875,0.0,-15.0,0.0,3.75,0.9375,0.0,0.0,0.0,0.0,-11.25,5.625,0.0,0.0,-1.875,0.0
341,10,0.0,0.0,0.0,-3.75,0.0,3.75,0.0,-1.875,0.0,0.0,0.0,0.0,0.0,-3.75,0.0,0.0,-3.75,0.0,4.6875,0.0,-3.75,3.75,0.0,0.0,0.0,0.0,0.0,0.0,0.0,-1.875,0.9375,0.0,-3.75,0.0,0.0,0.0,3.75,0.0,0.0,-3.75,0.0,0.0,-0.9375,0.0,3.75,0.0,-0.9375,-11.25,0.0,-3.75,0.0,0.0,0.0,-3.75,0.0,-11.25,0.0,1.875,0.0,0.0,0.0,0.0,0.0,-7.5,1.875,0.0,0.0,0.0,0.0
341,11,0.0,0.0,0.0,-3.75,0.0,3.75,0.0,-0.9375,0.0,0.0,0.0,0.0,0.0,-3.75,0.0,0.0,-5.625,0.0,4.6875,0.0,-6.5625,3.75,0.0,0.0,0.0,0.0,0.0,0.0,0.0,-1.875,0.9375,0.0,-3.75,0.0,0.0,0.0,3.75,0.0,0.0,-3.75,0.0,0.0,0.0,0.0,3.75,0.0,0.0,-11.25,0.0,-6.5625,0.0,0.0,0.0,-1.875,0.0,-11.25,0.0,3.75,0.0,0.0,0.0,0.0,0.0,-7.5,0.9375,0.0,0.0,0.0,0.0
342,9,0.0,0.0,0.0,-7.5,0.0,3.75,0.0,-3.75,0.0,0.0,0.0,0.0,0.0,-7.5,-1.875,0.0,-3.75,0.0,3.75,0.0,-1.875,3.75,-1.875,0.0,0.0,0.0,0.9375,0.0,3.75,-2.8125,0.9375,3.75,-3.75,0.0,-1.875,0.0,9.375,0.0,0.0,-3.75,0.0,0.0,0.0,0.0,3.75,0.0,0.0,-15.0,0.0,-7.5,0.0,0.0,0.9375,-3.75,0.0,-15.0,0.0,1.875,0.0,0.0,0.0,0.0,0.0,-7.5,0.0,0.0,0.0,-1.875,0.0
342,10,0.0,0.0,0.0,-7.5,0.0,3.75,0.0,-2.8125,0.0,0.0,0.0,0.0,0.0,-6.5625,-1.875,0.0,0.0,0.0,4.6875,0.0,-1.875,3.75,-1.875,0.0,0.0,0.0,0.9375,0.0,3.75,-1.875,0.9375,3.75,-3.75,0.0,-0.9375,0.0,7.5,0.0,0.0,-2.8125,0.0,0.0,0.0,0.0,3.75,0.0,0.0,-11.25,0.0,-3.75,0.0,0.0,0.0,-3.75,0.0,-11.25,0.0,0.9375,0.0,0.0,0.0,0.0,0.0,-7.5,0.0,0.0,0.0,0.0,0.0
342,11,0.0,0.0,0.0,-7.5,0.0,3.75,0.0,-2.8125,0.0,0.0,0.0,0.0,0.0,-6.5625,-1.875,0.0,-1.875,0.0,3.75,0.0,-3.75,3.75,0.0,0.0,0.0,0.0,0.0,0.0,0.9375,-1.875,0.9375,1.875,-3.75,0.0,0.0,0.0,7.5,0.0,0.0,-1.875,0.0,0.0,0.0,0.0,3.75,0.0,0.0,-11.25,0.0,-6.5625,0.0,0.0,0.0,-3.75,0.0,-11.25,0.0,0.9375,0.0,0.0,0.0,0.0,0.0,-7.5,0.0,0.0,0.0,0.0,0.0
343,9,0.0,0.0,0.0,-10.3125,0.0,0.9375,0.0,-3.75,0.0,0.0,0.0,0.0,0.0,-10.3125,-3.75,0.0,3.75,0.0,3.75,0.0,5.625,3.75,-2.8125,0.0,0.0,0.0,1.875,0.0,3.75,-1.875,0.9375,3.75,-3.75,0.0,-3.75,0.0,8.4375,0.0,0.0,-1.875,0.0,0.0,0.9375,0.0,1.875,0.0,0.0,-11.25,0.0,-7.5,0.0,0.0,3.75,-3.75,0.0,-16.875,0.0,0.0,0.0,0.0,0.0,0.9375,0.0,-3.75,0.0,0.9375,1.875,0.0,0.0
343,10,0.0,0.0,0.0,-7.5,0.0,0.9375,0.0,-3.75,0.0,0.0,0.0,0.0,0.0,-8.4375,-3.75,0.0,3.75,0.0,3.75,0.0,1.875,3.75,-1.875,0.0,0.0,0.0,0.9375,0.0,3.75,-1.875,0.9375,3.75,-1.875,0.0,-1.875,0.0,7.5,0.0,0.0,0.0,0.0,0.0,0.9375,0.0,0.9375,0.0,0.0,-3.75,0.0,-5.625,0.0,0.0,1.875,-3.75,0.0,-11.25,0.0,0.0,0.0,0.0,0.0,0.9375,0.0,-3.75,0.0,0.9375,0.9375,0.0,0.0
343,11,0.0,0.0,0.0,-7.5,0.0,0.9375,0.0,-3.75,0.0,0.0,0.0,0.0,0.0,-7.5,-3.75,0.0,3.75,0.0,3.75,0.0,0.9375,3.75,-1.875,0.0,0.0,0.0,0.0,0.0,3.75,-1.875,0.0,1.875,0.0,0.0,-2.8125,0.0,7.5,0.0,0.0,0.0,0.0,0.0,0.9375,0.0,0.0,0.0,0.0,0.0,0.0,-7.5,0.0,0.0,0.0,-3.75,0.0,-11.25,0.0,0.0,0.0,0.0,0.0,0.0,0.0,-3.75,0.0,0.0,1.875,0.0,0.0
344,9,0.0,0.0,0.0,-11.25,0.0,0.0,0.0,-3.75,-1.875,0.0,0.0,0.0,0.0,-13.125,-3.75,0.0,4.6875,0.0,3.75,0.0,7.5,3.75,-1.875,-1.875,0.0,0.0,0.0,0.0,3.75,0.0,0.0,3.75,0.0,0.0,-3.75,0.0,7.5,0.0,-1.875,-1.875,0.0,0.0,0.0,0.0,0.0,0.0,0.0,5.625,0.0,-1.875,0.0,0.0,3.75,-3.75,0.0,-15.0,0.0,0.0,0.0,0.0,0.0,3.75,0.0,7.5,-1.875,3.75,0.0,0.0,0.0
344,10,0.0,0.0,0.0,-10.3125,0.0,0.0,0.0,-3.75,-1.875,0.0,0.0,0.0,0.0,-11.25,-3.75,0.0,4.6875,0.0,3.75,0.0,4.6875,1.875,-1.875,-1.875,0.0,0.0,0.0,0.0,3.75,0.0,0.0,0.9375,0.0,0.0,-2.8125,0.0,7.5,0.0,-1.875,0.0,0.0,0.0,0.0,0.0,0.0,0.0,0.0,7.5,0.0,-1.875,0.0,0.0,0.9375,-3.75,0.0,-5.625,0.0,-0.9375,0.0,0.0,0.0,3.75,0.0,0.0,0.0,3.75,0.0,0.0,0.0
344,11,0.0,0.0,0.0,-10.3125,0.0,0.0,0.0,-3.75,0.0,0.0,0.0,0.0,0.0,-9.375,-3.75,0.0,4.6875,0.0,3.75,0.0,4.6875,1.875,-1.875,-1.875,0.0,0.0,0.0,0.0,3.75,0.0,0.0,0.9375,0.0,0.0,-3.75,0.0,7.5,0.0,0.0,0.0,0.0,0.0,0.0,0.0,0.0,0.0,0.0,7.5,0.0,-2.8125,0.0,0.0,0.9375,-3.75,0.0,0.0,0.0,-1.875,0.0,0.0,0.0,3.75,0.0,0.0,0.0,3.75,0.0,0.0,0.0
345,9,0.0,0.0,0.0,-11.25,0.0,0.0,0.0,-6.5625,-3.75,0.0,0.0,3.75,0.0,-15.0,-7.5,0.0,4.6875,0.0,0.9375,0.0,8.4375,0.0,0.0,-3.75,0.0,0.0,0.0,0.0,1.875,0.0,0.0,0.0,0.0,-1.875,-7.5,0.0,7.5,0.0,-3.75,-3.75,0.0,0.0,-1.875,0.0,0.0,0.0,0.0,11.25,0.0,8.4375,0.0,-2.8125,0.9375,-1.875,0.0,7.5,0.0,-5.625,0.0,0.0,0.0,3.75,0.0,8.4375,-5.625,3.75,0.0,0.0,0.0
345,10,0.0,0.0,0.0,-11.25,0.0,0.0,0.0,-3.75,-3.75,0.0,0.0,3.75,0.0,-11.25,-5.625,0.0,3.75,0.0,0.9375,0.0,7.5,0.0,0.0,-3.75,0.0,0.0,0.0,0.0,0.9375,0.0,0.0,0.0,0.0,0.0,-3.75,0.0,7.5,0.0,-2.8125,-2.8125,0.0,0.0,-1.875,0.0,0.0,0.0,0.0,11.25,0.0,7.5,0.0,-1.875,0.9375,-3.75,0.0,3.75,0.0,-3.75,0.0,0.0,0.0,0.9375,0.0,3.75,-3.75,3.75,0.0,0.0,0.0
345,11,0.0,0.0,0.0,-11.25,0.0,0.0,0.0,-3.75,-3.75,0.0,0.0,3.75,0.0,-11.25,-5.625,0.0,4.6875,0.0,0.9375,0.0,7.5,0.0,0.0,-3.75,0.0,0.0,0.0,0.0,0.9375,0.0,0.0,0.0,0.0,0.0,-3.75,0.0,5.625,0.0,-1.875,-1.875,0.0,0.0,0.0,0.0,0.0,0.0,0.0,11.25,0.0,7.5,0.0,-1.875,0.0,-1.875,0.0,7.5,0.0,-3.75,0.0,0.0,0.0,0.9375,0.0,3.75,-1.875,3.75,0.0,0.0,0.0
346,9,0.0,0.0,0.0,-14.0625,0.0,0.0,0.0,-3.75,-3.75,0.0,0.0,4.6875,0.0,-15.0,-7.5,0.0,3.75,0.0,0.0,0.0,8.4375,0.0,0.0,-3.75,0.0,0.0,0.0,0.0,0.0,0.0,-1.875,0.0,0.0,-1.875,-9.375,0.0,4.6875,0.0,-1.875,0.0,0.0,0.0,-3.75,0.0,0.0,0.0,0.0,11.25,-2.8125,11.25,0.0,-3.75,0.0,0.0,0.0,11.25,0.0,-11.25,0.0,0.0,0.0,3.75,0.0,5.625,0.0,3.75,0.0,0.0,0.0
346,10,0.0,0.0,0.0,-7.5,0.0,0.0,0.0,-3.75,-3.75,0.0,0.0,3.75,0.0,-11.25,-7.5,0.0,3.75,0.0,0.0,0.0,7.5,0.0,0.0,-3.75,0.0,0.0,0.0,0.0,0.0,0.9375,-1.875,0.0,0.0,-1.875,-7.5,0.0,3.75,0.0,-1.875,0.0,0.0,0.0,-3.75,0.0,0.0,0.0,0.0,11.25,-1.875,7.5,0.0,-3.75,0.0,0.0,0.0,7.5,0.0,-7.5,0.0,0.0,0.0,0.9375,0.0,3.75,0.0,3.75,0.0,0.0,0.0
346,11,0.0,0.0,0.0,-9.375,0.0,0.0,0.0,-3.75,-3.75,0.0,0.0,3.75,0.0,-11.25,-7.5,0.0,3.75,0.0,0.0,0.0,7.5,0.0,0.0,-3.75,0.0,0.0,0.0,0.0,0.0,0.0,-1.875,0.0,0.0,-1.875,-7.5,0.0,3.75,0.0,-1.875,0.0,0.0,0.0,-3.75,0.0,0.0,0.0,0.0,11.25,-1.875,7.5,0.0,-3.75,0.0,0.0,0.0,7.5,0.0,-7.5,0.0,0.0,0.0,0.9375,0.0,3.75,0.0,3.75,0.0,0.0,0.0
347,9,0.0,0.0,0.0,-11.25,0.0,0.0,0.0,-1.875,-6.5625,-1.875,0.0,5.625,0.0,-13.125,-9.375,0.0,3.75,0.0,0.0,0.0,7.5,0.0,0.0,-6.5625,0.0,-1.875,0.0,0.0,-3.75,0.9375,-3.75,-3.75,0.0,-1.875,-7.5,0.0,3.75,0.0,0.0,0.0,0.0,0.0,-3.75,0.0,0.0,0.0,0.0,11.25,-3.75,11.25,0.0,-4.6875,0.0,0.0,0.0,11.25,-2.8125,-13.125,0.0,0.0,0.0,4.6875,0.0,4.6875,3.75,1.875,0.0,0.0,0.0
347,10,0.0,0.0,0.0,-3.75,0.0,0.0,0.0,-1.875,-6.5625,-1.875,0.0,3.75,0.0,-3.75,-7.5,0.0,2.8125,0.0,0.0,0.0,4.6875,0.0,0.0,-5.625,0.0,-1.875,0.0,0.0,-3.75,0.9375,-3.75,-3.75,0.0,-1.875,-3.75,0.0,3.75,0.0,-1.875,0.0,0.0,0.0,-3.75,0.0,0.0,0.0,0.0,8.4375,-3.75,7.5,0.0,-3.75,0.0,0.0,0.0,4.6875,-2.8125,-7.5,0.0,0.0,0.0,3.75,0.0,0.0,3.75,0.9375,0.0,0.0,0.0
347,11,0.0,0.0,0.0,-3.75,0.0,0.0,0.0,0.0,-6.5625,-1.875,0.0,3.75,0.0,-5.625,-7.5,0.0,3.75,0.0,0.0,0.0,4.6875,0.0,0.0,-3.75,0.0,0.0,0.0,0.0,-3.75,0.9375,-3.75,-3.75,0.0,0.0,-6.5625,0.0,3.75,0.0,-1.875,0.0,0.0,0.0,-3.75,0.0,0.0,0.0,0.0,8.4375,-3.75,7.5,0.0,-3.75,0.0,0.0,0.0,7.5,-1.875,-10.3125,0.0,0.0,0.0,3.75,0.0,3.75,3.75,0.9375,0.0,0.0,0.0
348,9,0.0,0.0,0.0,11.25,0.0,0.0,0.0,3.75,-7.5,-3.75,0.0,4.6875,0.0,11.25,-10.3125,0.0,0.0,0.0,0.0,0.0,4.6875,-1.875,0.0,-7.5,0.0,0.0,0.0,0.0,-3.75,0.0,-3.75,-6.5625,0.0,-1.875,-1.875,0.0,0.9375,0.0,-1.875,0.0,0.0,0.0,-7.5,0.0,0.0,0.0,-3.75,7.5,-6.5625,9.375,0.0,-6.5625,0.0,0.0,0.0,7.5,-3.75,-15.0,0.0,-1.875,0.0,3.75,0.0,0.0,7.5,1.875,0.0,0.0,0.0
348,10,0.0,0.0,0.0,3.75,0.0,0.0,0.0,0.9375,-7.5,-2.8125,0.0,3.75,0.0,8.4375,-6.5625,0.0,0.0,0.0,0.0,0.0,3.75,-1.875,0.0,-7.5,0.0,0.0,0.0,0.0,-3.75,0.0,-3.75,-3.75,0.0,0.0,0.0,0.0,0.0,0.0,-3.75,0.0,0.0,0.0,-3.75,0.0,0.0,0.0,-1.875,7.5,-5.625,5.625,0.0,-6.5625,0.0,0.0,0.0,5.625,-3.75,-11.25,0.0,-1.875,0.0,3.75,0.0,0.0,4.6875,0.9375,0.0,0.0,0.0
348,11,0.0,0.0,0.0,3.75,0.0,0.0,0.0,0.9375,-7.5,-2.8125,0.0,3.75,0.0,7.5,-7.5,0.0,0.9375,0.0,0.0,0.0,3.75,-1.875,0.0,-7.5,0.0,0.0,0.0,0.0,-3.75,0.0,-3.75,-3.75,0.0,0.0,0.0,0.0,0.0,0.0,-1.875,0.0,0.0,0.0,-3.75,0.0,0.0,0.0,-1.875,7.5,-3.75,7.5,0.0,-5.625,0.0,0.0,0.0,7.5,-3.75,-11.25,0.0,-1.875,0.0,0.9375,0.0,0.0,3.75,0.0,0.0,0.0,0.0
349,9,0.0,0.0,0.0,13.125,0.0,0.0,0.0,3.75,-10.3125,-3.75,0.0,3.75,0.0,13.125,-7.5,0.0,0.0,0.0,0.0,0.0,3.75,-1.875,0.0,-8.4375,0.0,0.0,0.0,0.0,-7.5,0.0,-6.5625,-7.5,0.0,0.0,7.5,0.0,0.0,0.0,-3.75,0.0,0.0,0.0,-10.3125,0.0,-1.875,0.0,-1.875,7.5,-7.5,7.5,0.0,-7.5,-3.75,0.0,0.0,7.5,-3.75,-16.875,0.0,-3.75,-1.875,0.0,0.0,3.75,7.5,0.0,0.0,0.0,-1.875
349,10,0.0,0.0,0.0,8.4375,0.0,0.0,0.0,3.75,-9.375,-3.75,0.0,3.75,0.0,11.25,-3.75,0.0,0.0,0.0,0.0,0.0,3.75,-2.8125,0.0,-7.5,0.0,0.0,0.0,0.0,-6.5625,0.0,-3.75,-6.5625,0.0,0.0,4.6875,0.0,0.0,0.0,-3.75,0.0,0.0,0.0,-7.5,0.0,-1.875,0.0,-1.875,7.5,-7.5,4.6875,0.0,-6.5625,-2.8125,0.0,0.0,5.625,-3.75,-14.0625,0.0,-3.75,-1.875,0.0,0.0,0.9375,3.75,0.0,0.0,0.0,0.0
349,11,0.0,0.0,0.0,8.4375,0.0,0.0,0.0,3.75,-7.5,-3.75,0.0,3.75,0.0,11.25,-3.75,0.0,0.0,0.0,0.0,0.0,3.75,-1.875,0.0,-7.5,0.0,0.0,0.0,0.0,-3.75,0.0,-3.75,-6.5625,0.0,0.0,7.5,0.0,0.0,0.0,-3.75,0.0,0.0,0.0,-7.5,0.0,0.0,0.0,-1.875,5.625,-7.5,5.625,0.0,-7.5,-2.8125,0.0,0.0,4.6875,-3.75,-15.0,0.0,-3.75,0.0,0.0,0.0,0.0,3.75,0.0,0.0,0.0,0.0
350,9,0.0,0.0,0.0,11.25,0.0,0.0,0.0,4.6875,-11.25,-7.5,0.0,3.75,0.0,13.125,-2.8125,0.0,0.0,-1.875,0.0,0.0,0.9375,-1.875,0.0,-10.3125,0.0,0.0,0.0,0.0,-8.4375,0.0,-3.75,-9.375,0.0,0.0,11.25,-1.875,0.0,-1.875,-1.875,0.0,0.0,0.0,-7.5,-2.8125,0.0,0.0,0.0,5.625,-10.3125,4.6875,0.0,-7.5,-3.75,0.0,0.0,3.75,-6.5625,-15.0,0.0,-3.75,-3.75,-1.875,0.0,3.75,3.75,0.0,0.0,0.0,-1.875
350,10,0.0,0.0,0.0,9.375,0.0,0.0,0.0,3.75,-10.3125,-7.5,0.0,1.875,0.0,12.1875,0.0,0.0,0.0,-1.875,0.0,0.0,0.9375,-1.875,0.0,-10.3125,0.0,0.0,0.0,0.0,-7.5,0.0,-3.75,-7.5,0.0,0.0,7.5,-1.875,0.0,0.0,-1.875,0.0,0.0,0.0,-3.75,-1.875,0.0,0.0,0.0,4.6875,-7.5,3.75,0.0,-7.5,-3.75,0.0,0.0,3.75,-6.5625,-13.125,0.0,-3.75,-2.8125,-1.875,0.0,0.0,3.75,0.0,0.0,0.0,0.0
350,11,0.0,0.0,0.0,10.3125,0.0,0.0,0.0,3.75,-10.3125,-7.5,0.0,0.9375,0.0,11.25,0.0,0.0,0.0,-1.875,0.0,0.0,0.9375,-1.875,0.0,-7.5,0.0,0.0,0.0,0.0,-7.5,0.0,-3.75,-7.5,0.0,0.0,7.5,0.0,0.0,0.0,-1.875,0.0,0.0,0.0,-3.75,-1.875,0.0,0.0,0.0,4.6875,-7.5,3.75,0.0,-7.5,-3.75,0.0,0.0,3.75,-6.5625,-13.125,0.0,-3.75,-2.8125,-2.8125,0.0,3.75,3.75,0.0,0.0,0.0,0.0
351,9,0.0,0.0,0.0,11.25,0.0,0.0,0.0,3.75,-11.25,-10.3125,0.0,0.9375,0.0,11.25,3.75,0.0,0.0,-3.75,0.0,0.0,0.0,0.0,0.0,-7.5,0.0,0.0,0.0,0.0,-11.25,0.0,-3.75,-7.5,1.875,0.0,7.5,-3.75,0.0,-1.875,0.0,0.0,0.0,0.0,0.0,-3.75,0.0,0.0,0.0,4.6875,-11.25,3.75,0.0,-6.5625,-6.5625,0.0,0.0,3.75,-7.5,-16.875,0.0,-7.5,-3.75,-3.75,-1.875,4.6875,3.75,0.0,0.0,0.0,0.0
351,10,0.0,0.0,0.0,9.375,0.0,0.0,0.0,3.75,-11.25,-8.4375,0.0,0.9375,0.0,11.25,3.75,0.0,0.0,-2.8125,0.0,0.0,0.0,0.0,0.0,-7.5,0.0,-0.9375,0.0,0.0,-6.5625,0.0,-1.875,-6.5625,0.0,0.0,7.5,-3.75,0.0,0.0,0.0,-0.9375,0.0,0.0,0.0,-3.75,0.9375,0.0,0.0,3.75,-11.25,0.9375,0.0,-5.625,-5.625,0.0,0.0,3.75,-7.5,-11.25,0.0,-6.5625,-3.75,-2.8125,-1.875,3.75,3.75,0.0,0.0,0.0,0.0
351,11,0.0,0.0,0.0,8.4375,0.0,0.0,0.0,3.75,-11.25,-7.5,0.0,0.0,0.0,11.25,3.75,0.0,0.0,-2.8125,0.0,0.0,0.0,0.0,0.0,-7.5,0.0,0.0,0.0,0.0,-6.5625,0.0,0.0,-5.625,0.0,0.0,7.5,-3.75,0.0,0.0,0.0,0.0,0.0,0.0,0.0,-2.8125,0.0,0.0,0.0,3.75,-11.25,3.75,0.0,-3.75,-5.625,0.0,0.0,3.75,-7.5,-11.25,0.0,-6.5625,-3.75,-3.75,0.0,3.75,3.75,0.0,0.0,0.0,0.0
352,9,0.0,0.0,0.0,8.4375,0.0,-1.875,0.0,3.75,-11.25,-11.25,0.0,0.0,0.0,11.25,7.5,0.0,0.0,-3.75,0.0,0.0,0.0,0.0,0.0,-3.75,0.0,-2.8125,0.0,0.0,-7.5,0.0,0.0,-7.5,0.9375,0.9375,7.5,-3.75,0.0,-1.875,0.9375,-1.875,0.0,0.0,7.5,-3.75,0.9375,0.0,0.0,3.75,-11.25,0.0,0.0,0.0,-7.5,0.0,0.0,0.9375,-7.5,-15.0,0.0,-9.375,-6.5625,-7.5,-3.75,7.5,3.75,0.0,0.0,0.0,0.0
352,10,0.0,0.0,0.0,7.5,0.0,-1.875,0.0,3.75,-11.25,-11.25,0.0,0.0,0.0,10.3125,4.6875,0.0,0.0,-3.75,0.0,0.0,0.0,0.0,0.0,-3.75,0.0,-1.875,0.0,0.0,-3.75,0.0,0.0,-3.75,0.9375,0.9375,4.6875,-3.75,-1.875,-1.875,0.0,-1.875,0.0,0.0,4.6875,-3.75,0.9375,0.0,0.0,3.75,-11.25,0.0,0.0,-1.875,-6.5625,0.0,0.0,0.0,-7.5,-7.5,0.0,-7.5,-5.625,-6.5625,-2.8125,3.75,0.9375,0.0,0.0,0.0,0.0
352,11,0.0,0.0,0.0,7.5,0.0,0.0,0.0,3.75,-11.25,-11.25,0.0,0.0,0.0,8.4375,4.6875,0.0,0.0,-3.75,0.0,0.0,0.0,0.0,0.0,-3.75,0.0,-1.875,0.0,0.0,-3.75,0.0,1.875,-3.75,0.0,0.0,5.625,-3.75,0.0,-1.875,0.0,-1.875,0.0,0.0,7.5,-3.75,0.0,0.0,0.0,0.9375,-11.25,0.0,0.0,0.0,-7.5,0.0,0.0,0.0,-7.5,-3.75,0.0,-7.5,-5.625,-7.5,-2.8125,5.625,0.9375,0.0,0.0,0.0,0.0
353,9,0.0,0.0,0.0,7.5,0.0,-3.75,0.0,3.75,-11.25,-11.25,0.0,0.0,0.0,8.4375,7.5,0.0,0.0,-3.75,0.0,0.0,0.0,1.875,0.0,7.5,0.0,-3.75,0.0,0.0,0.0,0.0,1.875,-1.875,3.75,3.75,5.625,-3.75,0.0,-3.75,3.75,0.0,0.0,0.0,9.375,-3.75,3.75,0.0,0.0,0.9375,-14.0625,0.0,0.0,3.75,-7.5,0.0,0.0,0.0,-11.25,11.25,-1.875,-11.25,-7.5,-13.125,-3.75,8.4375,0.0,0.0,0.0,0.0,-1.875
353,10,0.0,0.0,0.0,5.625,0.0,-2.8125,0.0,1.875,-11.25,-11.25,0.0,0.0,0.0,7.5,3.75,0.0,0.0,-3.75,0.0,0.0,0.0,0.0,0.0,7.5,0.0,-2.8125,0.0,0.0,0.0,0.0,3.75,0.0,1.875,2.8125,3.75,-3.75,0.0,-1.875,2.8125,0.0,0.0,0.0,7.5,-3.75,3.75,0.0,0.0,0.9375,-11.25,0.0,0.0,0.9375,-6.5625,0.0,0.0,0.0,-10.3125,3.75,-1.875,-11.25,-7.5,-6.5625,-3.75,7.5,0.0,0.0,0.0,0.0,-1.875
353,11,0.0,0.0,0.0,5.625,0.0,-2.8125,0.0,0.9375,-11.25,-11.25,0.0,0.0,0.0,7.5,3.75,0.0,0.0,-3.75,0.0,0.0,0.0,0.0,0.0,3.75,0.0,-3.75,0.0,0.0,1.875,0.0,3.75,0.0,0.9375,0.9375,3.75,-3.75,0.0,-1.875,0.0,0.0,0.0,0.0,7.5,-3.75,1.875,0.0,0.0,0.9375,-11.25,0.0,0.0,3.75,-7.5,0.0,0.0,0.0,-10.3125,3.75,0.0,-11.25,-7.5,-7.5,-3.75,7.5,0.0,0.0,0.0,0.0,0.0
354,9,0.0,0.0,0.0,4.6875,0.0,-3.75,0.0,0.9375,-11.25,-15.0,0.0,0.0,0.0,7.5,3.75,0.0,0.0,-5.625,0.0,0.0,0.0,0.9375,0.0,11.25,0.0,-3.75,0.0,0.0,3.75,0.0,3.75,0.0,3.75,0.0,3.75,-3.75,0.0,-1.875,3.75,0.0,0.0,0.0,8.4375,-3.75,3.75,0.0,0.9375,1.875,-11.25,0.0,0.0,7.5,-7.5,0.0,0.0,0.0,-11.25,11.25,-1.875,-13.125,-10.3125,-13.125,-6.5625,8.4375,0.0,0.0,0.0,0.0,-1.875
354,10,0.0,0.0,0.0,3.75,0.0,-3.75,0.0,0.0,-7.5,-15.0,0.0,0.0,0.0,6.5625,3.75,0.0,0.0,-3.75,0.0,0.0,0.0,0.0,0.0,7.5,0.0,-3.75,0.0,0.0,3.75,0.0,3.75,0.0,1.875,0.9375,3.75,-3.75,0.0,0.0,0.9375,0.0,0.0,0.0,7.5,-3.75,3.75,0.0,0.0,0.9375,-11.25,0.0,0.0,4.6875,-7.5,0.0,0.0,0.0,-11.25,4.6875,-1.875,-11.25,-9.375,-7.5,-4.6875,5.625,0.0,0.0,0.0,0.0,-1.875
354,11,0.0,0.0,0.0,3.75,0.0,-3.75,0.0,0.0,0.0,-15.0,0.0,0.0,0.0,4.6875,3.75,0.0,0.0,-3.75,0.0,0.0,0.0,0.0,0.0,7.5,0.0,-3.75,0.0,0.0,3.75,0.0,3.75,0.9375,0.9375,0.0,3.75,-1.875,0.0,0.0,0.0,0.0,0.0,0.0,7.5,-3.75,3.75,0.0,0.0,0.9375,-11.25,0.0,0.0,5.625,-6.5625,0.0,0.0,0.0,-11.25,5.625,0.0,-11.25,-9.375,-7.5,-3.75,5.625,0.0,0.0,0.0,0.0,0.0
355,9,0.0,0.0,0.0,3.75,0.0,-6.5625,0.0,0.0,3.75,-14.0625,0.0,0.0,0.0,4.6875,3.75,0.0,0.0,-3.75,0.0,0.0,0.0,3.75,0.9375,11.25,0.0,-3.75,0.0,0.0,5.625,-1.875,3.75,0.0,1.875,0.0,0.9375,0.0,0.0,0.0,0.9375,0.0,0.0,0.0,7.5,0.0,3.75,0.0,3.75,0.0,-7.5,-1.875,0.0,7.5,-5.625,0.0,0.0,0.0,-15.0,7.5,0.0,-15.0,-11.25,-7.5,-7.5,7.5,0.0,0.0,0.0,0.0,0.0
355,10,0.0,0.0,0.0,3.75,0.0,-5.625,0.0,0.0,3.75,-14.0625,0.0,0.0,0.0,3.75,3.75,0.0,0.0,-1.875,0.0,0.0,0.0,1.875,0.0,9.375,0.0,0.0,0.0,0.0,3.75,-1.875,3.75,0.9375,0.0,0.0,0.9375,0.0,0.0,0.0,0.9375,0.0,0.0,0.0,5.625,0.0,3.75,0.0,3.75,0.0,0.0,-1.875,0.0,3.75,-3.75,0.0,0.0,0.0,-11.25,7.5,0.0,-14.0625,-11.25,0.0,-6.5625,4.6875,0.0,0.0,0.0,0.0,0.0
355,11,0.0,0.0,0.0,3.75,0.0,-3.75,0.0,0.0,3.75,-15.0,0.0,0.0,0.0,3.75,3.75,0.0,0.0,-3.75,0.0,0.0,0.0,0.9375,0.0,7.5,0.0,-1.875,0.0,0.0,3.75,0.0,3.75,0.9375,0.0,0.0,0.9375,-1.875,0.0,0.0,0.0,0.0,0.0,0.0,6.5625,0.0,3.75,0.0,0.9375,0.0,0.0,0.0,0.0,3.75,-3.75,0.0,0.0,0.0,-11.25,7.5,0.0,-15.0,-11.25,-5.625,-6.5625,4.6875,0.0,0.0,0.0,0.0,0.0
356,9,0.0,0.0,0.0,1.875,0.0,-7.5,0.0,0.0,7.5,-11.25,0.0,-1.875,0.0,3.75,1.875,0.0,0.0,0.0,0.0,0.0,-1.875,1.875,3.75,8.4375,0.0,0.0,3.75,0.0,3.75,-3.75,1.875,0.0,0.0,0.0,0.0,0.0,0.0,0.0,0.9375,1.875,0.0,0.0,6.5625,0.0,3.75,0.0,0.0,-1.875,11.25,-3.75,0.0,3.75,3.75,0.0,0.0,0.0,-15.0,11.25,0.0,-15.0,-14.0625,15.0,-10.3125,4.6875,0.0,0.0,-1.875,0.0,0.9375
356,10,0.0,0.0,0.0,0.9375,0.0,-6.5625,0.0,0.0,7.5,-9.375,0.0,-0.9375,0.0,3.75,0.9375,0.0,0.0,0.9375,0.0,0.0,-1.875,0.9375,3.75,7.5,0.0,0.0,0.9375,0.0,3.75,-3.75,1.875,0.9375,0.0,0.0,0.0,0.0,0.0,0.0,0.9375,0.9375,0.0,0.0,4.6875,0.0,3.75,0.0,0.0,-0.9375,11.25,-1.875,0.0,3.75,3.75,0.0,0.0,0.0,-15.0,8.4375,0.0,-15.0,-12.1875,5.625,-7.5,3.75,0.0,0.0,-1.875,0.0,0.9375
356,11,0.0,0.0,0.0,0.9375,0.0,-6.5625,0.0,0.0,7.5,-7.5,0.0,0.0,0.0,0.9375,0.9375,0.0,0.0,0.0,0.0,0.0,-1.875,0.9375,3.75,7.5,0.0,0.0,0.9375,0.0,3.75,-1.875,1.875,0.9375,0.0,0.0,0.0,0.0,0.0,0.0,0.0,0.9375,0.0,0.0,4.6875,0.9375,3.75,0.0,0.0,0.0,11.25,-1.875,0.0,3.75,3.75,0.0,0.0,0.0,-15.0,7.5,0.0,-15.0,-13.125,4.6875,-7.5,3.75,0.0,0.0,0.0,0.0,0.0
357,9,0.0,0.0,0.0,0.0,0.0,-7.5,0.0,0.0,11.25,15.9375,0.0,-2.8125,0.0,0.0,0.0,0.0,0.0,5.625,0.0,0.0,-3.75,0.9375,7.5,7.5,0.0,1.875,3.75,0.0,3.75,-3.75,0.9375,0.0,0.0,-1.875,0.0,3.75,0.0,0.9375,0.0,3.75,0.0,0.0,3.75,0.9375,3.75,0.0,0.0,0.0,11.25,0.0,0.0,3.75,7.5,0.0,0.0,0.0,-15.0,8.4375,-3.75,-16.875,-15.0,15.0,-11.25,3.75,0.0,0.0,-1.875,0.0,1.875
357,10,0.0,0.0,0.0,0.0,0.0,-6.5625,0.0,0.0,11.25,16.875,0.0,-1.875,0.0,0.0,0.0,0.0,0.0,3.75,0.0,0.0,-3.75,0.9375,3.75,7.5,0.0,0.9375,1.875,0.0,3.75,-3.75,0.9375,0.0,0.0,-0.9375,0.0,3.75,0.0,0.9375,0.0,3.75,0.0,0.0,0.9375,1.875,3.75,0.0,0.0,0.0,11.25,0.0,0.0,3.75,7.5,0.0,0.0,0.0,-15.0,7.5,-2.8125,-15.0,-15.0,11.25,-10.3125,0.9375,-0.9375,0.0,-1.875,0.0,1.875
357,11,0.0,0.0,0.0,0.0,0.0,-6.5625,0.0,0.0,11.25,15.0,0.0,-1.875,0.0,0.0,0.0,0.0,0.0,3.75,0.0,0.0,-2.8125,0.0,3.75,7.5,0.0,0.9375,1.875,0.0,3.75,-2.8125,0.0,0.0,0.0,0.0,0.0,0.9375,0.0,0.0,0.0,1.875,0.0,0.0,0.9375,3.75,3.75,0.0,0.0,0.0,11.25,0.0,0.0,3.75,5.625,0.0,0.0,0.0,-15.0,7.5,0.0,-15.0,-15.0,11.25,-10.3125,0.9375,0.0,0.0,-1.875,0.0,0.0
358,9,0.0,0.0,0.0,0.0,0.0,-7.5,0.0,0.0,11.25,15.9375,0.0,-2.8125,0.0,0.0,0.0,0.0,0.0,3.75,0.0,0.0,-3.75,0.0,7.5,5.625,0.0,3.75,3.75,0.0,0.9375,-3.75,0.0,0.0,0.0,-3.75,0.0,3.75,0.0,3.75,-1.875,3.75,0.0,0.0,0.0,0.9375,3.75,0.0,0.0,-3.75,11.25,0.0,0.0,3.75,7.5,-1.875,0.0,0.9375,-15.0,7.5,-1.875,-16.875,-15.0,15.0,-14.0625,0.0,0.0,0.0,-3.75,0.0,1.875
358,10,0.0,0.0,0.0,0.0,0.0,-7.5,0.0,0.0,11.25,15.0,0.0,-1.875,0.0,0.0,0.0,0.0,0.0,3.75,0.0,0.0,-1.875,0.0,3.75,4.6875,0.0,3.75,3.75,0.0,0.9375,-3.75,0.0,0.0,0.0,-3.75,0.0,3.75,0.0,3.75,-1.875,0.9375,0.0,0.0,0.0,0.9375,3.75,0.0,0.0,-2.8125,9.375,0.0,0.0,1.875,7.5,-0.9375,0.0,0.0,-11.25,7.5,0.0,-15.0,-15.0,9.375,-11.25,0.0,0.0,0.0,-2.8125,0.0,0.9375
358,11,0.0,0.0,0.0,0.0,0.0,-3.75,0.0,0.0,9.375,15.0,0.0,-1.875,0.0,0.0,0.0,0.0,0.0,3.75,0.0,0.0,-2.8125,0.0,3.75,3.75,0.0,3.75,3.75,0.0,0.9375,-3.75,0.0,0.0,0.0,-3.75,0.0,3.75,0.0,0.9375,0.0,0.9375,0.0,0.0,0.0,0.9375,3.75,0.0,0.0,-1.875,9.375,0.0,0.0,1.875,7.5,0.0,0.0,0.0,-15.0,7.5,0.0,-15.0,-15.0,11.25,-11.25,0.0,0.0,0.0,-1.875,0.0,0.9375
359,9,0.0,0.0,0.0,0.0,0.0,-7.5,0.0,0.0,7.5,15.0,0.0,-1.875,0.0,0.0,0.0,0.0,0.0,3.75,0.0,0.0,-1.875,0.0,4.6875,3.75,0.0,3.75,3.75,0.0,0.0,-3.75,0.0,-1.875,-3.75,-3.75,0.0,0.9375,0.0,3.75,0.0,0.9375,0.0,0.0,0.0,0.0,3.75,0.0,0.0,-3.75,8.4375,0.0,0.0,0.9375,7.5,-2.8125,0.0,3.75,0.0,4.6875,0.0,-15.0,-16.875,12.1875,-15.0,0.0,0.0,0.0,-1.875,0.0,0.9375
359,10,0.0,0.0,0.0,0.0,0.0,-3.75,0.0,0.0,7.5,15.0,0.0,-1.875,0.0,0.0,0.0,0.0,0.0,3.75,0.0,0.0,0.0,0.0,3.75,3.75,0.0,3.75,1.875,0.0,0.0,-3.75,0.0,-1.875,-2.8125,-3.75,0.0,0.9375,0.0,1.875,0.0,0.9375,0.0,0.0,0.0,0.9375,3.75,0.0,0.0,-3.75,8.4375,0.0,0.0,0.9375,7.5,-1.875,0.0,0.9375,7.5,4.6875,0.0,-16.875,-15.0,11.25,-13.125,0.0,0.0,0.0,0.0,0.0,0.9375
359,11,0.0,0.0,0.0,0.0,0.0,-3.75,0.0,0.0,7.5,15.0,0.0,-1.875,0.0,0.0,0.0,0.0,0.0,3.75,0.0,0.0,-1.875,0.0,3.75,3.75,0.0,3.75,0.9375,0.0,0.0,-3.75,0.0,0.0,-2.8125,-3.75,0.0,0.9375,0.0,0.0,0.0,0.0,0.0,0.0,0.0,0.0,1.875,0.0,0.0,-3.75,7.5,0.0,0.0,0.9375,7.5,-1.875,0.0,0.9375,7.5,4.6875,0.0,-16.875,-15.0,11.25,-14.0625,0.0,0.0,0.0,0.0,0.0,0.9375
