Wind direction,Wind speed,Turbine 0,Turbine 1,Turbine 2,Turbine 3,Turbine 4,Turbine 5,Turbine 6,Turbine 7,Turbine 8,Turbine 9,Turbine 10,Turbine 11,Turbine 12,Turbine 13,Turbine 14,Turbine 15,Turbine 16,Turbine 17,Turbine 18,Turbine 19,Turbine 20,Turbine 21,Turbine 22,Turbine 23,Turbine 24,Turbine 25,Turbine 26,Turbine 27,Turbine 28,Turbine 29,Turbine 30,Turbine 31,Turbine 32,Turbine 33,Turbine 34,Turbine 35,Turbine 36,Turbine 37,Turbine 38,Turbine 39,Turbine 40,Turbine 41,Turbine 42,Turbine 43,Turbine 44,Turbine 45,Turbine 46,Turbine 47,Turbine 48,Turbine 49,Turbine 50,Turbine 51,Turbine 52,Turbine 53,Turbine 54,Turbine 55,Turbine 56,Turbine 57,Turbine 58,Turbine 59,Turbine 60,Turbine 61,Turbine 62,Turbine 63,Turbine 64,Turbine 65,Turbine 66,Turbine 67,Turbine 68
0,3,0.0,0.0,0.0,0.0,0.0,5.625,0.0,-1.875,0.0,11.25,0.0,-1.875,0.0,0.0,0.0,0.0,0.0,2.8125,0.0,0.0,0.0,0.0,3.75,0.9375,0.0,3.75,0.0,0.0,-1.875,-3.75,0.0,0.0,-3.75,-6.5625,0.0,0.0,0.0,0.9375,0.0,0.9375,0.0,0.0,0.0,-1.875,3.75,0.0,-3.75,-5.625,4.6875,0.0,0.0,0.0,3.75,-3.75,0.0,3.75,0.0,0.0,0.0,-3.75,-11.25,13.125,-16.875,-1.875,0.0,-1.875,0.0,0.0,0.9375
0,4,0.0,0.0,0.0,0.0,0.0,3.75,0.0,-1.875,3.75,12.1875,0.0,-1.875,0.0,0.0,0.0,0.0,0.0,3.75,0.0,0.0,0.0,0.0,3.75,3.75,0.0,3.75,0.0,0.0,-1.875,-3.75,0.0,0.0,-3.75,-3.75,0.0,0.0,0.0,0.0,0.0,0.9375,0.0,0.0,0.0,0.0,1.875,0.0,-3.75,-3.75,7.5,0.9375,0.0,0.0,4.6875,-3.75,0.0,0.9375,11.25,3.75,0.0,-15.0,-18.75,11.25,-15.9375,-1.875,0.0,-1.875,0.0,0.0,0.0
0,5,0.0,0.0,0.0,0.0,0.0,3.75,0.0,-2.8125,5.625,13.125,0.0,-1.875,0.0,0.0,0.0,0.0,0.0,3.75,0.0,0.0,0.0,0.0,3.75,3.75,0.0,3.75,0.9375,0.0,-1.875,-3.75,0.0,-1.875,-3.75,-3.75,0.0,0.0,0.0,0.0,0.0,0.9375,0.0,0.0,0.0,0.0,1.875,0.0,-3.75,-3.75,7.5,0.9375,0.0,0.0,4.6875,-3.75,0.0,3.75,9.375,3.75,0.0,3.75,-15.0,11.25,-15.0,-1.875,0.0,-1.875,0.0,0.0,0.0
1,3,0.0,0.0,0.0,0.0,0.0,7.5,0.0,-3.75,0.0,7.5,0.0,0.0,0.0,0.0,0.0,0.0,0.0,0.0,0.0,0.0,5.625,0.0,3.75,0.0,0.0,0.9375,0.0,0.0,-3.75,0.0,-1.875,0.0,-3.75,-7.5,0.0,0.0,0.0,1.875,-1.875,0.0,0.0,0.0,-3.75,-3.75,3.75,0.0,-7.5,-7.5,3.75,0.9375,0.0,0.0,1.875,-3.75,0.0,3.75,3.75,0.0,-1.875,0.0,-11.25,8.4375,-18.75,-1.875,0.0,-1.875,0.0,0.0,0.0
1,4,0.0,0.0,0.0,0.0,0.0,7.5,0.0,-3.75,3.75,11.25,0.0,0.0,0.0,0.0,0.0,0.0,0.0,1.875,0.0,0.0,3.75,0.0,3.75,0.0,0.0,0.0,0.0,0.0,-3.75,-3.75,0.0,0.0,-3.75,-3.75,0.0,0.0,0.0,0.0,-1.875,0.0,0.0,0.0,-1.875,-3.75,0.9375,0.0,-3.75,-3.75,3.75,0.9375,0.0,0.0,3.75,-3.75,0.0,3.75,11.25,1.875,0.0,15.0,-22.5,7.5,-16.875,-1.875,0.0,-1.875,0.0,0.0,0.0
1,5,0.0,0.0,0.0,0.0,0.0,7.5,0.0,-3.75,3.75,11.25,0.0,0.0,0.0,0.0,0.0,0.0,0.0,1.875,0.0,0.0,3.75,0.0,3.75,0.0,0.0,0.0,0.0,0.0,-3.75,-3.75,-1.875,0.0,-3.75,-3.75,0.0,0.0,0.0,0.0,-1.875,0.0,0.0,0.0,-1.875,-3.75,0.9375,0.0,-3.75,-3.75,3.75,3.75,0.0,0.0,3.75,-3.75,0.0,3.75,11.25,2.8125,0.0,11.25,-15.0,7.5,-17.8125,-2.8125,0.0,-1.875,0.0,0.0,0.0
2,3,0.0,0.0,0.0,0.0,0.0,7.5,0.0,-3.75,0.0,7.5,0.0,0.0,0.0,0.0,0.0,0.0,0.0,0.0,0.0,0.0,7.5,0.0,0.9375,0.0,0.0,0.0,0.0,0.0,-3.75,-3.75,-3.75,0.0,-3.75,-5.625,0.0,0.0,0.0,0.0,0.0,-1.875,0.0,0.0,-1.875,-3.75,0.9375,0.0,-7.5,-9.375,1.875,0.0,0.0,0.0,0.9375,-5.625,0.0,3.75,7.5,0.0,0.0,5.625,7.5,7.5,23.4375,0.0,0.0,-2.8125,0.0,0.0,0.0
2,4,0.0,0.0,0.0,0.0,0.0,7.5,0.0,-3.75,3.75,8.4375,0.0,0.0,0.0,0.0,0.0,0.0,0.0,0.0,-1.875,0.0,3.75,0.0,0.9375,0.0,0.0,0.0,0.0,0.0,-3.75,-3.75,-3.75,0.0,-3.75,-3.75,0.0,0.0,0.0,0.0,-3.75,-1.875,0.0,0.0,0.0,-6.5625,0.0,0.0,-6.5625,-7.5,3.75,0.0,0.0,0.0,3.75,-3.75,0.0,3.75,11.25,0.0,0.0,13.125,18.75,4.6875,-24.375,0.0,0.0,-1.875,0.0,0.0,0.0
2,5,0.0,0.0,0.0,0.0,0.0,7.5,0.0,-3.75,3.75,7.5,0.0,0.0,0.0,0.0,0.0,0.0,0.0,0.0,-1.875,0.0,3.75,0.0,0.9375,0.0,0.0,0.0,0.0,0.0,-3.75,-3.75,-3.75,0.0,-3.75,-3.75,0.0,0.0,0.0,0.0,-1.875,-1.875,0.0,0.0,0.0,-6.5625,0.0,0.0,-5.625,-7.5,3.75,0.0,0.0,0.0,3.75,-3.75,0.0,3.75,9.375,0.0,0.0,15.0,18.75,5.625,-22.5,0.0,0.0,-2.8125,0.0,0.0,0.0
3,3,0.0,0.0,0.0,0.0,0.0,7.5,0.0,-3.75,0.0,3.75,0.0,0.9375,0.0,0.0,0.0,0.0,0.0,0.0,-2.8125,0.0,7.5,0.0,0.0,0.0,0.0,-1.875,0.0,0.0,-3.75,-3.75,-3.75,0.0,-3.75,0.0,0.0,0.0,0.0,0.0,0.0,-3.75,0.0,0.0,0.0,-6.5625,1.875,0.0,-7.5,-9.375,0.9375,0.0,0.0,0.0,0.0,-6.5625,0.0,3.75,7.5,0.0,0.0,7.5,7.5,4.6875,22.5,0.0,0.0,-3.75,0.0,0.0,0.0
3,4,0.0,0.0,0.0,0.0,0.0,7.5,0.0,-3.75,0.9375,7.5,0.0,1.875,0.0,0.0,0.0,0.0,0.0,0.0,-3.75,0.0,3.75,0.0,0.0,0.0,0.0,0.0,0.0,0.0,-3.75,-3.75,-3.75,0.0,-1.875,0.0,0.0,0.0,0.0,-1.875,-1.875,-3.75,0.0,0.0,0.0,-7.5,0.9375,0.0,-3.75,-7.5,0.9375,0.0,0.0,0.0,0.0,-3.75,0.0,3.75,11.25,0.0,0.0,15.0,18.75,3.75,23.4375,0.0,0.0,-3.75,0.0,0.0,-1.875
3,5,0.0,0.0,0.0,0.0,0.0,7.5,0.0,-3.75,0.9375,7.5,0.0,0.9375,0.0,0.0,0.0,0.0,0.0,0.0,-3.75,0.0,4.6875,0.0,0.0,0.0,0.0,0.0,0.0,0.0,-3.75,-3.75,-3.75,0.0,-1.875,0.0,0.0,0.0,0.0,-1.875,-1.875,-3.75,0.0,0.0,0.0,-7.5,0.9375,0.0,-6.5625,-7.5,0.9375,0.0,0.0,0.0,0.0,-3.75,0.0,3.75,11.25,0.0,0.0,15.0,18.75,3.75,22.5,0.0,0.0,-3.75,0.0,0.0,-1.875
4,3,0.0,0.0,0.0,0.0,0.0,4.6875,0.0,-3.75,0.0,3.75,0.0,0.0,0.0,0.0,0.0,0.0,0.0,0.0,-3.75,0.0,4.6875,0.0,0.0,0.0,0.0,-3.75,0.0,0.0,-6.5625,-7.5,-2.8125,1.875,0.0,3.75,0.0,0.0,0.0,0.9375,0.0,-3.75,0.0,0.0,0.9375,-7.5,3.75,0.0,-10.3125,-9.375,0.0,0.0,0.0,0.0,0.0,-6.5625,0.0,3.75,7.5,0.0,0.0,7.5,7.5,0.0,20.625,0.0,0.0,-3.75,0.0,0.0,0.0
4,4,0.0,0.0,0.0,0.0,0.0,4.6875,0.0,-3.75,0.0,4.6875,0.0,0.0,0.0,0.0,0.0,0.0,0.0,0.0,-3.75,0.0,3.75,-1.875,0.0,0.0,0.0,-1.875,0.0,0.0,-3.75,-3.75,-1.875,0.9375,0.0,3.75,0.0,0.0,0.0,-1.875,0.0,-3.75,0.0,0.0,0.9375,-7.5,3.75,0.0,-3.75,-6.5625,0.0,0.0,0.0,0.0,0.0,-3.75,0.0,0.9375,9.375,0.0,0.0,12.1875,16.875,0.0,22.5,0.0,0.0,-3.75,0.0,0.0,-1.875
4,5,0.0,0.0,0.0,0.0,0.0,4.6875,0.0,-3.75,0.0,4.6875,0.0,0.0,0.0,0.0,0.0,0.0,0.0,0.0,-3.75,0.0,3.75,-1.875,0.0,0.0,0.0,-1.875,0.0,0.0,-3.75,0.0,-1.875,0.9375,0.0,3.75,0.0,0.0,0.0,-1.875,0.0,-3.75,0.0,0.0,0.9375,-7.5,3.75,0.0,-3.75,-6.5625,0.0,0.0,0.0,0.0,0.0,-3.75,0.0,1.875,9.375,0.0,0.0,13.125,18.75,0.0,22.5,0.0,0.0,-3.75,0.0,0.0,-1.875
5,3,0.0,0.0,0.0,0.0,0.0,3.75,0.0,0.0,0.0,0.9375,0.0,0.0,0.0,0.0,0.0,0.0,0.0,0.0,-5.625,0.0,3.75,-1.875,0.0,0.0,0.0,-1.875,0.0,0.0,-3.75,7.5,-1.875,0.9375,0.0,7.5,0.0,0.0,0.0,3.75,0.9375,-6.5625,0.9375,0.0,0.0,-7.5,0.0,0.0,-7.5,-7.5,0.0,0.0,0.0,-1.875,0.0,-3.75,0.0,3.75,6.5625,0.0,-3.75,7.5,7.5,0.0,20.625,0.9375,0.0,-3.75,0.0,0.9375,0.9375
5,4,0.0,0.0,0.0,0.0,0.0,3.75,0.0,0.0,0.0,3.75,0.0,0.0,0.0,0.0,0.0,0.0,0.0,0.0,-7.5,0.0,3.75,-1.875,0.0,0.0,0.0,0.0,0.0,0.0,-3.75,0.0,0.0,0.9375,0.0,3.75,0.0,0.0,0.0,0.0,0.0,-3.75,0.0,0.0,0.0,-7.5,0.9375,0.0,1.875,-3.75,0.0,0.0,0.0,-1.875,0.0,-1.875,0.0,3.75,7.5,0.0,-1.875,11.25,15.0,0.0,22.5,0.9375,0.0,-3.75,0.0,1.875,0.0
5,5,0.0,0.0,0.0,0.0,0.0,3.75,0.0,0.0,0.0,3.75,0.0,0.0,0.0,0.0,0.0,0.0,0.0,0.0,-7.5,0.0,3.75,-1.875,0.0,0.0,0.0,-1.875,0.0,0.0,-3.75,3.75,0.0,0.9375,0.0,3.75,0.0,0.0,0.0,0.0,0.0,-3.75,0.9375,0.0,0.0,-8.4375,0.9375,0.0,3.75,-6.5625,0.0,0.0,0.0,-1.875,0.0,-1.875,0.0,3.75,7.5,0.0,-1.875,11.25,15.0,0.0,20.625,0.9375,0.0,-3.75,0.0,0.9375,0.0
6,3,0.0,0.0,0.0,0.0,0.0,0.9375,0.0,3.75,0.0,0.0,0.0,0.0,0.0,0.0,0.0,0.0,0.0,0.0,-7.5,0.0,1.875,-2.8125,0.0,0.0,0.0,0.0,0.0,0.0,-3.75,7.5,0.0,0.0,0.0,7.5,-1.875,0.0,0.0,3.75,3.75,-7.5,3.75,0.0,0.0,-3.75,0.0,0.0,3.75,-7.5,0.0,-1.875,0.0,-2.8125,0.0,-3.75,0.0,3.75,4.6875,0.0,-3.75,5.625,7.5,0.0,18.75,0.9375,0.0,-3.75,0.0,0.9375,3.75
6,4,0.0,0.0,0.0,0.0,0.0,0.9375,0.0,3.75,0.0,1.875,0.0,0.0,0.0,0.0,0.0,0.0,0.0,0.0,-7.5,0.0,0.9375,-3.75,0.0,0.0,0.0,0.0,-1.875,0.0,0.0,3.75,0.0,0.0,0.0,3.75,0.0,0.0,0.0,0.0,1.875,-7.5,3.75,0.0,0.0,-7.5,0.0,0.0,3.75,-3.75,0.0,0.0,0.0,-3.75,0.0,0.0,0.0,0.9375,7.5,-1.875,-1.875,8.4375,13.125,0.0,19.6875,0.9375,0.0,-1.875,0.0,0.9375,0.0
6,5,0.0,0.0,0.0,0.0,0.0,0.9375,0.0,3.75,0.0,2.8125,0.0,0.0,0.0,0.0,0.0,0.0,-1.875,0.0,-7.5,0.0,1.875,-3.75,0.0,0.0,0.0,0.0,-1.875,0.0,0.0,7.5,0.0,0.0,0.0,3.75,-1.875,0.0,0.0,0.0,0.9375,-7.5,3.75,0.0,0.0,-7.5,0.0,0.0,3.75,-3.75,0.0,-1.875,0.0,-3.75,0.0,0.0,0.0,0.9375,7.5,0.0,-2.8125,8.4375,14.0625,0.0,18.75,0.9375,0.0,-1.875,0.0,0.9375,0.0
7,3,0.0,0.0,0.0,0.0,0.0,0.0,0.0,3.75,0.0,0.0,0.0,0.0,0.0,0.0,0.0,0.0,-1.875,0.0,-7.5,0.0,0.9375,-1.875,0.0,0.0,0.0,3.75,0.0,-0.9375,0.0,7.5,0.0,0.0,0.0,7.5,-3.75,0.0,0.0,7.5,3.75,-7.5,3.75,0.0,0.0,-1.875,0.0,0.0,3.75,-3.75,0.0,-1.875,0.0,-3.75,0.0,0.0,0.0,0.0,3.75,0.0,-2.8125,4.6875,5.625,-1.875,16.875,0.0,0.0,0.0,0.0,0.9375,1.875
7,4,0.0,0.0,0.0,0.0,0.0,0.0,0.0,3.75,0.0,0.0,0.0,0.0,0.0,0.0,0.0,0.0,0.0,0.0,-7.5,0.0,0.9375,-1.875,0.0,0.0,0.0,0.9375,-2.8125,-1.875,0.0,7.5,0.0,0.0,0.0,3.75,-1.875,0.0,0.0,3.75,3.75,-3.75,3.75,0.0,0.0,-1.875,0.0,0.0,4.6875,0.0,0.0,0.0,0.0,-3.75,0.0,0.0,0.0,0.0,4.6875,0.0,0.0,7.5,11.25,-1.875,16.875,0.0,0.0,0.0,0.0,0.0,0.0
7,5,0.0,0.0,0.0,0.0,0.0,0.0,0.0,3.75,0.0,0.0,0.0,0.0,0.0,0.0,0.0,0.0,-1.875,0.0,-7.5,0.0,0.9375,-1.875,0.0,0.0,0.0,3.75,-2.8125,-1.875,0.0,3.75,0.0,0.0,0.0,3.75,-3.75,0.0,0.0,3.75,3.75,-3.75,3.75,0.0,0.0,0.0,0.0,0.0,3.75,0.0,0.0,-1.875,0.0,-3.75,0.0,0.0,0.0,0.0,4.6875,0.0,0.0,7.5,11.25,-1.875,18.75,0.0,0.0,0.0,0.0,0.0,0.0
8,3,0.0,0.0,0.0,0.0,0.0,0.0,0.0,3.75,0.0,0.0,0.0,-1.875,0.0,0.0,0.0,0.0,-3.75,0.0,-9.375,0.0,0.0,0.0,0.0,0.0,0.0,3.75,0.0,-2.8125,0.0,7.5,0.0,0.0,0.0,3.75,-3.75,0.0,-1.875,7.5,5.625,0.0,3.75,0.0,0.0,0.0,-1.875,0.0,3.75,0.0,0.0,-5.625,0.0,-7.5,0.0,0.0,0.0,-1.875,3.75,1.875,0.0,3.75,4.6875,0.0,15.0,0.0,0.0,0.0,0.0,0.0,3.75
8,4,0.0,0.0,0.0,0.0,0.0,0.0,0.0,3.75,0.0,0.0,0.0,-1.875,0.0,0.0,0.0,0.0,-1.875,0.0,-7.5,0.0,0.0,0.0,0.0,0.0,0.0,3.75,-3.75,-3.75,0.0,7.5,0.0,0.0,0.0,0.9375,-3.75,0.0,0.0,4.6875,3.75,0.0,3.75,0.0,0.0,3.75,0.0,0.0,4.6875,0.0,0.0,-3.75,0.0,-6.5625,0.0,0.9375,0.0,-1.875,3.75,0.9375,0.0,5.625,9.375,0.0,15.0,0.0,0.0,0.0,0.0,0.0,0.9375
8,5,0.0,0.0,0.0,0.0,0.0,0.0,0.0,3.75,0.0,0.0,0.0,-1.875,0.0,0.0,0.0,0.0,-1.875,0.0,-7.5,0.0,0.0,0.0,0.0,0.0,0.0,3.75,-3.75,-3.75,0.0,7.5,0.0,0.0,0.0,0.9375,-3.75,0.0,-1.875,4.6875,3.75,0.0,3.75,0.0,0.0,3.75,0.0,0.0,4.6875,0.0,0.0,-3.75,0.0,-7.5,0.0,0.9375,0.0,-3.75,3.75,0.9375,0.0,5.625,10.3125,0.0,15.0,0.0,0.0,0.0,-1.875,0.0,0.9375
9,3,0.0,-1.875,0.0,-1.875,0.0,-1.875,0.0,3.75,0.0,0.0,0.0,-1.875,0.0,0.0,0.0,0.0,-3.75,0.0,-10.3125,0.0,0.0,0.0,0.0,0.0,0.0,3.75,-3.75,-3.75,0.0,3.75,0.0,0.0,0.0,3.75,-5.625,0.0,-1.875,8.4375,4.6875,7.5,0.9375,0.0,0.0,0.0,0.0,0.0,3.75,0.0,0.0,-5.625,0.0,-7.5,0.0,3.75,0.0,-1.875,1.875,0.0,1.875,3.75,3.75,0.0,13.125,0.0,0.0,0.0,0.0,0.0,3.75
9,4,0.0,-1.875,0.0,-1.875,0.0,-1.875,0.0,1.875,0.0,0.0,0.0,-1.875,0.0,0.0,0.0,0.0,0.0,0.0,-7.5,0.0,0.0,0.0,0.0,0.0,0.0,3.75,-3.75,-3.75,0.0,3.75,0.0,0.0,0.0,0.0,-3.75,0.0,-1.875,7.5,3.75,3.75,0.9375,0.0,0.0,3.75,0.0,0.0,3.75,0.0,0.0,-3.75,0.0,-7.5,0.0,3.75,0.0,-3.75,3.75,0.9375,3.75,3.75,7.5,0.0,12.1875,0.0,0.0,0.0,0.0,0.0,0.9375
9,5,0.0,-1.875,0.0,-1.875,0.0,-1.875,0.0,1.875,0.0,0.0,0.0,-1.875,0.0,0.0,0.0,0.0,-1.875,0.0,-7.5,0.0,0.0,0.0,0.0,0.0,0.0,3.75,-3.75,-3.75,0.0,4.6875,0.0,0.0,0.0,0.0,-3.75,0.0,-1.875,7.5,3.75,5.625,0.9375,0.0,0.0,3.75,0.0,0.0,3.75,0.0,0.0,-3.75,0.0,-7.5,0.0,3.75,0.0,-3.75,3.75,0.9375,3.75,3.75,7.5,0.0,12.1875,0.0,0.0,0.0,0.0,0.0,0.9375
10,3,0.0,-2.8125,0.0,-1.875,0.0,-1.875,0.0,0.0,0.0,0.0,0.0,-2.8125,0.0,0.0,-0.9375,0.0,-3.75,-1.875,-7.5,0.0,0.0,0.0,0.0,0.0,0.0,3.75,-3.75,-6.5625,0.0,3.75,0.0,0.0,0.0,3.75,-6.5625,0.0,-3.75,7.5,3.75,5.625,0.0,0.0,-1.875,3.75,-2.8125,0.0,1.875,0.0,0.0,-3.75,0.0,-7.5,0.0,3.75,0.0,-1.875,0.9375,1.875,3.75,0.9375,3.75,-1.875,11.25,0.0,0.0,3.75,0.0,0.0,0.0
10,4,0.0,-3.75,0.0,-3.75,0.0,-3.75,0.0,0.0,0.0,0.0,0.0,-1.875,0.0,0.0,-1.875,0.0,0.0,-1.875,-3.75,0.0,0.0,3.75,0.0,0.0,0.0,1.875,-6.5625,-7.5,0.0,3.75,0.0,0.0,0.0,0.0,-3.75,0.0,-3.75,5.625,3.75,5.625,0.0,0.0,-1.875,3.75,-1.875,0.0,1.875,0.9375,0.0,-1.875,0.0,-7.5,0.0,3.75,0.0,-3.75,0.9375,0.9375,3.75,3.75,7.5,-3.75,11.25,0.0,0.0,0.9375,0.0,0.0,0.0
10,5,0.0,-3.75,0.0,-3.75,0.0,-3.75,0.0,0.0,0.0,0.0,0.0,-3.75,0.0,0.0,-1.875,0.0,0.0,-1.875,-3.75,0.0,0.0,3.75,0.0,0.0,0.0,3.75,-6.5625,-7.5,0.0,3.75,0.0,0.0,0.0,0.0,-3.75,0.0,-3.75,7.5,3.75,4.6875,0.0,0.0,-1.875,3.75,-1.875,0.0,1.875,0.9375,0.0,-1.875,0.0,-7.5,0.0,3.75,0.0,-3.75,0.9375,0.9375,3.75,3.75,7.5,-3.75,11.25,0.0,0.0,0.9375,0.0,0.0,0.0
11,3,0.0,-3.75,0.0,-3.75,0.0,-3.75,0.0,-1.875,0.0,0.0,0.0,-2.8125,0.0,0.0,-2.8125,0.0,-3.75,-3.75,-3.75,0.0,0.0,0.0,0.0,0.0,0.0,0.9375,-6.5625,-7.5,3.75,0.9375,0.0,0.0,0.0,3.75,-3.75,0.0,-6.5625,7.5,3.75,3.75,-1.875,0.0,-3.75,3.75,-3.75,0.0,3.75,0.9375,0.0,-7.5,0.0,-7.5,0.0,0.0,0.0,-3.75,0.0,0.9375,3.75,0.0,3.75,-1.875,7.5,0.0,0.0,0.9375,0.0,0.0,0.0
11,4,0.0,-3.75,0.0,-3.75,0.0,-3.75,0.0,-1.875,0.0,0.0,0.0,-3.75,0.0,0.0,-3.75,0.0,0.0,-3.75,1.875,0.0,0.0,3.75,0.0,0.0,0.0,0.9375,-7.5,-8.4375,0.9375,1.875,0.0,0.0,0.0,0.0,-3.75,0.0,-3.75,3.75,3.75,3.75,-3.75,0.0,-3.75,3.75,-3.75,0.0,3.75,0.9375,0.0,-3.75,0.0,-3.75,0.0,0.0,0.0,-5.625,0.0,0.9375,3.75,0.0,4.6875,-3.75,7.5,0.0,0.0,1.875,0.0,0.0,0.0
11,5,0.0,-3.75,0.0,-3.75,0.0,-3.75,0.0,-1.875,0.0,0.0,0.0,-3.75,0.0,0.0,-3.75,0.0,-1.875,-3.75,3.75,0.0,0.0,3.75,0.0,0.0,0.0,0.9375,-7.5,-7.5,3.75,3.75,0.0,0.0,0.0,0.0,-3.75,0.0,-3.75,3.75,3.75,3.75,-2.8125,0.0,-3.75,3.75,-3.75,0.0,3.75,0.9375,0.0,-3.75,0.0,-3.75,0.0,0.0,0.0,-5.625,0.0,0.9375,3.75,0.0,4.6875,-3.75,7.5,0.0,0.0,0.9375,0.0,0.0,0.0
12,3,0.0,-3.75,0.0,-3.75,0.0,-3.75,0.0,-3.75,0.0,0.0,0.0,-1.875,0.0,0.0,-3.75,0.0,-3.75,-3.75,0.0,0.0,0.0,0.0,0.9375,0.0,0.0,0.0,-7.5,-10.3125,0.0,0.0,0.0,0.0,0.0,3.75,0.0,0.0,-6.5625,4.6875,3.75,3.75,-1.875,0.0,-3.75,3.75,-3.75,0.0,0.0,0.0,0.0,-7.5,0.0,-7.5,0.0,0.9375,0.0,-5.625,0.0,0.9375,0.9375,-1.875,3.75,0.0,5.625,0.0,0.9375,0.9375,0.0,0.0,0.0
12,4,0.0,-3.75,0.0,-5.625,0.0,-5.625,0.0,-3.75,0.0,0.0,0.0,-1.875,0.0,0.0,-3.75,0.0,0.0,-3.75,3.75,0.0,0.0,0.9375,0.0,0.0,0.0,0.0,-7.5,-11.25,0.0,0.0,0.0,0.0,0.0,0.0,0.0,0.0,-3.75,3.75,1.875,3.75,-3.75,0.0,-3.75,3.75,-1.875,0.0,0.0,0.0,0.0,-1.875,0.0,0.0,0.0,0.0,0.0,-7.5,0.0,3.75,0.9375,0.0,3.75,-1.875,7.5,0.0,0.0,0.9375,0.0,0.0,-1.875
12,5,0.0,-5.625,0.0,-5.625,0.0,-6.5625,0.0,-3.75,0.0,0.0,0.0,-2.8125,0.0,0.0,-3.75,0.0,0.0,-3.75,3.75,0.0,0.0,0.9375,0.0,0.0,0.0,0.0,-7.5,-11.25,0.0,0.0,0.0,0.0,0.0,0.0,0.0,0.0,-3.75,3.75,0.9375,3.75,-3.75,0.0,-3.75,3.75,-3.75,0.0,0.0,0.0,0.0,-3.75,0.0,0.0,0.0,0.0,0.0,-7.5,0.0,3.75,1.875,0.0,3.75,-2.8125,7.5,0.0,0.0,0.9375,0.0,0.0,-1.875
13,3,0.0,-5.625,0.0,-4.6875,0.0,-4.6875,0.0,-5.625,0.0,0.0,0.0,-1.875,0.0,0.0,-3.75,0.0,0.0,-5.625,0.0,0.0,0.0,0.0,0.0,0.0,0.0,0.0,-7.5,-11.25,0.0,0.0,0.0,0.0,0.0,0.0,3.75,0.0,-7.5,3.75,3.75,3.75,-1.875,0.0,-3.75,0.9375,-3.75,0.0,-2.8125,0.0,0.0,0.0,0.0,-3.75,0.0,0.9375,0.0,-3.75,0.0,0.0,0.0,-3.75,3.75,0.0,3.75,0.0,3.75,0.9375,0.9375,-1.875,0.0
13,4,0.0,-7.5,0.0,-7.5,0.0,-7.5,0.0,-7.5,0.0,0.0,0.0,-1.875,0.0,0.0,-7.5,0.0,0.0,-7.5,3.75,0.0,0.0,0.0,0.0,0.0,0.0,0.0,-3.75,-11.25,0.0,0.0,0.0,-1.875,0.0,0.0,3.75,-1.875,-3.75,0.0,0.0,0.9375,-3.75,0.0,-3.75,3.75,-3.75,0.0,-1.875,0.0,0.0,0.9375,0.0,0.9375,0.0,0.0,0.0,-3.75,0.0,0.0,0.9375,-3.75,3.75,0.0,3.75,0.0,0.0,0.9375,0.0,0.0,-1.875
13,5,0.0,-7.5,0.0,-7.5,0.0,-7.5,0.0,-7.5,0.0,0.0,0.0,-1.875,0.0,0.0,-7.5,0.0,0.0,-7.5,3.75,0.0,0.0,0.0,0.0,0.0,0.0,0.0,-7.5,-11.25,0.0,0.0,0.0,-1.875,0.0,0.0,3.75,-1.875,-3.75,0.0,0.0,1.875,-3.75,0.0,-3.75,3.75,-3.75,0.0,-1.875,0.0,0.0,0.9375,0.0,0.9375,0.0,0.0,0.0,-3.75,0.0,0.0,0.9375,-3.75,5.625,0.0,3.75,0.0,0.0,0.9375,0.0,0.0,-1.875
14,3,0.0,-7.5,0.0,-6.5625,0.0,-6.5625,0.0,-7.5,0.0,0.0,0.0,-1.875,0.0,0.0,-6.5625,0.0,0.0,-7.5,0.0,0.0,0.0,0.0,0.0,0.0,0.0,0.0,-7.5,-11.25,0.9375,0.0,0.0,0.0,0.0,0.0,3.75,-1.875,-10.3125,0.0,0.9375,0.0,-2.8125,0.0,-3.75,0.0,-5.625,0.0,0.0,0.0,0.0,7.5,0.0,0.0,0.0,0.0,0.0,0.0,0.0,0.0,0.0,-5.625,3.75,0.0,1.875,0.0,3.75,0.0,0.0,-3.75,3.75
14,4,0.0,-7.5,0.0,-7.5,0.0,-8.4375,0.0,-9.375,0.0,-1.875,0.0,-2.8125,0.0,0.0,-7.5,0.0,0.0,-9.375,3.75,0.0,0.0,0.0,0.0,0.0,0.0,0.0,3.75,-14.0625,0.9375,0.0,-1.875,0.0,0.0,0.0,3.75,-1.875,-5.625,0.0,0.0,0.0,-7.5,0.0,-1.875,0.0,-3.75,0.0,0.0,0.0,-1.875,4.6875,0.0,3.75,0.0,0.0,0.0,0.0,0.0,0.0,0.0,-3.75,3.75,0.0,3.75,0.0,0.0,0.0,0.0,-3.75,0.0
14,5,0.0,-7.5,0.0,-7.5,0.0,-9.375,0.0,-9.375,0.0,-1.875,0.0,-2.8125,0.0,0.0,-7.5,0.0,0.0,-9.375,3.75,0.0,0.0,0.0,0.0,0.0,0.0,0.0,3.75,-14.0625,0.9375,0.0,-1.875,-1.875,0.0,0.0,3.75,-1.875,-3.75,0.0,0.0,0.0,-7.5,0.0,-1.875,0.0,-3.75,0.0,0.0,0.0,-1.875,7.5,0.0,3.75,0.0,0.0,0.0,0.0,0.0,0.0,0.0,-5.625,3.75,0.0,3.75,0.0,0.0,0.0,0.0,-3.75,0.0
15,3,0.0,-7.5,0.0,-7.5,0.0,-7.5,0.0,-9.375,0.0,-1.875,0.0,-1.875,0.0,0.0,-7.5,0.0,0.0,-9.375,0.0,0.0,0.0,-2.8125,0.0,0.0,0.0,0.0,0.0,-13.125,0.0,0.0,0.0,0.0,0.0,0.0,3.75,-1.875,-10.3125,0.0,3.75,0.0,-1.875,0.0,0.0,0.0,-7.5,0.0,0.0,0.0,0.0,3.75,0.0,0.0,0.0,0.0,0.0,0.0,0.0,0.0,0.0,-6.5625,3.75,0.0,0.0,0.0,4.6875,0.0,0.0,-3.75,7.5
15,4,0.0,-10.3125,0.0,-10.3125,0.0,-11.25,0.0,-11.25,0.0,-3.75,0.0,-3.75,0.0,0.0,-11.25,0.0,0.0,-11.25,0.9375,0.0,-1.875,-3.75,-1.875,0.0,0.0,0.0,4.6875,-14.0625,0.0,0.0,-1.875,0.0,0.0,0.0,3.75,0.0,-3.75,0.0,1.875,0.0,-7.5,0.0,0.0,0.0,-3.75,0.0,0.0,0.0,-1.875,3.75,0.0,3.75,0.0,0.0,0.0,0.0,0.0,0.0,0.0,-5.625,3.75,0.0,0.9375,0.0,3.75,0.0,0.9375,-1.875,3.75
15,5,0.0,-10.3125,0.0,-10.3125,0.0,-11.25,0.0,-11.25,0.0,-3.75,0.0,-3.75,0.0,0.0,-11.25,0.0,0.0,-11.25,0.9375,0.0,-1.875,-3.75,-1.875,0.0,0.0,0.0,7.5,-12.1875,0.0,0.0,-3.75,0.0,0.0,0.0,3.75,0.0,0.0,0.0,0.9375,0.0,-7.5,0.0,0.0,0.0,-3.75,0.0,0.0,0.0,-1.875,3.75,0.0,3.75,0.0,0.0,0.0,0.0,0.0,0.0,0.0,-5.625,3.75,0.0,0.9375,0.0,3.75,0.0,0.9375,-2.8125,3.75
16,3,0.0,-7.5,0.0,-7.5,0.0,-7.5,0.0,-11.25,0.0,-2.8125,0.0,-2.8125,0.0,0.0,-9.375,0.0,0.0,-11.25,0.0,0.0,-2.8125,-3.75,-1.875,0.0,0.0,0.0,0.0,-11.25,0.0,0.0,0.0,0.0,0.0,1.875,3.75,0.0,-7.5,0.0,3.75,0.0,0.0,0.0,0.0,0.0,-7.5,0.0,-3.75,-1.875,0.0,0.0,0.0,0.0,0.0,0.9375,0.0,3.75,0.0,0.0,-3.75,-7.5,3.75,0.0,0.0,0.0,7.5,-1.875,0.0,0.0,8.4375
16,4,0.0,-11.25,0.0,-11.25,0.0,-11.25,0.0,-13.125,0.0,-3.75,0.0,-3.75,0.0,0.0,-11.25,0.0,0.0,-13.125,0.0,0.0,-3.75,-3.75,-3.75,0.0,0.0,0.0,4.6875,-11.25,0.0,0.0,-1.875,0.0,0.0,0.9375,3.75,0.0,1.875,0.0,0.9375,-1.875,-7.5,0.0,0.0,0.0,-7.5,0.0,-3.75,-1.875,-1.875,0.0,0.0,3.75,-1.875,0.0,0.0,3.75,0.0,0.0,-1.875,-3.75,3.75,0.0,0.0,0.0,3.75,-1.875,0.9375,0.0,4.6875
16,5,0.0,-11.25,0.0,-11.25,0.0,-11.25,0.0,-13.125,0.0,-3.75,0.0,-3.75,0.0,0.0,-11.25,0.0,0.0,-13.125,0.0,0.0,-3.75,-3.75,-3.75,0.0,0.0,0.0,4.6875,-7.5,0.0,0.0,-1.875,0.0,0.0,0.9375,3.75,0.0,3.75,0.0,0.9375,-1.875,-6.5625,0.0,0.0,0.0,-7.5,0.0,-3.75,-3.75,-1.875,0.0,0.0,3.75,-1.875,0.0,0.0,3.75,0.0,0.0,-1.875,-3.75,3.75,0.0,0.0,0.0,3.75,-1.875,3.75,0.0,4.6875
17,3,0.0,-9.375,0.0,-7.5,0.0,-8.4375,0.0,-11.25,0.0,-3.75,0.0,-3.75,0.0,0.0,-9.375,0.0,0.0,-11.25,0.0,0.0,-4.6875,-7.5,-3.75,0.0,0.0,0.0,0.0,0.0,0.0,0.9375,0.0,0.0,0.0,0.9375,3.75,0.0,3.75,0.0,3.75,-3.75,4.6875,0.0,0.0,0.0,-10.3125,0.0,-3.75,-3.75,0.0,0.0,0.0,0.0,-1.875,1.875,0.0,3.75,0.0,-2.8125,-3.75,0.0,0.9375,0.0,0.0,0.0,4.6875,-2.8125,0.0,0.0,7.5
17,4,0.0,-11.25,0.0,-13.125,0.0,-14.0625,0.0,-15.0,0.0,-3.75,0.0,-5.625,0.0,0.0,-14.0625,0.0,0.0,-15.0,0.0,0.0,-6.5625,-7.5,-6.5625,0.0,0.0,0.0,3.75,11.25,0.0,0.0,-1.875,0.0,0.0,1.875,3.75,0.0,3.75,0.0,3.75,-3.75,0.0,0.0,0.0,0.0,-5.625,0.0,-3.75,-3.75,0.0,0.0,0.0,0.9375,-3.75,0.0,0.0,3.75,0.0,-3.75,0.0,0.0,0.9375,0.9375,0.0,0.0,3.75,-3.75,0.0,0.0,4.6875
17,5,0.0,-11.25,0.0,-13.125,0.0,-14.0625,0.0,-15.0,0.0,-3.75,0.0,-5.625,0.0,0.0,-14.0625,0.0,0.0,-15.0,0.0,0.0,-6.5625,-7.5,-3.75,0.0,0.0,0.0,3.75,7.5,0.0,0.0,-1.875,0.0,0.0,0.9375,3.75,0.0,5.625,0.0,3.75,-3.75,0.0,0.0,0.0,0.0,-7.5,0.0,-3.75,-3.75,0.0,0.0,0.0,0.9375,-3.75,0.0,0.0,3.75,0.0,-3.75,-1.875,1.875,0.9375,0.9375,0.0,0.0,3.75,-3.75,0.0,0.0,5.625
18,3,0.0,-9.375,0.0,-7.5,0.0,-9.375,0.0,-13.125,0.0,-3.75,0.0,-3.75,0.0,0.0,-11.25,0.0,0.0,-14.0625,0.0,0.0,-7.5,-7.5,-3.75,0.0,0.0,0.9375,0.0,7.5,0.0,0.0,0.0,0.0,0.0,0.0,0.9375,0.0,3.75,0.0,3.75,-3.75,7.5,0.0,0.0,0.0,-7.5,0.0,0.0,-3.75,0.0,0.9375,0.0,0.0,0.0,1.875,0.0,0.0,0.0,1.875,0.0,7.5,0.0,0.0,-1.875,-1.875,4.6875,-3.75,0.0,-2.8125,3.75
18,4,0.0,-11.25,0.0,-15.0,0.0,-15.0,0.0,-15.0,0.0,-3.75,0.0,-7.5,0.0,0.0,-15.0,0.0,0.0,-16.875,0.0,0.0,-7.5,-7.5,-6.5625,0.0,0.0,0.9375,3.75,11.25,0.0,0.9375,-1.875,0.0,0.0,0.0,1.875,0.0,3.75,0.0,3.75,-3.75,3.75,0.0,0.0,-1.875,0.0,0.0,0.0,-3.75,0.0,1.875,0.0,0.9375,-3.75,0.9375,0.0,3.75,0.0,-3.75,0.0,5.625,0.0,0.0,-1.875,-1.875,3.75,-3.75,0.0,0.0,3.75
18,5,0.0,-12.1875,0.0,-15.0,0.0,-15.0,0.0,-15.0,0.0,-3.75,0.0,-6.5625,0.0,0.0,-15.0,0.0,0.0,-16.875,0.0,0.0,-7.5,-7.5,-6.5625,0.0,0.0,0.9375,3.75,8.4375,0.0,0.9375,-1.875,0.0,0.0,0.0,3.75,0.0,3.75,0.0,3.75,-3.75,3.75,0.0,0.0,-1.875,-3.75,0.0,0.0,-3.75,0.0,0.9375,0.0,0.9375,-3.75,0.9375,0.0,3.75,0.0,-1.875,0.0,7.5,0.0,0.0,-1.875,-1.875,3.75,-3.75,0.0,0.0,3.75
19,3,0.0,-9.375,0.0,-7.5,0.0,-9.375,0.0,-13.125,0.0,-1.875,0.0,-3.75,0.0,0.0,-10.3125,0.0,0.0,-15.0,0.0,0.0,-9.375,-7.5,-3.75,0.0,0.0,0.9375,0.0,7.5,0.0,0.0,0.0,0.0,0.0,0.0,0.0,0.0,0.9375,0.0,0.9375,0.0,7.5,-1.875,0.0,0.0,-7.5,0.0,0.0,0.0,0.0,0.9375,0.0,0.0,0.0,3.75,0.0,0.0,-2.8125,1.875,0.0,7.5,0.0,0.0,-2.8125,-3.75,3.75,-3.75,0.0,0.0,3.75
19,4,0.0,-13.125,0.0,-15.0,0.0,-15.0,0.0,-17.8125,0.0,-1.875,0.0,-7.5,0.0,0.0,-16.875,0.0,-1.875,-18.75,0.0,0.0,-9.375,-7.5,-7.5,0.0,0.0,0.9375,3.75,11.25,0.0,0.0,0.0,0.0,0.0,0.0,0.9375,0.0,3.75,0.0,0.0,-1.875,7.5,-1.875,0.0,-1.875,1.875,0.0,0.0,-1.875,0.0,0.0,0.0,0.0,-3.75,3.75,0.0,0.9375,-2.8125,0.0,0.0,7.5,0.0,0.0,-1.875,-3.75,3.75,-3.75,0.0,0.0,3.75
19,5,0.0,-13.125,0.0,-15.0,0.0,-15.0,0.0,-16.875,0.0,-1.875,0.0,-7.5,0.0,0.0,-15.9375,0.0,-1.875,-17.8125,0.0,0.0,-9.375,-7.5,-7.5,0.0,0.0,1.875,3.75,8.4375,0.0,0.0,0.0,0.0,0.0,0.0,0.9375,0.0,3.75,0.0,0.9375,-1.875,7.5,-1.875,0.0,-1.875,0.0,0.0,0.0,-1.875,0.0,0.0,0.0,0.0,-3.75,3.75,0.0,0.9375,-2.8125,0.0,0.0,7.5,0.0,0.0,-2.8125,-3.75,3.75,-3.75,0.0,1.875,3.75
20,3,0.0,-7.5,0.0,-7.5,0.0,-7.5,0.0,-11.25,0.0,0.0,0.0,-3.75,0.0,0.0,-9.375,0.0,0.0,-15.0,0.0,0.0,-9.375,-7.5,-3.75,0.0,0.0,0.9375,0.0,4.6875,0.0,0.0,3.75,0.0,0.0,0.0,0.0,-1.875,0.9375,0.0,0.0,0.9375,7.5,-3.75,0.0,0.0,-3.75,0.0,0.0,0.0,0.0,3.75,0.0,0.0,0.0,3.75,0.0,3.75,-3.75,3.75,-3.75,7.5,-1.875,-1.875,-2.8125,-3.75,3.75,-5.625,0.0,0.9375,3.75
20,4,0.0,-13.125,0.0,-15.0,0.0,-15.0,0.0,-17.8125,0.0,0.0,0.0,-7.5,0.0,0.0,-16.875,0.0,-1.875,-18.75,0.0,0.0,-11.25,-7.5,-7.5,0.0,0.0,0.9375,0.9375,7.5,0.0,0.0,0.0,0.0,0.0,0.0,0.9375,-1.875,3.75,0.0,0.0,0.0,3.75,-3.75,0.0,-1.875,3.75,0.0,0.0,-1.875,0.0,3.75,0.0,-2.8125,-3.75,3.75,0.0,3.75,-3.75,1.875,0.0,7.5,-1.875,0.0,-1.875,-3.75,3.75,-3.75,0.0,3.75,3.75
20,5,0.0,-11.25,0.0,-15.0,0.0,-15.0,0.0,-16.875,0.0,0.0,0.0,-7.5,0.0,0.0,-15.0,0.0,-3.75,-18.75,0.0,0.0,-11.25,-7.5,-7.5,0.0,0.0,0.0,0.9375,7.5,0.0,0.0,0.0,-1.875,0.0,0.0,0.9375,-2.8125,3.75,0.0,0.0,0.0,3.75,-3.75,0.0,-1.875,3.75,0.0,0.0,-1.875,0.0,3.75,0.0,-2.8125,-3.75,3.75,0.0,3.75,-3.75,3.75,0.0,7.5,-1.875,0.0,-2.8125,-3.75,3.75,-3.75,0.0,3.75,3.75
21,3,0.0,-3.75,0.0,-3.75,0.0,-5.625,0.0,-11.25,0.0,0.0,0.0,-3.75,0.0,0.0,-7.5,0.0,0.0,-15.0,0.0,0.0,-13.125,-7.5,0.0,0.0,0.0,0.9375,0.0,3.75,0.9375,0.0,3.75,-3.75,0.0,0.0,0.9375,-3.75,0.9375,0.0,0.0,0.9375,3.75,-3.75,0.0,0.0,0.0,0.0,0.0,0.0,0.0,3.75,0.0,-1.875,3.75,3.75,0.0,0.0,-6.5625,4.6875,0.0,7.5,-2.8125,-3.75,0.0,-6.5625,0.9375,-3.75,-1.875,0.9375,-1.875
21,4,0.0,-11.25,0.0,-13.125,0.0,-15.0,0.0,-15.0,0.0,0.0,0.0,-7.5,0.0,0.0,-16.875,0.0,-1.875,-18.75,0.0,0.0,-13.125,0.0,-7.5,0.0,0.0,0.9375,0.0,7.5,0.9375,0.0,0.0,-3.75,0.0,0.0,0.9375,-3.75,3.75,0.0,0.0,0.9375,3.75,-3.75,0.0,-3.75,3.75,0.0,0.0,-1.875,0.0,3.75,0.0,-3.75,0.0,3.75,0.0,3.75,-6.5625,3.75,0.0,7.5,-3.75,-1.875,0.0,-3.75,0.9375,-1.875,0.0,3.75,0.0
21,5,0.0,-11.25,0.0,-14.0625,0.0,-15.0,0.0,-15.0,0.0,0.0,0.0,-7.5,0.0,0.0,-16.875,0.0,-1.875,-18.75,0.0,0.0,-13.125,0.0,-7.5,0.0,0.0,0.9375,0.0,7.5,0.9375,0.0,0.0,-3.75,0.0,0.0,0.9375,-3.75,3.75,0.0,0.0,0.9375,3.75,-3.75,0.0,-3.75,3.75,0.0,0.0,-3.75,0.0,3.75,0.0,-3.75,0.0,3.75,0.0,3.75,-6.5625,3.75,0.0,7.5,-3.75,-1.875,0.0,-3.75,0.9375,-1.875,0.0,3.75,0.0
22,3,0.0,0.0,0.0,0.0,0.0,0.0,0.0,-7.5,0.0,0.0,0.0,-1.875,0.0,0.0,-6.5625,0.0,0.0,-15.0,0.0,0.0,-14.0625,-1.875,3.75,0.0,0.0,1.875,0.0,3.75,0.9375,0.0,3.75,-7.5,0.0,0.0,0.0,-3.75,0.9375,0.0,0.0,0.0,3.75,0.0,0.0,-1.875,0.0,0.0,0.0,0.0,0.0,0.9375,0.0,-2.8125,7.5,3.75,0.0,0.0,-7.5,3.75,0.0,3.75,-3.75,-3.75,0.9375,-7.5,0.0,-1.875,0.0,0.0,-3.75
22,4,0.0,0.0,0.0,-9.375,0.0,-9.375,0.0,-11.25,0.0,0.0,0.0,-3.75,0.0,0.0,-15.0,0.0,0.0,-17.8125,0.0,0.0,-14.0625,3.75,0.0,-2.8125,0.0,3.75,0.0,3.75,0.0,0.0,0.0,-7.5,0.0,0.0,0.0,-3.75,0.9375,0.0,0.0,0.0,3.75,0.0,0.0,-3.75,3.75,0.0,0.0,0.0,0.0,0.0,0.0,-4.6875,3.75,3.75,0.0,0.0,-7.5,3.75,0.9375,3.75,-3.75,-3.75,0.0,-3.75,0.0,0.0,0.0,0.0,-3.75
22,5,0.0,-3.75,0.0,-7.5,0.0,-7.5,0.0,-7.5,0.0,0.0,0.0,-3.75,0.0,0.0,-15.0,0.0,0.0,-16.875,0.0,0.0,-14.0625,3.75,0.0,-2.8125,0.0,1.875,0.0,4.6875,0.9375,0.0,0.0,-7.5,0.0,0.0,0.0,-3.75,0.9375,0.0,0.0,0.0,3.75,0.0,0.0,-3.75,3.75,0.0,0.0,0.0,0.0,0.0,0.0,-3.75,3.75,3.75,0.0,0.0,-7.5,3.75,0.9375,4.6875,-3.75,-3.75,0.0,-5.625,0.0,0.0,0.0,0.0,-3.75
23,3,0.0,3.75,0.0,3.75,0.0,3.75,0.0,0.0,0.0,0.0,0.0,0.0,0.0,0.0,-3.75,0.0,0.0,-14.0625,0.0,0.0,-15.0,0.0,3.75,0.0,0.0,3.75,0.0,0.9375,0.0,0.0,0.9375,-7.5,0.0,0.0,0.0,-3.75,0.0,0.0,0.0,0.0,0.9375,-3.75,-1.875,-3.75,0.0,0.0,0.0,0.0,0.0,0.9375,0.0,-3.75,7.5,0.0,0.0,-1.875,-10.3125,3.75,3.75,3.75,-3.75,0.0,0.0,-7.5,0.0,0.0,0.0,0.0,-3.75
23,4,0.0,7.5,0.0,11.25,0.0,11.25,0.0,15.0,0.0,0.0,0.0,3.75,0.0,0.0,15.0,0.0,0.9375,16.875,0.0,0.0,-20.625,3.75,7.5,-3.75,0.0,0.0,0.0,3.75,0.0,0.0,-3.75,-7.5,0.0,0.0,0.0,-3.75,0.0,0.0,0.0,0.0,3.75,0.0,0.0,-3.75,3.75,0.0,0.0,0.0,0.0,0.9375,0.0,-7.5,5.625,0.0,0.0,0.0,-10.3125,3.75,3.75,3.75,-3.75,0.0,0.0,-3.75,0.0,1.875,0.0,0.0,-3.75
23,5,0.0,7.5,0.0,11.25,0.0,11.25,0.0,11.25,0.0,0.0,0.0,0.0,0.0,0.0,11.25,0.0,0.9375,15.0,0.0,0.0,-18.75,3.75,7.5,-3.75,0.0,1.875,0.0,3.75,0.0,0.0,-2.8125,-7.5,0.0,0.0,0.0,-3.75,0.0,0.0,0.0,0.0,3.75,0.0,0.0,-3.75,3.75,0.0,0.0,0.0,0.0,0.9375,0.0,-6.5625,7.5,0.0,0.0,0.0,-10.3125,3.75,3.75,3.75,-3.75,0.0,0.0,-3.75,0.0,0.9375,0.0,0.0,-3.75
24,3,0.0,3.75,0.0,3.75,0.0,3.75,0.0,4.6875,-1.875,0.0,0.0,0.0,0.0,0.0,0.0,0.0,0.0,-11.25,0.0,0.0,-16.875,0.0,3.75,-1.875,0.0,1.875,0.0,0.0,0.9375,0.0,0.0,-7.5,-3.75,0.0,0.0,-3.75,0.0,0.0,0.0,0.0,0.0,-1.875,-1.875,-3.75,0.0,0.0,0.0,0.0,0.0,3.75,0.0,-3.75,8.4375,-1.875,0.0,-3.75,-11.25,1.875,0.0,0.0,0.0,3.75,0.0,-9.375,-1.875,0.0,0.0,0.0,-7.5
24,4,0.0,8.4375,0.0,11.25,0.0,11.25,0.0,13.125,-1.875,0.0,0.0,3.75,0.0,0.0,13.125,0.0,3.75,16.875,0.0,0.0,-22.5,3.75,8.4375,-3.75,0.0,0.0,0.0,0.9375,0.0,0.0,-3.75,-7.5,-3.75,0.0,0.0,-3.75,0.0,0.0,0.0,0.0,0.9375,0.0,-0.9375,-3.75,0.9375,0.0,0.0,0.0,0.0,3.75,0.0,-7.5,7.5,-3.75,0.0,-1.875,-11.25,0.9375,0.0,0.0,0.0,0.9375,0.0,-3.75,-1.875,1.875,0.0,0.0,-3.75
24,5,0.0,11.25,0.0,11.25,0.0,11.25,0.0,12.1875,-1.875,0.0,0.0,3.75,0.0,0.0,13.125,0.0,3.75,16.875,0.0,0.0,-22.5,3.75,9.375,-3.75,0.0,0.0,0.0,1.875,0.0,0.0,-3.75,-7.5,-3.75,0.0,0.0,-3.75,0.0,0.0,0.0,0.0,0.9375,0.0,-1.875,-3.75,0.9375,0.0,0.0,0.0,0.0,3.75,0.0,-7.5,7.5,-3.75,0.0,-2.8125,-11.25,0.9375,0.0,0.0,0.0,0.9375,0.0,-3.75,-1.875,1.875,0.0,0.0,-6.5625
25,3,0.0,4.6875,0.0,3.75,0.0,3.75,0.0,7.5,-2.8125,0.0,0.0,0.0,0.0,0.0,4.6875,0.0,0.0,3.75,0.0,0.0,22.5,0.0,3.75,-3.75,0.0,-5.625,0.0,0.0,0.9375,0.0,0.0,-7.5,-3.75,0.0,-0.9375,-3.75,0.0,0.0,0.0,0.9375,0.0,0.0,-1.875,-3.75,0.0,0.0,-1.875,0.0,0.0,0.0,0.0,-3.75,7.5,-1.875,0.0,0.0,-13.125,0.0,0.0,0.0,1.875,3.75,0.0,-9.375,-1.875,0.0,0.0,0.0,-9.375
25,4,0.0,8.4375,0.0,11.25,0.0,11.25,0.0,13.125,-3.75,0.0,0.0,3.75,0.0,0.0,11.25,0.0,3.75,15.0,0.0,0.0,-24.375,0.9375,7.5,-6.5625,0.0,-1.875,0.0,0.0,0.0,0.0,-7.5,-3.75,-6.5625,0.0,-1.875,-3.75,0.0,0.0,0.0,0.0,0.0,0.0,-1.875,-3.75,0.0,0.0,-2.8125,0.0,0.0,0.0,0.0,-10.3125,7.5,-3.75,0.0,0.0,-11.25,0.0,0.0,0.0,0.0,0.9375,0.0,-3.75,0.0,0.0,0.0,0.0,-7.5
25,5,0.0,8.4375,0.0,11.25,0.0,11.25,0.0,11.25,-3.75,0.0,0.0,3.75,0.0,0.0,11.25,0.0,3.75,15.0,0.0,0.0,-22.5,0.9375,7.5,-6.5625,0.0,0.0,0.0,0.0,0.0,0.0,-7.5,-3.75,-5.625,0.0,-1.875,-3.75,0.0,0.0,0.0,0.9375,0.0,0.0,-1.875,-3.75,0.0,0.0,-2.8125,0.0,0.0,0.0,0.0,-7.5,7.5,-3.75,0.0,0.0,-11.25,0.0,0.0,0.0,0.0,0.9375,0.0,-3.75,-1.875,0.0,0.0,0.0,-7.5
26,3,0.0,4.6875,0.0,3.75,0.0,3.75,0.0,7.5,-3.75,0.0,0.0,0.0,0.0,0.0,4.6875,0.0,0.0,3.75,0.0,0.0,22.5,0.0,3.75,-3.75,0.0,-9.375,0.0,0.0,0.0,-0.9375,-5.625,-3.75,-7.5,0.0,-2.8125,-2.8125,0.0,0.0,0.0,0.0,0.0,0.0,-2.8125,0.0,0.0,0.0,-3.75,0.0,0.0,-3.75,0.0,-11.25,7.5,-3.75,0.0,0.0,-14.0625,0.0,0.0,-2.8125,0.0,3.75,3.75,-1.875,-1.875,-1.875,-3.75,-1.875,-9.375
26,4,0.0,7.5,0.0,9.375,0.0,11.25,0.0,11.25,-3.75,0.0,0.0,3.75,0.0,0.0,11.25,0.0,3.75,13.125,0.0,0.0,22.5,0.0,7.5,-7.5,0.0,-9.375,0.0,0.0,-1.875,-1.875,-7.5,1.875,-7.5,-1.875,-3.75,0.0,0.0,0.0,0.0,0.0,0.0,0.9375,-3.75,0.0,0.0,0.0,-3.75,0.0,0.0,-3.75,0.0,-11.25,7.5,-3.75,0.0,0.0,-11.25,0.0,0.0,-3.75,0.0,1.875,0.9375,0.0,0.0,0.0,-3.75,0.0,-6.5625
26,5,0.0,7.5,0.0,9.375,0.0,11.25,0.0,11.25,-5.625,0.0,0.0,3.75,0.0,0.0,11.25,0.0,3.75,13.125,0.0,0.0,19.6875,0.0,7.5,-7.5,0.0,-9.375,0.0,0.0,-1.875,-1.875,-7.5,0.0,-7.5,-1.875,-3.75,0.0,0.0,0.0,0.0,0.0,0.0,0.9375,-3.75,0.0,0.0,0.0,-3.75,0.0,0.0,-3.75,0.0,-11.25,7.5,-3.75,0.0,0.0,-11.25,0.0,0.0,-3.75,0.0,0.9375,3.75,0.0,0.0,0.0,-3.75,0.0,-6.5625
27,3,0.0,4.6875,0.0,3.75,0.0,3.75,0.0,5.625,-6.5625,0.0,0.0,0.0,0.0,0.0,3.75,0.0,0.0,0.9375,0.0,0.0,19.6875,0.0,3.75,-3.75,0.0,-9.375,0.0,0.0,0.0,-1.875,-11.25,0.0,-11.25,-1.875,-3.75,0.0,0.0,0.0,0.0,0.0,0.0,0.0,-3.75,0.0,-3.75,0.0,-3.75,0.0,0.0,-4.6875,0.0,14.0625,4.6875,-3.75,0.0,-3.75,13.125,0.0,0.0,-3.75,0.0,0.0,0.0,0.0,-3.75,0.0,-1.875,-3.75,-11.25
27,4,0.0,7.5,0.0,7.5,0.0,8.4375,0.0,9.375,-7.5,0.0,0.0,0.9375,0.0,0.0,7.5,0.0,1.875,11.25,0.0,0.0,20.625,0.0,4.6875,-7.5,0.0,-9.375,0.0,0.0,-3.75,-1.875,-11.25,3.75,-7.5,-3.75,-3.75,3.75,0.0,0.0,0.0,0.0,0.0,1.875,-3.75,3.75,-3.75,-1.875,-4.6875,0.0,0.0,-4.6875,0.0,-11.25,3.75,-7.5,0.0,-3.75,3.75,0.0,0.0,-3.75,0.0,0.0,0.0,3.75,-3.75,0.0,-1.875,-3.75,-3.75
27,5,0.0,7.5,0.0,7.5,0.0,8.4375,0.0,9.375,-7.5,0.0,0.0,0.9375,0.0,0.0,7.5,0.0,1.875,11.25,0.0,0.0,18.75,0.0,4.6875,-7.5,0.0,-9.375,0.0,0.0,-3.75,-1.875,-11.25,3.75,-7.5,-3.75,-3.75,3.75,0.0,0.0,0.0,0.0,0.0,0.9375,-3.75,3.75,-3.75,-1.875,-5.625,0.0,0.0,-5.625,0.0,-11.25,3.75,-7.5,0.0,-3.75,3.75,0.0,0.0,-3.75,0.0,0.0,0.0,3.75,-3.75,0.0,-1.875,-3.75,-3.75
28,3,0.0,3.75,0.0,3.75,0.0,3.75,0.0,3.75,-7.5,0.0,0.0,0.0,0.0,0.0,3.75,0.0,0.0,0.0,0.0,0.0,18.75,0.0,0.9375,-3.75,0.0,-9.375,0.0,0.0,-1.875,0.0,-14.0625,3.75,-13.125,-3.75,-5.625,0.0,0.0,0.0,0.0,0.0,0.0,0.0,-4.6875,0.0,-3.75,0.0,-3.75,0.0,0.0,-6.5625,0.0,15.0,3.75,-3.75,0.0,-3.75,15.0,0.0,0.0,-3.75,0.0,0.0,0.0,0.0,-3.75,0.0,0.0,-3.75,-13.125
28,4,0.0,7.5,0.0,7.5,0.0,7.5,0.0,7.5,-7.5,0.0,0.0,1.875,0.0,-1.875,7.5,0.0,0.9375,7.5,0.0,0.0,18.75,0.0,3.75,0.0,0.0,-13.125,0.0,0.0,-7.5,0.0,-11.25,7.5,-7.5,-6.5625,-6.5625,3.75,0.0,0.0,0.0,0.0,0.0,0.0,-7.5,1.875,-3.75,0.0,-7.5,0.0,0.0,-7.5,0.0,-11.25,3.75,-6.5625,0.0,-3.75,11.25,0.0,0.0,-3.75,0.0,0.0,0.0,3.75,-3.75,0.0,-1.875,-3.75,0.0
28,5,0.0,7.5,0.0,7.5,0.0,7.5,0.0,7.5,-7.5,0.0,0.0,0.0,0.0,-1.875,7.5,0.0,0.9375,7.5,0.0,0.0,16.875,0.0,3.75,0.0,0.0,-9.375,0.0,0.0,-6.5625,0.0,-11.25,5.625,-7.5,-5.625,-6.5625,3.75,0.0,0.0,0.0,0.0,0.0,0.0,-7.5,1.875,-3.75,0.0,-7.5,0.0,0.0,-7.5,0.0,-7.5,3.75,-3.75,0.0,-3.75,11.25,0.0,0.0,-3.75,0.0,0.0,0.0,3.75,-3.75,0.0,0.0,-3.75,0.0
29,3,0.0,3.75,0.0,3.75,0.0,3.75,0.0,3.75,-7.5,0.0,0.0,0.0,0.0,-1.875,1.875,0.0,0.0,0.0,0.0,0.0,15.9375,0.0,0.9375,3.75,0.0,-9.375,0.0,0.0,-1.875,0.0,15.0,4.6875,-11.25,-3.75,-7.5,0.0,0.9375,0.9375,0.0,0.0,-1.875,0.0,-6.5625,0.0,-3.75,0.0,-5.625,0.0,0.0,-7.5,0.0,15.9375,3.75,0.0,0.0,0.0,13.125,0.0,-1.875,-1.875,0.0,0.0,1.875,0.0,-6.5625,-1.875,0.0,-3.75,12.1875
29,4,0.0,4.6875,0.0,5.625,0.0,5.625,0.0,7.5,-7.5,-1.875,0.0,0.0,0.0,-2.8125,4.6875,0.0,0.0,5.625,0.0,0.0,15.9375,0.0,1.875,3.75,0.0,-15.0,0.0,0.0,-9.375,0.0,-7.5,4.6875,-7.5,-7.5,-7.5,3.75,0.0,0.0,0.0,-3.75,-1.875,0.0,-7.5,0.0,-3.75,0.0,-9.375,0.0,0.0,-10.3125,0.0,15.0,3.75,-1.875,0.0,-3.75,11.25,0.0,-3.75,-3.75,0.0,0.0,0.0,0.0,-3.75,0.0,0.0,-3.75,0.0
29,5,0.0,4.6875,0.0,5.625,0.0,5.625,0.0,7.5,-7.5,-1.875,0.0,0.0,0.0,-2.8125,4.6875,0.0,0.0,7.5,0.0,0.0,15.9375,0.0,1.875,3.75,0.0,-15.0,0.0,0.0,-9.375,0.0,-7.5,4.6875,-7.5,-7.5,-7.5,3.75,0.0,0.0,0.0,-3.75,-1.875,0.0,-7.5,0.0,-3.75,0.0,-9.375,0.0,0.0,-10.3125,0.0,15.0,3.75,-3.75,0.0,-3.75,11.25,0.0,-3.75,-3.75,0.0,0.0,0.0,0.0,-3.75,0.0,-1.875,-3.75,1.875
30,3,0.0,3.75,0.0,3.75,0.0,1.875,0.0,1.875,-9.375,0.0,0.0,0.0,0.0,-1.875,0.9375,0.0,0.0,0.0,0.0,0.0,14.0625,0.0,0.0,7.5,0.0,-9.375,0.0,0.0,-3.75,0.0,15.0,3.75,-9.375,-5.625,-7.5,0.0,1.875,0.0,0.0,-1.875,-3.75,0.0,-7.5,0.0,-5.625,0.0,-7.5,0.0,0.0,-9.375,0.0,15.9375,0.9375,0.9375,0.0,0.0,11.25,0.0,-5.625,0.0,0.0,0.9375,0.0,0.0,-7.5,0.0,0.0,-6.5625,11.25
30,4,0.0,3.75,0.0,3.75,0.0,3.75,0.0,3.75,-7.5,-1.875,0.0,0.0,0.0,-3.75,3.75,0.0,0.0,3.75,0.0,0.0,15.0,0.0,0.0,7.5,0.0,-15.0,0.0,0.0,-11.25,0.0,11.25,3.75,0.0,-10.3125,-11.25,0.9375,0.0,0.0,-1.875,-3.75,-3.75,0.0,-10.3125,0.0,-3.75,0.0,-11.25,0.0,0.0,-11.25,0.0,15.0,0.0,3.75,0.0,-3.75,11.25,0.0,-6.5625,0.0,0.0,0.9375,0.0,0.0,-3.75,0.0,0.9375,-3.75,3.75
30,5,0.0,3.75,0.0,4.6875,0.0,3.75,0.0,3.75,-7.5,-3.75,0.0,0.0,0.0,-3.75,3.75,0.0,0.0,3.75,0.0,0.0,15.0,0.0,0.0,7.5,0.0,-15.0,0.0,0.0,-11.25,0.0,11.25,3.75,0.0,-10.3125,-11.25,0.0,0.0,0.0,-1.875,-3.75,-3.75,0.0,-10.3125,0.0,-3.75,0.0,-11.25,0.0,0.0,-11.25,0.0,15.0,0.0,1.875,0.0,-3.75,11.25,0.0,-6.5625,0.0,0.0,1.875,0.0,0.0,-3.75,0.0,0.0,-3.75,3.75
31,3,0.0,1.875,0.0,1.875,0.0,0.9375,0.0,0.9375,-7.5,0.0,0.0,0.0,0.0,-3.75,0.0,0.0,0.0,0.0,0.0,0.0,11.25,0.0,0.0,3.75,0.0,-9.375,1.875,0.0,-5.625,0.0,14.0625,3.75,0.0,-7.5,-9.375,0.0,1.875,0.0,-3.75,-1.875,-3.75,0.0,-7.5,0.0,-3.75,0.0,-7.5,-1.875,0.9375,-11.25,0.0,15.0,0.0,3.75,0.0,0.0,10.3125,0.0,-7.5,0.9375,0.0,3.75,0.0,0.0,-7.5,0.0,0.9375,-7.5,11.25
31,4,0.0,3.75,0.0,3.75,0.0,3.75,0.0,3.75,-3.75,-3.75,0.0,0.0,0.0,-3.75,3.75,0.0,0.0,3.75,0.0,0.0,12.1875,0.0,0.0,7.5,0.0,-15.0,0.0,0.0,-11.25,0.0,13.125,3.75,7.5,-11.25,-11.25,0.0,0.0,0.0,-3.75,-6.5625,-3.75,0.0,-11.25,0.0,-3.75,0.0,-12.1875,0.0,0.0,-15.0,0.0,15.0,0.0,4.6875,0.0,-3.75,8.4375,0.0,-8.4375,0.9375,0.0,0.9375,0.0,0.0,-3.75,0.9375,3.75,-5.625,7.5
31,5,0.0,3.75,0.0,3.75,0.0,3.75,0.0,3.75,-3.75,-3.75,0.0,0.0,0.0,-3.75,3.75,0.0,0.0,3.75,0.0,0.0,12.1875,0.0,0.0,7.5,0.0,-15.0,0.0,0.0,-11.25,0.0,11.25,3.75,3.75,-11.25,-11.25,0.0,0.0,0.0,-3.75,-6.5625,-3.75,0.0,-11.25,0.0,-3.75,0.0,-11.25,0.0,0.0,-14.0625,0.0,13.125,0.0,3.75,0.0,-3.75,7.5,0.0,-7.5,3.75,0.0,3.75,0.0,0.0,-3.75,0.9375,1.875,-3.75,7.5
32,3,0.0,0.9375,0.0,0.9375,0.0,0.9375,0.0,0.0,0.0,0.0,0.0,0.0,0.0,-3.75,0.0,0.0,0.0,0.0,0.0,0.0,9.375,0.0,0.0,3.75,0.0,-15.0,3.75,0.0,-7.5,0.0,11.25,3.75,1.875,-5.625,-9.375,0.0,0.9375,0.0,-3.75,-3.75,-3.75,0.0,-7.5,0.0,-3.75,0.0,-7.5,-1.875,0.9375,-11.25,0.0,12.1875,0.0,3.75,0.0,0.0,7.5,0.0,-9.375,3.75,0.0,0.0,0.0,0.0,-7.5,0.0,0.9375,-3.75,11.25
32,4,0.0,3.75,0.0,3.75,0.0,3.75,0.0,1.875,3.75,-3.75,0.0,0.0,0.0,-3.75,0.9375,0.0,0.0,0.9375,0.0,0.0,11.25,0.0,0.0,7.5,0.0,-15.0,0.9375,0.0,-14.0625,0.0,11.25,3.75,7.5,-13.125,-14.0625,0.0,0.0,-2.8125,-7.5,-7.5,-3.75,0.0,-13.125,0.0,0.0,0.0,-14.0625,0.0,1.875,-15.9375,0.0,11.25,0.0,4.6875,0.0,0.0,4.6875,0.0,-9.375,3.75,0.0,0.0,0.0,0.0,-3.75,0.0,3.75,-1.875,7.5
32,5,0.0,3.75,0.0,3.75,0.0,3.75,0.0,1.875,3.75,-3.75,0.0,0.0,0.0,-3.75,0.9375,0.0,0.0,0.9375,0.0,0.0,11.25,0.0,0.0,7.5,0.0,-15.0,0.9375,0.0,-14.0625,0.0,11.25,3.75,7.5,-13.125,-14.0625,0.0,0.0,-2.8125,-7.5,-7.5,-3.75,0.0,-13.125,0.0,0.0,0.0,-14.0625,0.0,0.9375,-15.0,0.0,11.25,0.0,4.6875,0.0,0.0,4.6875,0.0,-9.375,3.75,0.0,0.0,0.0,0.0,-3.75,0.0,3.75,0.0,7.5
33,3,0.0,0.9375,0.0,0.0,0.0,0.0,0.0,0.0,3.75,0.0,0.0,0.0,0.0,0.0,0.0,0.0,-0.9375,0.0,0.0,0.0,4.6875,0.0,0.0,3.75,0.0,-9.375,3.75,0.0,-5.625,0.0,9.375,3.75,1.875,-7.5,-9.375,-1.875,0.0,0.0,-6.5625,-3.75,-3.75,0.0,-7.5,0.0,0.0,0.0,-7.5,0.0,0.9375,-12.1875,0.0,11.25,0.0,3.75,0.0,3.75,3.75,-1.875,-14.0625,0.0,1.875,0.0,-3.75,0.0,-10.3125,0.0,0.9375,3.75,11.25
33,4,0.0,0.9375,0.0,0.9375,0.0,0.9375,0.0,0.9375,4.6875,0.0,0.0,0.0,0.0,-3.75,0.0,0.0,0.0,0.0,0.0,0.0,7.5,0.0,0.0,4.6875,0.0,-15.0,3.75,0.0,-14.0625,0.0,11.25,0.9375,3.75,-15.0,-15.0,0.0,0.0,-1.875,-7.5,-9.375,-1.875,0.0,-15.0,0.0,1.875,0.0,-15.0,0.0,0.0,-18.75,0.0,9.375,0.0,3.75,0.0,3.75,3.75,0.0,-15.0,0.0,3.75,0.0,-3.75,0.0,-3.75,0.0,3.75,3.75,3.75
33,5,0.0,0.9375,0.0,0.9375,0.0,0.9375,0.0,0.9375,5.625,0.0,0.0,0.0,0.0,-3.75,0.0,0.0,0.0,0.0,0.0,0.0,8.4375,-1.875,0.0,4.6875,0.0,-15.0,3.75,0.0,-14.0625,0.0,11.25,0.9375,3.75,-14.0625,-15.0,0.0,0.0,-2.8125,-7.5,-8.4375,-1.875,0.0,-14.0625,0.0,0.0,0.0,-15.0,0.0,0.0,-16.875,0.0,8.4375,0.0,3.75,0.0,3.75,3.75,0.0,-13.125,0.0,3.75,0.0,-3.75,0.0,-3.75,0.0,3.75,3.75,3.75
34,3,0.0,0.0,0.0,0.0,0.0,0.0,0.0,0.0,3.75,0.0,0.0,0.0,0.0,0.9375,0.0,0.0,0.0,0.0,0.0,0.0,3.75,0.0,0.0,1.875,0.0,-7.5,3.75,0.0,-3.75,0.0,7.5,0.9375,0.0,-5.625,-7.5,-1.875,0.0,-1.875,-6.5625,-1.875,0.0,0.0,-7.5,0.0,0.0,0.0,-7.5,0.0,0.0,-12.1875,0.0,7.5,0.0,3.75,0.0,4.6875,0.9375,-1.875,-15.0,0.0,3.75,0.0,-6.5625,-1.875,-7.5,0.0,0.0,5.625,3.75
34,4,0.0,0.0,0.0,0.0,0.0,0.0,0.0,0.0,5.625,0.0,0.0,0.0,0.0,0.0,0.0,0.0,0.0,0.0,0.0,0.0,5.625,-1.875,0.0,3.75,0.0,-15.0,3.75,0.0,-14.0625,0.0,8.4375,0.0,3.75,-15.0,-15.0,-1.875,0.0,-3.75,-7.5,-7.5,0.0,0.0,-15.0,0.0,0.9375,0.0,-15.0,-3.75,0.0,-18.75,0.0,7.5,0.0,3.75,0.0,4.6875,1.875,-1.875,-15.0,0.0,3.75,0.0,-3.75,0.0,-3.75,0.0,1.875,7.5,0.9375
34,5,0.0,0.0,0.0,0.0,0.0,0.0,0.0,0.0,7.5,0.0,0.0,0.0,0.0,0.0,0.0,0.0,0.0,0.0,0.0,0.0,7.5,-1.875,0.0,3.75,0.0,-15.0,3.75,0.0,-15.0,0.0,8.4375,0.0,3.75,-15.0,-15.0,-1.875,0.0,-3.75,-7.5,-9.375,0.0,0.0,-15.0,0.0,0.9375,0.0,-15.0,-3.75,0.0,-17.8125,0.0,7.5,0.0,3.75,0.0,4.6875,0.9375,-1.875,-15.0,0.0,3.75,1.875,-3.75,-1.875,-3.75,0.0,1.875,7.5,0.9375
35,3,0.0,0.0,0.0,0.0,0.0,0.0,0.0,0.0,3.75,0.0,0.0,0.0,0.0,3.75,0.0,0.0,0.0,0.0,0.0,0.0,0.9375,0.0,0.0,0.9375,0.0,0.0,3.75,0.0,0.0,-0.9375,4.6875,0.9375,0.0,-3.75,-5.625,-0.9375,0.0,-1.875,-5.625,0.0,1.875,0.0,-3.75,0.9375,0.0,0.0,-3.75,-1.875,0.0,-8.4375,0.0,7.5,0.0,0.0,0.0,5.625,-3.75,-3.75,-9.375,-1.875,0.0,0.0,-7.5,0.0,-7.5,0.0,0.0,5.625,3.75
35,4,0.0,0.0,0.0,0.0,0.0,0.0,0.0,0.0,4.6875,0.9375,0.0,0.0,0.0,3.75,0.0,0.0,-1.875,0.0,0.0,0.0,3.75,-1.875,0.0,3.75,0.0,-7.5,3.75,0.0,-9.375,0.0,7.5,0.0,0.0,-11.25,-11.25,0.0,0.0,-3.75,-7.5,-7.5,0.0,0.0,-11.25,0.0,3.75,0.0,-15.0,-3.75,0.0,-16.875,0.0,3.75,0.0,0.9375,0.0,7.5,-3.75,-3.75,-9.375,0.0,0.0,0.0,-3.75,0.0,-1.875,0.0,0.0,7.5,3.75
35,5,0.0,0.0,0.0,0.0,0.0,0.0,0.0,0.0,4.6875,0.9375,0.0,0.0,0.0,3.75,0.0,0.0,-1.875,0.0,0.0,0.0,3.75,-1.875,0.0,3.75,0.0,-7.5,3.75,0.0,-11.25,0.0,7.5,0.0,0.9375,-11.25,-11.25,0.0,0.0,-3.75,-7.5,-7.5,0.0,0.0,-11.25,1.875,3.75,0.0,-15.0,-3.75,0.0,-17.8125,0.0,3.75,-1.875,0.9375,0.0,7.5,-3.75,-3.75,-9.375,0.0,0.0,0.9375,-3.75,0.0,-1.875,0.0,0.0,7.5,3.75
36,3,0.0,0.0,0.0,0.0,0.0,0.0,0.0,0.0,1.875,0.0,0.0,0.0,0.0,3.75,0.0,0.0,-3.75,0.0,0.0,0.0,0.0,0.0,0.0,0.0,0.0,3.75,0.9375,0.0,3.75,-1.875,3.75,0.9375,0.0,3.75,3.75,-1.875,0.0,0.0,-3.75,0.9375,3.75,0.0,3.75,0.0,0.0,0.0,3.75,0.0,0.0,11.25,0.0,3.75,-1.875,-3.75,0.0,4.6875,-6.5625,-3.75,16.875,-3.75,0.0,-1.875,-3.75,0.0,0.0,-1.875,0.0,3.75,3.75
36,4,0.0,0.0,0.0,0.0,0.0,0.0,0.0,0.0,3.75,3.75,0.0,0.0,0.0,5.625,0.0,0.0,-3.75,0.0,0.0,0.0,3.75,0.0,0.0,0.9375,0.0,9.375,0.9375,0.0,11.25,-1.875,4.6875,0.0,0.0,9.375,9.375,0.0,0.0,0.0,-7.5,4.6875,0.9375,0.0,11.25,0.0,1.875,0.0,12.1875,-3.75,0.0,15.9375,0.0,3.75,0.0,-1.875,0.0,4.6875,-3.75,-3.75,9.375,-1.875,0.0,0.0,-3.75,0.0,0.0,-1.875,0.0,3.75,0.9375
36,5,0.0,0.0,0.0,0.0,0.0,0.0,0.0,0.0,3.75,3.75,0.0,0.0,0.0,4.6875,0.0,0.0,-3.75,0.0,0.0,0.0,3.75,0.0,0.0,0.9375,0.0,11.25,0.9375,0.0,11.25,-2.8125,4.6875,0.0,0.0,13.125,15.0,0.0,0.0,0.0,-7.5,7.5,0.9375,0.0,13.125,0.0,3.75,0.0,15.0,-3.75,0.0,18.75,0.0,3.75,0.0,-1.875,0.0,7.5,-3.75,-3.75,15.0,-1.875,0.0,-1.875,-3.75,0.0,0.0,-1.875,0.0,3.75,0.9375
37,3,0.0,0.0,0.0,0.0,0.0,0.0,0.0,0.0,0.9375,0.0,0.0,0.0,0.0,3.75,0.0,0.0,-3.75,0.0,0.0,0.0,0.0,0.0,-1.875,0.0,0.0,7.5,0.0,0.0,4.6875,-3.75,3.75,0.0,0.0,4.6875,7.5,-1.875,0.0,0.0,-3.75,3.75,3.75,0.0,7.5,0.0,0.0,0.0,5.625,-1.875,0.0,11.25,0.0,0.9375,1.875,-3.75,0.9375,3.75,-7.5,-6.5625,15.0,-3.75,0.9375,-1.875,-11.25,3.75,3.75,0.0,-3.75,0.9375,0.0
37,4,0.0,0.0,0.0,0.0,0.0,0.0,0.0,0.0,3.75,0.9375,0.0,0.0,0.0,4.6875,0.0,0.0,-3.75,0.0,0.0,0.0,1.875,0.0,0.0,0.0,0.0,11.25,0.9375,0.0,15.0,-3.75,3.75,0.0,0.0,15.0,15.0,0.0,0.0,0.0,-3.75,8.4375,3.75,0.0,15.0,0.0,0.0,0.0,15.0,-3.75,-1.875,18.75,0.0,0.0,1.875,-3.75,0.0,3.75,-3.75,-3.75,15.9375,0.0,0.0,-1.875,-3.75,0.9375,1.875,0.0,-1.875,0.9375,0.0
37,5,0.0,0.0,0.0,0.0,0.0,0.0,0.0,0.0,3.75,0.9375,0.0,0.0,0.0,4.6875,0.0,0.0,-3.75,0.0,0.0,0.0,3.75,0.0,0.0,0.0,0.0,11.25,0.9375,0.0,13.125,-3.75,3.75,0.0,0.0,15.0,15.0,0.0,0.0,0.0,-3.75,9.375,3.75,0.0,15.0,0.0,0.0,0.0,15.9375,-3.75,-1.875,18.75,0.0,0.0,0.9375,-3.75,0.0,3.75,-6.5625,-1.875,15.0,0.0,0.0,-1.875,-3.75,0.9375,1.875,0.0,-1.875,0.9375,0.0
38,3,0.0,0.0,0.0,0.0,0.0,0.0,0.0,0.0,0.0,0.0,0.0,0.0,0.0,3.75,0.0,0.0,-3.75,0.0,0.0,0.0,0.0,0.0,0.0,0.0,0.0,7.5,0.0,0.0,5.625,-3.75,0.9375,-1.875,0.0,5.625,8.4375,0.0,1.875,0.0,0.0,3.75,3.75,0.0,7.5,0.9375,0.0,0.0,7.5,0.0,-3.75,11.25,0.0,0.0,7.5,-6.5625,3.75,3.75,-10.3125,-3.75,14.0625,0.0,0.0,0.0,-11.25,0.0,0.0,0.0,-2.8125,3.75,0.0
38,4,0.0,0.0,0.0,0.0,0.0,0.0,0.0,0.0,0.9375,0.0,0.0,0.0,0.0,3.75,0.0,0.0,-1.875,0.0,0.0,0.0,0.9375,0.0,0.0,0.0,0.0,11.25,0.0,0.0,15.0,-3.75,0.9375,-1.875,0.0,15.0,15.0,0.0,0.0,0.0,0.0,11.25,3.75,0.0,15.0,0.9375,0.0,0.0,15.9375,0.0,-1.875,18.75,0.0,0.0,3.75,-3.75,0.9375,3.75,-7.5,0.0,15.0,0.0,0.0,0.0,-5.625,0.0,0.0,0.0,-1.875,1.875,0.0
38,5,0.0,0.0,0.0,0.0,0.0,0.0,0.0,0.0,0.9375,0.0,0.0,0.0,0.0,3.75,0.0,0.0,-1.875,0.0,0.0,0.0,0.9375,0.0,0.0,0.0,0.0,11.25,0.0,0.0,13.125,-3.75,0.9375,-1.875,0.0,15.0,15.0,0.0,0.0,0.0,0.0,11.25,3.75,0.0,15.0,0.9375,0.0,0.0,15.9375,0.0,-3.75,18.75,0.0,0.0,3.75,-3.75,0.9375,3.75,-7.5,0.0,15.0,0.0,0.0,0.0,-7.5,0.0,0.0,0.0,-1.875,1.875,0.0
39,3,0.0,0.0,0.0,0.0,0.0,0.0,0.0,0.0,0.0,0.0,0.0,0.0,0.0,3.75,0.0,0.0,-1.875,0.0,0.0,0.0,0.0,0.0,0.0,0.0,0.0,7.5,0.0,-1.875,5.625,-3.75,0.0,-1.875,0.0,5.625,8.4375,0.0,3.75,0.0,0.0,3.75,0.9375,0.0,8.4375,3.75,0.0,0.0,8.4375,4.6875,-3.75,11.25,0.0,0.9375,0.0,-7.5,3.75,3.75,-10.3125,4.6875,11.25,0.0,0.0,0.0,-7.5,0.0,-1.875,-3.75,0.0,0.0,-1.875
39,4,0.0,0.0,0.0,0.0,0.0,0.0,0.0,0.0,0.0,0.0,0.0,0.0,0.0,3.75,0.0,0.0,0.0,0.0,0.0,0.0,0.0,0.9375,1.875,0.0,0.0,11.25,0.0,-1.875,11.25,-3.75,0.0,-1.875,0.0,13.125,15.0,0.0,0.0,0.0,3.75,9.375,0.9375,0.0,15.0,3.75,0.0,0.0,15.0,7.5,-3.75,16.875,0.0,0.0,3.75,-6.5625,3.75,3.75,-7.5,5.625,13.125,0.9375,-1.875,0.0,0.0,0.0,0.0,0.0,0.0,0.0,-1.875
39,5,0.0,0.0,0.0,0.0,0.0,0.0,0.0,0.0,0.0,0.0,0.0,0.0,0.0,3.75,0.0,0.0,0.0,0.0,0.0,0.0,0.0,0.9375,0.9375,0.0,0.0,11.25,0.0,-1.875,12.1875,-3.75,0.0,-1.875,0.0,13.125,15.0,0.0,0.0,0.0,3.75,9.375,0.9375,0.0,15.0,3.75,0.0,0.0,15.0,5.625,-3.75,15.9375,0.0,0.0,3.75,-6.5625,3.75,3.75,-7.5,4.6875,12.1875,0.9375,-1.875,0.0,0.0,0.0,0.0,0.0,0.0,0.0,-1.875
40,3,0.0,0.0,0.0,0.0,0.0,0.0,0.0,0.0,0.0,0.0,0.0,0.0,0.0,0.9375,0.0,0.0,0.0,0.0,0.0,0.0,0.0,1.875,-1.875,0.0,0.0,7.5,0.0,-3.75,5.625,-3.75,0.0,-3.75,0.0,5.625,7.5,0.0,0.0,-2.8125,0.0,3.75,0.9375,0.0,7.5,3.75,0.0,0.0,7.5,7.5,-7.5,9.375,0.0,0.0,0.0,-7.5,0.9375,0.0,-7.5,9.375,8.4375,0.0,0.0,-5.625,5.625,0.0,0.0,-6.5625,0.0,-1.875,-1.875
40,4,0.0,0.0,0.0,0.0,0.0,0.0,0.0,0.0,0.0,0.0,0.0,0.0,0.0,0.9375,0.0,0.0,0.0,0.0,0.0,0.0,0.0,0.9375,0.0,0.0,0.0,11.25,0.0,-3.75,11.25,-3.75,0.0,-3.75,0.0,11.25,13.125,0.0,0.0,-3.75,3.75,7.5,0.0,0.0,12.1875,3.75,0.0,0.0,15.0,8.4375,-1.875,15.0,0.0,0.0,0.9375,-7.5,0.0,0.0,-1.875,9.375,11.25,0.9375,-1.875,-3.75,1.875,0.0,0.0,-3.75,0.0,-1.875,-3.75
40,5,0.0,0.0,0.0,0.0,0.0,0.0,0.0,0.0,0.0,0.0,0.0,0.0,0.0,0.9375,0.0,0.0,0.0,0.0,0.0,0.0,0.0,0.9375,0.0,0.0,0.0,11.25,0.0,-3.75,11.25,-5.625,0.0,-3.75,0.0,11.25,13.125,0.0,0.0,-1.875,3.75,7.5,0.9375,-1.875,12.1875,3.75,0.0,0.0,14.0625,10.3125,-1.875,15.0,0.0,0.0,0.9375,-7.5,0.0,0.0,0.0,11.25,11.25,0.9375,-1.875,-3.75,1.875,0.0,0.0,-3.75,0.0,-2.8125,-3.75
41,3,0.0,0.0,0.0,0.0,0.0,0.0,0.0,0.0,0.0,0.0,0.0,0.0,0.0,0.0,0.0,0.0,0.0,0.0,0.0,0.0,0.0,3.75,-1.875,0.0,0.0,7.5,0.0,-3.75,5.625,-3.75,0.0,-3.75,0.0,4.6875,7.5,0.0,0.0,-3.75,0.9375,3.75,0.0,-1.875,7.5,0.9375,0.0,0.0,7.5,7.5,-3.75,9.375,0.0,0.0,0.0,-3.75,0.0,0.0,7.5,5.625,7.5,0.0,0.0,-5.625,3.75,0.0,0.0,-5.625,0.0,-1.875,0.0
41,4,0.0,0.0,0.0,0.0,0.0,0.0,0.0,0.0,0.0,0.0,0.0,0.0,0.0,0.0,0.0,0.0,0.0,0.0,0.0,0.0,0.0,0.9375,0.0,0.0,0.0,8.4375,0.0,-3.75,11.25,-3.75,-1.875,-3.75,0.0,11.25,11.25,0.0,0.0,-3.75,3.75,7.5,0.0,0.0,11.25,0.9375,0.0,0.0,11.25,11.25,0.0,13.125,0.0,0.0,3.75,-3.75,0.0,0.0,3.75,7.5,7.5,0.9375,-1.875,-3.75,1.875,0.0,0.0,-3.75,0.0,-1.875,0.0
41,5,0.0,0.0,0.0,0.0,0.0,0.0,0.0,0.0,0.0,0.0,0.0,0.0,0.0,0.0,0.0,0.0,0.0,0.0,0.0,0.0,0.0,0.9375,0.0,0.0,0.0,8.4375,0.0,-3.75,11.25,-3.75,-1.875,-3.75,0.0,11.25,11.25,0.0,0.0,-3.75,3.75,7.5,0.0,0.0,11.25,0.9375,0.0,0.0,11.25,11.25,0.0,13.125,0.0,0.0,3.75,-3.75,0.0,0.0,3.75,7.5,7.5,0.9375,-1.875,-3.75,1.875,0.0,0.0,-3.75,0.0,-2.8125,0.0
42,3,0.0,0.0,0.0,0.0,0.0,0.0,0.0,0.0,-0.9375,0.0,0.0,0.0,0.0,0.0,0.0,0.0,0.0,0.0,0.0,0.0,0.0,0.0,0.0,0.0,0.0,4.6875,0.0,-6.5625,3.75,-1.875,0.0,-1.875,0.0,4.6875,6.5625,0.0,-7.5,-7.5,0.9375,1.875,0.0,-3.75,6.5625,3.75,0.0,0.0,5.625,4.6875,3.75,7.5,0.0,1.875,0.0,0.0,-1.875,0.0,7.5,1.875,4.6875,0.0,-3.75,-5.625,3.75,0.0,0.0,-3.75,0.0,-3.75,0.0
42,4,0.0,0.0,0.0,0.0,0.0,0.0,0.0,0.0,-1.875,0.0,0.0,0.0,0.0,0.0,0.0,0.0,0.0,0.0,0.0,0.0,0.0,0.9375,0.0,0.0,0.0,7.5,0.0,-7.5,7.5,-3.75,-1.875,-1.875,0.0,8.4375,9.375,0.0,-3.75,-7.5,3.75,3.75,0.0,0.0,8.4375,3.75,0.0,0.0,11.25,7.5,1.875,11.25,0.0,0.9375,1.875,0.0,-1.875,0.0,1.875,3.75,5.625,0.0,-1.875,-3.75,3.75,0.0,0.0,0.0,0.0,-3.75,0.0
42,5,0.0,0.0,0.0,0.0,0.0,0.0,0.0,0.0,-1.875,0.0,0.0,0.0,0.0,0.0,0.0,0.0,0.0,0.0,0.0,0.0,0.0,0.9375,0.0,0.0,0.0,7.5,0.0,-7.5,7.5,-3.75,-1.875,-2.8125,0.0,8.4375,9.375,0.0,-3.75,-7.5,3.75,3.75,0.0,0.0,9.375,3.75,0.0,0.0,11.25,7.5,1.875,11.25,0.0,0.9375,1.875,0.0,-2.8125,0.0,3.75,3.75,5.625,0.0,-1.875,-3.75,3.75,0.0,0.0,0.0,0.0,-3.75,0.0
43,3,0.0,0.0,0.0,0.0,0.0,0.0,0.0,0.0,-2.8125,0.0,0.0,0.0,0.0,0.0,0.0,0.0,0.0,0.0,0.0,0.0,0.0,0.0,0.0,0.0,0.0,3.75,0.9375,-7.5,3.75,0.0,0.0,0.0,-3.75,3.75,4.6875,-1.875,-7.5,-10.3125,0.9375,0.9375,0.0,-1.875,4.6875,3.75,0.0,0.0,4.6875,4.6875,3.75,7.5,0.0,3.75,0.0,0.0,-3.75,0.0,3.75,3.75,3.75,0.0,-1.875,-11.25,3.75,-2.8125,0.0,-7.5,0.9375,-3.75,-3.75
43,4,0.0,0.0,0.0,0.0,0.0,0.0,0.0,0.0,-3.75,0.0,0.0,0.0,0.0,0.0,0.0,0.0,0.0,0.0,0.0,0.0,0.0,0.9375,1.875,-2.8125,0.0,7.5,0.0,-7.5,7.5,0.0,-3.75,0.0,-1.875,7.5,7.5,-1.875,-5.625,-7.5,3.75,3.75,0.0,0.0,7.5,3.75,0.0,0.0,7.5,7.5,3.75,8.4375,0.0,3.75,0.0,0.0,-3.75,0.0,1.875,3.75,3.75,0.0,0.0,-3.75,3.75,-3.75,0.0,0.0,0.0,-3.75,-3.75
43,5,0.0,0.0,0.0,0.0,0.0,0.0,0.0,0.0,-3.75,0.0,0.0,0.0,0.0,0.0,0.0,0.0,0.0,0.0,0.0,0.0,0.0,0.9375,0.9375,-2.8125,0.0,7.5,0.0,-7.5,7.5,0.0,-3.75,0.0,-3.75,7.5,7.5,-1.875,-5.625,-7.5,3.75,3.75,0.0,0.0,7.5,3.75,0.0,0.0,7.5,7.5,3.75,8.4375,0.0,3.75,0.0,0.0,-3.75,0.0,0.0,3.75,3.75,0.0,0.0,-3.75,3.75,-3.75,0.0,0.0,0.9375,-3.75,-3.75
44,3,0.0,0.0,0.0,0.0,0.0,0.0,0.0,0.0,-3.75,0.0,0.0,0.0,0.0,0.0,0.0,0.0,0.0,0.0,0.0,0.0,0.0,0.0,0.0,0.0,0.0,3.75,1.875,-10.3125,3.75,0.0,-1.875,0.0,-3.75,3.75,3.75,-1.875,-11.25,-11.25,0.0,0.0,0.0,0.0,3.75,0.0,0.0,0.0,3.75,3.75,7.5,4.6875,0.0,1.875,0.0,0.0,-7.5,0.0,7.5,0.0,0.9375,0.0,-3.75,-11.25,-3.75,-3.75,0.0,-3.75,0.0,0.0,-1.875
44,4,0.0,0.0,0.0,0.0,0.0,0.0,0.0,0.0,-3.75,0.0,0.0,0.0,0.0,0.0,0.0,0.0,0.0,0.0,0.0,0.0,0.0,0.0,0.0,-3.75,0.0,4.6875,0.0,-10.3125,4.6875,0.0,-1.875,0.0,-3.75,4.6875,5.625,-1.875,-5.625,-11.25,0.9375,0.9375,0.0,0.0,4.6875,0.0,0.0,0.0,6.5625,3.75,3.75,7.5,0.0,0.0,0.0,0.0,-7.5,0.0,3.75,0.9375,0.9375,0.0,0.0,-3.75,0.0,-3.75,0.0,0.0,0.0,0.0,0.0
44,5,0.0,0.0,0.0,0.0,0.0,0.0,0.0,0.0,-3.75,0.0,0.0,0.0,0.0,0.0,0.0,0.0,0.0,0.0,0.0,0.0,0.0,0.0,1.875,-3.75,0.0,4.6875,0.0,-10.3125,4.6875,0.0,-1.875,0.0,-3.75,4.6875,5.625,-3.75,-6.5625,-11.25,0.9375,0.9375,0.0,0.0,4.6875,0.0,0.0,0.0,7.5,3.75,3.75,7.5,0.0,0.0,0.0,0.0,-6.5625,0.0,3.75,0.9375,0.9375,0.0,0.0,-3.75,0.0,-3.75,0.0,0.0,0.0,0.0,-1.875
45,3,0.0,0.0,0.0,0.0,0.0,0.0,0.0,0.0,-3.75,-2.8125,0.0,0.0,0.0,0.0,0.0,0.0,3.75,0.0,0.0,0.0,0.0,0.0,0.0,0.0,0.0,3.75,0.0,-11.25,2.8125,1.875,0.0,0.0,-3.75,1.875,3.75,-1.875,-13.125,-14.0625,0.0,0.0,0.0,0.0,2.8125,0.0,0.0,0.0,3.75,3.75,4.6875,3.75,0.0,0.0,0.0,0.0,-8.4375,-1.875,8.4375,-3.75,0.0,-1.875,-3.75,-11.25,-2.8125,-3.75,0.0,3.75,0.0,0.0,0.0
45,4,0.0,0.0,0.0,0.0,0.0,0.0,0.0,0.0,-3.75,0.0,0.0,0.0,0.0,0.0,0.0,0.0,0.0,0.0,0.0,0.0,0.0,0.0,1.875,-3.75,0.0,3.75,0.0,-11.25,3.75,3.75,0.0,0.0,-1.875,3.75,3.75,-3.75,-7.5,-11.25,0.9375,0.0,-1.875,0.0,3.75,0.0,0.0,1.875,3.75,3.75,3.75,4.6875,0.0,0.0,0.0,0.0,-7.5,-1.875,4.6875,0.0,0.0,-1.875,0.0,-3.75,-1.875,-3.75,0.0,0.9375,-1.875,1.875,0.0
45,5,0.0,0.0,0.0,0.0,0.0,0.0,0.0,0.0,-3.75,0.0,0.0,0.0,0.0,0.0,0.0,0.0,0.0,0.0,0.0,0.0,0.0,0.0,1.875,-3.75,0.0,3.75,0.0,-11.25,3.75,3.75,0.0,0.0,-1.875,3.75,3.75,-3.75,-3.75,-11.25,0.9375,0.0,-1.875,0.0,3.75,0.0,0.0,1.875,3.75,3.75,3.75,4.6875,0.0,0.0,0.0,0.0,-7.5,-1.875,4.6875,0.0,0.0,-1.875,0.0,-3.75,-1.875,-3.75,0.0,3.75,-1.875,3.75,0.0
46,3,0.0,0.0,0.0,0.0,0.0,0.0,0.0,0.0,-3.75,-3.75,0.0,0.0,0.0,0.0,0.0,0.0,3.75,0.0,0.0,0.0,0.0,-0.9375,0.0,0.0,0.0,0.9375,0.0,-11.25,0.9375,3.75,0.0,0.0,-3.75,0.9375,0.9375,-1.875,-14.0625,-14.0625,0.0,0.0,0.0,0.0,0.9375,0.0,-3.75,0.0,0.9375,0.0,3.75,3.75,0.0,0.9375,-1.875,0.0,-11.25,-1.875,7.5,-7.5,0.0,-1.875,-3.75,-15.0,0.0,-3.75,0.0,7.5,-3.75,-3.75,0.0
46,4,0.0,0.0,0.0,0.0,0.0,0.0,0.0,0.0,-3.75,0.0,0.0,0.0,0.0,0.0,0.0,0.0,0.0,0.0,-1.875,0.0,0.0,0.0,0.0,-3.75,0.0,3.75,0.0,-7.5,3.75,3.75,0.0,0.0,0.0,3.75,3.75,-3.75,-3.75,-11.25,0.0,0.0,-3.75,0.0,1.875,3.75,0.0,0.0,3.75,0.0,3.75,3.75,0.0,0.9375,-1.875,0.0,-11.25,-1.875,3.75,-3.75,0.0,-1.875,0.0,-3.75,0.0,-3.75,-1.875,3.75,-3.75,0.0,0.0
46,5,0.0,0.0,0.0,0.0,0.0,0.0,0.0,0.0,-3.75,0.0,0.0,0.0,0.0,1.875,0.0,0.0,0.0,0.0,-1.875,0.0,0.0,0.0,0.0,-3.75,0.0,3.75,0.0,-7.5,3.75,3.75,0.0,0.0,-1.875,3.75,3.75,-3.75,-1.875,-7.5,0.0,0.0,-3.75,0.0,1.875,0.9375,0.0,0.0,3.75,0.0,3.75,3.75,0.0,0.9375,-1.875,0.0,-11.25,-1.875,3.75,-3.75,0.0,-1.875,0.0,-3.75,0.0,-3.75,0.0,3.75,-3.75,0.0,0.0
47,3,0.0,0.0,0.0,0.0,0.0,0.0,0.0,0.0,-3.75,-3.75,0.0,0.0,0.0,3.75,0.0,0.0,3.75,0.0,-2.8125,0.0,0.0,-1.875,0.0,1.875,0.0,0.9375,0.0,-7.5,0.9375,0.9375,0.0,0.0,-1.875,0.9375,0.0,0.0,15.0,-11.25,0.0,0.0,0.0,0.0,0.0,0.0,0.0,0.0,0.0,0.0,4.6875,0.9375,0.0,0.0,-1.875,0.0,-14.0625,0.0,3.75,-7.5,0.0,-1.875,-3.75,-15.0,0.0,-7.5,0.0,7.5,-7.5,0.9375,0.0
47,4,0.0,0.0,0.0,0.0,0.0,0.0,0.0,0.0,-3.75,0.0,0.0,0.0,0.0,1.875,0.0,0.0,0.0,0.0,-3.75,0.0,0.0,0.0,0.0,0.0,0.0,0.9375,0.0,0.0,1.875,3.75,0.0,0.0,0.0,1.875,0.9375,0.0,3.75,0.0,0.0,0.0,0.0,0.0,0.0,0.0,0.0,0.0,0.9375,0.0,4.6875,1.875,0.0,0.0,-1.875,0.0,-14.0625,-1.875,3.75,-3.75,0.0,-1.875,0.0,-3.75,0.9375,-3.75,0.0,4.6875,-3.75,0.9375,0.0
47,5,0.0,0.0,0.0,0.0,0.0,0.0,0.0,0.0,-3.75,-1.875,0.0,0.0,0.0,0.9375,0.0,0.0,0.0,0.0,-3.75,0.0,0.0,-1.875,0.0,0.0,0.0,0.9375,0.0,0.0,1.875,3.75,0.0,0.0,0.0,1.875,0.9375,0.0,3.75,0.0,0.0,0.0,-1.875,0.0,0.9375,0.0,0.0,0.0,0.9375,0.0,4.6875,1.875,0.0,0.0,-1.875,0.0,-13.125,-1.875,3.75,-5.625,0.0,-1.875,0.0,-3.75,0.9375,-3.75,0.0,4.6875,-6.5625,0.9375,0.0
48,3,0.0,0.0,0.0,0.0,0.0,0.0,0.0,0.0,-3.75,-3.75,0.0,0.0,0.0,0.9375,0.0,0.0,0.9375,0.0,-3.75,0.0,0.0,-3.75,0.0,3.75,0.0,0.0,0.0,11.25,0.0,0.9375,0.0,0.0,0.0,0.0,0.0,0.0,11.25,7.5,0.0,0.0,3.75,0.0,0.0,-5.625,0.0,0.0,0.0,0.0,5.625,0.0,0.0,-1.875,0.0,0.0,-15.0,0.0,3.75,-6.5625,0.0,-3.75,-7.5,-11.25,-3.75,-3.75,0.0,3.75,-10.3125,7.5,-1.875
48,4,0.0,0.0,0.0,0.0,0.0,0.0,0.0,0.0,0.0,-1.875,0.0,0.0,0.0,0.0,0.0,0.0,0.0,0.0,-5.625,0.0,0.0,-3.75,0.0,3.75,0.0,0.0,-3.75,7.5,0.0,1.875,0.9375,0.0,0.0,0.0,0.0,0.0,7.5,3.75,0.0,0.0,0.0,0.0,0.0,-3.75,0.0,0.0,0.0,0.0,3.75,0.0,0.0,-1.875,0.0,0.0,-15.0,-1.875,3.75,-3.75,0.0,-3.75,-6.5625,0.0,0.0,-3.75,0.0,3.75,-6.5625,3.75,0.0
48,5,0.0,0.0,0.0,0.0,0.0,0.0,0.0,0.0,0.0,-1.875,0.0,0.0,0.0,0.0,0.0,0.0,0.0,0.0,-5.625,0.0,0.0,-3.75,0.0,3.75,0.0,0.0,-3.75,7.5,0.9375,0.9375,1.875,0.0,0.0,0.9375,0.0,0.0,7.5,3.75,0.0,0.0,0.0,0.0,0.0,-3.75,0.0,0.0,0.0,0.0,3.75,0.9375,0.0,-1.875,0.0,0.0,-15.0,-1.875,3.75,-3.75,0.0,-3.75,-6.5625,-1.875,0.0,-3.75,0.0,3.75,-7.5,3.75,0.0
49,3,0.0,0.0,0.0,0.0,0.0,0.0,0.0,0.0,0.0,-3.75,0.0,0.0,0.0,0.9375,0.0,0.0,0.9375,0.0,-4.6875,0.0,0.0,-3.75,0.0,3.75,0.0,0.0,0.0,11.25,0.0,0.0,0.0,0.0,3.75,0.0,0.0,0.0,11.25,7.5,0.0,0.0,1.875,0.0,0.0,-7.5,0.0,0.0,0.0,0.0,0.9375,0.0,0.0,0.0,0.0,0.0,-17.8125,0.0,3.75,-7.5,0.0,-5.625,-10.3125,-11.25,-3.75,0.0,1.875,0.0,-9.375,3.75,-3.75
49,4,0.0,0.0,0.0,0.0,0.0,0.0,0.0,0.0,0.0,-1.875,0.0,0.0,0.0,0.0,0.0,0.0,0.0,0.0,-7.5,0.0,0.0,-3.75,0.0,3.75,0.0,0.0,-3.75,11.25,0.0,0.0,1.875,0.0,1.875,0.0,0.0,0.9375,7.5,3.75,0.0,0.0,0.0,0.0,0.0,-5.625,0.0,0.0,0.0,-1.875,1.875,0.0,0.0,-1.875,0.0,0.0,-16.875,-1.875,3.75,-3.75,0.0,-3.75,-7.5,0.0,0.0,0.0,0.9375,0.0,-3.75,0.0,0.0
49,5,0.0,0.0,0.0,0.0,0.0,0.0,0.0,0.0,0.0,-1.875,0.0,0.0,0.0,0.0,0.0,0.0,0.0,0.0,-7.5,0.0,0.0,-3.75,0.0,4.6875,0.0,0.0,-3.75,11.25,0.0,0.0,0.0,0.0,0.9375,0.0,0.0,0.9375,7.5,3.75,0.0,0.0,0.0,0.0,0.0,-5.625,0.0,0.0,0.0,-1.875,0.9375,0.0,0.0,-1.875,0.0,0.0,-15.0,-1.875,3.75,-3.75,0.0,-3.75,-7.5,0.0,0.0,0.0,0.9375,0.0,-3.75,0.0,0.0
50,3,0.0,0.0,0.0,0.0,0.0,0.0,0.0,0.0,0.0,-3.75,0.0,0.0,0.0,0.0,0.0,0.0,0.0,0.0,-7.5,0.0,0.0,-3.75,0.0,4.6875,0.0,0.0,0.0,9.375,0.0,0.0,0.0,0.0,3.75,0.0,0.0,3.75,7.5,3.75,0.0,0.0,0.0,0.0,0.0,-11.25,0.0,0.0,0.0,0.0,0.9375,0.0,0.0,0.0,0.0,0.0,-18.75,0.0,3.75,-7.5,0.0,-3.75,-10.3125,9.375,0.0,3.75,3.75,0.0,-11.25,-6.5625,-3.75
50,4,0.0,0.0,0.0,0.0,0.0,0.0,0.0,0.0,3.75,0.0,0.0,0.0,0.0,0.0,0.0,0.0,0.0,0.0,-7.5,0.0,0.0,-3.75,0.0,5.625,0.0,0.0,-3.75,8.4375,0.0,0.0,0.9375,0.0,3.75,0.0,0.0,3.75,7.5,3.75,-1.875,0.0,0.0,0.0,0.0,-7.5,0.0,0.0,0.0,0.0,0.9375,0.0,0.0,-3.75,0.0,0.0,-18.75,0.0,0.9375,-5.625,0.0,-3.75,-7.5,3.75,0.9375,3.75,0.9375,0.0,0.0,-3.75,0.0
50,5,0.0,0.0,0.0,0.0,0.0,0.0,0.0,0.0,3.75,0.0,0.0,0.0,0.0,0.0,0.0,0.0,0.0,0.0,-7.5,0.0,0.0,-3.75,0.0,7.5,0.0,0.0,-3.75,9.375,0.0,0.0,0.9375,0.0,3.75,0.0,0.0,3.75,7.5,3.75,-1.875,0.0,0.0,0.0,0.0,-7.5,0.0,0.0,0.0,0.0,0.9375,0.0,0.0,-3.75,0.0,0.0,-18.75,0.0,0.9375,-7.5,0.0,-3.75,-7.5,3.75,1.875,3.75,0.9375,0.0,0.0,-3.75,0.0
51,3,0.0,0.0,0.0,0.0,0.0,0.0,0.0,0.0,0.0,-3.75,0.0,0.0,0.0,0.0,0.0,0.0,0.0,0.0,-7.5,0.0,0.0,0.0,-1.875,4.6875,0.0,0.0,0.0,7.5,0.0,0.0,0.0,0.0,3.75,0.0,0.0,0.9375,7.5,0.0,0.0,0.0,0.0,0.0,0.0,-12.1875,0.0,0.0,0.0,0.0,3.75,0.0,0.0,0.0,0.0,0.0,-21.5625,0.9375,0.0,-5.625,0.0,-3.75,-11.25,11.25,3.75,5.625,0.0,0.0,-11.25,-3.75,-1.875
51,4,0.0,0.0,0.0,0.0,0.0,0.0,0.0,0.0,3.75,0.0,0.0,0.0,0.0,0.0,0.0,0.0,0.0,0.0,-10.3125,0.0,0.0,0.0,-1.875,4.6875,0.0,0.0,-3.75,7.5,0.0,0.0,0.0,0.0,3.75,0.0,0.0,0.0,7.5,3.75,0.0,0.0,0.0,0.0,0.0,-11.25,0.0,0.0,0.0,0.0,3.75,0.0,0.0,-3.75,0.0,0.0,-18.75,0.0,0.0,-3.75,0.0,-1.875,-5.625,5.625,3.75,3.75,0.0,0.0,0.0,-3.75,0.0
51,5,0.0,0.0,0.0,0.0,0.0,0.0,0.0,0.0,3.75,0.0,0.0,0.0,0.0,0.0,0.0,0.0,0.0,0.0,-10.3125,0.0,0.0,0.0,-1.875,4.6875,0.0,0.0,-3.75,7.5,0.0,0.0,0.0,0.0,3.75,0.0,0.0,0.0,5.625,3.75,0.0,0.0,0.0,0.0,0.0,-9.375,0.0,0.0,0.0,0.0,3.75,0.0,-1.875,-3.75,0.0,0.0,-18.75,0.0,0.0,-3.75,0.0,-3.75,-7.5,7.5,3.75,3.75,0.0,0.0,0.9375,-3.75,0.0
52,3,0.0,0.0,0.0,0.0,0.0,0.0,0.0,0.0,0.0,-1.875,0.0,0.0,0.0,0.0,0.0,0.0,0.0,0.0,-7.5,0.0,0.0,-3.75,-2.8125,3.75,0.0,0.0,0.0,5.625,0.0,0.0,0.0,0.0,3.75,0.0,0.0,0.0,0.0,0.0,0.0,0.0,0.0,0.0,0.0,-15.0,-1.875,0.0,0.0,-3.75,0.9375,0.0,0.0,0.0,0.0,0.0,-22.5,3.75,0.0,-3.75,0.0,-3.75,-15.0,11.25,3.75,4.6875,0.0,0.0,-7.5,-7.5,0.0
52,4,0.0,0.0,0.0,0.0,0.0,0.0,0.0,0.0,0.9375,0.0,0.0,0.0,0.0,0.0,0.0,0.0,0.0,0.0,-10.3125,0.0,0.0,0.0,-3.75,3.75,0.0,0.0,0.0,4.6875,0.0,0.0,0.0,0.0,0.9375,0.0,0.0,0.0,3.75,0.0,0.0,0.0,-1.875,-1.875,0.0,-11.25,-1.875,0.0,0.0,-3.75,0.0,0.0,-2.8125,-3.75,0.0,0.0,-18.75,0.9375,0.0,-3.75,0.0,-3.75,-7.5,7.5,0.9375,3.75,0.0,0.0,0.0,-3.75,0.0
52,5,0.0,0.0,0.0,0.0,0.0,0.0,0.0,0.0,0.9375,0.0,0.0,0.0,0.0,0.0,0.0,0.0,0.0,0.0,-11.25,0.0,0.0,0.0,-3.75,3.75,0.0,0.0,0.0,5.625,0.0,0.0,0.0,0.0,0.9375,0.0,0.0,0.0,3.75,0.0,0.0,0.0,-1.875,-1.875,0.0,-11.25,-1.875,0.0,0.0,-3.75,0.0,0.0,-1.875,-3.75,0.0,0.0,-16.875,3.75,0.0,-3.75,0.0,-3.75,-7.5,7.5,0.9375,3.75,0.0,0.0,3.75,-3.75,0.0
53,3,0.0,0.0,0.0,0.0,0.0,0.0,0.0,0.0,0.0,-1.875,0.0,0.0,0.0,-1.875,0.0,0.0,0.0,0.0,-7.5,0.0,0.0,3.75,-3.75,3.75,0.0,0.0,0.0,3.75,0.0,0.0,0.0,0.0,1.875,0.0,0.0,0.0,0.0,0.0,0.0,0.0,0.0,0.0,0.0,-15.0,0.0,0.0,0.0,-3.75,0.0,0.0,0.0,3.75,0.0,0.9375,-24.375,3.75,-3.75,-3.75,0.0,-5.625,-14.0625,8.4375,0.0,3.75,0.0,0.0,0.0,-11.25,0.0
53,4,0.0,0.0,0.0,0.0,0.0,0.0,0.0,0.0,0.0,0.0,0.0,0.0,0.0,-3.75,0.0,0.0,0.0,0.0,-7.5,0.0,0.0,3.75,-3.75,3.75,0.0,0.0,1.875,3.75,0.0,0.0,0.0,0.0,0.0,0.0,0.0,-3.75,0.0,0.0,0.0,0.0,-1.875,-1.875,0.0,-11.25,-1.875,0.0,0.0,-3.75,0.0,0.0,-3.75,-3.75,0.0,0.0,-18.75,3.75,-1.875,-3.75,0.0,-3.75,-5.625,7.5,0.0,1.875,0.0,0.0,3.75,-7.5,0.0
53,5,0.0,0.0,0.0,0.0,0.0,0.0,0.0,0.0,0.0,0.0,0.0,0.0,0.0,-3.75,0.0,0.0,0.0,0.0,-7.5,0.0,0.0,3.75,-3.75,3.75,0.0,0.0,1.875,3.75,0.0,0.0,0.0,0.0,0.0,0.0,0.0,-2.8125,0.0,0.0,0.0,0.0,-1.875,-1.875,0.0,-11.25,-1.875,0.0,0.0,-3.75,0.0,0.0,-3.75,-1.875,0.0,0.0,-15.0,3.75,-1.875,-3.75,0.0,-3.75,-7.5,7.5,0.0,3.75,0.0,0.0,3.75,-7.5,0.0
54,3,0.0,0.0,0.0,0.0,0.0,0.0,0.0,0.0,0.0,0.0,0.0,0.0,0.0,-2.8125,0.0,0.0,0.0,0.0,0.0,0.0,0.0,7.5,-6.5625,1.875,0.0,0.0,3.75,0.0,0.0,0.0,0.0,0.9375,0.0,0.0,0.0,-7.5,0.0,0.0,0.0,0.0,0.0,0.0,0.0,-15.0,-3.75,0.0,0.0,-3.75,0.0,0.0,-3.75,4.6875,0.0,0.0,26.25,4.6875,-3.75,0.0,0.0,-3.75,-11.25,7.5,0.0,0.9375,0.0,0.0,0.0,-11.25,0.0
54,4,0.0,0.0,0.0,0.0,0.0,0.0,0.0,0.0,0.0,0.0,0.0,0.0,0.0,-3.75,0.0,0.0,0.0,0.0,0.0,0.0,0.0,3.75,-5.625,3.75,0.0,0.0,3.75,0.0,0.0,0.0,0.0,3.75,0.0,0.0,0.0,-6.5625,0.0,0.0,0.0,0.0,0.0,0.0,0.0,-11.25,-3.75,0.0,0.0,-3.75,0.0,0.0,-3.75,0.0,0.0,0.0,18.75,3.75,-1.875,-1.875,0.0,0.0,0.0,7.5,0.0,0.0,0.0,0.0,3.75,-7.5,0.0
54,5,0.0,0.0,0.0,0.0,0.0,0.0,0.0,0.0,0.0,0.0,0.0,0.0,0.0,-3.75,0.0,0.0,0.0,0.0,0.0,0.0,0.0,3.75,-6.5625,3.75,0.0,0.0,3.75,0.0,0.0,0.0,0.0,3.75,0.0,0.0,0.0,-3.75,0.0,0.0,0.0,0.0,0.0,0.0,0.0,-11.25,-3.75,0.0,0.0,-3.75,0.0,0.0,-3.75,0.0,0.0,0.0,15.0,4.6875,-1.875,-1.875,0.0,0.0,0.0,7.5,0.0,0.0,0.0,0.0,3.75,-7.5,0.0
55,3,0.0,0.0,0.0,0.0,0.0,0.0,0.0,0.0,0.0,0.0,0.0,0.0,0.0,-3.75,0.0,0.0,0.0,0.0,3.75,0.0,0.0,5.625,-7.5,0.9375,0.0,0.0,0.9375,-1.875,0.0,0.0,0.0,3.75,0.0,0.0,0.0,-11.25,-1.875,0.0,0.0,0.0,1.875,0.0,0.0,-14.0625,-3.75,0.0,0.0,0.0,0.9375,0.0,-7.5,8.4375,1.875,-2.8125,25.3125,3.75,0.0,0.0,0.0,0.0,-1.875,5.625,0.0,0.0,-1.875,0.0,-3.75,-14.0625,0.0
55,4,0.0,0.0,0.0,0.0,0.0,0.0,0.0,0.0,0.0,0.0,0.0,0.0,0.0,-6.5625,0.0,0.0,0.9375,0.0,7.5,0.0,0.0,3.75,-6.5625,0.9375,0.0,0.0,3.75,-1.875,0.0,0.0,0.0,3.75,-1.875,0.0,0.0,-7.5,0.0,0.0,0.0,0.0,0.9375,0.0,0.0,-11.25,-3.75,0.0,0.0,-3.75,0.0,0.0,-3.75,3.75,0.0,-3.75,15.0,3.75,0.0,0.0,0.0,0.9375,0.9375,5.625,0.0,0.0,-2.8125,0.0,0.0,-3.75,0.0
55,5,0.0,0.0,0.0,0.0,0.0,0.0,0.0,0.0,0.0,0.0,0.0,0.0,0.0,-6.5625,0.0,0.0,0.9375,0.0,7.5,0.0,0.0,3.75,-6.5625,0.9375,0.0,0.0,3.75,-1.875,0.0,0.0,0.0,3.75,-1.875,0.0,0.0,-7.5,0.0,0.0,0.0,0.0,3.75,0.0,0.0,-11.25,-3.75,-0.9375,0.0,-3.75,0.9375,0.0,-5.625,3.75,0.0,-3.75,15.0,3.75,0.0,0.0,0.0,3.75,3.75,7.5,0.0,0.0,-2.8125,0.0,0.0,-7.5,0.0
56,3,0.0,0.0,0.0,0.0,0.0,0.0,0.0,0.0,0.0,0.0,-2.8125,0.0,0.0,-3.75,0.0,0.0,0.0,0.0,7.5,0.0,0.0,3.75,-7.5,0.0,0.0,0.0,0.0,-3.75,0.0,0.0,0.0,0.9375,-1.875,0.0,0.0,-13.125,-3.75,0.0,-1.875,0.0,3.75,0.0,0.0,-11.25,-3.75,-0.9375,0.0,0.0,0.9375,0.0,-5.625,11.25,3.75,-1.875,-26.25,3.75,-1.875,0.0,0.0,3.75,0.0,3.75,0.0,0.0,0.0,0.0,-1.875,-11.25,0.0
56,4,0.0,0.0,0.0,0.0,0.0,0.0,0.0,0.0,0.0,0.0,-3.75,0.0,0.0,-7.5,0.0,0.0,3.75,0.0,7.5,0.0,0.0,3.75,-3.75,0.0,0.0,0.0,3.75,-3.75,0.0,0.0,0.0,3.75,-1.875,0.0,0.0,-11.25,-3.75,0.0,0.0,0.0,3.75,0.0,0.0,11.25,-3.75,-2.8125,0.0,-3.75,0.9375,0.0,-7.5,7.5,0.0,-3.75,15.0,3.75,0.0,0.0,0.0,3.75,1.875,3.75,0.0,0.0,-1.875,0.0,0.0,3.75,0.0
56,5,0.0,0.0,0.0,0.0,0.0,0.0,0.0,0.0,0.0,0.0,-3.75,0.0,0.0,-7.5,0.0,0.0,1.875,0.0,7.5,0.0,0.0,3.75,-6.5625,0.0,0.0,0.0,3.75,-3.75,0.0,0.0,0.0,3.75,-1.875,0.0,0.0,-11.25,-3.75,0.0,0.0,0.0,3.75,0.0,0.0,7.5,-3.75,-3.75,0.0,-3.75,0.9375,0.0,-7.5,7.5,0.0,-3.75,13.125,3.75,0.0,0.0,0.0,3.75,0.9375,3.75,0.0,0.9375,-1.875,0.0,0.0,3.75,0.0
57,3,0.0,0.0,0.0,0.0,0.0,0.0,0.0,0.0,-1.875,0.0,-3.75,0.0,0.0,-6.5625,0.0,0.0,0.0,0.0,8.4375,0.0,0.0,3.75,-7.5,0.0,0.0,0.0,0.9375,-5.625,0.0,0.0,0.0,0.0,-1.875,0.0,0.0,-15.0,-1.875,0.0,-1.875,0.0,2.8125,0.0,0.0,7.5,-3.75,0.0,0.0,0.0,0.9375,0.0,-11.25,11.25,0.0,-1.875,22.5,3.75,0.0,0.9375,0.0,3.75,0.0,3.75,0.0,3.75,0.0,0.0,-3.75,11.25,3.75
57,4,0.0,0.0,0.0,0.0,0.0,0.0,-1.875,0.0,0.0,0.0,-3.75,0.0,0.0,-7.5,0.0,0.0,0.9375,0.0,7.5,0.0,0.0,1.875,-3.75,0.0,0.0,0.0,3.75,-3.75,0.0,0.0,0.0,3.75,-1.875,0.0,0.0,-14.0625,-3.75,0.0,0.0,0.0,3.75,0.0,0.0,11.25,-3.75,-3.75,0.0,-1.875,0.9375,0.0,-11.25,11.25,0.0,-3.75,15.0,3.75,0.0,0.0,0.0,3.75,0.0,3.75,0.0,0.0,-3.75,0.0,0.0,7.5,1.875
57,5,0.0,0.0,0.0,0.0,0.0,0.0,-1.875,0.0,0.0,0.0,-3.75,0.0,0.0,-7.5,0.0,0.0,0.9375,0.0,7.5,0.0,0.0,1.875,-3.75,0.0,0.0,0.0,3.75,-5.625,0.0,0.0,0.0,3.75,-1.875,0.0,0.0,-11.25,-3.75,-1.875,0.0,0.0,3.75,0.0,0.0,11.25,-3.75,-3.75,0.0,-1.875,1.875,0.0,-10.3125,11.25,0.0,-3.75,15.0,3.75,0.0,0.0,0.0,3.75,0.0,3.75,0.0,0.0,-3.75,0.0,0.0,7.5,0.9375
58,3,0.0,0.0,0.0,0.0,0.0,0.0,0.0,0.0,0.0,0.0,-6.5625,0.0,0.0,-5.625,0.0,0.0,0.0,0.0,8.4375,0.0,0.0,0.9375,-3.75,0.0,0.0,0.0,0.0,-6.5625,0.0,0.0,0.0,0.0,-1.875,0.0,0.0,-15.0,0.0,0.0,-3.75,0.0,1.875,0.0,0.0,8.4375,-3.75,-2.8125,0.0,0.0,0.9375,0.0,-15.0,11.25,0.0,-3.75,19.6875,0.9375,0.0,3.75,0.0,3.75,0.0,0.9375,0.0,3.75,-1.875,0.9375,-1.875,9.375,3.75
58,4,0.0,0.0,0.0,0.0,0.0,0.0,-3.75,0.0,0.0,0.0,-7.5,0.0,0.0,-7.5,0.0,0.0,0.0,0.0,7.5,0.0,0.0,0.9375,0.0,0.0,0.0,0.0,0.9375,-6.5625,0.0,0.0,0.0,1.875,0.0,0.0,0.0,-15.0,0.0,0.0,0.0,0.0,3.75,0.0,0.0,11.25,-3.75,-3.75,0.0,0.0,0.9375,0.0,-11.25,8.4375,0.0,-7.5,15.0,0.0,0.0,0.0,0.0,3.75,0.0,0.9375,0.0,0.0,-3.75,0.0,0.0,7.5,3.75
58,5,0.0,0.0,0.0,0.0,0.0,0.0,-3.75,0.0,0.0,0.0,-7.5,0.0,0.0,-7.5,0.0,0.0,0.0,0.0,7.5,0.0,0.0,0.9375,0.0,0.0,0.0,0.0,1.875,-6.5625,0.0,0.0,0.0,1.875,0.0,0.0,0.0,-15.0,0.0,-1.875,0.0,0.0,3.75,0.0,0.0,11.25,-3.75,-5.625,0.0,0.0,0.9375,0.0,-13.125,11.25,0.0,-7.5,15.0,1.875,0.0,0.0,0.0,3.75,0.0,0.9375,0.0,0.0,-5.625,0.0,0.0,7.5,3.75
59,3,0.0,0.0,0.0,0.0,0.0,0.0,0.0,0.0,0.0,0.0,-7.5,0.0,0.0,0.0,0.0,0.0,0.0,0.0,9.375,0.0,0.0,0.0,0.0,0.0,0.0,0.0,0.0,-6.5625,0.0,0.0,0.0,0.0,0.0,0.0,0.0,-16.875,0.0,0.0,-3.75,0.0,0.0,0.0,0.0,7.5,-3.75,-3.75,0.0,0.0,0.0,0.0,-16.875,8.4375,0.0,-3.75,18.75,0.0,0.0,0.9375,0.0,3.75,0.0,0.0,1.875,3.75,-1.875,3.75,0.0,7.5,3.75
59,4,0.0,0.0,0.0,0.0,0.0,0.0,-3.75,0.0,0.0,3.75,-7.5,0.0,0.0,-7.5,0.0,0.0,0.0,0.0,7.5,0.0,0.0,0.0,0.9375,0.0,0.0,0.0,0.0,-3.75,0.0,0.0,0.0,0.0,0.0,0.0,0.0,-15.0,0.0,-1.875,0.0,0.0,0.0,0.0,0.0,11.25,-3.75,-7.5,0.0,0.0,0.0,0.0,-15.0,7.5,0.0,-7.5,15.0,0.0,0.0,0.0,0.0,0.0,0.0,0.0,0.0,0.9375,-3.75,0.0,0.0,7.5,3.75
59,5,0.0,0.0,0.0,0.0,0.0,0.0,-3.75,0.0,0.0,3.75,-7.5,0.0,0.0,-7.5,0.0,0.0,0.0,0.0,7.5,0.0,0.0,0.0,3.75,0.0,0.0,0.0,0.0,-3.75,0.0,0.0,0.0,0.9375,0.0,0.0,0.0,-15.0,0.0,-1.875,0.0,0.0,0.0,0.0,0.0,8.4375,-3.75,-7.5,0.0,0.0,0.0,0.0,-15.0,7.5,0.0,-7.5,9.375,0.0,0.0,0.0,0.0,0.9375,0.0,0.0,0.0,0.9375,-5.625,0.0,0.0,7.5,3.75
60,3,0.0,0.0,0.0,0.0,0.0,0.0,-2.8125,0.0,0.0,1.875,-11.25,0.0,0.0,7.5,0.0,0.0,0.0,0.0,7.5,0.0,0.0,0.0,0.0,0.0,0.0,0.0,0.0,-3.75,0.0,0.0,0.0,0.0,0.0,0.0,0.0,-15.0,0.0,-1.875,-3.75,0.0,-3.75,0.0,0.0,7.5,-1.875,-3.75,0.0,0.0,-3.75,0.0,-18.75,7.5,-3.75,-0.9375,15.0,-3.75,0.0,0.9375,0.0,0.0,0.0,0.0,0.0,0.9375,0.0,3.75,0.0,4.6875,3.75
60,4,0.0,0.0,0.0,0.0,0.0,0.0,-7.5,0.0,0.0,3.75,-11.25,0.0,0.0,0.0,0.0,0.0,0.0,0.0,7.5,0.0,0.0,0.0,3.75,0.0,0.0,0.0,0.0,-3.75,0.0,0.0,1.875,0.0,0.0,0.0,0.0,-13.125,0.0,-1.875,0.0,0.0,-2.8125,0.0,0.0,7.5,0.0,-9.375,0.0,-1.875,-3.75,0.0,-17.8125,7.5,-3.75,-3.75,9.375,-3.75,0.0,0.0,0.0,0.0,0.0,0.0,0.0,0.9375,-3.75,0.0,0.9375,4.6875,3.75
60,5,0.0,0.0,0.0,0.0,0.0,0.0,-6.5625,0.0,0.0,3.75,-11.25,0.0,0.0,0.0,0.0,0.0,0.0,0.0,7.5,0.0,0.0,0.0,3.75,0.0,0.0,0.0,0.0,-1.875,0.0,0.0,0.9375,0.0,0.0,0.0,0.0,-11.25,0.0,-3.75,0.0,0.0,-1.875,0.0,0.0,8.4375,0.0,-11.25,0.0,-1.875,-3.75,0.0,-17.8125,7.5,-3.75,-3.75,9.375,-3.75,0.0,0.0,0.0,0.0,0.0,0.0,0.0,0.9375,-3.75,0.0,0.9375,4.6875,3.75
61,3,0.0,0.0,0.0,0.0,0.0,0.0,-3.75,0.0,0.0,1.875,-11.25,0.0,0.0,7.5,0.0,0.0,0.0,0.0,7.5,0.0,0.0,0.0,0.0,0.0,0.0,0.0,0.0,0.0,0.0,0.0,0.0,0.0,-1.875,0.0,0.0,-14.0625,0.0,0.0,-6.5625,0.0,-3.75,0.0,0.0,7.5,0.0,-5.625,0.0,-1.875,-3.75,0.0,-19.6875,7.5,-3.75,0.9375,13.125,-3.75,0.0,0.9375,0.0,0.0,0.0,0.0,-1.875,0.0,1.875,3.75,0.0,3.75,3.75
61,4,0.0,0.0,0.0,0.0,0.0,0.0,-7.5,0.0,0.0,3.75,-11.25,0.0,0.0,3.75,0.0,0.0,0.0,0.0,4.6875,0.0,0.0,0.0,0.9375,0.0,0.0,0.0,0.0,0.0,0.0,0.0,0.0,0.0,0.0,0.0,0.0,11.25,0.0,0.0,-1.875,0.0,-3.75,0.0,0.0,7.5,0.0,-11.25,0.0,-1.875,-3.75,0.0,-18.75,7.5,-5.625,0.0,9.375,-5.625,0.0,0.0,0.0,0.0,0.0,0.0,-1.875,0.0,0.0,0.0,0.0,3.75,3.75
61,5,0.0,0.0,0.0,0.0,0.0,0.0,-7.5,0.0,0.0,3.75,-11.25,0.0,0.0,3.75,0.0,0.0,0.0,0.0,5.625,0.0,0.0,0.0,0.9375,0.0,0.0,0.0,0.0,0.0,0.0,0.0,0.0,0.0,0.0,0.0,0.0,7.5,0.0,0.0,-1.875,0.0,-3.75,0.0,0.0,7.5,0.0,-13.125,0.0,-1.875,-3.75,0.0,-18.75,7.5,-5.625,0.0,9.375,-5.625,0.0,0.0,0.0,0.0,0.0,0.0,-1.875,0.0,0.0,0.0,0.0,3.75,3.75
62,3,0.0,0.0,0.0,0.0,0.0,0.0,-3.75,0.0,-1.875,0.9375,-13.125,0.0,0.0,3.75,0.0,0.0,0.0,0.0,3.75,0.0,0.0,0.0,0.0,0.0,0.0,0.0,0.0,3.75,0.0,0.0,-1.875,0.0,-1.875,0.0,0.0,7.5,0.0,0.0,-7.5,0.0,-7.5,0.0,0.0,3.75,0.0,-7.5,0.0,-3.75,-3.75,0.0,-22.5,7.5,-3.75,3.75,13.125,-7.5,0.0,3.75,0.0,0.0,0.0,0.0,0.0,0.0,4.6875,3.75,0.0,0.0,0.9375
62,4,0.0,0.0,0.0,0.0,0.0,0.0,-10.3125,0.0,0.0,3.75,-14.0625,0.0,0.0,3.75,0.0,0.0,0.0,0.0,3.75,0.0,0.0,0.0,0.0,0.0,0.0,0.0,0.0,3.75,0.0,0.0,0.0,0.0,-1.875,0.0,0.0,9.375,0.0,0.0,-3.75,0.0,-6.5625,0.0,0.0,3.75,1.875,-14.0625,0.0,-3.75,-3.75,0.0,22.5,3.75,-5.625,7.5,-1.875,-7.5,0.0,0.0,0.0,0.0,0.0,0.0,0.0,0.0,3.75,0.0,0.0,0.9375,0.9375
62,5,0.0,0.0,0.0,0.0,0.0,0.0,-10.3125,0.0,-1.875,3.75,-11.25,0.0,0.0,4.6875,0.0,0.0,0.0,0.0,3.75,0.0,0.0,0.0,0.0,0.0,0.0,0.0,-1.875,3.75,0.0,0.0,-1.875,-1.875,-1.875,0.0,0.0,7.5,0.0,0.0,-3.75,0.0,-5.625,1.875,0.0,3.75,0.9375,-7.5,0.0,-3.75,-3.75,0.0,18.75,3.75,-5.625,7.5,-3.75,-7.5,0.0,1.875,0.0,0.0,0.0,0.0,0.0,0.0,4.6875,0.0,0.0,0.9375,0.9375
63,3,0.0,0.0,0.0,0.0,0.0,0.0,-3.75,0.0,-3.75,0.0,-15.0,0.0,0.0,4.6875,0.0,0.0,0.0,0.0,3.75,0.0,0.0,0.0,0.0,0.0,0.0,0.0,-2.8125,3.75,0.0,0.0,-1.875,0.0,-2.8125,0.0,0.0,3.75,0.0,0.0,-7.5,0.0,-11.25,0.0,0.0,2.8125,0.0,-7.5,0.0,-3.75,-7.5,0.0,-22.5,3.75,-3.75,4.6875,9.375,-7.5,0.0,3.75,0.0,0.0,0.0,0.0,0.0,-1.875,4.6875,0.0,0.0,0.0,0.0
63,4,0.0,0.0,0.0,0.0,0.0,0.0,-11.25,0.0,-3.75,0.9375,-14.0625,0.0,0.0,4.6875,0.0,0.0,0.0,0.0,3.75,0.0,0.0,0.0,0.0,0.0,0.0,0.0,-1.875,3.75,0.0,0.0,-2.8125,-1.875,-3.75,0.0,0.0,7.5,0.0,0.0,-1.875,0.0,-7.5,0.0,0.0,0.9375,0.9375,-15.0,0.0,-3.75,-3.75,0.0,22.5,1.875,-7.5,7.5,-3.75,-7.5,0.0,3.75,0.0,0.0,0.0,0.0,0.0,0.0,5.625,0.0,0.0,0.0,0.0
63,5,0.0,0.0,0.0,0.0,0.0,0.0,-11.25,0.0,-3.75,0.9375,-10.3125,0.0,0.0,7.5,0.0,0.0,0.0,0.0,3.75,0.0,0.0,0.0,0.0,0.0,0.0,0.0,-2.8125,3.75,0.0,0.0,-2.8125,-1.875,-3.75,0.0,0.0,7.5,0.0,0.0,-3.75,0.0,-7.5,1.875,0.0,0.9375,0.9375,-7.5,0.0,-3.75,-3.75,0.0,18.75,0.9375,-7.5,7.5,-6.5625,-8.4375,0.0,3.75,0.0,0.0,0.0,0.0,0.0,0.0,5.625,0.0,0.0,0.0,0.0
64,3,0.0,0.0,0.0,0.0,0.0,0.0,0.0,0.0,-3.75,0.0,-13.125,0.0,0.0,5.625,0.0,0.0,0.0,0.0,0.9375,0.0,0.0,0.0,-1.875,0.0,0.0,0.0,-3.75,3.75,0.0,0.0,0.0,0.0,-3.75,0.0,0.0,3.75,0.0,0.9375,-3.75,0.0,-14.0625,3.75,0.0,0.0,0.0,15.0,0.0,-3.75,-6.5625,0.0,18.75,0.9375,-6.5625,4.6875,-3.75,-9.375,-3.75,3.75,0.0,0.0,-1.875,0.0,-3.75,0.0,4.6875,0.9375,0.0,0.0,-2.8125
64,4,0.0,0.0,0.0,0.0,0.0,0.0,-11.25,0.0,-3.75,0.0,3.75,0.0,0.0,7.5,0.0,0.0,0.0,0.0,0.0,0.0,0.0,0.0,-2.8125,0.0,0.0,0.0,-3.75,3.75,0.0,0.9375,-3.75,-1.875,-3.75,0.0,0.0,5.625,0.0,3.75,0.0,0.0,-11.25,3.75,0.0,0.0,1.875,18.75,0.0,-3.75,-3.75,0.0,18.75,0.0,-7.5,7.5,-3.75,-9.375,-3.75,3.75,0.0,0.0,0.0,0.0,-1.875,0.0,4.6875,0.0,0.0,0.0,-3.75
64,5,0.0,0.0,0.0,0.0,0.0,0.0,-7.5,0.0,-3.75,0.9375,-1.875,0.0,0.0,7.5,0.0,0.0,0.0,0.0,0.0,0.0,0.0,0.0,-2.8125,0.0,0.0,0.0,-3.75,3.75,0.0,0.0,-3.75,-1.875,-3.75,0.0,0.0,3.75,0.0,3.75,0.0,0.0,-10.3125,3.75,0.0,0.0,1.875,15.0,0.0,-3.75,-3.75,0.0,15.9375,0.9375,-7.5,7.5,-5.625,-10.3125,-3.75,3.75,0.0,0.0,0.0,0.0,-1.875,0.0,4.6875,-2.8125,0.0,0.0,-3.75
65,3,0.0,0.0,0.0,0.0,0.0,0.0,3.75,0.0,-3.75,0.0,-11.25,0.0,0.0,3.75,0.0,0.0,0.0,0.0,0.0,0.0,0.0,0.0,-3.75,0.0,0.0,0.0,-2.8125,3.75,0.0,0.0,0.0,0.0,-1.875,0.0,0.0,0.0,0.0,0.9375,0.0,0.0,-15.0,3.75,0.0,0.0,0.9375,15.0,0.0,-3.75,0.0,0.0,15.9375,0.0,-3.75,4.6875,-3.75,-10.3125,-7.5,3.75,0.0,-3.75,-1.875,0.0,-7.5,0.0,4.6875,0.9375,0.0,0.0,-3.75
65,4,0.0,0.0,0.0,0.0,0.0,0.0,-7.5,0.0,-3.75,0.0,7.5,0.0,0.0,3.75,0.0,0.0,0.0,0.0,0.0,0.0,0.0,0.0,-3.75,0.0,0.0,0.0,-3.75,3.75,0.0,0.0,-3.75,0.0,-3.75,0.0,0.0,3.75,0.0,3.75,1.875,0.0,-14.0625,3.75,0.0,0.0,1.875,18.75,0.0,0.0,0.0,0.0,15.9375,0.0,-7.5,7.5,-3.75,-7.5,-3.75,3.75,0.0,-3.75,0.0,-1.875,-3.75,0.0,4.6875,-2.8125,0.0,0.0,-4.6875
65,5,0.0,0.0,0.0,0.0,0.0,0.0,0.0,0.0,-3.75,0.0,7.5,0.0,0.0,3.75,0.0,0.0,0.0,0.0,0.0,0.0,0.0,0.0,-3.75,-1.875,0.0,0.0,-3.75,3.75,0.0,0.0,-3.75,0.0,-3.75,0.0,0.0,3.75,0.0,3.75,0.9375,0.0,-14.0625,3.75,0.0,0.0,1.875,18.75,0.0,0.0,0.0,0.0,15.0,0.0,-6.5625,7.5,-3.75,-10.3125,-3.75,3.75,0.0,-3.75,0.0,-1.875,-3.75,0.0,4.6875,-2.8125,0.0,0.0,-5.625
66,3,0.0,0.0,0.0,0.0,0.0,0.0,12.1875,0.0,-3.75,0.0,5.625,0.0,0.0,3.75,0.0,0.0,0.0,0.0,0.0,0.0,0.0,0.0,-3.75,-1.875,0.0,0.0,-1.875,3.75,0.0,0.0,0.0,0.0,0.0,0.0,0.0,0.0,0.0,0.9375,0.0,0.0,-16.875,3.75,0.0,0.0,1.875,15.0,0.0,-3.75,0.9375,0.0,15.0,0.0,0.0,3.75,-3.75,-8.4375,-7.5,0.0,0.0,-7.5,0.0,-1.875,-6.5625,-1.875,0.9375,0.9375,0.0,0.0,-7.5
66,4,0.0,0.0,0.0,0.0,0.0,0.0,11.25,0.0,-3.75,0.0,7.5,0.0,0.0,3.75,0.0,0.0,0.0,0.0,0.0,0.0,0.0,0.0,-6.5625,-2.8125,0.0,0.0,-1.875,3.75,0.0,0.0,-7.5,0.0,-3.75,0.0,0.0,0.9375,0.0,3.75,0.9375,0.0,-15.0,7.5,0.0,0.0,0.9375,17.8125,0.0,0.0,0.0,0.0,15.0,0.0,-3.75,3.75,-3.75,-5.625,-3.75,0.0,0.0,-3.75,0.0,-3.75,0.0,0.0,3.75,-3.75,0.0,0.0,-7.5
66,5,0.0,0.0,0.0,0.0,0.0,0.0,9.375,0.0,-3.75,0.0,7.5,0.0,0.0,3.75,0.0,0.0,0.0,0.0,0.0,0.0,0.0,0.0,-6.5625,-2.8125,0.0,0.0,-1.875,3.75,0.0,0.0,-6.5625,0.0,-3.75,0.0,0.0,0.0,0.0,3.75,0.9375,0.0,-11.25,7.5,0.0,0.0,0.9375,18.75,0.0,0.0,0.0,0.0,15.0,0.0,-3.75,3.75,-3.75,-7.5,-3.75,0.0,0.0,-3.75,0.0,-3.75,-1.875,0.0,3.75,-1.875,0.0,0.0,-7.5
67,3,0.0,0.0,0.0,0.0,0.0,0.0,13.125,0.0,0.0,0.0,7.5,0.0,0.0,0.9375,0.0,0.0,0.0,0.0,0.0,0.0,0.0,0.0,-3.75,-3.75,0.0,0.0,0.0,3.75,0.0,0.0,7.5,0.9375,3.75,0.0,0.0,0.0,0.0,0.9375,1.875,0.0,16.875,3.75,0.0,0.0,0.9375,12.1875,0.0,0.0,0.0,0.0,9.375,0.0,4.6875,0.0,-3.75,-3.75,-11.25,0.0,0.0,-10.3125,-3.75,-1.875,0.0,-3.75,0.0,7.5,0.0,0.0,-9.375
67,4,0.0,0.0,0.0,0.0,0.0,0.0,11.25,0.0,0.0,-2.8125,7.5,0.0,0.0,0.9375,0.0,0.0,0.0,0.0,0.0,0.0,0.0,0.0,-7.5,-3.75,0.0,0.0,-1.875,3.75,0.0,0.0,-3.75,0.0,0.0,0.0,0.0,0.0,0.0,3.75,1.875,0.0,-11.25,7.5,0.0,0.0,0.0,16.875,0.0,0.0,1.875,0.0,11.25,0.0,0.0,0.0,-3.75,0.0,-3.75,0.0,0.0,-7.5,-1.875,-3.75,3.75,-1.875,0.9375,-1.875,0.0,0.0,-10.3125
67,5,0.0,0.0,0.0,0.0,0.0,0.0,11.25,0.0,0.0,-2.8125,7.5,0.0,0.0,0.9375,0.0,0.0,0.0,0.0,0.0,0.0,0.0,0.0,-7.5,-3.75,0.0,0.0,-1.875,3.75,0.0,0.0,-3.75,0.0,0.0,0.0,0.0,0.0,0.0,3.75,0.9375,0.0,-7.5,7.5,0.0,0.0,0.0,15.9375,0.0,0.0,0.9375,0.0,11.25,0.0,0.0,0.0,-3.75,0.0,-3.75,0.0,0.0,-7.5,-1.875,-3.75,3.75,-3.75,0.9375,0.0,0.0,0.0,-10.3125
68,3,0.0,0.0,0.0,0.0,0.0,0.0,11.25,0.0,5.625,-1.875,1.875,0.0,0.0,0.0,0.0,0.0,0.0,0.0,0.0,0.0,0.0,0.0,-7.5,-3.75,0.0,0.0,0.0,3.75,0.0,0.0,11.25,0.9375,7.5,0.0,0.0,0.9375,0.0,0.9375,0.0,0.0,15.9375,3.75,0.0,0.0,0.9375,11.25,0.0,0.0,0.0,0.0,8.4375,0.0,7.5,-1.875,-1.875,-1.875,-12.1875,-3.75,0.0,-11.25,-3.75,-3.75,1.875,-1.875,3.75,11.25,0.0,0.0,-11.25
68,4,0.0,0.0,0.0,0.0,0.0,0.0,11.25,0.0,3.75,-3.75,3.75,0.0,0.0,0.0,0.0,0.0,0.0,0.0,0.0,0.0,0.0,0.0,-7.5,-3.75,0.0,0.0,0.0,3.75,0.0,0.0,0.0,0.9375,3.75,0.0,0.0,0.0,0.0,0.9375,0.0,0.0,15.0,7.5,0.0,0.0,0.0,15.0,0.0,0.0,0.0,0.0,8.4375,0.0,3.75,0.0,0.0,3.75,-7.5,-3.75,0.0,-7.5,-1.875,-6.5625,4.6875,-1.875,1.875,0.9375,0.0,0.0,-11.25
68,5,0.0,0.0,0.0,0.0,0.0,0.0,11.25,0.0,3.75,-3.75,3.75,0.0,0.0,0.0,0.0,0.0,0.0,0.0,0.0,0.0,0.0,0.0,-7.5,-3.75,0.0,0.0,0.0,3.75,0.0,0.0,3.75,0.9375,3.75,0.0,0.0,0.0,0.0,0.9375,0.0,0.0,15.0,7.5,0.0,0.0,0.0,15.0,0.0,0.0,0.0,0.0,8.4375,0.0,3.75,0.0,-1.875,3.75,-10.3125,-3.75,0.0,-7.5,-1.875,-6.5625,4.6875,-1.875,1.875,3.75,0.0,0.0,-11.25
69,3,0.0,0.0,0.0,0.0,0.0,0.0,11.25,0.0,7.5,-1.875,1.875,0.0,0.0,-1.875,0.0,0.0,0.0,0.0,0.0,0.0,0.0,0.0,-7.5,-7.5,0.0,0.0,0.0,3.75,0.0,0.0,11.25,0.9375,7.5,0.0,0.0,3.75,0.0,0.9375,0.0,0.0,15.0,3.75,0.0,0.0,0.0,11.25,0.0,0.0,0.0,0.0,7.5,0.0,8.4375,-3.75,0.0,0.0,-13.125,-6.5625,0.0,-11.25,-2.8125,-3.75,1.875,0.0,0.9375,11.25,0.0,0.0,-14.0625
69,4,0.0,0.0,0.0,0.0,0.0,0.0,8.4375,0.0,7.5,-3.75,1.875,0.0,0.0,-1.875,0.0,0.0,0.0,0.0,0.0,0.0,0.0,0.9375,-7.5,-3.75,0.0,0.0,0.0,3.75,0.0,0.0,7.5,0.9375,7.5,0.0,0.0,0.0,0.0,0.0,-1.875,0.0,15.0,7.5,0.0,0.0,0.0,13.125,0.0,0.0,0.0,0.0,7.5,-1.875,7.5,-3.75,0.0,4.6875,-10.3125,-3.75,0.0,-10.3125,0.0,-7.5,3.75,0.0,1.875,7.5,0.0,0.0,-15.0
69,5,0.0,0.0,0.0,0.0,0.0,0.0,7.5,0.0,7.5,-3.75,0.9375,0.0,0.0,-1.875,0.0,0.0,0.0,0.0,0.0,0.0,0.0,0.9375,-7.5,-3.75,0.0,0.0,0.0,3.75,0.0,0.0,7.5,0.9375,7.5,0.0,0.0,0.0,0.0,0.0,-1.875,0.0,15.0,7.5,0.0,0.0,0.0,13.125,0.0,0.0,0.0,0.0,7.5,-1.875,7.5,-3.75,0.0,4.6875,-10.3125,-3.75,0.0,-10.3125,0.0,-7.5,3.75,0.0,0.9375,7.5,0.0,0.0,-15.0
70,3,0.0,0.0,0.0,0.0,0.0,0.0,11.25,0.0,7.5,0.0,0.0,0.0,0.0,-3.75,0.0,0.0,0.0,0.0,0.0,0.0,0.0,0.0,3.75,-7.5,0.0,0.0,0.0,0.9375,0.0,0.0,11.25,0.0,7.5,0.0,0.0,7.5,0.0,0.0,0.0,0.0,15.0,3.75,0.0,0.0,0.0,9.375,0.0,0.0,0.0,0.0,3.75,0.0,9.375,-7.5,-3.75,0.0,-11.25,-7.5,0.0,-11.25,-3.75,-3.75,1.875,0.0,0.0,11.25,0.0,0.0,-15.0
70,4,0.0,0.0,0.0,0.0,0.0,0.0,7.5,0.0,7.5,-3.75,1.875,0.0,0.0,-3.75,0.0,0.0,0.0,0.0,0.0,0.0,0.0,0.9375,-3.75,-3.75,0.0,0.0,0.0,0.9375,0.0,0.0,7.5,0.0,4.6875,0.0,0.0,3.75,0.0,0.0,-3.75,0.0,13.125,4.6875,0.0,0.0,0.0,11.25,0.0,0.0,-1.875,0.0,3.75,0.0,7.5,-5.625,-3.75,4.6875,-3.75,-6.5625,0.0,-7.5,0.0,-9.375,3.75,0.0,0.0,7.5,0.0,0.0,-15.9375
70,5,0.0,0.0,0.0,0.0,0.0,0.0,7.5,0.0,7.5,-3.75,1.875,0.0,0.0,-3.75,0.0,0.0,0.0,0.0,0.0,0.0,0.0,0.9375,-3.75,-3.75,0.0,0.0,0.0,0.9375,0.0,0.0,9.375,0.0,7.5,0.0,0.0,3.75,0.0,0.0,-3.75,0.0,13.125,5.625,0.0,0.0,0.0,11.25,0.0,0.0,-1.875,0.0,3.75,0.0,7.5,-6.5625,-3.75,3.75,-6.5625,-6.5625,0.0,-7.5,0.0,-9.375,3.75,0.0,0.0,7.5,0.0,0.0,-15.0
71,3,0.0,0.0,0.0,0.0,0.0,0.0,9.375,0.0,4.6875,0.9375,-3.75,0.0,0.0,-3.75,0.0,0.0,0.0,0.0,-1.875,0.0,0.0,0.0,7.5,-5.625,0.0,0.0,0.0,0.9375,0.0,0.0,8.4375,0.0,4.6875,0.0,0.0,7.5,0.0,0.0,0.0,0.0,11.25,1.875,0.0,0.0,0.0,7.5,0.0,0.0,-3.75,0.0,0.0,0.0,8.4375,-7.5,-3.75,0.0,9.375,-7.5,0.0,-9.375,-2.8125,-5.625,3.75,-2.8125,0.0,11.25,0.0,0.0,-16.875
71,4,0.0,0.0,0.0,0.0,0.0,0.0,5.625,0.0,4.6875,-3.75,0.0,0.0,0.0,-3.75,0.0,0.0,0.0,0.0,-1.875,0.0,0.0,0.0,3.75,-3.75,0.0,0.0,0.0,0.0,0.0,0.0,7.5,0.0,3.75,0.0,0.0,4.6875,0.0,0.0,-3.75,0.0,11.25,4.6875,0.0,0.0,0.0,9.375,0.0,0.0,-3.75,0.0,0.9375,0.0,7.5,-3.75,-3.75,3.75,1.875,-3.75,0.0,0.0,0.0,-11.25,3.75,-1.875,0.0,7.5,0.0,0.0,-18.75
71,5,0.0,0.0,0.0,0.0,0.0,0.0,3.75,0.0,4.6875,0.0,0.0,0.0,0.0,-3.75,0.0,0.0,0.0,0.0,-1.875,0.0,0.0,0.0,3.75,-3.75,0.0,0.0,0.0,0.0,0.0,0.0,7.5,0.0,4.6875,0.0,0.0,7.5,0.0,0.0,-3.75,0.0,11.25,4.6875,0.0,0.0,0.0,9.375,0.0,0.0,-3.75,0.0,0.9375,0.0,7.5,-3.75,-3.75,3.75,0.0,-6.5625,0.0,0.0,0.0,-11.25,3.75,-2.8125,0.0,7.5,0.0,0.0,-17.8125
72,3,0.0,0.0,0.0,0.0,0.0,0.0,-7.5,0.0,3.75,3.75,-3.75,0.0,0.0,-1.875,0.0,-1.875,0.0,0.0,-3.75,0.0,0.0,0.0,7.5,0.9375,0.0,0.0,0.0,0.0,0.0,-1.875,7.5,-1.875,3.75,0.0,0.0,7.5,0.0,0.0,0.0,0.0,7.5,1.875,0.0,0.0,0.0,7.5,0.0,0.0,-3.75,0.0,0.0,3.75,7.5,-7.5,0.0,0.0,12.1875,-3.75,0.0,7.5,-1.875,-7.5,0.0,0.0,0.0,7.5,0.0,3.75,-18.75
72,4,0.0,0.0,0.0,0.0,0.0,0.0,0.9375,0.0,3.75,3.75,0.0,0.0,0.0,0.0,0.0,-1.875,0.0,0.0,-3.75,0.0,0.0,0.0,5.625,-1.875,0.0,0.0,0.0,0.0,0.0,0.0,7.5,-1.875,3.75,0.0,0.0,7.5,0.0,0.0,-3.75,0.0,7.5,3.75,0.0,0.0,0.9375,7.5,0.0,0.0,-3.75,0.0,0.0,0.9375,3.75,-3.75,0.0,3.75,4.6875,0.0,0.0,7.5,0.0,-13.125,0.9375,0.0,0.0,7.5,-1.875,0.9375,-18.75
72,5,0.0,0.0,0.0,0.0,0.0,0.0,3.75,0.0,3.75,3.75,0.0,0.0,0.0,-1.875,0.0,-1.875,0.0,0.0,-3.75,0.0,0.0,0.0,7.5,-1.875,0.0,0.0,0.0,0.0,0.0,0.0,7.5,-3.75,3.75,0.0,0.0,7.5,0.0,0.0,-3.75,0.0,7.5,3.75,0.0,0.0,0.9375,7.5,0.0,0.0,-3.75,0.0,0.0,0.9375,4.6875,-3.75,0.0,3.75,5.625,-3.75,0.0,5.625,0.0,-13.125,0.9375,0.0,0.0,7.5,0.0,3.75,-18.75
73,3,0.0,0.0,0.0,0.0,0.0,0.0,-9.375,0.0,3.75,7.5,-1.875,0.0,0.0,0.0,0.0,-2.8125,0.0,0.0,-3.75,0.0,0.0,0.0,4.6875,7.5,0.0,0.0,0.0,0.0,0.0,-0.9375,3.75,-3.75,0.9375,0.0,0.0,7.5,0.0,0.9375,0.9375,0.0,4.6875,0.0,0.0,0.0,0.0,5.625,0.0,0.0,-7.5,0.0,0.0,3.75,4.6875,-3.75,3.75,0.0,12.1875,3.75,0.0,8.4375,-1.875,-7.5,0.0,-1.875,0.0,4.6875,-3.75,3.75,-19.6875
73,4,0.0,0.0,0.0,0.0,0.0,0.0,0.0,0.0,3.75,7.5,0.0,0.0,0.0,0.0,0.0,-3.75,0.0,0.0,-3.75,-0.9375,0.0,0.0,7.5,0.0,0.0,0.0,0.0,0.0,0.0,0.0,3.75,-3.75,0.0,0.0,0.0,7.5,0.0,0.0,-3.75,0.0,5.625,3.75,0.0,0.0,0.0,5.625,0.0,0.0,-5.625,0.0,0.0,3.75,3.75,-1.875,0.0,3.75,7.5,3.75,0.0,7.5,0.0,-15.0,0.0,0.0,0.0,3.75,-3.75,3.75,-18.75
73,5,0.0,0.0,0.0,0.0,0.0,0.0,0.0,0.0,3.75,7.5,0.0,0.0,0.0,0.0,0.0,-3.75,0.0,0.0,-3.75,-1.875,0.0,0.0,5.625,0.0,0.0,0.0,0.0,0.0,0.0,0.0,3.75,-3.75,0.0,0.0,0.0,7.5,0.0,0.0,-1.875,0.0,5.625,3.75,0.0,0.0,0.0,6.5625,0.0,0.0,-7.5,0.0,0.0,3.75,3.75,0.0,1.875,3.75,7.5,3.75,0.0,7.5,0.0,-15.0,0.0,0.0,0.0,3.75,-3.75,3.75,-18.75
74,3,0.0,0.0,0.0,0.0,0.0,0.0,-11.25,0.0,0.9375,8.4375,0.0,0.0,0.0,3.75,0.0,-3.75,0.0,0.0,-6.5625,-1.875,0.0,0.0,3.75,11.25,0.0,0.0,0.0,0.0,0.0,-1.875,3.75,-7.5,0.0,0.0,0.0,5.625,0.0,0.9375,3.75,0.0,3.75,0.0,0.0,0.0,0.0,3.75,0.0,0.0,-7.5,0.0,-3.75,1.875,3.75,-1.875,0.0,3.75,11.25,3.75,0.0,7.5,-1.875,-3.75,0.0,-3.75,-1.875,3.75,-7.5,3.75,-18.75
74,4,0.0,0.0,0.0,0.0,-1.875,0.0,0.0,0.0,0.9375,9.375,0.0,0.0,0.0,3.75,0.0,-3.75,0.0,0.0,-3.75,-2.8125,0.0,0.0,3.75,3.75,0.0,0.0,0.0,0.0,0.0,0.0,3.75,-7.5,0.0,0.0,0.0,4.6875,0.0,0.0,0.0,0.0,3.75,0.9375,0.0,0.0,0.0,3.75,0.0,0.0,-3.75,0.0,-3.75,0.9375,3.75,0.0,0.0,3.75,7.5,3.75,0.0,7.5,0.0,-11.25,0.0,-3.75,0.0,3.75,-7.5,3.75,18.75
74,5,0.0,0.0,0.0,0.0,-1.875,0.0,0.0,0.0,0.9375,7.5,0.0,0.0,0.0,3.75,0.0,-3.75,0.0,0.0,-3.75,-2.8125,0.0,0.0,3.75,3.75,0.0,0.0,0.0,0.0,0.0,-1.875,3.75,-7.5,0.0,0.0,0.0,4.6875,0.0,0.0,0.0,0.0,3.75,0.9375,0.0,0.0,0.0,3.75,0.0,0.0,-3.75,0.0,-3.75,1.875,3.75,0.0,0.0,3.75,7.5,3.75,0.0,7.5,0.0,-7.5,0.0,-3.75,0.0,3.75,-7.5,3.75,15.0
75,3,0.0,0.0,0.0,0.0,-2.8125,0.0,-7.5,0.0,0.0,8.4375,-1.875,0.0,0.0,3.75,0.0,-3.75,0.0,0.0,-7.5,-3.75,0.0,0.0,3.75,8.4375,-0.9375,0.0,0.0,0.0,0.0,-3.75,0.9375,-7.5,0.0,0.0,0.0,4.6875,0.0,0.0,3.75,0.0,0.0,0.0,0.0,0.0,-1.875,0.0,0.0,0.0,-3.75,0.0,-3.75,1.875,0.0,0.0,0.0,3.75,8.4375,3.75,0.0,3.75,-3.75,11.25,0.0,-3.75,-3.75,0.0,-7.5,1.875,15.0
75,4,0.0,0.0,-1.875,0.0,-3.75,0.0,1.875,0.0,0.0,8.4375,0.0,0.0,0.0,3.75,0.0,-6.5625,0.0,0.0,-3.75,-3.75,0.0,0.0,3.75,3.75,-0.9375,0.0,0.0,0.0,0.0,-3.75,0.9375,-7.5,-3.75,0.0,0.0,3.75,0.0,0.0,3.75,0.0,0.0,0.0,0.0,-1.875,0.0,0.0,0.0,0.0,-3.75,0.0,-3.75,3.75,0.0,0.0,0.0,3.75,7.5,3.75,0.0,4.6875,-1.875,15.0,0.0,-1.875,-1.875,0.0,-7.5,3.75,15.0
75,5,0.0,0.0,-2.8125,0.0,-3.75,0.0,3.75,0.0,0.0,8.4375,0.0,0.0,0.0,3.75,0.0,-6.5625,0.0,0.0,-3.75,-3.75,0.0,0.0,3.75,3.75,-1.875,0.0,0.0,0.0,0.0,-3.75,0.9375,-7.5,-3.75,0.0,0.0,4.6875,0.0,0.0,3.75,0.0,0.9375,0.9375,0.0,-1.875,0.0,0.0,0.0,-0.9375,-1.875,0.0,-3.75,3.75,0.0,0.0,0.0,3.75,7.5,3.75,0.0,3.75,-1.875,11.25,0.0,-2.8125,-3.75,0.0,-7.5,3.75,15.0
76,3,0.0,0.0,-1.875,0.0,-3.75,0.0,7.5,0.0,0.0,7.5,-1.875,0.0,0.0,1.875,0.0,-6.5625,0.0,0.0,-7.5,-3.75,0.0,0.0,0.9375,7.5,-1.875,0.0,0.0,0.9375,0.0,-7.5,0.0,-7.5,0.0,0.0,0.0,3.75,0.0,0.0,4.6875,0.0,0.0,0.0,0.0,0.0,-3.75,0.0,0.0,-1.875,-7.5,0.0,-3.75,3.75,0.0,0.0,0.0,3.75,5.625,3.75,0.0,3.75,-3.75,13.125,0.0,-3.75,-3.75,0.0,-11.25,0.9375,15.0
76,4,0.0,0.0,-3.75,0.0,-3.75,0.0,3.75,0.0,0.0,7.5,0.0,0.0,0.0,3.75,0.0,-7.5,0.0,0.0,-3.75,-5.625,0.0,0.0,3.75,4.6875,-2.8125,0.0,0.0,0.0,0.0,-6.5625,0.0,-7.5,-3.75,0.0,0.0,3.75,0.0,0.0,7.5,0.0,0.0,0.0,0.0,0.0,-3.75,0.0,0.0,-2.8125,-3.75,0.0,-1.875,3.75,0.0,0.0,0.0,3.75,3.75,3.75,0.0,3.75,-3.75,15.0,0.0,0.0,-3.75,0.0,-7.5,0.9375,15.0
76,5,0.0,0.0,-3.75,0.0,-3.75,0.0,4.6875,0.0,0.0,7.5,0.0,0.0,0.0,3.75,0.0,-7.5,0.0,0.0,-3.75,-5.625,0.0,0.0,3.75,4.6875,-2.8125,0.0,0.0,0.0,0.0,-6.5625,0.0,-7.5,-3.75,0.0,0.0,3.75,0.0,0.0,7.5,0.0,0.0,0.0,0.0,-1.875,-3.75,0.0,0.0,-2.8125,-6.5625,0.0,-1.875,3.75,0.0,0.0,0.0,3.75,3.75,3.75,0.0,3.75,-3.75,15.0,0.0,0.0,-3.75,0.0,-7.5,0.9375,15.0
77,3,0.0,0.0,-3.75,0.0,-5.625,0.0,7.5,0.0,0.0,7.5,-1.875,0.0,0.0,0.0,0.0,-7.5,0.0,0.0,-7.5,-5.625,0.0,0.0,0.0,7.5,-3.75,0.0,0.0,0.9375,0.0,-7.5,0.0,-7.5,0.0,0.0,0.0,0.0,0.0,0.0,5.625,0.0,0.0,0.0,0.0,0.0,-3.75,-3.75,0.0,-3.75,-7.5,0.0,0.0,0.0,0.0,0.0,0.0,3.75,3.75,1.875,0.0,0.0,-6.5625,12.1875,0.0,-3.75,-3.75,0.0,-11.25,0.0,12.1875
77,4,0.0,0.0,-3.75,0.0,-7.5,0.0,7.5,0.0,-1.875,7.5,0.0,0.0,0.0,0.0,0.0,-9.375,0.0,0.0,-3.75,-7.5,0.0,0.0,0.9375,3.75,-3.75,0.0,0.0,0.0,0.0,-7.5,-1.875,-7.5,-3.75,0.0,0.0,0.0,0.0,0.0,7.5,0.0,-1.875,0.0,0.0,0.0,-3.75,0.0,0.0,-3.75,-6.5625,0.0,0.0,0.0,0.0,0.0,0.0,3.75,3.75,0.9375,0.0,0.0,-3.75,15.0,0.0,0.0,-1.875,0.0,-7.5,0.0,14.0625
77,5,0.0,0.0,-5.625,0.0,-7.5,0.0,7.5,0.0,-1.875,7.5,0.0,0.0,0.0,0.0,0.0,-9.375,0.0,0.0,-3.75,-7.5,0.0,0.0,0.9375,4.6875,-3.75,0.0,0.0,0.0,0.0,-7.5,-1.875,-7.5,-3.75,0.0,0.0,0.0,0.0,-1.875,7.5,0.0,-1.875,0.0,0.0,0.0,-3.75,0.0,0.0,-3.75,-6.5625,0.0,0.0,0.0,0.0,0.0,0.0,3.75,3.75,3.75,0.0,0.0,-3.75,15.0,0.0,0.0,-3.75,0.0,-10.3125,0.0,13.125
78,3,0.0,0.0,-3.75,0.0,-7.5,0.0,7.5,0.0,-3.75,4.6875,-3.75,0.0,0.0,0.0,0.0,-9.375,0.0,0.0,0.0,-7.5,0.0,0.0,0.0,3.75,-5.625,0.0,0.0,0.9375,0.0,-11.25,0.0,-7.5,0.0,0.0,0.0,0.0,0.0,0.0,4.6875,0.0,0.0,0.0,0.0,0.0,-6.5625,-5.625,0.0,-3.75,-11.25,0.0,0.0,0.0,0.0,0.9375,0.0,0.9375,3.75,0.0,0.0,0.0,-7.5,12.1875,0.0,0.0,-3.75,0.0,-11.25,0.0,11.25
78,4,0.0,0.0,-7.5,0.0,-9.375,0.0,7.5,0.0,-3.75,4.6875,-1.875,0.0,0.0,0.0,0.0,-11.25,0.0,0.0,0.0,-10.3125,0.0,0.0,0.0,3.75,-6.5625,0.0,0.0,0.0,0.0,-11.25,-1.875,-7.5,-3.75,0.0,0.0,0.0,0.0,0.0,7.5,0.0,-3.75,0.0,0.0,0.0,-5.625,-3.75,0.0,-3.75,-7.5,0.0,0.0,0.0,0.0,0.0,0.0,0.0,3.75,0.0,0.0,0.0,-3.75,15.0,0.0,3.75,-1.875,0.0,-7.5,0.0,11.25
78,5,0.0,0.0,-7.5,0.0,-9.375,0.0,7.5,0.0,-3.75,4.6875,-1.875,0.0,0.0,0.0,0.0,-11.25,0.0,0.0,0.0,-10.3125,0.0,0.0,0.0,3.75,-6.5625,0.0,0.0,0.0,0.0,-10.3125,-1.875,-7.5,-3.75,0.0,0.0,0.0,0.0,0.0,7.5,0.0,-3.75,0.0,0.0,0.0,-5.625,-3.75,0.0,-3.75,-5.625,0.0,0.0,0.0,0.0,0.0,0.0,0.0,3.75,0.0,0.0,0.0,-3.75,15.0,0.0,3.75,-1.875,0.0,-7.5,0.0,11.25
79,3,0.0,0.0,-6.5625,0.0,-9.375,0.0,7.5,0.0,-3.75,3.75,-3.75,0.0,0.0,-1.875,0.0,-10.3125,0.0,0.0,4.6875,-7.5,0.0,0.0,0.0,3.75,-5.625,0.0,0.0,0.9375,0.0,-14.0625,0.0,-7.5,3.75,0.0,0.0,-2.8125,0.0,0.0,3.75,0.0,-1.875,3.75,0.0,0.0,-7.5,-3.75,0.0,-7.5,-14.0625,0.0,0.0,0.0,0.0,1.875,0.0,0.0,0.0,0.0,0.0,0.0,-7.5,11.25,0.0,3.75,-3.75,0.0,-11.25,0.0,8.4375
79,4,0.0,0.0,-7.5,0.0,-11.25,0.0,7.5,0.0,-3.75,3.75,-1.875,0.0,-1.875,-1.875,0.0,-13.125,0.0,0.0,3.75,-11.25,0.0,0.0,0.0,1.875,-7.5,0.0,0.0,0.0,0.0,-11.25,0.0,-7.5,-3.75,0.0,0.0,-2.8125,0.0,0.0,3.75,0.0,-3.75,0.0,0.0,0.9375,-7.5,-1.875,0.0,-7.5,-11.25,0.0,0.0,0.0,0.0,0.0,0.0,0.0,1.875,0.0,0.0,0.0,-6.5625,13.125,-1.875,3.75,-1.875,0.0,0.0,0.0,10.3125
79,5,0.0,0.0,-8.4375,0.0,-11.25,0.0,7.5,0.0,-3.75,3.75,-1.875,0.0,-1.875,-1.875,0.0,-12.1875,0.0,0.0,3.75,-11.25,0.0,0.0,0.0,0.9375,-7.5,0.0,0.0,0.0,0.0,-11.25,0.0,-7.5,-3.75,0.0,0.0,-2.8125,0.0,0.0,3.75,0.0,-3.75,1.875,0.0,0.0,-7.5,-1.875,0.0,-7.5,-11.25,0.0,0.0,0.0,0.0,0.0,0.0,0.0,1.875,0.0,0.0,0.0,-7.5,13.125,-1.875,3.75,-3.75,0.0,0.0,0.0,9.375
80,3,0.0,0.0,-7.5,0.0,-10.3125,0.0,5.625,0.0,-5.625,1.875,-2.8125,0.0,0.0,-3.75,0.0,-11.25,0.0,0.0,4.6875,-10.3125,0.0,0.0,0.0,0.9375,-10.3125,0.0,0.0,0.9375,0.0,-15.0,0.0,-7.5,4.6875,0.0,0.0,-3.75,0.0,0.0,3.75,0.0,-1.875,3.75,0.0,1.875,-9.375,0.0,0.0,-7.5,-15.0,0.0,0.0,-1.875,0.0,1.875,0.0,-2.8125,0.0,-3.75,0.0,0.0,-7.5,10.3125,0.0,3.75,0.0,0.0,11.25,0.0,7.5
80,4,0.0,0.0,-11.25,0.0,-13.125,0.0,7.5,0.0,-6.5625,1.875,0.0,0.0,-2.8125,-3.75,0.0,-15.0,0.0,0.0,3.75,-14.0625,0.0,0.0,0.0,0.0,-11.25,0.0,0.0,0.0,0.0,-15.0,0.0,-3.75,0.0,0.0,0.0,-3.75,0.0,0.0,3.75,0.0,-3.75,1.875,0.0,3.75,-7.5,0.0,0.0,-7.5,-14.0625,0.0,0.0,-1.875,0.0,0.9375,0.0,-1.875,0.0,-3.75,0.0,0.0,-7.5,11.25,-1.875,4.6875,-2.8125,0.0,7.5,0.0,7.5
80,5,0.0,0.0,-11.25,0.0,-12.1875,0.0,7.5,0.0,-7.5,1.875,0.0,0.0,-2.8125,-3.75,0.0,-15.0,0.0,0.0,3.75,-14.0625,0.0,0.0,0.0,0.0,-10.3125,0.0,0.0,0.0,0.0,-14.0625,0.0,-3.75,1.875,0.0,0.0,-3.75,0.0,0.0,3.75,0.0,-3.75,0.9375,0.0,3.75,-7.5,0.0,0.0,-7.5,-13.125,0.0,0.0,-1.875,0.0,0.9375,0.0,-2.8125,0.0,-3.75,0.0,0.0,-6.5625,11.25,-1.875,4.6875,-2.8125,0.0,7.5,0.0,7.5
81,3,0.0,0.0,-7.5,0.0,-11.25,0.0,3.75,0.0,-6.5625,0.0,-1.875,0.0,-0.9375,-3.75,0.0,-11.25,0.0,0.0,3.75,-11.25,0.0,0.0,0.0,0.0,-11.25,0.0,0.0,0.9375,0.0,-15.0,0.0,0.0,7.5,0.0,0.0,-3.75,-1.875,0.0,0.9375,0.0,0.0,0.0,0.0,1.875,-11.25,0.0,0.0,-10.3125,-15.0,0.0,0.0,-3.75,0.0,0.9375,3.75,-3.75,0.0,-3.75,0.0,0.0,-7.5,7.5,0.0,3.75,0.0,0.0,11.25,0.0,3.75
81,4,0.0,0.0,-11.25,0.0,-15.0,0.0,3.75,0.0,-7.5,0.0,0.0,0.0,-3.75,-3.75,0.0,-15.0,0.0,0.0,3.75,-15.0,0.0,0.0,0.0,0.0,-12.1875,0.0,0.0,0.0,0.0,-14.0625,0.0,1.875,7.5,0.0,0.0,-3.75,0.0,0.0,1.875,0.0,-3.75,0.0,0.0,3.75,-7.5,0.0,0.0,-7.5,-15.0,0.0,0.0,-3.75,0.0,0.9375,0.0,-3.75,0.0,-3.75,0.0,0.0,-3.75,9.375,0.0,3.75,-2.8125,0.0,7.5,0.0,4.6875
81,5,0.0,0.0,-11.25,0.0,-15.0,0.0,3.75,0.0,-7.5,0.0,0.0,0.0,-3.75,-3.75,0.0,-15.0,-0.9375,0.0,3.75,-15.0,0.0,0.0,0.0,0.0,-12.1875,0.0,0.0,0.0,0.0,-11.25,0.0,0.0,7.5,0.0,0.0,-3.75,0.0,0.0,3.75,0.0,-3.75,0.0,0.0,3.75,-7.5,0.0,0.0,-7.5,-14.0625,0.0,0.0,-3.75,0.0,0.9375,0.0,-3.75,0.0,-6.5625,0.0,0.0,-5.625,9.375,0.0,3.75,-2.8125,0.0,7.5,0.0,4.6875
82,3,0.0,0.0,-9.375,0.0,-13.125,0.0,3.75,0.0,-5.625,0.0,0.0,0.0,-1.875,-3.75,0.0,-10.3125,-1.875,0.0,3.75,-11.25,0.0,0.0,0.0,0.0,-14.0625,0.0,0.0,3.75,0.0,15.9375,3.75,0.0,7.5,0.0,0.0,-3.75,-2.8125,0.0,0.0,0.0,-1.875,3.75,0.0,0.0,-11.25,-1.875,0.0,-7.5,-16.875,0.0,0.0,-3.75,0.0,0.9375,5.625,-3.75,0.0,-7.5,0.0,0.0,0.0,7.5,3.75,3.75,-1.875,0.0,9.375,0.0,3.75
82,4,0.0,0.0,-11.25,0.0,-15.0,0.0,3.75,0.0,-5.625,0.0,0.0,0.0,-3.75,-3.75,0.0,-15.0,-3.75,0.0,3.75,-16.875,0.0,0.0,0.0,-1.875,-15.0,0.0,0.0,0.0,0.0,13.125,3.75,3.75,7.5,0.0,0.0,-3.75,0.0,0.0,0.0,0.0,-3.75,1.875,0.0,3.75,-7.5,0.0,0.0,0.0,-15.0,0.0,0.0,-3.75,0.0,0.9375,0.0,-3.75,0.0,-7.5,0.0,0.0,0.0,7.5,0.0,3.75,-3.75,0.0,7.5,0.0,3.75
82,5,0.0,0.0,-12.1875,0.0,-15.0,0.0,3.75,0.0,-3.75,0.0,0.0,0.0,-3.75,-3.75,0.0,-15.0,-3.75,0.0,3.75,-15.0,0.0,0.0,0.0,0.0,-14.0625,0.0,0.0,0.0,0.0,11.25,3.75,3.75,7.5,0.0,0.0,-3.75,-1.875,0.0,0.0,0.0,-3.75,1.875,0.0,3.75,-7.5,0.0,0.0,0.0,-15.0,0.0,0.0,-3.75,0.0,0.9375,0.0,-3.75,0.0,-7.5,0.0,0.0,0.0,7.5,0.0,3.75,-3.75,0.0,7.5,0.0,3.75
83,3,0.0,0.0,-7.5,0.0,-9.375,0.0,0.9375,0.0,-3.75,0.0,0.0,0.0,0.0,-1.875,0.0,-7.5,-2.8125,0.0,0.9375,-11.25,0.0,0.0,0.0,0.0,-15.9375,0.0,0.0,3.75,0.0,15.0,3.75,3.75,7.5,0.0,0.0,-3.75,-3.75,0.0,0.0,0.0,-1.875,4.6875,0.0,0.0,-15.0,0.0,0.0,11.25,-15.0,0.0,0.0,-3.75,0.0,0.0,7.5,-5.625,0.0,-7.5,0.0,0.0,7.5,4.6875,3.75,0.0,-3.75,0.0,8.4375,0.0,0.9375
83,4,0.0,0.0,-14.0625,0.0,-16.875,0.0,0.9375,0.0,-1.875,0.0,0.0,0.0,-3.75,0.0,0.0,-15.0,-3.75,0.0,0.9375,-16.875,0.0,0.0,0.0,0.0,-15.0,0.0,0.0,0.9375,0.0,15.0,3.75,3.75,7.5,0.0,0.0,-1.875,-3.75,0.0,0.0,0.0,-3.75,3.75,0.0,0.9375,-11.25,0.0,0.0,7.5,-15.0,0.0,-1.875,-3.75,0.0,0.0,-3.75,-3.75,0.0,-7.5,0.0,0.0,3.75,5.625,0.9375,0.9375,-3.75,0.0,7.5,0.0,1.875
83,5,0.0,0.0,-13.125,0.0,-15.0,0.0,0.9375,0.0,0.0,0.0,0.0,0.0,-3.75,-1.875,0.0,-15.0,-3.75,0.0,0.9375,-16.875,0.0,0.0,0.0,0.0,-15.0,0.0,0.0,1.875,0.0,13.125,3.75,3.75,7.5,0.0,0.0,-1.875,-3.75,0.0,0.0,0.0,-3.75,3.75,0.0,1.875,-11.25,0.0,0.0,7.5,-15.0,0.0,-1.875,-3.75,0.0,0.0,-3.75,-3.75,0.0,-7.5,0.0,0.0,3.75,5.625,0.9375,1.875,-3.75,0.0,7.5,0.0,1.875
84,3,0.0,0.0,0.0,0.0,7.5,0.0,0.0,0.0,-1.875,0.0,0.0,0.0,0.0,0.0,0.0,-7.5,-3.75,0.0,0.0,-11.25,0.0,0.0,0.0,0.9375,-17.8125,0.0,0.0,3.75,0.0,15.0,3.75,3.75,5.625,0.0,0.0,-1.875,-5.625,0.0,0.0,0.0,0.0,3.75,0.0,0.0,-15.0,0.0,0.0,11.25,-15.0,0.0,0.0,-3.75,0.0,0.0,5.625,-3.75,0.0,-7.5,0.0,0.0,7.5,3.75,0.9375,0.0,0.0,0.0,7.5,-1.875,0.0
84,4,0.0,0.0,-14.0625,0.0,-15.0,0.0,0.0,0.0,1.875,0.0,0.0,0.0,-1.875,0.0,0.0,-13.125,-6.5625,0.0,0.0,-15.0,0.0,0.0,0.0,0.0,-16.875,0.0,0.0,3.75,0.0,15.0,3.75,3.75,7.5,0.0,0.0,0.0,-3.75,0.0,0.0,0.0,0.0,3.75,0.0,0.0,-11.25,0.0,0.0,7.5,15.0,0.0,0.0,-1.875,0.0,0.0,-6.5625,-1.875,0.0,-7.5,0.0,0.0,3.75,3.75,0.0,0.0,-3.75,0.0,5.625,-1.875,0.0
84,5,0.0,0.0,-15.0,0.0,-15.0,0.0,0.0,0.0,3.75,0.0,0.0,0.0,-3.75,0.0,0.0,-11.25,-6.5625,0.0,0.0,-16.875,0.0,0.0,0.0,0.0,-17.8125,0.0,0.0,3.75,0.0,13.125,3.75,3.75,7.5,0.0,0.0,0.0,-3.75,0.0,0.0,0.0,0.0,4.6875,0.0,0.0,-11.25,0.0,0.0,8.4375,13.125,0.0,0.0,-3.75,0.0,0.0,-5.625,-1.875,0.0,-7.5,0.0,0.0,3.75,3.75,1.875,0.0,-3.75,0.0,7.5,-1.875,0.9375
85,3,0.0,0.0,7.5,0.0,13.125,0.0,0.0,0.0,0.0,0.0,-1.875,0.0,0.0,3.75,0.0,0.0,-3.75,0.0,-1.875,-10.3125,0.0,0.0,0.0,0.9375,-18.75,0.0,0.0,3.75,0.0,12.1875,1.875,3.75,3.75,0.0,0.0,0.0,-3.75,0.0,0.0,0.0,0.0,3.75,0.0,0.0,-15.0,0.0,0.0,7.5,-11.25,0.0,-1.875,0.0,0.0,0.0,7.5,-2.8125,0.0,-7.5,0.0,0.0,7.5,2.8125,0.0,0.0,3.75,0.0,3.75,-3.75,0.0
85,4,0.0,0.0,15.0,0.0,15.0,0.0,0.0,0.0,3.75,0.0,0.0,0.0,0.0,3.75,0.0,3.75,-7.5,0.0,-1.875,-15.0,0.0,0.0,-1.875,0.0,-15.0,0.0,0.0,3.75,0.0,12.1875,3.75,3.75,5.625,0.0,0.0,0.0,-5.625,0.0,0.0,0.0,0.0,3.75,0.0,0.0,-7.5,0.0,0.0,7.5,11.25,0.0,-1.875,0.0,0.0,0.0,0.0,0.0,0.0,-3.75,0.0,0.0,3.75,3.75,0.0,0.0,0.0,0.0,3.75,-3.75,0.0
85,5,0.0,0.0,11.25,0.0,13.125,0.0,0.0,0.0,3.75,0.0,0.0,0.0,0.0,3.75,0.0,3.75,-7.5,0.0,-1.875,-11.25,0.0,0.0,-2.8125,0.0,-15.0,0.0,0.0,3.75,0.0,12.1875,3.75,3.75,5.625,0.0,0.0,0.0,-3.75,0.0,0.0,0.0,0.0,3.75,0.0,0.0,-7.5,0.0,0.0,7.5,15.0,0.0,-1.875,0.0,0.0,0.0,-3.75,0.0,0.0,-3.75,0.0,0.0,3.75,3.75,0.0,0.0,0.0,0.0,3.75,-3.75,0.0
86,3,0.0,0.0,8.4375,0.0,15.0,0.0,0.0,0.0,0.0,0.0,-1.875,0.0,0.0,3.75,0.0,7.5,-3.75,0.0,-1.875,5.625,0.0,0.0,-2.8125,0.0,20.625,0.0,0.0,3.75,0.0,11.25,0.9375,1.875,3.75,0.0,0.0,0.0,-1.875,0.0,0.0,0.0,0.0,1.875,0.0,0.0,15.0,0.0,0.0,7.5,7.5,0.0,-1.875,0.0,0.0,0.0,15.0,0.0,-3.75,11.25,0.0,0.0,3.75,0.9375,-0.9375,0.0,7.5,0.0,0.0,-3.75,0.0
86,4,0.0,0.0,15.0,0.0,16.875,0.0,0.0,0.0,3.75,0.0,0.0,0.0,0.0,3.75,0.0,12.1875,-7.5,0.0,-1.875,15.0,0.0,0.0,-3.75,0.0,22.5,0.0,0.0,3.75,0.0,11.25,1.875,3.75,3.75,0.0,0.0,0.9375,-6.5625,0.0,-1.875,0.0,0.0,3.75,0.0,0.0,7.5,0.0,0.0,7.5,11.25,0.0,-3.75,0.0,0.0,0.0,7.5,1.875,-1.875,7.5,0.0,0.0,3.75,0.9375,0.0,0.0,3.75,0.0,1.875,-3.75,0.0
86,5,0.0,0.0,15.0,0.0,15.9375,0.0,0.0,0.0,3.75,0.0,0.0,0.0,0.0,3.75,0.0,12.1875,-7.5,0.0,-1.875,15.0,0.0,0.0,-3.75,0.0,18.75,0.0,0.0,3.75,0.0,11.25,1.875,3.75,3.75,0.0,0.0,0.9375,-6.5625,0.0,-1.875,0.0,0.0,3.75,0.0,0.0,7.5,0.0,0.0,7.5,11.25,0.0,-3.75,0.0,0.0,0.0,5.625,1.875,-2.8125,7.5,0.0,0.0,3.75,0.9375,0.0,0.0,3.75,0.0,1.875,-3.75,0.0
87,3,0.0,0.0,10.3125,0.0,15.0,0.0,0.0,0.0,0.0,0.0,-3.75,0.0,-1.875,3.75,0.0,7.5,-7.5,0.0,-1.875,5.625,0.0,0.0,-3.75,0.0,19.6875,0.0,0.0,3.75,0.0,7.5,0.0,0.0,0.9375,0.0,0.0,0.0,0.0,0.0,-1.875,0.0,0.0,0.9375,0.0,0.0,11.25,-1.875,0.0,3.75,3.75,0.0,0.0,0.0,0.0,0.0,15.0,0.0,-1.875,11.25,0.0,0.0,4.6875,0.0,-2.8125,0.0,7.5,0.0,0.0,-5.625,0.0
87,4,0.0,0.0,15.0,0.0,17.8125,0.0,0.0,0.0,3.75,0.0,-2.8125,0.0,0.0,1.875,0.0,11.25,-10.3125,0.0,-1.875,15.0,0.0,0.0,-3.75,0.0,19.6875,0.0,0.0,0.9375,0.0,7.5,0.0,3.75,3.75,0.0,0.0,1.875,-3.75,0.0,-3.75,0.0,0.0,0.9375,0.0,0.0,7.5,0.0,0.0,3.75,8.4375,0.0,0.0,0.0,0.0,-1.875,8.4375,3.75,0.0,8.4375,0.0,1.875,3.75,0.0,-1.875,0.0,3.75,0.0,0.0,-3.75,0.0
87,5,0.0,0.0,15.0,0.0,16.875,0.0,0.0,0.0,3.75,0.0,-2.8125,0.0,0.0,2.8125,0.0,11.25,-9.375,0.0,-1.875,15.0,0.0,0.0,-3.75,0.0,19.6875,0.0,0.0,0.9375,0.0,7.5,0.0,3.75,3.75,0.0,0.0,0.9375,-3.75,-1.875,-3.75,0.0,0.0,0.9375,0.0,0.0,7.5,0.0,0.0,3.75,7.5,0.0,0.0,0.0,0.0,-1.875,7.5,3.75,0.0,7.5,0.0,0.9375,3.75,0.0,-1.875,0.0,4.6875,0.0,0.0,-5.625,0.0
88,3,0.0,0.0,10.3125,0.0,15.0,0.0,0.0,0.0,0.9375,0.0,-3.75,0.0,-1.875,0.0,0.0,7.5,-7.5,0.0,-3.75,5.625,0.0,0.0,-3.75,0.0,18.75,0.0,0.0,0.0,0.0,4.6875,0.0,0.0,0.0,0.0,0.0,0.0,3.75,0.0,-3.75,0.0,0.0,0.9375,0.0,0.0,7.5,-1.875,0.0,3.75,3.75,0.0,0.0,0.0,0.0,-0.9375,12.1875,0.0,0.0,9.375,0.0,0.9375,3.75,0.0,-3.75,1.875,7.5,0.0,0.0,-6.5625,0.0
88,4,0.0,0.0,14.0625,0.0,15.9375,0.0,-1.875,0.0,3.75,0.0,-3.75,0.0,0.0,0.0,0.0,8.4375,-10.3125,0.0,-3.75,11.25,0.0,0.0,-7.5,0.0,18.75,0.0,0.0,0.0,0.0,3.75,0.0,0.9375,0.9375,0.0,0.0,1.875,-3.75,-3.75,-3.75,0.0,0.0,0.9375,0.0,0.0,7.5,-1.875,0.0,3.75,7.5,0.0,0.0,0.0,0.0,-1.875,7.5,1.875,0.0,8.4375,0.0,3.75,0.0,0.0,-3.75,0.0,3.75,0.0,0.0,-6.5625,0.0
88,5,0.0,0.0,15.0,0.0,15.9375,0.0,-1.875,0.0,3.75,-0.9375,-3.75,0.0,0.0,0.0,0.0,9.375,-7.5,0.0,-3.75,13.125,0.0,-1.875,-7.5,0.0,18.75,0.0,0.0,0.0,0.0,3.75,0.0,0.9375,0.9375,0.0,0.0,1.875,-3.75,-3.75,-3.75,0.0,0.0,0.9375,0.0,0.0,7.5,-1.875,0.0,3.75,7.5,0.0,0.0,0.0,0.0,-1.875,8.4375,1.875,0.0,7.5,0.0,3.75,1.875,0.0,-3.75,0.0,4.6875,0.0,0.0,-6.5625,0.0
89,3,0.0,0.0,9.375,0.0,13.125,0.0,0.0,0.0,0.0,-1.875,-3.75,0.0,0.0,0.0,0.0,3.75,9.375,0.0,-2.8125,3.75,0.0,-1.875,-6.5625,-1.875,15.9375,0.0,0.0,0.0,0.0,3.75,-1.875,0.0,0.0,0.0,0.0,0.0,7.5,-1.875,-3.75,0.0,0.0,0.0,0.0,0.0,4.6875,-3.75,0.0,0.9375,3.75,0.0,0.0,0.0,0.0,-1.875,11.25,0.0,-3.75,7.5,0.0,0.0,3.75,0.0,-3.75,3.75,4.6875,-2.8125,0.0,-7.5,0.0
89,4,0.0,0.0,12.1875,0.0,15.0,0.0,-1.875,0.0,1.875,-2.8125,-3.75,0.0,0.0,0.0,0.0,7.5,-7.5,0.0,-3.75,11.25,0.0,-2.8125,-7.5,-2.8125,16.875,0.0,0.0,0.0,0.0,0.9375,-1.875,0.0,0.0,0.0,0.0,3.75,0.0,-3.75,-6.5625,0.0,0.0,0.0,0.0,0.0,7.5,-3.75,0.0,0.9375,7.5,0.0,1.875,0.0,0.0,-2.8125,7.5,0.9375,-3.75,7.5,0.0,0.9375,0.9375,0.0,-3.75,0.9375,3.75,-2.8125,0.0,-6.5625,0.0
89,5,0.0,0.0,12.1875,0.0,15.0,0.0,-1.875,0.0,1.875,-2.8125,-3.75,0.0,0.0,0.0,0.0,7.5,-3.75,0.0,-3.75,11.25,0.0,-3.75,-7.5,-2.8125,15.9375,0.0,0.0,-0.9375,0.0,0.0,-1.875,0.0,0.0,0.0,0.0,3.75,3.75,-3.75,-6.5625,0.0,0.0,0.0,0.0,0.0,7.5,-3.75,0.0,0.9375,6.5625,0.0,1.875,0.0,0.0,-2.8125,8.4375,0.9375,-3.75,7.5,0.0,0.9375,0.9375,0.0,-3.75,0.9375,3.75,-2.8125,0.0,-6.5625,0.0
90,3,0.0,0.0,7.5,0.0,11.25,0.0,1.875,0.0,0.0,-3.75,-1.875,0.0,0.0,-1.875,0.0,3.75,11.25,0.0,-2.8125,3.75,0.0,-3.75,-7.5,-2.8125,15.0,0.0,0.0,-3.75,0.0,0.0,-3.75,0.0,0.0,0.0,0.0,0.0,7.5,-3.75,-3.75,0.0,0.0,0.0,0.0,0.0,3.75,-3.75,0.0,0.0,0.9375,0.0,0.0,0.0,-3.75,-1.875,8.4375,0.0,-7.5,7.5,0.0,0.0,4.6875,0.0,-3.75,3.75,3.75,-3.75,0.0,-3.75,0.0
90,4,0.0,0.0,11.25,0.0,12.1875,0.0,0.0,0.0,0.0,-3.75,-1.875,0.0,3.75,-3.75,0.0,4.6875,5.625,0.0,-3.75,7.5,0.0,-3.75,-7.5,-3.75,15.0,0.0,0.0,-3.75,0.0,-1.875,-3.75,0.0,0.0,0.0,0.0,0.0,5.625,-3.75,-7.5,0.0,0.0,0.0,0.0,0.0,7.5,-3.75,0.0,0.0,3.75,0.0,0.0,0.0,-3.75,-1.875,7.5,0.0,-5.625,7.5,0.0,1.875,3.75,0.0,-3.75,0.9375,3.75,-3.75,0.0,-3.75,0.0
90,5,0.0,0.0,11.25,0.0,12.1875,0.0,0.0,0.0,0.0,-3.75,-1.875,0.0,3.75,-3.75,0.0,4.6875,7.5,0.0,-3.75,7.5,0.0,-5.625,-7.5,-3.75,15.0,0.0,0.0,-3.75,0.0,-1.875,-3.75,0.0,0.0,0.0,0.0,0.9375,7.5,-3.75,-7.5,0.0,0.0,0.0,0.0,0.0,7.5,-3.75,0.0,0.0,3.75,0.0,0.0,0.0,-3.75,-1.875,7.5,0.0,-5.625,7.5,0.0,0.9375,3.75,0.0,-3.75,0.9375,3.75,-3.75,0.0,-3.75,0.0
91,3,0.0,0.0,7.5,0.0,9.375,0.0,3.75,0.0,0.0,-3.75,0.0,0.0,3.75,-3.75,0.0,0.9375,11.25,0.0,-3.75,3.75,0.0,-3.75,-3.75,-3.75,12.1875,0.0,0.0,-7.5,0.0,-3.75,-3.75,0.0,0.0,0.0,0.0,-0.9375,7.5,-7.5,-3.75,0.0,0.0,0.0,0.0,0.0,0.9375,-5.625,0.0,0.0,0.9375,0.0,0.0,0.0,-3.75,0.0,7.5,-1.875,-7.5,3.75,0.0,0.9375,3.75,0.0,-3.75,0.9375,3.75,-5.625,0.0,0.0,0.0
91,4,0.0,0.0,8.4375,0.0,11.25,0.0,0.0,0.0,0.0,-3.75,0.0,0.0,3.75,-5.625,0.0,3.75,8.4375,0.0,-5.625,7.5,0.0,-7.5,-7.5,-7.5,11.25,0.0,0.0,-7.5,0.0,-3.75,-3.75,0.0,0.0,0.0,0.0,0.0,7.5,-6.5625,-7.5,0.0,0.0,0.0,0.0,0.0,3.75,-3.75,0.0,0.0,3.75,0.0,0.0,0.0,-3.75,0.0,7.5,0.0,-6.5625,3.75,0.0,0.9375,3.75,0.0,-3.75,0.0,3.75,-3.75,0.0,0.0,0.0
91,5,0.0,0.0,8.4375,0.0,11.25,0.0,1.875,0.0,0.0,-3.75,0.0,0.0,3.75,-5.625,0.0,3.75,9.375,0.0,-5.625,7.5,0.0,-7.5,-7.5,-7.5,11.25,0.0,0.0,-7.5,0.0,-3.75,-3.75,0.0,0.0,0.0,0.0,0.0,7.5,-7.5,-7.5,0.0,0.0,0.0,0.0,0.0,3.75,-3.75,0.0,0.0,3.75,0.0,0.0,0.0,-3.75,0.0,7.5,0.0,-6.5625,3.75,0.0,0.9375,3.75,0.0,-3.75,0.0,3.75,-3.75,0.0,0.0,0.0
92,3,0.0,0.0,5.625,0.0,7.5,0.0,4.6875,0.0,0.0,-3.75,0.0,0.0,3.75,-4.6875,0.0,0.0,9.375,0.0,-5.625,1.875,0.0,-6.5625,0.0,-5.625,9.375,0.0,0.0,-10.3125,0.0,-5.625,-1.875,0.0,0.0,0.0,0.0,-3.75,7.5,-7.5,-3.75,0.0,0.0,0.0,0.0,-1.875,0.9375,-3.75,0.0,0.0,0.0,0.0,-3.75,0.0,-5.625,0.0,3.75,-2.8125,-11.25,3.75,0.0,0.9375,3.75,0.0,0.0,0.0,1.875,-7.5,0.0,3.75,0.0
92,4,0.0,0.0,7.5,0.0,7.5,0.0,3.75,0.0,0.0,-6.5625,0.0,0.0,7.5,-7.5,0.0,1.875,9.375,0.0,-7.5,3.75,0.0,-9.375,-3.75,-7.5,8.4375,0.0,0.0,-10.3125,0.0,-7.5,-1.875,0.0,0.0,0.0,0.0,-2.8125,7.5,-7.5,-7.5,0.0,0.0,0.0,0.0,0.0,3.75,-3.75,0.0,0.0,0.9375,0.0,0.0,-2.8125,-5.625,0.0,3.75,-3.75,-7.5,3.75,0.0,0.0,3.75,0.0,0.0,0.0,0.9375,-3.75,0.0,0.0,0.0
92,5,0.0,0.0,7.5,0.0,7.5,0.0,3.75,0.0,0.0,-6.5625,0.0,0.0,7.5,-7.5,0.0,1.875,7.5,0.0,-7.5,3.75,0.0,-9.375,-3.75,-7.5,8.4375,0.0,0.0,-10.3125,0.0,-7.5,-1.875,0.0,0.0,0.0,0.0,-2.8125,7.5,-7.5,-7.5,0.0,0.0,0.0,0.0,0.0,3.75,-3.75,0.0,0.0,0.9375,0.0,0.0,-1.875,-5.625,0.0,3.75,-3.75,-7.5,3.75,0.0,0.0,3.75,0.0,0.0,0.0,1.875,-6.5625,0.0,0.0,0.0
93,3,0.0,0.0,3.75,0.0,4.6875,0.0,6.5625,0.0,0.0,-6.5625,0.0,0.0,3.75,-5.625,0.0,0.0,7.5,0.0,-5.625,1.875,0.0,-5.625,7.5,-5.625,7.5,0.0,0.0,-11.25,0.0,-7.5,0.0,0.0,0.0,0.0,0.0,-3.75,5.625,-7.5,-3.75,0.0,0.0,0.0,0.0,-3.75,0.0,-3.75,0.0,0.0,0.0,0.0,-3.75,0.0,-7.5,0.0,3.75,-3.75,-13.125,0.9375,0.0,0.0,1.875,0.0,0.0,0.0,0.0,-7.5,0.0,0.0,0.0
93,4,0.0,0.0,5.625,0.0,7.5,0.0,4.6875,0.0,0.0,-7.5,-2.8125,0.0,4.6875,-7.5,0.0,0.0,7.5,0.0,-7.5,3.75,0.0,-11.25,7.5,-10.3125,7.5,0.0,0.0,-11.25,0.0,-7.5,0.0,-1.875,0.0,0.0,0.0,-3.75,5.625,-7.5,-7.5,0.0,0.0,0.0,0.0,-2.8125,3.75,-3.75,0.0,0.0,0.0,0.0,-3.75,-3.75,-5.625,0.0,1.875,-3.75,-11.25,0.9375,0.0,0.0,0.9375,0.0,0.0,0.0,0.0,-6.5625,0.0,0.0,0.0
93,5,0.0,0.0,5.625,0.0,7.5,0.0,7.5,0.0,0.0,-7.5,-1.875,0.0,5.625,-7.5,0.0,0.9375,7.5,0.0,-7.5,3.75,0.0,-10.3125,7.5,-10.3125,7.5,0.0,0.0,-11.25,0.0,-7.5,0.0,-1.875,0.0,0.0,0.0,-3.75,4.6875,-7.5,-3.75,0.0,0.0,0.0,0.0,-2.8125,3.75,-3.75,0.0,0.0,0.0,0.0,-3.75,-3.75,-6.5625,0.0,1.875,-3.75,-11.25,0.9375,0.0,0.0,0.9375,0.0,0.0,0.0,0.0,-7.5,0.0,0.9375,0.0
94,3,0.0,0.0,3.75,0.0,3.75,0.0,5.625,0.0,0.0,-6.5625,-1.875,0.0,3.75,-5.625,0.0,0.0,3.75,0.0,-5.625,0.9375,0.0,-1.875,7.5,-5.625,3.75,0.0,-1.875,-13.125,0.0,-3.75,0.0,-1.875,0.0,0.0,0.0,-7.5,3.75,-7.5,0.0,0.0,0.0,0.0,0.0,-3.75,0.0,-3.75,0.0,0.0,0.0,0.0,-3.75,0.0,-7.5,-1.875,1.875,-4.6875,-14.0625,0.0,0.0,0.0,0.9375,0.0,1.875,0.0,0.0,-7.5,0.0,-1.875,0.0
94,4,0.0,0.0,3.75,0.0,3.75,0.0,7.5,0.0,0.0,-7.5,-3.75,0.0,3.75,-10.3125,0.0,0.0,4.6875,0.0,-11.25,1.875,0.0,-7.5,11.25,-11.25,3.75,0.0,0.0,-15.0,0.0,-1.875,0.0,-3.75,0.0,0.0,0.0,-7.5,3.75,-3.75,7.5,0.0,0.0,0.0,0.0,-3.75,0.0,-3.75,0.0,0.0,0.0,0.0,-3.75,-3.75,-6.5625,0.0,1.875,-3.75,-11.25,0.0,0.0,-1.875,0.0,0.0,3.75,-1.875,0.0,-3.75,0.0,0.0,0.0
94,5,0.0,0.0,3.75,0.0,3.75,0.0,7.5,0.0,0.0,-7.5,-3.75,0.0,3.75,-10.3125,0.0,0.0,7.5,0.0,-10.3125,1.875,0.0,-7.5,8.4375,-11.25,3.75,0.0,0.0,-14.0625,0.0,-1.875,0.0,-3.75,0.0,0.0,0.0,-7.5,3.75,-7.5,3.75,0.0,0.0,0.0,0.0,-3.75,0.0,-3.75,0.0,0.0,0.0,0.0,-3.75,-3.75,-7.5,0.0,1.875,-5.625,-9.375,0.0,0.0,-1.875,0.9375,0.0,3.75,-1.875,0.0,-3.75,0.0,0.0,0.0
95,3,0.0,0.0,1.875,0.0,3.75,0.0,4.6875,0.0,0.0,-5.625,-3.75,0.0,1.875,-5.625,0.0,0.0,3.75,0.0,-5.625,0.0,0.0,3.75,8.4375,-6.5625,0.0,0.0,-1.875,-15.0,0.0,-2.8125,0.0,-1.875,0.0,0.0,0.0,-10.3125,0.9375,-7.5,3.75,0.0,0.0,0.0,0.0,-3.75,0.0,0.0,0.0,0.0,0.0,0.0,-3.75,0.0,-7.5,-3.75,0.0,-6.5625,-14.0625,0.0,0.0,0.0,0.0,0.0,3.75,-1.875,0.0,-5.625,0.0,-5.625,0.0
95,4,0.0,0.0,3.75,0.0,3.75,0.0,4.6875,0.0,0.0,-7.5,-5.625,0.0,3.75,-10.3125,0.0,0.0,3.75,0.0,-11.25,0.0,0.0,-3.75,11.25,-11.25,0.0,0.0,0.0,-15.0,0.0,1.875,0.0,-3.75,0.0,0.0,0.0,-7.5,3.75,0.0,8.4375,0.0,0.0,0.0,0.0,-1.875,0.0,0.0,0.0,0.0,-1.875,0.0,-3.75,-3.75,-7.5,-3.75,0.0,-6.5625,-7.5,0.0,0.0,-3.75,0.0,0.0,3.75,-3.75,0.0,-3.75,0.0,-3.75,0.0
95,5,0.0,0.0,3.75,0.0,3.75,0.0,4.6875,0.0,0.0,-7.5,-5.625,0.0,3.75,-10.3125,0.0,0.0,3.75,0.0,-11.25,0.0,0.0,0.0,10.3125,-11.25,0.0,0.0,-1.875,-15.0,0.0,3.75,0.0,-3.75,0.0,0.0,0.0,-7.5,3.75,-3.75,7.5,0.0,0.0,0.0,0.0,-1.875,0.0,0.0,0.0,0.0,-1.875,0.0,-3.75,-1.875,-7.5,-3.75,0.0,-6.5625,-3.75,0.0,0.0,-3.75,0.0,0.0,3.75,-3.75,0.0,-3.75,0.0,-3.75,0.0
96,3,0.0,0.0,0.9375,0.0,0.9375,0.0,3.75,0.0,0.0,-3.75,-3.75,0.0,0.9375,-3.75,0.0,0.0,0.0,0.0,-3.75,0.0,0.0,11.25,7.5,-3.75,-1.875,0.0,-3.75,-13.125,0.0,3.75,0.0,0.0,0.0,0.0,0.0,-11.25,0.0,-3.75,5.625,0.0,0.0,0.0,0.0,-3.75,0.0,7.5,0.0,0.0,-2.8125,0.0,-3.75,0.9375,-7.5,-6.5625,0.0,-6.5625,-11.25,0.0,0.0,0.0,0.0,0.0,3.75,-1.875,0.0,3.75,0.0,-7.5,0.0
96,4,0.0,0.0,0.9375,0.0,0.9375,0.0,3.75,0.0,0.0,-6.5625,-7.5,0.0,0.9375,-7.5,0.0,0.0,0.9375,0.0,-7.5,0.0,0.0,7.5,8.4375,-7.5,0.0,0.0,-3.75,-9.375,0.0,4.6875,0.0,-3.75,0.0,0.0,0.0,-10.3125,0.9375,3.75,8.4375,0.0,0.0,0.0,0.0,0.0,0.0,3.75,0.0,0.0,-3.75,0.0,-3.75,0.0,-5.625,-5.625,0.0,-3.75,3.75,0.0,0.0,-3.75,0.0,0.0,3.75,-3.75,0.0,1.875,0.0,-7.5,0.0
96,5,0.0,0.0,0.9375,0.0,0.9375,0.0,3.75,0.0,0.0,-6.5625,-7.5,0.0,0.9375,-7.5,0.0,0.0,3.75,0.0,-5.625,0.0,0.0,7.5,8.4375,-5.625,-1.875,0.0,-3.75,-5.625,0.0,4.6875,0.0,-3.75,0.0,0.0,0.0,-11.25,0.9375,0.0,8.4375,0.0,0.0,0.0,0.0,0.0,0.0,3.75,0.0,0.0,-3.75,0.0,-3.75,0.0,-6.5625,-4.6875,0.0,-5.625,3.75,0.0,0.0,-2.8125,0.0,0.0,3.75,-3.75,0.0,0.9375,0.0,-7.5,0.0
97,3,0.0,0.0,0.0,0.0,0.0,0.0,3.75,0.0,0.0,0.0,-5.625,0.0,0.0,0.0,0.0,0.0,0.0,0.0,3.75,0.0,0.0,11.25,7.5,7.5,-5.625,0.0,-6.5625,12.1875,0.0,3.75,0.0,0.0,0.0,0.0,0.0,-13.125,0.0,0.0,5.625,0.0,0.0,0.0,0.0,-1.875,0.0,7.5,0.0,0.0,-3.75,0.0,3.75,7.5,-7.5,-8.4375,0.9375,-5.625,8.4375,0.0,0.0,-1.875,0.0,0.0,3.75,0.0,0.0,7.5,-1.875,-11.25,0.0
97,4,0.0,0.0,0.0,0.0,0.0,0.0,3.75,0.0,0.0,3.75,-7.5,0.0,0.0,3.75,0.0,0.0,0.0,0.0,7.5,-1.875,0.0,11.25,7.5,7.5,-3.75,0.0,-3.75,11.25,0.0,5.625,0.0,-1.875,0.0,0.0,0.0,-11.25,0.0,3.75,8.4375,0.0,0.0,0.0,0.0,0.0,0.0,5.625,0.0,0.0,-3.75,0.0,0.0,3.75,-3.75,-7.5,0.0,-3.75,7.5,0.0,0.0,-3.75,0.0,0.0,3.75,-1.875,0.0,4.6875,-1.875,-7.5,0.0
97,5,0.0,0.0,0.0,0.0,0.0,0.0,3.75,0.0,0.0,0.9375,-7.5,0.0,0.9375,3.75,0.0,0.0,0.0,0.0,3.75,-1.875,0.0,11.25,7.5,5.625,-3.75,0.0,-6.5625,8.4375,0.0,5.625,0.0,-3.75,0.0,0.0,0.0,-11.25,0.0,3.75,8.4375,0.0,0.0,0.0,0.0,0.0,0.0,4.6875,0.0,0.0,-3.75,0.0,0.0,3.75,-3.75,-7.5,0.0,-3.75,7.5,0.0,0.0,-3.75,0.0,0.0,3.75,-1.875,0.0,5.625,-1.875,-7.5,0.0
98,3,0.0,0.0,0.0,0.0,0.0,0.0,1.875,0.0,0.0,3.75,-5.625,0.0,0.0,3.75,0.0,0.0,0.0,0.0,4.6875,0.0,0.0,11.25,4.6875,7.5,-5.625,0.0,-7.5,12.1875,0.0,3.75,0.0,0.0,0.0,0.0,0.0,-14.0625,0.0,1.875,4.6875,0.0,0.0,-2.8125,0.0,0.0,0.0,7.5,0.0,0.0,-3.75,0.0,7.5,7.5,-7.5,-11.25,0.0,-3.75,7.5,0.0,0.0,1.875,0.0,0.0,1.875,1.875,0.0,7.5,-3.75,-11.25,0.0
98,4,0.0,0.0,0.0,0.0,0.0,0.0,1.875,0.0,0.0,7.5,-7.5,0.0,0.0,7.5,0.0,0.0,0.0,0.0,11.25,-3.75,0.0,11.25,5.625,11.25,-3.75,0.0,-6.5625,15.0,0.0,3.75,0.0,0.0,-2.8125,0.0,0.0,-11.25,0.0,4.6875,7.5,0.0,0.0,0.0,0.0,0.0,0.0,4.6875,0.0,-1.875,-3.75,0.0,3.75,3.75,-1.875,-10.3125,0.0,0.0,7.5,0.0,0.0,-3.75,0.0,0.0,3.75,0.0,0.0,7.5,-3.75,-11.25,0.0
98,5,0.0,0.0,0.0,0.0,0.0,0.0,2.8125,0.0,0.0,7.5,-7.5,0.0,0.0,7.5,0.0,0.0,0.0,0.0,9.375,-3.75,0.0,12.1875,5.625,11.25,-3.75,0.0,-6.5625,13.125,0.0,3.75,0.0,0.0,-1.875,0.0,0.0,-11.25,0.0,4.6875,7.5,0.0,0.0,0.0,0.0,0.0,0.0,5.625,0.0,-1.875,-3.75,0.0,3.75,4.6875,-1.875,-9.375,0.0,0.0,7.5,0.0,0.0,-3.75,0.0,0.0,1.875,0.0,0.0,7.5,-3.75,-11.25,0.0
99,3,0.0,0.0,0.0,0.0,0.0,0.0,0.9375,0.0,0.0,6.5625,-3.75,0.0,0.0,5.625,0.0,0.0,0.0,0.0,5.625,-1.875,0.0,11.25,3.75,7.5,-3.75,0.0,-9.375,11.25,0.0,1.875,0.0,1.875,-1.875,0.0,0.0,-15.0,-1.875,0.0,4.6875,0.0,-1.875,0.0,0.0,0.0,0.0,4.6875,0.0,0.0,-3.75,0.0,7.5,7.5,-3.75,-13.125,0.0,0.0,7.5,0.0,0.0,5.625,0.0,0.0,0.9375,3.75,0.0,7.5,-3.75,-11.25,0.0
99,4,0.0,0.0,0.0,0.0,0.0,0.0,0.9375,0.0,-1.875,7.5,-7.5,0.0,0.0,9.375,0.0,0.0,0.0,0.0,11.25,-3.75,0.0,11.25,3.75,11.25,0.0,0.0,-7.5,13.125,0.0,3.75,0.0,0.9375,-3.75,0.0,0.0,-7.5,0.0,3.75,7.5,0.0,0.0,0.0,0.0,0.0,0.0,3.75,0.0,-3.75,-3.75,0.0,3.75,4.6875,0.0,-11.25,0.0,3.75,7.5,0.0,0.0,0.0,0.0,0.0,0.9375,0.9375,0.0,7.5,-3.75,-10.3125,0.0
99,5,0.0,0.0,0.0,0.0,0.0,0.0,0.9375,0.0,-1.875,7.5,-7.5,0.0,0.0,9.375,0.0,0.0,0.0,0.0,11.25,-3.75,0.0,11.25,3.75,11.25,0.0,0.0,-7.5,13.125,0.0,3.75,0.0,3.75,-3.75,0.0,0.0,-7.5,0.0,3.75,7.5,0.0,-1.875,0.0,0.0,0.0,0.0,3.75,0.0,-3.75,-3.75,0.0,3.75,7.5,0.0,-11.25,0.0,3.75,7.5,0.0,0.0,0.0,0.0,0.0,0.9375,3.75,0.0,7.5,-3.75,-9.375,0.0
100,3,0.0,0.0,0.0,0.0,0.0,0.0,0.0,0.0,-1.875,6.5625,-1.875,0.0,0.0,5.625,0.0,0.0,0.0,0.0,5.625,0.0,0.0,9.375,2.8125,7.5,-1.875,0.0,-11.25,9.375,0.0,0.0,0.0,3.75,-2.8125,0.0,0.0,11.25,-1.875,1.875,3.75,0.0,-3.75,0.0,0.0,0.0,0.0,3.75,0.0,0.0,-5.625,0.0,7.5,7.5,-2.8125,-14.0625,0.0,0.0,4.6875,0.0,0.0,7.5,0.0,0.0,0.0,4.6875,0.0,4.6875,-3.75,11.25,0.0
100,4,0.0,0.0,0.0,0.0,0.0,0.0,0.0,0.0,-3.75,7.5,-3.75,0.0,0.0,8.4375,0.0,0.0,0.0,0.0,9.375,-3.75,0.0,8.4375,3.75,11.25,0.0,0.0,-7.5,11.25,0.0,1.875,0.0,3.75,-3.75,0.0,0.0,3.75,0.0,3.75,3.75,0.0,-1.875,0.0,0.0,0.0,0.0,3.75,0.0,-3.75,-5.625,0.0,0.0,4.6875,3.75,-11.25,0.0,3.75,4.6875,0.0,0.0,3.75,0.0,0.0,0.0,3.75,0.0,4.6875,-3.75,3.75,0.0
100,5,0.0,0.0,0.0,0.0,0.0,0.0,0.0,0.0,-3.75,7.5,0.0,0.0,0.0,8.4375,0.0,0.0,0.0,0.0,9.375,-1.875,0.0,8.4375,3.75,11.25,0.0,0.0,-7.5,11.25,0.0,0.9375,0.0,3.75,-3.75,0.0,0.0,4.6875,0.0,3.75,3.75,0.0,-1.875,0.0,0.0,0.0,0.0,3.75,0.0,-3.75,-7.5,0.0,0.0,5.625,0.9375,-11.25,0.0,3.75,5.625,0.0,0.0,3.75,-1.875,0.0,0.0,3.75,0.0,4.6875,-3.75,3.75,0.0
101,3,0.0,0.0,0.0,0.0,0.0,0.0,0.0,0.0,-3.75,4.6875,0.0,0.0,0.9375,4.6875,0.0,0.0,0.0,0.0,4.6875,3.75,0.0,7.5,0.9375,5.625,-3.75,0.0,-14.0625,7.5,0.0,0.0,0.0,3.75,-3.75,0.0,0.0,11.25,-1.875,0.9375,3.75,0.0,-3.75,-3.75,0.0,0.0,0.0,3.75,0.0,-1.875,-6.5625,0.0,-1.875,5.625,0.0,-14.0625,0.0,0.0,3.75,0.0,0.0,11.25,0.0,0.0,0.0,4.6875,0.0,3.75,-3.75,11.25,0.0
101,4,0.0,0.0,0.0,0.0,0.0,0.0,0.0,0.0,-3.75,7.5,3.75,0.0,0.9375,7.5,0.0,0.0,0.0,0.0,7.5,0.0,0.0,7.5,0.9375,8.4375,0.0,0.0,-10.3125,8.4375,0.0,0.0,0.0,3.75,-7.5,0.0,0.0,7.5,0.0,3.75,3.75,0.0,-1.875,-3.75,0.0,0.0,0.0,3.75,0.0,-3.75,-3.75,0.0,-3.75,5.625,3.75,-11.25,0.0,3.75,3.75,0.0,0.0,4.6875,-1.875,0.0,0.0,3.75,0.0,3.75,-3.75,11.25,0.0
101,5,0.0,0.0,0.0,0.0,0.0,0.0,0.0,0.0,-3.75,7.5,0.0,0.0,0.9375,7.5,0.0,0.0,0.0,0.0,7.5,0.0,0.0,7.5,0.9375,8.4375,0.0,0.0,-11.25,9.375,0.0,0.0,0.0,3.75,-7.5,0.0,0.0,7.5,-1.875,3.75,3.75,0.0,-1.875,-3.75,0.0,0.0,0.0,3.75,0.0,-3.75,-3.75,0.0,-3.75,4.6875,3.75,-9.375,0.0,3.75,3.75,0.0,0.0,7.5,-1.875,0.0,0.0,3.75,0.0,3.75,-3.75,8.4375,0.0
102,3,0.0,0.0,0.0,0.0,0.0,0.0,0.0,0.0,-3.75,3.75,0.9375,0.0,0.9375,3.75,0.0,-1.875,0.0,0.0,3.75,5.625,0.0,4.6875,0.0,3.75,0.0,0.0,-15.0,5.625,0.0,0.0,0.0,3.75,-3.75,0.0,0.0,9.375,-3.75,0.0,0.9375,0.0,-3.75,-3.75,0.0,-0.9375,0.0,0.9375,0.0,-3.75,0.0,0.0,-7.5,3.75,0.0,-13.125,0.0,0.0,0.0,0.0,0.0,8.4375,0.0,0.0,-1.875,3.75,0.0,3.75,-3.75,11.25,0.0
102,4,0.0,0.0,0.0,0.0,0.0,0.0,0.0,0.0,-3.75,4.6875,4.6875,0.0,0.9375,6.5625,0.0,-3.75,0.0,0.0,7.5,3.75,0.0,3.75,0.0,7.5,0.0,0.0,-11.25,7.5,0.0,0.0,0.0,3.75,-7.5,0.0,0.0,7.5,-1.875,0.9375,0.9375,0.0,-3.75,-3.75,0.0,0.0,0.0,0.0,0.0,-6.5625,0.0,0.0,-3.75,3.75,3.75,-3.75,0.0,3.75,0.0,0.0,0.0,7.5,0.0,0.0,-1.875,3.75,0.0,3.75,-1.875,11.25,0.0
102,5,0.0,0.0,0.0,0.0,0.0,0.0,0.0,0.0,-3.75,5.625,3.75,0.0,0.9375,6.5625,0.0,-3.75,0.0,0.0,7.5,3.75,0.0,3.75,0.0,7.5,0.0,0.0,-11.25,7.5,0.0,0.0,0.0,3.75,-7.5,0.0,0.0,7.5,-1.875,0.9375,0.9375,0.0,-3.75,-3.75,0.0,-1.875,0.0,0.9375,0.0,-7.5,0.0,0.0,-3.75,3.75,3.75,-3.75,0.0,3.75,0.0,0.0,0.0,7.5,-1.875,0.0,-1.875,3.75,0.0,3.75,-1.875,11.25,0.0
103,3,0.0,0.0,0.0,0.0,-1.875,0.0,0.0,0.0,-3.75,3.75,3.75,0.0,0.0,3.75,0.0,-3.75,0.0,0.0,3.75,7.5,0.0,3.75,0.0,3.75,0.0,0.0,-16.875,3.75,0.0,0.0,0.0,1.875,-1.875,0.0,0.0,7.5,-3.75,0.0,0.0,0.0,-3.75,-3.75,0.0,-1.875,0.0,0.0,0.0,-3.75,0.0,0.0,-11.25,3.75,0.0,-11.25,0.0,0.0,0.0,0.0,0.0,7.5,0.9375,0.0,-1.875,3.75,-1.875,0.9375,0.0,11.25,0.0
103,4,0.0,0.0,0.0,0.0,-1.875,0.0,0.0,0.0,0.0,3.75,4.6875,0.0,0.0,3.75,0.0,-3.75,0.0,0.0,3.75,4.6875,0.0,1.875,0.0,4.6875,0.0,0.0,-11.25,3.75,0.0,0.0,0.0,3.75,-9.375,0.0,0.0,7.5,-1.875,0.0,0.0,0.0,-1.875,-3.75,0.0,-1.875,0.0,0.0,0.0,-7.5,0.0,0.0,-5.625,3.75,3.75,0.0,-1.875,1.875,0.0,0.0,0.0,7.5,0.0,0.0,-1.875,3.75,-1.875,0.9375,0.0,11.25,0.0
103,5,0.0,0.0,0.0,0.0,-2.8125,0.0,0.0,0.0,-3.75,3.75,4.6875,0.0,1.875,3.75,0.0,-3.75,0.0,0.0,4.6875,5.625,0.0,1.875,0.0,4.6875,0.0,0.0,-14.0625,3.75,0.0,0.0,0.0,3.75,-7.5,0.0,0.0,7.5,-1.875,0.0,0.0,0.0,-1.875,-3.75,0.0,-3.75,0.0,0.0,0.0,-7.5,0.0,0.0,-7.5,3.75,3.75,1.875,-1.875,1.875,0.0,0.0,0.0,7.5,0.0,0.0,-1.875,3.75,-1.875,0.9375,0.0,11.25,0.0
104,3,0.0,0.0,0.0,0.0,-3.75,0.0,-2.8125,0.0,-1.875,1.875,0.9375,0.0,0.0,1.875,0.0,-3.75,0.0,0.0,1.875,4.6875,0.0,0.0,0.0,1.875,0.0,0.0,-18.75,1.875,0.0,0.0,0.0,0.9375,3.75,0.0,0.0,4.6875,-1.875,0.0,0.0,0.0,-3.75,-3.75,0.0,-1.875,0.0,-1.875,0.0,-7.5,0.0,0.0,-15.0,3.75,0.0,-3.75,0.0,0.0,-1.875,0.0,0.0,7.5,5.625,0.0,-3.75,0.9375,-3.75,0.0,3.75,8.4375,0.0
104,4,0.0,0.0,0.0,0.0,-3.75,0.0,-3.75,0.0,1.875,3.75,3.75,0.0,0.0,3.75,0.0,-3.75,0.0,0.0,3.75,5.625,0.0,0.0,0.0,3.75,0.0,0.0,-15.0,2.8125,0.0,0.0,0.0,0.9375,-10.3125,0.0,0.0,3.75,0.0,0.0,0.0,0.0,0.0,-3.75,0.0,-2.8125,0.0,-1.875,0.0,-7.5,0.0,0.0,-7.5,3.75,0.9375,0.9375,-1.875,0.9375,0.0,0.0,0.0,4.6875,0.0,0.0,-3.75,1.875,-3.75,0.0,3.75,7.5,0.0
104,5,0.0,0.0,0.0,0.0,-3.75,0.0,-3.75,0.0,0.0,3.75,3.75,0.0,0.0,3.75,0.0,-3.75,0.0,0.0,3.75,4.6875,0.0,0.0,0.0,3.75,0.0,0.0,-14.0625,3.75,0.0,0.0,0.0,1.875,-7.5,0.0,0.0,4.6875,0.0,0.0,0.0,0.0,0.0,-3.75,0.0,-1.875,0.0,-1.875,0.0,-7.5,0.0,0.0,-6.5625,3.75,0.9375,3.75,-1.875,0.9375,0.0,0.0,0.0,4.6875,1.875,0.0,-3.75,0.9375,-3.75,0.0,3.75,7.5,0.0
105,3,0.0,0.0,0.0,0.0,-5.625,0.0,-3.75,0.0,0.0,0.9375,0.0,0.0,0.0,0.9375,0.0,-6.5625,0.0,0.0,0.9375,3.75,0.0,0.0,0.0,0.9375,-1.875,0.0,-18.75,0.0,0.0,0.0,0.0,0.0,7.5,0.0,0.0,3.75,0.0,0.0,0.0,0.0,-3.75,0.0,0.0,0.0,0.0,-2.8125,0.0,11.25,0.0,0.0,15.0,3.75,0.0,0.0,0.0,0.0,-1.875,0.0,0.0,3.75,3.75,0.0,-3.75,0.0,-3.75,0.0,3.75,7.5,0.0
105,4,0.0,0.0,0.0,0.0,-5.625,0.0,-3.75,0.0,4.6875,0.9375,3.75,0.0,0.0,0.9375,0.0,-6.5625,0.0,0.0,0.9375,3.75,0.0,-2.8125,0.0,0.9375,-1.875,0.0,-15.0,0.0,0.0,0.0,0.0,0.0,-7.5,0.0,0.0,3.75,0.0,0.0,0.0,0.0,-3.75,-1.875,0.0,0.0,0.0,-3.75,0.0,0.0,0.9375,0.0,7.5,3.75,0.0,0.9375,-1.875,0.0,-1.875,0.0,0.0,3.75,3.75,0.0,-3.75,0.0,-3.75,0.0,3.75,7.5,0.0
105,5,0.0,0.0,0.0,0.0,-5.625,0.0,-3.75,0.0,3.75,0.9375,3.75,0.0,0.0,0.9375,0.0,-6.5625,0.0,0.0,0.9375,3.75,0.0,-1.875,0.0,0.9375,-1.875,0.0,-11.25,0.0,0.0,0.0,0.0,0.0,0.0,0.0,0.0,3.75,0.0,0.0,0.0,0.0,-3.75,-3.75,0.0,0.0,0.0,-3.75,0.0,-7.5,0.9375,0.0,7.5,3.75,0.0,3.75,-1.875,0.0,-1.875,0.0,0.0,3.75,3.75,0.0,-3.75,0.0,-3.75,0.0,3.75,7.5,0.0
106,3,0.0,0.0,0.0,0.0,-7.5,0.0,-5.625,0.0,0.9375,0.0,0.0,0.0,-1.875,0.0,0.0,-7.5,0.0,0.0,0.0,3.75,0.0,0.0,0.0,0.0,-3.75,0.0,-18.75,0.0,0.0,0.0,0.0,0.0,11.25,0.0,0.0,3.75,0.0,0.0,0.0,0.0,-3.75,7.5,0.0,0.0,0.0,-3.75,0.0,15.0,0.0,0.0,15.0,3.75,0.9375,0.0,0.0,0.0,-1.875,0.0,0.0,1.875,3.75,0.0,-3.75,0.0,-3.75,-1.875,3.75,3.75,0.0
106,4,0.0,0.0,0.0,0.0,-7.5,0.0,-3.75,0.0,7.5,0.0,3.75,0.0,-1.875,0.0,0.0,-6.5625,0.0,0.0,0.0,3.75,0.0,0.0,0.0,0.0,-3.75,0.0,11.25,0.0,0.0,0.0,0.0,0.0,11.25,0.0,0.0,3.75,0.0,0.0,0.0,0.0,-3.75,1.875,0.0,0.0,0.0,-3.75,0.0,11.25,1.875,0.0,11.25,3.75,0.9375,0.9375,0.0,0.0,-1.875,0.0,0.0,0.9375,3.75,0.0,-3.75,0.0,-3.75,-1.875,3.75,3.75,0.0
106,5,0.0,0.0,0.0,0.0,-7.5,0.0,-3.75,0.0,7.5,0.0,3.75,0.0,-1.875,0.0,0.0,-6.5625,0.0,0.0,0.0,3.75,0.0,0.0,0.0,0.0,-3.75,0.0,7.5,0.0,0.0,0.0,0.0,0.0,7.5,0.0,0.0,3.75,0.0,0.0,0.0,0.0,-3.75,0.0,0.0,0.0,0.0,-3.75,0.0,11.25,3.75,0.0,11.25,3.75,0.9375,0.0,0.0,0.0,-1.875,0.0,0.0,0.9375,3.75,0.0,-3.75,0.0,-3.75,-1.875,3.75,3.75,0.0
107,3,0.0,0.0,0.0,0.0,-10.3125,0.0,-7.5,0.0,3.75,0.0,0.0,0.0,-3.75,0.0,0.0,-7.5,0.0,0.0,0.0,0.9375,0.0,3.75,0.0,0.0,-3.75,0.0,15.0,0.0,0.0,0.0,3.75,-1.875,11.25,0.0,0.0,0.0,-1.875,0.0,0.0,0.0,-3.75,11.25,0.0,0.0,0.0,-5.625,0.0,14.0625,0.0,0.0,11.25,0.9375,1.875,0.0,0.0,0.0,-1.875,0.0,0.0,0.0,3.75,0.0,-3.75,0.0,-3.75,-2.8125,0.9375,3.75,0.0
107,4,0.0,0.0,0.0,0.0,-10.3125,0.0,-7.5,0.0,7.5,0.0,0.0,0.0,-3.75,0.0,0.0,-7.5,0.0,0.0,0.0,0.9375,0.0,0.9375,0.0,0.0,-1.875,0.0,15.0,0.0,0.0,0.0,1.875,-1.875,11.25,0.0,0.0,0.0,0.0,-1.875,0.0,0.0,-3.75,5.625,0.0,0.0,0.0,-7.5,0.0,13.125,0.9375,0.0,11.25,0.9375,3.75,0.0,0.0,0.0,0.0,0.0,0.0,0.0,3.75,0.0,-1.875,0.0,-3.75,-3.75,0.9375,3.75,0.0
107,5,0.0,0.0,0.0,0.0,-9.375,0.0,-7.5,0.0,7.5,0.0,0.9375,0.0,-3.75,0.0,0.0,-7.5,0.0,0.0,0.0,0.9375,0.0,0.9375,0.0,0.0,-1.875,0.0,13.125,0.0,0.0,0.0,3.75,-1.875,11.25,0.0,0.0,0.0,0.0,-1.875,0.0,0.0,-3.75,3.75,0.0,0.0,-0.9375,-5.625,0.0,11.25,0.9375,0.0,11.25,0.9375,3.75,0.0,0.0,0.0,0.0,0.0,0.0,0.0,3.75,0.0,-1.875,0.0,-3.75,-3.75,0.9375,3.75,0.0
108,3,0.0,0.0,0.0,0.0,-11.25,0.0,-7.5,0.0,3.75,0.0,0.0,0.0,-3.75,0.0,0.0,-11.25,0.0,0.0,0.0,0.0,0.0,3.75,0.0,0.0,-1.875,0.0,15.0,0.0,0.0,0.0,5.625,-3.75,11.25,0.0,0.0,0.0,-1.875,0.0,0.0,0.0,-3.75,8.4375,0.0,0.0,-1.875,-7.5,0.0,12.1875,0.0,0.0,11.25,0.0,0.9375,0.0,0.9375,0.0,0.0,0.0,0.0,0.0,3.75,0.0,0.0,0.0,0.0,-3.75,0.0,0.9375,0.0
108,4,0.0,0.0,0.0,0.0,-11.25,0.0,-7.5,0.0,5.625,0.0,0.0,0.0,-3.75,0.0,0.0,-7.5,0.0,0.0,0.0,0.0,0.0,3.75,0.0,0.0,-1.875,0.0,15.0,0.0,0.0,0.0,3.75,-3.75,11.25,0.0,0.0,0.0,0.0,-3.75,0.0,0.0,-7.5,7.5,0.0,0.0,-1.875,-7.5,0.0,11.25,0.0,0.0,11.25,0.0,0.9375,0.0,0.9375,0.0,0.0,0.0,0.0,0.0,3.75,0.0,0.0,0.0,0.0,-3.75,0.0,0.9375,0.0
108,5,0.0,0.0,0.0,0.0,-11.25,0.0,-7.5,0.0,7.5,0.0,0.0,0.0,-5.625,0.0,0.0,-7.5,0.0,0.0,0.0,0.0,0.0,3.75,0.0,0.0,-1.875,0.0,15.0,0.0,0.0,0.0,3.75,-3.75,11.25,0.0,0.0,0.0,0.0,-3.75,0.0,0.0,-7.5,7.5,0.0,0.0,-2.8125,-7.5,0.0,11.25,0.0,0.0,11.25,0.0,1.875,0.0,0.9375,0.0,0.0,0.0,0.0,0.0,3.75,0.0,0.0,0.0,0.0,-3.75,0.0,0.9375,0.0
109,3,0.0,0.0,0.0,0.0,-11.25,0.0,-7.5,0.0,3.75,0.0,0.0,0.0,-6.5625,0.0,0.0,-11.25,0.0,0.0,0.0,0.0,0.0,3.75,0.0,0.0,-1.875,0.0,12.1875,0.0,0.0,0.0,4.6875,-3.75,8.4375,0.0,0.0,0.0,-3.75,0.0,0.0,0.0,-4.6875,7.5,0.0,-1.875,-3.75,-7.5,0.0,11.25,0.0,0.0,8.4375,0.0,0.9375,0.0,0.0,-1.875,0.0,0.0,0.0,0.0,3.75,0.0,1.875,0.0,3.75,-3.75,-2.8125,0.0,0.0
109,4,0.0,0.0,0.0,0.0,-11.25,0.0,-5.625,0.0,4.6875,0.0,0.0,0.0,-3.75,0.0,0.0,-5.625,0.0,0.0,0.0,0.0,0.0,3.75,0.0,0.0,0.0,0.0,13.125,0.0,0.0,0.0,3.75,-3.75,11.25,0.0,0.0,0.0,-3.75,-3.75,0.0,0.0,-7.5,4.6875,0.0,0.0,-3.75,-7.5,0.0,11.25,0.0,0.0,8.4375,0.0,0.9375,0.0,0.9375,-2.8125,0.0,0.0,0.0,0.0,3.75,0.0,0.0,0.0,3.75,-3.75,-2.8125,0.0,0.0
109,5,0.0,0.0,0.0,0.0,-11.25,0.0,-3.75,0.0,4.6875,0.0,0.0,0.0,-3.75,0.0,0.0,-3.75,0.0,0.0,0.0,0.0,0.0,3.75,0.0,0.0,0.0,0.0,12.1875,0.0,0.0,0.0,3.75,-3.75,11.25,0.0,0.0,0.0,-3.75,-3.75,0.0,0.0,-7.5,7.5,0.0,0.0,-3.75,-7.5,0.0,11.25,0.0,0.0,8.4375,0.0,0.9375,0.0,0.9375,-2.8125,0.0,0.0,0.0,0.0,3.75,0.0,1.875,0.0,3.75,-3.75,-2.8125,0.0,0.0
110,3,0.0,0.0,0.0,0.0,-13.125,0.0,-1.875,0.0,1.875,0.0,0.0,0.0,-7.5,0.0,0.0,-11.25,0.0,0.0,0.0,0.0,0.0,3.75,0.0,0.0,0.0,0.0,11.25,0.0,0.0,0.0,5.625,-5.625,7.5,0.0,0.0,0.0,-3.75,0.0,0.0,0.0,-3.75,7.5,0.0,-3.75,-3.75,-7.5,0.0,8.4375,0.0,0.0,7.5,0.0,0.0,-0.9375,0.0,-3.75,0.0,0.0,0.0,0.0,1.875,0.0,3.75,0.0,3.75,-1.875,-3.75,0.0,0.0
110,4,0.0,0.0,0.0,0.0,-11.25,0.0,0.0,0.0,3.75,0.0,0.0,0.0,-3.75,0.0,0.0,0.0,0.0,0.0,0.0,0.0,0.0,3.75,0.0,0.0,0.0,0.0,11.25,0.0,0.0,0.0,3.75,-3.75,8.4375,0.0,0.0,0.0,-3.75,-3.75,0.0,0.0,-6.5625,4.6875,0.0,-3.75,-3.75,-7.5,0.0,8.4375,0.0,0.0,5.625,-1.875,0.0,-1.875,0.0,-3.75,0.0,0.0,0.0,0.0,1.875,0.0,3.75,0.0,3.75,-1.875,-3.75,0.0,0.0
110,5,0.0,0.0,0.0,0.0,-11.25,0.0,0.0,0.0,3.75,0.0,0.0,0.0,-3.75,0.0,0.0,0.0,0.0,0.0,0.0,0.0,0.0,3.75,0.0,0.0,0.0,0.0,11.25,0.0,0.0,0.0,3.75,-5.625,8.4375,0.0,0.0,0.0,-3.75,-3.75,0.0,0.0,-5.625,5.625,0.0,-3.75,-3.75,-7.5,0.0,8.4375,0.0,0.0,5.625,-1.875,0.0,-1.875,0.0,-3.75,0.0,0.0,0.0,0.0,1.875,0.0,3.75,0.0,3.75,-1.875,-3.75,0.0,0.0
111,3,0.0,0.0,0.0,0.0,11.25,0.0,5.625,0.0,0.9375,0.0,0.0,0.0,-3.75,0.0,0.0,7.5,-1.875,0.0,0.0,0.0,0.0,3.75,0.0,0.0,0.0,0.0,8.4375,0.0,0.0,0.0,3.75,-7.5,5.625,0.0,0.0,0.0,-3.75,0.0,0.0,0.0,-2.8125,5.625,0.0,-6.5625,-5.625,-3.75,0.0,7.5,0.0,0.0,4.6875,-1.875,0.0,-1.875,0.0,-5.625,-2.8125,0.0,0.0,0.0,0.9375,0.0,3.75,0.0,3.75,0.0,-7.5,0.0,0.0
111,4,0.0,0.0,0.0,0.0,0.0,0.0,3.75,0.0,1.875,0.0,0.0,0.0,-3.75,0.0,0.0,3.75,-2.8125,0.0,0.0,0.0,0.0,3.75,0.0,0.0,0.0,0.0,9.375,0.0,0.0,0.0,3.75,-6.5625,7.5,0.0,0.0,0.0,-3.75,0.0,0.0,0.0,-1.875,3.75,0.0,-3.75,-5.625,-3.75,0.0,7.5,0.0,0.0,3.75,-3.75,0.0,-2.8125,0.0,-5.625,-2.8125,0.0,0.0,0.0,0.9375,0.0,3.75,0.0,3.75,0.0,-7.5,0.0,0.0
111,5,0.0,0.0,0.0,0.0,-3.75,0.0,3.75,0.0,1.875,0.0,0.0,0.0,-3.75,0.0,0.0,3.75,-2.8125,0.0,0.0,0.0,0.0,3.75,0.0,0.0,0.0,0.0,8.4375,0.0,0.0,0.0,3.75,-7.5,7.5,0.0,0.0,0.0,-3.75,0.0,0.0,0.0,0.0,3.75,0.0,-3.75,-6.5625,0.0,0.0,7.5,0.0,0.0,3.75,-3.75,0.0,-2.8125,0.0,-5.625,-2.8125,0.0,0.0,0.0,0.9375,0.0,3.75,0.0,3.75,0.0,-7.5,0.0,0.0
112,3,0.0,0.0,0.0,0.0,12.1875,0.0,7.5,0.0,0.0,0.0,0.0,0.0,0.0,0.0,0.0,7.5,-3.75,0.0,0.0,0.0,0.0,1.875,0.0,0.0,0.0,0.0,7.5,0.0,0.0,0.0,3.75,-7.5,3.75,0.0,0.0,0.0,-3.75,0.9375,0.0,0.0,0.9375,3.75,0.0,-7.5,-5.625,3.75,0.0,3.75,0.0,0.0,3.75,-3.75,0.0,-3.75,-1.875,-7.5,-3.75,0.0,0.0,0.0,0.0,0.0,3.75,-1.875,3.75,0.9375,-7.5,0.0,0.0
112,4,0.0,0.0,0.0,0.0,11.25,0.0,7.5,0.0,0.0,0.0,0.0,0.0,0.0,0.0,0.0,7.5,-3.75,0.0,0.0,0.0,0.0,3.75,0.0,0.0,0.0,0.0,7.5,0.0,0.0,0.0,3.75,-7.5,3.75,0.0,0.0,0.0,-3.75,0.0,0.0,0.0,3.75,3.75,0.0,-7.5,-3.75,4.6875,0.0,3.75,0.0,0.0,3.75,-3.75,0.0,-3.75,-1.875,-7.5,-3.75,0.0,0.0,0.0,0.0,0.0,3.75,-1.875,3.75,0.9375,-7.5,0.0,0.0
112,5,0.0,0.0,0.0,0.0,11.25,0.0,7.5,0.0,0.0,0.0,0.0,0.0,0.0,0.0,0.0,7.5,-3.75,0.0,0.0,0.0,0.0,3.75,0.0,0.0,0.0,0.0,7.5,0.0,0.0,0.0,3.75,-7.5,3.75,0.0,0.0,0.0,-3.75,1.875,0.0,0.0,3.75,3.75,0.0,-7.5,-5.625,5.625,0.0,3.75,0.0,0.0,3.75,-3.75,0.0,-3.75,-1.875,-7.5,-3.75,0.0,0.0,0.0,0.0,0.0,3.75,-1.875,3.75,0.9375,-7.5,0.0,0.0
113,3,0.0,0.0,0.0,0.0,11.25,0.0,7.5,0.0,0.0,0.0,0.0,0.0,3.75,0.0,0.0,7.5,-3.75,0.0,0.0,0.0,0.0,0.9375,0.0,0.0,0.0,0.0,4.6875,0.0,0.0,-1.875,3.75,-7.5,1.875,0.0,0.0,0.0,-3.75,3.75,0.0,0.0,3.75,3.75,0.0,-8.4375,-5.625,7.5,0.0,2.8125,0.0,0.0,0.0,-3.75,-1.875,-3.75,-3.75,-7.5,-3.75,0.0,0.0,0.0,0.0,0.0,3.75,-3.75,0.0,3.75,-7.5,0.0,0.0
113,4,0.0,0.0,0.0,0.0,11.25,0.0,7.5,0.0,0.0,0.0,0.0,0.0,3.75,0.0,0.0,4.6875,-5.625,0.0,0.0,0.0,0.0,1.875,0.0,0.0,0.0,0.0,4.6875,0.0,0.0,-1.875,3.75,-6.5625,3.75,0.0,0.0,-1.875,-1.875,3.75,0.0,0.0,7.5,0.9375,0.0,-7.5,-3.75,8.4375,0.0,3.75,0.0,0.0,0.0,-3.75,-1.875,-3.75,-3.75,-7.5,-3.75,0.0,0.0,0.0,0.0,0.0,3.75,-3.75,0.0,3.75,-7.5,0.0,0.0
113,5,0.0,0.0,0.0,0.0,11.25,0.0,7.5,0.0,0.0,0.0,0.0,0.0,3.75,0.0,0.0,5.625,-5.625,0.0,0.0,0.0,0.0,1.875,0.0,0.0,0.0,0.0,4.6875,0.0,0.0,-1.875,3.75,-6.5625,3.75,0.0,0.0,-2.8125,-1.875,3.75,0.0,0.0,7.5,0.9375,0.0,-7.5,-3.75,8.4375,0.0,3.75,0.0,0.0,0.0,-3.75,-1.875,-3.75,-3.75,-7.5,-3.75,0.0,0.0,0.0,0.0,0.0,3.75,-3.75,0.0,3.75,-7.5,0.0,0.0
114,3,0.0,0.0,0.0,0.0,11.25,0.0,4.6875,0.0,0.0,0.0,3.75,0.0,7.5,0.0,0.0,3.75,-5.625,0.0,0.0,0.0,0.0,0.0,0.0,0.0,0.0,0.0,3.75,-1.875,0.0,-3.75,3.75,-3.75,0.0,0.0,0.0,-2.8125,0.0,3.75,0.0,0.0,3.75,0.0,0.0,-8.4375,-3.75,7.5,0.0,0.9375,0.0,0.0,0.0,-3.75,-2.8125,-3.75,-3.75,-9.375,-6.5625,0.0,0.0,0.0,0.0,0.0,0.9375,-3.75,0.0,3.75,-5.625,0.0,0.0
114,4,0.0,0.0,0.0,0.0,11.25,0.0,4.6875,0.0,0.0,0.0,1.875,0.0,3.75,0.0,0.0,3.75,-7.5,0.0,0.0,0.0,0.0,0.9375,-1.875,0.0,0.0,0.0,3.75,0.0,0.0,-3.75,3.75,-1.875,1.875,0.0,0.0,-3.75,0.0,3.75,0.0,0.0,7.5,0.0,0.0,-7.5,-1.875,7.5,0.0,0.9375,0.0,0.0,0.0,-3.75,-3.75,-3.75,-3.75,-7.5,-5.625,0.0,0.0,0.0,0.0,0.0,0.9375,-3.75,0.0,3.75,-3.75,0.0,0.0
114,5,0.0,0.0,0.0,0.0,11.25,0.0,4.6875,0.0,0.0,0.0,1.875,0.0,5.625,0.0,0.0,3.75,-7.5,0.0,0.0,0.0,0.0,0.9375,-1.875,0.0,0.0,0.0,3.75,0.0,0.0,-3.75,3.75,-1.875,0.9375,0.0,0.0,-3.75,0.0,3.75,0.0,0.0,7.5,0.0,0.0,-7.5,-1.875,8.4375,0.0,0.9375,0.0,0.0,0.0,-3.75,-3.75,-3.75,-5.625,-7.5,-7.5,0.0,0.0,0.0,0.0,0.0,0.9375,-3.75,0.0,3.75,-3.75,0.0,0.0
115,3,0.0,0.0,0.0,0.0,8.4375,0.0,3.75,0.0,0.0,0.0,3.75,0.0,7.5,0.0,0.0,1.875,-7.5,0.0,0.0,0.0,0.0,0.0,-1.875,0.0,-1.875,0.0,0.0,-3.75,0.0,-3.75,3.75,0.0,0.0,0.0,0.0,-3.75,4.6875,3.75,0.0,0.0,3.75,-1.875,0.0,-7.5,-3.75,7.5,0.0,0.0,0.0,0.0,1.875,-3.75,-3.75,-3.75,-6.5625,-9.375,-5.625,0.0,0.0,0.0,0.0,0.0,0.0,-3.75,0.0,0.9375,3.75,0.0,0.0
115,4,0.0,0.0,0.0,0.0,8.4375,0.0,3.75,0.0,0.0,0.0,3.75,0.0,3.75,0.0,0.0,1.875,-7.5,0.0,0.0,0.0,0.0,0.0,-2.8125,0.0,-1.875,0.0,0.0,-1.875,0.0,-3.75,3.75,1.875,0.0,0.0,0.0,-3.75,3.75,3.75,0.0,0.0,5.625,-1.875,0.0,-3.75,0.0,7.5,0.0,0.0,0.0,0.0,0.0,-1.875,-3.75,-3.75,-6.5625,-6.5625,-5.625,0.0,0.0,-1.875,0.0,0.0,0.0,-3.75,0.0,0.9375,3.75,0.0,0.0
115,5,0.0,0.0,0.0,0.0,8.4375,0.0,3.75,0.0,0.0,0.0,3.75,0.0,5.625,0.0,0.0,1.875,-7.5,0.0,0.0,0.0,0.0,0.0,-2.8125,0.0,-1.875,0.0,0.0,-1.875,0.0,-3.75,3.75,1.875,0.0,0.0,0.0,-3.75,3.75,3.75,0.0,0.0,4.6875,-1.875,0.0,-3.75,0.0,7.5,0.0,0.0,0.0,0.0,0.0,-1.875,-3.75,-3.75,-5.625,-5.625,-6.5625,0.0,0.0,-1.875,0.0,0.0,0.0,-3.75,0.0,0.9375,3.75,0.0,0.0
116,3,0.0,0.0,0.0,0.0,7.5,0.0,3.75,0.0,0.0,0.0,3.75,0.0,3.75,0.0,0.0,0.0,-7.5,0.0,0.0,-1.875,0.0,0.0,-3.75,0.0,-3.75,0.0,0.0,-3.75,0.0,-6.5625,0.9375,1.875,0.0,0.0,0.0,0.0,7.5,1.875,0.0,0.0,0.9375,-1.875,0.0,-3.75,0.0,3.75,0.0,0.0,0.0,0.0,3.75,-1.875,-1.875,-3.75,0.0,-7.5,-3.75,0.0,0.0,0.0,0.0,0.0,0.0,0.0,0.0,0.0,7.5,0.0,0.0
116,4,0.0,0.0,0.0,0.0,7.5,0.0,3.75,0.0,0.0,0.0,3.75,0.0,3.75,0.0,0.0,0.0,-10.3125,0.0,0.0,-1.875,0.0,0.0,-3.75,0.0,-3.75,0.0,0.0,-1.875,0.0,-3.75,0.9375,3.75,0.0,0.0,0.0,-1.875,3.75,3.75,0.0,0.0,3.75,-1.875,0.0,1.875,3.75,4.6875,0.0,0.0,0.0,0.0,0.0,0.0,0.0,0.0,-3.75,0.0,-3.75,0.0,0.0,0.0,0.0,0.0,0.0,0.0,0.0,0.0,7.5,0.0,0.0
116,5,0.0,0.0,0.0,0.0,7.5,0.0,3.75,0.0,0.0,0.0,3.75,0.0,3.75,0.0,0.0,0.0,-9.375,0.0,0.0,-1.875,0.0,0.0,-3.75,0.0,-3.75,0.0,0.0,-1.875,0.0,-3.75,0.9375,3.75,0.0,0.0,0.0,-1.875,3.75,3.75,0.0,0.0,3.75,-1.875,0.0,1.875,3.75,4.6875,0.0,0.0,0.0,0.0,0.0,0.0,-1.875,0.0,-3.75,0.0,-3.75,0.0,0.0,0.0,0.0,0.0,0.0,0.0,0.0,0.0,7.5,0.0,0.0
117,3,0.0,0.0,0.0,0.0,4.6875,0.0,0.9375,0.0,0.0,0.0,3.75,0.0,3.75,0.0,0.0,0.0,-11.25,0.0,0.0,-1.875,0.0,0.0,-3.75,0.0,-3.75,0.0,0.0,-1.875,0.0,-3.75,0.0,1.875,0.0,0.0,0.0,0.0,3.75,0.9375,0.0,0.0,0.0,-3.75,0.0,-1.875,0.9375,3.75,0.0,0.0,0.0,0.0,3.75,0.0,0.0,0.0,11.25,0.0,0.0,0.0,0.0,3.75,0.0,0.0,0.0,0.0,0.0,0.0,7.5,0.0,0.0
117,4,0.0,0.0,0.0,0.0,4.6875,0.0,0.9375,0.0,0.0,0.0,3.75,0.0,3.75,0.0,0.0,0.0,-11.25,0.0,0.0,-1.875,0.0,0.0,-6.5625,0.0,-3.75,0.0,0.0,0.0,0.0,-3.75,0.0,3.75,0.0,0.0,0.0,0.0,3.75,0.9375,0.0,0.0,3.75,-3.75,0.0,3.75,3.75,3.75,0.0,0.0,0.0,0.0,0.0,0.0,0.0,0.0,0.0,3.75,0.0,0.0,0.0,0.0,0.0,0.0,0.0,0.0,0.0,0.0,7.5,0.0,0.0
117,5,0.0,0.0,0.0,0.0,4.6875,0.0,0.9375,0.0,0.0,0.0,3.75,0.0,3.75,0.0,0.0,0.0,-11.25,0.0,0.0,-1.875,0.0,0.0,-6.5625,0.0,-3.75,0.0,0.0,0.0,0.0,-3.75,0.0,3.75,0.0,0.0,0.0,0.0,3.75,0.9375,0.0,0.0,3.75,-3.75,0.0,3.75,3.75,3.75,0.0,0.0,-1.875,0.0,0.0,0.0,0.0,0.0,3.75,3.75,0.0,0.0,0.0,0.0,0.0,0.0,0.0,0.0,0.0,0.0,7.5,0.0,0.0
118,3,0.0,0.0,0.0,0.0,3.75,0.0,0.0,0.0,0.0,0.0,3.75,0.0,3.75,0.0,0.0,0.0,-11.25,0.0,0.0,0.0,0.0,0.0,-7.5,0.0,-3.75,0.0,0.0,-3.75,0.0,-1.875,0.0,0.0,0.0,0.0,0.0,3.75,3.75,0.0,0.0,0.0,0.0,-3.75,0.0,0.0,0.9375,1.875,0.0,0.0,-3.75,0.0,3.75,0.0,0.0,0.0,11.25,0.0,1.875,0.0,0.0,3.75,3.75,0.0,-1.875,0.9375,0.0,-3.75,7.5,0.0,0.0
118,4,0.0,0.0,0.0,0.0,3.75,0.0,0.0,0.0,0.0,0.0,3.75,0.0,3.75,0.0,0.0,0.0,-11.25,0.0,0.0,0.0,0.0,-1.875,-7.5,0.0,-3.75,0.0,0.0,-1.875,0.0,0.0,0.0,0.9375,0.0,0.0,0.0,3.75,3.75,0.0,0.0,0.0,0.0,-3.75,0.0,3.75,3.75,3.75,0.0,0.0,-3.75,0.0,0.9375,0.9375,0.0,3.75,7.5,3.75,1.875,0.0,0.0,3.75,0.0,0.0,-1.875,0.0,0.0,-3.75,7.5,0.0,0.0
118,5,0.0,0.0,0.0,0.0,3.75,0.0,0.0,0.0,0.0,0.0,3.75,0.0,3.75,0.0,0.0,0.0,-10.3125,0.0,0.0,0.0,0.0,-1.875,-7.5,0.0,-3.75,0.0,0.0,-1.875,0.0,0.0,0.0,0.9375,0.0,0.0,0.0,3.75,3.75,0.0,0.0,0.0,0.0,-3.75,0.0,3.75,3.75,3.75,0.0,0.0,-3.75,0.0,3.75,0.9375,1.875,3.75,7.5,3.75,1.875,0.0,0.0,3.75,0.0,0.0,-1.875,0.0,0.0,-3.75,7.5,0.0,0.0
119,3,0.0,0.0,0.0,0.0,0.9375,0.0,0.0,0.0,0.0,0.0,0.0,0.0,1.875,0.0,0.0,0.0,11.25,0.0,0.0,0.0,0.0,0.0,-11.25,0.0,-3.75,0.0,0.0,-3.75,0.0,3.75,-1.875,0.0,0.0,0.0,0.0,7.5,0.9375,0.0,0.0,0.0,0.0,-3.75,0.0,0.0,0.9375,0.0,0.0,0.0,-3.75,0.0,3.75,0.0,3.75,0.0,11.25,0.0,3.75,0.0,0.0,3.75,3.75,0.0,-2.8125,0.9375,0.9375,-3.75,4.6875,0.0,0.0
119,4,0.0,0.0,0.0,0.0,0.9375,0.0,0.0,0.0,0.0,0.0,0.0,0.0,0.9375,0.0,0.0,0.0,0.0,0.0,0.0,0.0,0.0,-2.8125,-11.25,0.0,0.0,0.0,0.0,-1.875,0.0,3.75,-1.875,0.0,0.0,0.0,0.0,3.75,0.9375,0.0,0.0,0.0,0.0,-1.875,0.0,3.75,3.75,0.0,0.0,0.0,-3.75,0.0,0.9375,0.0,3.75,3.75,7.5,3.75,3.75,0.0,0.0,3.75,3.75,0.0,-3.75,1.875,0.9375,-3.75,3.75,0.0,0.0
119,5,0.0,0.0,0.0,0.0,1.875,0.0,0.0,0.0,0.0,0.0,0.0,0.0,0.9375,0.0,0.0,0.0,-3.75,0.0,0.0,0.0,0.0,-2.8125,-11.25,0.0,0.0,0.0,0.0,-2.8125,0.0,3.75,-1.875,1.875,0.0,0.0,0.0,3.75,0.9375,0.0,0.0,0.0,0.0,-1.875,0.0,3.75,3.75,0.0,0.0,0.0,-3.75,0.0,3.75,0.0,3.75,3.75,7.5,3.75,3.75,0.0,0.0,3.75,3.75,0.0,-3.75,0.9375,0.9375,-3.75,4.6875,0.0,0.0
120,3,0.0,0.0,0.0,0.0,0.0,0.0,0.0,0.0,0.0,0.0,0.0,0.0,0.0,0.0,0.0,0.9375,11.25,0.0,0.9375,3.75,0.0,0.0,-11.25,-1.875,0.0,0.0,0.9375,-3.75,0.0,3.75,-2.8125,0.0,0.0,0.0,0.0,7.5,0.0,0.0,0.0,0.0,0.0,0.0,0.0,0.0,0.0,0.0,0.0,0.0,-7.5,0.0,3.75,0.0,3.75,0.0,9.375,0.0,1.875,0.0,0.0,3.75,3.75,0.0,-1.875,0.0,0.9375,-3.75,3.75,-0.9375,0.0
120,4,0.0,0.0,0.0,0.0,0.0,0.0,0.0,0.0,0.0,0.0,0.0,0.0,0.0,0.0,0.0,0.9375,11.25,0.0,0.0,0.9375,0.0,-3.75,-11.25,-1.875,1.875,0.0,0.9375,-1.875,0.0,3.75,-3.75,0.0,0.0,0.0,0.0,3.75,0.0,0.0,0.0,0.0,0.0,0.0,0.0,3.75,0.9375,0.0,0.0,0.0,-3.75,0.0,0.9375,0.0,3.75,3.75,7.5,3.75,3.75,0.0,0.0,3.75,3.75,0.0,-1.875,0.0,0.9375,-3.75,3.75,0.0,0.0
120,5,0.0,0.0,0.0,0.0,0.0,0.0,0.0,0.0,0.0,0.0,0.0,0.0,0.0,0.0,0.0,0.9375,9.375,0.0,0.0,0.9375,0.0,-3.75,-11.25,-2.8125,1.875,0.0,0.9375,-1.875,0.0,3.75,-3.75,0.0,0.0,0.0,0.0,3.75,0.0,0.0,0.0,0.0,0.0,0.0,0.0,3.75,0.9375,0.0,0.0,0.0,-6.5625,0.0,0.9375,0.0,3.75,3.75,7.5,3.75,3.75,0.0,0.0,3.75,3.75,0.0,-3.75,0.0,0.9375,-3.75,3.75,-0.9375,0.0
121,3,0.0,0.0,0.0,0.0,0.0,0.0,0.0,0.0,-2.8125,0.0,-1.875,0.0,0.0,0.0,0.0,1.875,11.25,0.0,0.9375,3.75,0.0,0.0,-14.0625,0.0,1.875,0.0,0.9375,-3.75,0.0,3.75,-3.75,0.0,0.0,0.0,0.0,3.75,0.0,-1.875,0.0,0.0,0.0,1.875,0.0,0.0,0.0,0.0,0.0,0.0,-7.5,0.0,0.0,0.0,4.6875,0.0,7.5,0.0,0.0,0.0,0.0,1.875,3.75,0.0,0.0,0.0,0.0,-3.75,1.875,-2.8125,0.0
121,4,0.0,0.0,0.0,0.0,0.0,0.0,0.0,0.0,-3.75,0.0,-2.8125,0.0,0.0,0.0,0.0,1.875,11.25,0.0,0.0,3.75,0.0,-3.75,-11.25,0.0,3.75,0.0,0.9375,-1.875,0.0,3.75,-3.75,0.0,0.0,0.0,0.0,3.75,0.0,-1.875,0.0,0.0,0.0,0.0,0.0,0.0,0.0,0.0,0.0,0.0,-7.5,0.0,0.0,0.0,3.75,0.9375,7.5,0.9375,0.0,0.0,0.0,0.9375,3.75,0.0,0.0,0.0,0.0,-3.75,1.875,-2.8125,0.0
121,5,0.0,0.0,0.0,0.0,0.0,0.0,0.0,0.0,-3.75,0.0,-2.8125,0.0,0.0,0.0,0.0,1.875,11.25,0.0,0.9375,3.75,0.0,-3.75,-11.25,0.0,3.75,0.0,1.875,-3.75,0.0,3.75,-3.75,0.0,0.0,0.0,0.0,3.75,0.0,-1.875,0.0,0.0,0.0,0.0,0.0,0.0,0.0,0.0,0.0,0.0,-6.5625,0.0,0.0,0.0,3.75,0.9375,7.5,1.875,0.0,0.0,0.0,0.9375,3.75,0.0,0.0,0.0,0.0,-3.75,1.875,-2.8125,0.0
122,3,0.0,0.0,0.0,0.0,0.0,0.0,-1.875,0.0,-3.75,0.0,-3.75,0.0,-1.875,0.0,0.0,0.9375,8.4375,0.0,0.9375,3.75,0.0,0.0,15.0,1.875,1.875,0.0,0.9375,-3.75,0.0,0.0,-1.875,0.0,0.0,0.0,0.0,3.75,0.0,-3.75,0.0,0.0,0.0,3.75,0.0,0.0,0.0,0.0,0.0,0.0,-7.5,0.0,0.0,0.0,3.75,0.0,3.75,0.0,0.0,0.0,0.0,0.0,3.75,0.0,0.0,0.9375,0.0,-3.75,0.0,-3.75,0.0
122,4,0.0,0.0,0.0,0.0,0.0,0.0,-1.875,0.0,-3.75,0.0,-3.75,0.0,-1.875,0.0,0.0,0.9375,8.4375,0.0,0.9375,3.75,0.0,-1.875,-7.5,0.0,3.75,0.0,0.9375,-1.875,0.0,0.9375,-1.875,0.0,0.0,0.0,0.0,3.75,0.0,-3.75,0.0,0.0,0.0,3.75,0.0,0.0,0.0,0.0,0.0,0.0,-7.5,0.0,0.0,0.0,3.75,0.0,3.75,0.0,0.0,0.0,0.0,0.0,3.75,0.0,0.0,1.875,0.0,-3.75,0.0,-3.75,0.0
122,5,0.0,0.0,0.0,0.0,0.0,0.0,-1.875,0.0,-3.75,0.0,-3.75,0.0,-1.875,0.0,0.0,0.9375,7.5,0.0,0.9375,3.75,0.0,-1.875,-3.75,0.0,3.75,0.0,0.9375,-1.875,0.0,0.9375,-1.875,0.0,0.0,0.0,0.0,3.75,0.0,-3.75,0.0,0.0,0.0,3.75,0.0,0.0,0.0,0.0,0.0,0.0,-7.5,0.0,0.0,0.0,3.75,0.0,3.75,0.0,0.0,0.0,0.0,0.0,3.75,0.0,0.0,0.9375,0.0,-3.75,0.0,-3.75,0.0
123,3,0.0,0.0,0.0,0.0,0.0,0.0,-3.75,0.0,-6.5625,0.0,-5.625,0.0,-3.75,0.0,0.0,0.0,5.625,0.0,0.9375,0.9375,0.0,3.75,15.0,3.75,3.75,0.0,0.0,-3.75,0.0,0.0,0.0,0.0,0.0,0.0,0.0,0.9375,0.0,-3.75,0.0,0.0,0.0,3.75,0.0,0.0,0.0,0.0,0.0,0.0,-10.3125,0.0,0.0,0.0,3.75,0.0,0.9375,0.0,-1.875,0.0,0.0,0.0,0.9375,0.0,0.9375,0.9375,0.0,0.0,0.0,-5.625,0.0
123,4,0.0,0.0,0.0,0.0,0.0,0.0,-3.75,0.0,-6.5625,0.0,-6.5625,0.0,-3.75,0.0,0.0,0.0,7.5,0.0,0.0,0.9375,0.0,0.0,13.125,0.0,3.75,0.0,0.0,-1.875,0.0,0.0,0.0,0.0,0.0,0.0,0.0,1.875,0.0,-3.75,0.0,0.0,0.0,0.9375,0.0,-1.875,0.0,0.0,0.0,0.0,-7.5,0.0,0.0,0.0,0.9375,0.0,0.0,0.0,-1.875,0.0,0.0,0.0,0.9375,0.0,0.0,1.875,0.0,0.0,0.0,-5.625,0.0
123,5,0.0,0.0,0.0,0.0,0.0,0.0,-3.75,0.0,-6.5625,0.0,-6.5625,0.0,-3.75,0.0,0.0,0.0,7.5,0.0,0.9375,0.9375,0.0,0.0,11.25,0.0,3.75,0.0,0.0,-1.875,0.0,0.0,0.0,0.0,0.0,0.0,0.0,0.9375,0.0,-3.75,0.0,0.0,0.0,3.75,0.0,-1.875,0.0,0.0,0.0,0.0,-7.5,0.0,0.0,0.0,0.9375,0.0,0.0,0.0,-1.875,0.0,0.0,0.0,0.9375,0.0,0.0,0.9375,0.0,0.0,0.0,-5.625,0.0
124,3,0.0,0.0,0.0,0.0,0.0,0.0,-3.75,0.0,-7.5,0.0,-7.5,0.0,-5.625,0.0,0.0,0.0,3.75,0.0,0.0,0.0,0.0,3.75,14.0625,3.75,0.9375,0.0,0.0,-3.75,0.0,0.0,0.0,-1.875,0.0,0.0,0.0,0.0,0.9375,-3.75,0.0,0.0,0.0,0.0,0.0,0.0,0.0,0.0,0.0,0.0,-11.25,0.0,0.0,0.0,0.0,0.0,0.0,0.0,-3.75,0.0,0.0,0.0,0.0,0.0,3.75,0.0,-1.875,3.75,0.0,-7.5,0.0
124,4,0.0,0.0,0.0,0.0,0.0,0.0,-3.75,0.0,-7.5,0.0,-7.5,0.0,-7.5,0.0,0.0,0.0,4.6875,0.0,0.0,0.0,0.0,3.75,13.125,0.9375,1.875,0.0,0.0,-3.75,0.0,0.0,0.0,-1.875,0.0,0.0,0.0,0.0,0.9375,-3.75,0.0,0.0,0.0,0.0,0.0,-3.75,0.0,0.0,0.0,0.0,-7.5,0.0,0.0,0.0,0.0,0.0,0.0,0.0,-3.75,0.0,0.0,0.0,0.0,0.0,0.9375,0.0,-1.875,3.75,0.0,-7.5,0.0
124,5,0.0,0.0,0.0,0.0,0.0,0.0,-3.75,0.0,-7.5,0.0,-7.5,0.0,-6.5625,0.0,0.0,0.0,4.6875,0.0,0.0,0.0,0.0,3.75,13.125,0.9375,1.875,0.0,0.0,-3.75,0.0,0.0,0.0,-1.875,0.0,0.0,0.0,0.0,0.9375,-3.75,0.0,0.0,0.0,0.0,0.0,-3.75,0.0,0.0,0.0,0.0,-7.5,0.0,0.0,0.0,0.0,0.0,0.0,0.0,-3.75,0.0,0.0,0.0,0.0,0.0,3.75,0.0,-1.875,3.75,0.0,-7.5,0.0
125,3,0.0,0.0,0.0,0.0,0.0,0.0,-6.5625,0.0,-9.375,0.0,-7.5,0.0,-7.5,0.0,0.0,-3.75,3.75,0.0,0.0,0.0,0.0,4.6875,12.1875,3.75,0.0,0.0,0.0,-3.75,0.0,0.0,1.875,-3.75,0.0,0.0,0.0,0.0,0.9375,-3.75,0.0,0.0,0.0,-1.875,0.0,0.0,0.0,0.0,0.0,0.0,-7.5,0.0,0.0,0.0,0.0,0.0,0.0,0.0,-3.75,0.0,0.0,0.0,0.0,0.0,3.75,0.0,-3.75,3.75,0.0,-9.375,0.0
125,4,0.0,0.0,0.0,0.0,0.0,0.0,-6.5625,0.0,-7.5,0.0,-7.5,0.0,-7.5,0.0,0.0,-3.75,3.75,0.0,0.0,0.0,0.0,3.75,11.25,3.75,0.0,0.0,0.0,-3.75,0.0,0.0,3.75,-3.75,0.0,0.0,0.0,0.0,0.9375,-3.75,0.0,0.0,0.0,-1.875,0.0,-1.875,0.0,0.0,0.0,0.0,0.0,0.0,0.0,0.0,0.0,0.0,0.0,0.0,-3.75,0.0,0.0,0.0,0.0,0.0,3.75,0.0,-3.75,3.75,0.0,-9.375,0.0
125,5,0.0,0.0,0.0,0.0,0.0,0.0,-6.5625,0.0,-9.375,0.0,-7.5,0.0,-7.5,0.0,0.0,-3.75,3.75,0.0,0.0,0.0,0.0,3.75,11.25,3.75,0.0,0.0,0.0,-3.75,0.0,0.0,3.75,-3.75,0.0,0.0,0.0,0.0,0.9375,-3.75,0.0,0.0,0.0,-1.875,0.0,-1.875,0.0,0.0,0.0,0.0,-1.875,0.0,0.0,0.0,0.0,0.0,0.0,0.0,-3.75,0.0,0.0,0.0,0.0,0.0,3.75,0.0,-3.75,3.75,0.0,-9.375,0.0
126,3,0.0,0.0,-1.875,0.0,0.0,0.0,-7.5,0.0,-10.3125,0.0,-7.5,0.0,-10.3125,0.0,0.0,-3.75,0.0,0.0,0.0,0.0,0.0,3.75,11.25,0.9375,0.0,0.0,0.0,-6.5625,0.0,0.0,1.875,-3.75,0.0,0.0,0.0,-1.875,0.0,-3.75,0.0,0.0,0.0,-3.75,0.0,0.0,-1.875,0.0,0.0,0.0,0.0,0.0,0.0,0.0,0.0,0.0,0.0,0.0,-3.75,0.0,0.0,0.0,-1.875,0.0,3.75,0.0,-3.75,3.75,0.0,-11.25,0.0
126,4,0.0,0.0,-1.875,0.0,0.0,0.0,-7.5,0.0,-7.5,0.0,-7.5,0.0,-11.25,-1.875,0.0,-3.75,3.75,0.0,0.0,0.0,0.0,3.75,11.25,1.875,0.0,0.0,-2.8125,-3.75,0.0,0.0,3.75,-3.75,0.0,0.0,0.0,0.0,0.0,-1.875,0.0,0.0,0.0,-3.75,0.0,0.0,-1.875,0.0,0.0,0.0,3.75,0.0,0.0,0.0,0.0,0.0,0.0,0.0,-3.75,0.0,0.0,0.0,-1.875,0.0,3.75,0.0,-3.75,3.75,0.0,-11.25,0.0
126,5,0.0,0.0,-1.875,0.0,0.0,0.0,-5.625,0.0,-9.375,0.0,-7.5,0.0,-10.3125,-1.875,0.0,-3.75,3.75,0.0,0.0,0.0,0.0,3.75,11.25,0.9375,0.0,0.0,-2.8125,-3.75,0.0,0.0,3.75,-3.75,0.0,0.0,0.0,0.0,0.0,-3.75,0.0,0.0,0.0,-3.75,0.0,0.0,-1.875,0.0,0.0,0.0,3.75,0.0,0.0,0.0,0.0,0.0,0.0,0.0,-3.75,0.0,0.0,0.0,-1.875,0.0,3.75,0.0,-3.75,3.75,0.0,-11.25,0.0
127,3,0.0,0.0,-3.75,0.0,0.0,0.0,-7.5,0.0,-10.3125,0.0,-7.5,0.0,-11.25,0.0,0.0,-6.5625,0.0,0.0,-2.8125,-1.875,0.0,3.75,8.4375,0.0,0.0,0.0,-0.9375,-6.5625,0.0,0.0,0.9375,-5.625,0.0,0.0,0.0,-1.875,0.0,0.9375,0.0,0.0,-1.875,-6.5625,0.0,0.0,-2.8125,0.0,0.0,0.0,1.875,0.0,0.0,0.0,-1.875,0.0,0.0,0.0,-3.75,0.0,0.0,0.0,-3.75,0.0,1.875,0.0,-1.875,3.75,0.0,-13.125,0.0
127,4,0.0,0.0,-3.75,0.0,0.0,0.0,-6.5625,0.0,-7.5,0.0,-3.75,0.0,-11.25,-3.75,0.0,-5.625,0.9375,0.0,-1.875,-1.875,0.0,3.75,7.5,0.0,0.0,0.0,-3.75,-3.75,0.0,0.0,0.9375,-3.75,0.0,0.0,0.0,-1.875,0.0,1.875,0.0,0.0,-1.875,-7.5,0.0,0.0,-3.75,0.0,0.0,0.0,3.75,0.0,0.0,0.0,0.0,-1.875,0.0,0.0,-1.875,0.0,0.0,0.0,-3.75,0.0,3.75,0.0,-1.875,3.75,0.0,-14.0625,0.0
127,5,0.0,0.0,-3.75,0.0,0.0,0.0,-7.5,0.0,-7.5,0.0,-7.5,0.0,-11.25,-3.75,0.0,-6.5625,0.9375,0.0,-2.8125,-1.875,0.0,3.75,7.5,0.0,0.0,0.0,-3.75,-3.75,0.0,0.0,0.9375,-6.5625,0.0,0.0,0.0,-1.875,0.0,1.875,0.0,0.0,-2.8125,-7.5,0.0,0.0,-3.75,0.0,0.0,0.0,3.75,0.0,0.0,0.0,0.0,-1.875,0.0,0.0,-1.875,0.0,0.0,0.0,-3.75,0.0,3.75,0.0,-1.875,3.75,0.0,-13.125,0.0
128,3,0.0,0.0,-3.75,0.0,0.0,0.0,-3.75,0.0,3.75,0.0,-6.5625,0.0,-14.0625,0.0,0.0,-7.5,0.0,0.0,-3.75,-3.75,0.0,3.75,7.5,-1.875,0.0,0.0,0.0,-3.75,0.0,0.0,0.0,-7.5,0.0,0.0,0.0,-1.875,0.0,3.75,0.0,0.0,-3.75,-9.375,0.0,0.0,-3.75,0.0,0.0,0.0,3.75,0.0,0.0,0.0,-1.875,0.0,3.75,0.0,-1.875,-1.875,0.0,0.0,-3.75,0.0,0.9375,0.0,0.0,0.9375,0.0,-15.0,0.0
128,4,0.0,0.0,-3.75,0.0,0.0,0.0,-3.75,0.0,0.0,0.0,0.0,0.0,-14.0625,-3.75,0.0,-5.625,0.0,0.0,-3.75,-3.75,0.0,3.75,7.5,0.0,0.0,0.0,-3.75,-3.75,0.0,0.0,0.0,-6.5625,0.0,0.0,0.0,0.0,0.0,3.75,0.0,0.0,-3.75,-9.375,0.0,0.0,-3.75,0.0,0.0,0.0,3.75,0.0,0.0,0.0,0.0,-3.75,0.0,0.0,0.0,-2.8125,0.0,0.0,-3.75,0.0,0.9375,0.0,0.0,0.9375,0.0,-15.0,0.0
128,5,0.0,0.0,-3.75,0.0,0.0,0.0,-3.75,0.0,0.0,0.0,0.0,0.0,-13.125,-3.75,0.0,-7.5,0.0,0.0,-3.75,-3.75,0.0,3.75,7.5,0.0,0.0,0.0,-3.75,-3.75,0.0,0.0,0.0,-6.5625,0.0,0.0,0.0,-1.875,0.0,3.75,0.0,0.0,-3.75,-9.375,0.0,0.0,-3.75,0.0,0.0,0.0,3.75,0.0,0.0,0.0,0.0,-3.75,0.0,0.0,0.0,-2.8125,0.0,0.0,-3.75,0.0,0.9375,0.0,0.0,0.9375,0.0,-15.0,0.0
129,3,0.0,0.0,-6.5625,0.0,0.0,0.0,3.75,0.0,8.4375,0.0,0.0,0.0,17.8125,0.0,0.0,-7.5,0.0,0.0,-3.75,-3.75,0.0,1.875,3.75,-3.75,0.9375,0.0,0.0,-6.5625,0.0,0.9375,0.0,-7.5,0.0,0.0,0.0,0.0,-1.875,3.75,0.0,0.0,-3.75,-10.3125,0.0,0.0,-4.6875,-3.75,0.0,0.0,1.875,0.0,0.0,0.9375,0.0,0.0,7.5,0.0,0.0,-3.75,0.0,1.875,-3.75,0.0,0.0,-2.8125,3.75,0.0,0.0,-16.875,0.0
129,4,0.0,0.0,-6.5625,0.0,0.0,0.0,3.75,0.0,7.5,0.0,0.0,0.0,-11.25,-3.75,0.0,-3.75,0.0,0.0,-3.75,-3.75,0.0,3.75,3.75,-2.8125,0.9375,0.0,0.0,0.0,0.0,0.9375,0.0,-6.5625,0.0,0.0,0.0,0.0,0.0,3.75,0.0,0.0,-3.75,-11.25,0.0,0.0,-3.75,-3.75,0.0,0.0,3.75,0.0,0.0,1.875,0.0,0.0,3.75,0.0,0.0,-3.75,0.0,0.9375,-1.875,0.0,0.0,-1.875,3.75,0.0,0.0,-16.875,0.0
129,5,0.0,0.0,-6.5625,0.0,0.0,0.0,3.75,0.0,7.5,0.0,1.875,0.0,-11.25,-3.75,0.0,-3.75,0.0,0.0,-3.75,-3.75,0.0,3.75,3.75,-3.75,0.9375,0.0,0.0,0.0,0.0,0.9375,0.0,-6.5625,0.0,0.0,0.0,0.0,-1.875,3.75,0.0,0.0,-3.75,-11.25,0.0,0.0,-5.625,-3.75,0.0,0.0,1.875,0.0,0.0,0.9375,0.0,0.0,3.75,0.0,0.0,-3.75,0.0,1.875,-1.875,0.0,0.0,-3.75,3.75,0.0,0.0,-15.0,0.0
130,3,0.0,0.0,-7.5,0.0,-2.8125,0.0,7.5,0.0,9.375,0.0,0.0,0.0,17.8125,0.9375,0.0,-3.75,0.0,0.0,-3.75,-7.5,0.0,0.9375,2.8125,-3.75,1.875,0.0,3.75,-3.75,0.0,0.0,0.0,-3.75,0.0,0.0,0.0,0.0,-1.875,3.75,0.0,0.0,-3.75,-11.25,0.0,0.0,-6.5625,-3.75,0.0,0.0,0.0,0.0,0.0,3.75,0.0,0.0,7.5,0.0,0.0,-6.5625,0.0,0.9375,0.0,0.0,0.0,-3.75,1.875,0.0,0.0,-18.75,0.0
130,4,0.0,0.0,-7.5,0.0,-2.8125,0.0,4.6875,0.0,7.5,0.0,3.75,0.0,15.0,0.0,0.0,0.0,0.0,0.0,-3.75,-6.5625,0.0,0.0,3.75,-3.75,0.0,0.0,0.0,0.0,0.0,0.0,0.0,-3.75,0.0,0.0,0.0,0.0,-1.875,3.75,0.0,0.0,-3.75,-11.25,0.0,0.0,-6.5625,-3.75,0.0,0.0,0.0,0.0,0.0,3.75,0.0,0.0,3.75,0.0,0.0,-6.5625,0.0,0.9375,0.0,0.0,0.0,-3.75,1.875,0.0,0.0,-18.75,0.0
130,5,0.0,0.0,-7.5,0.0,-2.8125,0.0,7.5,0.0,7.5,0.0,3.75,0.0,11.25,0.0,0.0,0.0,0.0,0.0,-3.75,-7.5,0.0,0.9375,3.75,-3.75,0.0,0.0,0.0,0.0,0.0,0.0,0.0,-3.75,0.0,0.0,0.0,0.0,-1.875,3.75,0.0,0.0,-3.75,-11.25,0.0,0.0,-7.5,-3.75,0.0,0.0,0.0,0.0,0.0,3.75,0.0,0.0,3.75,0.0,0.0,-6.5625,0.0,0.9375,0.0,0.0,0.0,-3.75,3.75,0.0,0.0,-17.8125,0.0
131,3,0.0,0.0,-10.3125,0.0,-3.75,0.0,7.5,0.0,7.5,0.0,0.0,0.0,16.875,3.75,0.0,0.0,0.0,0.0,-3.75,-9.375,0.0,0.0,0.0,-5.625,0.0,0.0,4.6875,0.0,0.0,0.0,-1.875,1.875,0.0,0.0,0.0,0.9375,-1.875,3.75,0.0,0.0,-3.75,-11.25,0.0,0.0,-7.5,-7.5,0.0,-1.875,0.0,0.0,0.0,3.75,0.0,1.875,3.75,0.0,0.0,-7.5,0.0,0.9375,0.0,0.0,0.0,-1.875,0.9375,0.0,0.0,-18.75,0.0
131,4,0.0,0.0,-10.3125,0.0,-3.75,0.0,7.5,0.0,7.5,0.0,3.75,0.0,15.0,0.0,0.0,3.75,0.0,0.0,-3.75,-7.5,0.0,0.0,0.0,-3.75,0.0,0.0,3.75,1.875,0.0,0.0,-2.8125,1.875,0.0,0.0,0.0,0.9375,-1.875,3.75,0.0,0.0,-1.875,-11.25,0.0,0.0,-7.5,-5.625,0.0,-2.8125,0.0,0.0,0.0,3.75,0.0,0.0,3.75,0.0,0.0,-7.5,0.0,0.0,0.0,0.0,0.0,-1.875,0.9375,0.0,0.0,-18.75,0.0
131,5,0.0,0.0,-10.3125,0.0,-3.75,0.0,5.625,0.0,7.5,0.0,3.75,0.0,15.0,1.875,0.0,3.75,0.0,0.0,-3.75,-7.5,0.0,0.0,0.0,-3.75,0.0,0.0,3.75,1.875,0.0,0.0,-2.8125,1.875,0.0,0.0,0.0,0.9375,-1.875,3.75,0.0,0.0,-3.75,-11.25,0.0,0.0,-7.5,-6.5625,0.0,-2.8125,0.0,0.0,0.0,3.75,0.0,0.0,3.75,0.0,0.0,-7.5,0.0,0.0,0.0,0.0,0.0,-1.875,0.9375,0.0,0.0,-16.875,0.0
132,3,0.0,0.0,-11.25,0.0,-6.5625,0.0,4.6875,0.0,7.5,0.0,0.0,0.0,15.0,3.75,0.0,0.9375,0.0,0.0,0.0,-10.3125,0.0,0.0,0.0,-7.5,-1.875,0.0,7.5,0.0,0.0,0.0,-3.75,3.75,-1.875,0.0,0.0,3.75,0.0,1.875,0.0,0.0,0.0,11.25,0.0,0.0,-7.5,-10.3125,0.0,-3.75,-0.9375,0.0,0.0,3.75,-1.875,3.75,3.75,0.0,0.0,-9.375,0.0,0.0,0.9375,0.0,0.0,0.0,0.0,0.0,0.0,-20.625,0.0
132,4,0.0,0.0,-11.25,0.0,-6.5625,0.0,4.6875,0.0,7.5,0.0,3.75,0.0,15.0,3.75,0.0,3.75,0.0,0.0,-3.75,-7.5,0.0,0.0,0.0,-6.5625,-2.8125,0.0,4.6875,3.75,0.0,0.0,-3.75,3.75,-1.875,0.0,0.0,3.75,0.0,3.75,0.0,0.0,0.0,0.0,0.0,0.0,-6.5625,-7.5,0.0,-3.75,-1.875,0.0,0.0,3.75,0.0,3.75,3.75,0.0,0.0,-10.3125,0.0,0.0,0.9375,0.0,0.0,0.0,0.0,0.0,0.0,-18.75,0.0
132,5,0.0,0.0,-11.25,0.0,-6.5625,0.0,4.6875,0.0,7.5,0.0,3.75,0.0,15.0,3.75,0.0,3.75,0.0,0.0,-3.75,-7.5,0.0,0.0,0.0,-6.5625,-2.8125,0.0,7.5,3.75,0.0,0.0,-3.75,3.75,-1.875,0.0,0.0,3.75,0.0,3.75,0.0,0.0,0.0,3.75,0.0,0.0,-5.625,-7.5,0.0,-3.75,-1.875,0.0,0.0,3.75,0.0,3.75,3.75,0.0,0.0,-10.3125,0.0,0.0,1.875,0.0,0.0,0.0,0.0,0.0,0.0,-15.0,0.0
133,3,0.0,0.0,-14.0625,0.0,-7.5,0.0,3.75,0.0,4.6875,0.0,0.0,0.0,15.0,3.75,0.0,0.9375,0.0,0.0,0.0,-7.5,0.0,0.0,0.0,-7.5,-3.75,0.0,7.5,0.0,0.0,0.0,-5.625,3.75,-3.75,0.0,0.0,3.75,0.0,0.9375,0.0,0.0,0.9375,11.25,0.0,0.0,-6.5625,-11.25,0.0,-6.5625,-1.875,0.0,0.0,1.875,-2.8125,3.75,3.75,0.0,0.0,-10.3125,0.0,0.0,0.9375,0.0,0.0,0.0,0.0,0.0,-3.75,18.75,0.0
133,4,0.0,0.0,-15.0,0.0,-7.5,0.0,3.75,0.0,4.6875,0.0,1.875,0.0,13.125,3.75,0.0,3.75,0.0,0.0,0.0,0.0,0.0,0.0,0.0,-6.5625,-3.75,0.0,7.5,1.875,0.0,0.0,-5.625,3.75,-3.75,0.0,0.0,3.75,0.0,0.9375,0.0,0.0,3.75,8.4375,0.0,0.0,-3.75,-11.25,0.0,-6.5625,-3.75,0.0,0.0,3.75,-2.8125,3.75,3.75,0.0,0.0,-11.25,0.0,0.0,0.9375,0.0,0.0,0.0,0.0,0.0,-3.75,18.75,0.0
133,5,0.0,0.0,-14.0625,0.0,-7.5,0.0,3.75,0.0,4.6875,0.0,1.875,0.0,15.0,3.75,0.0,3.75,0.0,0.0,0.0,0.0,0.0,0.0,0.0,-6.5625,-3.75,0.0,7.5,0.9375,0.0,0.0,-5.625,3.75,-3.75,0.0,0.0,3.75,0.0,0.9375,0.0,0.0,3.75,7.5,0.0,0.0,-3.75,-11.25,0.0,-6.5625,-3.75,0.0,0.0,3.75,-2.8125,3.75,3.75,0.0,0.0,-11.25,0.0,0.0,0.9375,0.0,0.0,0.0,0.0,0.0,-3.75,15.0,0.0
134,3,0.0,0.0,-15.0,0.0,-9.375,0.0,3.75,0.0,3.75,0.0,0.0,0.0,12.1875,3.75,0.0,0.9375,0.0,0.0,3.75,-3.75,0.0,0.0,0.0,-7.5,-7.5,0.0,7.5,0.0,0.0,0.0,-6.5625,3.75,-4.6875,0.0,0.0,0.9375,0.0,0.0,0.0,0.0,3.75,11.25,0.0,0.0,-3.75,-14.0625,0.0,-7.5,-1.875,0.0,0.0,0.9375,-2.8125,0.9375,3.75,0.0,0.0,-10.3125,0.0,0.0,0.0,0.0,-2.8125,0.0,0.0,0.0,-5.625,16.875,0.0
134,4,0.0,0.0,-15.0,0.0,-9.375,0.0,3.75,0.0,3.75,0.0,0.0,0.0,11.25,3.75,0.0,3.75,0.0,0.0,0.0,3.75,0.0,0.0,0.0,-6.5625,-7.5,0.0,7.5,0.0,0.0,-1.875,-7.5,3.75,-3.75,0.0,0.0,0.9375,0.0,0.0,0.0,0.0,3.75,11.25,0.0,0.0,0.0,-11.25,0.0,-7.5,-3.75,0.0,0.0,0.0,-1.875,3.75,0.9375,0.0,0.0,-11.25,0.0,0.0,0.0,0.0,-2.8125,0.0,0.0,-1.875,-6.5625,16.875,0.0
134,5,0.0,0.0,-15.0,0.0,-9.375,0.0,3.75,0.0,3.75,0.0,0.0,0.0,11.25,3.75,0.0,3.75,0.0,0.0,0.0,3.75,0.0,0.0,0.0,-7.5,-7.5,0.0,7.5,0.0,0.0,-1.875,-7.5,3.75,-4.6875,0.0,0.0,0.9375,0.0,0.0,0.0,0.0,3.75,11.25,0.0,0.0,0.0,-11.25,0.0,-7.5,-3.75,0.0,0.0,0.9375,-1.875,3.75,0.9375,0.0,0.0,-10.3125,0.0,0.0,0.0,0.0,-2.8125,0.0,0.0,-1.875,-6.5625,15.9375,0.0
135,3,0.0,0.0,-17.8125,0.0,-11.25,0.0,0.9375,0.0,1.875,0.0,0.0,0.0,10.3125,3.75,0.0,0.9375,0.0,0.0,3.75,3.75,0.0,0.0,0.0,-7.5,-8.4375,0.0,7.5,0.0,0.0,-1.875,-7.5,3.75,-7.5,0.0,0.0,0.0,0.0,0.0,0.0,0.0,3.75,10.3125,0.0,-1.875,-1.875,-15.0,0.0,-11.25,0.0,0.0,0.0,0.0,-3.75,0.0,3.75,0.0,0.0,-7.5,0.0,0.0,0.0,0.0,-3.75,0.0,-2.8125,-1.875,-7.5,15.0,0.0
135,4,0.0,0.0,-17.8125,0.0,-11.25,0.0,0.9375,0.0,1.875,0.0,0.0,0.0,8.4375,3.75,0.0,3.75,0.0,0.0,3.75,5.625,0.0,0.0,0.0,-3.75,-7.5,0.0,3.75,0.0,0.0,-3.75,-7.5,3.75,-7.5,0.0,0.0,0.0,0.0,0.0,0.0,0.0,3.75,8.4375,0.0,-1.875,0.9375,-11.25,0.0,-11.25,0.0,0.0,0.0,0.0,-3.75,0.9375,0.9375,0.0,0.0,-7.5,0.0,0.0,0.0,0.0,-3.75,0.0,-3.75,-3.75,-7.5,15.0,0.0
135,5,0.0,0.0,-16.875,0.0,-10.3125,0.0,0.9375,0.0,1.875,0.0,0.0,0.0,8.4375,3.75,0.0,3.75,0.0,0.0,3.75,4.6875,0.0,0.0,0.0,-3.75,-7.5,0.0,4.6875,0.0,0.0,-3.75,-7.5,3.75,-7.5,0.0,0.0,0.0,0.0,0.0,0.0,0.0,3.75,8.4375,0.0,-1.875,0.9375,-11.25,0.0,-11.25,0.0,0.0,0.0,0.0,-3.75,0.9375,0.9375,0.0,0.0,-3.75,0.0,0.0,0.0,0.0,-3.75,0.0,-3.75,-3.75,-7.5,15.0,0.0
136,3,0.0,0.0,-18.75,0.0,-11.25,0.0,0.0,0.0,0.0,0.0,0.0,0.0,7.5,1.875,0.0,0.0,0.0,0.0,5.625,3.75,0.0,3.75,0.0,-3.75,-11.25,0.0,3.75,0.0,0.0,-3.75,-7.5,0.9375,-9.375,0.0,0.0,0.0,-1.875,0.0,0.0,0.0,1.875,7.5,0.0,-2.8125,0.9375,18.75,0.0,-11.25,0.0,0.0,0.0,0.0,-1.875,0.0,3.75,0.0,0.0,0.0,0.0,0.0,0.0,0.0,-6.5625,0.0,-3.75,-1.875,-9.375,13.125,0.0
136,4,0.0,0.0,-18.75,0.0,-11.25,0.0,0.0,0.0,0.0,0.0,0.0,0.0,7.5,3.75,0.0,0.0,0.0,0.0,3.75,4.6875,0.0,0.0,0.0,-3.75,-7.5,0.0,3.75,0.0,0.0,-6.5625,-7.5,0.9375,-9.375,0.0,0.0,0.0,-1.875,0.0,0.0,0.0,3.75,7.5,0.0,-3.75,3.75,-11.25,0.0,-11.25,0.0,0.0,0.0,0.0,-1.875,0.0,0.9375,0.0,0.0,7.5,0.0,0.0,0.0,0.0,-6.5625,0.0,-3.75,-3.75,-9.375,13.125,0.0
136,5,0.0,0.0,-18.75,0.0,-11.25,0.0,0.0,0.0,0.0,0.0,0.0,0.0,7.5,3.75,0.0,0.0,0.0,0.0,3.75,5.625,0.0,0.0,0.0,-3.75,-7.5,0.0,3.75,0.0,0.0,-5.625,-7.5,1.875,-9.375,0.0,0.0,0.0,-1.875,0.0,0.0,0.0,3.75,7.5,0.0,-3.75,3.75,-11.25,0.0,-11.25,0.0,0.0,0.0,0.0,-1.875,0.0,0.9375,0.0,0.0,3.75,0.0,0.0,0.0,0.0,-6.5625,0.0,-3.75,-3.75,-9.375,13.125,0.0
137,3,0.0,0.0,-20.625,0.0,-11.25,0.0,0.0,0.0,0.0,0.0,-1.875,0.0,4.6875,0.0,0.0,0.0,0.0,0.0,7.5,3.75,0.0,3.75,0.0,-3.75,-14.0625,0.0,1.875,0.0,0.0,-7.5,-9.375,0.0,-11.25,0.0,0.0,0.0,-3.75,0.0,-1.875,0.0,0.9375,4.6875,0.0,-3.75,0.9375,17.8125,0.0,-13.125,0.0,0.0,0.0,-1.875,0.0,0.0,0.0,0.0,0.0,3.75,0.0,0.0,0.0,0.0,-7.5,0.0,-3.75,-3.75,-11.25,11.25,0.0
137,4,0.0,0.0,-18.75,0.0,-7.5,0.0,0.0,0.0,0.0,0.0,-1.875,0.0,3.75,0.0,0.0,0.0,0.0,0.0,4.6875,4.6875,0.0,0.0,0.0,-3.75,-9.375,0.0,0.9375,0.0,0.0,-7.5,-10.3125,0.0,-11.25,0.0,0.0,0.0,-3.75,0.0,-1.875,0.0,0.9375,3.75,0.0,-3.75,3.75,15.0,0.0,-13.125,3.75,0.0,0.0,-2.8125,0.0,0.0,0.0,0.0,0.0,11.25,0.0,0.0,0.0,0.0,-7.5,-2.8125,-5.625,-6.5625,-11.25,11.25,0.0
137,5,0.0,0.0,-17.8125,0.0,-7.5,0.0,0.0,0.0,0.0,0.0,-1.875,0.0,3.75,0.0,0.0,0.0,0.0,0.0,4.6875,4.6875,0.0,1.875,0.0,-3.75,-11.25,0.0,0.9375,0.0,0.0,-7.5,-10.3125,0.9375,-11.25,0.0,0.0,0.0,-3.75,0.0,-1.875,0.0,0.9375,3.75,0.0,-3.75,3.75,15.0,0.0,-13.125,3.75,0.0,0.0,-2.8125,0.0,0.0,0.0,0.0,0.0,7.5,0.0,0.0,0.0,0.0,-7.5,-2.8125,-5.625,-6.5625,-11.25,11.25,0.0
138,3,0.0,0.0,19.6875,0.0,11.25,0.0,-1.875,0.0,0.0,0.0,0.0,0.0,3.75,0.0,0.0,0.0,-1.875,0.0,4.6875,1.875,0.0,4.6875,0.0,0.0,-15.0,0.0,0.0,0.0,0.0,-10.3125,-10.3125,0.0,-13.125,0.0,0.0,0.0,-6.5625,0.0,-3.75,0.0,0.0,3.75,0.0,-3.75,0.9375,16.875,0.0,-14.0625,0.0,0.0,-3.75,-3.75,0.0,0.0,0.0,0.0,0.0,7.5,0.0,0.9375,0.0,0.0,-11.25,-1.875,-5.625,-3.75,-11.25,8.4375,0.0
138,4,0.0,0.0,18.75,0.0,7.5,0.0,-1.875,0.0,0.0,0.0,0.0,0.0,3.75,0.0,0.0,0.0,-2.8125,0.0,3.75,3.75,0.0,3.75,0.0,-1.875,-7.5,0.0,0.0,0.0,0.0,-10.3125,-11.25,0.0,-13.125,0.0,0.0,0.0,-6.5625,0.0,-3.75,0.0,0.0,1.875,0.0,-3.75,3.75,15.0,0.0,-11.25,3.75,0.0,-3.75,-3.75,0.0,0.0,0.0,0.0,0.0,10.3125,0.0,0.9375,0.0,0.0,-11.25,-3.75,-7.5,-7.5,-13.125,8.4375,0.0
138,5,0.0,0.0,16.875,0.0,7.5,0.0,-2.8125,0.0,0.0,0.0,0.0,0.0,3.75,0.0,0.0,0.0,-2.8125,0.0,4.6875,3.75,0.0,3.75,0.0,-1.875,-7.5,0.0,0.0,0.0,0.0,-10.3125,-11.25,0.0,-13.125,0.0,0.0,0.0,-6.5625,0.0,-3.75,0.0,0.0,1.875,0.0,-3.75,3.75,15.0,0.0,-11.25,3.75,0.0,-3.75,-3.75,0.0,0.0,0.0,0.0,0.0,8.4375,0.0,0.9375,0.0,0.0,-11.25,-3.75,-7.5,-7.5,-13.125,8.4375,0.0
139,3,0.0,0.0,18.75,0.0,11.25,0.0,-3.75,0.0,0.0,0.0,0.0,0.0,1.875,-1.875,0.0,0.0,-1.875,0.0,4.6875,0.0,0.0,7.5,0.0,0.0,-11.25,0.0,0.0,0.0,0.0,-13.125,-11.25,0.0,-15.0,0.0,0.0,0.0,-7.5,0.0,-3.75,0.0,0.0,0.0,0.0,-3.75,0.0,15.0,0.0,-11.25,0.0,0.0,-5.625,-3.75,0.0,0.0,0.0,0.0,0.0,7.5,0.0,0.9375,0.0,0.0,-13.125,-1.875,-7.5,-5.625,-13.125,7.5,0.0
139,4,0.0,0.0,18.75,0.0,11.25,0.0,-3.75,0.0,0.0,0.0,0.0,0.0,1.875,-1.875,0.0,0.0,-3.75,0.0,3.75,0.0,0.0,3.75,0.0,0.0,3.75,0.0,0.0,0.0,0.0,-13.125,-11.25,0.0,-15.0,0.0,0.0,0.0,-7.5,0.0,-3.75,0.0,0.0,0.0,0.0,-3.75,0.9375,15.0,0.0,-7.5,3.75,0.0,-6.5625,-6.5625,0.0,0.0,0.0,0.0,0.0,7.5,0.0,0.0,0.0,0.0,-13.125,-5.625,-8.4375,-8.4375,-13.125,7.5,0.0
139,5,0.0,0.0,18.75,0.0,11.25,0.0,-3.75,0.0,0.0,0.0,0.0,0.0,1.875,-1.875,0.0,0.0,-3.75,0.0,4.6875,0.0,0.0,4.6875,0.0,0.0,0.9375,0.0,0.0,0.0,0.0,-11.25,-11.25,0.0,-14.0625,0.0,0.0,0.0,-7.5,0.0,-3.75,0.0,0.0,0.0,0.0,-3.75,0.9375,15.0,0.0,-7.5,3.75,0.0,-6.5625,-6.5625,0.0,0.0,0.0,0.0,0.0,7.5,0.0,0.9375,0.0,0.0,-12.1875,-5.625,-9.375,-9.375,-15.0,7.5,0.0
140,3,0.0,0.0,16.875,0.0,11.25,0.0,-3.75,0.0,0.0,0.0,0.0,0.0,0.0,-3.75,0.0,-1.875,-3.75,0.0,3.75,0.0,0.0,4.6875,0.0,1.875,11.25,0.0,0.0,0.0,0.0,-15.0,-11.25,0.0,-15.0,0.0,0.0,0.0,-11.25,0.0,-7.5,0.0,0.0,0.0,0.0,-3.75,0.0,13.125,0.0,-7.5,0.9375,0.0,-7.5,-3.75,0.0,0.0,0.0,0.0,0.0,4.6875,0.0,0.0,0.0,0.0,-15.0,-3.75,-8.4375,-7.5,-14.0625,3.75,0.0
140,4,0.0,0.0,16.875,0.0,11.25,0.0,-3.75,0.0,0.0,0.0,0.0,0.0,0.0,-3.75,0.0,0.0,-3.75,0.0,3.75,0.0,0.0,3.75,0.0,0.0,7.5,0.0,0.0,0.0,0.0,-15.0,-11.25,0.0,-15.0,0.0,0.0,0.0,-11.25,0.0,-7.5,0.0,0.0,0.0,0.0,-1.875,0.0,11.25,0.0,7.5,3.75,0.0,-7.5,-7.5,0.0,0.0,0.0,0.0,0.0,7.5,0.0,0.0,0.0,0.0,-15.0,-7.5,-11.25,-11.25,-15.0,3.75,0.0
140,5,0.0,0.0,15.9375,0.0,8.4375,0.0,-3.75,0.0,0.0,0.0,0.0,0.0,0.0,-3.75,0.0,0.0,-3.75,0.0,3.75,0.0,0.0,4.6875,0.0,0.0,7.5,0.0,0.0,0.0,0.0,-15.0,-11.25,0.0,-15.0,0.0,0.0,0.0,-11.25,0.0,-7.5,0.0,0.0,0.0,0.0,-1.875,0.0,12.1875,0.0,7.5,3.75,0.0,-7.5,-7.5,0.0,0.0,0.0,0.0,0.0,7.5,0.0,0.0,0.0,0.0,-15.0,-7.5,-11.25,-11.25,-15.0,3.75,0.0
141,3,0.0,0.0,15.0,0.0,8.4375,0.0,-4.6875,0.0,0.0,0.0,0.0,0.0,0.0,-3.75,0.0,-3.75,-3.75,0.0,3.75,-3.75,0.0,3.75,0.0,3.75,11.25,0.0,0.0,0.0,0.0,-16.875,-10.3125,0.0,-15.0,0.0,0.0,0.0,-11.25,0.0,-9.375,0.0,0.0,1.875,0.0,-3.75,0.0,11.25,0.0,0.0,3.75,0.0,-11.25,-6.5625,0.0,0.0,0.0,0.0,0.0,3.75,0.0,0.0,0.0,0.0,-16.875,-3.75,-9.375,-7.5,-14.0625,3.75,0.0
141,4,0.0,0.0,15.0,0.0,7.5,0.0,-3.75,0.0,0.0,0.0,0.0,0.0,0.0,-3.75,0.0,-1.875,-6.5625,0.0,3.75,-1.875,0.0,3.75,0.0,1.875,7.5,0.0,0.0,0.0,0.0,-16.875,-11.25,0.0,-15.0,0.0,0.0,0.0,-11.25,0.0,-8.4375,0.0,0.0,0.0,0.0,0.0,0.0,11.25,0.0,8.4375,3.75,0.0,-11.25,-10.3125,-1.875,0.0,0.0,0.0,0.0,3.75,0.0,0.0,0.0,0.0,-16.875,-8.4375,-11.25,-11.25,-15.0,3.75,0.0
141,5,0.0,0.0,15.0,0.0,8.4375,0.0,-3.75,0.0,0.0,0.0,0.0,0.0,0.0,-3.75,0.0,-1.875,-6.5625,0.0,3.75,-1.875,0.0,3.75,0.0,1.875,7.5,0.0,0.0,0.0,0.0,-15.0,-11.25,0.0,-15.0,0.0,0.0,0.0,-11.25,0.0,-9.375,0.0,0.0,0.0,0.0,0.0,0.0,11.25,0.0,8.4375,3.75,0.0,-11.25,-10.3125,-1.875,0.0,0.0,0.0,0.0,4.6875,0.0,0.0,0.0,0.0,-16.875,-8.4375,-11.25,-11.25,-15.0,3.75,0.0
142,3,0.0,0.0,13.125,0.0,7.5,0.0,-5.625,0.0,0.0,0.0,3.75,0.0,-1.875,-3.75,0.0,-3.75,-3.75,0.0,0.9375,-3.75,0.0,3.75,0.0,3.75,11.25,0.0,0.9375,0.0,0.0,-18.75,-7.5,0.0,-15.0,0.0,0.0,0.0,-14.0625,0.0,-11.25,0.0,-1.875,3.75,0.0,-1.875,0.0,8.4375,0.0,3.75,3.75,0.0,-13.125,-7.5,0.0,0.0,0.0,0.0,0.0,2.8125,0.0,0.0,0.0,0.0,-18.75,-3.75,-9.375,-7.5,-13.125,0.9375,0.0
142,4,0.0,0.0,14.0625,0.0,7.5,0.0,-3.75,0.0,0.0,0.0,3.75,0.0,-1.875,-3.75,0.0,-1.875,-7.5,0.0,0.9375,-3.75,0.0,3.75,0.0,3.75,7.5,0.0,0.9375,0.0,0.0,-18.75,-7.5,0.0,7.5,0.0,0.0,0.0,-11.25,0.0,-11.25,0.0,-1.875,0.0,0.0,0.0,0.0,7.5,0.0,7.5,3.75,0.0,-12.1875,-11.25,-3.75,0.0,0.0,0.0,0.0,3.75,0.0,0.0,0.0,0.0,-18.75,-11.25,-15.0,-14.0625,-15.0,0.9375,0.0
142,5,0.0,0.0,13.125,0.0,7.5,0.0,-3.75,0.0,0.0,0.0,3.75,0.0,-1.875,-3.75,0.0,-1.875,-7.5,0.0,0.9375,-3.75,0.0,3.75,0.0,3.75,7.5,0.0,0.9375,0.0,0.0,-15.9375,-11.25,0.0,11.25,0.0,0.0,0.0,-13.125,0.0,-11.25,0.0,-1.875,0.0,0.0,0.0,0.0,7.5,0.0,8.4375,3.75,0.0,-11.25,-11.25,-3.75,0.0,0.0,0.0,0.0,3.75,0.0,0.0,0.0,0.0,-18.75,-11.25,-15.0,-14.0625,-15.0,1.875,0.0
143,3,0.0,0.0,11.25,0.0,4.6875,0.0,-3.75,0.0,0.0,0.0,3.75,0.0,-3.75,-5.625,0.0,-3.75,0.0,0.0,0.0,-3.75,0.0,1.875,0.0,0.9375,3.75,0.0,0.0,-3.75,0.0,18.75,3.75,0.0,-11.25,0.0,0.0,0.0,-14.0625,0.0,-13.125,0.0,-3.75,3.75,0.0,0.0,0.0,6.5625,0.0,3.75,3.75,0.0,-13.125,-7.5,-1.875,0.0,0.0,0.0,0.9375,0.9375,0.0,0.0,0.0,0.0,-20.625,-3.75,-9.375,-7.5,-11.25,0.0,0.0
143,4,0.0,0.0,11.25,0.0,4.6875,0.0,-3.75,0.0,0.0,0.0,3.75,0.0,-3.75,-3.75,0.0,0.0,-7.5,0.0,0.0,-3.75,0.0,0.9375,0.0,0.0,3.75,0.0,0.0,0.0,0.0,-18.75,-3.75,0.0,11.25,0.0,0.0,0.0,-11.25,0.0,-11.25,0.0,-2.8125,0.0,0.0,0.0,0.0,5.625,0.0,7.5,3.75,0.0,-14.0625,-11.25,-3.75,0.0,0.0,0.0,0.9375,0.9375,0.0,0.0,0.0,0.0,-21.5625,-11.25,-15.0,-15.0,-15.0,0.0,0.0
143,5,0.0,0.0,11.25,0.0,4.6875,0.0,-3.75,0.0,0.0,0.0,3.75,0.0,-3.75,-3.75,0.0,0.0,-7.5,0.0,0.0,-3.75,0.0,0.9375,0.0,0.0,3.75,0.0,0.0,0.0,0.0,-16.875,-7.5,0.0,11.25,0.0,0.0,0.0,-11.25,0.0,-12.1875,0.0,-3.75,0.0,0.0,0.0,0.0,5.625,0.0,7.5,3.75,0.0,-12.1875,-11.25,-3.75,0.0,0.0,0.0,0.9375,0.9375,0.0,0.0,0.0,0.0,-20.625,-13.125,-15.0,-15.0,-15.0,0.0,0.0
144,3,0.0,0.0,9.375,0.0,3.75,0.0,0.0,0.0,0.0,0.0,0.9375,0.0,-3.75,-3.75,0.0,-1.875,5.625,0.0,0.0,-3.75,0.0,0.0,0.0,0.0,3.75,0.0,0.0,-5.625,0.0,18.75,3.75,-1.875,7.5,0.0,0.0,0.0,15.0,0.0,-12.1875,0.0,-3.75,3.75,0.0,0.0,0.0,3.75,0.0,3.75,3.75,0.0,-13.125,-5.625,-1.875,0.0,0.0,0.0,0.0,0.0,0.0,0.0,0.0,0.0,-22.5,-6.5625,-11.25,-7.5,-9.375,0.0,0.0
144,4,0.0,0.0,9.375,0.0,3.75,0.0,0.0,0.0,0.0,0.0,0.9375,0.0,-3.75,-3.75,0.0,0.0,-5.625,0.0,0.0,-3.75,0.0,0.0,-1.875,0.0,3.75,0.0,0.0,-3.75,0.0,15.9375,7.5,-3.75,7.5,0.0,0.0,0.0,-7.5,0.0,-14.0625,0.0,-3.75,0.9375,0.0,0.0,0.0,3.75,0.0,7.5,3.75,0.0,-14.0625,-13.125,-6.5625,0.0,0.0,0.0,0.0,0.0,0.0,0.0,0.0,0.0,-22.5,-14.0625,-16.875,-15.0,-15.0,0.0,0.0
144,5,0.0,0.0,9.375,0.0,3.75,0.0,0.0,0.0,0.0,0.0,0.9375,0.0,-3.75,-3.75,0.0,0.0,-6.5625,0.0,0.0,-3.75,0.0,0.0,-1.875,0.0,3.75,0.0,0.0,-3.75,0.0,15.0,7.5,-3.75,7.5,0.0,0.0,0.0,0.0,0.0,-14.0625,0.0,-3.75,0.9375,0.0,0.0,0.0,3.75,0.0,7.5,3.75,0.0,-13.125,-11.25,-6.5625,0.0,0.0,0.0,0.0,0.0,0.0,0.0,0.0,0.0,-21.5625,-15.0,-16.875,-15.0,-15.0,0.0,0.0
145,3,0.0,0.0,7.5,0.0,0.9375,0.0,3.75,0.0,0.0,0.0,0.0,0.0,-7.5,-1.875,0.0,0.0,10.3125,0.0,0.0,-3.75,0.0,-2.8125,0.0,-1.875,3.75,0.0,0.0,-7.5,0.0,15.9375,3.75,-3.75,3.75,0.0,0.0,0.0,15.0,0.0,-12.1875,0.0,-7.5,3.75,0.0,0.0,-1.875,1.875,0.0,3.75,0.9375,0.0,-13.125,-3.75,-1.875,0.0,0.0,-1.875,0.0,0.0,0.0,0.0,0.0,0.0,-22.5,-3.75,-9.375,-5.625,-7.5,0.0,0.0
145,4,0.0,0.0,7.5,0.0,0.9375,0.0,3.75,0.0,0.0,0.0,0.0,0.0,-6.5625,0.0,0.0,0.0,0.0,0.0,0.0,-3.75,0.0,-3.75,-2.8125,-1.875,3.75,0.0,0.0,-5.625,0.0,16.875,7.5,-3.75,7.5,0.0,0.0,0.0,8.4375,0.0,-14.0625,0.0,-6.5625,3.75,0.0,0.0,-1.875,1.875,0.0,3.75,0.9375,0.0,-1.875,-5.625,-6.5625,0.0,0.0,-1.875,0.0,0.0,0.0,0.0,0.0,0.0,-22.5,-15.0,-17.8125,-15.0,-15.0,0.0,0.0
145,5,0.0,0.0,7.5,0.0,1.875,0.0,3.75,0.0,0.0,0.0,0.0,0.0,-5.625,0.0,0.0,0.0,3.75,0.0,0.0,-3.75,0.0,-2.8125,-2.8125,-1.875,3.75,0.0,0.0,-7.5,0.0,15.9375,7.5,-3.75,7.5,0.0,0.0,0.0,7.5,0.0,-11.25,0.0,-6.5625,3.75,0.0,0.0,-1.875,3.75,0.0,3.75,0.9375,0.0,-1.875,-7.5,-6.5625,0.0,0.0,-1.875,0.0,0.0,0.0,0.0,0.0,0.0,-20.625,-15.0,-16.875,-15.0,-13.125,0.0,0.0
146,3,0.0,0.0,5.625,0.0,0.0,0.0,4.6875,0.0,0.0,0.0,0.0,0.0,-7.5,0.0,0.0,0.0,11.25,0.0,0.0,-3.75,0.0,-4.6875,0.0,-3.75,3.75,0.0,0.0,-11.25,0.0,15.0,3.75,-3.75,3.75,0.0,0.0,0.0,15.0,-1.875,-11.25,0.0,-9.375,3.75,0.0,0.0,-3.75,0.0,0.0,1.875,0.9375,0.0,-11.25,0.0,0.0,0.0,0.0,-1.875,0.0,0.0,0.0,0.0,-1.875,0.0,20.625,13.125,0.0,0.0,0.0,0.0,0.0
146,4,0.0,0.0,4.6875,0.0,0.0,0.0,3.75,0.0,0.0,0.0,0.0,0.0,-3.75,0.0,0.0,0.0,7.5,0.0,0.0,0.0,0.0,-6.5625,-3.75,-3.75,3.75,0.0,0.0,-7.5,0.0,15.0,7.5,-3.75,4.6875,0.0,0.0,-1.875,11.25,-1.875,-11.25,0.0,-7.5,3.75,0.0,-2.8125,-3.75,0.0,0.0,3.75,0.9375,0.0,4.6875,7.5,-5.625,0.0,0.0,-3.75,0.0,0.0,0.0,0.0,-1.875,0.0,18.75,18.75,15.0,13.125,11.25,0.0,0.0
146,5,0.0,0.0,5.625,0.0,0.0,0.0,5.625,0.0,0.0,0.0,0.0,0.0,-6.5625,0.0,0.0,0.0,8.4375,0.0,0.0,0.0,0.0,-6.5625,-3.75,-3.75,3.75,0.0,0.0,-7.5,0.0,15.0,7.5,-3.75,4.6875,0.0,0.0,-1.875,8.4375,-1.875,-11.25,0.0,-7.5,3.75,0.0,-2.8125,-3.75,0.0,0.0,3.75,0.9375,0.0,5.625,7.5,-3.75,0.0,0.0,-3.75,0.0,0.0,0.0,0.0,-1.875,0.0,18.75,0.0,0.0,0.0,0.0,0.0,0.0
147,3,0.0,0.0,3.75,0.0,0.0,0.0,3.75,0.0,0.0,0.0,0.0,0.0,-7.5,0.0,0.0,0.0,11.25,0.0,0.0,0.0,0.0,-7.5,-1.875,-3.75,0.9375,0.0,0.0,-11.25,0.0,12.1875,0.9375,-7.5,0.9375,0.0,0.0,0.0,12.1875,-3.75,-10.3125,0.0,-11.25,3.75,0.0,-0.9375,-3.75,0.0,0.0,0.9375,0.9375,0.0,-5.625,4.6875,3.75,0.0,0.0,-1.875,0.0,0.0,0.0,0.0,-2.8125,0.0,18.75,15.0,3.75,3.75,3.75,0.0,0.0
147,4,0.0,0.0,3.75,0.0,0.0,0.0,3.75,0.0,0.0,0.0,0.0,0.0,-3.75,0.0,0.0,0.0,11.25,0.0,0.0,0.0,0.0,-7.5,-3.75,-3.75,0.9375,0.0,0.0,-7.5,0.0,12.1875,3.75,-7.5,3.75,0.0,0.0,-3.75,11.25,-3.75,0.0,0.0,-11.25,3.75,0.0,-3.75,-3.75,0.0,0.0,1.875,0.9375,0.0,7.5,11.25,-3.75,0.0,0.0,-3.75,0.0,0.0,0.0,0.0,-3.75,0.0,18.75,19.6875,15.0,15.0,13.125,0.0,0.0
147,5,0.0,0.0,3.75,0.0,0.0,0.0,3.75,0.0,0.0,0.0,0.0,0.0,-3.75,0.0,0.0,0.0,11.25,0.0,0.0,0.0,0.0,-7.5,-3.75,-6.5625,0.9375,0.0,0.0,-9.375,0.0,12.1875,3.75,-7.5,3.75,0.0,0.0,-3.75,11.25,-3.75,0.0,0.0,-11.25,3.75,0.0,-3.75,-3.75,0.0,0.0,1.875,0.9375,0.0,7.5,11.25,0.0,0.0,0.0,-3.75,0.0,0.0,0.0,0.0,-3.75,0.0,18.75,18.75,18.75,15.0,15.0,0.0,0.0
148,3,0.0,0.0,2.8125,0.0,0.0,0.0,3.75,0.0,0.0,0.0,0.0,0.0,11.25,0.0,0.0,0.0,11.25,0.0,0.0,3.75,0.0,-9.375,-3.75,-7.5,0.9375,0.0,-1.875,-11.25,0.0,11.25,0.0,-7.5,0.0,0.0,0.0,-1.875,11.25,-3.75,-3.75,0.0,-13.125,0.9375,0.0,-1.875,-3.75,0.0,0.0,0.0,0.0,0.0,-1.875,7.5,8.4375,0.0,0.0,-1.875,0.0,0.0,0.0,0.0,-3.75,0.0,15.9375,15.0,4.6875,5.625,7.5,0.0,0.0
148,4,0.0,0.0,3.75,0.0,0.0,0.0,3.75,0.0,0.0,0.0,0.0,0.0,0.0,0.0,0.0,0.0,10.3125,0.0,0.0,0.9375,0.0,-10.3125,-7.5,-7.5,0.0,0.0,0.0,-3.75,0.0,8.4375,0.9375,-3.75,3.75,0.0,0.0,-3.75,9.375,-5.625,7.5,0.0,-11.25,0.9375,0.0,-5.625,-3.75,0.0,0.0,0.0,0.0,0.0,5.625,11.25,3.75,0.0,0.0,-3.75,0.0,0.0,0.0,0.0,-3.75,0.0,15.9375,19.6875,15.9375,15.0,13.125,0.0,0.0
148,5,0.0,0.0,3.75,0.0,0.0,0.0,3.75,0.0,0.0,0.0,0.0,0.0,0.0,0.0,0.0,0.0,11.25,0.0,0.0,0.9375,0.0,-10.3125,-7.5,-7.5,0.0,0.0,0.0,-6.5625,0.0,9.375,0.9375,-3.75,3.75,0.0,0.0,-3.75,11.25,-7.5,7.5,0.0,-11.25,0.9375,0.0,-5.625,-3.75,0.0,0.0,0.0,0.0,0.0,5.625,11.25,7.5,0.0,0.0,-3.75,0.0,0.0,0.0,0.0,-3.75,0.0,15.9375,18.75,17.8125,15.0,13.125,0.0,0.0
149,3,0.0,0.0,0.9375,0.0,-1.875,0.0,3.75,0.0,0.0,-1.875,0.0,0.0,11.25,0.0,0.0,0.0,8.4375,0.0,0.0,0.9375,0.0,-11.25,-3.75,-6.5625,0.0,0.0,0.0,11.25,0.0,7.5,0.0,15.0,0.0,0.0,0.0,-1.875,11.25,-5.625,0.0,0.0,-15.0,3.75,0.0,-1.875,-3.75,0.0,0.0,0.0,0.0,0.0,0.0,7.5,11.25,0.0,0.0,-2.8125,0.0,0.0,0.0,0.0,-3.75,0.0,15.0,15.0,5.625,7.5,7.5,0.0,0.0
149,4,0.0,0.0,0.9375,0.0,-1.875,0.0,3.75,0.0,0.0,-1.875,0.0,0.0,3.75,0.0,0.0,0.0,7.5,0.0,0.0,1.875,0.0,-11.25,-7.5,-6.5625,0.0,0.0,0.0,3.75,0.0,5.625,0.0,3.75,0.9375,0.0,0.0,-3.75,7.5,-7.5,7.5,0.0,-13.125,0.9375,0.0,-7.5,-3.75,0.0,0.0,0.0,0.0,0.0,3.75,11.25,11.25,0.0,0.0,-3.75,0.0,0.0,0.0,0.0,-3.75,0.0,15.0,19.6875,15.0,15.0,11.25,0.0,0.0
149,5,0.0,0.0,0.9375,0.0,-1.875,0.0,3.75,0.0,0.0,-1.875,0.0,0.0,3.75,0.0,0.0,0.0,8.4375,0.0,0.0,1.875,0.0,-11.25,-7.5,-3.75,0.0,0.0,0.0,3.75,0.0,7.5,0.0,7.5,0.9375,0.0,0.0,-3.75,8.4375,-7.5,7.5,0.0,-13.125,3.75,0.0,-7.5,-3.75,0.0,0.0,0.0,0.0,0.0,3.75,11.25,11.25,0.0,0.0,-3.75,0.0,0.0,0.0,0.0,-3.75,0.0,15.0,18.75,15.9375,15.0,11.25,0.0,0.0
150,3,0.0,0.0,0.0,0.0,-3.75,0.0,0.9375,0.0,0.0,-3.75,0.0,0.0,11.25,-1.875,0.0,-0.9375,7.5,0.0,0.0,0.9375,0.0,-11.25,-3.75,3.75,0.0,0.0,0.0,11.25,0.0,3.75,0.0,15.0,0.0,0.0,0.0,-1.875,7.5,-3.75,0.0,0.0,-15.0,3.75,0.0,-1.875,-3.75,0.0,0.0,0.0,0.9375,0.0,0.0,7.5,13.125,0.0,0.0,-1.875,0.0,0.0,0.0,0.0,-5.625,0.0,12.1875,15.0,7.5,7.5,7.5,0.0,0.0
150,4,0.0,0.0,0.0,0.0,-3.75,0.0,0.9375,0.0,0.0,-3.75,0.0,0.0,3.75,0.0,0.0,-0.9375,7.5,0.0,0.0,1.875,0.0,-13.125,-7.5,0.0,0.0,0.0,0.0,7.5,0.0,3.75,0.0,11.25,0.0,0.0,0.0,-3.75,4.6875,-5.625,7.5,0.0,-15.0,3.75,0.0,-7.5,-3.75,0.0,0.0,0.0,0.0,0.0,3.75,8.4375,11.25,0.0,0.0,-3.75,0.0,0.0,0.0,0.0,-6.5625,0.0,13.125,18.75,15.0,13.125,11.25,0.0,0.0
150,5,0.0,0.0,0.0,0.0,-3.75,0.0,0.9375,0.0,0.0,-3.75,0.0,0.0,4.6875,0.0,0.0,-1.875,7.5,0.0,0.0,1.875,0.0,-11.25,-7.5,0.0,0.0,0.0,0.0,8.4375,0.0,3.75,0.0,11.25,0.0,0.0,0.0,-3.75,4.6875,-5.625,4.6875,0.0,-14.0625,3.75,0.0,-7.5,-3.75,0.0,0.0,0.0,0.9375,0.0,3.75,7.5,11.25,0.0,0.0,-3.75,0.0,0.0,0.0,0.0,-7.5,0.0,12.1875,18.75,15.0,15.0,11.25,0.0,0.0
151,3,0.0,0.0,0.0,0.0,-3.75,0.0,0.0,0.0,0.0,-4.6875,0.0,0.0,7.5,-1.875,0.0,-2.8125,3.75,0.0,0.0,0.9375,0.0,-11.25,-3.75,8.4375,0.0,0.0,0.0,11.25,0.0,3.75,0.0,15.0,0.0,0.0,0.0,0.0,3.75,0.0,0.0,0.0,-15.0,1.875,0.0,0.0,-3.75,0.0,0.0,0.0,0.0,0.0,0.0,7.5,13.125,-1.875,0.0,0.0,0.0,0.0,0.0,-1.875,-7.5,0.0,9.375,12.1875,4.6875,5.625,7.5,0.0,0.0
151,4,0.0,0.0,0.0,0.0,-3.75,0.0,0.0,0.0,0.0,-3.75,0.0,0.0,3.75,0.0,0.0,-3.75,3.75,0.0,0.0,0.0,0.0,-9.375,-7.5,5.625,0.0,0.0,0.0,8.4375,0.0,3.75,0.0,13.125,0.0,0.0,0.0,-1.875,3.75,0.0,3.75,0.0,-11.25,0.0,0.0,-7.5,-3.75,0.0,0.0,0.0,0.0,0.0,0.0,7.5,11.25,0.0,0.0,-1.875,0.0,0.0,0.0,-1.875,-7.5,0.0,11.25,16.875,13.125,11.25,9.375,0.0,0.0
151,5,0.0,0.0,0.0,0.0,-3.75,0.0,0.0,0.0,0.0,-4.6875,0.0,0.0,3.75,-1.875,0.0,-3.75,3.75,0.0,0.0,1.875,0.0,-7.5,-7.5,7.5,0.0,0.0,0.0,11.25,0.0,3.75,0.0,12.1875,0.0,0.0,0.0,-1.875,3.75,0.0,3.75,0.0,-9.375,0.9375,0.0,-7.5,-3.75,0.0,0.0,0.0,0.0,0.0,0.0,7.5,11.25,-1.875,0.0,-1.875,0.0,0.0,0.0,-1.875,-7.5,0.0,11.25,16.875,13.125,11.25,9.375,0.0,0.0
152,3,0.0,0.0,0.0,0.0,-6.5625,0.0,0.0,0.0,0.0,-7.5,0.9375,0.0,7.5,-1.875,0.0,-3.75,3.75,0.0,-1.875,0.0,0.0,4.6875,3.75,10.3125,-3.75,0.0,0.0,7.5,0.0,0.0,0.0,13.125,0.0,0.0,0.0,0.9375,0.9375,3.75,0.0,0.0,-15.0,0.0,0.0,3.75,-3.75,0.0,0.0,0.0,0.0,0.0,-1.875,4.6875,13.125,-1.875,0.0,0.0,0.0,0.0,0.0,-3.75,-11.25,0.0,7.5,11.25,4.6875,5.625,4.6875,0.0,0.0
152,4,0.0,0.0,0.0,0.0,-6.5625,0.0,0.0,0.0,0.0,-7.5,0.0,0.0,3.75,0.0,0.0,-3.75,3.75,0.0,-3.75,0.0,0.0,7.5,0.0,7.5,-1.875,0.0,0.0,7.5,0.0,0.9375,0.0,11.25,0.0,0.0,0.0,0.0,0.0,7.5,3.75,0.0,3.75,0.0,0.0,-7.5,0.0,0.0,0.0,0.0,0.0,0.0,0.0,3.75,11.25,0.0,0.0,0.0,0.0,0.0,0.0,-3.75,-7.5,0.0,8.4375,15.0,11.25,9.375,7.5,0.0,0.0
152,5,0.0,0.0,0.0,0.0,-6.5625,0.0,0.0,0.0,0.0,-7.5,0.0,0.0,3.75,0.0,0.0,-3.75,3.75,0.0,-3.75,0.0,0.0,7.5,1.875,7.5,-3.75,0.0,0.0,7.5,0.0,0.9375,0.0,11.25,0.0,0.0,0.0,0.0,0.0,7.5,3.75,0.0,0.0,0.0,0.0,-3.75,0.0,0.0,0.0,0.0,0.0,0.0,0.0,3.75,11.25,-1.875,0.0,0.0,0.0,0.0,0.0,-3.75,-7.5,0.0,7.5,15.0,11.25,9.375,7.5,0.0,0.0
153,3,0.0,0.0,0.0,0.0,-7.5,0.0,0.0,0.0,0.0,-7.5,0.0,0.0,3.75,-3.75,0.0,-5.625,0.9375,0.0,-3.75,0.0,0.0,7.5,3.75,8.4375,-2.8125,0.0,0.0,6.5625,0.0,0.0,0.0,11.25,0.0,0.0,0.0,0.9375,0.0,4.6875,0.0,0.0,-9.375,0.9375,0.0,11.25,0.0,0.0,0.0,0.0,0.0,0.0,0.0,3.75,13.125,-1.875,0.0,0.0,0.0,0.0,0.0,-3.75,-15.0,0.0,4.6875,11.25,3.75,3.75,3.75,0.0,0.0
153,4,0.0,0.0,0.0,0.0,-7.5,0.0,0.0,0.0,0.0,-7.5,0.0,0.0,3.75,-1.875,0.0,-7.5,0.9375,0.0,-3.75,0.0,0.0,8.4375,3.75,7.5,-1.875,0.0,0.0,7.5,0.0,0.0,0.0,11.25,0.0,0.0,0.0,0.0,0.0,7.5,1.875,0.0,7.5,0.9375,0.0,-7.5,0.0,0.0,0.0,0.0,0.0,0.0,0.0,3.75,11.25,-1.875,0.0,0.0,0.0,0.0,0.0,-3.75,-7.5,0.0,5.625,13.125,8.4375,7.5,7.5,0.0,0.0
153,5,0.0,0.0,0.0,0.0,-7.5,0.0,0.0,0.0,0.0,-7.5,0.0,0.0,3.75,-3.75,0.0,-7.5,0.9375,0.0,-3.75,0.0,0.0,8.4375,4.6875,7.5,-2.8125,0.0,0.0,7.5,0.0,0.0,0.0,9.375,0.0,0.0,0.0,1.875,0.0,7.5,1.875,0.0,4.6875,0.9375,0.0,0.0,0.0,0.0,0.0,0.0,0.0,0.0,0.0,3.75,11.25,-1.875,0.0,0.0,0.0,0.0,0.0,-3.75,-7.5,0.0,6.5625,13.125,8.4375,7.5,7.5,0.0,0.0
154,3,0.0,0.0,0.0,0.0,-7.5,0.0,0.0,0.0,0.0,-9.375,0.0,0.0,3.75,-3.75,0.0,-7.5,0.0,0.0,-5.625,0.0,0.0,7.5,3.75,7.5,0.0,0.0,0.0,4.6875,0.0,0.0,0.9375,8.4375,0.0,0.0,0.0,0.9375,0.0,5.625,0.0,0.0,-5.625,0.0,0.0,15.0,0.0,0.0,0.0,0.0,0.0,0.0,0.0,0.0,12.1875,-3.75,0.0,0.0,0.0,0.0,0.0,-3.75,-15.0,0.0,3.75,9.375,3.75,3.75,3.75,0.0,0.0
154,4,0.0,0.0,0.0,0.0,-7.5,0.0,0.0,0.0,0.0,-7.5,0.0,0.0,0.9375,-1.875,0.0,-7.5,0.0,0.0,-7.5,-1.875,0.0,8.4375,7.5,5.625,0.0,0.0,0.0,4.6875,0.0,0.0,0.0,7.5,0.0,0.0,0.0,0.0,0.0,7.5,0.9375,0.0,7.5,0.0,0.0,15.0,0.9375,-1.875,0.0,0.0,0.0,0.0,0.0,0.0,11.25,-3.75,0.0,1.875,0.0,0.0,0.0,-3.75,-7.5,0.0,3.75,11.25,7.5,4.6875,3.75,0.0,0.0
154,5,0.0,0.0,0.0,0.0,-7.5,0.0,0.0,0.0,0.0,-7.5,0.0,0.0,0.9375,-1.875,0.0,-7.5,0.0,0.0,-7.5,-1.875,0.0,9.375,7.5,5.625,0.0,0.0,0.0,4.6875,0.0,0.0,1.875,7.5,0.0,0.0,0.0,0.0,0.0,7.5,0.9375,0.0,7.5,0.0,0.0,11.25,0.9375,-1.875,0.0,0.0,0.0,0.0,0.0,0.0,11.25,-3.75,0.0,1.875,0.0,0.0,0.0,-3.75,-7.5,0.0,3.75,11.25,7.5,4.6875,4.6875,0.0,0.0
155,3,0.0,0.0,0.0,0.0,-7.5,0.0,0.0,0.0,0.0,-9.375,0.0,0.0,3.75,-3.75,0.0,-9.375,0.0,0.0,-5.625,-1.875,0.0,5.625,3.75,3.75,0.0,0.0,-1.875,3.75,0.0,0.0,3.75,3.75,0.0,0.0,0.0,-3.75,-1.875,4.6875,0.0,0.0,4.6875,0.0,0.0,18.75,-0.9375,-3.75,0.0,0.0,0.0,0.0,0.0,-1.875,11.25,-3.75,0.0,0.0,0.0,0.0,0.0,-6.5625,-16.875,0.0,1.875,7.5,3.75,2.8125,0.9375,0.0,0.0
155,4,0.0,0.0,0.0,0.0,-7.5,0.0,0.0,0.0,0.0,-7.5,0.0,0.0,0.9375,-3.75,0.0,-11.25,0.0,0.0,-7.5,-3.75,0.0,7.5,7.5,3.75,0.0,0.0,0.0,3.75,0.0,0.0,3.75,3.75,0.0,0.0,0.0,-1.875,-1.875,7.5,0.0,0.0,3.75,0.0,0.0,15.0,0.0,-3.75,0.0,0.0,0.0,0.0,0.0,0.0,8.4375,-3.75,0.0,0.9375,0.0,0.0,0.0,-3.75,-7.5,0.0,3.75,8.4375,3.75,3.75,3.75,0.0,0.0
155,5,0.0,0.0,0.0,0.0,-6.5625,0.0,0.0,0.0,0.0,-7.5,0.0,0.0,0.9375,-3.75,0.0,-9.375,0.0,0.0,-7.5,-3.75,0.0,7.5,7.5,3.75,0.0,0.0,0.0,3.75,0.0,0.0,3.75,3.75,0.0,0.0,0.0,0.0,-1.875,7.5,0.0,0.0,3.75,0.0,0.0,15.0,0.0,-3.75,0.0,0.0,0.0,0.0,0.0,0.0,9.375,-3.75,0.0,0.9375,0.0,0.0,0.0,-3.75,-7.5,0.0,3.75,8.4375,4.6875,3.75,3.75,0.0,0.0
156,3,0.0,0.0,0.0,0.0,0.0,0.0,0.0,0.0,0.0,-7.5,0.0,0.0,3.75,-6.5625,0.0,-11.25,0.0,0.0,-5.625,0.0,0.0,3.75,3.75,3.75,0.0,0.0,-1.875,0.9375,0.0,0.0,1.875,0.0,0.0,0.0,0.0,-7.5,-2.8125,3.75,0.0,0.0,3.75,0.0,0.0,18.75,-3.75,-3.75,0.0,0.0,0.0,0.0,0.0,-1.875,11.25,-3.75,0.0,0.0,-1.875,0.0,0.0,-7.5,-18.75,0.0,0.9375,5.625,0.9375,0.9375,0.9375,0.0,0.0
156,4,0.0,0.0,0.0,0.0,0.0,0.0,0.0,0.0,0.0,0.0,0.0,0.0,0.9375,-3.75,0.0,-9.375,0.0,0.0,-7.5,-3.75,0.0,4.6875,4.6875,0.9375,0.0,0.0,0.0,0.9375,0.0,0.0,3.75,3.75,0.0,0.0,0.0,-3.75,-1.875,7.5,0.0,0.0,3.75,0.0,0.0,15.9375,0.0,-3.75,0.0,0.0,0.0,0.0,0.0,0.0,7.5,-3.75,0.0,0.0,-1.875,0.0,0.0,-3.75,-3.75,0.0,0.9375,7.5,3.75,3.75,3.75,0.0,0.0
156,5,0.0,0.0,0.0,0.0,0.0,0.0,0.0,0.0,0.0,0.0,0.0,0.0,3.75,-3.75,0.0,-11.25,0.0,0.0,-7.5,-3.75,0.0,4.6875,4.6875,0.9375,0.0,0.0,0.0,0.9375,0.0,0.0,3.75,3.75,0.0,0.0,0.0,-3.75,-1.875,7.5,0.0,0.0,3.75,0.0,0.0,15.9375,0.0,-3.75,0.0,0.0,0.0,0.0,0.0,0.0,7.5,-3.75,0.0,0.0,-1.875,0.0,0.0,-3.75,-7.5,0.0,0.9375,7.5,3.75,3.75,3.75,0.0,0.0
157,3,0.0,0.0,0.0,0.0,7.5,0.0,0.0,0.0,-1.875,7.5,0.0,0.0,3.75,-7.5,0.0,-9.375,0.0,0.0,-3.75,0.0,0.0,3.75,0.9375,3.75,0.0,0.0,-1.875,0.0,0.0,0.0,0.9375,0.0,0.0,0.0,0.0,-11.25,-1.875,3.75,0.0,0.0,0.9375,0.0,0.0,18.75,-3.75,-3.75,0.0,0.0,0.0,0.0,0.0,0.0,7.5,-7.5,0.0,0.0,-1.875,0.0,0.0,-7.5,-18.75,0.0,0.0,3.75,0.0,0.0,0.0,0.0,0.0
157,4,0.0,0.0,0.0,0.0,7.5,0.0,0.0,0.0,-1.875,7.5,0.0,0.0,0.9375,-7.5,0.0,-7.5,-1.875,0.0,-3.75,-3.75,0.0,3.75,3.75,0.0,0.0,0.0,0.0,0.0,0.0,0.0,1.875,0.0,0.0,0.0,0.0,-7.5,0.0,3.75,0.0,0.0,0.9375,0.0,0.0,15.9375,-3.75,-3.75,0.0,0.0,0.0,0.0,0.0,0.0,4.6875,-6.5625,0.0,0.0,-3.75,0.0,0.0,-3.75,-7.5,0.0,0.0,4.6875,0.9375,0.9375,0.9375,0.0,0.0
157,5,0.0,0.0,0.0,0.0,4.6875,0.0,0.0,0.0,-1.875,7.5,0.0,0.0,3.75,-7.5,0.0,-5.625,-1.875,0.0,-3.75,-3.75,0.0,3.75,3.75,0.0,0.0,0.0,0.0,0.0,0.0,0.0,0.9375,0.0,0.0,0.0,0.0,-7.5,0.0,3.75,0.0,0.0,0.9375,0.0,0.0,15.9375,-3.75,-3.75,0.0,0.0,0.0,0.0,0.0,0.0,4.6875,-6.5625,0.0,0.0,-3.75,0.0,0.0,-6.5625,-5.625,0.0,0.0,4.6875,1.875,0.9375,0.9375,0.0,0.0
158,3,0.0,0.0,0.0,0.0,7.5,0.0,0.0,0.0,-2.8125,8.4375,0.0,0.0,0.9375,-9.375,0.0,9.375,0.0,0.0,3.75,-3.75,0.0,0.9375,0.9375,0.0,0.0,0.0,-3.75,0.0,0.0,0.0,0.0,-3.75,0.0,0.0,0.0,-12.1875,0.0,0.0,0.0,0.0,0.0,0.0,0.0,18.75,-7.5,0.0,0.0,0.0,0.0,0.0,0.0,0.0,3.75,-9.375,0.0,0.0,0.0,0.0,0.0,-10.3125,-18.75,0.0,0.0,3.75,0.0,0.0,0.0,0.0,0.0
158,4,0.0,0.0,0.0,0.0,7.5,0.0,0.0,0.0,-3.75,7.5,0.0,0.0,1.875,-7.5,0.0,7.5,-3.75,0.0,3.75,-3.75,0.0,0.9375,3.75,0.0,0.0,0.0,0.0,0.0,0.0,0.0,0.0,0.0,0.0,0.0,0.0,-10.3125,0.0,0.9375,0.0,0.0,0.0,0.0,0.0,15.0,-7.5,-3.75,0.0,0.0,0.0,0.0,0.0,0.0,3.75,-7.5,0.0,0.0,-2.8125,0.0,0.0,-3.75,-7.5,0.0,0.0,3.75,0.0,0.0,0.0,0.0,0.0
158,5,0.0,0.0,0.0,0.0,7.5,0.0,0.0,0.0,-3.75,7.5,0.0,0.0,0.9375,-7.5,0.0,3.75,-3.75,0.0,3.75,-3.75,0.0,0.9375,3.75,0.0,0.0,0.0,-1.875,0.0,0.0,0.0,0.0,0.0,0.0,0.0,0.0,-7.5,0.0,0.9375,0.0,0.0,0.0,0.0,0.0,15.0,-7.5,-3.75,0.0,0.0,0.0,0.0,0.0,0.0,3.75,-7.5,0.0,0.0,-2.8125,0.0,0.0,-6.5625,-3.75,0.0,0.0,3.75,0.0,0.0,0.0,0.0,0.0
159,3,0.0,0.0,-1.875,0.0,7.5,0.0,0.0,0.0,-3.75,7.5,-1.875,0.0,0.0,-11.25,0.0,9.375,0.0,0.0,4.6875,0.0,0.0,0.0,0.9375,0.0,0.0,0.0,-3.75,0.0,0.0,-0.9375,0.0,-3.75,0.0,0.0,0.0,-15.0,0.0,0.0,0.0,0.0,0.0,0.0,0.0,16.875,-10.3125,0.0,0.0,0.0,0.0,0.0,0.0,0.0,0.0,-11.25,0.0,0.0,0.0,0.0,0.0,-7.5,-18.75,0.0,0.0,0.9375,0.0,0.0,0.0,0.0,0.0
159,4,0.0,0.0,-2.8125,0.0,7.5,0.0,0.0,0.0,-3.75,7.5,-2.8125,0.0,0.0,-9.375,0.0,11.25,-3.75,0.0,7.5,0.0,0.0,0.0,3.75,-3.75,0.0,0.0,0.0,0.0,0.0,0.0,0.0,-1.875,0.0,0.0,0.0,-11.25,0.0,0.0,0.0,0.0,0.0,0.0,0.0,15.0,-10.3125,-3.75,0.0,-1.875,-1.875,0.0,0.0,0.0,3.75,-11.25,0.0,0.0,0.0,0.0,0.0,-3.75,-7.5,0.0,0.0,0.9375,0.0,0.0,0.0,0.0,0.0
159,5,0.0,0.0,-2.8125,0.0,7.5,0.0,0.0,0.0,-3.75,7.5,-2.8125,0.0,0.0,-10.3125,0.0,8.4375,-3.75,0.0,7.5,0.0,0.0,0.0,3.75,-3.75,0.0,0.0,0.0,0.0,0.0,-1.875,0.0,-1.875,0.0,0.0,0.0,-11.25,0.0,0.0,0.0,0.0,0.0,0.0,0.0,15.0,-9.375,-3.75,0.0,-1.875,-1.875,0.0,0.0,0.0,3.75,-11.25,0.0,0.0,0.0,0.0,0.0,-3.75,-7.5,0.0,0.0,1.875,0.0,0.0,0.0,0.0,0.0
160,3,0.0,0.0,-3.75,0.0,4.6875,0.0,0.0,0.0,-3.75,7.5,-3.75,0.0,0.0,-11.25,0.0,9.375,0.0,0.0,4.6875,5.625,0.0,0.0,0.0,0.0,0.0,0.0,-1.875,0.0,0.0,-1.875,0.0,-3.75,0.0,0.0,0.0,-15.0,0.0,-3.75,0.0,0.0,0.0,0.0,0.0,15.0,-11.25,7.5,0.0,0.0,-3.75,0.0,0.0,0.0,0.0,-14.0625,0.9375,0.0,-1.875,0.0,0.0,-11.25,-18.75,0.0,0.0,0.0,0.0,0.0,0.0,0.0,0.0
160,4,0.0,0.0,-3.75,0.0,3.75,0.0,0.0,0.0,-3.75,7.5,-3.75,0.0,0.0,-7.5,0.0,11.25,-3.75,0.0,7.5,3.75,0.0,0.0,0.9375,0.0,0.0,0.0,0.0,0.0,0.0,-1.875,0.0,0.0,0.0,0.0,0.0,-11.25,0.0,0.0,0.0,0.0,0.0,0.0,0.0,13.125,-11.25,0.0,0.0,-3.75,-3.75,0.0,0.0,0.0,0.9375,-13.125,1.875,0.0,-3.75,0.0,0.0,-1.875,-7.5,0.0,0.0,0.0,0.0,0.0,0.0,0.0,0.0
160,5,0.0,0.0,-3.75,0.0,3.75,0.0,0.0,0.0,-3.75,7.5,-3.75,0.0,0.0,-10.3125,0.0,11.25,-3.75,0.0,7.5,3.75,0.0,0.0,0.9375,0.0,0.0,0.0,0.0,0.0,0.0,-1.875,0.0,0.0,0.0,0.0,0.0,-9.375,0.0,0.0,0.0,0.0,0.0,0.0,0.0,15.0,-11.25,0.0,0.0,-3.75,-3.75,0.0,0.0,0.0,0.9375,-11.25,0.9375,0.0,-3.75,0.0,0.0,-1.875,-7.5,0.0,0.0,0.9375,0.0,0.0,0.0,0.0,0.0
161,3,0.0,0.0,-5.625,0.0,3.75,0.0,0.0,0.0,-6.5625,3.75,-6.5625,0.0,0.0,-11.25,0.0,7.5,0.0,0.0,3.75,7.5,0.0,0.9375,0.0,3.75,0.0,0.0,-3.75,0.0,0.0,-1.875,0.0,-3.75,0.0,0.0,0.0,15.0,0.0,-3.75,0.0,0.0,0.0,0.0,0.0,13.125,-14.0625,7.5,0.0,0.0,-3.75,0.0,0.0,0.0,0.0,-15.0,3.75,0.0,-3.75,0.0,0.0,-7.5,-18.75,0.0,0.0,0.0,0.0,0.0,0.0,0.0,0.0
161,4,0.0,0.0,-6.5625,0.0,3.75,0.0,0.0,0.0,-5.625,3.75,-6.5625,0.0,0.0,-7.5,0.0,8.4375,-3.75,0.0,7.5,3.75,0.0,0.0,0.0,0.0,0.0,0.0,0.0,0.0,0.0,-1.875,0.0,0.0,-1.875,0.0,0.0,9.375,0.0,-1.875,0.0,0.0,0.0,0.0,0.0,11.25,-14.0625,3.75,0.0,-3.75,-3.75,0.0,0.0,0.0,3.75,-15.0,0.9375,0.0,-3.75,0.0,0.0,-3.75,-7.5,0.0,0.0,0.0,0.0,0.0,0.0,0.0,0.0
161,5,0.0,0.0,-5.625,0.0,3.75,0.0,0.0,0.0,-6.5625,3.75,-5.625,0.0,0.0,-7.5,0.0,8.4375,-3.75,0.0,7.5,3.75,0.0,0.0,0.0,0.9375,0.0,0.0,0.0,0.0,0.0,-1.875,0.0,0.0,-1.875,0.0,0.0,3.75,0.0,-1.875,0.0,0.0,0.0,0.0,0.0,11.25,-13.125,3.75,0.0,-3.75,-3.75,0.0,0.0,0.0,3.75,-15.0,0.9375,0.0,-3.75,0.0,0.0,-3.75,-3.75,0.0,0.0,0.0,0.0,0.0,0.0,0.0,0.0
162,3,0.0,0.0,-7.5,0.0,0.0,0.0,0.0,0.0,-6.5625,0.9375,-7.5,0.0,-1.875,-7.5,0.0,4.6875,0.0,0.0,3.75,0.0,0.0,3.75,0.0,3.75,0.0,0.0,0.0,3.75,0.0,0.0,0.0,-1.875,-3.75,0.0,0.0,13.125,0.0,-3.75,0.0,0.0,0.0,0.0,0.0,9.375,-15.0,7.5,0.0,0.0,-3.75,0.0,0.0,0.0,0.9375,-15.0,3.75,0.0,-3.75,0.0,0.0,-3.75,-18.75,0.0,0.0,0.0,0.0,0.0,0.0,0.0,0.0
162,4,0.0,0.0,-7.5,0.0,0.0,0.0,0.0,0.0,-3.75,0.9375,-7.5,0.0,-1.875,-3.75,0.0,7.5,-1.875,0.0,3.75,0.0,0.0,3.75,0.0,3.75,0.0,0.0,0.0,0.0,0.0,-1.875,0.0,0.0,-3.75,0.0,0.0,11.25,0.0,0.0,0.0,0.0,0.0,0.0,0.0,9.375,-15.0,3.75,0.0,-5.625,-3.75,0.0,0.0,0.0,3.75,-15.0,3.75,0.0,-3.75,0.0,0.0,-1.875,0.0,0.0,0.0,0.0,0.0,0.0,0.0,0.0,0.0
162,5,0.0,0.0,-7.5,0.0,0.0,0.0,0.0,0.0,-3.75,0.9375,-7.5,0.0,-1.875,-3.75,0.0,7.5,-1.875,0.0,3.75,0.0,0.0,3.75,0.0,3.75,0.0,0.0,0.0,0.0,0.0,-1.875,0.0,0.0,-3.75,0.0,0.0,8.4375,0.0,0.0,0.0,0.0,0.0,0.0,0.0,9.375,-12.1875,4.6875,0.0,-5.625,-3.75,0.0,0.0,0.0,3.75,-15.0,3.75,0.0,-2.8125,0.0,0.0,-3.75,3.75,0.0,0.0,0.0,0.0,0.0,0.0,0.0,0.0
163,3,0.0,0.0,-10.3125,0.0,-1.875,0.0,0.0,0.0,-3.75,0.0,-11.25,0.0,0.0,-3.75,0.0,3.75,2.8125,0.0,0.9375,1.875,0.0,3.75,0.0,3.75,-1.875,0.0,0.0,3.75,0.0,0.0,-1.875,0.0,-3.75,0.0,0.0,11.25,0.0,-1.875,0.0,0.0,0.0,0.0,0.0,7.5,-15.0,3.75,0.0,0.0,-5.625,0.0,0.0,0.0,0.0,-15.0,3.75,0.0,0.0,0.0,0.0,-7.5,15.0,0.0,0.0,0.0,0.0,0.0,0.0,0.0,0.0
163,4,0.0,0.0,-10.3125,0.0,-1.875,0.0,0.0,0.0,-3.75,0.0,-11.25,0.0,0.0,0.0,0.0,3.75,0.0,0.0,3.75,0.0,0.0,3.75,0.0,0.0,0.0,0.0,0.0,1.875,0.0,-1.875,-1.875,0.0,-3.75,0.0,0.0,11.25,0.0,0.0,0.0,0.0,0.0,0.0,0.0,7.5,-15.0,3.75,0.0,-5.625,-7.5,0.0,0.0,0.0,3.75,-15.0,3.75,0.0,0.0,0.0,0.0,-3.75,11.25,0.0,0.0,0.0,0.0,0.0,0.0,0.0,0.0
163,5,0.0,0.0,-10.3125,0.0,-1.875,0.0,0.0,0.0,-3.75,0.0,-11.25,0.0,0.0,0.0,0.0,3.75,0.0,0.0,3.75,0.0,0.0,3.75,0.0,0.0,0.0,0.0,1.875,0.9375,0.0,-1.875,-1.875,0.0,-3.75,0.0,0.0,11.25,0.0,0.0,0.0,0.0,0.0,0.0,0.0,4.6875,-7.5,3.75,0.0,-3.75,-7.5,0.0,0.0,0.0,3.75,-15.0,3.75,0.0,0.0,0.0,0.0,-3.75,7.5,0.0,0.0,0.0,0.0,0.0,0.0,0.0,0.0
164,3,0.0,0.0,-11.25,0.0,-3.75,0.0,-1.875,0.0,0.0,-3.75,-15.0,0.0,0.0,0.0,0.0,2.8125,3.75,0.0,0.9375,0.9375,0.0,3.75,0.0,0.9375,-3.75,0.0,1.875,3.75,0.0,0.0,-1.875,0.0,-6.5625,0.0,0.0,11.25,0.9375,0.0,-0.9375,0.0,0.0,0.9375,0.0,0.0,15.0,3.75,0.0,3.75,-6.5625,0.0,0.0,0.0,0.9375,-14.0625,7.5,0.0,0.0,0.0,0.0,-7.5,14.0625,0.0,0.0,0.0,0.0,0.0,0.0,0.0,0.0
164,4,0.0,0.0,-11.25,0.0,-3.75,0.0,-1.875,0.0,0.0,-3.75,-11.25,0.0,0.0,0.9375,0.0,3.75,3.75,0.0,3.75,0.0,0.0,3.75,0.0,0.0,0.0,0.0,0.9375,0.0,0.0,0.0,-1.875,1.875,-7.5,0.0,0.0,11.25,0.0,0.0,-1.875,0.0,0.0,0.0,0.0,0.0,15.0,3.75,0.0,0.0,-7.5,0.0,0.0,0.0,3.75,-13.125,3.75,-1.875,0.0,0.0,0.0,-3.75,11.25,0.0,0.0,0.0,0.0,0.0,0.0,0.0,0.0
164,5,0.0,0.0,-11.25,0.0,-3.75,0.0,-1.875,0.0,0.0,-3.75,-11.25,0.0,0.0,0.9375,0.0,3.75,3.75,0.0,3.75,1.875,0.0,3.75,0.0,0.0,0.0,0.0,0.9375,1.875,0.0,0.0,-1.875,0.9375,-7.5,0.0,0.0,11.25,0.0,0.0,-1.875,0.0,0.0,0.0,0.0,0.0,11.25,3.75,0.0,0.0,-7.5,0.0,0.0,0.0,3.75,-11.25,3.75,-1.875,0.0,0.0,0.0,-3.75,11.25,0.0,0.0,0.0,0.0,0.0,0.0,0.0,0.0
165,3,0.0,0.0,-13.125,0.0,-3.75,0.0,-3.75,0.0,0.0,-3.75,-17.8125,0.0,0.0,0.9375,0.0,0.9375,3.75,0.0,0.0,-1.875,0.0,3.75,-1.875,0.9375,-3.75,0.0,0.0,0.9375,0.0,3.75,0.0,0.0,-7.5,0.0,0.0,8.4375,0.9375,0.0,-3.75,0.0,0.0,0.9375,0.0,0.0,12.1875,0.0,0.0,5.625,-5.625,0.0,0.0,0.0,3.75,-11.25,3.75,-1.875,-2.8125,0.0,0.0,-7.5,12.1875,0.0,0.0,0.0,0.0,0.0,0.0,0.0,0.0
165,4,0.0,0.0,-13.125,0.0,-3.75,0.0,-3.75,0.0,0.0,-3.75,-15.0,0.0,0.0,0.9375,0.0,0.9375,5.625,0.0,0.9375,-1.875,0.0,3.75,-1.875,0.0,0.0,0.0,0.0,0.0,0.0,0.0,0.0,0.0,-7.5,0.0,0.0,7.5,0.0,0.0,-3.75,0.0,0.0,0.0,0.0,0.0,15.0,0.0,0.0,3.75,-3.75,0.0,0.0,0.0,3.75,3.75,3.75,-3.75,0.0,0.0,0.0,-6.5625,11.25,0.0,0.0,0.0,0.0,0.0,0.0,0.0,0.0
165,5,0.0,0.0,-11.25,0.0,-3.75,0.0,-3.75,0.0,0.0,-3.75,-14.0625,0.0,0.0,3.75,0.0,0.9375,4.6875,0.0,0.9375,-1.875,0.0,3.75,-1.875,0.0,0.0,0.0,0.0,0.0,0.0,0.0,0.0,0.0,-7.5,0.0,0.0,7.5,0.0,0.0,-3.75,0.0,0.0,0.0,0.0,0.0,13.125,0.0,0.0,5.625,-3.75,0.0,0.0,0.0,3.75,0.0,3.75,-3.75,0.0,0.0,0.0,-6.5625,11.25,0.0,0.0,0.0,0.0,0.0,0.0,0.0,0.0
166,3,0.0,0.0,-15.0,0.0,-3.75,0.0,-5.625,0.0,1.875,-6.5625,-18.75,0.0,0.0,1.875,0.0,0.0,3.75,0.0,0.0,-3.75,0.0,0.9375,-3.75,0.0,-3.75,0.0,-1.875,0.0,0.0,0.9375,0.0,0.0,-9.375,0.0,0.0,7.5,0.0,0.0,-3.75,0.0,0.0,-1.875,0.0,0.0,11.25,-2.8125,0.0,3.75,-1.875,0.0,0.0,0.0,3.75,-3.75,3.75,-3.75,0.0,0.0,0.0,-7.5,11.25,0.0,0.0,0.0,0.0,0.0,0.0,0.0,0.0
166,4,0.0,0.0,-14.0625,0.0,-3.75,0.0,-3.75,0.0,0.0,-6.5625,-15.0,0.0,0.0,0.0,0.0,0.0,4.6875,0.0,0.0,-3.75,0.0,0.9375,-3.75,-1.875,0.0,0.0,0.0,0.0,0.0,0.0,0.0,0.0,-10.3125,0.0,0.0,3.75,0.0,0.0,-3.75,0.0,0.0,0.0,0.0,0.0,13.125,-1.875,0.0,7.5,0.0,0.0,0.0,0.0,3.75,8.4375,3.75,-6.5625,-1.875,0.0,0.0,-3.75,11.25,0.0,0.0,0.0,0.0,0.0,0.0,0.0,0.0
166,5,0.0,0.0,-14.0625,0.0,-3.75,0.0,-3.75,0.0,0.0,-6.5625,-15.0,0.0,0.0,0.0,0.0,0.0,4.6875,0.0,0.0,-3.75,0.0,0.9375,-3.75,-1.875,0.0,0.0,0.0,0.0,0.0,0.0,0.0,0.0,-10.3125,0.0,0.0,3.75,0.0,0.0,-3.75,0.0,0.0,0.0,0.0,0.0,11.25,-1.875,0.0,7.5,-3.75,0.0,0.0,0.0,3.75,4.6875,3.75,-6.5625,0.0,0.0,0.0,-6.5625,11.25,0.0,0.0,0.0,0.0,0.0,0.0,0.0,0.0
167,3,0.0,0.0,-15.0,0.0,-1.875,0.0,-7.5,0.0,0.9375,-7.5,-18.75,0.0,0.0,0.0,0.0,0.0,3.75,0.0,0.0,-7.5,0.0,0.0,-3.75,-2.8125,0.0,0.0,-3.75,0.0,0.0,1.875,0.0,0.0,-7.5,0.0,0.0,3.75,0.0,0.0,-6.5625,0.0,0.0,-2.8125,0.0,0.0,9.375,-3.75,0.0,3.75,0.0,0.0,0.0,0.0,1.875,4.6875,3.75,-7.5,0.0,0.0,0.0,-7.5,8.4375,0.0,0.0,0.0,0.0,0.0,0.0,0.0,0.0
167,4,0.0,0.0,-11.25,0.0,0.0,0.0,-7.5,0.0,0.0,-5.625,-15.0,0.0,0.0,0.0,0.0,0.0,3.75,0.0,0.0,-7.5,0.0,0.0,-3.75,-3.75,0.0,0.0,-3.75,0.0,0.0,1.875,0.0,0.0,-7.5,0.0,0.0,3.75,0.0,0.0,-6.5625,0.0,0.0,-1.875,0.0,0.0,11.25,-3.75,0.0,7.5,0.0,0.0,0.0,0.0,3.75,11.25,0.0,-7.5,0.0,0.0,0.0,-6.5625,7.5,0.0,0.0,0.0,0.0,0.0,0.0,0.0,0.0
167,5,0.0,0.0,-11.25,0.0,0.0,0.0,-7.5,0.0,0.0,-7.5,-7.5,0.0,0.0,0.0,0.0,0.0,3.75,0.0,0.0,-7.5,0.0,0.0,-3.75,-3.75,0.0,0.0,-1.875,0.0,0.0,0.9375,0.0,0.0,-7.5,0.0,0.0,3.75,0.0,0.0,-7.5,0.0,0.0,-1.875,0.0,0.0,11.25,-3.75,0.0,7.5,-1.875,0.0,0.0,0.0,3.75,7.5,0.0,-7.5,0.0,0.0,0.0,-6.5625,7.5,0.0,0.0,0.0,0.0,0.0,0.0,0.0,0.0
168,3,0.0,0.0,15.0,0.0,3.75,0.0,-9.375,0.0,0.0,-6.5625,18.75,0.0,0.0,0.0,0.0,0.0,3.75,0.0,1.875,-9.375,0.0,0.0,-7.5,-3.75,0.0,0.0,-7.5,-1.875,0.0,3.75,0.0,0.0,-7.5,0.0,0.0,3.75,0.0,0.0,-7.5,0.0,0.0,-3.75,0.0,0.0,7.5,-7.5,0.0,3.75,0.0,0.0,0.0,-0.9375,0.9375,7.5,0.0,-11.25,0.0,0.0,0.0,-7.5,7.5,0.0,0.0,0.0,0.0,0.0,0.0,0.0,0.0
168,4,0.0,0.0,11.25,0.0,3.75,0.0,-7.5,0.0,-1.875,-6.5625,15.0,0.0,0.0,0.9375,0.0,0.0,3.75,0.0,0.0,-9.375,0.0,0.0,-7.5,-3.75,0.0,0.0,-6.5625,-3.75,0.0,0.9375,0.0,0.0,-3.75,0.0,0.0,3.75,0.0,0.0,-7.5,0.0,0.0,-3.75,0.0,0.0,8.4375,-6.5625,0.0,4.6875,0.0,0.0,0.0,0.0,0.9375,11.25,-1.875,-11.25,-3.75,0.0,0.0,-5.625,7.5,0.0,0.0,0.0,0.0,0.0,0.0,0.0,0.0
168,5,0.0,0.0,11.25,0.0,3.75,0.0,-8.4375,0.0,-1.875,-6.5625,15.0,0.0,0.0,0.9375,0.0,0.0,3.75,0.0,0.0,-7.5,0.0,0.0,-7.5,-3.75,0.0,0.0,-6.5625,-3.75,0.0,0.9375,0.0,0.0,-3.75,0.0,0.0,3.75,0.0,0.0,-7.5,0.0,0.0,-3.75,0.0,0.0,8.4375,-6.5625,0.0,7.5,0.0,0.0,0.0,0.0,0.9375,9.375,-1.875,-11.25,-3.75,0.0,0.0,-5.625,7.5,0.0,0.0,0.0,0.0,0.0,0.0,0.0,0.0
169,3,0.0,0.0,14.0625,0.0,5.625,0.0,-11.25,0.0,0.0,-3.75,15.9375,0.0,0.0,0.9375,0.0,0.0,1.875,0.0,0.0,-11.25,0.0,-2.8125,-7.5,-3.75,-1.875,0.0,-10.3125,-3.75,0.0,0.9375,0.0,0.0,0.0,0.0,0.0,0.0,0.0,0.0,-7.5,0.0,0.0,-10.3125,0.0,0.0,4.6875,-7.5,0.0,0.9375,0.0,0.0,0.0,-1.875,0.0,8.4375,-3.75,-13.125,-1.875,0.0,0.0,-7.5,3.75,0.0,0.0,0.0,0.0,0.0,0.0,0.0,0.0
169,4,0.0,0.0,13.125,0.0,3.75,0.0,-11.25,0.0,-3.75,-3.75,15.0,0.0,0.0,0.0,0.0,0.0,0.9375,0.0,0.0,-11.25,0.0,0.0,-7.5,-3.75,0.0,0.0,-7.5,-3.75,0.0,0.0,0.0,0.0,7.5,0.0,0.0,0.0,-1.875,0.0,-7.5,0.0,0.0,-7.5,0.0,0.0,7.5,-7.5,0.0,3.75,0.0,0.0,0.0,0.0,0.0,11.25,-3.75,-12.1875,-3.75,-1.875,0.0,-3.75,3.75,0.0,0.0,0.0,0.0,0.0,0.0,0.0,0.0
169,5,0.0,0.0,13.125,0.0,3.75,0.0,-11.25,0.0,-3.75,-3.75,15.0,0.0,0.0,0.0,0.0,0.0,0.9375,0.0,0.0,-11.25,0.0,-1.875,-7.5,-3.75,0.0,0.0,-7.5,-3.75,0.0,0.0,0.0,0.0,3.75,0.0,0.0,0.0,-1.875,-1.875,-7.5,0.0,0.0,-7.5,0.0,0.0,7.5,-7.5,0.0,3.75,0.0,0.0,0.0,0.0,0.0,11.25,-3.75,-14.0625,-3.75,-3.75,0.0,-5.625,3.75,0.0,0.0,0.0,0.0,0.0,0.0,0.0,0.0
170,3,0.0,0.0,12.1875,0.0,4.6875,0.0,-14.0625,0.0,-3.75,-3.75,15.0,0.0,0.0,0.9375,0.0,0.0,0.0,0.0,0.0,-13.125,0.0,-3.75,-10.3125,-5.625,0.0,0.0,-11.25,-3.75,0.0,0.0,0.0,0.0,3.75,0.0,0.0,-1.875,-1.875,0.0,-7.5,0.0,0.0,-11.25,0.0,0.0,3.75,-7.5,0.0,0.9375,-1.875,0.0,0.0,-0.9375,0.0,7.5,-7.5,-15.0,-3.75,0.0,0.0,-7.5,0.9375,0.0,0.0,0.0,0.0,0.0,0.0,0.0,0.0
170,4,0.0,0.0,11.25,0.0,3.75,0.0,-15.0,0.0,-7.5,0.0,15.0,0.0,0.0,0.9375,0.0,0.0,0.0,0.0,0.0,-11.25,0.0,0.0,-7.5,-3.75,0.0,0.0,-7.5,-3.75,0.0,0.0,0.0,0.0,7.5,0.0,0.0,-1.875,-1.875,0.0,-7.5,0.0,0.0,-10.3125,0.0,0.0,4.6875,-7.5,0.0,3.75,-3.75,0.0,0.0,0.0,0.0,8.4375,-7.5,-15.0,-6.5625,-3.75,0.0,-3.75,0.9375,0.0,0.0,0.0,0.0,0.0,0.0,0.0,0.0
170,5,0.0,0.0,11.25,0.0,4.6875,0.0,-14.0625,0.0,-7.5,0.0,15.0,0.0,-1.875,1.875,0.0,0.0,0.0,0.0,0.0,-11.25,0.0,-1.875,-7.5,-3.75,0.0,0.0,-9.375,-3.75,0.0,0.0,0.0,0.0,7.5,0.0,0.0,-1.875,-1.875,0.0,-7.5,0.0,0.0,-10.3125,0.0,0.0,3.75,-7.5,0.0,3.75,-3.75,0.0,0.0,0.0,0.0,8.4375,-7.5,-15.0,-6.5625,-3.75,0.0,-3.75,0.9375,0.0,0.0,0.0,0.0,0.0,0.0,0.0,0.0
171,3,0.0,0.0,11.25,0.0,3.75,0.0,-15.0,0.0,-3.75,0.0,13.125,0.0,0.0,0.0,0.0,0.0,-1.875,0.0,0.0,-14.0625,0.0,-3.75,-11.25,-3.75,0.0,0.0,-11.25,-3.75,0.0,0.0,0.0,0.0,4.6875,0.0,0.0,0.0,0.0,0.0,-3.75,0.0,0.0,-13.125,0.0,0.0,1.875,-10.3125,0.0,0.0,-1.875,0.0,0.0,0.0,0.0,7.5,-9.375,-16.875,-3.75,0.0,0.0,-5.625,0.0,0.0,0.0,0.0,0.0,0.0,0.0,0.0,0.0
171,4,0.0,0.0,11.25,0.0,3.75,0.0,-15.0,0.0,-9.375,0.0,12.1875,0.0,0.0,0.0,0.0,-1.875,-1.875,0.0,0.0,-11.25,0.0,0.0,-7.5,-3.75,0.0,0.0,-7.5,-3.75,0.0,0.0,0.0,0.0,7.5,0.0,0.0,0.0,0.0,0.0,0.0,0.0,0.0,-11.25,0.0,0.0,3.75,-7.5,0.0,3.75,-3.75,0.0,0.0,0.0,0.0,7.5,-10.3125,-15.0,-7.5,-5.625,0.0,-3.75,0.0,0.0,0.0,0.0,0.0,0.0,0.0,0.0,0.0
171,5,0.0,0.0,11.25,0.0,3.75,0.0,-15.0,0.0,-9.375,0.0,12.1875,0.0,0.0,0.0,0.0,-1.875,-1.875,0.0,0.0,-13.125,0.0,0.0,-7.5,-3.75,0.0,0.0,-7.5,-3.75,0.0,0.0,0.0,0.0,7.5,0.0,0.0,0.0,0.0,0.0,0.0,0.0,0.0,-11.25,0.0,0.0,3.75,-7.5,0.0,3.75,-3.75,0.0,0.0,0.0,0.0,8.4375,-10.3125,-15.0,-7.5,-5.625,0.0,-3.75,0.0,0.0,0.0,0.0,0.0,0.0,0.0,0.0,0.0
172,3,0.0,0.0,8.4375,0.0,3.75,0.0,-16.875,0.0,-5.625,0.0,11.25,0.0,3.75,0.0,0.0,0.0,-3.75,0.0,1.875,-15.0,0.0,-1.875,-10.3125,-3.75,0.0,0.0,-11.25,-7.5,0.0,-3.75,0.9375,0.0,3.75,0.0,0.0,-1.875,-3.75,0.0,0.0,0.0,0.0,-15.0,0.0,0.0,0.0,-9.375,0.0,0.0,-3.75,0.0,0.0,0.0,0.0,7.5,-11.25,-18.75,-6.5625,0.0,0.0,-3.75,-0.9375,0.0,0.0,0.0,0.0,0.0,0.0,0.0,0.0
172,4,0.0,0.0,7.5,0.0,3.75,0.0,-18.75,0.0,-11.25,0.0,11.25,0.0,0.0,0.0,0.0,0.0,-3.75,0.0,0.0,-11.25,0.0,0.0,-7.5,0.0,0.0,0.0,-7.5,-3.75,0.0,-1.875,0.0,0.0,7.5,0.0,0.0,0.0,0.0,0.0,3.75,0.0,0.0,-15.0,0.0,0.0,0.0,-3.75,0.0,0.0,-6.5625,0.0,0.0,0.0,0.0,7.5,-11.25,-16.875,-10.3125,-7.5,0.0,-6.5625,-1.875,0.0,0.0,0.0,0.0,0.0,0.0,0.0,0.0
172,5,0.0,0.0,7.5,0.0,3.75,0.0,-17.8125,0.0,-11.25,0.0,11.25,0.0,0.0,0.0,0.0,-1.875,-3.75,0.0,0.0,-11.25,0.0,0.0,-7.5,0.0,0.0,0.0,-6.5625,-5.625,0.0,-3.75,0.0,0.0,7.5,0.0,0.0,-1.875,0.0,0.0,3.75,0.0,0.0,-15.0,0.0,0.0,0.9375,-1.875,0.0,0.0,-6.5625,0.0,0.0,0.0,0.0,7.5,-11.25,-16.875,-10.3125,-7.5,0.0,-6.5625,-1.875,0.0,0.0,0.0,0.0,0.0,0.0,0.0,0.0
173,3,0.0,0.0,4.6875,0.0,1.875,0.0,-19.6875,0.0,-7.5,0.0,11.25,0.0,3.75,0.0,0.0,0.0,-3.75,0.0,3.75,15.9375,0.0,0.0,-7.5,0.9375,0.0,0.0,-7.5,-3.75,0.0,-3.75,3.75,0.9375,3.75,0.0,0.0,-3.75,-3.75,0.0,3.75,0.0,0.0,-15.9375,0.0,0.0,0.0,11.25,0.0,0.0,-3.75,0.0,0.0,0.0,0.0,4.6875,-15.0,-18.75,-7.5,0.0,0.0,-6.5625,-2.8125,0.0,0.0,0.0,0.0,0.0,0.0,0.0,0.0
173,4,0.0,0.0,3.75,0.0,1.875,0.0,-18.75,0.0,-13.125,0.0,7.5,0.0,0.9375,0.0,0.0,0.0,-3.75,0.0,0.9375,15.0,0.0,0.0,0.0,3.75,0.0,0.0,0.0,-3.75,0.0,-3.75,0.9375,0.0,4.6875,0.0,0.0,-3.75,0.0,0.0,7.5,0.0,0.0,-16.875,0.0,0.0,0.0,3.75,0.0,0.0,-7.5,0.0,0.0,0.0,0.0,0.9375,-15.0,18.75,-11.25,-7.5,0.0,-7.5,-3.75,0.0,0.0,0.0,0.0,0.0,0.0,0.0,0.0
173,5,0.0,0.0,3.75,0.0,2.8125,0.0,-17.8125,0.0,-12.1875,0.0,8.4375,0.0,3.75,0.0,0.0,-1.875,-3.75,0.0,3.75,13.125,0.0,0.0,0.0,3.75,0.0,0.0,0.0,-3.75,0.0,-3.75,0.9375,0.0,4.6875,0.0,0.0,-3.75,0.0,0.0,7.5,0.0,0.0,-15.0,0.0,0.0,0.0,3.75,0.0,0.0,-7.5,0.0,0.0,0.0,0.0,0.9375,-15.0,16.875,-11.25,-10.3125,0.0,-7.5,-3.75,0.0,0.0,0.0,0.0,0.0,0.0,0.0,0.0
174,3,0.0,0.0,0.9375,0.0,0.0,0.0,-20.625,0.0,-7.5,0.0,8.4375,0.0,3.75,0.0,0.0,-1.875,-6.5625,0.0,1.875,15.0,0.0,0.0,-3.75,0.9375,1.875,0.0,-3.75,0.0,0.0,0.0,3.75,3.75,1.875,0.0,0.0,-1.875,0.0,0.0,3.75,0.0,0.0,-16.875,0.0,0.0,0.0,8.4375,0.0,0.0,-3.75,0.0,0.0,0.0,0.0,0.0,-16.875,16.875,-9.375,-3.75,0.0,-6.5625,-3.75,0.0,0.0,0.0,0.0,0.0,0.0,0.0,0.0
174,4,0.0,0.0,0.9375,0.0,0.0,0.0,-18.75,0.0,-14.0625,0.0,7.5,0.0,3.75,0.0,0.0,-3.75,-3.75,0.0,0.9375,15.0,0.0,0.0,3.75,3.75,0.0,0.0,0.0,-1.875,0.0,-1.875,3.75,0.0,3.75,0.0,0.0,-1.875,3.75,0.0,7.5,0.0,-1.875,-15.0,0.0,0.0,0.0,7.5,0.0,0.0,-7.5,0.0,0.0,0.0,0.0,0.0,-17.8125,16.875,-14.0625,-7.5,0.0,-7.5,-3.75,0.0,0.0,0.0,0.0,0.0,0.0,0.0,0.0
174,5,0.0,0.0,0.9375,0.0,0.0,0.0,-18.75,0.0,-15.0,0.0,7.5,0.0,3.75,0.0,0.0,-3.75,-5.625,0.0,0.9375,15.0,0.0,0.0,3.75,3.75,0.0,0.0,0.0,-1.875,0.0,-1.875,3.75,0.0,3.75,0.0,0.0,-1.875,3.75,0.0,7.5,0.0,-1.875,-15.0,0.0,0.0,0.0,7.5,0.0,0.0,-7.5,0.0,0.0,0.0,0.0,0.0,-16.875,16.875,-14.0625,-7.5,0.0,-7.5,-3.75,0.0,0.0,0.0,0.0,0.0,0.0,0.0,0.0
175,3,0.0,0.0,-2.8125,0.0,0.0,0.0,-20.625,0.0,-3.75,0.0,3.75,0.0,3.75,3.75,0.0,0.0,-3.75,0.0,0.0,15.0,0.0,-1.875,0.0,0.0,0.0,0.0,0.0,0.0,0.0,0.0,3.75,3.75,0.9375,0.0,0.0,-0.9375,0.0,0.0,3.75,0.0,0.0,-16.875,0.0,0.0,0.0,7.5,0.0,0.0,-3.75,0.0,0.0,0.0,0.0,0.0,-18.75,15.0,-9.375,0.0,0.0,-7.5,-3.75,0.0,0.0,0.0,0.0,0.0,0.0,0.0,0.0
175,4,0.0,0.0,-1.875,0.0,0.0,0.0,16.875,0.0,-11.25,0.0,3.75,0.0,0.9375,0.0,0.0,0.0,-3.75,0.0,0.0,11.25,0.0,0.0,3.75,3.75,0.0,0.0,1.875,0.0,0.0,0.0,0.9375,0.9375,1.875,0.0,0.0,0.0,3.75,0.0,7.5,0.0,-1.875,7.5,0.0,0.0,0.0,7.5,0.0,0.0,0.0,0.0,0.0,0.0,0.0,0.0,-18.75,15.0,-15.0,-7.5,0.0,-11.25,-6.5625,0.0,0.0,0.0,0.0,0.0,0.0,0.0,0.0
175,5,0.0,0.0,-1.875,0.0,0.0,0.0,13.125,0.0,0.0,0.0,3.75,0.0,1.875,0.0,0.0,0.0,-3.75,0.0,0.0,11.25,0.0,0.0,3.75,3.75,0.0,0.0,0.9375,0.0,0.0,0.0,3.75,0.9375,1.875,0.0,0.0,0.0,3.75,0.0,7.5,0.0,-2.8125,7.5,0.0,0.0,0.0,7.5,0.0,0.0,0.0,0.0,0.0,0.0,0.0,0.0,-18.75,15.0,-15.0,-7.5,0.0,-11.25,-6.5625,0.0,0.0,0.0,0.0,0.0,0.0,0.0,0.0
176,3,0.0,0.0,-6.5625,0.0,0.0,0.0,16.875,0.0,13.125,0.0,0.9375,0.0,3.75,4.6875,0.0,5.625,0.0,0.0,0.0,13.125,0.0,-2.8125,0.0,0.9375,0.9375,0.0,0.0,3.75,0.0,0.0,0.9375,3.75,0.0,0.0,0.0,0.0,0.0,0.0,3.75,0.0,-1.875,15.0,0.0,0.0,0.0,7.5,0.0,0.0,4.6875,0.0,0.0,0.9375,0.0,0.0,-20.625,11.25,-9.375,5.625,0.0,-7.5,-5.625,0.0,0.0,0.0,0.0,0.0,0.0,0.0,0.0
176,4,0.0,0.0,-3.75,0.0,0.0,0.0,15.0,0.0,15.0,1.875,0.0,0.0,1.875,3.75,0.0,3.75,0.0,0.0,0.0,11.25,0.0,0.0,3.75,3.75,0.0,0.0,0.9375,3.75,0.0,0.0,1.875,0.9375,0.9375,0.0,0.0,0.0,3.75,0.0,3.75,0.0,-3.75,15.0,0.0,0.0,0.0,4.6875,0.0,0.0,3.75,0.0,0.0,0.0,0.0,0.0,-22.5,13.125,-17.8125,3.75,0.0,-11.25,-7.5,0.0,0.0,0.0,0.0,0.0,0.0,0.0,0.0
176,5,0.0,0.0,-3.75,0.0,-0.9375,0.0,15.0,0.0,13.125,0.0,0.0,0.0,3.75,3.75,0.0,3.75,0.0,0.0,0.0,11.25,0.0,-1.875,3.75,3.75,0.0,0.0,0.9375,3.75,0.0,0.0,0.9375,0.9375,0.9375,0.0,0.0,0.0,3.75,0.0,4.6875,0.0,-3.75,11.25,0.0,0.0,0.0,4.6875,0.0,0.0,4.6875,0.0,0.0,0.0,0.0,0.0,-21.5625,11.25,-17.8125,3.75,0.0,-11.25,-7.5,0.0,0.0,0.0,0.0,0.0,0.0,0.0,0.0
177,3,0.0,0.0,-7.5,0.0,-1.875,0.0,15.0,0.0,15.0,0.0,0.0,0.0,3.75,7.5,0.0,5.625,3.75,0.0,0.0,11.25,0.0,-1.875,0.0,3.75,0.0,0.0,0.0,4.6875,0.0,0.0,0.9375,1.875,0.0,0.0,0.0,0.0,0.0,0.0,3.75,0.0,-3.75,15.0,0.0,0.0,-2.8125,3.75,0.0,0.0,4.6875,0.0,0.0,0.9375,0.0,0.0,-22.5,9.375,-9.375,7.5,0.0,-7.5,-6.5625,0.0,0.0,0.0,0.0,0.0,0.0,0.0,0.0
177,4,0.0,0.0,-7.5,0.0,-1.875,0.0,13.125,0.0,15.9375,3.75,0.0,0.0,3.75,4.6875,0.0,3.75,3.75,0.0,-1.875,7.5,0.0,0.0,0.0,3.75,0.0,0.0,0.0,3.75,0.0,0.0,0.9375,0.0,0.0,0.0,0.0,0.9375,3.75,0.0,3.75,0.0,-3.75,15.0,0.0,0.0,-1.875,3.75,0.0,0.0,7.5,0.0,0.0,0.0,0.0,0.0,-22.5,11.25,-18.75,11.25,0.0,-14.0625,-9.375,0.0,0.0,0.0,0.0,0.0,0.0,0.0,0.0
177,5,0.0,0.0,-6.5625,0.0,-2.8125,0.0,13.125,0.0,15.0,0.9375,0.0,0.0,3.75,7.5,0.0,3.75,3.75,0.0,-1.875,7.5,0.0,-1.875,0.9375,3.75,0.0,0.0,0.0,3.75,0.0,0.0,0.9375,0.0,0.0,0.0,0.0,0.9375,3.75,0.0,3.75,0.0,-3.75,13.125,0.0,0.0,-2.8125,3.75,0.0,0.0,7.5,0.0,0.0,0.0,0.0,0.0,-22.5,9.375,-18.75,11.25,0.0,-14.0625,-9.375,0.0,0.0,0.0,0.0,0.0,0.0,0.0,0.0
178,3,0.0,0.0,-7.5,0.0,-3.75,0.0,12.1875,0.0,13.125,0.0,-1.875,0.0,0.9375,7.5,0.0,0.0,3.75,0.0,-3.75,7.5,0.0,-3.75,-1.875,0.9375,-3.75,0.0,0.0,7.5,0.0,0.0,0.0,0.9375,0.0,0.0,0.0,0.0,0.0,0.0,0.9375,0.0,-2.8125,12.1875,0.0,0.0,-3.75,3.75,0.0,0.0,4.6875,0.0,0.0,0.0,0.0,0.0,-22.5,7.5,-9.375,7.5,0.0,-7.5,-6.5625,0.0,0.0,0.0,0.0,0.0,0.0,0.0,0.0
178,4,0.0,0.0,-7.5,0.0,-3.75,0.0,12.1875,0.0,15.0,3.75,0.0,0.0,0.9375,7.5,0.0,0.0,3.75,0.0,-3.75,3.75,0.0,-3.75,0.0,0.9375,-1.875,0.0,0.0,4.6875,0.0,0.0,0.0,0.0,0.0,0.0,0.0,0.9375,0.9375,0.0,0.9375,0.0,-1.875,11.25,0.0,0.0,-3.75,3.75,0.0,0.0,7.5,0.0,0.0,0.0,0.0,0.0,-22.5,7.5,-18.75,11.25,0.0,-15.0,-11.25,0.0,0.0,0.0,0.0,0.0,0.0,0.0,0.0
178,5,0.0,0.0,-7.5,0.0,-3.75,0.0,12.1875,0.0,15.0,3.75,-1.875,0.0,0.9375,7.5,0.0,0.0,3.75,0.0,-3.75,3.75,0.0,-3.75,0.0,0.9375,-1.875,0.0,0.0,4.6875,0.0,0.0,0.0,0.0,0.0,0.0,0.0,0.9375,0.9375,0.0,0.9375,0.0,-1.875,12.1875,0.0,0.0,-3.75,3.75,0.0,0.0,7.5,0.0,0.0,0.0,0.0,0.0,-22.5,7.5,-21.5625,11.25,0.0,-15.0,-11.25,0.0,0.0,0.0,0.0,0.0,0.0,0.0,0.0
179,3,0.0,0.0,-7.5,0.0,-3.75,0.0,8.4375,0.0,12.1875,0.9375,-3.75,0.0,0.9375,7.5,0.0,3.75,3.75,0.0,-3.75,3.75,0.0,-3.75,-3.75,1.875,-3.75,0.0,0.0,4.6875,0.0,0.0,0.0,0.0,0.0,0.0,0.0,0.0,0.0,0.0,0.0,0.0,0.0,11.25,0.0,0.0,-3.75,0.0,0.0,0.0,3.75,0.0,0.0,0.0,0.0,0.0,-23.4375,3.75,-9.375,7.5,0.0,-7.5,-6.5625,0.0,0.0,0.0,0.0,0.0,0.0,0.0,0.0
179,4,0.0,0.0,-7.5,0.0,-3.75,0.0,11.25,0.0,15.0,3.75,-1.875,0.0,0.9375,7.5,0.0,1.875,3.75,0.0,-3.75,3.75,0.0,-3.75,-1.875,0.0,0.0,0.0,0.0,3.75,0.0,0.0,0.0,0.0,0.0,0.0,0.0,0.9375,0.0,0.0,0.0,0.0,0.0,11.25,0.0,0.0,-1.875,0.0,0.0,0.0,7.5,0.0,0.0,0.0,0.0,0.0,16.875,5.625,22.5,10.3125,0.0,-15.0,-10.3125,0.0,0.0,0.0,0.0,0.0,0.0,0.0,0.0
179,5,0.0,0.0,-7.5,0.0,-3.75,0.0,9.375,0.0,15.0,3.75,-1.875,0.0,0.9375,7.5,0.0,1.875,3.75,0.0,-3.75,3.75,0.0,-3.75,-2.8125,0.0,0.0,0.0,0.0,3.75,0.0,0.0,0.0,0.0,0.0,0.0,0.0,0.9375,0.0,0.0,0.0,0.0,0.0,11.25,0.0,0.0,-1.875,0.0,0.0,0.0,7.5,0.0,0.0,0.0,0.0,0.0,18.75,5.625,15.0,11.25,0.0,-11.25,-7.5,0.0,0.0,0.0,0.0,0.0,0.0,0.0,0.0
180,3,0.0,0.0,-7.5,0.0,-3.75,0.0,7.5,0.0,11.25,3.75,0.0,0.0,0.9375,7.5,0.0,3.75,1.875,0.0,-3.75,3.75,0.0,-3.75,-3.75,0.0,-1.875,0.0,0.0,3.75,0.0,0.0,0.0,0.0,0.0,0.0,0.0,0.0,-1.875,-3.75,-1.875,0.0,0.0,8.4375,0.0,0.0,-3.75,0.0,0.0,0.0,3.75,0.0,0.0,0.0,0.0,0.0,18.75,3.75,8.4375,7.5,0.0,0.9375,-1.875,0.0,0.0,0.0,0.0,0.0,0.0,0.0,0.0
180,4,0.0,0.0,0.0,0.0,-3.75,0.0,7.5,0.0,13.125,3.75,0.0,0.0,0.9375,4.6875,0.0,3.75,0.9375,0.0,-3.75,0.0,0.0,-3.75,-3.75,0.0,0.0,0.0,0.0,0.0,0.0,0.0,0.0,0.0,0.0,0.0,0.0,1.875,0.0,-1.875,-2.8125,0.0,0.0,7.5,0.0,0.0,-1.875,0.0,0.0,0.0,3.75,0.0,0.0,0.0,0.0,0.0,18.75,3.75,22.5,7.5,0.0,-15.0,-11.25,0.0,0.0,0.0,0.0,0.0,0.0,0.0,0.0
180,5,0.0,0.0,-3.75,0.0,-3.75,0.0,7.5,0.0,13.125,3.75,0.0,0.0,0.9375,7.5,0.0,3.75,0.9375,0.0,-3.75,0.0,0.0,-3.75,-3.75,0.0,0.0,0.0,0.0,0.0,0.0,0.0,0.0,0.0,0.0,0.0,0.0,0.9375,0.0,-1.875,-2.8125,0.0,0.0,8.4375,0.0,0.0,-3.75,0.0,0.0,0.0,4.6875,0.0,0.0,0.0,0.0,0.0,18.75,3.75,15.0,7.5,0.0,-9.375,-11.25,0.0,0.0,0.0,0.0,0.0,0.0,0.0,0.0
181,3,0.0,0.0,7.5,0.0,-3.75,0.0,4.6875,0.0,10.3125,3.75,0.0,0.0,0.0,7.5,0.0,-3.75,0.0,0.0,-3.75,3.75,0.0,-3.75,-3.75,0.0,0.0,0.0,0.0,0.0,0.0,0.0,0.0,0.0,0.0,0.0,0.0,0.9375,-3.75,-3.75,-3.75,0.0,-3.75,4.6875,0.0,0.0,-3.75,0.0,0.0,0.0,3.75,0.0,0.0,0.0,0.0,0.0,17.8125,0.9375,11.25,4.6875,0.0,7.5,0.0,0.0,0.0,0.0,0.0,0.0,0.0,0.0,0.0
181,4,0.0,0.0,3.75,0.0,-1.875,0.0,4.6875,0.0,11.25,3.75,0.0,0.0,0.0,3.75,0.0,-1.875,0.0,0.0,-3.75,0.0,0.0,-3.75,-3.75,-1.875,0.0,0.0,0.0,0.0,0.0,0.0,0.0,0.0,0.0,0.0,0.0,0.9375,-3.75,-3.75,-3.75,0.0,-1.875,4.6875,0.0,0.0,-1.875,0.0,0.0,0.0,3.75,0.0,0.0,0.0,0.0,0.0,16.875,0.9375,16.875,7.5,0.0,18.75,-11.25,0.0,0.0,0.0,0.0,0.0,0.0,0.0,0.0
181,5,0.0,0.0,0.0,0.0,-3.75,0.0,4.6875,0.0,11.25,3.75,0.0,0.0,0.0,4.6875,0.0,-3.75,0.0,0.0,-3.75,0.0,0.0,-3.75,-3.75,0.0,0.0,0.0,0.0,0.0,0.0,0.0,0.0,-1.875,0.0,0.0,0.0,0.9375,-3.75,-3.75,-3.75,0.0,-1.875,4.6875,0.0,0.0,-1.875,0.0,0.0,0.0,3.75,0.0,0.0,0.0,0.0,0.0,16.875,0.9375,15.0,7.5,0.0,15.0,-7.5,0.0,0.0,0.0,0.0,0.0,0.0,0.0,0.0
182,3,0.0,0.0,7.5,0.0,0.0,0.0,1.875,0.0,8.4375,3.75,-3.75,0.0,-1.875,3.75,0.0,-3.75,-1.875,0.0,-3.75,1.875,0.0,-3.75,-3.75,-3.75,0.0,0.0,0.9375,1.875,0.0,0.0,0.0,-1.875,0.0,0.0,0.0,1.875,-6.5625,-5.625,-3.75,0.0,-3.75,3.75,0.0,0.0,-1.875,0.0,0.0,0.0,1.875,0.0,0.0,0.0,0.0,0.0,15.9375,0.0,9.375,3.75,0.0,7.5,3.75,0.0,0.0,0.0,0.0,0.0,0.0,0.0,0.0
182,4,0.0,0.0,3.75,0.0,0.0,0.0,3.75,0.0,10.3125,3.75,-3.75,0.0,-1.875,3.75,0.0,-3.75,-1.875,0.0,-3.75,0.0,0.0,-3.75,-3.75,-3.75,3.75,0.0,0.9375,0.0,0.0,0.0,-1.875,-1.875,0.0,0.0,0.0,0.9375,-7.5,-3.75,-3.75,0.0,-3.75,3.75,0.0,0.0,0.0,0.0,0.0,0.0,3.75,0.0,0.0,0.0,0.0,0.0,15.0,0.0,15.9375,4.6875,0.0,16.875,-11.25,0.0,0.0,0.0,0.0,0.0,0.0,0.0,0.0
182,5,0.0,0.0,3.75,0.0,0.0,0.0,3.75,0.0,10.3125,3.75,-3.75,0.0,-1.875,3.75,0.0,-3.75,-1.875,0.0,-3.75,0.0,0.0,-3.75,-3.75,-3.75,3.75,0.0,0.9375,0.0,0.0,0.0,-1.875,-1.875,0.0,0.0,0.0,0.9375,-6.5625,-3.75,-3.75,0.0,-3.75,3.75,0.0,0.0,0.0,0.0,0.0,0.0,3.75,0.0,0.0,0.0,0.0,0.0,15.9375,0.0,15.0,4.6875,0.0,15.0,-7.5,0.0,0.0,0.0,0.0,0.0,0.0,0.0,0.0
183,3,0.0,0.0,7.5,0.0,0.0,0.0,0.0,0.0,7.5,3.75,-3.75,0.0,-3.75,0.9375,0.0,-3.75,-3.75,0.0,0.0,0.0,0.0,-1.875,-3.75,-3.75,0.0,0.0,0.0,0.0,0.0,0.0,0.0,0.0,0.0,0.0,0.0,3.75,-6.5625,-7.5,-3.75,0.0,-3.75,0.9375,0.0,0.0,0.0,0.0,0.0,0.0,0.9375,0.0,0.0,0.0,0.0,0.0,14.0625,0.0,10.3125,3.75,0.0,9.375,9.375,0.0,0.0,0.0,0.0,0.0,0.0,0.0,0.0
183,4,0.0,0.0,3.75,0.0,0.0,0.0,0.0,0.0,7.5,3.75,-3.75,0.0,-3.75,0.9375,0.0,-1.875,-3.75,0.0,0.0,0.0,0.0,0.0,-3.75,-3.75,0.0,0.0,0.0,-1.875,0.0,0.0,-1.875,0.0,-1.875,0.0,0.0,0.9375,-7.5,-3.75,-3.75,0.0,-3.75,1.875,0.0,-1.875,0.0,0.0,0.0,0.0,3.75,0.0,0.0,0.0,0.0,0.0,14.0625,0.0,15.0,3.75,0.0,15.9375,15.0,0.0,0.0,0.0,0.0,0.0,0.0,0.0,0.0
183,5,0.0,0.0,3.75,0.0,0.0,0.0,0.0,0.0,7.5,3.75,-3.75,0.0,-2.8125,0.9375,0.0,-1.875,-3.75,0.0,0.0,0.0,0.0,0.0,-3.75,-3.75,0.0,0.0,0.0,-1.875,0.0,0.0,-1.875,-1.875,-1.875,0.0,0.0,0.9375,-7.5,-3.75,-3.75,0.0,-3.75,1.875,0.0,-1.875,0.0,0.0,0.0,0.0,3.75,0.0,0.0,0.0,0.0,0.0,15.0,0.0,15.0,3.75,0.0,15.0,11.25,0.0,0.0,0.0,0.0,0.0,0.0,0.0,0.0
184,3,0.0,0.0,7.5,0.0,0.0,0.0,-1.875,0.0,5.625,3.75,-3.75,0.0,-6.5625,0.9375,0.0,-3.75,-3.75,0.0,0.0,-1.875,0.0,0.0,0.0,-7.5,0.0,0.0,0.0,-1.875,0.0,0.0,0.0,0.0,-1.875,0.0,0.0,3.75,-7.5,-7.5,-3.75,0.0,-3.75,0.0,0.0,0.0,0.0,0.0,0.0,0.0,0.0,0.0,0.9375,-3.75,0.0,0.0,11.25,0.0,7.5,0.9375,0.0,8.4375,11.25,0.0,0.0,0.0,0.0,0.0,0.0,0.0,0.0
184,4,0.0,0.0,3.75,0.0,0.0,0.0,0.0,0.0,7.5,3.75,-2.8125,0.0,-3.75,0.0,0.0,-1.875,-3.75,0.0,0.0,0.0,0.0,0.0,0.0,-3.75,0.9375,0.0,0.0,-3.75,0.0,0.0,-1.875,0.0,-1.875,0.0,0.0,0.9375,-7.5,-3.75,-3.75,0.0,-1.875,0.0,0.0,-1.875,0.0,0.0,0.0,0.0,0.0,0.0,0.0,-1.875,0.0,0.0,11.25,0.0,13.125,1.875,0.0,15.0,15.0,0.0,0.0,0.0,0.0,0.0,0.0,0.0,0.0
184,5,0.0,0.0,3.75,0.0,0.0,0.0,0.0,0.0,7.5,3.75,-2.8125,0.0,-3.75,0.0,0.0,-3.75,-3.75,0.0,0.0,-1.875,0.0,0.0,0.0,0.0,0.9375,0.0,0.0,-3.75,0.0,0.0,-1.875,0.0,-1.875,0.0,0.0,3.75,-7.5,-3.75,-3.75,0.0,-1.875,0.0,0.0,-1.875,0.0,0.0,0.0,0.0,0.0,0.0,0.9375,-1.875,0.0,0.0,12.1875,0.0,13.125,2.8125,0.0,15.0,15.0,0.0,0.0,0.0,0.0,0.0,0.0,0.0,0.0
185,3,0.0,0.0,7.5,0.0,1.875,0.0,-3.75,0.0,3.75,3.75,-3.75,0.0,-10.3125,0.0,0.0,-3.75,-3.75,0.0,0.0,0.0,0.0,0.0,3.75,11.25,3.75,0.0,0.0,0.0,0.0,0.0,3.75,3.75,-2.8125,0.0,0.0,3.75,-7.5,-6.5625,-1.875,0.0,-3.75,-3.75,0.0,0.0,0.0,0.0,0.0,0.0,0.0,0.0,0.0,-3.75,0.0,0.0,8.4375,0.0,5.625,0.0,0.0,8.4375,11.25,0.0,0.0,0.0,0.0,0.0,0.0,0.0,0.0
185,4,0.0,0.0,3.75,0.0,0.0,0.0,-3.75,0.0,3.75,0.9375,-3.75,0.0,-7.5,0.0,0.0,-1.875,-3.75,0.0,0.0,0.0,0.0,0.0,3.75,0.0,3.75,0.0,0.0,0.0,0.0,0.0,-1.875,0.0,-3.75,0.0,0.0,3.75,-9.375,-3.75,0.0,0.0,0.0,-3.75,0.0,-1.875,0.0,0.0,0.0,-1.875,0.0,0.0,0.0,-1.875,0.0,0.0,10.3125,0.0,11.25,0.9375,0.0,15.0,15.0,0.0,0.0,0.0,0.0,0.0,0.0,0.0,0.0
185,5,0.0,0.0,3.75,0.0,0.0,0.0,-3.75,0.0,3.75,0.9375,-3.75,0.0,-7.5,0.0,0.0,-1.875,-3.75,0.0,0.0,0.0,0.0,0.0,3.75,-3.75,3.75,0.0,0.0,0.0,0.0,0.0,-1.875,0.0,-3.75,0.0,0.0,3.75,-7.5,-3.75,0.0,0.0,0.0,-3.75,0.0,-1.875,0.0,0.0,0.0,-1.875,0.0,0.0,0.0,-1.875,0.0,0.0,10.3125,0.0,11.25,0.9375,0.0,15.0,15.0,0.0,0.0,0.0,0.0,0.0,0.0,0.0,0.0
186,3,0.0,0.0,7.5,0.0,3.75,0.0,-3.75,0.0,0.9375,3.75,-7.5,0.0,-11.25,0.0,0.0,-1.875,0.0,0.0,0.0,0.0,0.0,0.0,3.75,15.0,0.0,0.0,0.0,0.0,0.0,0.0,7.5,7.5,-3.75,0.0,0.0,3.75,-5.625,-3.75,-1.875,0.0,-2.8125,-3.75,0.0,0.0,0.0,0.0,0.0,-1.875,0.0,0.0,0.0,0.0,0.0,0.0,7.5,0.0,5.625,0.0,0.0,8.4375,11.25,0.0,0.0,0.0,0.0,0.0,0.0,0.0,0.0
186,4,0.0,0.0,3.75,0.0,0.9375,0.0,-3.75,0.0,1.875,0.9375,-5.625,0.0,-10.3125,0.0,0.0,0.0,0.0,0.0,-1.875,0.0,0.0,0.0,3.75,0.0,0.9375,0.0,0.0,0.0,0.0,0.0,0.0,0.0,-3.75,0.0,0.0,0.9375,-7.5,-3.75,0.0,0.0,0.0,-3.75,0.0,-1.875,0.0,0.0,0.0,0.0,0.0,0.0,0.0,0.0,0.0,0.0,7.5,0.0,10.3125,0.0,0.0,13.125,15.0,0.0,0.0,0.0,0.0,0.0,0.0,0.0,0.0
186,5,0.0,0.0,3.75,0.0,0.9375,0.0,-3.75,0.0,1.875,0.9375,-7.5,0.0,-10.3125,0.0,0.0,0.0,0.0,0.0,-1.875,0.0,0.0,0.0,3.75,0.0,0.9375,0.0,0.0,0.0,0.0,0.0,0.0,0.0,-3.75,0.0,0.0,0.9375,-6.5625,-3.75,0.0,0.0,0.0,-3.75,0.0,-1.875,0.0,0.0,0.0,0.0,0.0,0.0,0.0,0.0,0.0,0.0,7.5,0.0,9.375,0.0,0.0,12.1875,15.0,0.0,0.0,0.0,0.0,0.0,0.0,0.0,0.0
187,3,0.0,0.0,5.625,0.0,3.75,0.0,-3.75,0.0,0.0,3.75,-7.5,0.0,-14.0625,0.0,0.0,-1.875,0.9375,0.0,0.0,-3.75,0.0,0.0,1.875,13.125,0.0,0.0,0.0,0.0,0.0,0.0,11.25,7.5,-2.8125,0.0,0.0,3.75,-3.75,-3.75,-1.875,0.0,-0.9375,-6.5625,0.0,0.0,0.0,0.0,0.0,-1.875,0.0,0.0,-1.875,0.0,0.0,0.9375,4.6875,0.0,4.6875,0.0,0.0,7.5,11.25,0.0,0.0,0.0,0.0,0.0,0.0,0.0,0.0
187,4,0.0,0.0,3.75,0.0,0.9375,0.0,-3.75,0.0,0.0,3.75,-3.75,0.0,-11.25,0.0,0.0,0.0,0.0,0.0,-1.875,0.0,0.0,0.0,0.9375,3.75,0.0,0.0,0.0,0.0,0.0,0.0,3.75,3.75,-3.75,0.0,0.0,0.9375,-1.875,0.0,0.0,0.0,0.0,-3.75,0.0,0.0,0.0,0.0,0.0,0.0,0.0,0.0,-1.875,0.0,0.0,0.0,5.625,0.0,7.5,0.0,0.0,11.25,15.0,0.0,0.0,0.0,0.0,0.0,0.0,0.0,0.0
187,5,0.0,0.0,3.75,0.0,0.9375,0.0,-3.75,0.0,0.0,3.75,-3.75,0.0,-11.25,0.0,0.0,0.0,0.0,0.0,0.0,0.0,0.0,0.0,0.9375,3.75,0.0,0.0,0.0,0.0,0.0,0.0,3.75,3.75,-3.75,0.0,0.0,0.9375,0.0,0.0,0.0,0.0,0.0,-3.75,0.0,0.0,0.0,0.0,0.0,0.0,0.0,0.0,-1.875,0.0,0.0,0.0,5.625,0.0,7.5,0.0,0.0,11.25,15.0,0.0,0.0,0.0,0.0,0.0,0.0,0.0,0.0
188,3,0.0,0.0,3.75,0.0,1.875,0.0,-5.625,0.0,-1.875,3.75,0.0,0.0,-15.0,0.0,0.0,0.0,0.9375,0.0,0.0,-1.875,0.0,0.0,0.0,11.25,-1.875,0.0,0.0,0.0,0.0,-1.875,11.25,8.4375,-1.875,0.0,0.0,3.75,0.0,-1.875,-2.8125,0.0,0.0,-7.5,0.0,0.0,0.0,0.0,0.0,0.0,0.0,0.0,-3.75,0.0,0.0,1.875,3.75,0.0,3.75,0.0,0.0,7.5,11.25,0.0,0.0,0.0,0.0,0.0,0.0,0.0,0.0
188,4,0.0,0.0,3.75,0.0,0.0,0.0,-3.75,0.0,0.0,3.75,0.0,0.0,-11.25,0.0,0.0,0.0,0.0,0.0,-3.75,0.0,0.0,0.0,0.0,7.5,0.0,0.0,0.0,0.0,0.0,0.0,5.625,3.75,0.0,0.0,0.0,3.75,3.75,0.0,0.0,0.0,0.0,-7.5,0.0,0.0,0.0,0.0,0.0,0.0,0.0,0.0,-3.75,0.0,0.0,0.0,3.75,0.0,7.5,0.0,0.0,9.375,13.125,0.0,0.0,0.0,0.0,0.0,0.0,0.0,0.0
188,5,0.0,0.0,3.75,0.0,0.0,0.0,-3.75,0.0,-1.875,3.75,0.0,0.0,-11.25,0.0,0.0,0.0,0.0,0.0,-3.75,0.0,0.0,0.0,0.0,7.5,-1.875,0.0,0.0,0.0,0.0,0.0,7.5,4.6875,0.0,0.0,0.0,3.75,3.75,0.0,0.0,0.0,0.0,-7.5,0.0,0.0,0.0,0.0,0.0,0.0,0.0,0.0,-3.75,0.0,0.0,1.875,3.75,0.0,7.5,0.0,0.0,9.375,13.125,0.0,0.0,0.0,0.0,0.0,0.0,0.0,0.0
189,3,-1.875,-1.875,1.875,-1.875,3.75,-1.875,-3.75,0.0,-3.75,3.75,3.75,0.0,-15.9375,0.9375,0.0,0.0,1.875,0.0,0.0,0.0,0.0,0.0,-3.75,11.25,-5.625,0.0,0.0,-1.875,0.0,-1.875,11.25,8.4375,0.0,0.0,0.0,0.9375,3.75,0.0,-1.875,0.0,0.0,-10.3125,0.0,0.0,0.0,0.0,0.0,0.0,0.0,0.0,-6.5625,0.0,0.0,0.0,2.8125,0.0,3.75,0.0,0.0,5.625,9.375,0.0,0.0,0.0,0.0,0.0,0.0,0.0,0.0
189,4,-1.875,-1.875,0.0,-1.875,0.9375,-1.875,-1.875,0.0,-3.75,0.9375,0.0,0.0,-11.25,0.0,0.0,0.0,0.0,0.0,-3.75,0.0,0.0,0.0,0.0,9.375,-3.75,0.0,0.0,0.0,0.0,-1.875,7.5,7.5,0.0,0.0,0.0,0.0,3.75,0.0,0.0,0.0,0.0,-7.5,0.0,0.0,0.0,0.0,0.0,0.9375,0.0,0.0,-3.75,0.0,0.0,0.0,3.75,0.0,3.75,0.0,0.0,7.5,11.25,0.0,0.0,0.0,0.0,0.0,0.0,0.0,0.0
189,5,-1.875,-1.875,0.0,-1.875,0.9375,-1.875,-3.75,0.0,-3.75,0.9375,0.0,0.0,-11.25,0.0,0.0,0.0,0.0,0.0,-3.75,0.0,0.0,0.0,0.0,8.4375,-3.75,0.0,0.0,0.0,0.0,-1.875,3.75,7.5,0.0,0.0,0.0,0.0,3.75,0.0,0.0,0.0,0.0,-7.5,0.0,0.0,0.0,0.0,0.0,3.75,0.0,0.0,-3.75,0.0,0.0,0.0,3.75,0.0,3.75,0.0,0.0,7.5,11.25,0.0,0.0,0.0,0.0,0.0,0.0,0.0,0.0
190,3,-2.8125,-2.8125,0.0,-1.875,3.75,-1.875,0.0,0.0,-6.5625,3.75,3.75,0.0,-16.875,0.9375,0.0,0.0,3.75,0.0,0.0,0.0,0.0,0.0,-3.75,7.5,-9.375,0.0,0.0,0.0,0.0,-3.75,9.375,7.5,0.0,0.0,0.0,0.9375,3.75,0.0,-3.75,0.0,0.0,-11.25,0.0,0.0,0.0,0.0,0.0,0.0,0.0,0.0,-7.5,0.9375,0.0,0.0,0.9375,0.0,2.8125,0.0,0.0,3.75,7.5,0.0,0.0,0.0,0.0,0.0,0.0,0.0,0.0
190,4,-3.75,-3.75,0.0,-3.75,0.9375,-3.75,0.0,0.0,-3.75,1.875,1.875,-1.875,-7.5,1.875,-1.875,0.0,0.0,0.0,-3.75,0.0,0.0,0.0,0.0,3.75,-7.5,0.0,0.0,0.0,0.0,-3.75,4.6875,5.625,0.9375,0.0,0.0,0.0,3.75,0.0,0.0,0.0,0.0,-7.5,0.0,0.0,-1.875,0.0,0.0,3.75,0.0,0.0,-7.5,0.0,0.0,0.0,0.9375,0.0,3.75,0.0,0.0,5.625,8.4375,0.0,0.0,0.0,0.0,0.0,0.0,0.0,0.0
190,5,-3.75,-3.75,0.0,-3.75,0.9375,-3.75,0.0,0.0,-3.75,0.9375,0.9375,-1.875,-7.5,0.9375,-1.875,0.0,0.0,0.0,-3.75,0.0,0.0,0.0,0.0,3.75,-7.5,0.0,0.0,0.0,0.0,-3.75,5.625,4.6875,1.875,0.0,0.0,0.0,3.75,0.0,0.0,0.0,0.0,-5.625,0.0,0.0,-1.875,0.0,0.0,3.75,0.0,0.0,-7.5,0.0,0.0,0.0,0.9375,0.0,3.75,0.0,0.0,5.625,9.375,0.0,0.0,0.0,0.0,0.0,0.0,0.0,0.0
191,3,-3.75,-3.75,-3.75,-3.75,0.0,-3.75,3.75,0.0,-7.5,3.75,3.75,-1.875,-15.0,0.9375,-1.875,-1.875,3.75,0.0,0.9375,-3.75,0.0,0.0,-3.75,3.75,-10.3125,0.0,0.0,0.0,0.0,-7.5,7.5,3.75,0.0,0.0,0.0,0.0,1.875,0.0,-3.75,0.0,0.0,-11.25,0.0,0.0,0.0,0.0,0.0,1.875,0.0,0.0,-9.375,0.9375,0.0,0.0,0.0,0.0,0.9375,0.0,0.0,3.75,7.5,0.0,0.0,0.0,0.0,0.0,0.0,0.0,0.0
191,4,-3.75,-3.75,-1.875,-3.75,0.0,-3.75,0.9375,0.0,-3.75,0.9375,0.9375,-3.75,3.75,0.9375,-3.75,-1.875,0.0,0.0,-3.75,-1.875,0.0,0.0,0.0,3.75,-9.375,0.0,0.0,0.0,0.0,-6.5625,3.75,3.75,0.9375,0.0,0.0,0.0,0.9375,0.0,0.0,0.0,0.0,-3.75,0.0,0.0,-1.875,0.0,0.0,3.75,0.0,0.0,-7.5,0.0,0.0,0.0,0.0,0.0,0.9375,0.0,0.0,3.75,7.5,0.0,0.0,0.0,0.0,0.0,0.0,0.0,0.0
191,5,-3.75,-3.75,-1.875,-3.75,0.0,-3.75,0.9375,0.0,-3.75,3.75,0.9375,-3.75,0.9375,0.9375,-3.75,-1.875,0.0,0.0,-3.75,-3.75,0.0,0.0,0.0,3.75,-8.4375,0.0,0.0,0.0,0.0,-5.625,3.75,3.75,0.9375,0.0,0.0,0.0,0.9375,0.0,0.0,0.0,0.0,-1.875,0.0,0.0,-1.875,0.0,0.0,3.75,0.0,0.0,-7.5,0.0,0.0,0.0,0.0,0.0,1.875,0.0,0.0,3.75,7.5,0.0,0.0,0.0,0.0,0.0,0.0,0.0,0.0
192,3,-4.6875,-3.75,-3.75,-3.75,0.0,-3.75,3.75,0.0,-7.5,0.0,0.9375,-3.75,-15.0,0.9375,-1.875,0.0,0.0,0.0,3.75,-3.75,0.0,0.0,-3.75,4.6875,-12.1875,0.0,0.0,0.0,0.0,-7.5,3.75,3.75,0.0,0.0,0.0,0.0,0.9375,0.0,-1.875,0.0,0.0,0.0,0.0,0.9375,0.0,0.0,0.0,0.9375,0.0,0.0,-11.25,3.75,0.0,0.0,0.0,0.0,0.0,0.0,0.0,0.9375,3.75,0.0,0.0,0.0,0.0,0.0,0.0,0.0,0.0
192,4,-6.5625,-6.5625,-3.75,-5.625,0.0,-4.6875,3.75,0.0,-3.75,0.0,0.0,-3.75,7.5,0.0,-3.75,0.0,0.0,0.0,0.0,-1.875,0.0,0.0,0.0,3.75,-11.25,0.0,0.0,-1.875,0.0,-7.5,3.75,3.75,0.0,0.0,0.0,-3.75,0.0,0.0,0.0,0.0,0.0,1.875,0.0,0.0,-1.875,0.0,0.0,3.75,0.0,0.0,-7.5,0.0,0.0,0.0,0.0,0.0,0.0,0.0,0.0,3.75,4.6875,0.0,0.0,0.0,0.0,0.0,0.0,0.0,0.0
192,5,-6.5625,-6.5625,-3.75,-6.5625,0.0,-5.625,3.75,0.0,-3.75,0.0,0.0,-3.75,7.5,0.9375,-3.75,0.0,0.0,0.0,0.0,-1.875,0.0,0.0,0.0,4.6875,-11.25,0.0,0.0,-1.875,0.0,-7.5,3.75,3.75,0.0,0.0,0.0,-3.75,0.0,0.0,0.0,0.0,0.0,3.75,0.0,0.0,-1.875,0.0,0.0,3.75,0.0,0.0,-7.5,0.0,0.0,0.0,0.0,0.0,0.9375,0.0,0.0,3.75,4.6875,0.0,0.0,0.0,0.0,0.0,0.0,0.0,0.0
193,3,-6.5625,-4.6875,-5.625,-5.625,0.0,-5.625,3.75,0.0,-10.3125,0.0,0.0,-3.75,-13.125,0.0,-3.75,-1.875,0.0,0.0,7.5,-3.75,0.0,0.0,-1.875,0.0,-15.0,0.0,0.0,0.0,0.0,-7.5,3.75,0.0,-3.75,0.0,0.0,-1.875,0.0,0.0,0.0,0.0,0.0,3.75,0.0,3.75,0.0,0.0,0.0,0.0,0.0,0.0,-11.25,3.75,0.9375,0.0,0.0,0.9375,0.0,0.0,0.0,0.9375,3.75,0.0,0.0,0.0,0.0,0.0,0.0,0.0,0.0
193,4,-7.5,-7.5,-1.875,-7.5,0.0,-7.5,0.0,0.0,-7.5,0.0,0.0,-6.5625,7.5,0.0,-3.75,-1.875,0.0,0.0,3.75,-3.75,0.0,0.0,0.0,3.75,-15.0,0.0,0.0,-1.875,0.0,-7.5,3.75,0.0,0.0,0.0,0.0,-5.625,0.0,-1.875,0.0,0.0,0.0,3.75,0.0,0.0,-1.875,0.0,0.0,0.9375,0.0,0.0,-7.5,0.0,0.9375,0.0,0.0,0.0,0.0,0.0,0.0,0.9375,3.75,0.0,0.0,0.0,0.0,0.0,0.0,0.0,0.0
193,5,-7.5,-7.5,-1.875,-7.5,0.0,-7.5,0.0,0.0,-7.5,0.0,0.0,-6.5625,5.625,0.0,-4.6875,-1.875,0.0,0.0,7.5,-3.75,0.0,0.0,0.0,3.75,-15.0,0.0,0.0,-1.875,0.0,-7.5,3.75,0.0,0.0,0.0,0.0,-5.625,0.0,-1.875,0.0,0.0,0.0,4.6875,0.0,1.875,-1.875,0.0,0.0,0.9375,0.0,0.0,-7.5,0.0,0.9375,0.0,0.0,0.0,0.0,0.0,0.0,0.9375,3.75,0.0,0.0,0.0,0.0,0.0,0.0,0.0,0.0
194,3,-8.4375,-6.5625,-3.75,-6.5625,-3.75,-7.5,3.75,0.0,-7.5,0.0,0.0,-6.5625,-3.75,0.0,-3.75,-1.875,0.0,0.0,11.25,-6.5625,0.0,-1.875,0.0,0.0,-16.875,0.0,3.75,0.0,0.0,-7.5,0.0,0.0,-3.75,0.0,0.0,0.0,0.0,-1.875,0.0,0.0,0.0,3.75,0.0,3.75,0.0,0.0,0.0,0.0,0.0,0.0,-11.25,3.75,0.9375,0.0,0.0,3.75,0.0,0.0,0.0,0.0,0.9375,0.0,0.0,0.0,0.0,0.0,0.0,0.0,0.0
194,4,-10.3125,-9.375,0.0,-9.375,-3.75,-7.5,0.9375,-1.875,-3.75,0.0,0.0,-7.5,0.0,0.0,-7.5,-3.75,0.0,0.0,7.5,-3.75,0.0,0.0,0.0,0.0,-15.0,0.0,0.9375,0.0,0.0,-7.5,0.0,0.0,0.0,0.0,0.0,-3.75,0.0,-3.75,0.0,0.0,0.0,3.75,0.0,3.75,-1.875,0.0,0.0,0.0,0.0,0.0,-3.75,0.9375,0.0,0.0,0.0,0.0,0.0,0.0,0.0,0.0,1.875,0.0,0.0,0.0,0.0,0.0,0.0,0.0,0.0
194,5,-10.3125,-10.3125,0.0,-9.375,-3.75,-7.5,0.9375,-1.875,-3.75,0.0,0.0,-7.5,0.0,0.0,-7.5,-3.75,0.0,0.0,7.5,-3.75,0.0,0.0,0.0,0.0,-15.0,0.0,0.9375,0.0,0.0,-5.625,0.0,0.0,0.0,0.0,0.0,-6.5625,0.0,-3.75,0.0,0.0,0.0,3.75,0.0,3.75,-1.875,0.0,0.0,0.9375,0.0,0.0,-3.75,3.75,0.0,0.0,0.0,1.875,0.0,0.0,0.0,0.0,1.875,0.0,0.0,0.0,0.0,0.0,0.0,0.0,0.0
195,3,-11.25,-7.5,0.0,-7.5,-3.75,-7.5,3.75,-0.9375,0.0,0.0,0.0,-7.5,-1.875,-3.75,-5.625,0.0,0.0,0.0,8.4375,-3.75,0.0,-3.75,0.0,0.0,-17.8125,0.0,3.75,0.0,0.0,-3.75,0.0,0.0,-3.75,0.0,0.0,1.875,0.0,-3.75,0.0,0.0,0.0,3.75,0.0,4.6875,0.0,0.0,0.0,0.0,0.0,0.0,-11.25,3.75,0.0,-1.875,0.0,3.75,0.0,0.0,0.0,0.0,0.0,0.0,0.0,0.0,0.0,0.0,0.0,0.0,0.0
195,4,-11.25,-11.25,0.0,-11.25,-3.75,-10.3125,3.75,-3.75,0.0,0.0,0.0,-10.3125,0.0,-3.75,-7.5,0.0,0.0,-1.875,7.5,0.0,0.0,0.0,0.0,0.0,-15.0,0.0,3.75,-1.875,0.0,0.0,0.0,0.0,0.0,0.0,0.0,-7.5,0.0,-3.75,0.0,0.0,0.0,3.75,0.0,4.6875,0.0,0.0,0.0,0.0,0.0,0.0,0.0,3.75,0.0,-1.875,0.0,3.75,0.0,0.0,0.0,0.0,0.9375,0.0,0.0,0.0,0.0,0.0,0.0,0.0,0.0
195,5,-11.25,-11.25,0.0,-11.25,-3.75,-10.3125,3.75,-3.75,1.875,0.0,0.0,-10.3125,0.0,-3.75,-7.5,0.0,0.0,-1.875,7.5,0.0,0.0,0.0,0.0,0.0,-15.0,0.0,3.75,-1.875,0.0,0.0,0.0,0.0,0.0,0.0,0.0,-6.5625,0.0,-3.75,0.0,0.0,0.0,3.75,0.0,4.6875,0.0,0.0,0.0,0.0,0.0,0.0,0.0,3.75,0.0,-1.875,0.0,3.75,0.0,0.0,0.0,0.0,0.9375,0.0,0.0,0.0,0.0,0.0,0.0,0.0,0.0
196,3,-13.125,-7.5,3.75,-7.5,-3.75,-7.5,0.9375,-1.875,3.75,0.0,0.0,-10.3125,0.0,-7.5,-7.5,0.9375,-1.875,-1.875,11.25,-3.75,0.0,0.0,0.0,0.0,-18.75,0.0,3.75,0.0,0.0,0.0,0.0,-1.875,-3.75,0.0,0.0,4.6875,0.9375,-7.5,0.0,0.0,0.0,3.75,0.0,4.6875,0.0,0.0,0.0,0.0,0.0,0.0,11.25,3.75,0.0,-0.9375,0.0,3.75,0.0,0.0,0.0,0.0,0.0,0.0,0.0,0.0,0.0,0.0,0.0,0.0,0.0
196,4,-15.0,-14.0625,1.875,-12.1875,-3.75,-11.25,0.0,-3.75,3.75,-3.75,0.0,-11.25,0.0,-6.5625,-11.25,0.0,-3.75,-3.75,8.4375,0.0,0.0,0.0,0.0,0.0,-13.125,0.0,3.75,-1.875,0.0,1.875,0.0,0.0,0.0,0.0,0.0,-3.75,0.0,-3.75,0.0,0.0,0.0,3.75,0.0,5.625,0.0,0.0,0.0,0.0,0.0,0.0,3.75,3.75,0.0,0.0,0.0,3.75,0.0,0.0,0.0,0.0,0.0,0.0,0.0,0.0,0.0,0.0,0.0,0.0,0.0
196,5,-14.0625,-14.0625,3.75,-13.125,-3.75,-11.25,0.0,-3.75,3.75,-3.75,0.0,-11.25,0.0,-6.5625,-11.25,0.0,-3.75,-3.75,9.375,0.0,0.0,0.0,0.0,0.0,7.5,0.0,3.75,0.0,0.0,0.0,0.0,0.0,0.0,0.0,0.0,-3.75,0.0,-3.75,0.0,0.0,0.0,3.75,0.0,4.6875,0.0,0.0,0.0,0.0,0.0,0.0,0.9375,3.75,0.0,0.0,0.0,3.75,0.0,0.0,0.0,0.0,0.0,0.0,0.0,0.0,0.0,0.0,0.0,0.0,0.0
197,3,-15.0,-10.3125,3.75,-10.3125,-10.3125,-10.3125,0.0,-3.75,7.5,0.0,0.0,-11.25,0.0,-7.5,-7.5,0.9375,-3.75,-1.875,11.25,-1.875,0.0,0.9375,0.0,0.0,18.75,0.0,4.6875,0.9375,0.0,0.0,0.0,-3.75,-3.75,0.0,0.0,9.375,0.9375,-7.5,0.0,0.0,0.0,0.0,0.0,3.75,0.0,0.0,0.0,0.0,0.9375,0.0,11.25,3.75,0.0,0.0,0.0,3.75,0.0,0.0,0.0,0.0,0.0,0.0,0.0,0.0,0.0,0.0,0.0,0.0,0.0
197,4,-16.875,-15.0,3.75,-15.0,-7.5,-14.0625,0.0,-3.75,3.75,-3.75,0.0,-14.0625,0.0,-3.75,-11.25,3.75,-3.75,-3.75,7.5,0.0,0.0,1.875,0.0,0.0,15.0,0.0,3.75,1.875,0.0,3.75,0.0,-3.75,0.0,0.0,0.0,0.0,0.0,-3.75,0.0,0.0,0.0,0.0,0.0,3.75,-1.875,0.0,0.0,0.0,0.0,0.0,4.6875,3.75,0.0,0.0,0.0,3.75,0.0,0.0,0.0,0.0,0.0,0.0,0.0,0.0,0.0,0.0,0.0,0.0,0.0
197,5,-16.875,-15.0,3.75,-15.0,-7.5,-14.0625,0.0,-3.75,3.75,-3.75,0.0,-14.0625,0.0,-3.75,-11.25,3.75,-3.75,-3.75,7.5,0.0,0.0,0.9375,0.0,0.0,13.125,0.0,3.75,1.875,0.0,3.75,0.0,-3.75,0.0,0.0,0.0,0.0,0.0,-3.75,0.0,0.0,0.0,0.0,0.0,3.75,0.0,0.0,0.0,0.0,0.0,0.0,4.6875,3.75,0.0,0.0,0.0,3.75,0.0,0.0,0.0,0.0,0.0,0.0,0.0,0.0,0.0,0.0,0.0,0.0,0.0
198,3,-17.8125,-11.25,3.75,-10.3125,-11.25,-10.3125,0.0,-3.75,0.0,0.0,0.9375,-11.25,-3.75,-13.125,-9.375,0.9375,-3.75,-3.75,3.75,0.0,0.0,0.0,0.0,-3.75,15.9375,0.0,0.0,0.9375,0.0,0.9375,0.0,-3.75,0.0,0.0,0.0,11.25,3.75,9.375,0.0,0.0,0.0,0.0,0.0,3.75,0.9375,-3.75,0.0,0.0,0.9375,0.0,11.25,0.9375,0.0,0.0,0.0,3.75,0.0,0.0,0.0,0.0,0.0,0.0,0.0,0.0,0.0,0.0,0.0,0.0,0.0
198,4,-18.75,-16.875,3.75,-15.0,-7.5,-15.0,0.0,-6.5625,0.9375,-3.75,0.9375,-15.0,-3.75,-10.3125,-14.0625,3.75,-6.5625,-6.5625,3.75,0.0,0.0,0.0,0.0,-3.75,15.0,0.0,3.75,0.9375,0.0,3.75,0.0,-3.75,0.0,0.0,0.0,7.5,0.9375,0.0,0.0,0.0,0.0,0.0,0.0,3.75,0.0,-3.75,0.0,0.0,0.0,0.0,7.5,1.875,-1.875,0.0,0.0,3.75,0.0,0.0,0.0,0.0,0.0,0.0,0.0,0.0,0.0,0.0,0.0,0.0,0.0
198,5,-18.75,-16.875,3.75,-15.0,-7.5,-15.0,0.0,-6.5625,0.9375,-3.75,0.9375,-15.0,-3.75,-7.5,-14.0625,3.75,-6.5625,-6.5625,3.75,0.0,0.0,0.0,0.0,-3.75,14.0625,0.0,3.75,0.9375,0.0,3.75,0.0,-3.75,0.0,0.0,0.0,7.5,1.875,3.75,0.0,0.0,-1.875,0.0,0.0,3.75,0.0,-3.75,0.0,0.0,0.0,0.0,7.5,0.9375,-1.875,0.0,0.0,3.75,0.0,0.0,0.0,0.0,0.0,0.0,0.0,0.0,0.0,0.0,0.0,0.0,0.0
199,3,-18.75,-9.375,0.0,-9.375,-11.25,-9.375,0.9375,-3.75,3.75,0.0,0.9375,-13.125,-1.875,-15.0,-10.3125,3.75,-3.75,-3.75,4.6875,0.0,0.0,0.0,0.0,-3.75,15.0,0.0,0.0,3.75,0.0,3.75,0.0,0.0,0.0,0.0,0.0,11.25,3.75,11.25,-1.875,0.0,0.0,0.0,0.0,0.9375,3.75,-3.75,0.0,0.0,0.0,0.0,7.5,0.0,0.0,0.0,0.0,0.9375,0.0,0.0,0.0,0.0,0.0,0.0,0.0,0.0,0.0,0.0,0.0,0.0,0.0
199,4,-20.625,-18.75,0.0,-16.875,-3.75,-15.0,0.0,-7.5,3.75,-3.75,0.0,-16.875,-1.875,-11.25,-15.0,3.75,-7.5,-7.5,3.75,0.0,0.0,0.0,0.0,-3.75,12.1875,0.0,1.875,3.75,0.0,4.6875,0.0,-1.875,0.0,0.0,0.0,7.5,3.75,7.5,0.0,0.0,-1.875,0.0,0.0,3.75,0.0,-3.75,0.0,0.0,0.0,0.0,3.75,0.0,-1.875,0.9375,0.0,3.75,0.0,0.0,0.0,0.0,0.0,0.0,0.0,0.0,0.0,0.0,0.0,0.0,0.0
199,5,-20.625,-18.75,0.0,-16.875,-3.75,-15.0,0.9375,-7.5,3.75,-5.625,0.0,-16.875,-1.875,-11.25,-15.0,3.75,-6.5625,-7.5,3.75,0.0,0.0,0.0,0.0,-3.75,13.125,0.0,1.875,3.75,0.0,4.6875,0.0,-1.875,0.0,0.0,0.0,7.5,3.75,7.5,0.0,0.0,-1.875,0.0,0.0,3.75,0.0,-3.75,0.0,0.0,0.0,0.0,3.75,0.0,-1.875,0.9375,0.0,3.75,0.0,0.0,0.0,0.0,0.0,0.0,0.0,0.0,0.0,0.0,0.0,0.0,0.0
200,3,-20.625,-9.375,0.0,-7.5,-11.25,-7.5,0.0,-3.75,3.75,3.75,0.0,-13.125,0.0,-15.0,-10.3125,3.75,-3.75,-3.75,7.5,0.0,0.0,0.0,0.0,-3.75,11.25,0.0,0.0,1.875,0.0,2.8125,0.0,0.0,0.0,0.0,0.0,9.375,3.75,8.4375,0.0,0.0,0.0,-0.9375,0.0,0.0,3.75,-3.75,0.0,0.0,0.0,0.0,3.75,0.0,0.0,0.0,0.0,0.0,0.0,0.0,0.0,0.0,0.0,0.0,0.0,0.0,0.0,0.0,0.0,0.0,0.0
200,4,-21.5625,-18.75,0.0,-16.875,0.0,-15.0,0.0,-7.5,3.75,-1.875,0.0,-17.8125,0.0,-7.5,-15.0,3.75,-7.5,-7.5,4.6875,0.0,0.0,0.0,0.0,-3.75,11.25,0.0,0.0,0.9375,0.0,3.75,0.0,0.0,0.0,0.0,0.0,7.5,3.75,7.5,0.0,0.0,-1.875,0.0,0.0,0.0,0.9375,-3.75,0.0,0.0,-0.9375,0.0,3.75,0.0,0.0,3.75,0.0,0.9375,0.0,0.0,0.0,0.0,0.0,0.0,0.0,0.0,0.0,0.0,0.0,0.0,0.0
200,5,-21.5625,-18.75,0.0,-17.8125,0.0,-15.0,0.0,-7.5,3.75,-3.75,0.0,-16.875,0.0,-7.5,-15.0,3.75,-7.5,-7.5,7.5,0.0,0.0,0.0,0.0,-3.75,11.25,0.0,0.0,0.9375,0.0,3.75,0.0,0.0,0.0,0.0,0.0,7.5,3.75,7.5,0.0,0.0,-3.75,0.0,0.0,0.0,0.9375,-3.75,0.0,0.0,-1.875,0.0,2.8125,0.0,0.0,3.75,0.0,0.9375,0.0,0.0,0.0,0.0,0.0,0.0,0.0,0.0,0.0,0.0,0.0,0.0,0.0
201,3,-22.5,-9.375,3.75,-5.625,-5.625,-7.5,0.0,-3.75,-1.875,7.5,0.0,-13.125,0.0,-15.0,-7.5,0.0,0.0,-3.75,7.5,0.0,0.0,0.0,0.0,-6.5625,9.375,0.0,-1.875,0.9375,0.0,0.0,-1.875,0.0,0.0,0.0,0.0,7.5,0.9375,7.5,0.0,0.0,0.0,0.0,0.0,0.0,3.75,-3.75,0.0,0.0,0.0,0.0,0.0,-1.875,0.0,0.0,0.0,0.0,0.0,0.0,0.0,0.0,0.0,0.0,0.0,0.0,0.0,0.0,0.0,0.0,0.0
201,4,-22.5,-18.75,0.9375,-16.875,0.0,-15.0,0.0,-6.5625,0.0,0.0,0.0,-15.0,0.0,3.75,-16.875,0.0,-3.75,-8.4375,1.875,0.0,0.0,-1.875,0.0,-6.5625,7.5,0.0,-1.875,3.75,0.0,0.9375,0.0,0.0,0.0,0.0,0.0,7.5,1.875,7.5,0.0,0.0,0.0,0.0,0.0,0.0,3.75,-3.75,0.0,0.0,-3.75,0.0,0.0,-2.8125,0.0,3.75,0.0,0.0,0.0,0.0,0.0,0.0,0.0,0.0,0.0,0.0,0.0,0.0,0.0,0.0,0.0
201,5,-22.5,-18.75,0.9375,-16.875,0.0,-15.0,0.0,-5.625,0.0,0.0,0.0,-15.0,0.0,3.75,-15.0,0.0,-3.75,-9.375,3.75,0.0,0.0,-1.875,0.0,-7.5,7.5,0.0,-1.875,3.75,0.0,0.9375,-1.875,0.0,0.0,0.0,0.0,7.5,3.75,7.5,0.0,0.0,0.0,0.0,0.0,0.0,3.75,-3.75,0.0,0.0,-3.75,0.0,0.0,-2.8125,0.0,3.75,0.0,0.0,0.0,0.0,0.0,0.0,0.0,0.0,0.0,0.0,0.0,0.0,0.0,0.0,0.0
202,3,22.5,9.375,3.75,3.75,0.0,3.75,0.0,0.0,-1.875,11.25,0.9375,3.75,0.0,13.125,0.0,0.0,4.6875,-3.75,3.75,-1.875,0.0,-6.5625,0.0,-7.5,7.5,0.0,-3.75,3.75,0.0,0.0,-2.8125,-1.875,0.0,0.0,0.0,7.5,0.9375,4.6875,0.0,0.0,0.0,0.0,0.0,0.0,3.75,-3.75,0.0,0.0,-3.75,0.0,-6.5625,-3.75,0.0,0.0,0.0,0.0,0.0,-1.875,0.0,0.0,0.0,0.0,0.0,0.0,0.0,0.0,0.0,0.0,0.0
202,4,22.5,17.8125,0.0,15.0,0.9375,11.25,0.0,3.75,-1.875,7.5,0.0,11.25,0.0,7.5,7.5,-1.875,3.75,-9.375,0.9375,0.0,0.0,-3.75,0.0,-7.5,7.5,0.0,-3.75,3.75,0.0,0.0,-1.875,0.0,0.0,0.0,0.0,3.75,3.75,4.6875,0.0,0.0,0.0,0.0,0.0,0.0,3.75,-3.75,0.0,0.0,-4.6875,0.0,-3.75,-3.75,0.0,0.9375,0.0,0.0,0.0,-2.8125,0.0,0.0,0.0,0.0,0.0,0.0,0.0,0.0,0.0,0.0,0.0
202,5,18.75,16.875,0.0,15.0,0.9375,11.25,0.0,3.75,-1.875,8.4375,0.0,11.25,0.0,7.5,7.5,-1.875,4.6875,-11.25,0.9375,0.0,0.0,-3.75,0.0,-7.5,7.5,0.0,-3.75,3.75,0.0,0.9375,-1.875,0.0,0.0,0.0,0.0,4.6875,3.75,4.6875,0.0,0.0,0.0,0.0,0.0,0.0,3.75,-3.75,0.0,0.0,-4.6875,0.0,-3.75,-3.75,0.0,0.9375,0.0,0.0,0.0,-2.8125,0.0,0.0,0.0,0.0,0.0,0.0,0.0,0.0,0.0,0.0,0.0
203,3,20.625,8.4375,0.0,5.625,0.0,7.5,0.0,0.9375,0.0,11.25,0.0,11.25,0.0,11.25,3.75,-1.875,7.5,-3.75,4.6875,-2.8125,0.0,-7.5,0.0,-7.5,3.75,0.0,-3.75,3.75,0.0,0.0,-3.75,0.0,0.0,0.0,0.0,3.75,0.9375,3.75,0.0,0.0,1.875,0.0,0.0,0.0,3.75,-3.75,0.0,0.0,-3.75,0.0,-9.375,-3.75,0.0,0.0,0.0,0.0,0.0,-2.8125,0.0,0.0,0.0,0.0,0.0,0.0,0.0,0.0,0.0,0.0,0.0
203,4,21.5625,18.75,0.0,15.0,1.875,15.0,0.0,3.75,0.0,11.25,0.0,15.0,0.0,7.5,15.0,-3.75,11.25,-11.25,3.75,0.0,0.0,-6.5625,0.0,-7.5,3.75,0.0,-3.75,3.75,0.0,0.0,-3.75,0.0,0.0,0.0,0.0,1.875,1.875,3.75,0.0,0.0,3.75,0.0,0.0,-1.875,3.75,-1.875,0.0,0.0,-7.5,0.0,-7.5,-3.75,0.0,0.0,0.0,0.0,0.0,-3.75,0.0,0.0,0.0,0.0,0.0,0.0,0.0,0.0,0.0,0.0,0.0
203,5,19.6875,16.875,0.0,15.0,1.875,13.125,0.0,3.75,0.0,11.25,0.0,15.0,-1.875,7.5,15.0,-2.8125,11.25,-11.25,3.75,0.0,0.0,-7.5,0.0,-7.5,3.75,0.0,-3.75,3.75,0.0,0.0,-3.75,0.0,0.0,0.0,0.0,1.875,1.875,3.75,0.0,0.0,3.75,0.0,0.0,-1.875,3.75,-1.875,0.0,0.0,-7.5,0.0,-7.5,-3.75,0.0,0.0,0.0,0.0,0.0,-3.75,0.0,0.0,0.0,0.0,0.0,0.0,0.0,0.0,0.0,0.0,0.0
204,3,19.6875,9.375,0.0,7.5,-3.75,7.5,0.0,0.9375,0.0,8.4375,0.0,11.25,0.0,8.4375,3.75,-3.75,8.4375,-3.75,3.75,-1.875,0.0,-7.5,0.0,-7.5,0.0,0.0,-8.4375,3.75,0.0,0.0,-3.75,0.0,0.0,0.0,0.0,0.9375,0.0,0.0,0.0,0.0,3.75,0.0,0.0,-1.875,3.75,0.0,0.0,0.9375,-7.5,0.0,-11.25,-3.75,0.0,0.0,0.0,0.0,0.0,-3.75,0.0,0.0,0.0,0.0,0.0,0.0,0.0,0.0,0.0,0.0,0.0
204,4,19.6875,15.9375,0.0,15.0,0.0,15.0,0.0,3.75,0.0,9.375,0.0,15.0,0.0,3.75,15.0,-3.75,11.25,-14.0625,1.875,0.0,0.0,-3.75,0.0,-6.5625,0.0,0.0,-7.5,3.75,0.0,0.0,-3.75,0.0,0.0,0.0,0.0,0.0,0.0,0.0,0.0,-1.875,3.75,0.0,-1.875,-3.75,3.75,0.0,-1.875,3.75,-7.5,0.0,-10.3125,-3.75,0.0,0.0,0.0,0.0,0.0,-3.75,0.0,0.0,0.0,0.0,0.0,0.0,0.0,0.0,0.0,0.0,0.0
204,5,19.6875,16.875,0.0,15.0,0.0,13.125,0.0,3.75,0.0,9.375,0.0,15.0,0.0,5.625,15.0,-3.75,11.25,-11.25,0.9375,0.0,0.0,-7.5,0.0,-6.5625,0.0,0.0,-8.4375,3.75,0.0,0.0,-3.75,0.0,0.0,0.0,0.0,0.0,0.0,0.9375,0.0,-1.875,3.75,0.0,-1.875,-3.75,3.75,0.0,-1.875,3.75,-7.5,0.0,-7.5,-3.75,0.0,0.0,0.0,0.0,0.0,-3.75,0.0,0.0,0.0,0.0,0.0,0.0,0.0,0.0,0.0,0.0,0.0
205,3,16.875,8.4375,-1.875,7.5,-3.75,7.5,0.0,0.0,-1.875,8.4375,0.9375,11.25,0.0,5.625,4.6875,-7.5,8.4375,9.375,0.0,-1.875,0.0,-7.5,0.0,-7.5,0.0,0.0,-11.25,3.75,0.0,-1.875,-3.75,0.0,0.0,0.0,0.0,0.0,0.0,0.0,0.0,-1.875,3.75,0.0,-1.875,0.0,3.75,0.0,-1.875,3.75,-11.25,0.0,-13.125,-3.75,0.0,0.0,0.0,0.0,0.0,-3.75,0.0,0.0,0.0,0.0,0.0,0.0,0.0,0.0,0.0,0.0,0.0
205,4,17.8125,15.0,0.0,15.0,-3.75,12.1875,0.0,3.75,0.0,8.4375,0.9375,15.0,0.0,3.75,15.0,-7.5,11.25,-15.0,0.0,-1.875,0.0,-1.875,0.0,-3.75,0.0,-1.875,-10.3125,3.75,-1.875,-1.875,0.0,0.0,0.0,-1.875,0.0,0.0,0.0,0.0,0.0,-2.8125,3.75,0.0,-2.8125,-1.875,3.75,0.0,-2.8125,3.75,-11.25,0.0,-11.25,-3.75,0.0,0.0,0.0,0.0,0.0,-3.75,0.0,0.0,0.0,0.0,0.0,0.0,0.0,0.0,0.0,0.0,0.0
205,5,16.875,15.0,0.0,13.125,-3.75,12.1875,0.0,3.75,0.0,9.375,0.9375,15.0,-1.875,3.75,15.0,-7.5,11.25,-15.0,0.0,-1.875,-1.875,-3.75,-1.875,-3.75,0.0,-1.875,-10.3125,3.75,-1.875,-1.875,0.0,0.0,0.0,-1.875,0.0,0.0,0.0,0.0,0.0,-2.8125,4.6875,0.0,-2.8125,-3.75,3.75,0.0,-2.8125,3.75,-11.25,0.0,-11.25,-3.75,0.0,0.0,0.0,0.0,0.0,-5.625,0.0,0.0,0.0,0.0,0.0,0.0,0.0,0.0,0.0,0.0,0.0
206,3,15.9375,8.4375,0.0,7.5,-6.5625,7.5,1.875,0.0,0.0,5.625,1.875,11.25,0.0,3.75,7.5,-10.3125,8.4375,15.9375,0.0,0.0,0.0,-7.5,0.0,-3.75,-3.75,0.0,-13.125,3.75,0.0,0.0,-3.75,0.0,0.0,0.0,0.0,0.0,0.0,0.0,0.0,-1.875,3.75,0.0,-1.875,0.0,0.9375,0.0,-2.8125,3.75,-14.0625,0.0,-14.0625,-2.8125,0.0,0.0,0.0,0.0,0.0,-5.625,0.0,0.0,0.0,0.0,0.0,0.0,0.0,0.0,0.0,0.0,0.0
206,4,15.9375,13.125,0.0,12.1875,-3.75,11.25,0.0,3.75,0.0,7.5,0.0,15.0,0.0,0.0,15.0,-7.5,11.25,-15.0,0.0,0.0,-3.75,3.75,-3.75,-3.75,-3.75,-3.75,-11.25,3.75,-2.8125,0.0,-1.875,0.0,0.0,-3.75,0.0,0.0,0.0,0.0,0.0,-3.75,3.75,0.0,-3.75,-3.75,0.0,0.0,-3.75,3.75,-11.25,0.0,-11.25,0.0,0.0,0.0,0.0,0.0,0.0,-7.5,0.0,0.0,0.0,0.0,0.0,0.0,0.0,0.0,0.0,0.0,0.0
206,5,15.9375,13.125,0.0,12.1875,-3.75,11.25,0.0,3.75,0.0,7.5,0.0,14.0625,0.0,0.0,15.0,-7.5,11.25,-15.0,0.0,0.0,-3.75,3.75,-3.75,-3.75,-3.75,-3.75,-11.25,3.75,-2.8125,0.0,-1.875,0.0,0.0,-3.75,0.0,0.0,0.0,0.0,0.0,-3.75,3.75,0.0,-3.75,-3.75,0.9375,0.0,-3.75,3.75,-11.25,0.0,-11.25,0.0,0.0,0.0,0.0,0.0,0.0,-6.5625,0.0,0.0,0.0,0.0,0.0,0.0,0.0,0.0,0.0,0.0,0.0
207,3,13.125,7.5,-3.75,7.5,-7.5,7.5,0.0,0.0,0.0,0.9375,-1.875,11.25,0.0,0.0,9.375,-11.25,7.5,19.6875,0.0,0.0,-2.8125,-3.75,0.0,-3.75,-5.625,0.0,-15.0,3.75,0.0,0.0,-1.875,0.0,0.0,-0.9375,0.0,0.0,0.0,-3.75,0.0,-3.75,0.9375,0.0,-3.75,0.9375,0.9375,0.9375,-3.75,1.875,-15.0,0.0,11.25,0.0,0.0,0.0,0.0,0.0,0.0,-5.625,0.0,0.0,0.0,0.0,0.0,0.0,0.0,0.0,0.0,0.0,0.0
207,4,13.125,11.25,0.0,11.25,-7.5,9.375,0.0,0.9375,0.0,3.75,-1.875,11.25,0.0,0.0,15.0,-7.5,8.4375,-15.0,0.0,0.0,-3.75,3.75,-3.75,0.0,-3.75,-3.75,-15.0,0.9375,-3.75,0.0,0.0,0.0,0.0,-3.75,0.0,0.0,0.0,0.0,0.0,-3.75,3.75,0.0,-3.75,-3.75,0.0,0.0,-3.75,3.75,-11.25,0.0,3.75,0.0,0.0,0.0,0.0,0.0,0.0,-5.625,0.0,0.0,0.0,0.0,0.0,0.0,0.0,0.0,0.0,0.0,0.0
207,5,13.125,11.25,0.0,11.25,-7.5,9.375,0.0,0.9375,0.0,3.75,-3.75,11.25,0.0,0.0,15.0,-6.5625,9.375,-13.125,0.0,0.0,-3.75,3.75,-3.75,0.0,-3.75,-3.75,-14.0625,0.9375,-3.75,0.0,0.0,-1.875,0.0,-3.75,0.0,0.0,0.0,0.0,0.0,-3.75,3.75,0.0,-3.75,-3.75,0.0,0.0,-3.75,3.75,-11.25,0.0,3.75,0.0,0.0,0.0,0.0,0.0,0.0,-7.5,0.0,0.0,0.0,0.0,0.0,0.0,0.0,0.0,0.0,0.0,0.0
208,3,11.25,5.625,-7.5,4.6875,-11.25,4.6875,0.0,0.0,0.0,0.0,-2.8125,8.4375,0.0,-3.75,8.4375,15.0,7.5,20.625,-1.875,0.0,-3.75,0.0,-7.5,0.0,-3.75,0.0,-15.0,3.75,0.0,0.0,0.0,-3.75,0.0,-1.875,0.0,0.0,-1.875,-1.875,0.0,-3.75,0.9375,0.0,-3.75,3.75,0.0,0.0,-3.75,0.9375,-16.875,0.0,13.125,0.0,-0.9375,0.0,0.0,0.0,0.0,0.0,0.0,0.0,0.0,0.0,0.0,0.0,0.0,0.0,0.0,0.0,0.0
208,4,11.25,9.375,-3.75,8.4375,-10.3125,7.5,-1.875,0.0,0.0,1.875,-3.75,8.4375,0.0,-3.75,11.25,0.0,5.625,19.6875,-1.875,0.0,-5.625,3.75,-7.5,1.875,-3.75,-3.75,-15.0,0.0,-3.75,-1.875,0.0,-1.875,0.0,-3.75,-1.875,0.0,0.0,0.0,0.0,-6.5625,3.75,0.0,-6.5625,0.0,0.0,0.0,-6.5625,0.9375,-11.25,0.0,11.25,0.0,0.0,0.0,0.0,-1.875,0.0,0.0,0.0,0.0,0.0,0.0,0.0,0.0,0.0,0.0,0.0,0.0,0.0
208,5,11.25,9.375,-3.75,8.4375,-11.25,7.5,-1.875,0.0,0.0,1.875,-2.8125,7.5,0.0,-3.75,10.3125,0.0,7.5,20.625,-1.875,0.0,-6.5625,3.75,-7.5,0.9375,-3.75,-3.75,-15.0,0.0,-3.75,-1.875,0.0,-1.875,0.0,-3.75,-1.875,0.0,0.0,0.0,0.0,-6.5625,3.75,0.0,-6.5625,0.0,0.0,0.0,-6.5625,0.9375,-7.5,0.0,11.25,0.0,-1.875,0.0,0.0,-1.875,0.0,-3.75,0.0,0.0,0.0,0.0,0.0,0.0,0.0,0.0,0.0,0.0,0.0
209,3,8.4375,4.6875,-3.75,3.75,-11.25,3.75,0.0,0.0,0.0,0.0,0.0,3.75,0.0,0.0,5.625,15.0,4.6875,20.625,0.0,-1.875,-7.5,0.0,-7.5,0.0,-3.75,0.0,-15.0,0.0,-1.875,-3.75,0.0,-3.75,0.0,-1.875,0.0,0.0,0.0,0.0,0.0,-3.75,0.0,0.0,-3.75,7.5,0.0,0.0,-3.75,0.0,15.9375,0.0,11.25,0.0,-1.875,0.9375,0.0,0.0,0.0,7.5,0.0,0.0,0.0,0.0,0.0,0.0,0.0,0.0,0.0,0.0,0.0
209,4,7.5,7.5,-1.875,7.5,-10.3125,7.5,0.0,0.0,0.0,0.0,-2.8125,5.625,0.0,-1.875,7.5,8.4375,3.75,20.625,0.0,-1.875,-7.5,3.75,-5.625,3.75,-3.75,-7.5,-15.0,0.0,-6.5625,-3.75,0.0,-3.75,0.0,-6.5625,-3.75,0.0,0.0,0.0,0.0,-7.5,0.9375,0.0,-7.5,3.75,-3.75,0.0,-7.5,0.0,15.0,-1.875,11.25,0.9375,-3.75,0.0,0.0,-2.8125,0.0,3.75,0.0,0.0,0.0,0.0,0.0,0.0,0.0,0.0,0.0,0.0,0.0
209,5,7.5,7.5,-1.875,7.5,-10.3125,7.5,0.0,0.0,0.0,0.0,-2.8125,5.625,0.0,-1.875,7.5,8.4375,3.75,20.625,0.0,-1.875,-7.5,3.75,-3.75,3.75,-3.75,-7.5,-14.0625,0.0,-6.5625,-3.75,0.0,-3.75,0.0,-6.5625,-3.75,0.0,0.0,0.0,0.0,-7.5,0.9375,0.0,-7.5,3.75,-3.75,0.0,-7.5,0.0,13.125,-1.875,11.25,0.9375,-3.75,0.0,0.0,-2.8125,0.0,5.625,0.0,0.0,0.0,0.0,0.0,0.0,0.0,0.0,0.0,0.0,0.0
210,3,6.5625,3.75,0.0,3.75,-11.25,3.75,-3.75,0.0,0.0,0.0,-1.875,0.0,0.0,0.0,5.625,14.0625,3.75,22.5,0.0,0.0,-10.3125,0.0,11.25,0.9375,-3.75,-3.75,-15.0,0.0,-3.75,-2.8125,0.0,-3.75,0.0,-3.75,0.0,0.0,0.0,0.0,0.0,-5.625,0.0,0.0,-3.75,7.5,0.0,0.0,-5.625,0.0,15.0,0.0,11.25,0.0,-2.8125,0.9375,0.0,-1.875,0.0,7.5,0.0,0.0,0.0,0.0,0.0,0.0,0.0,0.0,0.0,0.0,0.0
210,4,5.625,5.625,0.0,4.6875,-7.5,4.6875,-1.875,0.0,0.0,0.0,-3.75,3.75,0.0,0.0,5.625,11.25,3.75,22.5,0.0,0.0,-11.25,3.75,3.75,3.75,0.0,-7.5,7.5,0.0,-7.5,-2.8125,0.0,-1.875,0.0,-7.5,-3.75,0.0,0.0,0.0,0.0,-7.5,0.0,0.0,-7.5,7.5,-3.75,0.9375,-7.5,0.0,13.125,-1.875,11.25,0.0,-3.75,3.75,0.0,-1.875,0.0,7.5,0.0,0.0,0.0,0.0,0.0,0.0,0.0,0.0,0.0,0.0,0.0
210,5,5.625,6.5625,0.0,4.6875,-7.5,4.6875,0.0,0.0,0.0,0.0,-3.75,3.75,0.0,0.0,5.625,11.25,3.75,22.5,0.0,0.0,-11.25,3.75,0.0,3.75,0.0,-9.375,0.0,0.0,-7.5,-2.8125,0.0,-1.875,0.0,-7.5,-3.75,0.0,0.0,0.0,0.0,-7.5,0.0,0.0,-7.5,7.5,-3.75,0.9375,-7.5,0.0,11.25,-1.875,11.25,0.0,-3.75,3.75,0.0,-1.875,0.0,7.5,0.0,0.0,0.0,0.0,0.0,0.0,0.0,0.0,0.0,0.0,0.0
211,3,3.75,3.75,-7.5,3.75,-11.25,3.75,-7.5,0.0,0.0,-1.875,0.0,-3.75,0.0,0.0,1.875,11.25,3.75,21.5625,0.0,0.0,-13.125,0.0,11.25,3.75,-1.875,-3.75,-11.25,3.75,-3.75,0.0,0.0,-3.75,0.0,-3.75,0.0,0.0,0.0,0.0,0.0,-6.5625,0.0,0.0,-5.625,7.5,3.75,3.75,-6.5625,0.0,12.1875,-1.875,8.4375,0.0,-2.8125,0.9375,0.0,0.0,0.0,7.5,0.0,0.0,0.0,0.0,0.0,0.0,0.0,0.0,0.0,0.0,0.0
211,4,3.75,3.75,0.0,3.75,-7.5,3.75,-6.5625,0.0,0.0,0.0,-1.875,0.0,0.9375,-1.875,3.75,11.25,0.0,22.5,0.0,0.0,-14.0625,0.9375,7.5,3.75,0.0,-11.25,11.25,1.875,-10.3125,0.0,0.0,0.0,-1.875,-7.5,-3.75,0.0,0.0,0.0,0.0,-11.25,0.0,0.0,-10.3125,7.5,-3.75,3.75,-7.5,0.0,11.25,-3.75,7.5,0.0,-3.75,3.75,0.0,0.0,0.0,7.5,0.0,0.0,0.0,0.0,0.0,0.0,0.0,0.0,0.0,0.0,0.0
211,5,3.75,3.75,0.0,3.75,-6.5625,3.75,-6.5625,0.0,0.0,0.0,-1.875,0.0,0.9375,-1.875,3.75,10.3125,0.0,22.5,0.0,0.0,-14.0625,0.9375,7.5,3.75,0.0,-11.25,11.25,0.9375,-10.3125,0.0,0.0,0.0,-2.8125,-7.5,-3.75,0.0,0.0,0.0,0.0,-10.3125,0.0,0.0,-10.3125,7.5,-1.875,3.75,-9.375,0.0,11.25,-3.75,7.5,0.0,-3.75,3.75,0.0,0.0,0.0,7.5,0.0,0.0,0.0,0.0,0.0,0.0,0.0,0.0,0.0,0.0,0.0
212,3,0.0,0.9375,-7.5,0.9375,11.25,0.9375,-7.5,0.0,0.9375,0.0,7.5,-1.875,0.0,0.0,0.0,10.3125,0.0,19.6875,1.875,0.0,-15.0,-2.8125,11.25,3.75,0.0,-3.75,3.75,1.875,-3.75,0.0,0.0,-2.8125,-1.875,-3.75,-1.875,0.0,0.0,0.0,0.0,-6.5625,0.0,0.0,-5.625,7.5,3.75,0.9375,-6.5625,0.0,8.4375,-1.875,5.625,0.0,-1.875,0.9375,0.0,0.0,0.0,7.5,0.0,0.0,0.0,0.0,0.0,0.0,0.0,0.0,0.0,0.0,0.0
212,4,0.0,1.875,-3.75,3.75,0.0,1.875,-3.75,0.0,0.0,0.0,0.0,0.0,0.0,0.0,0.9375,7.5,0.0,19.6875,0.9375,0.0,-15.0,0.0,7.5,3.75,0.0,-13.125,11.25,0.0,-11.25,0.0,0.0,0.0,-3.75,-10.3125,-3.75,0.0,0.0,0.0,0.0,-11.25,0.0,0.0,-11.25,7.5,0.0,3.75,-10.3125,-1.875,11.25,-3.75,7.5,0.0,-3.75,3.75,0.0,0.0,0.0,7.5,0.0,0.0,0.0,0.0,0.0,0.0,0.0,0.0,0.0,0.0,0.0
212,5,0.0,1.875,-3.75,3.75,0.9375,1.875,-3.75,0.0,0.0,0.0,3.75,0.0,0.0,0.0,0.9375,7.5,0.0,19.6875,0.9375,0.0,-15.0,0.0,7.5,3.75,0.0,-13.125,7.5,0.0,-11.25,0.0,0.0,0.0,-3.75,-10.3125,-3.75,0.0,0.0,0.0,0.0,-11.25,0.0,0.0,-11.25,7.5,0.0,3.75,-10.3125,-1.875,11.25,-3.75,7.5,0.0,-3.75,3.75,0.0,0.0,0.0,7.5,0.0,0.0,0.0,0.0,0.0,0.0,0.0,0.0,0.0,0.0,0.0
213,3,0.0,0.9375,0.0,0.9375,9.375,0.0,-7.5,0.0,0.9375,0.0,7.5,-3.75,-3.75,0.0,0.0,7.5,0.0,18.75,0.0,0.0,-16.875,-3.75,7.5,3.75,0.0,-5.625,3.75,0.0,-3.75,0.0,0.0,0.0,-3.75,-3.75,-1.875,0.0,0.0,0.0,0.0,-6.5625,0.0,0.0,-5.625,7.5,4.6875,0.0,-6.5625,0.0,7.5,-1.875,3.75,0.0,0.0,0.9375,0.0,0.0,0.0,3.75,0.0,0.0,0.0,0.0,0.0,0.0,0.0,0.0,0.0,0.0,0.0
213,4,0.0,0.9375,0.0,0.9375,7.5,0.0,-3.75,0.0,0.0,0.0,3.75,-1.875,-1.875,0.0,0.0,7.5,0.0,18.75,0.0,0.0,-18.75,-3.75,3.75,3.75,0.0,-15.0,8.4375,0.0,-11.25,0.0,0.0,0.9375,-3.75,-11.25,-6.5625,0.0,0.0,0.0,-1.875,-11.25,0.0,0.0,-11.25,7.5,3.75,1.875,-11.25,-1.875,8.4375,-3.75,3.75,0.0,-3.75,3.75,0.0,0.9375,0.0,4.6875,0.0,0.0,0.0,0.0,0.0,0.0,0.0,0.0,0.0,0.0,0.0
213,5,0.0,0.9375,0.0,1.875,7.5,0.0,-3.75,0.0,0.0,0.0,3.75,-1.875,-1.875,0.0,0.0,7.5,0.0,18.75,0.0,0.0,-17.8125,-3.75,3.75,3.75,0.0,-15.0,7.5,0.0,-11.25,0.0,0.0,0.9375,-3.75,-11.25,-6.5625,0.0,0.0,0.0,-0.9375,-11.25,0.0,0.0,-11.25,7.5,3.75,1.875,-10.3125,-1.875,7.5,-3.75,3.75,0.0,-3.75,3.75,0.0,0.9375,0.0,4.6875,0.0,0.0,0.0,0.0,0.0,0.0,0.0,0.0,0.0,0.0,0.0
214,3,-3.75,0.0,3.75,0.0,11.25,0.0,0.0,0.0,3.75,0.0,7.5,-3.75,-3.75,0.0,-3.75,4.6875,0.0,4.6875,0.0,0.0,16.875,-3.75,3.75,3.75,0.0,1.875,4.6875,0.0,0.0,3.75,0.0,0.0,-3.75,0.0,0.0,0.0,0.0,-1.875,0.0,-3.75,0.0,-1.875,-3.75,3.75,4.6875,0.0,-3.75,-1.875,3.75,0.0,1.875,0.0,0.0,0.0,0.0,0.0,0.0,3.75,0.0,0.0,0.0,0.0,0.0,0.0,0.0,0.0,0.0,0.0,0.0
214,4,-3.75,0.0,3.75,0.0,7.5,0.0,0.0,0.0,0.9375,0.0,3.75,-2.8125,-1.875,0.0,-2.8125,3.75,0.0,9.375,0.0,0.0,-18.75,-3.75,3.75,3.75,0.0,-15.0,7.5,0.0,-11.25,3.75,0.0,0.9375,-3.75,-11.25,-3.75,-3.75,0.0,-1.875,-3.75,-11.25,0.0,0.0,-11.25,3.75,3.75,0.0,-7.5,-3.75,7.5,-1.875,3.75,0.0,0.0,0.9375,0.0,3.75,0.0,3.75,0.0,0.0,0.0,0.0,0.0,0.0,0.0,0.0,0.0,0.0,0.0
214,5,-3.75,0.0,3.75,1.875,7.5,0.0,0.0,0.0,0.9375,0.0,3.75,-1.875,-3.75,0.0,-1.875,3.75,0.0,9.375,0.0,0.0,-16.875,-3.75,3.75,3.75,0.0,-15.0,7.5,0.0,-11.25,3.75,0.0,0.9375,-3.75,-9.375,-3.75,-3.75,-1.875,-1.875,-1.875,-11.25,0.0,0.0,-11.25,3.75,4.6875,0.0,-9.375,-3.75,7.5,-1.875,3.75,0.0,0.0,0.9375,0.0,3.75,0.0,3.75,0.0,0.0,0.0,0.0,0.0,0.0,0.0,0.0,0.0,0.0,0.0
215,3,-3.75,-3.75,3.75,0.0,7.5,0.0,7.5,0.0,3.75,0.0,5.625,-2.8125,-1.875,0.0,-3.75,2.8125,0.0,5.625,0.0,0.0,18.75,-3.75,3.75,0.0,0.0,4.6875,3.75,0.0,1.875,3.75,0.0,0.0,-3.75,1.875,0.0,0.0,0.0,-1.875,0.0,0.0,0.0,-3.75,0.0,3.75,4.6875,-2.8125,0.0,-1.875,0.9375,0.0,0.0,0.0,0.0,0.0,0.0,0.0,0.0,1.875,0.0,0.0,0.0,0.0,0.0,0.0,0.0,0.0,0.0,0.0,0.0
215,4,-3.75,-3.75,3.75,0.0,7.5,0.0,3.75,0.0,3.75,0.0,3.75,-2.8125,0.0,0.0,-3.75,0.9375,0.0,3.75,0.0,0.0,16.875,-1.875,3.75,0.0,0.0,13.125,5.625,0.0,7.5,3.75,0.0,0.9375,-3.75,3.75,0.0,-3.75,-1.875,-1.875,-3.75,-7.5,0.0,-1.875,-3.75,3.75,4.6875,0.0,-3.75,-3.75,3.75,0.0,0.0,-1.875,0.0,0.0,0.0,3.75,0.0,3.75,0.0,0.0,0.0,0.0,0.0,0.0,0.0,0.0,0.0,0.0,0.0
215,5,-3.75,-3.75,3.75,0.0,7.5,0.0,4.6875,0.0,3.75,0.0,3.75,-2.8125,0.0,0.0,-3.75,0.9375,0.0,3.75,0.0,0.0,13.125,-3.75,3.75,0.0,0.0,11.25,4.6875,0.0,7.5,3.75,0.0,0.9375,-6.5625,3.75,0.0,-3.75,-1.875,-1.875,-3.75,-1.875,0.0,-1.875,-3.75,3.75,4.6875,-1.875,-1.875,-3.75,3.75,0.0,0.9375,-1.875,0.0,0.0,0.0,3.75,0.0,3.75,0.0,0.0,0.0,0.0,0.0,0.0,0.0,0.0,0.0,0.0,0.0
216,3,-3.75,-2.8125,3.75,0.0,3.75,-1.875,7.5,0.9375,5.625,1.875,3.75,-2.8125,0.0,0.0,-3.75,0.9375,0.0,0.9375,-1.875,0.0,16.875,-2.8125,0.0,0.9375,0.9375,5.625,0.0,0.0,3.75,3.75,0.0,0.0,-3.75,3.75,0.9375,0.0,0.0,-1.875,0.0,5.625,0.0,-3.75,3.75,0.9375,3.75,-3.75,3.75,0.0,0.0,0.9375,0.0,0.0,0.9375,0.0,0.0,0.0,0.0,0.0,0.0,0.0,0.0,0.0,0.0,0.0,0.0,0.0,0.0,0.0,0.0
216,4,-3.75,-3.75,1.875,0.0,1.875,0.0,7.5,0.0,3.75,0.0,3.75,-2.8125,0.0,0.0,-3.75,0.0,0.0,3.75,-1.875,0.0,19.6875,0.0,0.9375,0.9375,0.9375,16.875,3.75,0.0,15.0,3.75,0.0,0.9375,-1.875,13.125,7.5,-3.75,-1.875,-1.875,-3.75,11.25,0.0,0.0,11.25,0.0,3.75,-3.75,7.5,-1.875,3.75,3.75,0.0,-1.875,1.875,0.0,0.0,3.75,0.0,0.9375,0.0,0.0,0.0,0.0,0.0,0.0,0.0,0.0,0.0,0.0,0.0
216,5,-3.75,-3.75,0.9375,0.0,1.875,0.0,7.5,0.0,3.75,0.0,3.75,-1.875,0.0,0.0,-3.75,0.0,0.0,3.75,-1.875,0.0,17.8125,0.0,0.9375,0.9375,0.9375,15.9375,3.75,0.0,15.0,3.75,0.0,0.9375,-3.75,12.1875,7.5,-3.75,-1.875,-1.875,-3.75,11.25,0.0,-1.875,11.25,0.0,3.75,-3.75,11.25,-1.875,3.75,3.75,0.0,-1.875,0.9375,0.0,0.0,3.75,0.0,0.9375,0.0,0.0,0.0,0.0,0.0,0.0,0.0,0.0,0.0,0.0,0.0
217,3,-3.75,0.0,3.75,0.0,3.75,-3.75,7.5,0.0,7.5,0.0,0.9375,0.0,-3.75,0.0,-1.875,1.875,0.0,0.0,-3.75,3.75,16.875,-1.875,0.0,0.9375,0.0,8.4375,3.75,0.0,7.5,3.75,0.0,0.0,0.0,7.5,3.75,0.0,0.0,-3.75,3.75,7.5,0.0,-3.75,5.625,0.0,3.75,-6.5625,7.5,0.0,0.0,3.75,0.0,0.0,0.0,0.0,0.0,0.0,0.0,0.0,0.0,0.0,0.0,0.0,0.0,0.0,0.0,0.0,0.0,0.0,0.0
217,4,-3.75,0.0,0.9375,0.0,1.875,-1.875,4.6875,0.0,3.75,0.0,3.75,0.0,0.0,0.0,-1.875,0.0,0.0,1.875,-3.75,0.9375,19.6875,0.0,0.0,0.0,0.0,18.75,3.75,0.0,15.0,3.75,0.0,0.0,3.75,15.0,8.4375,-3.75,0.0,-3.75,0.0,15.0,0.0,0.0,15.0,0.0,3.75,-3.75,11.25,0.0,0.0,3.75,0.0,-1.875,1.875,0.0,0.0,0.9375,0.0,0.0,0.0,0.0,0.0,0.0,0.0,0.0,0.0,0.0,0.0,0.0,0.0
217,5,-3.75,0.0,1.875,0.0,1.875,-3.75,3.75,0.0,3.75,0.0,1.875,0.0,0.0,0.0,-1.875,0.0,0.0,1.875,-3.75,0.9375,18.75,0.0,0.0,0.0,0.0,17.8125,3.75,1.875,15.9375,3.75,0.0,0.0,0.0,15.0,9.375,-3.75,0.0,-3.75,0.0,15.0,0.0,0.0,13.125,0.0,3.75,-6.5625,11.25,0.0,0.9375,3.75,0.0,-1.875,0.9375,0.0,0.0,0.9375,0.0,0.0,0.0,0.0,0.0,0.0,0.0,0.0,0.0,0.0,0.0,0.0,0.0
218,3,-3.75,0.0,3.75,0.0,0.0,-3.75,7.5,0.0,7.5,-3.75,3.75,0.0,0.0,0.0,0.0,0.0,0.0,0.9375,-6.5625,0.0,16.875,0.0,0.0,-1.875,0.0,9.375,0.0,0.0,8.4375,1.875,0.0,0.0,0.0,7.5,3.75,-7.5,0.0,-3.75,3.75,9.375,0.0,-3.75,7.5,-0.9375,0.9375,-7.5,7.5,0.0,0.0,3.75,0.0,0.0,0.0,0.0,0.0,0.0,0.0,0.0,0.0,0.0,0.0,0.0,0.0,0.0,0.0,0.0,0.0,0.0,0.0
218,4,-3.75,0.0,0.9375,0.0,0.0,-1.875,3.75,0.0,4.6875,-3.75,3.75,0.0,0.0,0.0,0.0,0.0,0.0,1.875,-5.625,0.0,19.6875,0.0,0.0,-1.875,0.0,16.875,0.0,0.0,15.0,0.9375,0.0,0.0,7.5,15.0,9.375,-3.75,0.0,-3.75,3.75,15.0,0.9375,0.0,15.0,0.0,1.875,-7.5,11.25,0.0,0.0,3.75,0.0,-1.875,0.0,0.0,0.0,0.0,0.0,0.0,0.0,0.0,0.0,0.0,0.0,0.0,0.0,0.0,0.0,0.0,0.0
218,5,-3.75,0.0,1.875,0.0,0.0,-1.875,4.6875,0.0,7.5,-3.75,3.75,0.0,0.0,0.0,0.0,0.0,0.0,1.875,-5.625,0.0,18.75,0.0,0.0,-1.875,0.0,16.875,0.0,0.0,15.9375,0.9375,0.0,0.0,4.6875,15.0,9.375,-3.75,0.0,-3.75,3.75,15.0,0.9375,0.0,14.0625,0.0,1.875,-7.5,12.1875,0.0,0.0,5.625,0.0,-1.875,0.0,0.0,0.0,0.9375,0.0,0.0,0.0,0.0,0.0,0.0,0.0,0.0,0.0,0.0,0.0,0.0,0.0
219,3,-3.75,-3.75,3.75,0.0,-1.875,0.0,7.5,0.0,7.5,-1.875,0.0,-3.75,1.875,0.0,0.0,0.0,0.0,0.0,-7.5,0.0,15.9375,0.0,0.0,-2.8125,0.0,10.3125,-3.75,0.0,9.375,0.0,0.0,0.0,1.875,8.4375,3.75,-9.375,0.0,0.0,7.5,9.375,0.0,-0.9375,7.5,0.0,0.0,-7.5,8.4375,0.0,0.0,3.75,0.0,0.0,0.0,0.0,0.0,0.0,0.0,0.0,0.0,0.0,0.0,0.0,0.0,0.0,0.0,0.0,0.0,0.0,0.0
219,4,-3.75,-3.75,0.0,0.0,-1.875,0.0,3.75,0.0,3.75,0.0,0.0,-3.75,0.0,0.0,0.0,-1.875,0.0,0.0,-6.5625,0.0,18.75,0.0,0.0,-1.875,0.0,15.9375,0.0,0.0,15.0,0.0,-1.875,0.0,7.5,15.0,8.4375,-1.875,0.0,-1.875,7.5,15.0,0.0,0.0,13.125,0.0,0.0,-7.5,11.25,3.75,0.0,3.75,0.0,0.0,0.0,0.0,0.0,0.0,0.0,0.0,0.0,0.0,0.0,0.0,0.0,0.0,0.0,0.0,0.0,0.0,0.0
219,5,-3.75,-3.75,0.0,0.0,-1.875,0.0,3.75,0.0,4.6875,0.0,0.0,-3.75,0.0,0.0,0.0,-1.875,0.0,0.0,-6.5625,0.0,16.875,0.0,0.0,-1.875,0.0,15.9375,0.0,0.0,15.0,0.0,-1.875,0.0,7.5,15.0,8.4375,-1.875,0.0,-1.875,7.5,15.0,0.0,0.0,13.125,0.0,0.0,-7.5,12.1875,3.75,0.0,4.6875,0.0,0.0,0.0,0.0,0.0,0.0,0.0,0.0,0.0,0.0,0.0,0.0,0.0,0.0,0.0,0.0,0.0,0.0,0.0
220,3,-1.875,-1.875,0.0,0.0,-3.75,0.0,3.75,3.75,3.75,-3.75,0.0,-3.75,0.0,-1.875,-2.8125,0.0,0.0,0.0,-7.5,0.0,15.0,0.0,0.0,-3.75,0.0,9.375,3.75,0.9375,9.375,0.0,0.0,0.0,1.875,8.4375,3.75,0.0,0.0,0.0,7.5,11.25,0.0,0.0,9.375,0.0,0.0,-6.5625,8.4375,0.0,0.0,3.75,0.0,0.0,0.0,0.0,0.0,0.0,0.0,0.0,0.0,0.0,0.0,0.0,0.0,0.0,0.0,0.0,0.0,0.0,0.0
220,4,-1.875,0.0,0.0,-1.875,-3.75,0.0,1.875,0.9375,3.75,-1.875,0.0,-3.75,0.0,0.0,-3.75,0.0,0.0,0.0,-7.5,0.0,15.9375,0.0,0.0,-1.875,0.0,15.0,0.0,0.9375,15.0,0.0,-3.75,-1.875,7.5,13.125,7.5,1.875,0.0,0.0,7.5,13.125,0.0,0.0,12.1875,0.0,0.0,-3.75,11.25,3.75,0.0,3.75,0.0,0.0,0.0,-1.875,0.0,0.0,0.0,0.0,0.0,0.0,0.0,0.0,0.0,0.0,0.0,0.0,0.0,0.0,0.0
220,5,-1.875,0.0,0.0,-1.875,-3.75,0.0,1.875,0.9375,3.75,-1.875,0.0,-3.75,0.0,-1.875,-1.875,0.0,0.0,0.0,-7.5,0.0,15.9375,0.0,0.0,-1.875,0.0,15.0,0.0,0.9375,15.0,0.0,-3.75,-1.875,7.5,13.125,7.5,3.75,0.0,0.0,9.375,13.125,0.0,0.0,12.1875,0.0,0.0,-3.75,11.25,3.75,0.0,3.75,0.0,0.0,0.0,-1.875,0.0,0.0,0.0,0.0,0.0,0.0,0.0,0.0,0.0,0.0,0.0,0.0,0.0,0.0,0.0
221,3,-1.875,0.0,0.0,0.0,-3.75,-3.75,0.0,3.75,3.75,-6.5625,0.0,-1.875,0.0,-2.8125,0.0,3.75,0.0,0.0,-7.5,-3.75,12.1875,0.0,0.0,-6.5625,0.0,7.5,3.75,0.0,7.5,0.0,-1.875,-1.875,1.875,7.5,3.75,7.5,0.0,-1.875,7.5,9.375,0.0,0.0,7.5,0.0,0.0,-1.875,7.5,0.0,-1.875,3.75,-1.875,0.0,0.0,0.0,0.0,0.0,0.0,0.0,0.0,0.0,0.0,0.0,0.0,0.0,0.0,0.0,0.0,0.0,0.0
221,4,-1.875,0.0,0.0,0.0,-3.75,0.0,0.0,1.875,3.75,-3.75,0.0,-1.875,0.0,-3.75,0.0,0.0,0.0,0.0,-7.5,-3.75,15.0,0.9375,0.0,-3.75,0.0,13.125,0.9375,0.0,12.1875,0.0,-3.75,-3.75,7.5,11.25,7.5,3.75,0.0,0.0,8.4375,11.25,0.0,0.0,11.25,0.0,0.0,3.75,11.25,3.75,-1.875,3.75,-1.875,3.75,0.0,-1.875,0.0,0.0,0.0,0.0,0.0,0.0,0.0,0.0,0.0,0.0,0.0,0.0,0.0,0.0,0.0
221,5,-1.875,0.0,0.0,0.0,-3.75,0.0,0.0,0.9375,3.75,-3.75,0.0,-3.75,0.0,-3.75,0.0,0.0,0.0,0.0,-5.625,-3.75,13.125,0.9375,0.0,-3.75,0.0,12.1875,3.75,0.0,12.1875,0.0,-3.75,-3.75,6.5625,11.25,7.5,3.75,0.0,0.0,8.4375,11.25,0.0,0.0,11.25,0.0,0.0,3.75,11.25,3.75,-1.875,3.75,-1.875,3.75,0.0,-1.875,0.0,0.0,0.0,0.0,0.0,0.0,0.0,0.0,0.0,0.0,0.0,0.0,0.0,0.0,0.0
222,3,-3.75,0.0,0.0,3.75,-3.75,-3.75,3.75,0.0,3.75,-3.75,0.9375,-7.5,0.0,-3.75,0.0,0.0,0.0,0.0,-7.5,-7.5,11.25,0.0,0.0,-7.5,0.0,7.5,0.0,0.0,7.5,0.0,-3.75,-3.75,0.9375,7.5,1.875,3.75,0.0,0.0,5.625,7.5,0.0,0.0,7.5,0.0,0.0,0.0,7.5,0.0,-1.875,1.875,-2.8125,0.0,0.0,0.0,0.0,0.0,0.0,0.0,0.0,0.0,0.0,0.0,0.0,0.0,0.0,0.0,0.0,0.0,0.0
222,4,-3.75,0.0,0.0,0.0,-3.75,-1.875,0.0,0.0,3.75,-3.75,0.9375,-3.75,-1.875,-3.75,0.0,0.0,0.0,0.0,-3.75,-5.625,11.25,0.0,0.0,-3.75,0.0,11.25,0.0,0.0,11.25,0.0,-3.75,-3.75,3.75,10.3125,3.75,3.75,0.0,0.0,7.5,10.3125,0.0,0.0,9.375,0.0,0.0,3.75,8.4375,3.75,0.0,3.75,-3.75,3.75,0.0,-1.875,0.0,0.0,0.0,0.0,0.0,0.0,0.0,0.0,0.0,0.0,0.0,0.0,0.0,0.0,0.0
222,5,-3.75,1.875,0.0,1.875,-3.75,-1.875,0.0,0.0,3.75,-3.75,0.9375,-3.75,-1.875,-3.75,0.0,0.0,0.0,0.0,-3.75,-6.5625,11.25,1.875,0.0,-3.75,0.0,11.25,0.0,0.0,11.25,0.0,-3.75,-3.75,3.75,10.3125,4.6875,3.75,0.0,0.0,7.5,10.3125,0.0,0.0,10.3125,0.0,0.0,5.625,8.4375,3.75,0.0,3.75,-3.75,3.75,0.0,-1.875,0.0,0.0,0.0,0.0,0.0,0.0,0.0,0.0,0.0,0.0,0.0,0.0,0.0,0.0,0.0
223,3,0.0,-3.75,-3.75,3.75,-3.75,-3.75,1.875,0.9375,0.0,-3.75,0.0,-7.5,-3.75,-3.75,0.0,0.0,0.0,-1.875,0.0,-7.5,8.4375,0.0,0.0,-3.75,0.0,4.6875,0.0,0.0,5.625,0.0,-3.75,-3.75,0.0,5.625,0.9375,3.75,0.0,0.0,4.6875,7.5,0.0,0.0,7.5,0.0,0.0,0.9375,7.5,0.0,-1.875,0.9375,-3.75,0.0,0.0,0.0,0.0,0.0,0.0,0.0,0.0,0.0,0.0,0.0,0.0,0.0,0.0,0.0,0.0,0.0,0.0
223,4,0.0,-3.75,-1.875,3.75,-3.75,-3.75,0.0,0.9375,0.0,0.0,0.0,-3.75,-3.75,-3.75,0.0,0.0,0.0,-3.75,0.0,-7.5,9.375,0.0,0.0,-3.75,0.0,8.4375,0.0,0.0,8.4375,0.0,-6.5625,-7.5,0.9375,7.5,3.75,3.75,0.0,0.0,4.6875,7.5,0.0,0.0,7.5,0.0,0.0,3.75,7.5,0.9375,0.0,1.875,-3.75,0.9375,-1.875,0.0,0.0,0.0,0.0,0.0,0.0,0.0,0.0,0.0,0.0,0.0,0.0,0.0,0.0,0.0,0.0
223,5,0.0,-3.75,-1.875,3.75,-3.75,-3.75,0.0,0.9375,0.0,-1.875,0.0,-3.75,-3.75,-3.75,0.0,0.0,0.0,-3.75,0.0,-7.5,9.375,0.0,0.0,-3.75,0.0,8.4375,0.0,0.0,8.4375,0.0,-6.5625,-5.625,0.9375,7.5,3.75,3.75,0.0,0.0,5.625,7.5,0.0,0.0,7.5,0.0,0.0,3.75,7.5,0.9375,0.0,1.875,-3.75,0.9375,-1.875,0.0,0.0,0.0,0.0,0.0,0.0,0.0,0.0,0.0,0.0,0.0,0.0,0.0,0.0,0.0,0.0
224,3,0.0,-3.75,-6.5625,3.75,-1.875,-3.75,3.75,3.75,0.0,0.0,0.0,-3.75,-3.75,-3.75,0.0,0.9375,0.0,-3.75,1.875,-10.3125,7.5,0.0,0.0,-3.75,0.0,4.6875,0.0,0.0,3.75,0.0,-3.75,-3.75,0.0,3.75,0.0,3.75,0.0,0.0,3.75,4.6875,0.0,0.0,3.75,0.0,0.0,1.875,4.6875,0.0,0.0,0.0,-5.625,0.0,-1.875,0.0,0.0,0.0,0.0,0.0,0.0,0.0,0.0,0.0,0.0,0.0,0.0,0.0,0.0,0.0,0.0
224,4,0.0,-3.75,-3.75,1.875,-3.75,-3.75,0.9375,3.75,0.0,0.0,0.0,0.0,-3.75,-1.875,0.0,0.0,0.0,-3.75,0.0,-9.375,7.5,0.0,0.0,-1.875,0.0,7.5,0.0,0.0,7.5,0.0,-6.5625,-7.5,0.0,7.5,3.75,3.75,0.0,0.0,3.75,7.5,0.0,0.0,7.5,0.0,0.0,3.75,5.625,0.0,0.0,0.0,-6.5625,0.0,-3.75,0.0,0.0,-1.875,0.0,0.0,0.0,0.0,0.0,0.0,0.0,0.0,0.0,0.0,0.0,0.0,0.0
224,5,0.0,-3.75,-3.75,0.9375,-3.75,-3.75,0.9375,3.75,0.0,0.0,0.0,0.0,-3.75,-1.875,0.0,0.9375,0.0,-3.75,0.0,-10.3125,7.5,0.0,0.0,-1.875,0.0,7.5,0.0,0.0,7.5,0.0,-7.5,-7.5,0.0,7.5,3.75,3.75,0.0,0.0,3.75,7.5,0.0,0.0,7.5,0.0,0.0,3.75,6.5625,0.0,0.0,0.0,-6.5625,0.0,-3.75,0.0,0.0,-1.875,0.0,0.0,0.0,0.0,0.0,0.0,0.0,0.0,0.0,0.0,0.0,0.0,0.0
225,3,0.0,-3.75,-7.5,3.75,0.0,0.0,0.0,3.75,0.0,0.0,0.0,0.0,-7.5,-3.75,0.0,0.9375,0.0,0.0,0.0,-11.25,4.6875,0.0,0.0,-3.75,0.0,3.75,0.0,0.0,3.75,0.0,-3.75,-5.625,0.0,3.75,0.0,0.9375,0.0,0.0,0.0,3.75,0.0,3.75,3.75,0.0,0.0,1.875,3.75,0.0,0.0,0.0,-7.5,0.0,-1.875,3.75,0.0,0.0,0.0,0.0,0.0,0.0,0.0,0.0,0.0,0.0,0.0,0.0,0.0,0.0,0.0
225,4,0.0,-1.875,-3.75,3.75,0.0,0.0,0.0,3.75,0.0,0.0,0.0,0.0,-3.75,0.0,0.0,0.9375,0.0,-1.875,0.0,-10.3125,4.6875,0.0,0.0,-3.75,0.0,4.6875,0.0,0.0,4.6875,0.9375,-3.75,-7.5,0.0,3.75,0.0,0.0,0.0,0.0,3.75,3.75,0.0,0.0,3.75,0.0,0.0,3.75,3.75,0.0,0.0,0.0,-7.5,0.0,-3.75,3.75,0.0,-2.8125,0.0,0.0,0.0,0.0,0.0,0.0,0.0,0.0,0.0,0.0,0.0,0.0,0.0
225,5,0.0,-1.875,-6.5625,3.75,0.0,0.0,0.0,3.75,0.0,0.0,0.0,0.0,-3.75,0.0,0.0,0.9375,0.0,-1.875,0.0,-10.3125,4.6875,0.0,0.0,-3.75,0.0,4.6875,-1.875,0.0,4.6875,0.9375,-6.5625,-7.5,0.0,3.75,0.0,0.0,0.0,0.0,3.75,3.75,0.0,0.0,3.75,0.0,0.0,3.75,3.75,0.0,0.0,0.0,-7.5,0.0,-3.75,3.75,0.0,-2.8125,0.0,0.0,0.0,0.0,0.0,0.0,0.0,0.0,0.0,0.0,0.0,0.0,0.0
226,3,0.0,-7.5,-7.5,0.9375,3.75,1.875,0.0,0.0,0.0,0.0,0.0,-3.75,-7.5,-3.75,0.0,0.0,0.0,0.0,0.0,-11.25,1.875,0.0,0.0,-3.75,0.0,0.9375,0.0,0.0,3.75,0.9375,0.0,0.0,0.0,2.8125,0.0,0.0,0.0,0.0,0.0,0.9375,0.0,4.6875,1.875,0.0,0.0,0.9375,3.75,0.0,0.0,-1.875,-9.375,0.0,-2.8125,0.9375,0.0,0.0,0.0,0.0,0.0,0.0,0.0,0.0,0.0,0.0,0.0,0.0,0.0,0.0,0.0
226,4,1.875,-3.75,-3.75,0.0,0.0,0.0,0.0,0.0,0.0,0.0,0.0,0.0,-6.5625,0.0,0.0,0.0,0.0,-1.875,0.0,-7.5,3.75,0.0,0.0,-3.75,0.0,3.75,-1.875,0.0,3.75,3.75,-1.875,-3.75,0.0,3.75,0.0,0.0,0.0,0.0,0.0,3.75,0.0,3.75,3.75,0.0,0.0,0.9375,3.75,0.0,0.0,-1.875,-10.3125,0.0,-3.75,3.75,0.0,-3.75,0.0,0.0,0.0,0.0,0.0,0.0,0.0,0.0,0.0,0.0,0.0,0.0,0.0
226,5,0.9375,-3.75,-6.5625,0.9375,0.0,0.0,0.0,0.0,0.0,0.0,0.0,0.0,-7.5,0.0,0.0,0.0,0.0,-1.875,0.0,-7.5,3.75,0.0,0.0,-3.75,0.0,3.75,-2.8125,0.0,3.75,3.75,-3.75,-3.75,0.0,3.75,0.0,0.0,0.0,0.0,0.0,3.75,0.0,3.75,3.75,0.0,0.0,0.9375,3.75,0.0,0.0,-1.875,-10.3125,0.0,-3.75,3.75,0.0,-3.75,0.0,0.0,0.0,0.0,0.0,0.0,0.0,0.0,0.0,0.0,0.0,0.0,0.0
227,3,1.875,-7.5,-7.5,0.9375,3.75,0.0,1.875,0.0,0.0,0.0,-1.875,-3.75,0.0,-2.8125,-3.75,0.0,0.0,0.0,-1.875,-7.5,0.0,0.0,0.0,-1.875,0.0,0.0,0.0,0.0,0.0,0.9375,7.5,3.75,0.0,0.9375,0.0,0.0,0.0,0.0,0.0,0.0,0.0,7.5,0.0,0.0,0.0,0.0,3.75,0.0,0.0,-3.75,-11.25,-1.875,-3.75,0.9375,0.0,-1.875,0.0,0.0,0.0,0.0,0.0,0.0,0.0,0.0,0.0,0.0,0.0,0.0,0.0
227,4,3.75,-7.5,-6.5625,0.0,0.9375,0.0,0.0,0.0,0.0,0.0,0.0,0.0,0.0,0.0,-1.875,0.0,0.0,-3.75,-1.875,0.0,0.0,0.0,0.0,0.0,0.0,0.9375,0.0,0.0,0.9375,3.75,3.75,3.75,0.0,0.9375,0.0,0.0,0.0,0.0,0.0,0.9375,0.0,3.75,0.0,0.0,0.0,0.0,3.75,0.9375,0.0,-3.75,-11.25,-3.75,-3.75,3.75,0.0,-3.75,0.0,0.0,0.0,0.0,0.0,0.0,0.0,0.0,0.0,0.0,0.0,0.0,0.0
227,5,3.75,-7.5,-3.75,0.0,0.9375,0.0,0.0,0.0,0.0,-1.875,0.0,0.0,-3.75,0.0,-1.875,0.0,0.0,-3.75,-1.875,0.0,0.0,0.0,0.0,0.0,0.0,0.9375,0.0,0.0,0.9375,3.75,3.75,3.75,0.0,0.9375,0.0,0.0,0.0,0.0,0.0,0.9375,0.0,3.75,0.9375,0.0,0.0,0.0,3.75,0.9375,0.0,-3.75,-11.25,-3.75,-3.75,3.75,0.0,-3.75,0.0,0.0,0.0,0.0,0.0,0.0,0.0,0.0,0.0,0.0,0.0,0.0,0.0
228,3,1.875,-7.5,-1.875,0.9375,3.75,3.75,0.0,0.0,0.0,0.0,-7.5,-1.875,7.5,-3.75,0.0,0.0,-1.875,0.0,0.0,11.25,0.0,0.0,0.0,0.0,0.0,0.0,0.0,0.0,0.9375,0.0,4.6875,3.75,0.0,0.9375,0.0,0.0,0.0,0.0,0.0,0.0,0.0,4.6875,0.0,0.0,0.0,0.0,3.75,0.0,0.0,-3.75,-14.0625,-2.8125,-1.875,1.875,0.0,-3.75,0.0,0.0,0.0,0.0,0.0,0.0,0.0,0.0,0.0,0.0,0.0,0.0,0.0
228,4,3.75,-6.5625,0.0,0.0,3.75,3.75,0.0,0.0,0.0,-1.875,-3.75,0.0,3.75,0.0,0.0,0.0,-1.875,-1.875,0.0,7.5,0.0,0.0,0.0,0.0,0.0,0.0,0.0,0.0,0.9375,3.75,5.625,7.5,0.0,0.0,0.0,0.0,0.0,-1.875,0.0,0.0,0.0,3.75,0.0,0.0,0.0,0.0,3.75,0.0,0.0,-3.75,-14.0625,-3.75,-3.75,3.75,0.0,-3.75,0.0,0.0,0.0,0.0,0.0,0.0,0.0,0.0,0.0,0.0,0.0,0.0,0.0
228,5,3.75,-6.5625,0.0,0.0,3.75,3.75,0.0,0.0,0.0,-1.875,-3.75,0.0,3.75,0.0,0.0,0.0,-1.875,-1.875,0.0,7.5,0.0,0.0,0.0,0.0,0.0,1.875,0.0,0.0,0.9375,3.75,7.5,7.5,0.0,0.9375,0.0,0.0,0.0,-1.875,0.0,0.0,0.0,4.6875,0.0,0.0,0.0,0.0,3.75,0.0,0.0,-3.75,-14.0625,-3.75,-3.75,3.75,0.0,-3.75,0.0,0.0,0.0,0.0,0.0,0.0,0.0,0.0,0.0,0.0,0.0,0.0,0.0
229,3,0.9375,-7.5,5.625,0.0,3.75,7.5,-3.75,-1.875,0.9375,0.0,-11.25,0.0,8.4375,-7.5,0.9375,0.0,-1.875,0.0,0.0,11.25,-3.75,0.0,0.0,0.0,0.0,0.0,0.0,0.0,0.0,0.0,5.625,7.5,0.0,0.0,-1.875,0.0,0.0,-3.75,0.0,0.0,0.0,3.75,0.0,0.0,0.0,0.0,3.75,0.0,0.0,-5.625,-15.0,-2.8125,0.0,0.9375,0.0,-3.75,0.0,0.0,0.0,0.0,0.0,0.0,0.0,0.0,0.0,0.0,0.0,0.0,0.0
229,4,0.9375,-3.75,3.75,0.0,3.75,4.6875,-3.75,-3.75,0.0,-3.75,-7.5,0.0,7.5,-7.5,1.875,0.0,-3.75,-1.875,0.0,11.25,-3.75,0.0,0.0,0.0,0.0,0.0,0.0,0.0,0.0,3.75,5.625,7.5,0.0,0.0,0.0,0.0,0.0,-3.75,0.0,0.0,-1.875,3.75,0.0,0.0,0.0,0.0,3.75,0.0,0.0,-3.75,-15.0,-3.75,0.0,3.75,0.0,-3.75,0.0,-1.875,0.0,0.0,0.0,0.0,0.0,0.0,0.0,0.0,0.0,0.0,0.0
229,5,0.9375,-3.75,3.75,0.0,3.75,5.625,-3.75,-3.75,0.0,-3.75,-7.5,0.0,7.5,-7.5,0.9375,0.0,-3.75,-1.875,0.0,11.25,-3.75,0.0,0.0,0.0,0.0,0.0,0.0,0.0,0.0,3.75,7.5,4.6875,0.0,0.0,0.0,0.0,0.0,-3.75,0.0,0.0,-1.875,3.75,0.0,0.0,0.0,0.0,3.75,0.0,0.0,-3.75,-15.0,-3.75,0.0,3.75,0.0,-3.75,0.0,-1.875,0.0,0.0,0.0,0.0,0.0,0.0,0.0,0.0,0.0,0.0,0.0
230,3,0.0,-6.5625,7.5,0.0,0.0,5.625,-1.875,-3.75,0.9375,0.9375,-11.25,-1.875,7.5,-6.5625,3.75,0.0,-3.75,0.0,0.0,9.375,0.0,0.0,0.0,0.0,0.0,0.0,0.0,0.0,-3.75,0.0,3.75,5.625,0.0,0.0,0.0,0.0,0.0,-3.75,-1.875,0.0,0.0,3.75,0.0,0.0,0.0,0.0,3.75,0.0,-1.875,-6.5625,-16.875,-3.75,3.75,0.0,0.0,-1.875,0.0,-1.875,0.0,0.0,0.0,0.0,0.0,0.0,0.0,0.0,0.0,0.0,0.0
230,4,0.0,0.0,3.75,0.0,0.0,3.75,-1.875,-3.75,0.9375,0.0,-7.5,0.0,7.5,-6.5625,3.75,0.0,-3.75,0.0,0.0,8.4375,-3.75,0.0,0.0,0.0,0.0,0.0,0.0,0.0,-3.75,0.0,4.6875,4.6875,0.0,0.0,0.0,0.0,0.0,-3.75,0.0,0.0,-3.75,3.75,0.0,0.0,0.0,0.0,3.75,0.0,-1.875,-3.75,-16.875,-3.75,3.75,0.9375,0.0,0.0,0.0,-3.75,0.0,0.0,0.0,0.0,0.0,0.0,0.0,0.0,0.0,0.0,0.0
230,5,0.0,0.0,3.75,0.0,0.0,3.75,-1.875,-3.75,0.9375,0.0,-7.5,0.0,7.5,-6.5625,3.75,0.0,-3.75,0.0,0.0,9.375,-3.75,0.0,0.0,0.0,0.0,0.0,0.0,0.0,-3.75,0.0,4.6875,4.6875,0.0,0.0,0.0,0.0,0.0,-6.5625,0.0,0.0,-3.75,3.75,0.0,0.0,-1.875,0.0,3.75,0.0,-1.875,-5.625,-15.0,-3.75,3.75,0.9375,0.0,0.0,0.0,-3.75,0.0,0.0,0.0,0.0,0.0,0.0,0.0,0.0,0.0,0.0,0.0
231,3,0.0,0.0,7.5,0.0,0.0,3.75,3.75,-3.75,0.0,3.75,-15.0,-3.75,7.5,-3.75,0.0,0.0,-3.75,0.0,0.0,7.5,0.0,0.0,0.0,0.0,0.0,0.0,0.0,0.0,-3.75,0.0,3.75,3.75,0.0,0.0,0.0,0.0,0.0,-7.5,-1.875,0.0,-1.875,2.8125,0.0,0.0,0.0,0.0,0.0,0.0,-2.8125,-3.75,-18.75,-3.75,3.75,0.0,0.0,0.0,0.0,-3.75,0.0,0.0,0.0,0.0,0.0,0.0,0.0,0.0,0.0,0.0,0.0
231,4,0.0,3.75,3.75,0.0,0.9375,0.9375,0.0,-3.75,0.0,0.0,-11.25,-1.875,7.5,-3.75,0.0,0.0,-3.75,0.0,0.0,7.5,-3.75,0.0,0.0,0.0,0.0,0.0,0.0,0.0,-3.75,0.0,3.75,3.75,0.0,0.0,0.0,0.0,0.0,-7.5,0.0,0.0,-3.75,3.75,0.0,0.0,0.0,-1.875,0.0,0.0,-3.75,-1.875,-17.8125,-3.75,3.75,0.0,0.0,0.0,0.0,-3.75,0.0,0.0,0.0,0.0,0.0,0.0,0.0,0.0,0.0,0.0,0.0
231,5,0.0,3.75,3.75,0.0,0.9375,3.75,0.0,-3.75,0.0,0.0,-11.25,-1.875,7.5,-3.75,0.0,0.0,-3.75,0.0,0.0,7.5,-3.75,0.0,0.0,0.0,0.0,0.0,0.0,0.0,-3.75,0.0,3.75,4.6875,0.0,0.0,0.0,0.0,0.0,-7.5,0.0,0.0,-3.75,3.75,0.0,0.0,0.0,-1.875,0.0,0.0,-3.75,-3.75,-15.0,-3.75,3.75,0.0,0.0,0.0,0.0,-3.75,0.0,0.0,0.0,0.0,0.0,0.0,0.0,0.0,0.0,0.0,0.0
232,3,0.0,-3.75,7.5,-3.75,3.75,3.75,0.0,-1.875,0.0,4.6875,-16.875,-3.75,5.625,-3.75,3.75,0.0,0.0,-1.875,0.0,5.625,0.0,0.0,0.0,0.0,0.0,-3.75,0.0,0.0,0.0,-2.8125,0.0,3.75,-1.875,0.0,0.0,0.0,0.0,-11.25,0.0,0.0,-1.875,0.9375,0.0,0.0,0.0,-0.9375,0.0,0.0,-1.875,3.75,-18.75,0.0,0.9375,0.0,0.0,0.0,0.0,-3.75,0.0,0.0,0.0,0.0,0.0,0.0,0.0,0.0,0.0,0.0,0.0
232,4,0.0,0.0,3.75,-3.75,3.75,3.75,0.0,-1.875,0.0,3.75,-11.25,-3.75,5.625,0.0,3.75,0.0,0.0,-3.75,-1.875,6.5625,-3.75,0.0,0.0,0.0,0.0,-1.875,0.0,0.0,0.0,-1.875,0.0,3.75,-3.75,0.0,0.0,0.0,0.0,-11.25,0.0,0.0,-3.75,0.9375,0.0,0.0,0.0,-2.8125,0.0,0.0,-3.75,1.875,-16.875,0.0,3.75,0.0,0.0,3.75,0.0,-6.5625,0.0,0.0,0.0,0.0,0.0,0.0,0.0,0.0,0.0,0.0,0.0
232,5,0.0,0.0,3.75,-3.75,3.75,3.75,0.0,-1.875,0.0,3.75,-11.25,-3.75,5.625,-1.875,3.75,0.0,0.0,-3.75,-1.875,7.5,-3.75,0.0,0.0,0.0,0.0,-1.875,0.0,0.0,0.0,-1.875,0.0,3.75,-3.75,0.0,0.0,0.0,0.0,-11.25,0.0,0.0,-3.75,0.9375,0.0,0.0,0.0,-2.8125,0.0,0.0,-3.75,0.0,-15.0,0.0,3.75,0.0,0.0,3.75,0.0,-6.5625,0.0,0.0,0.0,0.0,0.0,0.0,0.0,0.0,0.0,0.0,0.0
233,3,0.0,0.0,3.75,-3.75,0.0,0.9375,-3.75,0.0,-3.75,7.5,-16.875,-5.625,3.75,-3.75,5.625,0.0,0.0,-3.75,0.0,3.75,0.9375,0.0,0.0,0.0,0.0,-3.75,0.0,0.0,-3.75,-3.75,0.9375,3.75,-1.875,0.0,-2.8125,0.0,0.0,-14.0625,0.0,0.0,0.0,0.0,0.9375,0.0,0.0,-3.75,0.0,0.0,-1.875,7.5,16.875,0.0,1.875,0.0,0.0,0.0,0.0,-7.5,0.0,0.0,0.0,0.0,0.0,0.0,0.0,0.0,0.0,0.0,0.0
233,4,-1.875,0.0,3.75,-3.75,0.0,0.9375,0.0,0.0,-3.75,3.75,-13.125,-3.75,3.75,0.0,3.75,0.0,0.0,-3.75,-1.875,3.75,0.0,0.0,0.0,0.0,0.0,-1.875,0.0,0.0,0.0,-3.75,0.0,3.75,-3.75,0.0,0.0,0.0,0.0,-11.25,0.0,-1.875,-3.75,0.0,0.9375,0.0,0.0,-6.5625,0.0,0.0,-3.75,3.75,15.0,0.0,3.75,0.0,0.0,3.75,0.0,-7.5,0.0,0.0,0.0,0.0,0.0,0.0,0.0,0.0,0.0,0.0,0.0
233,5,-1.875,0.0,3.75,-3.75,0.0,0.9375,0.0,0.0,-3.75,3.75,-14.0625,-3.75,3.75,0.0,3.75,0.0,0.0,-3.75,-1.875,3.75,0.0,0.0,0.0,0.0,0.0,-1.875,0.0,0.0,-1.875,-3.75,0.0,3.75,-3.75,0.0,0.0,0.0,0.0,-11.25,0.0,-1.875,-3.75,0.0,0.9375,0.0,0.0,-6.5625,0.0,0.0,-3.75,3.75,15.0,0.0,3.75,0.0,0.0,3.75,0.0,-7.5,0.0,0.0,0.0,0.0,0.0,0.0,0.0,0.0,0.0,0.0,0.0
234,3,-3.75,0.9375,4.6875,-3.75,0.0,0.0,-3.75,4.6875,-3.75,3.75,-15.0,-7.5,2.8125,0.0,7.5,-1.875,3.75,-3.75,0.0,3.75,3.75,0.0,0.0,0.0,0.0,-3.75,0.0,0.0,-3.75,-7.5,0.0,0.9375,-1.875,0.0,0.0,0.0,0.0,-15.0,0.0,0.0,0.0,0.0,0.0,0.0,0.0,-6.5625,0.0,0.0,-1.875,7.5,15.0,0.0,0.9375,0.0,0.0,0.0,0.0,-7.5,0.0,0.0,0.0,0.0,0.0,0.0,0.0,0.0,0.0,0.0,0.0
234,4,-3.75,3.75,3.75,-3.75,0.0,0.0,-3.75,4.6875,-5.625,3.75,9.375,-3.75,3.75,1.875,3.75,-2.8125,3.75,-3.75,0.0,3.75,1.875,0.0,0.0,0.0,0.0,0.0,0.0,0.0,-3.75,-7.5,0.0,1.875,-3.75,-1.875,0.0,0.0,0.0,-15.0,0.9375,-1.875,-3.75,-1.875,0.0,0.0,0.0,-7.5,0.0,0.0,0.0,5.625,15.0,1.875,1.875,0.0,0.0,3.75,0.0,-7.5,0.0,0.0,0.0,0.0,0.0,0.0,0.0,0.0,0.0,0.0,0.0
234,5,-3.75,3.75,3.75,-3.75,0.0,0.0,-3.75,4.6875,-6.5625,3.75,8.4375,-5.625,3.75,0.9375,3.75,-2.8125,3.75,-3.75,0.0,3.75,0.9375,0.0,0.0,0.0,0.0,0.0,0.0,0.0,-3.75,-7.5,0.0,0.9375,-3.75,-1.875,0.0,0.0,0.0,-14.0625,0.9375,-1.875,-3.75,-1.875,0.0,0.0,0.0,-7.5,1.875,0.0,0.0,3.75,15.0,0.9375,1.875,0.0,0.0,3.75,0.0,-7.5,0.0,0.0,0.0,0.0,0.0,0.0,0.0,0.0,0.0,0.0,0.0
235,3,-3.75,3.75,3.75,-7.5,1.875,0.0,-3.75,7.5,-6.5625,3.75,11.25,-7.5,0.9375,0.0,1.875,-3.75,4.6875,-5.625,0.0,0.9375,3.75,-1.875,0.0,0.0,0.0,-7.5,0.0,0.0,0.0,-7.5,0.9375,1.875,-3.75,0.0,0.9375,0.0,0.0,-15.0,0.0,0.0,0.0,-1.875,0.0,0.0,0.0,-6.5625,1.875,0.0,0.0,7.5,13.125,0.0,0.0,0.0,0.0,0.0,0.0,-7.5,0.0,0.0,0.0,0.0,0.0,0.0,0.0,0.0,0.0,0.0,0.0
235,4,-3.75,3.75,3.75,-7.5,3.75,0.0,-3.75,7.5,-7.5,3.75,8.4375,-3.75,0.9375,0.9375,0.0,-3.75,5.625,-3.75,0.0,0.9375,3.75,-1.875,0.0,0.0,0.0,-3.75,0.0,0.0,0.0,-7.5,0.0,0.9375,-3.75,-1.875,0.9375,0.0,0.0,-15.0,0.9375,-1.875,0.0,-3.75,0.0,0.0,-1.875,-7.5,0.9375,0.0,0.0,3.75,12.1875,0.9375,0.0,0.0,0.0,0.9375,0.0,-3.75,0.0,0.0,0.0,0.0,0.0,0.0,0.0,0.0,0.0,0.0,0.0
235,5,-3.75,3.75,3.75,-7.5,3.75,0.0,-3.75,7.5,-7.5,3.75,11.25,-3.75,0.9375,3.75,0.0,-3.75,5.625,-3.75,0.0,0.9375,3.75,-1.875,0.0,0.0,0.0,-3.75,0.0,0.0,0.0,-7.5,0.0,0.9375,-3.75,-1.875,0.9375,0.0,0.0,-11.25,0.9375,0.0,0.0,-3.75,0.0,0.0,-1.875,-8.4375,1.875,0.0,0.0,3.75,11.25,1.875,0.9375,0.0,0.0,0.9375,0.0,-3.75,0.0,0.0,0.0,0.0,0.0,0.0,0.0,0.0,0.0,0.0,0.0
236,3,-3.75,0.0,0.9375,-7.5,3.75,0.9375,-7.5,0.9375,-3.75,3.75,9.375,-11.25,0.0,0.0,0.9375,-3.75,3.75,-7.5,0.0,0.0,3.75,-3.75,0.0,0.0,0.0,-7.5,0.0,0.0,0.0,-10.3125,0.9375,1.875,-3.75,0.0,0.0,0.0,0.0,15.0,0.0,1.875,0.0,-3.75,0.0,0.0,-1.875,-7.5,0.9375,0.0,0.0,3.75,11.25,0.0,0.0,0.0,0.0,0.0,0.0,-7.5,0.0,0.0,0.0,0.0,0.0,0.0,0.0,0.0,0.0,0.0,0.0
236,4,-1.875,0.0,0.0,-7.5,3.75,0.0,-6.5625,3.75,-7.5,0.9375,8.4375,-5.625,0.0,0.9375,0.9375,-3.75,3.75,-7.5,0.0,0.0,3.75,-3.75,0.0,0.0,0.0,-3.75,0.0,0.0,0.0,-11.25,0.9375,0.0,-3.75,-3.75,0.0,0.0,0.0,13.125,1.875,0.0,3.75,-6.5625,0.0,0.0,-3.75,-11.25,0.9375,0.0,0.9375,3.75,11.25,0.9375,0.0,0.0,0.0,0.0,0.0,3.75,0.0,0.0,0.0,0.0,0.0,0.0,0.0,0.0,0.0,0.0,0.0
236,5,-1.875,0.0,0.9375,-7.5,3.75,0.0,-6.5625,3.75,-7.5,3.75,7.5,-6.5625,0.0,0.9375,0.9375,-3.75,4.6875,-7.5,0.0,0.0,3.75,-3.75,0.0,0.0,0.0,-3.75,0.0,0.0,0.0,-11.25,0.9375,0.0,-3.75,-3.75,0.0,0.0,0.0,11.25,0.9375,0.0,3.75,-6.5625,0.0,0.0,-3.75,-11.25,1.875,0.0,0.9375,3.75,11.25,0.9375,0.0,0.0,0.0,0.0,0.0,3.75,0.0,0.0,0.0,0.0,0.0,0.0,0.0,0.0,0.0,0.0,0.0
237,3,-7.5,0.0,0.0,-3.75,0.0,0.0,-10.3125,0.0,-3.75,0.0,8.4375,-11.25,0.0,0.0,3.75,-6.5625,0.9375,-3.75,0.0,0.0,0.9375,-3.75,0.0,0.0,0.0,-3.75,0.0,0.0,1.875,-11.25,0.9375,1.875,0.0,0.0,0.0,0.0,0.0,15.0,0.0,3.75,0.9375,-3.75,-1.875,0.0,-2.8125,-9.375,0.9375,0.0,0.0,3.75,7.5,0.0,0.0,0.0,0.0,0.0,0.0,-3.75,0.0,0.0,0.0,0.0,0.0,0.0,0.0,0.0,0.0,0.0,0.0
237,4,-1.875,0.0,0.0,-3.75,0.0,0.0,-7.5,1.875,-7.5,0.0,8.4375,-3.75,0.0,0.0,3.75,-5.625,3.75,-3.75,0.0,0.0,0.0,-3.75,0.0,0.0,0.0,0.0,0.0,0.0,0.0,-11.25,3.75,0.0,-3.75,-3.75,0.0,0.0,-1.875,11.25,0.0,0.0,3.75,-7.5,-1.875,0.0,-3.75,-11.25,0.9375,0.0,1.875,3.75,7.5,0.0,0.0,-1.875,0.0,0.0,0.0,5.625,0.0,0.0,0.0,0.0,0.0,0.0,0.0,0.0,0.0,0.0,0.0
237,5,-1.875,0.0,0.0,-2.8125,0.0,0.0,-9.375,1.875,-7.5,0.0,8.4375,-3.75,0.0,0.0,3.75,-6.5625,3.75,-3.75,0.0,0.0,0.0,-3.75,0.0,0.0,0.0,0.0,0.0,0.0,0.0,-11.25,3.75,0.0,-3.75,-3.75,0.0,0.0,-1.875,11.25,0.0,0.0,3.75,-7.5,-1.875,0.0,-3.75,-11.25,0.9375,0.0,1.875,3.75,7.5,0.0,0.0,-1.875,0.0,0.0,0.0,3.75,0.0,0.0,0.0,0.0,0.0,0.0,0.0,0.0,0.0,0.0,0.0
238,3,-6.5625,0.0,0.0,7.5,-3.75,-3.75,-11.25,0.9375,0.0,1.875,7.5,-7.5,0.0,0.0,0.0,-6.5625,0.9375,-1.875,0.0,0.0,0.0,-3.75,0.0,0.0,0.0,0.0,0.0,0.0,-3.75,-11.25,0.9375,3.75,0.0,3.75,-2.8125,0.0,0.0,13.125,0.0,3.75,0.9375,-7.5,-3.75,0.0,-3.75,-11.25,0.0,0.0,0.9375,3.75,3.75,0.0,0.0,0.0,0.0,0.0,0.0,0.0,0.0,0.0,0.0,0.0,0.0,0.0,0.0,0.0,0.0,0.0,0.0
238,4,-3.75,0.0,0.0,3.75,-2.8125,-3.75,-9.375,3.75,-7.5,1.875,7.5,0.0,0.0,0.0,0.0,-6.5625,1.875,0.0,0.0,0.0,0.0,-3.75,0.0,0.0,0.0,1.875,0.0,0.0,-1.875,-11.25,1.875,0.9375,0.0,0.0,-1.875,0.0,-1.875,11.25,0.0,1.875,3.75,-10.3125,-3.75,0.0,-3.75,-13.125,0.0,0.0,1.875,3.75,7.5,0.0,0.0,-2.8125,0.0,0.0,0.0,4.6875,0.0,0.0,0.0,0.0,0.0,0.0,0.0,0.0,0.0,0.0,0.0
238,5,-3.75,0.0,0.0,3.75,-2.8125,-3.75,-10.3125,3.75,-7.5,0.9375,7.5,0.0,0.0,0.0,0.0,-6.5625,2.8125,0.0,0.0,0.0,0.0,-3.75,0.0,0.0,0.0,0.9375,0.0,0.0,-1.875,-11.25,0.0,0.9375,0.0,0.0,-1.875,0.0,-1.875,11.25,0.0,1.875,3.75,-9.375,-3.75,0.0,-5.625,-13.125,0.0,0.0,1.875,3.75,7.5,0.0,0.0,-1.875,0.0,0.0,0.0,4.6875,0.0,0.0,0.0,0.0,0.0,0.0,0.0,0.0,0.0,0.0,0.0
239,3,-1.875,0.0,0.0,11.25,-6.5625,0.0,-11.25,0.9375,7.5,3.75,3.75,0.0,0.0,0.0,0.0,-5.625,1.875,0.0,0.0,0.0,0.0,-3.75,0.0,0.0,0.0,3.75,0.0,0.0,-3.75,-11.25,0.0,3.75,0.9375,7.5,-3.75,0.0,0.0,11.25,0.0,3.75,0.9375,-7.5,-3.75,0.0,-3.75,-11.25,0.0,0.0,0.9375,3.75,3.75,0.0,0.0,0.0,0.0,0.0,0.0,0.9375,0.0,0.0,0.0,0.0,0.0,0.0,0.0,0.0,0.0,0.0,0.0
239,4,0.0,0.0,0.0,7.5,-6.5625,-1.875,-11.25,0.9375,0.0,3.75,3.75,0.9375,0.0,0.0,0.0,-3.75,3.75,3.75,0.0,0.0,0.0,0.0,-1.875,0.0,0.0,3.75,0.0,0.0,-3.75,-11.25,0.0,3.75,0.0,3.75,-3.75,0.0,-1.875,8.4375,0.0,3.75,3.75,-11.25,-3.75,0.0,-6.5625,-15.0,0.0,0.0,0.9375,3.75,3.75,0.0,0.0,-1.875,0.0,0.0,0.0,4.6875,0.0,0.0,0.0,0.0,0.0,0.0,0.0,0.0,0.0,0.0,0.0
239,5,0.0,0.0,0.0,7.5,-5.625,-1.875,-11.25,0.9375,0.0,3.75,4.6875,3.75,0.0,0.0,0.0,-3.75,3.75,3.75,0.0,0.0,0.0,0.0,-3.75,0.0,0.0,3.75,0.0,0.0,-3.75,-11.25,0.0,3.75,1.875,3.75,-3.75,0.0,-3.75,9.375,0.0,3.75,3.75,-11.25,-3.75,0.0,-6.5625,-15.0,0.0,0.0,0.9375,3.75,3.75,0.0,0.0,-1.875,0.0,0.0,0.0,5.625,0.0,0.0,0.0,0.0,0.0,0.0,0.0,0.0,0.0,0.0,0.0
240,3,3.75,0.0,0.0,7.5,-8.4375,0.0,-11.25,0.0,11.25,3.75,3.75,5.625,0.0,0.0,0.0,0.0,0.0,0.0,0.0,0.0,0.0,-3.75,-3.75,0.0,0.0,3.75,0.0,0.0,-3.75,-7.5,0.0,1.875,0.9375,7.5,-3.75,0.0,0.0,7.5,0.9375,3.75,0.0,-9.375,-3.75,0.0,-1.875,-11.25,0.0,0.0,0.0,3.75,0.9375,0.0,0.0,0.0,0.0,0.0,0.0,0.9375,0.0,0.0,0.0,0.0,0.0,0.0,0.0,0.0,0.0,0.0,0.0
240,4,3.75,0.0,0.0,4.6875,-7.5,0.0,-11.25,0.0,7.5,3.75,3.75,3.75,0.0,0.0,0.0,0.0,0.0,3.75,0.0,0.0,-1.875,0.0,-3.75,0.0,0.0,3.75,0.0,0.0,-1.875,0.0,0.0,0.9375,0.9375,3.75,-3.75,0.0,-3.75,7.5,0.0,3.75,0.9375,-13.125,-3.75,0.0,-3.75,-15.0,0.0,-1.875,0.0,3.75,3.75,0.0,0.0,0.0,0.0,0.0,0.0,4.6875,0.0,0.0,0.0,0.0,0.0,0.0,0.0,0.0,0.0,0.0,0.0
240,5,3.75,0.0,0.0,7.5,-7.5,0.0,-11.25,0.0,8.4375,3.75,3.75,3.75,0.0,0.0,0.0,0.0,0.0,3.75,0.0,0.0,-1.875,0.0,-3.75,0.0,0.0,3.75,0.0,0.0,-2.8125,3.75,0.0,0.9375,3.75,3.75,-3.75,0.0,-3.75,7.5,0.0,3.75,1.875,-11.25,-3.75,0.0,-3.75,-15.0,0.0,-1.875,0.0,3.75,3.75,0.0,0.0,0.0,0.0,0.0,0.0,3.75,0.0,0.0,0.0,0.0,0.0,0.0,0.0,0.0,0.0,0.0,0.0
241,3,1.875,-1.875,0.0,3.75,-11.25,0.0,-11.25,0.0,11.25,0.0,0.9375,3.75,-1.875,0.0,0.0,3.75,0.0,0.0,0.0,0.0,-1.875,-1.875,0.0,0.0,0.0,0.9375,0.0,0.0,-7.5,0.0,0.0,0.9375,0.0,3.75,-7.5,0.0,0.0,7.5,0.0,3.75,0.0,-9.375,-3.75,0.0,0.0,-9.375,-0.9375,-1.875,0.0,3.75,0.0,0.0,0.0,0.0,0.0,0.0,0.0,0.0,0.0,0.0,0.0,0.0,0.0,0.0,0.0,0.0,0.0,0.0,0.0
241,4,3.75,0.0,0.0,3.75,-10.3125,1.875,-11.25,0.0,11.25,0.9375,0.9375,3.75,-1.875,0.0,0.0,3.75,0.0,3.75,0.0,0.0,-3.75,0.0,0.0,0.0,0.0,3.75,0.0,0.0,-3.75,7.5,0.0,0.9375,0.9375,3.75,-6.5625,0.0,-3.75,4.6875,0.0,0.9375,0.0,-13.125,-3.75,0.0,0.0,-11.25,0.0,-3.75,0.0,3.75,0.9375,0.0,0.0,0.0,0.0,0.0,0.0,3.75,0.0,0.0,0.0,0.0,0.0,0.0,0.0,0.0,0.0,0.0,0.0
241,5,3.75,0.0,0.0,3.75,-9.375,1.875,-11.25,0.0,11.25,0.9375,3.75,0.9375,-1.875,0.0,0.0,3.75,0.0,3.75,0.0,0.0,-3.75,0.0,0.0,0.0,0.0,3.75,0.0,0.0,-3.75,7.5,0.0,0.9375,0.9375,3.75,-6.5625,0.0,-3.75,5.625,0.0,0.9375,0.0,-13.125,-3.75,0.0,0.9375,-11.25,-1.875,-3.75,0.0,3.75,3.75,0.0,0.0,0.0,0.0,0.0,0.0,3.75,0.0,0.0,0.0,0.0,0.0,0.0,0.0,0.0,0.0,0.0,0.0
242,3,0.0,-3.75,-1.875,3.75,-14.0625,0.9375,-11.25,-3.75,8.4375,0.0,0.0,-3.75,-2.8125,0.9375,-1.875,5.625,0.0,0.0,0.0,0.0,-3.75,-1.875,3.75,0.0,0.0,1.875,0.0,0.0,-7.5,4.6875,0.0,0.0,0.0,4.6875,-7.5,0.0,-3.75,3.75,0.0,0.9375,0.0,-7.5,-3.75,-1.875,1.875,-7.5,-1.875,-1.875,0.0,3.75,0.0,0.0,0.0,0.0,0.0,0.0,0.0,0.0,0.0,0.0,0.0,-0.9375,0.0,0.0,0.0,0.0,0.0,0.0,0.0
242,4,0.0,-1.875,0.0,3.75,-11.25,0.9375,-11.25,-3.75,7.5,0.9375,0.0,0.0,-1.875,0.0,-1.875,5.625,0.0,0.9375,0.0,0.0,-3.75,0.0,0.9375,0.0,0.0,0.0,0.0,0.0,-7.5,8.4375,-3.75,0.0,0.0,3.75,-7.5,-1.875,-7.5,3.75,0.0,0.0,0.0,-15.0,0.0,-3.75,7.5,-7.5,-1.875,-6.5625,0.0,3.75,0.0,0.0,0.0,1.875,0.0,0.0,0.0,0.9375,0.0,0.0,0.0,0.0,0.0,0.0,0.0,0.0,0.0,0.0,0.0
242,5,0.0,-1.875,-1.875,3.75,-11.25,0.9375,-11.25,-3.75,7.5,0.9375,0.0,0.0,-3.75,0.0,-1.875,4.6875,0.0,0.9375,0.0,0.0,-3.75,0.0,0.9375,0.0,0.0,0.0,0.0,0.0,-7.5,8.4375,-3.75,0.0,0.0,3.75,-7.5,-1.875,-6.5625,3.75,0.0,0.0,0.0,-12.1875,0.0,-3.75,7.5,-7.5,-1.875,-5.625,0.0,3.75,1.875,0.0,0.0,1.875,0.0,0.0,0.0,0.9375,0.0,0.0,0.0,-0.9375,0.0,0.0,0.0,0.0,0.0,0.0,0.0
243,3,0.0,-6.5625,-1.875,0.9375,-15.0,1.875,-10.3125,-3.75,7.5,0.0,0.0,-1.875,-3.75,0.9375,-3.75,4.6875,0.0,0.0,0.0,0.0,-3.75,-2.8125,4.6875,0.0,0.0,0.0,0.0,0.0,-7.5,4.6875,0.0,0.0,0.0,3.75,-9.375,0.0,-9.375,3.75,0.0,0.0,0.0,-7.5,0.0,-3.75,3.75,-3.75,-2.8125,-1.875,0.0,0.9375,0.0,0.0,0.0,0.0,0.0,0.0,0.0,0.0,0.0,0.0,0.0,-2.8125,0.0,0.0,0.0,0.0,0.0,0.0,0.0
243,4,0.0,-1.875,-1.875,3.75,-15.0,3.75,-7.5,-3.75,7.5,0.0,0.0,0.0,-3.75,0.0,-3.75,4.6875,0.0,0.0,0.0,0.0,-3.75,0.0,3.75,0.0,0.0,0.0,0.0,0.0,-3.75,7.5,0.0,0.0,0.0,3.75,-7.5,-1.875,-7.5,0.9375,0.0,0.0,0.0,-15.0,0.0,-3.75,7.5,7.5,-1.875,-7.5,0.0,0.9375,0.0,0.0,-1.875,3.75,0.0,0.0,0.0,0.0,0.0,0.0,0.0,-2.8125,0.0,0.0,0.0,0.0,0.0,0.0,0.0
243,5,0.0,-1.875,-1.875,3.75,-14.0625,3.75,-7.5,-3.75,7.5,0.0,0.0,0.0,-3.75,1.875,-3.75,4.6875,0.0,0.0,0.0,0.0,-3.75,-1.875,3.75,0.0,0.0,0.0,0.0,0.0,-3.75,7.5,0.0,0.0,0.0,3.75,-7.5,-3.75,-7.5,0.9375,0.0,0.0,0.0,-14.0625,0.0,-3.75,7.5,3.75,-2.8125,-6.5625,0.0,1.875,0.0,-0.9375,-1.875,3.75,0.0,0.0,0.0,0.0,0.0,0.0,0.0,-2.8125,0.0,0.0,0.0,0.0,0.0,0.0,0.0
244,3,0.0,-7.5,0.0,0.0,-16.875,0.0,-7.5,0.0,7.5,0.0,0.0,0.0,-3.75,0.0,-1.875,3.75,0.0,0.0,0.0,0.0,-5.625,-1.875,3.75,0.0,0.0,1.875,0.0,0.0,-3.75,3.75,0.0,0.0,0.0,3.75,-9.375,0.0,-11.25,0.0,0.0,0.0,0.0,-7.5,3.75,-3.75,3.75,0.0,-1.875,0.0,-1.875,0.0,0.0,-1.875,0.0,0.0,0.0,0.0,0.0,0.0,0.0,0.0,0.0,-3.75,0.0,0.0,0.0,0.0,0.0,0.0,0.0
244,4,0.0,-1.875,0.0,0.0,-15.0,0.9375,0.0,0.0,7.5,0.0,0.0,0.0,-3.75,0.9375,-1.875,3.75,0.0,0.0,0.0,0.0,-3.75,-2.8125,3.75,0.0,0.0,0.0,0.0,0.0,0.0,7.5,0.0,0.0,0.0,3.75,-3.75,-3.75,-11.25,0.9375,0.0,0.0,0.0,-15.0,3.75,-5.625,7.5,7.5,-1.875,-7.5,-3.75,0.0,0.0,-3.75,0.0,3.75,0.0,-1.875,0.0,0.0,0.0,0.0,0.0,-3.75,0.0,0.0,0.0,0.0,0.0,0.0,0.0
244,5,0.0,-3.75,0.0,0.0,-15.0,1.875,-3.75,0.0,7.5,0.0,0.0,0.0,-3.75,0.9375,-1.875,3.75,0.0,0.0,0.0,0.0,-6.5625,-1.875,4.6875,0.0,0.0,0.0,0.0,0.0,0.0,7.5,0.0,0.0,0.0,3.75,-3.75,-3.75,-10.3125,0.9375,0.0,0.0,0.0,-5.625,3.75,-5.625,7.5,7.5,-1.875,-3.75,-3.75,0.0,0.0,-3.75,0.0,3.75,0.0,0.0,0.0,0.0,0.0,0.0,0.0,-3.75,0.0,0.0,0.0,0.0,0.0,0.0,0.0
245,3,0.0,-7.5,-3.75,0.0,19.6875,0.0,0.9375,0.0,3.75,-3.75,0.0,0.0,-3.75,0.0,-6.5625,3.75,0.0,0.0,0.0,0.0,-7.5,0.0,0.0,0.0,0.0,3.75,0.0,0.0,0.0,3.75,0.0,0.0,0.0,0.9375,-7.5,3.75,-15.0,0.0,0.0,0.0,0.0,3.75,3.75,-3.75,3.75,0.0,-1.875,3.75,-3.75,0.0,0.0,-3.75,0.0,0.0,0.0,0.0,0.0,0.0,-0.9375,0.0,0.0,-3.75,0.0,0.0,0.0,0.0,0.0,0.0,0.0
245,4,0.0,-3.75,0.0,0.0,-15.0,0.0,1.875,0.0,3.75,-3.75,0.0,-1.875,-3.75,0.9375,-3.75,3.75,-1.875,0.0,0.0,0.0,-6.5625,-3.75,3.75,0.0,0.0,1.875,0.0,0.0,0.0,7.5,0.0,0.0,0.0,0.9375,0.0,-3.75,-11.25,0.0,0.0,0.0,0.0,13.125,3.75,-7.5,6.5625,7.5,-1.875,-3.75,-3.75,0.0,0.0,-3.75,0.0,0.9375,0.0,-1.875,0.0,0.0,-1.875,0.0,0.0,-5.625,0.0,0.0,0.0,0.0,0.0,0.0,0.0
245,5,0.0,-3.75,0.0,0.0,-14.0625,0.0,0.0,0.0,3.75,-3.75,0.0,-1.875,-3.75,0.9375,-3.75,3.75,-1.875,0.0,0.0,0.0,-6.5625,-3.75,3.75,0.0,0.0,1.875,0.0,0.0,0.0,7.5,0.0,0.0,0.0,0.9375,0.0,0.0,-11.25,0.0,0.0,0.0,0.0,13.125,3.75,-7.5,5.625,7.5,-1.875,-1.875,-3.75,0.0,0.0,-3.75,0.0,0.9375,0.0,-1.875,0.0,0.0,-1.875,0.0,0.0,-5.625,0.0,0.0,0.0,0.0,0.0,0.0,0.0
246,3,0.0,-7.5,-3.75,-2.8125,18.75,0.0,0.0,-3.75,2.8125,-3.75,0.0,0.0,0.0,0.0,-7.5,1.875,-2.8125,0.0,0.0,0.0,-7.5,-3.75,0.9375,0.0,0.0,3.75,0.9375,0.0,3.75,3.75,0.0,0.0,0.0,0.0,-5.625,3.75,-15.0,0.0,0.0,0.0,0.0,5.625,3.75,-3.75,3.75,1.875,-3.75,5.625,-5.625,-1.875,0.0,-3.75,0.0,0.0,0.0,0.9375,0.0,0.0,-1.875,0.0,0.0,-6.5625,0.0,0.0,0.0,0.0,0.0,0.0,0.0
246,4,0.0,-1.875,-3.75,0.0,16.875,0.0,7.5,-1.875,3.75,-3.75,0.0,0.0,0.0,0.0,-7.5,1.875,-3.75,-1.875,0.0,0.0,-3.75,-6.5625,3.75,0.0,0.0,3.75,0.0,0.0,0.0,4.6875,0.0,0.0,0.0,0.0,1.875,0.0,-15.0,0.0,0.0,0.0,0.0,15.0,3.75,-7.5,3.75,7.5,-1.875,3.75,-3.75,-1.875,0.0,-6.5625,0.0,0.9375,0.0,0.0,0.0,0.0,-3.75,0.0,0.0,-7.5,0.0,0.0,0.0,0.0,0.0,0.0,0.0
246,5,0.0,-3.75,-3.75,0.0,15.9375,0.0,7.5,-3.75,3.75,-3.75,0.0,0.0,0.0,0.0,-7.5,1.875,-3.75,-1.875,0.0,0.0,-3.75,-6.5625,3.75,0.0,0.0,3.75,0.0,0.0,0.0,3.75,0.0,0.0,0.0,0.0,1.875,3.75,-11.25,0.0,0.0,0.0,0.0,11.25,3.75,-7.5,3.75,7.5,-1.875,3.75,-3.75,-1.875,0.0,-6.5625,0.0,0.9375,0.0,-1.875,0.0,0.0,-3.75,0.0,0.0,-7.5,0.0,0.0,0.0,0.0,0.0,0.0,0.0
247,3,0.0,0.0,-3.75,-2.8125,18.75,-1.875,0.0,-3.75,0.9375,-3.75,0.0,0.0,0.9375,0.0,-10.3125,0.0,0.0,0.0,0.0,0.0,3.75,0.0,0.9375,0.0,0.0,3.75,0.9375,0.0,0.0,3.75,0.0,0.0,0.0,0.0,-1.875,5.625,-15.0,0.0,-1.875,0.0,0.0,4.6875,3.75,-3.75,0.9375,0.9375,-3.75,7.5,-7.5,-2.8125,0.0,-6.5625,0.0,0.0,0.0,3.75,0.0,0.0,-3.75,0.0,0.0,-7.5,0.0,0.0,0.0,0.0,0.0,0.0,0.0
247,4,0.0,0.0,-3.75,0.0,15.0,-1.875,4.6875,0.0,0.9375,-3.75,0.0,0.0,0.9375,0.0,-7.5,0.0,0.0,0.0,0.0,0.0,0.0,-3.75,3.75,0.0,0.0,3.75,-1.875,0.0,0.0,3.75,0.0,0.0,0.0,0.0,0.9375,7.5,-11.25,0.0,-1.875,0.0,0.0,12.1875,3.75,-3.75,3.75,7.5,-3.75,7.5,-6.5625,-3.75,0.0,-7.5,0.0,0.0,0.0,0.0,0.0,0.0,-3.75,0.0,0.0,-8.4375,0.0,0.0,0.0,0.0,0.0,0.0,0.0
247,5,0.0,0.0,-3.75,0.0,15.0,-1.875,4.6875,-1.875,0.9375,-3.75,0.0,0.0,0.9375,0.0,-7.5,0.0,0.0,0.0,0.0,0.0,0.0,-3.75,3.75,0.0,0.0,3.75,-1.875,0.0,0.0,3.75,0.0,0.0,0.0,-1.875,1.875,7.5,-7.5,0.0,-1.875,0.0,0.0,12.1875,3.75,-3.75,3.75,7.5,-3.75,7.5,-6.5625,-3.75,0.0,-7.5,0.0,0.0,0.0,0.0,0.0,0.0,-3.75,0.0,0.0,-9.375,0.0,0.0,0.0,0.0,0.0,0.0,0.0
248,3,0.0,7.5,-7.5,0.0,15.9375,-3.75,0.0,0.0,0.0,-6.5625,0.0,0.9375,3.75,0.0,-10.3125,0.0,0.9375,0.0,0.0,0.0,7.5,4.6875,0.0,0.0,0.0,3.75,1.875,0.0,0.0,0.9375,0.0,0.0,0.0,0.0,0.0,7.5,-14.0625,0.0,0.0,0.0,0.0,7.5,3.75,0.0,0.0,0.9375,-3.75,7.5,-7.5,-3.75,0.0,-7.5,0.0,0.0,0.0,4.6875,0.0,0.0,-6.5625,0.0,0.0,-10.3125,0.0,0.0,0.0,0.0,0.0,0.0,0.0
248,4,0.0,3.75,-3.75,0.0,15.0,-3.75,3.75,0.9375,0.0,-3.75,0.0,0.0,3.75,0.0,-7.5,0.0,0.0,0.0,0.0,0.0,3.75,0.0,0.9375,0.0,0.0,3.75,0.0,0.0,0.0,0.9375,0.0,0.0,0.0,-1.875,2.8125,7.5,13.125,0.0,-1.875,0.0,0.0,11.25,1.875,0.0,0.0,4.6875,-3.75,8.4375,-7.5,-3.75,0.0,-7.5,3.75,0.0,0.0,1.875,0.0,0.0,-7.5,0.0,0.0,-11.25,0.0,0.0,0.0,0.0,0.0,0.0,0.0
248,5,0.0,5.625,-5.625,0.0,15.0,-3.75,3.75,0.0,0.0,-5.625,0.0,0.0,3.75,0.0,-6.5625,0.0,0.0,0.0,0.0,0.0,3.75,0.0,1.875,0.0,0.0,3.75,-1.875,0.0,0.0,0.9375,0.0,0.0,0.0,-1.875,1.875,7.5,11.25,0.0,-1.875,0.0,0.0,11.25,1.875,1.875,0.0,4.6875,-3.75,8.4375,-7.5,-3.75,0.0,-7.5,3.75,0.0,0.0,3.75,0.0,0.0,-7.5,0.0,0.0,-11.25,0.0,0.0,0.0,0.0,0.0,0.0,0.0
249,3,0.9375,7.5,-7.5,-1.875,15.0,-5.625,0.0,3.75,0.0,-6.5625,0.0,0.0,3.75,0.0,-11.25,0.0,3.75,0.0,0.0,0.0,7.5,8.4375,0.0,0.0,0.0,3.75,3.75,0.0,0.9375,0.0,0.0,0.0,0.0,-3.75,0.0,5.625,13.125,0.0,-3.75,-1.875,0.0,5.625,0.9375,3.75,0.0,0.0,-7.5,7.5,-7.5,-3.75,0.0,-7.5,0.0,0.0,0.0,7.5,0.0,0.0,-7.5,0.0,0.0,-11.25,0.0,0.0,0.0,0.0,0.0,0.0,0.0
249,4,0.9375,7.5,-6.5625,0.0,13.125,-3.75,3.75,3.75,0.0,-3.75,0.0,0.0,3.75,0.0,-7.5,0.0,0.0,0.0,0.0,0.0,3.75,7.5,0.0,0.0,0.0,3.75,0.0,0.0,1.875,0.0,0.0,-1.875,0.0,-3.75,1.875,7.5,13.125,0.0,-3.75,-1.875,0.0,11.25,0.9375,7.5,0.0,3.75,-6.5625,7.5,-6.5625,-3.75,0.0,-7.5,3.75,0.0,0.0,3.75,0.0,0.0,-9.375,0.0,0.0,-12.1875,0.0,0.0,0.0,0.0,0.0,0.0,0.0
249,5,0.9375,7.5,-7.5,0.0,14.0625,-3.75,3.75,3.75,0.0,-5.625,0.0,0.0,3.75,0.0,-7.5,0.0,0.0,0.0,0.0,0.0,4.6875,7.5,0.0,0.0,0.0,3.75,0.0,0.0,0.9375,0.0,0.0,-1.875,0.0,-3.75,1.875,7.5,13.125,0.0,-3.75,-1.875,0.0,11.25,0.9375,7.5,0.0,3.75,-6.5625,8.4375,-7.5,-3.75,0.0,-7.5,3.75,0.0,0.0,3.75,0.0,0.0,-8.4375,0.0,0.0,-11.25,0.0,0.0,0.0,0.0,0.0,0.0,0.0
250,3,0.0,7.5,-11.25,-3.75,11.25,-7.5,0.0,0.0,0.0,-3.75,0.0,0.0,1.875,0.0,-14.0625,0.0,3.75,0.0,0.0,0.0,7.5,8.4375,0.0,0.0,0.0,1.875,7.5,0.0,0.0,0.0,0.0,0.0,0.0,-5.625,0.0,3.75,11.25,0.0,-3.75,-1.875,0.0,4.6875,0.9375,4.6875,0.0,0.0,-7.5,5.625,-7.5,-1.875,0.0,-7.5,0.0,0.0,0.0,7.5,0.0,0.0,-9.375,0.0,0.0,-11.25,0.0,0.0,0.0,0.0,0.0,0.0,0.0
250,4,0.0,7.5,-7.5,-1.875,11.25,-7.5,0.9375,0.0,0.0,-3.75,0.0,0.0,1.875,0.0,-7.5,0.0,0.0,0.0,0.0,0.0,3.75,7.5,0.0,0.0,0.0,1.875,3.75,0.0,0.0,0.0,0.0,-1.875,0.0,-6.5625,0.0,7.5,11.25,0.0,-3.75,-1.875,0.0,9.375,0.9375,7.5,0.0,3.75,-7.5,7.5,-3.75,-1.875,0.0,-7.5,3.75,0.0,0.0,4.6875,0.0,0.0,-11.25,0.0,0.0,-15.0,0.0,0.0,0.0,0.0,0.0,0.0,0.0
250,5,0.0,7.5,-7.5,-2.8125,11.25,-6.5625,0.9375,0.0,0.0,-3.75,-1.875,0.0,1.875,0.0,-7.5,0.0,0.0,0.0,0.0,0.0,3.75,7.5,0.0,0.0,0.0,1.875,3.75,0.0,0.0,0.0,0.0,-1.875,0.0,-6.5625,0.0,7.5,11.25,0.0,-3.75,-1.875,0.0,9.375,0.9375,7.5,0.0,3.75,-7.5,7.5,-3.75,-1.875,0.0,-7.5,3.75,0.0,0.0,4.6875,0.0,0.0,-11.25,0.0,0.0,-15.0,0.0,0.0,0.0,0.0,0.0,0.0,0.0
251,3,0.0,7.5,-11.25,-3.75,8.4375,-7.5,0.0,-1.875,-1.875,-3.75,0.0,0.0,0.0,0.0,11.25,0.0,3.75,0.9375,0.0,0.0,7.5,7.5,0.0,0.0,0.0,0.9375,7.5,0.0,0.0,0.0,0.0,0.0,0.0,-6.5625,0.0,3.75,9.375,0.0,-3.75,-1.875,0.0,4.6875,0.0,4.6875,0.0,0.0,-7.5,3.75,-3.75,0.0,0.0,-3.75,0.0,0.0,0.0,5.625,0.0,0.0,-11.25,0.0,0.0,-13.125,0.0,0.0,0.0,0.0,0.0,0.0,0.0
251,4,0.0,4.6875,-7.5,-1.875,8.4375,-5.625,0.0,0.0,-1.875,-1.875,-1.875,0.0,0.0,0.0,0.0,0.0,3.75,0.0,0.0,0.0,3.75,7.5,0.0,0.0,0.0,0.0,4.6875,0.0,0.0,0.0,0.0,-1.875,0.0,-7.5,0.0,3.75,11.25,0.0,-3.75,-1.875,0.0,7.5,0.0,7.5,0.0,1.875,-3.75,4.6875,0.0,0.0,0.0,0.0,0.9375,0.0,0.0,4.6875,0.0,0.0,-14.0625,0.0,0.0,-15.0,0.0,0.0,0.0,0.0,0.0,0.0,0.0
251,5,0.0,4.6875,-10.3125,-1.875,7.5,-3.75,0.0,0.0,-1.875,0.0,-1.875,0.0,0.0,0.0,0.0,0.0,3.75,0.0,0.0,0.0,3.75,7.5,0.0,0.0,0.0,1.875,7.5,0.0,0.0,0.0,0.0,0.0,0.0,-7.5,0.0,3.75,7.5,0.0,-3.75,-1.875,0.0,7.5,0.0,7.5,0.0,1.875,-6.5625,4.6875,0.0,0.0,0.0,-1.875,0.9375,0.0,0.0,4.6875,0.0,0.0,-13.125,0.0,0.0,-15.0,0.0,0.0,0.0,0.0,0.0,0.0,0.0
252,3,0.0,3.75,-11.25,0.0,7.5,9.375,0.0,0.0,-2.8125,0.0,1.875,0.0,0.0,0.0,11.25,0.0,3.75,3.75,0.0,0.0,3.75,7.5,0.0,0.0,0.0,0.0,8.4375,0.0,0.9375,0.0,0.0,0.0,-1.875,-7.5,0.0,0.9375,7.5,0.0,-3.75,-3.75,0.9375,3.75,0.0,5.625,0.0,0.0,-5.625,3.75,-1.875,0.9375,0.0,0.0,0.0,-1.875,0.0,4.6875,0.0,-1.875,-14.0625,0.0,0.0,-14.0625,0.0,0.0,0.0,0.0,0.0,0.0,0.0
252,4,0.9375,3.75,-7.5,0.0,7.5,1.875,0.0,0.0,-3.75,0.0,0.0,0.0,0.0,0.0,4.6875,0.0,1.875,0.9375,0.0,0.0,0.9375,4.6875,0.0,0.0,0.0,0.0,7.5,0.0,0.9375,0.0,0.0,0.0,-1.875,-7.5,0.0,3.75,7.5,0.0,-3.75,-3.75,0.0,7.5,0.0,7.5,0.0,0.9375,-1.875,3.75,0.0,0.9375,0.0,3.75,0.9375,-1.875,0.0,3.75,0.0,-1.875,-15.0,0.0,0.0,-15.0,0.0,0.0,0.0,0.0,0.0,0.0,0.0
252,5,1.875,3.75,-7.5,0.0,7.5,1.875,0.0,0.0,-3.75,0.0,0.0,0.0,0.0,0.0,7.5,0.0,0.9375,0.9375,0.0,0.0,3.75,4.6875,0.0,0.0,0.0,0.0,7.5,0.0,0.9375,0.0,0.0,0.0,-1.875,-7.5,0.0,3.75,7.5,0.0,-3.75,-3.75,0.0,7.5,0.0,7.5,0.0,0.9375,-3.75,3.75,1.875,0.9375,0.0,3.75,0.9375,-1.875,0.0,4.6875,0.0,-1.875,-15.0,0.0,0.0,-15.0,0.0,0.0,0.0,0.0,0.0,0.0,0.0
253,3,3.75,3.75,-11.25,0.0,3.75,11.25,0.0,0.0,-3.75,0.0,3.75,0.0,-1.875,0.0,11.25,0.0,0.9375,0.9375,0.0,0.0,0.0,7.5,-1.875,0.0,0.0,0.0,7.5,0.0,3.75,0.0,0.0,0.0,-3.75,-10.3125,0.0,0.0,7.5,0.0,-3.75,-3.75,1.875,3.75,0.0,3.75,0.0,0.0,5.625,0.0,0.0,3.75,0.0,0.9375,0.0,-2.8125,0.0,3.75,0.0,-3.75,-15.0,0.0,0.0,-13.125,0.0,0.0,0.0,0.0,0.0,0.0,0.0
253,4,3.75,3.75,-7.5,0.0,3.75,8.4375,0.0,0.0,-3.75,0.9375,0.0,0.0,-1.875,0.0,7.5,-0.9375,0.0,0.0,0.0,0.0,0.0,4.6875,0.0,0.0,0.0,0.0,4.6875,0.0,3.75,0.0,0.0,0.0,-3.75,-7.5,0.0,3.75,7.5,0.0,0.0,-1.875,0.0,4.6875,0.0,3.75,0.0,0.0,3.75,0.9375,1.875,3.75,0.0,4.6875,0.0,-2.8125,0.0,3.75,0.0,-3.75,-15.0,0.0,0.0,-15.0,0.0,0.0,0.0,0.0,0.0,0.0,0.0
253,5,3.75,3.75,-7.5,0.0,3.75,11.25,0.0,0.0,-3.75,0.9375,0.0,0.0,-2.8125,0.0,7.5,-1.875,0.0,1.875,0.0,0.0,0.0,4.6875,0.0,0.0,0.0,-0.9375,4.6875,0.0,3.75,0.0,0.0,0.0,-3.75,-7.5,0.0,3.75,4.6875,0.0,0.0,-1.875,0.0,4.6875,0.0,3.75,0.0,0.0,0.9375,0.9375,3.75,3.75,0.0,4.6875,0.0,-2.8125,0.0,3.75,0.0,-3.75,-15.0,0.0,0.0,-15.0,0.0,0.0,0.0,0.0,0.0,0.0,0.0
254,3,-2.8125,1.875,-11.25,3.75,1.875,11.25,0.0,-3.75,-3.75,0.0,7.5,-1.875,-3.75,0.0,11.25,-1.875,0.0,0.9375,0.0,0.0,0.0,3.75,-3.75,0.0,0.0,0.0,4.6875,0.0,3.75,0.0,0.0,0.0,-3.75,-7.5,0.0,0.0,7.5,0.0,-3.75,0.0,3.75,3.75,0.0,3.75,0.0,0.0,7.5,0.0,0.0,3.75,0.0,0.9375,0.0,-3.75,0.0,0.9375,0.0,-3.75,-16.875,0.0,0.0,-11.25,0.0,0.0,0.0,0.0,0.0,0.0,0.0
254,4,0.0,0.9375,-7.5,0.9375,1.875,11.25,0.0,-1.875,-3.75,0.9375,3.75,0.0,-3.75,0.0,7.5,-2.8125,0.0,0.0,0.0,0.0,0.0,3.75,-3.75,0.0,0.0,-1.875,3.75,0.0,3.75,0.0,0.0,0.0,-3.75,-6.5625,0.0,0.9375,3.75,0.0,0.0,0.0,0.0,3.75,0.0,3.75,0.0,0.0,4.6875,0.0,0.9375,3.75,0.0,3.75,0.0,-3.75,0.0,1.875,0.0,-3.75,-15.0,0.0,0.0,-11.25,0.0,0.0,0.0,0.0,0.0,0.0,0.0
254,5,0.0,0.9375,-11.25,3.75,2.8125,11.25,0.0,-1.875,-3.75,0.9375,3.75,0.0,-3.75,0.0,7.5,-2.8125,0.0,0.0,0.0,0.0,0.0,3.75,-3.75,0.0,0.0,-1.875,3.75,0.0,3.75,0.0,0.0,0.0,-3.75,-7.5,0.0,0.9375,3.75,0.0,0.0,0.0,0.0,3.75,0.0,2.8125,0.0,0.0,4.6875,0.0,0.9375,3.75,0.0,4.6875,0.0,-3.75,0.0,1.875,0.0,-6.5625,-16.875,0.0,0.0,0.0,0.0,0.0,0.0,0.0,0.0,0.0,0.0
255,3,-3.75,0.0,-10.3125,3.75,0.0,11.25,0.0,-3.75,-6.5625,0.0,7.5,0.0,-5.625,0.0,9.375,-2.8125,0.0,1.875,0.0,0.0,-3.75,0.0,-6.5625,0.0,0.0,-3.75,3.75,0.0,0.0,0.0,-1.875,0.0,-3.75,11.25,0.0,0.0,7.5,0.0,0.0,0.0,0.9375,0.9375,0.0,1.875,0.0,0.0,7.5,-2.8125,0.0,2.8125,0.0,0.9375,0.0,-3.75,0.0,0.0,0.0,-7.5,18.75,0.0,0.0,4.6875,0.0,0.0,0.0,0.0,0.0,0.0,0.0
255,4,-2.8125,0.0,-7.5,0.9375,0.0,11.25,0.0,0.0,-5.625,0.0,3.75,0.0,-6.5625,0.0,5.625,-3.75,-1.875,0.9375,0.0,0.0,0.0,0.0,-6.5625,0.0,0.0,-3.75,0.0,0.0,0.0,0.0,-1.875,0.0,-3.75,3.75,0.0,0.0,3.75,0.0,0.0,0.0,0.0,3.75,0.0,0.0,0.0,0.0,4.6875,-1.875,0.0,3.75,0.0,3.75,0.0,-3.75,0.0,1.875,0.0,-7.5,18.75,0.0,0.0,15.0,0.0,0.0,0.0,0.0,0.0,0.0,0.0
255,5,-3.75,0.0,-7.5,0.9375,0.0,11.25,0.0,0.0,-6.5625,0.0,3.75,0.0,-6.5625,0.0,3.75,-3.75,-1.875,0.9375,0.0,-1.875,0.0,0.0,-6.5625,0.0,0.0,-3.75,0.0,0.0,0.0,0.0,-1.875,0.0,-3.75,3.75,0.0,0.0,3.75,0.0,0.0,0.0,0.0,3.75,0.0,0.0,0.0,0.0,7.5,-1.875,0.0,3.75,0.0,3.75,0.0,-3.75,0.0,0.9375,0.0,-7.5,15.9375,0.0,0.0,13.125,0.0,0.0,0.0,0.0,0.0,0.0,0.0
256,3,-2.8125,0.0,-7.5,0.9375,0.0,8.4375,0.0,0.0,-6.5625,0.0,7.5,1.875,-7.5,0.0,4.6875,-3.75,-3.75,3.75,0.0,-1.875,-3.75,0.0,-7.5,0.0,0.0,-4.6875,-3.75,0.0,0.0,0.0,-3.75,0.0,-3.75,13.125,0.0,0.0,7.5,0.0,0.0,0.0,0.0,0.0,0.0,0.0,0.0,0.0,5.625,-3.75,0.0,0.9375,0.0,0.9375,0.0,-3.75,0.0,0.0,0.0,-7.5,18.75,0.0,0.0,7.5,0.0,0.0,0.0,0.0,0.0,0.0,0.0
256,4,-3.75,0.0,-3.75,0.9375,0.0,7.5,0.0,0.0,-3.75,0.0,3.75,3.75,-7.5,0.0,3.75,-3.75,-3.75,1.875,0.0,-2.8125,-3.75,0.0,-7.5,0.0,0.0,-6.5625,-3.75,0.0,0.0,0.0,-3.75,0.0,-3.75,7.5,0.0,0.0,4.6875,0.0,0.0,0.0,-1.875,0.9375,0.0,0.0,0.0,0.0,4.6875,-3.75,0.0,0.9375,0.0,3.75,-1.875,-3.75,0.0,0.0,0.0,-7.5,19.6875,0.0,0.0,13.125,0.0,0.0,0.0,0.0,0.0,0.0,0.0
256,5,-3.75,0.0,-5.625,0.9375,0.0,8.4375,0.0,0.0,-3.75,0.0,3.75,3.75,-7.5,0.0,3.75,-4.6875,-3.75,1.875,0.0,-2.8125,-3.75,0.0,-7.5,0.0,0.0,-6.5625,-3.75,0.0,0.0,0.0,-3.75,0.0,-3.75,7.5,0.0,0.0,4.6875,0.0,0.0,0.0,-1.875,0.9375,0.0,0.0,0.0,0.0,5.625,-3.75,0.0,0.9375,0.0,3.75,-1.875,-3.75,0.0,0.0,0.0,-7.5,18.75,0.0,0.0,13.125,0.0,0.0,0.0,0.0,0.0,0.0,0.0
257,3,-5.625,-3.75,-7.5,0.0,0.0,7.5,0.0,0.0,-3.75,0.0,5.625,0.0,-9.375,0.0,3.75,-3.75,-3.75,0.0,0.0,-2.8125,-1.875,0.0,-11.25,0.0,0.0,-6.5625,-7.5,0.0,0.0,0.0,-3.75,0.0,-3.75,11.25,0.0,0.0,7.5,0.0,-1.875,0.0,-1.875,0.0,0.0,0.0,0.0,0.0,3.75,-3.75,0.0,0.0,0.0,0.9375,-1.875,-3.75,0.0,0.0,0.0,-10.3125,16.875,0.0,0.0,4.6875,0.0,0.0,0.0,0.0,0.0,0.0,0.0
257,4,-6.5625,-1.875,-7.5,0.0,0.0,7.5,0.0,0.0,-3.75,0.0,3.75,0.0,-10.3125,0.0,3.75,-7.5,-3.75,0.0,0.0,-3.75,-2.8125,0.0,-10.3125,0.0,0.0,-7.5,-7.5,0.0,0.0,0.0,-3.75,-1.875,-3.75,7.5,0.0,0.0,4.6875,0.0,0.0,0.0,-3.75,0.0,0.0,0.0,0.0,0.0,3.75,-3.75,0.0,0.0,0.0,1.875,-3.75,-1.875,0.0,0.0,0.0,-7.5,18.75,0.0,0.0,11.25,0.0,0.0,0.0,0.0,0.0,0.0,0.0
257,5,-5.625,-1.875,-7.5,0.0,0.0,6.5625,0.0,0.0,-3.75,0.0,3.75,1.875,-10.3125,0.0,3.75,-7.5,-3.75,0.0,0.0,-3.75,-2.8125,0.0,-9.375,0.0,0.0,-7.5,-6.5625,0.0,0.0,0.0,-3.75,-1.875,-3.75,7.5,0.0,0.0,7.5,0.0,0.0,-1.875,-3.75,0.0,0.0,0.0,0.0,0.0,3.75,-3.75,0.0,0.0,0.0,1.875,-3.75,-1.875,0.0,0.0,0.0,-9.375,18.75,0.0,0.0,11.25,0.0,0.0,0.0,0.0,0.0,0.0,0.0
258,3,-10.3125,-3.75,-7.5,-3.75,0.0,3.75,0.0,3.75,-3.75,0.0,3.75,0.0,-10.3125,0.0,0.9375,-5.625,-3.75,0.0,0.0,-3.75,-3.75,0.0,-12.1875,0.0,0.0,-9.375,-11.25,0.0,0.0,0.0,-3.75,0.0,-3.75,11.25,0.0,0.0,7.5,-1.875,-3.75,-3.75,-3.75,0.0,-1.875,0.0,0.0,0.0,2.8125,-3.75,0.0,0.0,0.0,0.0,-1.875,-2.8125,0.0,0.0,0.0,-10.3125,15.9375,0.0,0.0,4.6875,0.0,0.0,0.0,0.0,0.0,0.0,0.0
258,4,-9.375,-1.875,-7.5,-3.75,-1.875,3.75,0.0,3.75,-3.75,0.0,3.75,0.0,-11.25,0.0,0.9375,-7.5,-3.75,0.0,0.0,-3.75,-1.875,0.0,-11.25,0.0,0.0,-7.5,-10.3125,0.0,0.0,0.0,-3.75,-1.875,-3.75,7.5,0.0,0.0,3.75,0.0,-3.75,-3.75,-6.5625,0.0,-1.875,0.0,0.0,0.0,0.9375,-1.875,0.0,0.0,0.0,0.0,-3.75,0.0,0.0,0.0,0.0,-7.5,16.875,0.0,0.0,11.25,0.0,0.0,0.0,0.0,0.0,0.0,0.0
258,5,-9.375,-1.875,-7.5,-3.75,-1.875,3.75,0.0,3.75,-3.75,0.0,3.75,0.0,-11.25,0.0,0.9375,-7.5,-3.75,0.0,0.0,-3.75,-3.75,0.0,-11.25,0.0,0.0,-7.5,-10.3125,0.0,0.0,0.0,-3.75,-1.875,-3.75,7.5,0.0,0.0,3.75,-1.875,-3.75,-3.75,-6.5625,0.0,-1.875,0.0,0.0,0.0,3.75,-1.875,0.0,0.0,0.0,0.0,-3.75,0.0,0.0,0.0,0.0,-7.5,15.9375,0.0,0.0,11.25,0.0,0.0,0.0,0.0,0.0,0.0,0.0
259,3,-13.125,-3.75,-7.5,-6.5625,0.0,0.9375,0.0,3.75,0.0,0.0,3.75,0.9375,-11.25,0.0,0.0,-6.5625,-3.75,0.0,0.0,-3.75,-1.875,0.0,-14.0625,0.0,0.0,-7.5,-13.125,0.0,0.0,0.0,-3.75,0.0,-3.75,7.5,1.875,0.0,5.625,-1.875,-6.5625,-7.5,-6.5625,0.0,-3.75,0.0,0.0,0.0,0.0,-1.875,0.0,-3.75,0.0,0.0,0.0,0.0,0.0,0.0,0.0,3.75,15.0,0.0,0.0,3.75,0.0,0.0,0.0,0.0,0.0,0.0,0.0
259,4,-11.25,0.0,-10.3125,-3.75,-1.875,0.9375,0.0,3.75,0.0,0.0,1.875,0.9375,-15.0,0.0,0.0,-10.3125,-3.75,0.0,0.0,-6.5625,-1.875,0.0,-11.25,0.0,0.0,-7.5,-11.25,0.0,0.0,0.0,-3.75,-3.75,0.0,7.5,0.0,0.0,3.75,0.0,-5.625,-6.5625,-7.5,0.0,-1.875,0.0,0.0,0.0,0.0,0.0,0.0,-3.75,0.0,0.0,-3.75,3.75,0.0,-1.875,0.0,0.0,15.0,0.0,0.0,7.5,0.0,0.0,0.0,0.0,0.0,0.0,0.0
259,5,-11.25,0.0,-10.3125,-3.75,-1.875,0.9375,0.0,3.75,0.0,0.0,3.75,0.9375,-15.0,0.0,0.0,-11.25,-3.75,0.0,0.0,-6.5625,-1.875,0.0,-11.25,0.0,0.0,-6.5625,-11.25,0.0,0.0,0.0,-3.75,-3.75,0.0,7.5,1.875,0.0,3.75,-1.875,-5.625,-7.5,-7.5,0.0,-2.8125,0.0,0.0,0.0,0.0,0.0,0.0,-3.75,0.0,0.0,-3.75,3.75,0.0,-1.875,0.0,0.0,15.0,0.0,0.0,7.5,0.0,0.0,0.0,0.0,0.0,0.0,0.0
260,3,-15.0,-1.875,-9.375,-7.5,-1.875,0.0,0.0,1.875,3.75,0.0,3.75,3.75,-13.125,0.0,-2.8125,-7.5,-3.75,0.0,0.0,-4.6875,0.0,-3.75,-15.0,0.0,0.0,13.125,-15.0,0.0,-1.875,0.0,-3.75,0.0,0.0,7.5,3.75,0.0,4.6875,-3.75,-7.5,-10.3125,-7.5,0.0,-3.75,0.0,0.0,0.0,0.0,0.0,0.0,-5.625,0.0,0.0,0.0,0.0,0.0,0.0,0.0,7.5,12.1875,0.0,0.0,3.75,0.0,0.0,0.0,0.0,0.0,0.0,0.0
260,4,-14.0625,0.0,-11.25,-7.5,-3.75,0.0,0.0,3.75,0.0,0.0,1.875,0.9375,-15.0,0.0,0.0,-11.25,-3.75,0.0,0.0,-7.5,0.0,-1.875,-7.5,0.0,0.0,0.0,-15.0,0.0,0.0,0.0,-3.75,-3.75,0.0,7.5,3.75,0.0,3.75,-1.875,-7.5,-7.5,-11.25,0.0,-3.75,0.0,0.0,0.0,0.0,0.0,0.0,-5.625,0.0,0.0,-3.75,3.75,0.0,-2.8125,0.0,7.5,12.1875,0.0,0.0,7.5,0.0,0.0,0.0,0.0,0.0,0.0,0.0
260,5,-13.125,0.0,-11.25,-7.5,-3.75,0.0,0.0,3.75,0.0,0.0,0.9375,0.9375,-15.0,0.0,0.0,-11.25,-3.75,0.0,0.0,-7.5,0.0,-1.875,-9.375,0.0,0.0,0.0,-14.0625,0.0,0.0,0.0,-3.75,-3.75,0.0,7.5,3.75,0.0,3.75,-1.875,-7.5,-7.5,-10.3125,0.0,-3.75,0.0,0.0,0.0,0.0,0.0,0.0,-5.625,0.0,0.0,-3.75,3.75,0.0,-2.8125,0.0,3.75,12.1875,0.0,0.0,7.5,0.0,0.0,0.0,0.0,0.0,0.0,0.0
261,3,-17.8125,0.0,-11.25,-11.25,-1.875,-3.75,0.0,0.9375,0.0,0.0,3.75,0.0,-13.125,0.0,0.0,-7.5,0.0,-1.875,0.0,-6.5625,0.0,-3.75,11.25,0.0,0.0,15.0,-15.0,0.0,-3.75,0.0,0.0,0.0,0.9375,3.75,3.75,0.0,3.75,-3.75,-10.3125,-11.25,-3.75,0.0,-3.75,0.0,0.0,0.0,-0.9375,0.0,0.0,-7.5,0.0,0.0,0.0,0.9375,0.0,0.0,0.0,7.5,10.3125,0.0,0.0,2.8125,0.0,0.0,0.0,0.0,0.0,0.0,0.0
261,4,-15.0,0.0,-14.0625,-7.5,-3.75,-3.75,0.0,0.9375,0.0,0.0,0.0,-1.875,-17.8125,0.0,0.0,-14.0625,0.0,0.0,0.0,-7.5,0.0,-1.875,0.0,0.0,0.0,9.375,-13.125,0.0,-1.875,0.0,0.0,-1.875,3.75,3.75,3.75,0.0,0.9375,-1.875,-10.3125,-5.625,-11.25,0.0,-3.75,0.0,0.0,0.0,0.0,0.0,0.0,-7.5,0.0,0.0,-3.75,3.75,0.0,-3.75,0.0,7.5,11.25,0.0,0.0,3.75,0.0,0.0,0.0,0.0,0.0,0.0,0.0
261,5,-15.0,0.0,-14.0625,-7.5,-3.75,-3.75,0.0,0.9375,0.0,0.0,0.9375,-1.875,-16.875,0.0,0.0,-13.125,0.0,0.0,0.0,-8.4375,0.0,-1.875,0.0,0.0,0.0,8.4375,-11.25,0.0,-1.875,0.0,0.0,-3.75,3.75,3.75,3.75,0.0,0.9375,-3.75,-10.3125,-3.75,-11.25,0.0,-3.75,0.0,0.0,0.0,0.0,0.0,0.0,-7.5,0.0,0.0,-3.75,3.75,0.0,-3.75,0.0,7.5,11.25,0.0,0.0,3.75,0.0,0.0,0.0,0.0,0.0,0.0,0.0
262,3,-18.75,0.0,-11.25,-11.25,-1.875,-3.75,0.0,0.0,0.0,0.0,3.75,0.0,-13.125,0.0,0.0,-7.5,0.0,-3.75,0.0,-6.5625,1.875,0.0,11.25,0.0,0.0,13.125,15.0,0.0,-2.8125,0.0,0.0,0.0,0.0,1.875,0.9375,0.0,3.75,-1.875,-12.1875,-11.25,0.0,0.0,-6.5625,0.0,0.0,0.0,-1.875,0.0,0.0,-10.3125,0.0,0.0,3.75,0.9375,0.0,0.0,0.0,7.5,7.5,0.0,0.0,0.9375,0.0,0.0,0.0,0.0,0.0,0.0,0.0
262,4,-17.8125,0.9375,-15.0,-7.5,-3.75,-3.75,0.0,0.0,0.0,0.0,0.9375,-1.875,-18.75,0.0,0.0,-15.0,0.0,-1.875,0.0,-10.3125,0.0,0.0,4.6875,0.0,0.0,11.25,11.25,0.0,-1.875,0.0,0.0,0.0,3.75,3.75,0.9375,0.0,0.0,0.0,-11.25,0.0,-11.25,0.0,-3.75,0.0,0.0,0.0,-1.875,0.0,0.0,-7.5,0.0,0.0,0.0,3.75,0.0,-3.75,0.0,7.5,7.5,0.0,0.0,3.75,0.0,0.0,0.0,0.0,0.0,0.0,0.0
262,5,-16.875,0.9375,-15.0,-6.5625,-3.75,-3.75,0.0,0.0,0.0,0.0,0.9375,-1.875,-17.8125,0.0,0.0,-15.0,0.0,-1.875,0.0,-10.3125,0.9375,0.0,7.5,0.0,0.0,11.25,11.25,0.0,-1.875,0.0,0.0,0.0,3.75,3.75,0.9375,0.0,0.0,-1.875,-11.25,0.0,-11.25,0.0,-3.75,0.0,0.0,0.0,-1.875,0.0,0.0,-7.5,0.0,0.0,0.0,3.75,0.0,-3.75,0.0,7.5,7.5,0.0,0.0,3.75,0.0,0.0,0.0,0.0,0.0,0.0,0.0
263,3,-20.625,0.0,-11.25,-7.5,-1.875,-3.75,0.0,0.0,0.0,0.0,3.75,-1.875,-11.25,0.0,-1.875,-5.625,1.875,-3.75,0.0,-5.625,0.9375,0.0,11.25,0.0,0.0,11.25,15.0,0.0,-0.9375,0.0,0.0,0.0,0.0,1.875,1.875,0.0,0.0,-1.875,-14.0625,11.25,7.5,0.0,-6.5625,0.0,0.0,0.0,0.0,0.0,0.0,-11.25,0.0,0.0,4.6875,0.9375,0.0,0.0,0.0,4.6875,4.6875,0.0,0.0,0.0,0.0,0.0,0.0,0.0,0.0,0.0,0.0
263,4,-18.75,0.9375,-16.875,0.0,-3.75,-3.75,0.0,0.0,0.0,0.0,1.875,-3.75,-17.8125,0.0,0.0,-15.0,0.9375,-1.875,0.0,-11.25,0.9375,0.0,5.625,0.0,0.0,11.25,15.0,0.0,0.0,0.0,0.9375,0.0,3.75,1.875,1.875,0.0,0.0,0.0,-13.125,7.5,-7.5,0.0,-3.75,0.0,0.0,0.0,0.0,0.0,0.0,-7.5,0.0,0.0,3.75,1.875,0.0,-3.75,0.0,3.75,4.6875,0.0,0.0,1.875,0.0,0.0,0.0,0.0,0.0,0.0,0.0
263,5,-18.75,0.9375,-15.0,0.0,-3.75,-3.75,0.0,0.0,0.0,0.0,1.875,-3.75,-15.9375,0.0,0.0,-15.0,3.75,-3.75,0.0,-11.25,0.9375,0.0,5.625,0.0,0.0,9.375,13.125,0.0,0.0,0.0,2.8125,0.0,3.75,1.875,1.875,0.0,0.0,0.0,-13.125,7.5,0.0,0.0,-3.75,0.0,0.0,0.0,0.0,0.0,-1.875,-7.5,0.0,0.0,3.75,1.875,0.0,-3.75,0.0,4.6875,4.6875,0.0,0.0,1.875,0.0,0.0,0.0,0.0,0.0,0.0,0.0
264,3,-20.625,0.9375,-11.25,3.75,0.0,-1.875,-3.75,0.0,1.875,0.0,3.75,-6.5625,0.0,0.0,0.0,0.0,0.0,-3.75,0.0,-3.75,0.0,0.9375,3.75,0.0,0.0,11.25,15.0,0.0,0.0,0.0,0.0,0.0,0.0,0.0,0.9375,0.0,0.0,-1.875,-15.0,11.25,11.25,0.0,-3.75,0.0,0.0,0.0,0.0,0.0,0.0,-11.25,0.0,0.0,7.5,0.0,0.0,0.9375,0.0,3.75,3.75,0.0,0.0,0.0,0.0,0.0,0.0,0.0,0.0,0.0,0.0
264,4,-18.75,0.9375,-15.0,3.75,0.0,0.0,-3.75,0.0,1.875,0.0,3.75,-6.5625,7.5,0.0,0.0,-7.5,0.0,-1.875,0.0,-10.3125,0.0,0.9375,3.75,0.0,0.0,7.5,15.0,0.0,-1.875,0.0,3.75,0.0,3.75,0.0,0.0,0.0,0.0,0.0,-11.25,7.5,13.125,0.0,0.0,0.0,0.0,0.0,0.0,0.0,-3.75,-7.5,0.0,0.0,3.75,0.0,0.0,-1.875,0.0,3.75,3.75,0.0,0.0,0.0,0.0,0.0,0.0,0.0,0.0,0.0,0.0
264,5,-18.75,0.9375,-15.0,3.75,-1.875,0.0,-2.8125,0.0,0.9375,0.0,3.75,-6.5625,-9.375,0.0,0.0,-13.125,0.0,-1.875,0.0,-11.25,0.0,0.9375,3.75,0.0,0.0,7.5,13.125,0.0,-1.875,0.0,3.75,0.0,1.875,1.875,0.0,0.0,0.0,0.0,-11.25,7.5,11.25,0.0,0.0,0.0,0.0,0.0,0.0,0.0,-3.75,-7.5,0.0,0.0,3.75,0.0,0.0,-1.875,0.0,3.75,3.75,0.0,0.0,0.9375,0.0,0.0,0.0,0.0,0.0,0.0,0.0
265,3,19.6875,0.0,8.4375,7.5,0.0,0.0,-3.75,0.0,3.75,0.0,3.75,-7.5,11.25,0.0,0.0,3.75,0.0,-7.5,0.0,0.0,0.0,1.875,3.75,0.0,0.0,7.5,12.1875,0.0,-2.8125,0.0,0.0,0.0,0.0,0.0,0.0,0.0,0.0,0.0,-15.0,7.5,11.25,0.0,0.0,-1.875,0.0,0.0,0.0,0.0,0.0,-9.375,0.0,0.0,4.6875,0.0,0.0,3.75,0.0,1.875,0.0,0.0,0.0,0.0,0.0,0.0,0.0,0.0,0.0,0.0,0.0
265,4,18.75,0.0,15.0,7.5,0.0,0.0,-6.5625,0.0,3.75,0.0,1.875,-7.5,14.0625,0.0,0.0,11.25,0.0,-3.75,0.0,-7.5,0.0,1.875,1.875,0.0,0.0,7.5,12.1875,0.0,-2.8125,0.0,1.875,0.0,0.0,0.0,0.0,0.0,0.0,0.0,-7.5,7.5,15.0,0.0,1.875,0.0,0.0,0.0,0.0,0.0,-1.875,0.0,0.0,0.0,3.75,0.0,0.0,0.0,0.0,0.9375,0.0,0.0,0.0,0.0,0.0,0.0,0.0,0.0,0.0,0.0,0.0
265,5,19.6875,0.0,15.0,7.5,0.9375,0.0,-6.5625,0.0,3.75,0.0,2.8125,-7.5,15.0,0.0,0.0,11.25,0.0,-3.75,0.0,-3.75,0.0,1.875,3.75,0.0,0.0,5.625,12.1875,0.0,-2.8125,0.0,1.875,-1.875,0.0,0.0,0.0,0.0,0.0,0.0,-7.5,7.5,11.25,0.0,1.875,0.0,0.0,0.0,0.0,0.0,-1.875,0.0,0.0,0.0,3.75,0.0,0.0,0.0,0.0,3.75,0.0,0.0,0.0,0.0,0.0,0.0,0.0,0.0,0.0,0.0,0.0
266,3,18.75,0.0,11.25,7.5,0.0,3.75,-7.5,0.0,3.75,0.0,0.9375,-11.25,11.25,0.0,0.0,4.6875,0.0,-10.3125,0.0,3.75,0.0,1.875,3.75,0.0,0.0,7.5,11.25,0.0,0.0,0.0,0.0,0.0,0.0,0.0,-5.625,0.0,0.0,0.0,15.0,7.5,11.25,0.0,0.0,0.0,0.0,0.0,0.0,0.0,0.0,11.25,0.0,0.0,3.75,0.0,0.0,4.6875,0.0,0.0,-2.8125,0.0,0.0,0.0,0.0,0.0,0.0,0.0,0.0,0.0,0.0
266,4,19.6875,0.0,15.9375,4.6875,1.875,0.0,-7.5,0.0,3.75,0.0,0.9375,-10.3125,13.125,0.0,0.0,11.25,0.0,-3.75,0.0,7.5,0.0,1.875,0.9375,0.0,0.0,3.75,11.25,0.0,0.0,0.0,0.9375,-1.875,0.0,0.0,-3.75,0.0,0.0,0.0,11.25,4.6875,13.125,0.0,3.75,0.0,0.0,0.0,0.0,0.0,0.0,7.5,0.0,0.0,3.75,-1.875,0.0,3.75,0.0,0.0,-1.875,0.0,0.0,0.0,0.0,0.0,0.0,0.0,0.0,0.0,0.0
266,5,18.75,0.0,15.0,4.6875,1.875,0.0,-7.5,0.0,3.75,0.0,0.9375,-10.3125,13.125,0.0,0.0,11.25,0.0,-3.75,0.0,3.75,0.0,1.875,0.9375,0.0,0.0,3.75,11.25,0.0,0.0,0.0,0.9375,-3.75,0.0,0.0,-3.75,0.0,0.0,0.0,7.5,4.6875,12.1875,0.0,3.75,0.0,0.0,0.0,0.0,0.0,0.0,7.5,0.0,0.0,3.75,-1.875,0.0,3.75,0.0,0.0,-1.875,0.0,0.0,0.0,0.0,0.0,0.0,0.0,0.0,0.0,0.0
267,3,17.8125,0.0,11.25,3.75,0.0,3.75,-9.375,0.0,3.75,0.0,0.0,-13.125,9.375,0.0,0.0,4.6875,0.0,-11.25,0.0,5.625,0.0,0.0,0.0,0.0,0.0,3.75,8.4375,0.0,0.0,0.0,0.0,3.75,0.0,1.875,-7.5,0.0,0.0,0.0,13.125,3.75,9.375,0.0,0.0,0.0,0.0,0.0,0.0,3.75,3.75,11.25,0.0,0.0,3.75,-1.875,0.0,4.6875,0.0,0.0,-3.75,0.0,0.0,0.0,0.0,0.0,0.0,0.0,0.0,0.0,0.0
267,4,18.75,0.0,15.0,3.75,0.0,0.0,-9.375,0.0,3.75,0.0,0.0,-11.25,12.1875,0.0,0.0,11.25,0.0,-6.5625,0.0,11.25,0.0,0.0,0.0,0.0,0.0,3.75,8.4375,0.0,0.0,0.0,0.0,-3.75,0.0,0.0,-7.5,0.0,0.0,0.0,11.25,3.75,11.25,0.0,3.75,0.0,0.0,0.0,0.0,0.9375,3.75,7.5,0.0,0.0,3.75,-2.8125,0.0,3.75,0.0,0.0,-3.75,0.0,0.0,0.0,0.0,0.0,0.0,0.0,0.0,0.0,0.0
267,5,18.75,0.0,15.0,3.75,0.0,1.875,-9.375,0.0,3.75,0.0,0.0,-11.25,12.1875,0.0,0.0,11.25,0.0,-6.5625,0.0,11.25,0.0,0.0,0.0,0.0,0.0,3.75,8.4375,0.0,0.0,0.0,0.9375,-1.875,0.0,0.0,-7.5,0.0,0.0,0.0,8.4375,3.75,11.25,0.0,3.75,0.0,0.0,0.0,0.0,0.9375,3.75,7.5,0.0,0.0,3.75,-2.8125,0.0,4.6875,0.0,0.0,-3.75,0.0,0.0,0.0,0.0,0.0,0.0,0.0,0.0,0.0,0.0
268,3,15.9375,0.0,10.3125,0.9375,0.0,3.75,-11.25,-0.9375,2.8125,0.0,0.0,-15.0,8.4375,0.0,-1.875,3.75,-1.875,-11.25,0.0,7.5,0.0,0.0,0.0,0.0,0.0,3.75,7.5,0.0,0.9375,0.0,0.0,7.5,-3.75,0.0,-10.3125,0.0,0.0,0.0,11.25,0.0,8.4375,0.0,0.0,0.0,0.0,0.0,0.0,3.75,3.75,11.25,0.0,-1.875,0.9375,-2.8125,0.0,4.6875,0.0,0.0,-6.5625,0.0,0.0,0.0,0.0,0.0,0.0,0.0,0.0,0.0,0.0
268,4,16.875,0.0,15.0,0.9375,0.0,0.0,-7.5,-1.875,3.75,-1.875,0.0,-11.25,11.25,0.0,0.0,11.25,-1.875,-7.5,0.0,11.25,0.0,0.0,0.0,0.0,0.0,0.9375,7.5,0.0,0.0,0.0,0.0,0.0,-1.875,0.0,-7.5,0.0,0.0,0.0,7.5,0.0,8.4375,0.0,3.75,1.875,0.0,0.0,0.0,0.9375,3.75,7.5,0.0,-1.875,0.9375,-3.75,0.0,3.75,0.0,0.0,-3.75,0.0,0.0,0.0,0.0,0.0,0.0,0.0,0.0,0.0,0.0
268,5,15.9375,0.0,15.0,3.75,0.0,1.875,-9.375,-1.875,3.75,-1.875,0.0,-11.25,11.25,-1.875,0.0,11.25,-1.875,-7.5,0.0,11.25,0.0,0.0,0.0,-1.875,0.0,3.75,7.5,0.0,0.0,0.0,0.0,0.0,-1.875,0.0,-8.4375,0.0,0.0,0.0,7.5,0.0,8.4375,0.0,3.75,0.9375,0.0,0.0,0.0,1.875,3.75,7.5,0.0,-1.875,1.875,-3.75,0.0,4.6875,0.0,0.0,-3.75,0.0,0.0,0.0,0.0,0.0,0.0,0.0,0.0,0.0,0.0
269,3,15.0,1.875,9.375,0.0,0.0,3.75,-11.25,-2.8125,0.9375,-1.875,0.0,-16.875,7.5,-1.875,-1.875,3.75,0.0,-14.0625,-1.875,7.5,0.0,-1.875,0.0,-1.875,0.0,3.75,3.75,0.0,0.9375,0.0,0.0,11.25,-6.5625,0.0,-11.25,0.0,0.0,0.0,7.5,0.0,7.5,0.0,0.0,0.0,0.0,0.0,0.0,1.875,3.75,8.4375,0.0,-3.75,0.0,-2.8125,0.0,3.75,0.0,0.0,-6.5625,0.0,0.0,0.0,0.0,0.0,0.0,0.0,0.0,0.0,0.0
269,4,15.0,-1.875,12.1875,0.9375,0.0,3.75,-7.5,-3.75,1.875,-3.75,0.0,-11.25,7.5,-2.8125,-1.875,7.5,-2.8125,-11.25,-3.75,11.25,0.0,-1.875,0.0,-2.8125,0.0,3.75,3.75,0.0,0.9375,0.0,0.0,3.75,-3.75,0.0,-9.375,0.0,0.0,0.0,4.6875,0.0,7.5,0.0,0.9375,0.9375,0.0,0.0,0.0,0.9375,3.75,7.5,0.0,-3.75,0.0,-3.75,0.0,3.75,0.0,0.0,-3.75,0.0,0.0,0.0,0.0,0.0,0.0,0.0,0.0,0.0,0.0
269,5,15.0,-1.875,12.1875,0.9375,0.0,3.75,-7.5,-3.75,1.875,-3.75,0.0,-13.125,7.5,-2.8125,-1.875,7.5,-3.75,-11.25,-3.75,11.25,0.0,-1.875,0.0,-2.8125,0.0,3.75,4.6875,0.0,0.9375,0.0,0.0,3.75,-3.75,0.0,-7.5,0.0,0.0,0.0,4.6875,0.0,7.5,0.0,0.9375,0.9375,0.0,0.0,0.0,1.875,4.6875,7.5,0.0,-3.75,0.0,-3.75,0.0,3.75,0.0,0.0,-3.75,0.0,0.0,0.0,0.0,0.0,0.0,0.0,0.0,0.0,0.0
270,3,11.25,1.875,7.5,0.0,0.0,3.75,-7.5,-3.75,0.0,-3.75,0.0,-16.875,4.6875,-3.75,-3.75,3.75,0.0,-14.0625,-2.8125,7.5,0.0,-2.8125,0.0,-3.75,0.0,3.75,3.75,0.0,0.0,0.0,0.0,11.25,-7.5,0.0,-14.0625,0.0,0.0,0.0,3.75,-1.875,3.75,0.0,0.0,0.0,0.0,0.0,0.0,0.9375,3.75,7.5,0.0,-3.75,0.0,-3.75,0.0,3.75,0.0,-1.875,-3.75,0.0,0.0,0.0,0.0,0.0,0.0,0.0,0.0,0.0,0.0
270,4,13.125,-1.875,11.25,0.0,0.0,3.75,-3.75,-3.75,0.0,-3.75,0.0,-11.25,5.625,-3.75,-3.75,7.5,-3.75,-11.25,-3.75,11.25,0.0,-3.75,0.0,-3.75,0.0,0.9375,3.75,0.0,0.0,0.0,0.0,7.5,-5.625,0.0,-11.25,0.0,0.0,0.0,3.75,0.0,3.75,0.0,0.0,0.0,0.0,0.0,0.0,1.875,3.75,7.5,0.0,-3.75,0.0,-3.75,0.0,3.75,0.0,-1.875,-3.75,0.0,0.0,0.0,0.0,0.0,0.0,0.0,0.0,0.0,0.0
270,5,12.1875,-1.875,11.25,0.0,0.0,3.75,-3.75,-3.75,0.0,-3.75,0.0,-9.375,7.5,-3.75,-3.75,7.5,-3.75,-11.25,-3.75,9.375,0.0,-3.75,0.0,-3.75,0.0,0.9375,3.75,0.0,0.0,0.0,0.0,7.5,-5.625,0.0,-11.25,0.0,0.0,0.0,1.875,0.0,3.75,0.0,0.0,0.0,0.0,0.0,0.0,0.9375,3.75,6.5625,0.0,-3.75,0.0,-3.75,0.0,3.75,0.0,-2.8125,-3.75,0.0,0.0,0.0,0.0,0.0,0.0,0.0,0.0,0.0,0.0
271,3,9.375,11.25,7.5,0.0,0.0,3.75,-1.875,-6.5625,0.0,-3.75,0.0,18.75,3.75,-3.75,-3.75,3.75,-3.75,-14.0625,-3.75,7.5,0.0,-1.875,0.0,-3.75,0.0,1.875,0.9375,0.0,0.9375,0.0,0.0,11.25,-10.3125,0.0,-15.0,0.0,0.0,0.0,0.0,0.0,0.9375,0.0,0.0,0.0,0.0,0.0,-3.75,0.0,3.75,5.625,0.0,-6.5625,0.0,-1.875,0.0,0.9375,0.0,-3.75,3.75,0.0,0.0,0.0,0.0,0.0,0.0,0.0,0.0,0.0,0.0
271,4,11.25,3.75,8.4375,0.0,0.0,0.9375,3.75,-7.5,0.0,-6.5625,0.0,7.5,3.75,-5.625,-1.875,5.625,-3.75,-9.375,-5.625,9.375,0.0,-3.75,0.0,-5.625,0.0,0.0,0.9375,0.0,1.875,0.0,0.0,7.5,-7.5,0.0,-11.25,0.0,0.0,0.0,0.0,0.0,1.875,0.0,0.0,0.0,0.0,0.0,-3.75,0.0,3.75,3.75,0.0,-7.5,0.0,-1.875,0.0,0.9375,0.0,-3.75,1.875,0.0,0.0,0.0,0.0,0.0,0.0,0.0,0.0,0.0,0.0
271,5,11.25,3.75,8.4375,0.0,0.0,3.75,0.0,-7.5,0.0,-6.5625,0.0,3.75,3.75,-5.625,-1.875,4.6875,-3.75,-7.5,-5.625,8.4375,0.0,-3.75,0.0,-6.5625,0.0,0.0,0.9375,0.0,0.9375,0.0,0.0,8.4375,-7.5,0.0,-11.25,0.0,0.0,0.0,0.0,0.0,1.875,0.0,0.0,0.0,0.0,0.0,-3.75,0.0,3.75,4.6875,0.0,-7.5,0.0,-1.875,0.0,0.9375,0.0,-3.75,0.9375,0.0,0.0,0.0,0.0,0.0,0.0,0.0,0.0,0.0,0.0
272,3,7.5,11.25,4.6875,0.0,0.0,0.9375,0.0,-7.5,-1.875,-4.6875,0.0,15.9375,0.9375,-3.75,0.0,1.875,-7.5,-15.0,-3.75,7.5,-2.8125,-1.875,0.0,-5.625,0.0,0.0,0.0,0.0,0.9375,0.0,-2.8125,11.25,-11.25,-3.75,-15.0,0.0,0.0,0.0,0.0,0.0,0.0,0.0,0.0,0.0,-1.875,0.0,-3.75,0.0,3.75,3.75,0.0,-7.5,0.0,0.0,0.0,0.0,0.0,-3.75,4.6875,0.0,0.0,-1.875,0.0,0.0,0.0,0.0,0.0,0.0,0.0
272,4,8.4375,7.5,7.5,0.0,0.0,0.9375,3.75,-9.375,-1.875,-7.5,0.0,9.375,1.875,-7.5,0.0,3.75,-7.5,0.0,-7.5,7.5,0.0,-3.75,0.0,-7.5,0.0,0.0,0.0,0.0,3.75,0.0,-3.75,7.5,-10.3125,-3.75,-11.25,0.0,0.0,0.0,0.0,0.0,0.0,0.0,0.0,-1.875,0.0,0.0,-3.75,0.0,3.75,3.75,0.0,-7.5,0.0,0.0,0.0,0.0,0.0,-3.75,3.75,0.0,0.0,-1.875,0.0,0.0,0.0,0.0,0.0,0.0,0.0
272,5,8.4375,7.5,7.5,0.0,0.0,0.9375,3.75,-9.375,-2.8125,-7.5,0.0,8.4375,1.875,-7.5,0.0,3.75,-7.5,0.0,-7.5,7.5,0.0,-3.75,0.0,-7.5,0.0,0.0,0.0,0.0,3.75,0.0,-3.75,7.5,-10.3125,-3.75,-11.25,0.0,0.0,0.0,0.0,0.0,0.0,0.0,0.0,0.0,0.0,0.0,-3.75,0.0,3.75,3.75,0.0,-7.5,0.0,0.0,0.0,0.0,0.0,-3.75,3.75,0.0,0.0,-1.875,0.0,0.0,0.0,0.0,0.0,0.0,0.0
273,3,5.625,11.25,3.75,1.875,0.0,1.875,0.9375,-11.25,-3.75,-6.5625,0.0,15.0,0.0,-5.625,0.0,0.9375,-8.4375,14.0625,-5.625,4.6875,-3.75,0.0,0.0,-6.5625,0.0,0.0,0.0,0.0,0.9375,0.0,-3.75,7.5,-11.25,-3.75,15.0,0.0,0.0,0.0,0.9375,1.875,-1.875,0.0,0.0,0.0,-3.75,0.0,-3.75,-1.875,0.9375,3.75,0.0,-10.3125,0.0,0.0,0.0,0.0,0.0,-6.5625,5.625,0.0,0.0,-3.75,0.0,0.0,0.0,0.0,0.0,0.0,0.0
273,4,7.5,8.4375,5.625,0.0,0.0,3.75,4.6875,-11.25,-3.75,-10.3125,0.0,11.25,0.9375,-7.5,0.0,3.75,-9.375,11.25,-7.5,7.5,-1.875,-3.75,0.0,-7.5,0.0,0.0,0.0,0.0,1.875,0.0,-3.75,4.6875,-7.5,-3.75,7.5,0.0,0.0,0.0,0.0,1.875,-1.875,0.0,0.0,-2.8125,-3.75,0.0,-3.75,-1.875,1.875,3.75,0.0,-7.5,0.0,0.9375,0.0,0.0,0.0,-5.625,4.6875,0.0,0.0,-3.75,0.0,0.0,0.0,0.0,0.0,0.0,0.0
273,5,7.5,7.5,5.625,0.0,0.0,3.75,4.6875,-11.25,-3.75,-10.3125,0.0,8.4375,0.9375,-8.4375,0.0,3.75,-9.375,11.25,-7.5,7.5,-1.875,-3.75,0.0,-7.5,0.0,0.0,0.0,0.0,1.875,0.0,-3.75,7.5,-7.5,-3.75,7.5,0.0,0.0,0.0,0.0,3.75,-1.875,0.0,0.0,-2.8125,-3.75,0.0,-3.75,-1.875,1.875,3.75,0.0,-9.375,0.0,0.9375,0.0,0.0,0.0,-6.5625,4.6875,0.0,0.0,-3.75,0.0,0.0,0.0,0.0,0.0,0.0,0.0
274,3,3.75,8.4375,3.75,0.0,0.0,0.9375,0.9375,-11.25,-5.625,-7.5,0.0,11.25,0.0,-6.5625,0.9375,0.9375,-11.25,13.125,-5.625,3.75,-3.75,0.0,0.0,-7.5,0.0,0.0,0.0,0.0,0.0,0.0,-6.5625,7.5,-11.25,-3.75,15.0,0.0,0.9375,0.0,0.9375,0.9375,-2.8125,0.0,0.0,0.0,-5.625,0.0,-6.5625,-3.75,0.0,0.9375,0.0,-10.3125,0.0,0.0,0.0,0.0,0.0,-7.5,4.6875,0.0,0.0,-5.625,0.0,0.0,0.0,0.0,0.0,0.0,0.0
274,4,3.75,7.5,3.75,0.0,0.0,0.9375,3.75,-14.0625,-6.5625,-11.25,-1.875,7.5,0.0,-11.25,0.9375,3.75,-11.25,11.25,-10.3125,3.75,-3.75,0.0,0.0,-7.5,0.0,0.0,0.0,0.0,0.0,0.0,-7.5,3.75,-7.5,-3.75,15.0,0.0,0.0,0.0,0.9375,3.75,-3.75,0.0,0.0,-3.75,-3.75,0.0,-3.75,-3.75,0.0,0.9375,0.0,-7.5,0.0,0.9375,0.0,-1.875,0.0,-7.5,3.75,0.0,0.0,-5.625,0.0,0.0,0.0,0.0,0.0,0.0,0.0
274,5,3.75,8.4375,3.75,0.0,0.0,0.9375,3.75,-14.0625,-6.5625,-11.25,-1.875,7.5,0.0,-10.3125,0.9375,3.75,-10.3125,12.1875,-10.3125,4.6875,-3.75,0.0,0.0,-9.375,0.0,0.0,0.0,0.0,0.0,0.0,-7.5,3.75,-7.5,-3.75,13.125,0.0,0.0,0.0,0.9375,3.75,-3.75,0.0,0.0,-3.75,-3.75,0.0,-5.625,-3.75,0.0,0.9375,0.0,-10.3125,0.0,1.875,0.0,-1.875,0.0,-7.5,4.6875,0.0,0.0,-5.625,0.0,0.0,0.0,0.0,0.0,0.0,0.0
275,3,3.75,7.5,1.875,0.0,0.0,0.0,0.9375,-13.125,-7.5,-7.5,-1.875,0.0,0.0,-5.625,1.875,0.0,15.0,11.25,-5.625,3.75,-5.625,0.0,0.0,-6.5625,0.0,0.0,0.0,0.0,0.0,0.0,-7.5,3.75,-11.25,-3.75,15.0,0.0,3.75,0.0,0.9375,0.9375,-1.875,0.0,0.0,1.875,-7.5,0.0,-7.5,-6.5625,0.0,0.0,0.0,-9.375,0.0,0.9375,0.0,0.0,0.0,-5.625,3.75,0.0,0.0,-7.5,0.0,0.0,0.0,0.0,0.0,0.0,0.0
275,4,3.75,7.5,3.75,0.0,0.0,0.0,3.75,-15.0,-7.5,-11.25,-3.75,7.5,0.0,-11.25,0.9375,0.9375,-11.25,11.25,-9.375,3.75,-3.75,0.0,0.0,-7.5,0.0,0.0,0.0,0.0,-1.875,0.0,-7.5,3.75,0.0,0.0,15.0,0.0,1.875,0.0,3.75,0.9375,-3.75,0.0,0.0,-1.875,-7.5,0.0,-6.5625,-5.625,0.0,0.0,0.0,-3.75,-2.8125,0.9375,0.0,-3.75,0.0,-3.75,3.75,0.0,0.0,-7.5,0.0,0.0,0.0,0.0,0.0,0.0,0.0
275,5,3.75,7.5,3.75,0.0,0.0,0.0,3.75,-15.0,-7.5,-11.25,-3.75,7.5,0.0,-11.25,1.875,0.9375,-11.25,11.25,-10.3125,3.75,-3.75,0.0,0.0,-7.5,0.0,0.0,0.0,0.0,-1.875,0.0,-7.5,3.75,0.9375,-1.875,15.0,0.0,0.9375,0.0,3.75,0.9375,-3.75,0.0,0.0,-1.875,-7.5,0.0,-6.5625,-6.5625,0.0,0.0,0.0,-7.5,-2.8125,1.875,0.0,-3.75,0.0,-3.75,3.75,0.0,0.0,-7.5,0.0,0.0,0.0,0.0,0.0,0.0,0.0
276,3,0.9375,5.625,0.9375,0.0,0.0,0.0,0.0,-13.125,-9.375,-5.625,-3.75,0.0,0.0,-3.75,0.9375,0.0,15.9375,11.25,-3.75,0.9375,-3.75,0.0,0.0,-3.75,0.0,0.0,0.0,0.0,-1.875,0.0,-10.3125,0.0,0.0,-3.75,12.1875,0.0,3.75,0.0,0.9375,0.0,0.0,0.0,0.0,5.625,-9.375,0.0,-7.5,-7.5,0.0,0.0,0.0,-6.5625,0.0,0.9375,0.0,0.0,0.0,0.0,0.9375,0.0,0.0,-9.375,0.0,0.0,0.0,0.0,0.0,0.0,0.0
276,4,0.9375,5.625,0.9375,0.0,0.0,0.0,3.75,-13.125,-10.3125,-9.375,-3.75,3.75,0.0,-7.5,0.9375,0.0,-7.5,9.375,-7.5,0.9375,-3.75,0.0,0.0,-3.75,0.0,0.0,0.0,0.0,-1.875,0.0,-10.3125,0.0,1.875,0.0,11.25,0.0,3.75,0.0,0.9375,0.9375,0.0,0.0,0.0,0.0,-7.5,0.0,-5.625,-7.5,0.0,0.0,0.0,0.0,-3.75,0.9375,0.0,-3.75,0.0,0.0,0.9375,0.0,0.0,-9.375,0.0,0.0,0.0,0.0,0.0,0.0,0.0
276,5,0.9375,5.625,0.9375,0.0,0.0,0.0,3.75,-9.375,-10.3125,-9.375,-3.75,3.75,0.0,-7.5,0.9375,0.0,0.0,9.375,-7.5,0.9375,-3.75,3.75,0.0,-3.75,0.0,0.0,0.0,0.0,-1.875,0.0,-10.3125,0.0,0.0,0.0,11.25,0.0,3.75,0.0,0.9375,0.9375,0.0,0.0,0.0,0.0,-7.5,0.0,-6.5625,-7.5,0.0,0.0,0.0,0.0,-3.75,0.9375,0.0,-3.75,0.0,0.0,0.9375,0.0,0.0,-9.375,0.0,0.0,0.0,0.0,0.0,0.0,0.0
277,3,0.0,3.75,0.0,0.0,0.0,0.0,0.0,12.1875,-11.25,3.75,-3.75,0.0,0.0,0.9375,0.0,0.0,17.8125,8.4375,0.9375,0.0,-3.75,0.0,0.0,0.9375,0.0,0.0,0.0,0.0,-3.75,0.0,-11.25,0.0,3.75,-1.875,11.25,0.0,3.75,0.0,0.0,0.0,1.875,0.0,0.0,7.5,-10.3125,0.0,-7.5,-9.375,0.0,0.0,0.0,-1.875,0.0,0.0,0.0,0.0,0.0,7.5,0.0,0.0,0.0,-11.25,0.0,0.0,0.0,0.0,0.0,0.0,0.0
277,4,0.0,3.75,0.0,0.0,0.0,0.0,0.9375,3.75,-11.25,1.875,-3.75,0.0,0.0,3.75,0.0,0.0,15.0,7.5,3.75,0.0,-1.875,3.75,0.0,3.75,0.0,0.0,0.0,0.0,-3.75,0.0,-11.25,0.0,3.75,0.0,11.25,0.0,3.75,0.0,0.9375,0.0,0.0,0.0,0.0,3.75,-7.5,0.0,-3.75,-7.5,0.0,0.0,0.0,3.75,-3.75,0.0,0.0,-1.875,0.0,3.75,0.0,0.0,0.0,-11.25,0.0,0.0,0.0,0.0,0.0,0.0,0.0
277,5,0.0,3.75,0.0,0.0,0.0,0.0,0.9375,5.625,-11.25,4.6875,-3.75,0.0,0.0,3.75,0.0,0.0,15.0,7.5,3.75,0.0,-1.875,3.75,0.0,3.75,0.0,0.0,0.0,0.0,-3.75,0.0,-11.25,0.0,3.75,0.0,11.25,0.0,3.75,-1.875,0.9375,0.9375,0.0,0.0,0.0,3.75,-7.5,0.0,-3.75,-7.5,0.0,0.0,0.0,3.75,-3.75,0.0,0.0,-1.875,0.0,3.75,0.0,0.0,0.0,-11.25,0.0,0.0,0.0,0.0,0.0,0.0,0.0
278,3,0.0,3.75,0.0,0.0,0.0,0.0,0.0,13.125,-11.25,5.625,-3.75,0.0,0.0,3.75,0.0,0.0,17.8125,7.5,3.75,0.0,0.0,0.0,0.0,3.75,0.0,0.0,0.0,0.0,-7.5,0.0,-11.25,0.0,3.75,0.0,9.375,0.0,4.6875,0.0,0.0,0.0,3.75,0.0,0.0,7.5,-9.375,0.0,-3.75,-11.25,0.0,0.0,0.0,0.0,0.9375,0.0,0.0,0.9375,0.0,7.5,-1.875,0.0,0.0,-11.25,0.0,0.0,0.0,0.0,0.0,0.0,0.0
278,4,0.0,3.75,0.0,0.0,0.0,-2.8125,0.0,15.0,-11.25,11.25,-3.75,0.0,0.0,11.25,0.0,0.0,15.0,4.6875,9.375,0.0,0.0,0.9375,0.0,7.5,0.0,0.0,0.0,0.0,-3.75,0.0,-11.25,0.0,3.75,0.9375,8.4375,0.0,3.75,0.0,0.0,0.0,3.75,0.0,-1.875,4.6875,-3.75,0.0,0.0,-10.3125,0.0,0.0,0.0,4.6875,-1.875,0.0,0.0,0.0,0.0,7.5,-1.875,0.0,0.0,-11.25,0.0,0.0,0.0,0.0,0.0,0.0,0.0
278,5,0.0,3.75,0.0,0.0,0.0,-1.875,0.0,15.0,-12.1875,11.25,-3.75,0.0,0.0,11.25,0.0,0.0,15.0,4.6875,9.375,0.0,0.0,0.0,0.0,7.5,0.0,0.0,0.0,0.0,-3.75,0.0,-10.3125,0.0,3.75,0.9375,8.4375,0.0,3.75,-1.875,0.0,0.0,3.75,0.0,-1.875,7.5,-1.875,0.0,0.0,-11.25,0.0,0.0,0.0,4.6875,-1.875,0.0,0.0,0.0,0.0,7.5,-1.875,0.0,0.0,-11.25,0.0,0.0,0.0,0.0,0.0,0.0,0.0
279,3,0.0,0.9375,0.0,1.875,0.0,-1.875,0.0,13.125,-13.125,7.5,-3.75,0.0,0.0,5.625,0.0,0.0,15.9375,4.6875,4.6875,0.0,3.75,-3.75,0.0,4.6875,0.0,0.0,0.0,0.0,-7.5,0.0,-11.25,0.0,0.0,0.0,7.5,0.0,3.75,0.9375,0.0,0.0,3.75,0.0,-2.8125,7.5,-3.75,0.0,1.875,-11.25,0.0,0.0,0.0,0.9375,3.75,0.0,0.0,3.75,0.0,7.5,-3.75,0.0,0.0,-11.25,0.0,0.0,0.0,0.0,0.0,0.0,0.0
279,4,0.0,0.9375,0.0,0.0,0.0,-3.75,0.0,15.0,-11.25,11.25,-3.75,0.9375,0.0,11.25,0.0,0.0,15.0,3.75,9.375,0.0,3.75,0.0,0.0,7.5,0.0,0.0,0.0,0.0,-3.75,0.0,-7.5,0.0,0.0,0.9375,5.625,0.0,3.75,0.0,0.0,0.0,3.75,0.0,-3.75,7.5,3.75,0.0,3.75,-10.3125,-1.875,0.0,0.0,4.6875,0.0,0.0,0.0,3.75,0.0,7.5,-3.75,0.0,0.0,-11.25,0.0,0.0,0.0,0.0,0.0,0.0,0.0
279,5,0.0,0.9375,0.0,0.0,0.0,-3.75,0.0,13.125,-11.25,11.25,-3.75,0.9375,0.0,11.25,0.0,0.0,15.0,3.75,9.375,0.0,3.75,0.0,0.0,7.5,0.0,0.0,0.0,0.0,-3.75,0.0,-5.625,0.0,0.0,0.9375,5.625,0.0,3.75,0.0,0.0,0.0,3.75,0.0,-3.75,7.5,3.75,0.0,3.75,-11.25,-1.875,0.0,0.0,4.6875,0.0,0.0,0.0,3.75,0.0,7.5,-3.75,0.0,0.0,-10.3125,0.0,0.0,0.0,0.0,0.0,0.0,0.0
280,3,0.0,0.0,0.0,3.75,0.0,-3.75,0.0,11.25,-13.125,5.625,-1.875,0.0,0.0,5.625,0.0,0.0,15.0,4.6875,5.625,0.0,4.6875,-4.6875,-1.875,4.6875,0.0,-3.75,0.0,0.0,-11.25,0.0,-7.5,0.0,-3.75,0.0,3.75,0.0,3.75,3.75,0.0,0.0,3.75,0.0,-3.75,7.5,1.875,0.0,3.75,-11.25,-1.875,0.0,0.0,0.9375,5.625,0.0,0.0,3.75,0.0,4.6875,-3.75,0.0,0.0,11.25,0.0,0.0,0.0,0.0,0.0,0.0,0.0
280,4,0.0,0.0,0.0,3.75,0.0,-3.75,0.0,12.1875,-11.25,11.25,-3.75,0.0,0.0,9.375,0.0,0.0,15.0,3.75,8.4375,0.0,4.6875,-3.75,-1.875,7.5,0.0,0.0,0.0,0.0,-7.5,0.0,3.75,0.0,-1.875,0.0,3.75,0.0,0.0,0.0,0.0,0.0,3.75,0.0,-3.75,7.5,5.625,0.0,3.75,-10.3125,-3.75,0.0,0.0,3.75,3.75,0.0,0.0,3.75,0.0,3.75,-3.75,0.0,0.0,3.75,0.0,0.0,0.0,0.0,0.0,0.0,0.0
280,5,0.0,0.0,0.0,3.75,0.0,-3.75,0.0,13.125,-11.25,11.25,-3.75,0.0,0.0,9.375,0.0,0.0,13.125,3.75,8.4375,0.0,4.6875,-3.75,-1.875,7.5,0.0,0.0,0.0,0.0,-7.5,0.0,3.75,0.0,-1.875,0.0,3.75,0.0,0.0,0.0,0.0,0.0,3.75,0.0,-3.75,7.5,4.6875,0.0,3.75,-11.25,-3.75,0.0,0.0,3.75,3.75,0.0,0.0,3.75,0.0,4.6875,-3.75,0.0,0.0,3.75,0.0,0.0,0.0,0.0,0.0,0.0,0.0
281,3,0.0,0.0,0.0,3.75,0.0,-6.5625,0.0,9.375,-11.25,4.6875,0.0,0.0,0.0,4.6875,0.0,0.0,13.125,3.75,4.6875,0.0,4.6875,-7.5,-3.75,3.75,0.0,-3.75,0.0,0.0,-11.25,0.0,0.0,0.0,-3.75,0.0,0.9375,0.0,0.9375,3.75,0.0,0.0,3.75,0.0,-7.5,4.6875,3.75,0.0,3.75,-11.25,-3.75,0.0,0.0,0.0,7.5,0.0,0.0,3.75,0.0,3.75,-3.75,0.0,0.0,11.25,0.0,0.0,0.0,0.0,0.0,0.0,0.0
281,4,0.0,0.0,0.0,3.75,0.0,-7.5,0.0,11.25,-3.75,8.4375,0.0,0.0,0.0,7.5,-1.875,0.0,11.25,0.9375,7.5,0.0,4.6875,-7.5,-3.75,5.625,0.0,-1.875,0.0,0.0,-10.3125,0.0,7.5,0.0,-3.75,0.0,0.0,0.0,0.0,0.0,0.0,0.0,3.75,0.0,-7.5,3.75,4.6875,0.0,3.75,-7.5,-3.75,0.0,0.0,3.75,5.625,0.0,0.0,3.75,0.0,3.75,-3.75,0.0,0.0,11.25,0.0,0.0,0.0,0.0,0.0,0.0,0.0
281,5,0.0,0.0,0.0,3.75,0.0,-7.5,0.0,10.3125,-3.75,8.4375,0.0,0.0,0.0,7.5,-1.875,0.0,11.25,3.75,7.5,0.0,4.6875,-7.5,-3.75,5.625,0.0,-1.875,0.0,0.0,-10.3125,0.0,7.5,0.0,-3.75,0.0,0.0,0.0,0.0,0.9375,0.0,0.0,3.75,0.0,-7.5,4.6875,4.6875,0.0,3.75,-7.5,-3.75,0.0,0.0,3.75,4.6875,0.0,0.0,3.75,0.0,3.75,-3.75,0.0,0.0,8.4375,0.0,0.0,0.0,0.0,0.0,0.0,0.0
282,3,0.0,0.0,0.0,0.9375,0.0,-11.25,0.0,7.5,0.0,3.75,0.0,0.0,0.0,3.75,0.0,0.0,11.25,3.75,3.75,0.0,3.75,-9.375,-3.75,3.75,0.0,-3.75,0.0,0.0,-13.125,0.0,0.0,0.0,-3.75,0.0,-3.75,0.0,0.0,4.6875,0.0,-1.875,0.9375,0.0,-10.3125,3.75,3.75,0.0,3.75,-7.5,-5.625,0.0,0.0,0.0,7.5,0.9375,0.0,3.75,0.0,0.0,-3.75,0.0,0.0,11.25,0.0,0.0,0.0,0.0,0.0,0.0,0.0
282,4,0.0,0.0,0.0,0.9375,0.0,-7.5,0.0,7.5,0.0,7.5,0.0,0.0,0.0,7.5,-1.875,0.0,11.25,0.9375,5.625,0.0,3.75,-8.4375,-3.75,3.75,0.0,0.0,0.0,0.0,-11.25,0.0,7.5,0.0,-3.75,0.0,-1.875,0.0,-1.875,3.75,0.0,-1.875,0.9375,0.0,-7.5,3.75,3.75,0.0,3.75,-3.75,-7.5,0.0,0.0,3.75,4.6875,0.0,0.0,3.75,0.0,0.0,-1.875,0.0,0.0,11.25,0.0,0.0,0.0,0.0,0.0,0.0,0.0
282,5,0.0,0.0,0.0,0.9375,0.0,-7.5,0.0,7.5,3.75,7.5,0.0,0.0,0.0,7.5,-1.875,0.0,11.25,1.875,6.5625,0.0,3.75,-7.5,-3.75,3.75,0.0,0.0,0.0,0.0,-11.25,0.0,7.5,0.0,-3.75,0.0,-1.875,0.0,-2.8125,3.75,0.0,-1.875,0.9375,0.0,-7.5,3.75,3.75,0.0,3.75,-3.75,-7.5,0.0,0.0,3.75,7.5,0.0,0.0,3.75,0.0,0.0,-1.875,0.0,0.0,11.25,0.0,0.0,0.0,0.0,0.0,0.0,0.0
283,3,0.0,-1.875,0.0,0.0,0.0,15.0,0.0,4.6875,0.0,3.75,3.75,0.0,0.0,3.75,0.0,0.0,9.375,3.75,3.75,0.0,3.75,-11.25,-6.5625,1.875,0.0,-3.75,0.0,0.0,-15.0,0.0,0.9375,0.0,-3.75,0.0,-3.75,0.0,0.0,5.625,0.0,-1.875,0.0,0.0,-13.125,0.9375,0.9375,0.0,0.9375,0.0,-7.5,0.0,0.0,0.0,4.6875,2.8125,0.0,0.0,0.0,0.0,0.0,0.0,0.0,11.25,0.0,0.0,0.0,0.0,0.0,0.0,0.0
283,4,0.0,-1.875,0.0,0.0,0.0,-3.75,0.0,4.6875,3.75,3.75,0.0,0.0,0.0,3.75,-3.75,0.0,8.4375,3.75,3.75,0.0,3.75,-11.25,-5.625,3.75,0.0,0.0,0.0,0.0,-11.25,0.0,4.6875,0.0,-3.75,0.0,-3.75,0.0,-3.75,3.75,0.0,-1.875,0.0,0.0,-11.25,0.9375,3.75,0.0,3.75,0.0,-7.5,0.0,0.0,0.0,3.75,0.0,0.0,0.0,0.0,0.0,0.0,0.0,0.0,11.25,0.0,0.0,0.0,0.0,0.0,0.0,0.0
283,5,0.0,-2.8125,0.0,0.0,0.0,-3.75,0.0,4.6875,3.75,3.75,0.0,0.0,0.0,3.75,-3.75,0.0,8.4375,3.75,3.75,0.0,3.75,-11.25,-6.5625,3.75,0.0,0.0,0.0,0.0,-11.25,0.0,4.6875,0.0,-3.75,0.0,-3.75,0.0,-3.75,3.75,0.0,-1.875,0.0,0.0,-11.25,0.9375,3.75,0.0,3.75,0.0,-7.5,0.0,0.0,0.0,4.6875,0.0,0.0,0.0,0.0,0.0,0.0,0.0,0.0,11.25,0.0,0.0,0.0,0.0,0.0,0.0,0.0
284,3,0.0,-3.75,0.0,0.0,0.0,15.0,0.0,3.75,3.75,0.9375,0.9375,0.0,0.0,1.875,-2.8125,0.0,7.5,3.75,1.875,0.0,0.9375,-11.25,-7.5,0.9375,0.0,-1.875,0.0,0.0,-16.875,0.0,0.9375,0.0,-3.75,0.0,-3.75,0.0,3.75,1.875,0.0,0.0,0.0,0.0,-15.0,0.0,0.0,0.0,0.9375,1.875,-7.5,0.0,0.0,0.0,3.75,3.75,0.0,0.0,0.0,-3.75,3.75,0.0,0.0,8.4375,0.0,0.0,0.0,0.0,0.0,0.0,0.0
284,4,0.0,-3.75,0.0,0.0,0.0,7.5,0.0,3.75,3.75,3.75,0.0,0.0,0.0,3.75,-3.75,0.0,7.5,3.75,3.75,0.0,0.9375,-11.25,-5.625,1.875,0.0,0.0,0.0,0.0,-15.0,0.0,3.75,0.0,-3.75,0.0,-3.75,0.0,-3.75,0.9375,0.0,0.0,0.0,0.0,-11.25,0.0,0.0,0.0,0.9375,0.0,-3.75,0.0,0.0,0.0,3.75,0.9375,0.0,0.0,0.0,-3.75,3.75,0.0,0.0,7.5,0.0,0.0,0.0,0.0,0.0,0.0,0.0
284,5,0.0,-3.75,0.0,0.0,0.0,7.5,0.0,3.75,3.75,3.75,0.0,0.0,0.0,3.75,-3.75,0.0,7.5,3.75,3.75,0.0,0.9375,-11.25,-5.625,1.875,0.0,0.0,0.0,0.0,-14.0625,0.0,3.75,0.0,-3.75,0.0,-3.75,0.0,-3.75,0.9375,0.0,0.0,0.0,0.0,-11.25,0.0,0.9375,0.0,0.9375,3.75,-3.75,0.0,0.0,0.0,3.75,0.9375,0.0,0.0,0.0,-3.75,3.75,0.0,0.0,7.5,0.0,0.0,0.0,0.0,0.0,0.0,0.0
285,3,0.0,-5.625,0.0,-3.75,0.0,13.125,0.0,0.0,3.75,0.0,0.0,0.0,0.0,0.0,-2.8125,0.0,4.6875,0.9375,0.9375,0.0,0.0,-11.25,-5.625,0.0,0.0,-1.875,0.0,0.0,-16.875,0.0,0.0,0.0,-1.875,0.0,-3.75,0.0,7.5,0.0,3.75,0.0,-1.875,0.0,-15.0,0.0,0.0,0.0,0.0,0.9375,0.0,0.0,0.0,0.0,3.75,3.75,0.0,-1.875,0.0,-3.75,3.75,0.0,0.0,7.5,0.0,0.0,0.0,0.0,0.0,0.0,0.0
285,4,0.0,-5.625,0.0,-3.75,0.0,11.25,0.0,0.0,3.75,0.9375,0.0,0.0,0.0,0.9375,-3.75,0.0,3.75,0.9375,0.9375,0.0,0.0,-11.25,-3.75,0.0,0.0,0.0,0.0,0.0,-11.25,0.0,3.75,0.0,0.0,0.0,-1.875,0.0,0.0,0.0,0.9375,0.0,-2.8125,0.0,-11.25,0.0,0.0,0.0,0.0,0.0,3.75,0.0,0.0,0.0,3.75,3.75,0.0,0.0,0.0,-3.75,3.75,0.0,0.0,7.5,0.0,0.0,0.0,0.0,0.0,0.0,0.0
285,5,0.0,-5.625,0.0,-3.75,0.0,11.25,0.0,0.9375,3.75,0.9375,0.0,0.0,0.0,0.9375,-3.75,0.0,3.75,0.9375,0.9375,0.0,0.0,-11.25,-3.75,0.0,0.0,0.0,0.0,0.0,-11.25,0.0,3.75,0.0,0.0,-1.875,-3.75,0.0,0.0,0.0,3.75,0.0,-2.8125,0.0,-7.5,0.0,0.0,0.0,0.0,1.875,0.0,0.0,0.0,0.0,3.75,3.75,0.0,0.0,0.0,-3.75,3.75,0.0,0.0,7.5,0.0,0.0,0.0,0.0,0.0,0.0,0.0
286,3,0.0,-7.5,0.0,-3.75,0.0,11.25,0.0,0.0,0.9375,0.0,-3.75,0.0,0.0,0.0,-2.8125,0.0,3.75,0.0,0.0,0.0,0.0,-11.25,0.0,0.0,0.0,0.0,0.0,0.0,18.75,0.0,0.0,0.0,0.0,0.0,-1.875,0.0,7.5,-3.75,3.75,0.0,-2.8125,0.0,16.875,0.0,-1.875,0.0,0.0,0.0,7.5,0.0,0.0,0.0,0.9375,4.6875,0.0,-3.75,0.0,-3.75,3.75,0.0,0.0,3.75,0.0,0.0,0.0,0.0,0.0,0.0,0.0
286,4,0.0,-7.5,0.0,-3.75,0.0,11.25,0.0,0.0,3.75,0.0,-3.75,0.0,0.0,0.0,-3.75,0.0,3.75,0.0,0.0,0.0,0.0,-9.375,0.0,0.0,0.0,0.0,0.0,0.0,15.0,0.0,0.9375,0.0,0.9375,-1.875,0.0,0.0,3.75,-3.75,1.875,0.0,-3.75,0.0,11.25,0.0,0.0,0.0,0.0,0.9375,7.5,0.0,0.0,0.0,0.9375,3.75,0.0,-3.75,0.0,-3.75,0.9375,0.0,0.0,3.75,0.0,0.0,0.0,0.0,0.0,0.0,0.0
286,5,0.0,-7.5,0.0,-3.75,0.0,11.25,0.0,0.0,3.75,0.0,-3.75,0.0,0.0,0.0,-3.75,0.0,3.75,0.0,0.0,0.0,0.0,-7.5,0.0,0.0,0.0,0.0,0.0,0.0,13.125,0.0,0.9375,0.0,0.9375,-1.875,0.0,0.0,3.75,-3.75,0.9375,0.0,-3.75,0.0,7.5,0.0,-1.875,0.0,0.0,0.0,7.5,0.0,0.0,0.0,0.9375,3.75,0.0,-3.75,0.0,-3.75,1.875,0.0,0.0,3.75,0.0,0.0,0.0,0.0,0.0,0.0,0.0
287,3,0.0,-10.3125,0.0,-6.5625,0.0,11.25,0.0,-1.875,0.0,0.0,-6.5625,0.0,0.0,0.0,3.75,0.0,0.9375,0.0,0.0,0.0,-1.875,-3.75,3.75,0.0,0.0,-1.875,0.0,0.0,16.875,0.0,0.0,0.0,0.0,0.0,0.0,0.0,7.5,-4.6875,0.0,0.0,-3.75,0.0,15.9375,0.0,-1.875,0.0,0.0,0.0,7.5,0.0,0.0,0.0,0.0,3.75,0.0,-3.75,0.0,-3.75,0.0,0.0,0.0,0.9375,0.0,0.0,0.0,0.0,0.0,0.0,0.0
287,4,0.0,-10.3125,0.0,-6.5625,0.0,11.25,0.0,-1.875,0.9375,0.0,-3.75,0.0,0.0,0.0,0.0,0.0,0.0,0.0,0.0,0.0,-1.875,9.375,3.75,0.0,0.0,0.0,0.0,0.0,15.0,0.0,0.0,0.0,0.9375,-1.875,0.0,0.0,7.5,-3.75,0.0,0.0,-3.75,0.0,13.125,0.0,-1.875,0.0,0.0,0.0,8.4375,0.0,0.0,0.0,0.0,3.75,0.0,-3.75,0.0,-3.75,0.0,0.0,0.0,0.9375,0.0,0.0,0.0,0.0,0.0,0.0,0.0
287,5,0.0,-9.375,0.0,-7.5,0.0,8.4375,0.0,-1.875,0.9375,0.0,-3.75,0.0,0.0,0.0,0.0,0.0,0.0,0.0,0.0,0.0,-1.875,7.5,3.75,0.0,0.0,0.0,0.0,0.0,15.0,0.0,0.0,0.0,0.9375,-1.875,0.0,0.0,7.5,-3.75,0.0,0.0,-3.75,0.0,11.25,0.0,-1.875,0.0,0.0,0.0,9.375,0.0,0.0,0.0,0.0,3.75,0.0,-3.75,0.0,-3.75,0.0,0.0,0.0,0.9375,0.0,0.0,0.0,0.0,0.0,0.0,0.0
288,3,0.0,-11.25,0.0,-7.5,0.0,8.4375,0.0,0.0,0.0,0.0,-7.5,0.0,0.0,0.0,5.625,0.0,0.0,0.0,0.0,0.0,-2.8125,3.75,7.5,0.0,0.0,-3.75,0.0,0.0,15.0,0.0,0.0,0.0,0.0,0.0,3.75,0.0,7.5,-5.625,0.0,-3.75,-3.75,0.0,15.0,0.0,-1.875,0.0,0.0,0.0,7.5,0.0,0.0,0.0,0.0,3.75,0.0,0.0,0.0,0.0,0.0,0.0,0.0,0.0,0.0,0.0,0.0,0.0,0.0,0.0,0.0
288,4,0.0,-11.25,0.0,-7.5,0.0,7.5,0.0,0.0,0.0,0.0,-7.5,0.0,0.0,0.0,3.75,0.0,0.0,0.0,0.0,0.0,-1.875,11.25,4.6875,0.0,0.0,-1.875,0.0,0.0,13.125,0.0,0.0,0.0,0.0,-1.875,3.75,0.0,7.5,-7.5,0.0,-1.875,-6.5625,0.0,11.25,0.0,-3.75,0.0,0.0,0.0,7.5,0.0,0.0,0.0,0.0,3.75,0.0,0.0,0.0,0.0,0.0,0.0,0.0,0.0,0.0,0.0,0.0,0.0,0.0,0.0,0.0
288,5,0.0,-11.25,0.0,-7.5,0.0,7.5,0.0,0.0,0.0,0.0,-7.5,0.0,0.0,0.0,3.75,0.0,0.0,0.0,0.0,0.0,-1.875,11.25,7.5,0.0,0.0,-2.8125,0.0,0.0,13.125,0.0,0.0,0.0,0.0,-3.75,3.75,0.0,7.5,-7.5,0.0,-1.875,-6.5625,0.0,11.25,0.0,-3.75,0.0,0.0,0.0,8.4375,0.0,0.0,0.0,0.0,3.75,0.0,0.0,0.0,0.0,0.0,0.0,0.0,0.0,0.0,0.0,0.0,0.0,0.0,0.0,0.0
289,3,0.0,-11.25,0.0,-7.5,0.0,7.5,0.0,0.0,-1.875,0.0,-10.3125,0.0,0.0,-1.875,5.625,0.0,0.0,0.0,0.0,0.0,-1.875,4.6875,7.5,0.0,0.0,-3.75,0.0,0.0,13.125,0.0,0.0,0.0,0.0,0.0,3.75,0.0,7.5,-5.625,-1.875,-3.75,-3.75,0.0,12.1875,0.0,0.0,0.0,0.0,0.0,5.625,-1.875,0.0,0.0,0.0,3.75,0.0,0.0,0.0,3.75,0.0,0.0,0.0,-3.75,0.0,0.0,0.0,0.0,0.0,0.0,0.0
289,4,0.0,-11.25,0.0,-5.625,0.0,7.5,0.0,0.0,0.0,0.0,-7.5,0.0,0.0,-1.875,5.625,0.0,0.0,0.0,0.0,0.0,-1.875,11.25,4.6875,0.0,0.0,-3.75,0.0,0.0,11.25,0.0,0.0,0.0,0.0,-3.75,3.75,0.0,5.625,-7.5,0.0,-3.75,-6.5625,0.0,11.25,0.0,-1.875,0.0,0.0,0.0,7.5,-1.875,0.0,0.0,0.0,3.75,0.0,0.0,0.0,3.75,0.0,0.0,0.0,-3.75,0.0,0.0,0.0,0.0,0.0,0.0,0.0
289,5,0.0,-11.25,0.0,-3.75,0.0,7.5,0.0,0.0,0.0,0.0,-7.5,-1.875,0.0,-1.875,4.6875,0.0,0.0,0.0,0.0,0.0,-1.875,11.25,7.5,0.0,0.0,-3.75,0.0,0.0,11.25,0.0,0.0,0.0,0.0,-3.75,3.75,0.0,7.5,-7.5,0.0,-3.75,-6.5625,0.0,11.25,0.0,-1.875,0.0,0.0,0.0,7.5,-1.875,0.0,0.0,0.0,3.75,0.0,0.0,0.0,3.75,0.0,0.0,0.0,-3.75,0.0,0.0,0.0,0.0,0.0,0.0,0.0
290,3,0.0,-13.125,0.0,-1.875,0.0,5.625,0.0,0.0,-3.75,0.0,-7.5,0.0,0.0,-1.875,4.6875,0.0,0.0,0.0,0.0,0.0,0.0,5.625,3.75,0.0,0.0,-5.625,0.0,0.0,11.25,0.0,0.0,0.0,0.0,-1.875,0.0,0.0,3.75,-5.625,-3.75,-3.75,-1.875,0.0,11.25,0.0,0.0,0.0,-1.875,0.0,4.6875,-3.75,0.0,0.0,0.0,0.9375,0.0,0.0,0.0,3.75,-1.875,0.0,0.0,-3.75,0.0,0.0,0.0,0.0,0.0,0.0,0.0
290,4,0.0,-11.25,0.0,0.0,0.0,5.625,0.0,-1.875,-1.875,0.0,-3.75,0.0,0.0,-1.875,3.75,0.0,0.0,0.0,0.0,0.0,0.0,11.25,3.75,0.0,0.0,-3.75,0.0,0.0,11.25,0.0,0.0,0.0,0.0,-3.75,0.0,0.0,3.75,-7.5,-3.75,-3.75,-3.75,0.0,8.4375,0.0,-1.875,0.0,-1.875,0.0,7.5,-3.75,0.0,0.0,-1.875,0.9375,0.0,0.0,0.0,3.75,-1.875,0.0,0.0,-3.75,0.0,0.0,0.0,0.0,0.0,0.0,0.0
290,5,0.0,-11.25,0.0,0.0,0.0,5.625,0.0,-1.875,-3.75,0.0,-1.875,0.0,0.0,-1.875,3.75,0.0,0.0,0.0,0.0,0.0,0.0,8.4375,3.75,0.0,0.0,-5.625,0.0,0.0,9.375,0.0,0.0,0.0,0.0,-3.75,0.0,0.0,3.75,-6.5625,-3.75,-3.75,-3.75,0.0,8.4375,0.0,-1.875,0.0,-1.875,0.0,7.5,-3.75,0.0,0.0,-1.875,0.9375,0.0,1.875,0.0,3.75,-1.875,0.0,0.0,-3.75,0.0,0.0,0.0,0.0,0.0,0.0,0.0
291,3,0.0,11.25,0.0,5.625,0.0,3.75,0.0,-3.75,-3.75,0.0,3.75,0.0,0.0,0.0,3.75,0.0,0.0,0.0,0.0,0.0,0.0,4.6875,3.75,0.0,0.0,-7.5,0.0,0.0,7.5,0.0,0.0,0.0,0.0,0.0,0.0,0.0,3.75,-3.75,-7.5,-7.5,0.0,0.0,7.5,0.0,0.0,0.0,-3.75,0.9375,3.75,-6.5625,0.0,0.0,-1.875,0.0,0.0,0.9375,0.0,3.75,0.0,0.0,0.0,-7.5,0.0,0.0,0.0,0.0,0.0,0.0,0.0
291,4,0.0,0.0,0.0,3.75,0.0,3.75,0.0,-1.875,-3.75,0.0,3.75,0.0,0.0,0.0,3.75,0.0,0.0,0.0,0.0,0.0,0.0,7.5,3.75,0.0,0.0,-7.5,0.0,0.0,7.5,0.0,0.0,0.0,0.0,0.0,0.0,0.0,3.75,-1.875,-6.5625,-7.5,0.0,0.0,5.625,0.0,-3.75,0.0,-3.75,0.0,3.75,-3.75,0.0,-1.875,-3.75,0.0,0.0,0.9375,0.0,3.75,0.0,0.0,0.0,-7.5,0.0,0.0,0.0,0.0,0.0,0.0,0.0
291,5,0.0,-3.75,0.0,3.75,0.0,3.75,0.0,-3.75,-3.75,0.0,3.75,0.0,0.0,0.0,3.75,0.0,0.0,0.0,0.0,0.0,0.0,7.5,3.75,0.0,0.0,-7.5,0.0,0.0,7.5,0.0,0.0,0.0,0.0,0.0,0.0,0.0,3.75,0.0,-6.5625,-7.5,0.0,0.0,4.6875,0.0,-3.75,0.0,-3.75,0.0,3.75,-3.75,0.0,-1.875,-3.75,0.0,0.0,0.9375,0.0,3.75,0.0,0.0,0.0,-7.5,0.0,0.0,0.0,0.0,0.0,0.0,0.0
292,3,0.0,12.1875,0.0,7.5,0.0,1.875,0.0,-1.875,0.0,0.0,7.5,0.0,0.0,0.0,0.0,0.0,0.0,0.0,0.0,0.0,0.0,3.75,0.9375,0.0,0.0,-7.5,0.0,0.0,4.6875,0.0,0.0,0.0,0.0,3.75,0.0,0.0,0.9375,0.0,-7.5,-7.5,3.75,0.0,3.75,0.0,0.0,0.0,-3.75,0.9375,3.75,-7.5,0.0,-1.875,-1.875,0.0,0.0,0.9375,0.0,1.875,0.0,0.0,0.0,-7.5,0.0,0.0,0.0,0.0,0.0,0.0,0.0
292,4,0.0,11.25,0.0,7.5,0.0,3.75,0.0,-1.875,0.0,0.0,4.6875,0.0,0.0,0.0,0.0,0.0,0.0,0.0,0.0,0.0,0.0,7.5,0.0,0.0,0.0,-7.5,0.0,0.0,3.75,0.0,0.0,0.0,0.0,0.9375,0.0,0.0,1.875,3.75,-7.5,-7.5,3.75,0.0,3.75,0.0,-3.75,0.0,-3.75,1.875,3.75,-6.5625,0.0,-3.75,-3.75,0.0,0.0,0.9375,0.0,0.0,0.0,0.0,0.0,-7.5,0.0,0.0,0.0,0.0,0.0,0.0,0.0
292,5,0.0,11.25,0.0,7.5,0.0,3.75,0.0,-1.875,0.0,0.0,7.5,0.0,0.0,0.0,0.0,0.0,0.0,0.0,0.0,0.0,0.0,7.5,0.9375,0.0,0.0,-7.5,0.0,0.0,3.75,0.0,0.0,0.0,0.0,3.75,0.0,0.0,1.875,3.75,-7.5,-7.5,3.75,0.0,3.75,0.0,-3.75,0.0,-3.75,0.9375,3.75,-7.5,0.0,-3.75,-3.75,0.0,0.0,0.9375,0.0,0.0,0.0,0.0,0.0,-7.5,0.0,0.0,0.0,0.0,0.0,0.0,0.0
293,3,0.0,11.25,0.0,7.5,0.0,0.9375,0.0,-1.875,3.75,0.0,7.5,0.0,0.0,0.0,-3.75,0.0,0.0,0.0,0.0,0.0,0.0,3.75,0.0,0.0,0.0,-7.5,0.0,0.0,3.75,0.0,0.0,0.0,3.75,5.625,0.0,0.0,0.0,0.9375,-10.3125,-7.5,3.75,0.0,1.875,0.0,0.0,0.0,-3.75,0.9375,0.9375,-9.375,0.0,-1.875,-2.8125,0.0,0.0,0.0,0.0,0.0,0.0,0.0,0.0,-7.5,0.0,0.0,0.0,0.0,0.0,0.0,0.0
293,4,0.0,11.25,0.0,7.5,0.0,1.875,0.0,-1.875,3.75,0.0,4.6875,0.0,0.0,0.0,-3.75,0.0,0.0,0.0,0.0,0.0,0.0,4.6875,0.0,0.0,0.0,-6.5625,0.0,0.0,3.75,0.0,0.0,0.0,0.0,3.75,0.0,0.0,0.0,4.6875,-7.5,-3.75,3.75,0.0,3.75,0.0,-3.75,0.0,-3.75,0.0,0.9375,-7.5,0.0,-3.75,-3.75,-1.875,0.0,0.0,0.0,0.0,0.0,0.0,0.0,-7.5,0.0,0.0,0.0,0.0,0.0,0.0,0.0
293,5,0.0,11.25,0.0,7.5,0.0,0.9375,0.0,-1.875,3.75,0.0,7.5,0.0,0.0,0.0,-3.75,0.0,0.0,0.0,-0.9375,0.0,0.0,4.6875,0.0,0.0,0.0,-5.625,0.0,0.0,3.75,0.0,0.0,0.0,0.0,3.75,0.0,0.0,0.0,5.625,-7.5,-5.625,4.6875,0.0,3.75,0.0,-3.75,0.0,-3.75,0.9375,0.9375,-7.5,0.0,-3.75,-3.75,-1.875,0.0,0.0,0.0,0.0,0.0,0.0,0.0,-7.5,0.0,0.0,0.0,0.0,0.0,0.0,0.0
294,3,0.0,11.25,0.0,4.6875,0.0,0.0,0.0,0.0,4.6875,0.0,3.75,0.0,0.0,0.0,-7.5,0.0,-0.9375,0.0,-1.875,0.0,0.0,1.875,-2.8125,0.0,0.0,-3.75,0.0,0.0,1.875,0.0,0.0,0.0,3.75,3.75,0.0,0.0,0.0,0.9375,-11.25,-3.75,3.75,0.0,0.0,0.0,0.0,0.0,-3.75,0.0,0.0,-10.3125,0.0,-1.875,-3.75,0.0,0.0,0.0,0.0,0.0,0.0,0.0,0.0,-5.625,0.0,0.0,0.0,0.0,0.0,0.0,0.0
294,4,0.0,11.25,0.0,4.6875,0.0,0.0,0.0,0.0,3.75,0.0,3.75,0.0,0.0,0.0,-7.5,0.0,0.0,0.0,-2.8125,0.0,0.0,3.75,-1.875,0.0,0.0,0.0,0.0,0.0,3.75,0.0,0.0,-1.875,3.75,3.75,0.0,0.0,0.0,4.6875,-7.5,0.0,4.6875,0.0,0.0,0.0,0.0,0.0,-3.75,0.0,0.0,-7.5,0.0,-3.75,-3.75,-1.875,0.0,0.0,0.0,0.0,0.0,0.0,0.0,-3.75,0.0,0.0,0.0,0.0,0.0,0.0,0.0
294,5,0.0,11.25,0.0,4.6875,0.0,0.0,0.0,0.0,4.6875,0.0,3.75,0.0,0.0,0.0,-5.625,0.0,0.0,0.0,-2.8125,0.0,0.0,3.75,-1.875,0.0,0.0,-1.875,0.0,0.0,3.75,0.0,0.0,-1.875,3.75,3.75,0.0,0.0,0.0,3.75,-7.5,0.0,4.6875,0.0,0.0,0.0,0.0,0.0,-3.75,0.0,0.0,-5.625,0.0,-3.75,-3.75,-1.875,0.0,0.0,0.0,0.0,0.0,0.0,0.0,-3.75,0.0,0.0,0.0,0.0,0.0,0.0,0.0
295,3,0.0,8.4375,0.0,3.75,0.0,0.0,0.0,3.75,4.6875,0.0,1.875,0.0,0.0,0.0,-9.375,0.0,-1.875,-1.875,-3.75,0.0,0.0,0.9375,-3.75,0.0,0.0,3.75,0.0,0.0,0.0,0.0,0.0,0.0,5.625,3.75,0.0,0.0,0.0,0.9375,-11.25,0.0,3.75,0.0,0.0,0.0,0.0,0.0,-3.75,0.0,0.0,-7.5,0.0,0.0,-1.875,0.0,0.0,0.0,0.0,-1.875,0.0,0.0,0.0,3.75,0.0,0.0,0.0,0.0,0.0,0.0,0.0
295,4,0.0,8.4375,0.0,3.75,0.0,0.0,0.0,1.875,3.75,0.0,3.75,0.0,0.0,0.0,-7.5,0.0,0.0,-1.875,-3.75,0.0,0.0,0.9375,-3.75,0.0,0.0,3.75,0.0,0.0,0.0,0.0,0.0,-1.875,3.75,3.75,0.0,0.0,0.0,3.75,-1.875,3.75,4.6875,0.0,0.0,0.0,0.0,0.0,-3.75,0.0,0.0,-3.75,0.0,-3.75,-3.75,-1.875,0.0,0.0,0.0,-1.875,0.0,0.0,0.0,1.875,0.0,0.0,0.0,0.0,0.0,0.0,0.0
295,5,0.0,8.4375,0.0,3.75,0.0,0.0,0.0,1.875,4.6875,0.0,3.75,0.0,0.0,0.0,-7.5,0.0,0.0,-1.875,-3.75,0.0,-0.9375,1.875,-3.75,0.0,0.0,3.75,0.0,0.0,0.0,0.0,0.0,-1.875,3.75,3.75,0.0,0.0,0.0,3.75,-3.75,3.75,4.6875,0.0,0.0,0.0,0.0,0.0,-3.75,0.0,0.0,0.0,0.0,-3.75,-3.75,-1.875,0.0,0.0,0.0,-1.875,0.0,0.0,0.0,0.0,0.0,0.0,0.0,0.0,0.0,0.0,0.0
296,3,0.0,7.5,0.0,3.75,0.0,0.0,0.0,5.625,3.75,0.0,0.0,0.0,0.0,-1.875,-11.25,0.0,-1.875,-2.8125,-3.75,0.0,-3.75,0.0,-3.75,0.0,0.0,3.75,0.0,0.0,0.0,0.0,0.0,0.0,4.6875,3.75,0.0,0.0,0.0,0.0,-5.625,3.75,3.75,0.0,0.0,0.9375,0.9375,0.0,-3.75,0.0,0.0,0.0,0.0,3.75,0.0,0.0,0.0,0.0,0.0,-1.875,0.0,0.0,0.0,7.5,0.0,0.0,0.0,0.0,0.0,0.0,0.0
296,4,0.0,7.5,0.0,3.75,0.0,0.0,0.0,3.75,3.75,0.0,1.875,0.0,0.0,0.0,-11.25,0.0,-1.875,-2.8125,-3.75,0.0,-3.75,0.0,-3.75,0.0,0.0,3.75,0.0,0.0,0.0,0.0,0.0,0.0,3.75,3.75,0.0,0.0,0.0,3.75,3.75,4.6875,3.75,0.0,0.0,0.0,3.75,0.0,0.0,0.0,0.0,0.0,0.0,-3.75,-3.75,0.0,0.0,0.0,0.0,0.0,0.0,0.0,0.0,3.75,0.0,0.0,0.0,0.0,0.0,0.0,0.0
296,5,0.0,7.5,0.0,3.75,0.0,0.0,0.0,3.75,3.75,0.0,0.9375,0.0,0.0,-1.875,-11.25,0.0,-1.875,-2.8125,-3.75,0.0,-3.75,0.0,-3.75,0.0,0.0,3.75,0.0,0.0,0.0,0.0,0.0,0.0,4.6875,3.75,0.0,0.0,0.0,3.75,3.75,4.6875,3.75,0.0,0.0,0.0,3.75,0.0,0.0,0.0,0.0,3.75,0.0,0.0,-3.75,0.0,0.0,0.0,0.0,-1.875,0.0,0.0,0.0,3.75,0.0,0.0,0.0,0.0,0.0,0.0,0.0
297,3,0.0,4.6875,0.0,0.9375,0.0,0.0,0.0,3.75,3.75,0.0,0.0,0.0,0.0,-1.875,-14.0625,0.0,-1.875,-3.75,-3.75,0.0,-6.5625,0.0,-3.75,0.0,0.0,0.0,0.0,0.0,0.0,0.0,0.0,3.75,4.6875,0.9375,0.0,0.0,0.0,0.0,0.9375,3.75,1.875,0.0,0.0,1.875,0.0,0.0,0.0,0.0,0.0,3.75,0.0,7.5,0.0,3.75,0.0,0.9375,0.0,0.0,0.0,0.0,0.0,7.5,0.0,0.0,0.0,0.0,0.0,0.0,0.0
297,4,0.0,4.6875,0.0,0.9375,0.0,0.0,0.0,3.75,3.75,0.0,0.0,0.0,0.0,0.0,-11.25,0.0,0.0,-3.75,-3.75,0.0,-6.5625,0.0,-3.75,0.0,0.0,0.9375,0.0,0.0,0.0,0.0,0.0,0.0,5.625,0.9375,0.0,0.0,0.0,0.0,3.75,3.75,3.75,0.0,0.0,0.0,1.875,0.0,0.9375,0.0,0.0,3.75,0.0,3.75,0.0,0.0,0.0,0.0,0.0,0.0,0.0,0.0,0.0,3.75,0.0,0.0,0.0,0.0,0.0,0.0,0.0
297,5,0.0,4.6875,0.0,0.9375,0.0,0.0,0.0,3.75,3.75,0.0,0.0,0.0,0.0,0.0,-11.25,0.0,0.0,-3.75,-3.75,0.0,-6.5625,0.0,-3.75,0.0,0.0,3.75,0.0,0.0,0.0,0.0,0.0,0.0,4.6875,0.9375,0.0,0.0,0.0,0.0,3.75,4.6875,3.75,0.0,0.0,0.0,3.75,0.0,0.9375,0.0,0.0,3.75,0.0,3.75,0.0,0.0,0.0,0.0,0.0,0.0,0.0,0.0,0.0,3.75,0.0,0.0,0.0,0.0,0.0,0.0,0.0
298,3,0.0,3.75,0.0,0.0,0.0,0.0,0.0,3.75,1.875,0.0,0.0,0.0,0.0,0.0,-15.0,0.0,0.0,-3.75,-3.75,0.0,-7.5,0.0,-3.75,0.0,0.0,0.0,0.0,0.0,0.0,0.0,0.0,5.625,3.75,0.0,0.0,0.0,0.0,-1.875,3.75,3.75,0.9375,0.0,-1.875,0.9375,0.0,0.0,0.9375,-3.75,0.0,3.75,0.0,9.375,0.0,3.75,0.0,3.75,0.0,0.0,0.0,0.0,0.0,3.75,0.0,0.0,0.0,0.0,0.0,0.0,0.0
298,4,0.0,3.75,0.0,0.0,0.0,0.0,0.0,3.75,3.75,0.0,0.0,-1.875,0.0,0.0,-11.25,0.0,0.0,-3.75,-3.75,0.0,-7.5,0.0,0.0,0.0,0.0,0.0,0.0,0.0,0.0,0.0,0.0,3.75,3.75,0.0,0.0,0.0,0.0,0.0,3.75,3.75,0.9375,0.0,0.0,0.0,0.9375,0.0,3.75,-3.75,0.0,3.75,0.0,7.5,0.0,3.75,0.0,1.875,0.0,0.0,0.0,0.0,0.0,3.75,0.0,0.0,0.0,0.0,0.0,0.0,0.0
298,5,0.0,3.75,0.0,0.0,0.0,0.0,0.0,3.75,3.75,0.0,0.0,-1.875,0.0,0.0,-11.25,0.0,0.0,-3.75,-3.75,0.0,-7.5,0.0,0.0,0.0,0.0,0.0,0.0,0.0,0.0,0.0,0.0,3.75,3.75,0.0,0.0,0.0,0.0,0.0,3.75,3.75,0.9375,0.0,0.0,0.0,0.9375,0.0,3.75,-3.75,0.0,3.75,0.0,7.5,0.0,3.75,0.0,0.9375,0.0,0.0,0.0,0.0,0.0,3.75,0.0,0.0,0.0,0.0,0.0,0.0,0.0
299,3,0.0,0.9375,0.0,0.0,0.0,0.0,0.0,3.75,0.9375,0.0,0.0,0.0,0.0,0.0,-15.0,0.0,0.0,-3.75,-3.75,0.0,-11.25,-1.875,0.0,0.0,0.0,0.0,0.0,0.0,0.0,0.0,0.0,7.5,3.75,0.0,0.0,0.0,0.0,0.0,3.75,1.875,0.0,0.0,0.0,0.0,0.0,0.0,0.0,0.0,0.0,3.75,0.0,8.4375,0.0,3.75,0.0,3.75,0.0,0.0,0.0,0.0,0.0,3.75,0.0,0.0,0.0,0.0,0.0,0.0,0.0
299,4,0.0,0.9375,0.0,0.0,0.0,0.0,0.0,3.75,0.0,0.0,0.0,0.0,0.0,0.0,-7.5,0.0,0.0,-3.75,-1.875,0.0,-10.3125,-1.875,0.0,0.0,0.0,0.0,0.0,0.0,0.0,0.0,0.0,3.75,3.75,0.0,0.0,0.0,0.0,0.0,3.75,3.75,0.0,0.0,0.0,0.0,0.0,0.0,3.75,0.0,0.0,3.75,0.0,7.5,1.875,3.75,0.0,3.75,0.0,0.0,0.0,0.0,0.0,0.9375,0.0,0.0,0.0,0.0,0.0,0.0,0.0
299,5,0.0,1.875,0.0,0.0,0.0,0.0,0.0,3.75,0.9375,0.0,0.0,0.0,0.0,0.0,-6.5625,0.0,0.0,-3.75,-1.875,0.0,-10.3125,-1.875,0.0,0.0,0.0,0.0,0.0,0.0,0.0,0.0,0.0,4.6875,3.75,0.0,0.0,0.0,0.0,0.0,3.75,3.75,0.0,0.0,0.0,0.0,0.0,0.0,3.75,0.0,0.0,3.75,0.0,7.5,0.9375,3.75,0.0,3.75,0.0,0.0,0.0,0.0,0.0,0.0,0.0,0.0,0.0,0.0,0.0,0.0,0.0
300,3,0.0,0.0,0.0,0.0,0.0,0.0,0.0,0.9375,0.0,0.0,0.0,3.75,0.0,3.75,15.0,0.0,0.0,-1.875,0.0,0.0,-14.0625,-2.8125,0.0,0.0,0.0,-1.875,0.0,0.0,0.0,0.0,0.0,5.625,1.875,0.0,0.0,0.0,0.0,0.0,3.75,0.0,0.0,0.0,0.0,0.0,0.0,0.0,0.0,3.75,0.0,3.75,0.0,7.5,0.0,1.875,0.0,3.75,0.0,0.0,0.0,0.0,0.0,0.0,0.0,0.0,0.0,0.0,0.0,0.0,-0.9375
300,4,0.0,0.0,0.0,0.0,0.0,0.0,0.0,0.9375,0.0,0.0,0.0,0.0,0.0,3.75,11.25,0.0,0.0,-3.75,0.0,0.0,-11.25,-1.875,0.0,0.0,0.0,0.0,0.0,0.0,0.0,0.0,0.0,4.6875,1.875,0.0,0.0,0.0,0.0,0.0,3.75,0.0,0.0,0.0,0.0,0.0,0.0,0.0,0.9375,3.75,0.0,3.75,0.0,7.5,0.9375,3.75,0.0,3.75,0.0,0.0,0.0,0.0,0.0,0.0,0.0,0.0,0.0,0.0,0.0,0.0,0.0
300,5,0.0,0.0,0.0,0.0,0.0,0.0,0.0,0.9375,0.0,0.0,0.0,0.0,0.0,3.75,8.4375,0.0,0.0,-3.75,0.0,0.0,-11.25,-2.8125,0.0,0.0,0.0,0.0,0.0,0.0,0.0,0.0,0.0,4.6875,2.8125,0.0,0.0,0.0,0.0,0.0,3.75,0.0,0.0,0.0,0.0,-1.875,0.0,0.0,0.9375,3.75,0.0,3.75,0.0,7.5,0.9375,3.75,0.0,3.75,0.0,0.0,0.0,0.0,0.0,0.0,0.0,0.0,0.0,0.0,0.0,0.0,-0.9375
301,3,0.0,0.0,0.0,0.0,0.0,0.0,0.0,0.0,0.0,-3.75,0.0,1.875,0.0,3.75,13.125,0.0,0.0,0.0,0.0,0.0,-15.0,-2.8125,0.0,0.0,0.0,-3.75,0.0,0.0,0.0,0.0,0.0,3.75,0.9375,0.0,-1.875,0.0,0.0,0.0,3.75,0.0,0.0,0.0,0.0,-3.75,0.0,0.0,0.0,7.5,0.0,0.9375,0.0,7.5,0.0,0.9375,0.0,3.75,0.0,0.0,0.0,0.0,0.0,-3.75,0.0,0.0,0.0,0.0,0.0,0.0,-2.8125
301,4,0.0,0.0,0.0,0.0,0.0,0.0,0.0,0.0,0.0,-2.8125,-1.875,0.0,0.0,3.75,11.25,0.0,0.0,-3.75,3.75,0.0,-11.25,-1.875,0.0,0.0,0.0,-3.75,0.0,0.0,0.0,0.0,0.0,3.75,0.0,0.0,0.0,0.0,0.0,0.0,3.75,0.0,0.0,0.0,0.0,-3.75,0.0,0.0,0.0,3.75,0.0,0.9375,0.0,7.5,0.0,0.0,0.0,3.75,0.0,0.0,0.0,0.0,0.0,-1.875,0.0,0.0,0.0,0.0,0.0,0.0,-2.8125
301,5,0.0,0.0,0.0,0.0,0.0,0.0,0.0,0.0,0.0,-2.8125,-1.875,0.0,0.0,3.75,11.25,0.0,0.0,-3.75,3.75,0.0,-11.25,-1.875,0.0,0.0,0.0,-3.75,0.0,0.0,0.0,0.0,0.0,3.75,0.9375,0.0,-1.875,0.0,0.0,0.0,3.75,0.0,0.0,0.0,0.0,-3.75,0.0,0.0,0.0,3.75,0.0,0.9375,0.0,7.5,0.0,0.0,0.0,3.75,0.0,0.0,0.0,0.0,0.0,-1.875,0.0,0.0,0.0,0.0,0.0,0.0,-2.8125
302,3,0.0,0.0,0.0,0.0,0.0,-1.875,0.0,-3.75,0.0,-3.75,0.0,0.9375,0.0,2.8125,11.25,0.0,0.9375,0.0,0.0,0.0,15.0,-2.8125,0.0,0.0,0.0,-3.75,0.0,0.0,-0.9375,0.0,0.0,3.75,0.0,0.0,0.0,0.0,0.0,0.9375,0.9375,0.0,0.0,0.0,0.0,-6.5625,-1.875,0.0,0.0,5.625,0.0,0.0,0.0,3.75,0.0,0.0,0.0,0.9375,0.0,0.9375,0.0,0.0,0.0,-3.75,0.0,0.0,0.0,0.0,0.0,0.0,-3.75
302,4,0.0,0.0,0.0,0.0,0.0,-1.875,0.0,-3.75,0.0,-3.75,-3.75,0.9375,0.0,3.75,11.25,0.0,0.0,0.0,3.75,0.0,-7.5,0.0,0.0,0.0,0.0,-3.75,0.0,0.0,0.0,0.0,0.0,3.75,0.0,0.0,0.0,0.0,0.0,0.9375,0.9375,-1.875,0.0,0.0,0.0,-3.75,0.0,0.0,0.0,3.75,0.0,0.0,0.0,3.75,0.0,0.0,0.0,0.9375,0.0,0.9375,0.0,0.0,0.0,-3.75,0.0,0.0,0.0,0.0,0.0,0.0,-3.75
302,5,0.0,0.0,0.0,0.0,0.0,-1.875,0.0,-2.8125,0.0,-3.75,-3.75,0.9375,0.0,3.75,11.25,0.0,0.0,0.0,3.75,0.0,-3.75,0.0,0.0,0.0,0.0,-3.75,0.0,0.0,-1.875,0.0,0.0,3.75,0.0,0.0,0.0,0.0,0.0,0.9375,0.9375,-1.875,0.0,0.0,0.0,-5.625,0.0,0.0,0.0,3.75,0.0,0.0,0.0,3.75,0.0,0.0,0.0,0.9375,0.0,0.9375,0.0,0.0,0.0,-3.75,0.0,0.0,0.0,0.0,0.0,0.0,-3.75
303,3,0.0,0.0,0.0,0.0,0.0,-3.75,0.0,-5.625,0.0,-7.5,-1.875,1.875,0.0,0.0,8.4375,0.0,3.75,3.75,0.9375,0.0,15.0,-1.875,0.0,0.0,0.0,-1.875,-0.9375,0.0,-1.875,0.0,0.0,2.8125,0.0,0.0,-3.75,0.0,0.0,3.75,0.9375,-1.875,0.0,0.0,0.0,-7.5,-1.875,0.0,-1.875,3.75,0.0,0.0,0.0,3.75,0.0,-1.875,0.0,0.0,0.0,0.9375,0.9375,0.0,0.0,0.0,0.0,0.0,0.0,0.0,0.0,0.0,-5.625
303,4,0.0,0.0,0.0,0.0,0.0,-3.75,0.0,-3.75,0.0,-7.5,-3.75,0.9375,0.0,0.0,7.5,0.0,3.75,0.0,3.75,0.0,11.25,0.0,0.0,0.0,0.0,0.0,-1.875,0.0,-1.875,0.0,0.0,3.75,0.0,0.0,-1.875,0.0,0.0,3.75,0.9375,-3.75,0.0,0.0,0.0,-6.5625,-1.875,0.0,0.0,3.75,0.0,0.0,0.0,3.75,0.0,0.0,0.0,0.0,0.0,0.9375,1.875,0.0,0.0,0.0,0.0,0.0,0.0,0.0,0.0,0.0,-5.625
303,5,0.0,0.0,0.0,0.0,0.0,-3.75,0.0,-3.75,0.0,-7.5,-3.75,0.9375,0.0,0.0,7.5,0.0,3.75,0.0,3.75,0.0,11.25,0.0,0.0,0.0,0.0,-1.875,-1.875,0.0,-1.875,0.0,0.0,3.75,0.0,0.0,-1.875,0.0,0.0,3.75,0.9375,-3.75,0.0,0.0,0.0,-7.5,-1.875,0.0,0.0,3.75,0.0,0.0,0.0,3.75,0.0,0.0,0.0,0.0,0.0,0.9375,0.9375,0.0,0.0,0.0,0.0,0.0,0.0,0.0,0.0,0.0,-5.625
304,3,0.0,0.0,0.0,0.0,0.0,-3.75,0.0,-7.5,0.0,-9.375,-2.8125,0.0,0.0,0.0,4.6875,0.0,3.75,7.5,0.9375,0.0,15.0,0.0,0.0,0.0,0.0,0.0,-1.875,0.0,-1.875,0.0,0.0,0.9375,0.0,0.9375,-3.75,0.0,0.0,0.9375,0.0,-1.875,-1.875,0.0,0.9375,-7.5,0.0,0.0,-3.75,3.75,0.0,0.0,0.0,0.9375,0.0,-3.75,0.0,0.0,0.0,0.0,0.9375,0.0,0.0,0.0,0.0,0.0,0.0,0.0,0.0,0.0,-7.5
304,4,0.0,0.0,0.0,0.0,0.0,-3.75,0.0,-7.5,0.0,-7.5,-6.5625,0.0,0.0,0.0,4.6875,0.0,0.9375,3.75,1.875,0.0,12.1875,0.0,0.0,0.0,0.0,0.0,-2.8125,0.0,-1.875,0.0,0.0,0.9375,0.0,0.9375,-3.75,0.0,0.0,0.9375,0.0,-3.75,-1.875,0.0,0.0,-7.5,0.0,0.0,-3.75,1.875,0.0,0.0,0.0,0.9375,0.0,-3.75,0.0,0.0,0.0,0.0,1.875,0.0,0.0,0.0,0.0,0.0,0.0,0.0,0.0,0.0,-7.5
304,5,0.0,0.0,0.0,0.0,0.0,-3.75,0.0,-7.5,0.0,-7.5,-5.625,0.0,0.0,0.0,4.6875,0.0,0.9375,3.75,1.875,0.0,12.1875,0.0,0.0,0.0,0.0,0.0,-2.8125,0.0,-1.875,0.0,0.0,0.9375,0.0,0.9375,-3.75,0.0,0.0,1.875,0.0,-3.75,-1.875,0.0,0.0,-7.5,0.0,0.0,-3.75,0.9375,0.0,0.0,0.0,1.875,0.0,-3.75,0.0,0.0,0.0,0.0,0.9375,0.0,0.0,0.0,0.0,0.0,0.0,0.0,0.0,0.0,-7.5
305,3,0.0,0.0,0.0,0.0,0.0,-6.5625,0.0,-7.5,0.0,-11.25,-3.75,0.0,0.0,-1.875,3.75,0.0,3.75,7.5,0.0,0.0,13.125,0.0,0.0,0.0,0.0,0.0,-2.8125,0.0,-3.75,0.0,0.0,0.0,-1.875,0.9375,-3.75,0.0,0.0,0.0,0.0,-1.875,-2.8125,0.0,0.0,-7.5,0.0,0.0,-3.75,0.0,0.0,0.0,0.0,0.0,0.0,-3.75,0.0,0.0,0.0,0.0,0.9375,0.0,0.0,0.0,0.0,0.0,0.0,0.0,0.0,0.0,-9.375
305,4,0.0,0.0,0.0,0.0,0.0,-6.5625,0.0,-7.5,0.0,-9.375,-7.5,0.0,0.0,-1.875,3.75,0.0,3.75,3.75,0.0,0.0,11.25,0.0,0.0,0.0,0.0,0.0,-3.75,0.0,-3.75,0.0,0.0,0.0,-1.875,0.9375,-3.75,0.0,0.0,0.0,0.0,-3.75,-3.75,0.0,0.0,-3.75,0.0,0.0,-3.75,0.0,0.0,0.0,0.0,0.0,0.0,-3.75,0.0,0.0,0.0,0.0,0.0,0.0,0.0,0.0,0.0,0.0,0.0,0.0,0.0,0.0,-9.375
305,5,0.0,0.0,0.0,0.0,0.0,-6.5625,0.0,-7.5,0.0,-10.3125,-7.5,0.0,0.0,-1.875,3.75,0.0,3.75,3.75,0.0,0.0,11.25,0.0,0.0,0.0,0.0,0.0,-3.75,0.0,-3.75,0.0,0.0,0.0,-1.875,0.9375,-3.75,0.0,0.0,0.0,0.0,-3.75,-3.75,0.0,0.0,-3.75,0.0,0.0,-3.75,0.0,0.0,0.0,0.0,0.0,0.0,-3.75,0.0,0.0,0.0,0.0,0.0,0.0,0.0,0.0,0.0,0.0,0.0,0.0,0.0,0.0,-9.375
306,3,0.0,-1.875,0.0,0.0,0.0,-7.5,0.0,-10.3125,0.0,-11.25,-3.75,0.0,0.0,-3.75,0.9375,0.0,3.75,7.5,0.0,0.0,11.25,0.0,0.0,0.0,0.0,0.9375,-3.75,0.0,-3.75,0.0,0.0,0.0,-1.875,0.9375,0.0,0.0,0.0,0.0,0.0,0.0,-3.75,0.0,0.0,-3.75,0.0,0.0,-3.75,0.0,0.0,0.0,0.0,0.0,1.875,-3.75,0.0,0.0,0.0,0.0,0.9375,0.0,0.0,0.0,0.0,0.0,0.0,0.0,0.0,0.0,-11.25
306,4,0.0,-1.875,0.0,0.0,0.0,-7.5,0.0,-7.5,0.0,-11.25,-7.5,0.0,0.0,-3.75,0.9375,0.0,3.75,3.75,0.0,0.0,11.25,0.0,0.0,0.0,0.0,1.875,-3.75,0.0,-3.75,0.0,0.0,0.0,-1.875,1.875,0.0,0.0,0.0,0.0,0.0,0.0,-3.75,0.0,0.0,0.0,0.0,0.0,0.0,0.0,0.0,0.0,0.0,0.0,0.0,-3.75,0.0,0.0,0.0,0.0,0.0,0.0,0.0,0.0,0.0,0.0,0.0,0.0,0.0,0.0,-11.25
306,5,0.0,-1.875,0.0,0.0,0.0,-5.625,0.0,-7.5,0.0,-10.3125,-7.5,0.0,0.0,-3.75,0.9375,0.0,3.75,3.75,0.0,0.0,10.3125,0.0,0.0,0.0,0.0,0.9375,-3.75,0.0,-3.75,0.0,0.0,0.0,-2.8125,0.9375,0.0,0.0,0.0,0.0,0.0,0.0,-3.75,0.0,0.0,0.0,0.0,0.0,0.0,0.0,0.0,0.0,0.0,0.0,0.0,-3.75,0.0,0.0,0.0,0.0,0.0,0.0,0.0,0.0,0.0,0.0,0.0,0.0,0.0,0.0,-11.25
307,3,0.0,-3.75,0.0,0.0,0.0,-7.5,0.0,-10.3125,0.0,-11.25,-3.75,0.0,0.0,-3.75,-3.75,0.0,3.75,3.75,0.0,0.0,9.375,0.0,-1.875,0.0,0.0,1.875,-3.75,0.0,-5.625,0.0,0.0,0.0,-3.75,0.0,0.0,0.0,0.0,0.0,-1.875,1.875,-3.75,0.0,-3.75,0.0,0.0,0.0,-1.875,0.0,0.0,-3.75,0.0,0.0,3.75,-3.75,0.0,0.0,0.0,-1.875,0.0,0.0,0.0,0.0,0.0,0.0,0.0,0.0,0.0,0.0,-13.125
307,4,0.0,-3.75,0.0,0.0,0.0,-6.5625,0.0,-7.5,0.0,-7.5,-10.3125,-1.875,0.0,-3.75,0.0,0.0,3.75,3.75,-1.875,0.0,7.5,0.0,-1.875,0.0,0.0,0.9375,-3.75,0.0,-3.75,0.0,0.0,0.0,-3.75,0.0,0.0,0.0,0.0,0.0,-1.875,0.0,-7.5,0.0,-3.75,3.75,0.0,0.0,0.0,0.0,0.0,-3.75,0.0,0.0,0.0,-3.75,0.0,0.0,0.0,0.0,0.0,0.0,0.0,0.0,0.0,0.0,0.0,0.0,0.0,0.0,-14.0625
307,5,0.0,-3.75,0.0,0.0,0.0,-7.5,0.0,-7.5,0.0,-6.5625,-7.5,-1.875,0.0,-3.75,0.0,0.0,3.75,3.75,-1.875,0.0,7.5,0.0,-1.875,0.0,0.0,0.9375,-3.75,0.0,-3.75,0.0,0.0,0.0,-3.75,0.0,0.0,0.0,0.0,0.0,-1.875,0.0,-6.5625,0.0,-3.75,3.75,0.0,0.0,0.0,0.0,0.0,-3.75,0.0,0.0,0.0,-3.75,0.0,0.0,0.0,0.0,0.0,0.0,0.0,0.0,0.0,0.0,0.0,0.0,0.0,0.0,-13.125
308,3,0.0,-3.75,0.0,0.0,0.0,-3.75,0.0,3.75,0.0,-10.3125,1.875,0.0,0.0,-5.625,-3.75,0.0,0.9375,3.75,-1.875,0.0,7.5,0.0,-1.875,0.0,0.0,3.75,-2.8125,0.0,-7.5,0.0,0.0,0.0,-2.8125,0.0,3.75,0.0,0.0,0.0,-3.75,3.75,-3.75,0.0,-3.75,3.75,0.0,0.0,-1.875,0.0,-1.875,-3.75,0.0,0.0,5.625,-1.875,0.0,0.0,0.0,-2.8125,-1.875,0.0,0.0,0.0,0.0,0.0,0.0,0.0,0.0,0.0,-15.0
308,4,0.0,-3.75,0.0,0.0,0.0,-3.75,0.0,0.0,0.0,3.75,-10.3125,-3.75,0.0,-3.75,-3.75,0.0,0.9375,3.75,-3.75,0.0,5.625,0.0,-1.875,0.0,0.0,3.75,-3.75,0.0,-6.5625,0.0,0.0,0.0,-1.875,0.0,3.75,0.0,0.0,0.0,-3.75,3.75,-7.5,0.0,-3.75,4.6875,0.0,0.0,0.0,0.0,-1.875,-3.75,0.0,0.0,3.75,0.0,0.0,0.0,0.0,-1.875,-1.875,0.0,0.0,0.0,0.0,0.0,0.0,0.0,0.0,0.0,-15.0
308,5,0.0,-3.75,0.0,0.0,0.0,-3.75,0.0,0.0,0.0,0.0,-7.5,-3.75,0.0,-3.75,-3.75,0.0,0.9375,3.75,-3.75,0.0,5.625,0.0,-1.875,0.0,0.0,3.75,-3.75,0.0,-6.5625,0.0,0.0,0.0,-2.8125,0.0,3.75,0.0,0.0,0.0,-3.75,3.75,-7.5,0.0,-3.75,7.5,0.0,0.0,0.0,0.0,-2.8125,-3.75,0.0,0.0,3.75,0.0,0.0,0.0,0.0,-2.8125,-1.875,0.0,0.0,0.0,0.0,0.0,0.0,0.0,0.0,0.0,-15.0
309,3,0.0,-6.5625,0.0,0.0,0.0,3.75,0.0,8.4375,0.0,1.875,11.25,0.0,0.0,-5.625,-3.75,0.0,0.9375,3.75,-2.8125,0.0,5.625,-2.8125,-3.75,0.0,0.0,1.875,-1.875,0.0,-7.5,0.0,0.0,0.0,0.0,0.0,3.75,0.0,0.0,0.0,-3.75,3.75,-3.75,0.0,-7.5,7.5,0.0,0.0,0.0,0.0,-2.8125,0.0,0.0,0.0,5.625,0.0,0.0,0.0,0.0,-3.75,-3.75,0.0,0.0,1.875,0.0,0.0,0.0,0.0,0.0,0.0,-16.875
309,4,0.0,-6.5625,0.0,0.0,0.0,3.75,0.0,7.5,0.0,7.5,-7.5,-3.75,0.0,-3.75,-3.75,0.0,0.0,3.75,-3.75,0.0,3.75,-1.875,-1.875,0.0,0.0,0.9375,-3.75,0.0,-7.5,0.0,0.0,0.0,0.0,0.0,3.75,0.0,0.0,0.0,-3.75,3.75,-7.5,0.0,-5.625,7.5,0.0,0.0,0.0,0.0,-3.75,0.0,0.0,0.0,3.75,0.0,0.0,0.0,0.0,-1.875,-3.75,0.0,0.0,0.0,0.0,0.0,0.0,0.0,0.0,0.0,-16.875
309,5,0.0,-6.5625,0.0,0.0,0.0,3.75,0.0,7.5,0.0,4.6875,0.0,-3.75,0.0,-3.75,-3.75,0.0,0.0,3.75,-3.75,0.0,3.75,-2.8125,-3.75,0.0,0.0,1.875,-3.75,0.0,-7.5,0.0,0.0,0.0,0.0,0.0,3.75,0.0,0.0,0.0,-3.75,3.75,-7.5,0.0,-5.625,7.5,0.0,0.0,0.0,0.0,-3.75,0.0,0.0,0.0,3.75,0.0,0.0,0.0,0.0,-3.75,-3.75,0.0,0.0,0.0,0.0,0.0,0.0,0.0,0.0,0.0,-15.0
310,3,0.0,-7.5,0.0,-2.8125,0.0,7.5,0.0,9.375,0.0,3.75,13.125,0.0,0.0,-3.75,-3.75,0.0,0.0,0.9375,-3.75,0.0,3.75,-3.75,-1.875,0.0,0.0,0.9375,0.0,0.0,-7.5,0.0,0.0,0.0,0.0,0.0,3.75,0.0,0.0,0.0,-3.75,0.9375,-3.75,0.0,-7.5,4.6875,0.0,0.0,0.0,0.0,-3.75,-1.875,0.0,0.0,4.6875,0.0,0.0,0.0,0.0,-1.875,-6.5625,0.0,0.0,0.0,0.0,0.0,0.0,0.0,0.0,0.0,-18.75
310,4,0.0,-7.5,0.0,-2.8125,0.0,4.6875,0.0,7.5,0.0,7.5,11.25,-1.875,0.0,-1.875,0.0,0.0,0.0,0.9375,-3.75,0.0,3.75,-3.75,0.0,0.0,0.0,0.9375,0.0,0.0,-3.75,0.0,0.0,0.0,0.0,0.0,3.75,0.0,0.0,0.0,-3.75,1.875,-7.5,0.0,-7.5,4.6875,0.0,0.0,0.0,0.0,-3.75,0.0,0.0,0.0,3.75,0.0,0.0,0.0,0.0,-1.875,-6.5625,0.0,0.0,0.0,0.0,0.0,0.0,0.0,0.0,0.0,-18.75
310,5,0.0,-7.5,0.0,-2.8125,0.0,7.5,0.0,7.5,0.0,7.5,11.25,-1.875,0.0,-1.875,0.0,0.0,0.0,0.9375,-3.75,0.0,3.75,-3.75,0.0,0.0,0.0,0.9375,0.0,0.0,-6.5625,0.0,0.0,0.0,0.0,0.0,3.75,0.0,0.0,0.0,-3.75,3.75,-7.5,0.0,-7.5,7.5,0.0,0.0,0.0,0.0,-3.75,-1.875,0.0,0.0,3.75,0.0,0.0,0.0,0.0,-1.875,-6.5625,0.0,0.0,0.0,0.0,0.0,0.0,0.0,0.0,0.0,-17.8125
311,3,0.0,-10.3125,0.0,-3.75,0.0,7.5,0.0,7.5,0.0,3.75,15.0,3.75,0.0,-2.8125,-1.875,0.0,0.0,0.0,-3.75,0.0,0.9375,-5.625,3.75,0.0,0.0,0.0,0.0,0.0,-7.5,0.0,0.0,0.0,0.0,0.0,3.75,0.0,0.0,0.0,-3.75,0.9375,-3.75,0.0,-9.375,3.75,0.0,0.0,0.0,0.0,-3.75,0.0,0.0,0.0,4.6875,0.0,0.0,0.0,0.0,0.0,-10.3125,0.0,0.0,3.75,0.0,0.0,0.0,0.0,0.0,0.0,-18.75
311,4,0.0,-10.3125,0.0,-3.75,0.0,7.5,0.0,7.5,0.0,4.6875,15.0,0.0,0.0,0.0,0.0,0.0,-1.875,0.0,-3.75,0.0,0.9375,-3.75,0.0,0.0,0.0,0.0,0.0,0.0,-3.75,0.0,0.0,0.0,0.0,0.0,3.75,0.0,0.0,0.0,0.0,0.9375,-7.5,0.0,-7.5,4.6875,-1.875,0.0,0.0,0.0,-7.5,0.0,0.0,0.0,3.75,0.0,0.0,0.0,0.0,-1.875,-7.5,0.0,0.0,1.875,0.0,0.0,0.0,0.0,0.0,0.0,-18.75
311,5,0.0,-10.3125,0.0,-3.75,0.0,5.625,0.0,7.5,0.0,4.6875,13.125,0.0,0.0,0.0,0.0,0.0,-1.875,0.0,-3.75,0.0,0.9375,-3.75,0.0,-1.875,0.0,0.0,0.0,0.0,-3.75,0.0,0.0,0.0,0.0,0.0,3.75,0.0,0.0,0.0,0.0,0.9375,-3.75,0.0,-7.5,4.6875,-1.875,0.0,0.0,0.0,-6.5625,0.0,0.0,0.0,3.75,0.0,0.0,0.0,0.0,-1.875,-7.5,0.0,0.0,1.875,0.0,0.0,0.0,0.0,0.0,0.0,-17.8125
312,3,0.0,-11.25,0.0,-6.5625,0.0,4.6875,0.0,7.5,0.0,3.75,13.125,4.6875,0.0,0.0,0.0,0.0,0.0,0.0,-5.625,0.0,0.0,-7.5,7.5,0.0,0.0,0.0,0.0,0.0,3.75,0.0,0.0,-0.9375,0.0,-1.875,3.75,0.0,0.0,0.0,0.0,0.9375,3.75,0.0,-9.375,3.75,0.0,0.0,-3.75,0.0,-6.5625,0.0,0.0,0.0,3.75,0.0,0.0,0.0,0.0,0.0,-11.25,0.0,0.0,3.75,0.0,0.0,0.0,0.0,0.0,0.0,-21.5625
312,4,0.0,-11.25,0.0,-6.5625,0.0,4.6875,0.0,7.5,0.0,3.75,15.0,3.75,0.0,3.75,0.0,0.0,-3.75,0.0,-3.75,0.0,0.0,-7.5,3.75,-3.75,0.0,0.0,0.0,0.0,0.0,0.0,0.0,0.0,0.0,0.0,3.75,0.0,0.0,0.0,0.0,0.0,0.0,0.0,-7.5,3.75,-3.75,0.0,-3.75,0.0,-7.5,0.0,0.0,0.0,3.75,0.0,0.0,0.0,0.0,0.0,-11.25,0.0,0.0,3.75,0.0,0.0,0.0,0.0,0.0,0.0,-18.75
312,5,0.0,-11.25,0.0,-6.5625,0.0,4.6875,0.0,7.5,0.0,3.75,14.0625,3.75,0.0,3.75,0.0,0.0,-3.75,0.0,-3.75,0.0,0.0,-7.5,3.75,-3.75,0.0,0.0,0.0,0.0,0.0,0.0,0.0,-0.9375,0.0,-1.875,3.75,0.0,0.0,0.0,0.0,0.0,0.9375,0.0,-7.5,3.75,-3.75,0.0,-3.75,0.0,-7.5,0.0,0.0,0.0,3.75,0.0,0.0,0.0,0.0,0.0,-11.25,0.0,0.0,3.75,0.0,0.0,0.0,0.0,0.0,0.0,-18.75
313,3,0.0,-14.0625,0.0,-7.5,0.0,3.75,0.0,4.6875,0.0,0.9375,12.1875,4.6875,0.0,0.0,0.0,0.0,1.875,0.0,-3.75,0.0,0.0,-7.5,7.5,0.0,0.0,0.0,0.0,0.0,7.5,0.0,0.0,-2.8125,0.0,-2.8125,3.75,0.0,0.0,0.0,0.0,3.75,3.75,0.0,-7.5,2.8125,0.0,0.0,-6.5625,0.0,-7.5,0.0,0.0,0.0,3.75,0.9375,0.0,0.0,0.0,0.0,-14.0625,0.0,0.0,3.75,0.0,-1.875,0.0,0.0,0.0,0.0,23.4375
313,4,0.0,-15.0,0.0,-7.5,0.0,3.75,0.0,4.6875,0.0,3.75,13.125,3.75,0.0,3.75,0.0,0.0,-1.875,0.0,0.0,0.0,0.0,-7.5,7.5,-3.75,0.0,0.0,0.0,0.0,3.75,0.0,0.0,-3.75,0.0,-2.8125,3.75,0.0,0.0,0.0,0.9375,0.0,7.5,0.0,-3.75,3.75,-1.875,0.0,-3.75,0.0,-10.3125,0.0,0.0,0.0,3.75,0.0,0.0,0.0,0.0,0.0,-11.25,0.0,0.0,3.75,0.0,-1.875,0.0,0.0,0.0,0.0,-18.75
313,5,0.0,-14.0625,0.0,-7.5,0.0,3.75,0.0,4.6875,0.0,3.75,13.125,3.75,0.0,3.75,0.0,0.0,-1.875,0.0,0.0,0.0,0.0,-7.5,7.5,-3.75,0.0,0.0,0.0,0.0,3.75,0.0,0.0,-3.75,0.0,-2.8125,3.75,0.0,0.0,0.0,0.9375,0.0,7.5,0.0,-3.75,3.75,-1.875,0.0,-3.75,0.0,-10.3125,0.0,0.0,0.0,3.75,0.0,0.0,0.0,0.0,0.0,-11.25,0.0,0.0,3.75,0.0,-1.875,0.0,0.0,0.0,0.0,-15.0
314,3,0.0,-15.0,0.0,-9.375,0.0,3.75,0.0,3.75,0.0,0.0,11.25,3.75,0.0,0.0,0.0,0.0,3.75,0.0,-3.75,0.0,0.0,-7.5,7.5,-1.875,0.0,0.0,0.0,0.0,7.5,0.0,0.0,-3.75,0.0,-3.75,0.9375,0.0,0.0,0.0,0.0,3.75,4.6875,0.0,-7.5,0.9375,0.0,0.0,-7.5,0.0,-7.5,-1.875,0.0,0.0,0.9375,0.9375,0.0,0.0,0.0,0.0,-15.0,0.0,0.0,3.75,0.0,-3.75,0.0,-1.875,0.0,0.0,23.4375
314,4,0.0,-15.0,0.0,-9.375,0.0,3.75,0.0,3.75,0.0,0.9375,11.25,3.75,0.0,3.75,0.0,0.0,0.0,0.0,3.75,0.0,-1.875,-7.5,7.5,-3.75,0.0,0.0,0.0,0.0,3.75,0.0,-1.875,-3.75,0.0,-3.75,0.9375,0.0,0.0,0.0,0.9375,0.9375,7.5,0.0,0.0,0.0,0.0,0.0,-7.5,0.0,-11.25,0.0,0.0,0.0,0.9375,0.0,0.0,0.0,0.0,0.0,-11.25,0.0,0.0,3.75,0.0,-3.75,0.0,-1.875,-1.875,0.0,15.0
314,5,0.0,-15.0,0.0,-9.375,0.0,3.75,0.0,3.75,0.0,0.9375,11.25,3.75,0.0,3.75,0.0,0.0,0.0,0.0,3.75,0.0,-1.875,-7.5,7.5,-3.75,0.0,0.0,0.0,0.0,3.75,0.0,-1.875,-3.75,0.0,-3.75,0.9375,0.0,0.0,0.0,0.9375,0.9375,7.5,0.0,0.0,0.9375,0.0,0.0,-7.5,0.0,-10.3125,0.0,0.0,0.0,0.9375,0.0,0.0,0.0,0.0,0.0,-11.25,0.0,0.0,3.75,0.0,-3.75,0.0,-1.875,-1.875,0.0,11.25
315,3,0.0,-17.8125,0.0,-11.25,0.0,0.9375,0.0,0.9375,0.0,0.0,8.4375,3.75,0.0,0.0,0.0,0.0,4.6875,0.0,0.0,0.0,-2.8125,-7.5,7.5,-3.75,0.0,0.0,0.0,0.0,7.5,0.0,-1.875,-6.5625,0.0,-7.5,0.9375,0.0,0.0,-1.875,0.0,0.9375,3.75,0.0,-3.75,0.0,0.0,0.0,-11.25,0.0,-7.5,-1.875,0.0,0.0,0.0,3.75,0.0,0.0,0.0,0.0,-15.0,0.0,0.0,3.75,0.0,-3.75,0.0,-1.875,0.0,-0.9375,23.4375
315,4,0.0,-17.8125,0.0,-11.25,0.0,0.9375,0.0,0.9375,0.0,0.0,8.4375,0.9375,0.0,1.875,0.0,0.0,1.875,0.0,3.75,0.0,-3.75,-5.625,4.6875,-3.75,0.0,0.0,0.0,0.0,3.75,0.0,-3.75,-7.5,0.0,-7.5,0.0,0.0,0.0,-1.875,0.9375,0.0,7.5,0.0,0.0,0.0,0.0,0.0,-11.25,0.0,-11.25,0.0,0.0,0.0,0.0,0.9375,0.0,0.0,0.0,0.0,-11.25,0.0,0.0,3.75,0.0,-3.75,0.0,-3.75,-1.875,-1.875,15.0
315,5,0.0,-16.875,0.0,-10.3125,0.0,0.9375,0.0,1.875,0.0,0.0,8.4375,1.875,0.0,1.875,0.0,0.0,0.9375,0.0,3.75,0.0,-3.75,-5.625,5.625,-5.625,0.0,0.0,0.0,0.0,3.75,0.0,-3.75,-7.5,0.0,-6.5625,0.9375,0.0,0.0,-1.875,0.9375,1.875,7.5,0.0,0.9375,0.0,1.875,0.0,-10.3125,0.0,-11.25,0.0,0.0,0.0,0.0,3.75,0.0,0.0,0.0,0.0,-3.75,0.0,0.0,3.75,0.0,-3.75,0.0,-3.75,-2.8125,-1.875,11.25
316,3,0.0,-18.75,0.0,-11.25,0.0,0.0,0.0,0.0,0.0,0.0,7.5,0.0,0.0,0.0,0.0,0.0,5.625,-1.875,0.0,0.0,-1.875,-7.5,4.6875,-3.75,0.0,-1.875,0.0,0.0,7.5,0.0,-2.8125,-8.4375,0.0,-9.375,0.0,0.0,0.0,-3.75,0.0,1.875,3.75,0.0,0.0,0.0,0.9375,0.0,-14.0625,0.0,11.25,0.0,0.0,0.0,0.0,3.75,0.0,0.0,0.0,0.0,15.0,0.0,0.0,0.9375,0.0,-6.5625,0.0,-2.8125,0.0,-2.8125,24.375
316,4,0.0,-18.75,0.0,-11.25,0.0,0.0,0.0,0.0,0.0,0.0,7.5,0.0,0.0,0.9375,0.0,0.0,3.75,-1.875,3.75,0.0,-3.75,-3.75,3.75,-6.5625,0.0,-1.875,0.0,0.0,3.75,0.0,-3.75,-9.375,0.0,-7.5,0.0,0.0,0.0,-3.75,0.0,0.0,7.5,0.0,0.9375,0.0,3.75,0.0,-11.25,0.0,-11.25,0.0,0.0,0.0,0.0,3.75,0.0,0.0,0.0,0.0,11.25,0.0,0.0,0.9375,0.0,-6.5625,-1.875,-3.75,-3.75,-3.75,13.125
316,5,0.0,-18.75,0.0,-11.25,0.0,0.0,0.0,0.0,0.0,0.0,7.5,0.0,0.0,0.9375,0.0,0.0,3.75,-1.875,3.75,0.0,-3.75,-3.75,3.75,-6.5625,0.0,-1.875,0.0,0.0,3.75,0.0,-3.75,-9.375,0.0,-7.5,0.0,0.0,0.0,-3.75,0.0,0.9375,7.5,0.0,0.9375,0.0,3.75,0.0,-11.25,0.0,-9.375,0.0,0.0,0.0,0.0,3.75,0.0,0.0,0.0,0.0,11.25,0.0,0.0,0.9375,0.0,-6.5625,-1.875,-3.75,-3.75,-3.75,7.5
317,3,0.0,-20.625,0.0,-11.25,0.0,0.0,0.0,0.0,0.0,0.0,4.6875,0.0,0.0,0.0,0.0,0.0,4.6875,0.0,0.0,0.0,0.0,-3.75,3.75,-3.75,0.0,-2.8125,0.0,0.0,3.75,0.0,-3.75,-11.25,0.0,-11.25,0.0,0.0,0.0,-3.75,0.0,0.0,3.75,0.0,0.0,0.0,0.9375,0.0,-15.0,0.0,13.125,0.0,0.0,0.0,-1.875,3.75,0.0,0.0,0.0,0.9375,13.125,0.0,0.0,0.0,0.0,-7.5,-1.875,-3.75,-1.875,-3.75,24.375
317,4,0.0,-18.75,0.0,-7.5,0.0,0.0,0.0,0.0,0.0,0.0,4.6875,0.0,0.0,0.0,0.0,0.0,3.75,0.0,3.75,0.0,0.0,0.0,3.75,-3.75,0.0,-1.875,0.0,0.0,3.75,0.0,-7.5,-11.25,0.0,-11.25,0.0,0.0,0.0,-3.75,0.0,0.0,4.6875,0.0,0.0,-1.875,3.75,0.0,-14.0625,0.0,13.125,0.0,0.0,-1.875,-1.875,3.75,0.0,0.0,0.0,0.0,11.25,0.0,0.0,0.0,0.0,-7.5,-3.75,-3.75,-3.75,-3.75,11.25
317,5,0.0,-17.8125,0.0,-7.5,0.0,0.0,0.0,0.0,0.0,0.0,4.6875,0.0,0.0,0.0,0.0,0.0,3.75,0.0,3.75,0.0,0.0,0.0,3.75,-5.625,0.0,-2.8125,0.0,0.0,3.75,0.0,-7.5,-11.25,0.0,-11.25,0.0,0.0,0.0,-3.75,0.0,0.0,4.6875,0.0,0.0,-1.875,3.75,0.0,-14.0625,0.0,11.25,0.0,0.0,-1.875,-2.8125,3.75,0.0,0.0,0.0,0.0,11.25,0.0,0.0,0.0,0.0,-7.5,-3.75,-3.75,-3.75,-3.75,7.5
318,3,0.0,19.6875,0.0,11.25,0.0,0.0,0.0,-1.875,0.0,0.0,3.75,-1.875,0.0,0.0,0.0,0.0,3.75,-3.75,0.0,0.0,3.75,-1.875,2.8125,-3.75,0.0,-1.875,0.0,0.0,3.75,0.0,-3.75,-13.125,0.0,-13.125,0.0,0.0,0.0,-7.5,0.0,-1.875,1.875,0.0,-3.75,0.0,0.0,0.0,-16.875,0.0,14.0625,0.0,0.0,-1.875,-3.75,0.9375,0.0,0.0,0.0,0.0,11.25,0.0,0.0,0.0,0.0,-9.375,-2.8125,-3.75,-1.875,-5.625,24.375
318,4,0.0,18.75,0.0,7.5,0.0,0.0,0.0,-1.875,0.0,0.0,3.75,-1.875,0.0,0.0,0.0,0.0,3.75,-3.75,3.75,0.0,1.875,0.0,0.0,0.0,0.0,-1.875,0.0,0.0,3.75,0.0,-8.4375,-14.0625,0.0,-12.1875,0.0,0.0,0.0,-7.5,0.0,-1.875,3.75,0.0,0.0,-2.8125,1.875,0.0,-15.0,0.0,15.0,0.0,0.0,-3.75,-3.75,0.9375,0.0,0.0,0.0,0.0,11.25,0.0,0.0,0.0,0.0,-9.375,-3.75,-6.5625,-3.75,-6.5625,11.25
318,5,0.0,16.875,0.0,7.5,0.0,0.0,0.0,-1.875,0.0,0.0,3.75,-1.875,0.0,0.0,0.0,0.0,3.75,-3.75,3.75,0.0,3.75,0.0,0.0,0.0,0.0,-1.875,0.0,0.0,3.75,0.0,-7.5,-13.125,0.0,-13.125,0.0,0.0,0.0,-7.5,0.0,-1.875,3.75,0.0,0.0,-2.8125,1.875,0.0,-11.25,0.0,15.0,0.0,0.0,-3.75,-3.75,0.9375,0.0,0.0,0.0,0.0,9.375,0.0,0.0,0.0,0.0,-9.375,-3.75,-6.5625,-6.5625,-5.625,3.75
319,3,0.0,18.75,0.0,11.25,0.0,0.0,0.0,-3.75,0.0,0.0,0.9375,-1.875,0.0,0.0,-2.8125,0.0,1.875,-3.75,0.0,0.0,5.625,0.0,3.75,0.0,0.0,0.0,0.0,0.0,0.9375,0.0,-6.5625,-15.0,0.0,-15.0,0.0,0.0,0.0,-8.4375,0.0,-3.75,0.9375,0.0,-3.75,0.0,0.0,0.0,-16.875,0.0,13.125,0.9375,0.0,-3.75,-3.75,0.0,0.0,0.0,0.0,0.0,11.25,0.0,0.0,0.0,0.0,-11.25,-3.75,-6.5625,-3.75,-6.5625,-26.25
319,4,0.0,18.75,0.0,11.25,0.0,0.0,0.0,-3.75,0.0,0.0,1.875,0.0,0.0,0.0,-1.875,0.0,0.9375,-3.75,0.9375,0.0,3.75,0.0,0.0,3.75,0.0,0.0,0.0,0.0,3.75,0.0,-11.25,-15.0,0.0,-15.0,0.0,0.0,0.0,-7.5,0.0,-3.75,3.75,0.0,0.0,-1.875,0.9375,0.0,-9.375,0.0,13.125,0.9375,0.0,-3.75,-6.5625,0.0,0.0,0.0,0.0,0.0,9.375,0.0,0.0,0.0,0.0,-11.25,-3.75,-7.5,-7.5,-7.5,15.0
319,5,0.0,18.75,0.0,11.25,0.0,0.0,0.0,-3.75,0.0,0.0,1.875,0.0,0.0,0.0,-1.875,0.0,0.9375,-3.75,0.9375,0.0,3.75,0.0,0.9375,3.75,0.0,0.0,0.0,0.0,3.75,0.0,-11.25,-15.0,0.0,-14.0625,0.0,0.0,0.0,-7.5,0.0,-3.75,3.75,0.0,0.0,-1.875,0.0,0.0,-7.5,0.0,12.1875,0.9375,0.0,-3.75,-6.5625,0.0,0.0,0.0,0.0,0.0,9.375,0.0,0.0,0.0,0.0,-11.25,-3.75,-7.5,-7.5,-7.5,5.625
320,3,0.0,16.875,0.0,11.25,0.0,0.0,0.0,-3.75,0.0,0.0,0.0,0.0,0.0,0.0,-3.75,0.0,0.0,-3.75,0.0,0.0,3.75,0.0,3.75,3.75,0.0,0.0,0.0,0.0,0.9375,0.0,-6.5625,-15.9375,0.0,-15.9375,0.0,0.0,0.0,-11.25,0.0,-6.5625,0.0,0.0,-3.75,0.9375,0.0,0.0,15.0,3.75,11.25,3.75,0.0,-3.75,-6.5625,0.0,0.0,0.0,0.0,0.9375,7.5,0.0,0.0,0.0,0.0,-11.25,-3.75,-7.5,-3.75,-9.375,-26.25
320,4,0.0,16.875,0.0,11.25,0.0,0.0,0.0,-3.75,0.0,0.0,0.0,0.0,0.0,0.0,-3.75,0.0,0.0,-3.75,0.0,0.0,3.75,0.0,0.9375,7.5,0.0,0.0,0.0,0.0,0.9375,0.0,-11.25,-16.875,0.0,-15.0,0.0,0.0,0.0,-11.25,0.0,-6.5625,0.9375,0.0,0.0,0.0,0.0,0.0,11.25,0.0,11.25,3.75,0.0,-6.5625,-7.5,0.0,0.0,0.0,0.0,0.9375,7.5,0.0,0.0,0.0,0.0,-11.25,-6.5625,-7.5,-7.5,-11.25,15.0
320,5,0.0,15.9375,0.0,8.4375,0.0,0.0,0.0,-3.75,0.0,0.0,0.0,0.0,0.0,0.0,-3.75,0.0,0.0,-3.75,0.0,0.0,3.75,0.0,0.9375,7.5,0.0,0.0,0.0,0.0,0.9375,0.0,-11.25,-15.0,0.0,-15.0,0.0,0.0,0.0,-11.25,0.0,-6.5625,0.9375,0.0,0.0,0.0,0.0,0.0,9.375,0.0,11.25,3.75,0.0,-6.5625,-7.5,0.0,0.0,0.0,0.0,0.9375,7.5,0.0,0.0,0.0,0.0,-11.25,-6.5625,-7.5,-9.375,-11.25,9.375
321,3,0.0,15.0,0.0,8.4375,0.0,0.0,0.0,-4.6875,0.0,0.0,0.0,3.75,0.0,0.0,-3.75,0.0,0.0,-7.5,0.0,0.0,3.75,0.0,0.9375,3.75,0.0,3.75,-1.875,0.0,0.9375,0.0,-5.625,-15.0,0.0,-17.8125,0.0,0.0,0.0,-11.25,0.0,-9.375,0.0,0.0,-3.75,0.9375,-1.875,0.0,12.1875,3.75,7.5,0.9375,0.0,-6.5625,-7.5,-1.875,0.0,0.0,0.0,0.0,4.6875,0.0,0.0,0.0,0.0,-11.25,-3.75,-5.625,-5.625,-13.125,22.5
321,4,0.0,15.0,0.0,7.5,0.0,0.0,0.0,-3.75,0.0,0.0,0.0,0.9375,0.0,0.0,-3.75,0.0,0.0,-7.5,0.0,0.0,3.75,0.0,0.0,7.5,0.0,3.75,-2.8125,0.0,0.0,0.0,-11.25,-15.0,0.0,-15.0,0.0,0.0,0.0,-11.25,0.0,-7.5,0.0,0.0,0.0,0.0,0.0,0.0,11.25,3.75,8.4375,3.75,0.0,-7.5,-10.3125,-3.75,0.0,0.0,0.0,1.875,3.75,0.0,0.0,0.0,0.0,-11.25,-7.5,-10.3125,-11.25,-14.0625,15.0
321,5,0.0,15.0,0.0,8.4375,0.0,0.0,0.0,-3.75,0.0,0.0,0.0,0.9375,0.0,0.0,-3.75,0.0,0.0,-6.5625,0.0,0.0,3.75,0.0,0.0,7.5,0.0,3.75,-2.8125,0.0,0.9375,0.0,-11.25,-14.0625,0.0,-15.0,0.0,0.0,0.0,-11.25,0.0,-7.5,0.0,0.0,0.0,0.0,0.0,0.0,11.25,3.75,7.5,3.75,0.0,-7.5,-10.3125,-3.75,0.0,0.0,0.0,1.875,3.75,0.0,0.0,0.0,0.0,-11.25,-7.5,-11.25,-11.25,-13.125,9.375
322,3,0.0,13.125,0.0,7.5,0.0,0.0,0.0,-5.625,0.0,0.0,0.0,3.75,0.0,0.0,-6.5625,0.0,-1.875,-7.5,0.0,0.0,3.75,-1.875,0.0,0.9375,0.0,3.75,-3.75,0.0,0.0,0.0,-3.75,-15.0,0.0,18.75,0.0,0.0,0.0,-14.0625,0.0,-11.25,0.0,0.0,0.0,1.875,-1.875,0.0,11.25,3.75,5.625,0.0,0.0,-6.5625,-9.375,-3.75,0.0,0.0,0.0,0.9375,3.75,0.0,0.0,0.0,0.0,-11.25,-3.75,-6.5625,-7.5,-15.0,19.6875
322,4,0.0,14.0625,0.0,7.5,0.0,0.0,0.0,-3.75,0.0,0.0,0.0,3.75,0.0,-1.875,-3.75,0.0,0.0,-7.5,0.0,0.0,3.75,-1.875,0.0,7.5,0.0,0.9375,-3.75,0.0,0.0,0.0,-11.25,-9.375,0.0,-15.0,0.0,0.0,0.0,-11.25,0.0,-11.25,0.0,0.0,0.9375,0.0,-1.875,0.0,11.25,3.75,7.5,0.0,0.0,-7.5,-11.25,-3.75,0.0,0.0,0.0,0.0,3.75,0.0,0.0,0.0,0.0,-12.1875,-7.5,-11.25,-14.0625,-15.0,15.0
322,5,0.0,13.125,0.0,7.5,0.0,0.0,0.0,-3.75,0.0,0.0,0.0,3.75,0.0,-1.875,-3.75,0.0,0.0,-7.5,0.0,0.0,3.75,-1.875,0.0,7.5,0.0,0.9375,-3.75,0.0,0.0,0.0,-10.3125,-7.5,0.0,-11.25,0.0,0.0,0.0,-13.125,0.0,-11.25,0.0,0.0,3.75,0.0,-1.875,0.0,11.25,3.75,7.5,0.0,0.0,-7.5,-11.25,-3.75,0.0,0.0,0.0,1.875,3.75,0.0,0.0,0.0,0.0,-11.25,-7.5,-11.25,-14.0625,-15.0,9.375
323,3,0.0,11.25,0.0,4.6875,0.0,0.0,0.0,-3.75,0.0,0.0,0.0,3.75,0.0,0.0,-7.5,0.0,-2.8125,-9.375,0.0,0.0,0.9375,-3.75,0.9375,0.9375,0.0,3.75,-3.75,0.0,0.0,0.0,0.0,-11.25,0.0,18.75,0.0,0.0,0.0,-14.0625,0.0,-13.125,0.0,0.0,0.0,0.9375,0.0,0.0,9.375,3.75,3.75,0.0,0.0,-7.5,-11.25,-5.625,0.0,0.0,0.0,1.875,0.0,0.0,0.0,0.0,0.0,-11.25,-3.75,-7.5,-7.5,-16.875,16.875
323,4,0.0,11.25,0.0,4.6875,0.0,0.0,0.0,-3.75,0.0,0.0,0.0,3.75,0.0,-3.75,-3.75,0.0,0.0,-7.5,0.0,0.0,0.9375,-3.75,0.0,3.75,0.0,0.9375,-3.75,0.0,0.0,0.0,0.0,3.75,-1.875,15.0,0.0,0.0,0.0,-11.25,0.0,-13.125,0.0,0.0,3.75,0.0,-1.875,0.0,8.4375,3.75,4.6875,0.0,0.0,-7.5,-13.125,-7.5,0.0,0.0,0.0,0.9375,0.9375,0.0,0.0,0.0,0.0,-11.25,-9.375,-12.1875,-15.0,-18.75,9.375
323,5,0.0,11.25,0.0,4.6875,0.0,0.0,0.0,-3.75,0.0,0.0,0.0,3.75,0.0,-3.75,-3.75,0.0,0.0,-7.5,0.0,0.0,0.9375,-3.75,0.0,3.75,0.0,0.9375,-3.75,0.0,0.0,0.0,0.0,0.0,0.0,13.125,0.0,0.0,0.0,-11.25,0.0,-13.125,0.0,0.0,3.75,0.0,-1.875,0.0,8.4375,3.75,4.6875,0.0,0.0,-7.5,-13.125,-6.5625,0.0,0.0,0.0,0.9375,0.9375,0.0,0.0,0.0,0.0,-11.25,-10.3125,-13.125,-15.0,-17.8125,9.375
324,3,0.0,9.375,0.0,3.75,0.0,0.0,0.0,0.0,0.0,0.0,0.0,3.75,0.0,0.0,-7.5,0.0,-1.875,-11.25,0.0,0.0,0.0,-3.75,0.0,0.9375,0.0,1.875,-3.75,0.0,0.0,0.0,3.75,0.0,-3.75,17.8125,0.0,0.0,0.0,11.25,0.0,-15.0,0.0,0.0,0.9375,0.0,-1.875,0.0,7.5,3.75,2.8125,0.0,0.0,-6.5625,-11.25,-7.5,0.0,0.0,0.0,3.75,0.0,0.0,0.0,0.0,0.0,-7.5,-1.875,-5.625,-7.5,-18.75,12.1875
324,4,0.0,9.375,0.0,3.75,0.0,0.0,0.0,0.0,0.0,0.0,0.0,3.75,0.0,-3.75,-3.75,0.0,0.0,-7.5,0.0,0.0,0.0,-3.75,0.0,3.75,0.0,0.0,-3.75,0.0,0.0,0.0,7.5,5.625,-1.875,13.125,0.0,0.0,0.0,7.5,-1.875,-15.0,0.0,0.0,3.75,-1.875,-1.875,0.0,7.5,3.75,3.75,0.0,0.0,-7.5,-14.0625,-7.5,0.0,0.0,0.0,3.75,0.0,0.0,0.0,0.0,0.0,-11.25,-11.25,-14.0625,-16.875,-19.6875,9.375
324,5,0.0,9.375,0.0,3.75,0.0,0.0,0.0,0.0,0.0,0.0,0.0,3.75,0.0,-3.75,-3.75,0.0,0.0,-7.5,0.0,0.0,0.0,-3.75,0.0,3.75,0.0,0.0,-5.625,0.0,0.0,-1.875,4.6875,3.75,-3.75,11.25,0.0,0.0,0.0,3.75,-1.875,-15.0,0.0,0.0,3.75,-1.875,-1.875,0.0,7.5,3.75,3.75,0.0,0.0,-7.5,-14.0625,-7.5,0.0,0.0,0.0,3.75,0.0,0.0,0.0,0.0,0.0,-11.25,-10.3125,-15.0,-16.875,-18.75,9.375
325,3,0.0,7.5,0.0,0.9375,0.0,0.0,0.0,3.75,0.0,0.0,0.0,1.875,0.0,0.0,-6.5625,0.0,0.0,11.25,0.0,0.0,0.0,-2.8125,-1.875,0.0,0.0,0.0,-3.75,0.0,0.0,0.0,4.6875,3.75,-3.75,15.0,0.0,0.0,0.0,12.1875,0.0,-16.875,0.0,0.0,3.75,-3.75,-1.875,0.0,3.75,0.9375,0.9375,0.0,0.0,-3.75,-11.25,-7.5,0.0,0.0,0.0,0.9375,-1.875,0.0,0.0,0.0,0.0,-3.75,0.0,-3.75,-7.5,-20.625,8.4375
325,4,0.0,7.5,0.0,0.9375,0.0,0.0,0.0,3.75,0.0,0.0,0.0,1.875,0.0,-3.75,-1.875,0.0,0.0,0.0,0.0,0.0,0.0,-1.875,-3.75,1.875,0.0,-1.875,-6.5625,0.0,0.0,-1.875,11.25,7.5,-1.875,11.25,0.0,0.0,0.0,11.25,-3.75,-15.0,0.0,0.0,3.75,-3.75,-3.75,0.0,3.75,0.9375,1.875,0.0,0.0,-3.75,-14.0625,-10.3125,0.0,0.0,0.0,0.9375,-1.875,0.0,0.0,0.0,0.0,-7.5,-11.25,-15.0,-16.875,-20.625,7.5
325,5,0.0,7.5,0.0,1.875,0.0,0.0,0.0,3.75,0.0,0.0,0.0,1.875,0.0,-3.75,-1.875,0.0,0.0,0.0,0.0,0.0,0.0,-1.875,-3.75,1.875,0.0,-1.875,-6.5625,0.0,0.0,-3.75,8.4375,3.75,-1.875,11.25,0.0,0.0,0.0,7.5,-3.75,-15.0,0.0,0.0,3.75,-3.75,-3.75,0.0,3.75,0.9375,2.8125,0.0,0.0,-3.75,-13.125,-10.3125,0.0,0.0,0.0,0.9375,-1.875,0.0,0.0,0.0,0.0,-3.75,-11.25,-15.0,-18.75,-20.625,7.5
326,3,0.0,5.625,0.0,0.0,0.0,0.0,0.0,4.6875,0.0,0.0,0.0,0.9375,0.0,0.0,-1.875,0.0,0.0,12.1875,0.0,0.0,0.0,-1.875,-3.75,0.0,0.0,-3.75,-3.75,0.0,-1.875,-1.875,4.6875,0.9375,-7.5,12.1875,0.0,0.0,0.0,11.25,0.0,-18.75,0.0,0.0,1.875,-6.5625,0.0,0.0,0.0,0.9375,0.0,0.0,0.0,0.0,-3.75,13.125,0.0,0.0,0.0,0.9375,-3.75,0.0,0.0,0.0,0.0,0.0,0.0,0.0,-7.5,-22.5,3.75
326,4,0.0,4.6875,0.0,0.0,0.0,0.0,0.0,3.75,0.0,0.0,0.0,0.9375,0.0,-3.75,0.0,0.0,0.0,7.5,0.0,0.0,0.0,0.0,-3.75,0.0,0.0,-3.75,-7.5,0.0,0.0,-3.75,11.25,3.75,0.0,11.25,0.0,0.0,0.0,11.25,-3.75,-15.0,0.0,0.0,3.75,-5.625,-3.75,0.0,0.0,0.9375,0.9375,0.0,0.0,0.0,-11.25,-11.25,0.0,0.0,0.0,0.0,-3.75,0.0,0.0,0.0,0.0,7.5,-11.25,-14.0625,-18.75,-20.625,4.6875
326,5,0.0,5.625,0.0,0.0,0.0,0.0,0.0,5.625,0.0,0.0,0.0,0.9375,0.0,-3.75,0.0,0.0,0.0,7.5,0.0,0.0,0.0,0.0,-3.75,0.9375,0.0,-3.75,-7.5,0.0,0.0,-3.75,11.25,3.75,0.0,11.25,0.0,0.0,0.0,8.4375,-3.75,-15.0,0.0,0.0,3.75,-6.5625,-3.75,0.0,0.0,0.9375,0.9375,0.0,0.0,0.0,-11.25,-11.25,0.0,0.0,0.0,0.9375,-3.75,0.0,0.0,0.0,0.0,3.75,-11.25,-15.0,-16.875,-18.75,4.6875
327,3,0.0,3.75,0.0,0.0,0.0,0.0,0.0,3.75,0.0,0.0,0.0,0.0,0.0,7.5,-1.875,0.0,0.0,12.1875,0.0,0.0,0.0,0.0,-5.625,0.0,0.0,-5.625,-3.75,0.0,-3.75,-3.75,4.6875,0.0,-11.25,11.25,0.0,0.0,0.0,9.375,0.0,-18.75,0.0,0.0,0.0,-7.5,0.0,0.0,-5.625,0.0,0.0,0.0,0.0,0.0,0.0,15.9375,0.0,-1.875,0.0,0.9375,-5.625,0.0,0.0,0.0,0.0,3.75,7.5,4.6875,8.4375,20.625,-3.75
327,4,0.0,3.75,0.0,0.0,0.0,0.0,0.0,3.75,0.0,0.0,0.0,0.0,0.0,0.0,0.0,0.0,0.0,11.25,0.0,0.0,0.0,0.0,-7.5,0.0,0.0,-7.5,-7.5,0.0,-3.75,-3.75,11.25,3.75,0.0,7.5,0.0,0.0,0.0,7.5,-3.75,-15.0,0.0,0.0,0.9375,-7.5,-3.75,0.0,-3.75,0.0,0.0,0.0,0.0,3.75,11.25,-15.0,0.0,-1.875,0.0,1.875,-3.75,0.0,0.0,0.0,0.0,11.25,15.0,15.9375,18.75,22.5,-3.75
327,5,0.0,3.75,0.0,0.0,0.0,0.0,0.0,3.75,0.0,0.0,0.0,0.0,0.0,-1.875,0.0,0.0,0.0,11.25,0.0,0.0,0.0,0.0,-7.5,0.0,0.0,-7.5,-7.5,0.0,-3.75,-3.75,8.4375,1.875,0.0,7.5,0.0,0.0,0.0,7.5,-3.75,-13.125,0.0,0.0,0.9375,-7.5,-3.75,0.0,-3.75,0.0,0.0,0.0,0.0,3.75,7.5,-14.0625,0.0,-1.875,0.0,0.9375,-3.75,0.0,0.0,0.0,0.0,11.25,15.0,16.875,18.75,20.625,-3.75
328,3,0.0,2.8125,0.0,0.0,0.0,0.0,0.0,3.75,0.0,0.0,0.0,0.0,0.0,7.5,-1.875,0.0,0.0,11.25,0.0,0.0,0.0,0.0,-7.5,0.0,0.0,-9.375,0.0,0.0,-3.75,-3.75,4.6875,0.0,-9.375,5.625,0.0,0.0,0.0,7.5,0.0,-18.75,0.0,0.0,0.0,-8.4375,0.0,0.0,-7.5,0.0,0.0,0.0,0.0,0.0,0.9375,15.9375,0.0,-1.875,0.0,0.0,-6.5625,0.0,0.0,0.0,0.0,3.75,8.4375,5.625,9.375,19.6875,-3.75
328,4,0.0,3.75,0.0,0.0,0.0,0.0,0.0,3.75,0.0,0.0,0.0,0.0,0.0,3.75,0.0,0.0,0.0,8.4375,0.0,0.0,0.0,0.0,-7.5,0.0,0.0,-10.3125,-3.75,0.0,-1.875,-1.875,7.5,0.0,0.0,4.6875,-1.875,0.0,0.0,3.75,-3.75,11.25,0.0,0.0,0.0,-7.5,-6.5625,0.0,-7.5,0.0,0.0,0.0,0.0,3.75,11.25,15.0,0.0,-3.75,0.0,0.0,-7.5,0.0,0.0,0.0,0.0,11.25,15.0,15.9375,18.75,20.625,-3.75
328,5,0.0,3.75,0.0,0.0,0.0,0.0,0.0,3.75,0.0,0.0,0.0,0.0,0.0,0.9375,0.0,0.0,0.0,8.4375,0.0,0.0,0.0,0.0,-7.5,0.0,0.0,-9.375,-3.75,0.0,-1.875,-1.875,7.5,0.0,1.875,4.6875,-1.875,0.0,0.0,3.75,-3.75,11.25,0.0,0.0,0.0,-9.375,-5.625,0.0,-7.5,0.0,0.0,0.0,0.0,3.75,8.4375,9.375,0.0,-3.75,0.0,0.0,-7.5,0.0,0.0,0.0,0.0,11.25,15.0,15.9375,18.75,18.75,-3.75
329,3,0.0,0.9375,0.0,0.0,0.0,-1.875,0.0,3.75,0.0,0.0,0.0,-1.875,0.0,7.5,0.0,0.0,0.0,9.375,0.0,0.0,0.0,0.0,-7.5,0.0,0.0,-10.3125,3.75,0.0,-2.8125,-1.875,3.75,0.0,-14.0625,7.5,0.0,0.0,0.0,3.75,0.0,15.0,0.0,0.0,0.0,-10.3125,-2.8125,0.0,-11.25,0.9375,0.0,0.0,0.0,0.0,1.875,15.9375,0.0,-2.8125,0.0,0.0,-7.5,0.0,0.0,0.0,0.0,3.75,9.375,5.625,9.375,18.75,-3.75
329,4,0.0,0.9375,0.0,0.0,0.0,-1.875,0.0,3.75,0.0,0.0,0.0,-1.875,0.0,7.5,0.0,0.0,0.0,7.5,0.0,0.0,0.0,0.0,-7.5,0.0,0.0,-11.25,-3.75,0.0,0.0,0.0,7.5,0.0,3.75,3.75,-1.875,0.0,0.0,3.75,0.0,11.25,0.0,0.0,0.0,-7.5,-7.5,0.0,-7.5,0.9375,0.0,0.0,0.0,3.75,9.375,16.875,0.0,-3.75,0.0,0.0,-7.5,0.0,0.0,0.0,0.0,11.25,15.9375,15.9375,17.8125,19.6875,-3.75
329,5,0.0,0.9375,0.0,0.0,0.0,-1.875,0.0,3.75,0.0,0.0,0.0,-1.875,0.0,4.6875,0.0,0.0,0.0,7.5,0.0,0.0,0.0,0.0,-10.3125,0.0,0.0,-11.25,-1.875,0.0,0.0,0.0,7.5,0.0,5.625,3.75,-1.875,0.0,0.0,3.75,-3.75,11.25,0.0,0.0,0.0,-10.3125,-6.5625,0.0,-7.5,0.9375,0.0,0.0,0.0,3.75,8.4375,15.0,0.0,-3.75,0.0,0.0,-7.5,0.0,0.0,0.0,0.0,11.25,15.0,15.0,16.875,18.75,-3.75
330,3,0.0,0.0,0.0,0.0,0.0,-3.75,0.0,0.9375,0.0,0.0,0.0,-3.75,0.0,7.5,0.0,0.0,-1.875,7.5,0.0,0.0,0.9375,0.0,-7.5,0.0,0.0,-13.125,7.5,0.0,0.0,0.0,4.6875,0.0,15.0,0.0,0.0,0.0,0.0,3.75,8.4375,9.375,0.0,0.0,0.0,-7.5,0.0,0.0,-11.25,0.0,0.0,0.0,0.0,0.0,3.75,15.9375,0.0,-3.75,0.0,0.0,-11.25,0.0,0.0,0.0,0.0,3.75,11.25,8.4375,9.375,16.875,-2.8125
330,4,0.0,0.0,0.0,0.0,0.0,-3.75,0.0,0.9375,0.0,0.0,0.0,-3.75,0.0,7.5,0.9375,0.0,0.0,3.75,-1.875,0.0,0.9375,0.0,-10.3125,0.0,0.0,-14.0625,3.75,0.0,0.0,3.75,4.6875,0.0,11.25,0.0,-1.875,0.0,0.0,3.75,3.75,8.4375,0.0,0.0,0.0,-7.5,-7.5,0.0,-7.5,0.0,0.0,0.0,0.0,0.9375,7.5,15.0,0.0,-3.75,0.0,0.0,-10.3125,0.0,0.0,0.0,0.0,8.4375,15.0,15.0,15.0,18.75,-3.75
330,5,0.0,0.0,0.0,0.0,0.0,-3.75,0.0,0.9375,0.0,0.0,0.0,-3.75,0.0,7.5,0.9375,0.0,-1.875,3.75,-1.875,0.0,0.9375,0.0,-11.25,0.0,0.0,-13.125,3.75,0.0,0.0,3.75,4.6875,0.0,11.25,1.875,-1.875,0.0,0.0,3.75,0.0,8.4375,0.0,0.0,0.0,-7.5,-7.5,0.0,-7.5,1.875,0.0,0.0,0.0,1.875,7.5,15.9375,0.0,-3.75,0.0,0.0,-11.25,0.0,0.0,0.0,0.0,8.4375,15.0,15.0,15.9375,17.8125,-3.75
331,3,0.0,0.0,0.0,0.0,0.0,-3.75,0.0,0.0,0.0,0.0,0.0,-4.6875,0.0,7.5,1.875,0.0,0.0,3.75,-1.875,0.0,0.9375,0.0,-7.5,0.0,0.0,-14.0625,7.5,0.0,0.0,0.0,3.75,0.0,15.0,0.0,0.0,0.0,0.0,3.75,11.25,7.5,0.0,0.0,0.0,-7.5,1.875,0.0,-10.3125,0.0,0.0,0.0,0.0,0.0,0.9375,14.0625,0.0,0.0,0.0,0.0,-11.25,0.0,0.0,0.0,0.0,3.75,11.25,8.4375,8.4375,15.0,-1.875
331,4,0.0,0.0,0.0,0.0,0.0,-3.75,0.0,0.0,0.0,0.0,0.0,-3.75,0.0,7.5,1.875,0.0,0.0,3.75,-3.75,0.0,0.9375,0.0,-7.5,0.0,0.0,-13.125,4.6875,0.0,0.9375,3.75,3.75,0.0,15.0,0.0,-3.75,0.0,0.0,1.875,7.5,7.5,0.0,0.0,0.0,-3.75,-7.5,0.0,-3.75,0.0,0.0,0.0,0.0,0.0,7.5,15.0,0.0,-3.75,0.0,0.0,-9.375,0.0,0.0,0.0,0.0,7.5,15.0,14.0625,15.0,15.0,-1.875
331,5,0.0,0.0,0.0,0.0,0.0,-3.75,0.0,0.0,0.0,0.0,0.0,-4.6875,0.0,7.5,1.875,0.0,0.0,3.75,-3.75,0.0,0.9375,0.0,-7.5,0.0,0.0,-11.25,7.5,0.0,0.9375,3.75,3.75,0.0,13.125,0.0,-3.75,0.0,0.0,3.75,11.25,5.625,0.0,0.0,0.0,-7.5,-7.5,0.0,-3.75,0.0,0.0,0.0,0.0,0.0,6.5625,13.125,0.0,-3.75,0.0,0.0,-9.375,0.0,0.0,0.0,0.0,7.5,15.0,14.0625,15.0,15.0,-1.875
332,3,0.0,0.0,0.0,0.0,0.0,-6.5625,0.0,0.0,0.0,0.0,0.0,-7.5,0.0,3.75,0.9375,0.0,-1.875,3.75,-1.875,0.0,0.0,0.0,-5.625,0.0,0.0,-11.25,7.5,0.0,0.0,1.875,0.9375,0.0,13.125,-2.8125,0.0,0.0,0.0,3.75,11.25,3.75,0.0,0.0,-1.875,-3.75,11.25,0.0,0.0,0.0,0.0,0.0,0.0,0.0,0.0,12.1875,0.0,0.0,0.0,0.0,-11.25,0.0,0.0,0.0,0.0,3.75,11.25,7.5,7.5,13.125,-3.75
332,4,0.0,0.0,0.0,0.0,0.0,-6.5625,0.0,0.0,0.0,0.0,0.0,-7.5,0.0,3.75,0.9375,0.0,-1.875,0.0,-3.75,0.0,0.0,-1.875,0.0,0.0,0.0,-7.5,7.5,0.0,0.9375,3.75,1.875,0.0,11.25,-1.875,0.0,0.0,0.0,3.75,11.25,4.6875,0.0,0.0,0.0,0.0,-11.25,0.0,3.75,0.0,0.0,0.0,0.0,0.0,3.75,11.25,0.0,0.0,0.0,0.0,-5.625,0.0,0.0,0.0,0.0,7.5,14.0625,11.25,11.25,12.1875,-1.875
332,5,0.0,0.0,0.0,0.0,0.0,-6.5625,0.0,0.0,0.0,0.0,0.0,-7.5,0.0,3.75,1.875,0.0,-1.875,0.0,-3.75,0.0,0.0,-1.875,0.0,0.0,0.0,-3.75,7.5,0.0,0.9375,3.75,2.8125,0.0,12.1875,-1.875,0.0,0.0,0.0,3.75,11.25,4.6875,0.0,0.0,-1.875,0.0,-11.25,0.0,3.75,0.0,0.0,0.0,0.0,0.0,3.75,11.25,0.0,-1.875,0.0,0.0,-7.5,0.0,0.0,0.0,0.0,7.5,13.125,11.25,12.1875,12.1875,-1.875
333,3,0.0,0.0,0.0,0.0,0.0,-7.5,0.0,0.0,0.0,0.0,0.0,-7.5,0.0,3.75,0.9375,0.0,-2.8125,0.0,-1.875,0.0,0.0,-2.8125,4.6875,0.0,0.0,12.1875,7.5,0.0,0.0,1.875,0.0,0.0,11.25,-3.75,1.875,0.0,0.0,3.75,11.25,1.875,0.0,0.0,-2.8125,-1.875,15.0,0.0,3.75,-3.75,0.0,0.0,0.0,0.0,0.0,10.3125,0.0,0.0,0.0,-1.875,-14.0625,0.0,0.0,0.0,0.0,3.75,11.25,7.5,5.625,8.4375,-2.8125
333,4,0.0,0.0,0.0,0.0,0.0,-7.5,0.0,0.0,0.0,0.0,0.0,-7.5,0.0,3.75,0.9375,0.0,-1.875,0.0,-3.75,0.0,0.0,-3.75,7.5,0.0,0.0,13.125,7.5,0.0,0.9375,3.75,0.0,0.0,11.25,-3.75,0.0,0.0,-1.875,3.75,11.25,3.75,0.0,0.0,-1.875,3.75,-11.25,0.0,5.625,0.0,0.0,0.0,0.0,0.0,3.75,8.4375,0.0,0.0,0.0,-1.875,0.0,0.0,0.0,0.0,0.0,3.75,11.25,11.25,11.25,10.3125,-1.875
333,5,0.0,0.0,0.0,0.0,0.0,-7.5,0.0,0.0,0.0,0.0,0.0,-7.5,0.0,3.75,0.9375,0.0,-1.875,0.0,-3.75,0.0,0.0,-3.75,9.375,0.0,0.0,11.25,7.5,0.0,0.9375,3.75,0.0,0.0,11.25,-3.75,0.0,0.0,-2.8125,3.75,11.25,3.75,0.0,0.0,-2.8125,3.75,-9.375,0.0,3.75,0.0,0.0,0.0,0.0,0.0,3.75,8.4375,0.0,0.0,0.0,-1.875,0.0,0.0,0.0,0.0,0.0,4.6875,12.1875,11.25,10.3125,9.375,-2.8125
334,3,0.0,0.0,0.0,0.0,0.0,-7.5,0.0,0.0,0.0,0.0,0.0,-9.375,0.0,0.9375,0.9375,0.0,-3.75,0.0,-1.875,0.0,0.0,-3.75,4.6875,0.0,0.0,11.25,5.625,0.0,0.0,0.9375,0.0,0.0,11.25,-3.75,1.875,0.0,-2.8125,2.8125,11.25,0.9375,0.0,0.0,-3.75,0.0,15.9375,0.0,3.75,-6.5625,0.0,0.0,0.0,0.0,0.0,7.5,0.0,3.75,0.0,-1.875,-9.375,0.0,0.0,0.0,0.0,0.9375,11.25,7.5,4.6875,7.5,0.0
334,4,0.0,0.0,0.0,0.0,0.0,-7.5,0.0,0.0,0.0,0.0,0.0,-7.5,0.0,0.9375,0.9375,0.0,-3.75,0.0,-3.75,0.0,0.0,-3.75,7.5,0.0,0.0,11.25,3.75,0.0,0.0,3.75,0.0,0.0,9.375,-3.75,0.0,0.0,-3.75,3.75,11.25,1.875,0.0,0.0,-3.75,3.75,15.0,0.0,4.6875,-3.75,0.0,0.0,0.0,0.0,0.0,5.625,0.0,0.0,0.0,-1.875,3.75,0.0,0.0,0.0,0.0,3.75,11.25,7.5,7.5,7.5,0.0
334,5,0.0,0.0,0.0,0.0,0.0,-7.5,0.0,0.0,0.0,0.0,0.0,-7.5,0.0,1.875,0.9375,0.0,-3.75,0.0,-3.75,0.0,0.0,-3.75,7.5,0.0,0.0,11.25,3.75,0.0,0.0,3.75,0.0,0.0,9.375,-3.75,0.0,0.0,-3.75,3.75,11.25,1.875,0.0,0.0,-3.75,3.75,13.125,0.0,3.75,-3.75,0.0,0.0,0.0,0.0,0.0,6.5625,0.0,1.875,0.0,-1.875,3.75,0.0,0.0,0.0,0.0,3.75,11.25,7.5,7.5,7.5,0.0
335,3,0.0,0.0,0.0,0.0,0.0,-7.5,0.0,0.0,0.0,0.0,0.0,-9.375,0.0,0.0,0.0,0.0,-3.75,3.75,-3.75,0.0,0.0,-3.75,4.6875,0.0,0.0,9.375,3.75,0.0,0.0,0.9375,0.0,0.0,8.4375,-3.75,0.0,0.0,-3.75,0.9375,8.4375,0.0,0.0,0.0,-3.75,0.0,15.0,0.0,0.9375,-7.5,0.0,0.0,0.0,0.0,0.0,3.75,0.0,7.5,0.0,-3.75,5.625,0.0,0.0,0.0,0.0,0.0,9.375,3.75,3.75,3.75,0.0
335,4,0.0,0.0,0.0,0.0,0.0,-7.5,0.0,0.0,0.0,0.0,0.0,-7.5,0.0,0.0,0.0,0.0,-3.75,0.9375,-5.625,0.0,0.0,-7.5,7.5,0.0,0.0,11.25,3.75,0.0,0.0,3.75,0.0,0.0,7.5,-3.75,0.0,0.0,-3.75,3.75,9.375,0.0,0.0,0.0,-3.75,3.75,15.0,0.0,3.75,-7.5,0.0,0.0,0.0,0.0,0.0,3.75,0.0,0.0,0.0,-3.75,5.625,0.0,0.0,0.0,0.0,0.9375,9.375,5.625,5.625,3.75,0.0
335,5,0.0,0.0,0.0,0.0,0.0,-6.5625,0.0,0.0,0.0,0.0,0.0,-7.5,0.0,0.0,0.0,0.0,-3.75,0.9375,-6.5625,0.0,0.0,-7.5,7.5,0.0,0.0,11.25,3.75,0.0,0.0,3.75,0.0,0.0,7.5,-3.75,0.0,0.0,-3.75,3.75,11.25,0.0,0.0,0.0,-3.75,3.75,15.0,0.0,3.75,-7.5,0.0,0.0,0.0,0.0,0.0,3.75,0.0,1.875,0.0,-3.75,4.6875,0.0,0.0,0.0,0.0,0.9375,10.3125,7.5,5.625,3.75,0.0
336,3,0.0,0.0,0.0,0.0,0.0,0.0,0.0,0.0,0.0,0.0,0.0,-7.5,0.0,0.0,0.0,0.0,-6.5625,3.75,-3.75,0.0,0.0,-3.75,3.75,0.0,0.0,7.5,3.75,0.0,0.0,0.0,0.0,0.0,4.6875,-3.75,-3.75,0.0,-6.5625,0.9375,7.5,0.0,0.0,0.0,-3.75,0.0,15.0,0.0,0.9375,-9.375,0.0,0.0,0.0,0.0,0.0,0.9375,0.0,3.75,0.0,-3.75,3.75,0.0,0.0,0.0,0.0,-0.9375,8.4375,3.75,1.875,0.0,0.0
336,4,0.0,0.0,0.0,0.0,0.0,0.0,0.0,0.0,0.0,0.0,0.0,-3.75,0.0,0.0,0.0,0.0,-3.75,3.75,-3.75,0.0,-1.875,-7.5,7.5,0.0,0.0,7.5,0.0,0.0,0.0,0.9375,0.0,0.0,3.75,-1.875,-1.875,0.0,-7.5,3.75,7.5,0.0,0.0,0.0,-3.75,3.75,15.0,0.0,3.75,-9.375,0.0,0.0,0.0,0.0,0.0,0.9375,0.0,0.0,0.0,-3.75,3.75,0.0,0.0,0.0,0.0,0.0,7.5,3.75,3.75,0.9375,0.0
336,5,0.0,0.0,0.0,0.0,0.0,0.0,0.0,0.0,0.0,0.0,0.0,-1.875,0.0,0.0,0.0,0.0,-6.5625,3.75,-6.5625,0.0,-1.875,-7.5,7.5,0.0,0.0,7.5,0.0,0.0,0.0,0.9375,0.0,0.0,3.75,-1.875,-1.875,0.0,-7.5,3.75,7.5,0.0,0.0,0.0,-3.75,3.75,15.0,0.0,3.75,-9.375,0.0,0.0,0.0,0.0,0.0,0.9375,0.0,0.0,0.0,-3.75,3.75,0.0,0.0,0.0,0.0,0.0,9.375,3.75,3.75,0.9375,0.0
337,3,0.0,0.0,0.0,0.0,0.0,7.5,0.0,0.0,0.0,0.0,0.0,7.5,0.0,0.0,0.0,0.0,-7.5,3.75,-1.875,0.0,-1.875,-3.75,1.875,0.0,0.0,4.6875,3.75,0.0,0.0,0.0,0.0,0.0,3.75,-2.8125,-1.875,0.0,-9.375,0.0,5.625,-1.875,0.0,0.0,-3.75,0.0,15.0,0.0,0.0,-12.1875,0.0,0.0,0.0,0.0,0.0,0.0,0.0,-7.5,0.0,-2.8125,3.75,0.0,0.0,0.0,0.0,-3.75,8.4375,0.0,0.9375,0.0,0.0
337,4,0.0,0.0,0.0,0.0,0.0,7.5,0.0,0.0,0.0,0.0,0.0,3.75,0.0,0.0,0.0,0.0,-7.5,3.75,-1.875,0.0,-3.75,-7.5,4.6875,0.0,0.0,7.5,0.0,0.0,0.0,0.0,0.0,0.0,3.75,0.0,0.0,0.0,-7.5,0.9375,6.5625,-1.875,0.0,0.0,-3.75,0.9375,15.0,0.0,0.9375,-11.25,0.0,0.0,0.0,0.0,0.0,0.0,0.0,-3.75,0.0,0.0,3.75,0.0,0.0,0.0,0.0,-3.75,7.5,1.875,3.75,0.0,0.0
337,5,0.0,0.0,0.0,0.0,0.0,4.6875,0.0,0.0,0.0,0.0,0.0,3.75,0.0,0.0,0.0,0.0,-7.5,3.75,-3.75,0.0,-3.75,-3.75,3.75,0.0,0.0,7.5,0.0,0.0,0.0,0.0,0.0,0.0,3.75,0.0,0.0,0.0,-9.375,0.9375,7.5,-1.875,0.0,0.0,-3.75,0.9375,13.125,0.0,0.9375,-11.25,0.0,0.0,0.0,0.0,0.0,0.0,0.0,-3.75,0.0,0.0,3.75,0.0,0.0,0.0,0.0,-3.75,7.5,1.875,3.75,0.0,0.0
338,3,0.0,0.0,0.0,0.0,0.0,7.5,0.0,0.0,0.0,0.0,0.0,7.5,0.0,0.0,0.0,0.0,-9.375,3.75,0.0,0.0,-3.75,0.0,0.0,0.0,0.0,3.75,3.75,0.0,0.0,0.0,0.0,0.9375,0.0,0.0,-3.75,0.0,-11.25,0.0,3.75,-1.875,0.0,0.0,-3.75,0.0,12.1875,0.0,0.0,-14.0625,0.0,0.0,0.0,0.0,0.0,0.0,0.0,-11.25,0.0,-3.75,3.75,0.0,0.0,0.0,0.0,-6.5625,8.4375,0.0,0.0,0.0,0.0
338,4,0.0,0.0,0.0,0.0,0.0,7.5,0.0,0.0,0.0,0.0,0.0,3.75,0.0,0.0,0.0,0.0,-7.5,3.75,3.75,0.0,-3.75,-3.75,3.75,0.0,0.0,3.75,0.0,0.0,0.0,0.0,0.0,0.0,0.0,0.0,0.0,0.0,-11.25,0.0,3.75,-1.875,0.0,0.0,-1.875,0.0,11.25,0.0,0.0,-14.0625,0.0,-1.875,0.0,0.0,0.0,0.0,0.0,-7.5,0.0,0.0,3.75,0.0,0.0,0.0,0.0,-4.6875,7.5,0.0,0.9375,0.0,0.0
338,5,0.0,0.0,0.0,0.0,0.0,7.5,0.0,0.0,0.0,0.0,0.0,5.625,0.0,0.0,0.0,0.0,-7.5,3.75,1.875,0.0,-3.75,0.0,3.75,0.0,0.0,3.75,0.0,0.0,0.0,0.0,0.0,0.0,0.0,0.0,0.0,0.0,-10.3125,0.0,3.75,-1.875,0.0,0.0,-1.875,0.0,11.25,0.0,0.0,-14.0625,0.0,-1.875,0.0,0.0,0.0,0.0,0.0,-7.5,0.0,0.0,3.75,0.0,0.0,0.0,0.0,-3.75,7.5,0.0,0.9375,0.0,0.0
339,3,0.0,0.0,0.0,-1.875,0.0,7.5,0.0,0.0,0.0,0.0,0.0,7.5,0.0,0.0,0.0,0.0,-10.3125,3.75,0.0,0.0,-3.75,4.6875,0.0,0.0,0.0,0.9375,3.75,0.0,0.0,0.0,0.0,0.9375,0.0,0.0,-7.5,0.0,-12.1875,0.0,3.75,-1.875,0.0,0.0,-3.75,0.0,10.3125,0.0,0.0,-15.0,0.0,-3.75,0.0,0.0,0.0,0.0,0.0,-15.0,0.0,-3.75,0.0,0.0,0.0,0.0,0.0,-7.5,7.5,0.0,0.0,-3.75,0.0
339,4,0.0,0.0,0.0,-2.8125,0.0,7.5,0.0,0.0,0.0,0.0,0.0,3.75,0.0,-2.8125,0.0,0.0,-10.3125,3.75,4.6875,0.0,-6.5625,5.625,0.0,0.0,0.0,3.75,0.0,0.0,0.0,0.0,0.0,0.0,0.0,0.0,-1.875,0.0,-11.25,0.0,3.75,0.0,0.0,0.0,0.0,0.0,11.25,0.0,0.0,-15.0,0.0,-3.75,0.0,0.0,0.0,0.0,0.0,-11.25,0.0,0.0,0.0,0.0,0.0,0.0,0.0,-7.5,5.625,0.0,0.0,-3.75,0.0
339,5,0.0,0.0,0.0,-2.8125,0.0,7.5,0.0,0.0,0.0,0.0,0.0,3.75,0.0,-2.8125,0.0,0.0,-11.25,3.75,3.75,0.0,-5.625,4.6875,0.0,0.0,0.0,3.75,0.0,0.0,0.0,0.0,0.0,0.0,0.0,0.0,-3.75,0.0,-11.25,0.0,3.75,0.0,0.0,0.0,0.0,0.0,9.375,0.0,0.0,-15.0,0.0,-3.75,0.0,0.0,0.0,0.0,0.0,-11.25,0.0,0.0,0.0,0.0,0.0,0.0,0.0,-7.5,7.5,0.0,0.0,-3.75,0.0
340,3,0.0,0.0,0.0,-3.75,0.0,5.625,0.0,0.0,0.0,0.0,0.0,3.75,0.0,-1.875,0.0,0.0,-11.25,1.875,1.875,0.0,-6.5625,7.5,0.0,0.0,0.0,0.0,3.75,0.0,0.0,0.0,1.875,3.75,-3.75,0.0,-3.75,0.0,-14.0625,0.0,0.0,-3.75,0.0,0.0,-3.75,0.0,7.5,0.0,0.0,-15.0,0.0,-3.75,0.0,0.0,0.9375,0.0,0.0,-16.875,0.0,0.0,0.0,0.0,0.0,0.0,0.0,-10.3125,7.5,0.0,0.0,-3.75,0.0
340,4,0.0,0.0,0.0,-3.75,0.0,5.625,0.0,0.0,0.0,0.0,0.0,3.75,0.0,-3.75,0.0,0.0,-10.3125,3.75,5.625,0.0,-7.5,7.5,0.0,0.0,0.0,0.0,1.875,0.0,-1.875,-1.875,0.0,0.0,-1.875,0.0,0.0,0.0,-11.25,0.0,0.0,-3.75,0.0,0.0,0.0,0.0,7.5,0.0,0.0,-15.0,0.0,-3.75,0.0,0.0,0.0,0.0,0.0,-15.0,0.0,0.9375,0.0,0.0,0.0,0.0,0.0,-10.3125,7.5,0.0,0.0,-3.75,0.0
340,5,0.0,0.0,0.0,-3.75,0.0,4.6875,0.0,0.0,0.0,0.0,0.0,3.75,0.0,-3.75,0.0,0.0,-11.25,3.75,5.625,0.0,-7.5,7.5,0.0,0.0,0.0,0.0,0.9375,0.0,-1.875,-1.875,0.0,0.0,-1.875,0.0,0.0,0.0,-11.25,0.0,0.0,-3.75,0.0,0.0,-1.875,0.0,7.5,0.0,0.0,-15.0,0.0,-3.75,0.0,0.0,0.0,0.0,0.0,-15.0,0.0,0.9375,0.0,0.0,0.0,0.0,0.0,-10.3125,7.5,0.0,0.0,-3.75,0.0
341,3,0.0,0.0,0.0,-5.625,0.0,3.75,0.0,-1.875,0.0,0.0,0.0,3.75,0.0,-3.75,0.0,0.0,-10.3125,0.9375,0.9375,0.0,-5.625,4.6875,0.0,0.0,0.0,0.0,3.75,0.0,3.75,0.0,1.875,3.75,-5.625,0.0,0.0,0.0,-11.25,0.0,0.0,-3.75,0.0,0.0,-3.75,0.0,4.6875,0.0,0.0,-15.0,0.0,-6.5625,0.0,0.0,3.75,0.0,0.0,-17.8125,0.0,0.0,0.0,0.0,0.0,0.0,0.0,-11.25,7.5,0.0,0.0,-3.75,0.0
341,4,0.0,0.0,0.0,-6.5625,0.0,3.75,0.0,-1.875,0.0,0.0,0.0,0.0,0.0,-3.75,0.0,0.0,-7.5,0.0,4.6875,0.0,-5.625,7.5,0.0,0.0,0.0,0.0,0.9375,0.0,0.0,-1.875,0.9375,1.875,-3.75,0.0,0.0,0.0,7.5,0.0,0.0,-3.75,0.0,0.0,-1.875,0.0,4.6875,0.0,0.0,-15.0,0.0,-7.5,0.0,0.0,0.0,0.0,0.0,-15.0,0.0,3.75,0.0,0.0,0.0,0.0,0.0,-11.25,3.75,0.0,0.0,-1.875,0.0
341,5,0.0,0.0,0.0,-5.625,0.0,3.75,0.0,-1.875,0.0,0.0,0.0,0.0,0.0,-3.75,0.0,0.0,-9.375,0.9375,4.6875,0.0,-5.625,7.5,0.0,0.0,0.0,0.0,0.9375,0.0,0.0,-1.875,1.875,0.9375,-3.75,0.0,0.0,0.0,3.75,0.0,0.0,-3.75,0.0,0.0,-1.875,0.0,5.625,0.0,0.0,-15.0,0.0,-6.5625,0.0,0.0,0.0,0.0,0.0,-15.0,0.0,3.75,0.0,0.0,0.0,0.0,0.0,-11.25,3.75,0.0,0.0,-1.875,0.0
342,3,0.0,0.0,0.0,-7.5,0.0,3.75,0.0,-2.8125,0.0,0.0,0.0,0.0,0.0,-7.5,-1.875,0.0,-3.75,0.0,0.9375,0.0,5.625,3.75,-0.9375,0.0,0.0,0.0,1.875,0.0,3.75,-1.875,0.9375,3.75,-5.625,0.0,-5.625,0.0,11.25,0.0,0.0,-3.75,0.0,0.0,-1.875,0.0,3.75,0.0,0.0,-15.0,0.0,-7.5,0.0,0.0,2.8125,0.0,0.0,-18.75,0.0,0.0,0.0,0.0,0.0,0.0,0.0,-13.125,3.75,0.0,0.0,-1.875,0.0
342,4,0.0,0.0,0.0,-7.5,0.0,3.75,0.0,-3.75,0.0,0.0,0.0,0.0,0.0,-7.5,-1.875,0.0,-3.75,0.0,3.75,0.0,-3.75,3.75,0.0,0.0,0.0,0.0,0.9375,0.0,3.75,-3.75,0.9375,3.75,-3.75,0.0,0.0,0.0,11.25,0.0,0.0,-3.75,0.0,0.0,0.0,0.0,3.75,0.0,0.0,-15.0,0.0,-7.5,0.0,0.0,0.0,-3.75,0.0,-18.75,0.0,0.0,0.0,0.0,0.0,0.0,0.0,-11.25,1.875,0.0,0.0,0.0,0.0
342,5,0.0,0.0,0.0,-7.5,0.0,3.75,0.0,-3.75,0.0,0.0,0.0,0.0,0.0,-7.5,-1.875,0.0,-6.5625,0.0,3.75,0.0,-3.75,3.75,0.0,0.0,0.0,0.0,0.9375,0.0,3.75,-3.75,0.9375,3.75,-3.75,0.0,0.0,0.0,7.5,0.0,0.0,-3.75,0.0,0.0,0.0,0.0,3.75,0.0,0.0,-15.0,0.0,-7.5,0.0,0.0,1.875,-3.75,0.0,-16.875,0.0,0.0,0.0,0.0,0.0,0.0,0.0,-10.3125,1.875,0.0,0.0,0.0,0.0
343,3,0.0,0.0,0.0,-10.3125,0.0,0.9375,0.0,-3.75,0.0,0.0,0.0,0.0,0.0,-10.3125,-3.75,0.0,0.0,0.0,0.9375,0.0,11.25,0.9375,-1.875,0.0,0.0,0.0,0.9375,0.0,7.5,-1.875,0.9375,3.75,-1.875,0.0,-7.5,0.0,7.5,0.9375,0.0,-3.75,0.0,0.0,0.0,0.0,0.0,0.0,0.9375,-7.5,0.0,9.375,0.0,0.0,2.8125,0.0,0.0,-18.75,0.0,0.0,0.0,0.0,0.0,0.0,0.0,-14.0625,3.75,3.75,0.0,0.0,0.0
343,4,0.0,0.0,0.0,-10.3125,0.0,0.9375,0.0,-3.75,0.0,0.0,0.0,0.0,0.0,-10.3125,-3.75,0.0,3.75,0.0,3.75,0.0,4.6875,3.75,-1.875,0.0,0.0,0.0,0.9375,0.0,3.75,-1.875,0.0,3.75,-1.875,0.0,-3.75,0.0,9.375,0.0,0.0,-1.875,0.0,0.0,0.9375,0.0,0.9375,0.0,0.0,-9.375,0.0,-7.5,0.0,0.0,1.875,-3.75,0.0,-18.75,0.0,0.0,0.0,0.0,0.0,0.0,0.0,0.0,-3.75,3.75,0.0,0.0,0.0
343,5,0.0,0.0,0.0,-9.375,0.0,0.9375,0.0,-3.75,0.0,0.0,0.0,0.0,0.0,-11.25,-3.75,0.0,1.875,0.0,3.75,0.0,3.75,3.75,-1.875,0.0,0.0,0.0,0.9375,0.0,3.75,-1.875,0.9375,3.75,-1.875,0.0,-3.75,0.0,8.4375,0.0,0.0,-1.875,0.0,0.0,0.9375,0.0,1.875,0.0,0.0,-11.25,0.0,-7.5,0.0,0.0,3.75,-3.75,0.0,-16.875,0.0,0.0,0.0,0.0,0.0,0.0,0.0,-3.75,-2.8125,3.75,0.0,0.0,0.0
344,3,0.0,0.0,0.0,-11.25,0.0,0.0,0.0,-3.75,-0.9375,0.0,0.0,3.75,0.0,-11.25,-3.75,0.0,0.9375,0.0,0.9375,0.0,11.25,0.9375,-1.875,0.0,0.0,0.0,0.0,0.0,3.75,-1.875,0.0,3.75,0.0,0.0,-7.5,0.0,7.5,0.9375,0.0,-3.75,0.0,0.0,0.0,0.0,0.0,0.0,1.875,3.75,0.0,15.0,0.0,0.0,1.875,0.0,0.0,-18.75,0.0,-1.875,0.0,0.0,0.0,3.75,0.0,15.0,-9.375,4.6875,0.0,0.0,0.0
344,4,0.0,0.0,0.0,-11.25,0.0,0.0,0.0,-3.75,-1.875,0.0,0.0,0.0,0.0,-11.25,-3.75,0.0,4.6875,0.0,3.75,0.0,9.375,3.75,-1.875,-1.875,0.0,0.0,0.0,0.0,3.75,0.0,0.0,3.75,0.0,0.0,-3.75,0.0,7.5,0.0,0.0,-3.75,0.0,0.0,0.0,0.0,0.0,0.0,0.0,3.75,0.0,0.0,0.0,0.0,3.75,-3.75,0.0,-15.0,0.0,0.0,0.0,0.0,0.0,3.75,0.0,11.25,-5.625,3.75,0.0,0.0,0.0
344,5,0.0,0.0,0.0,-11.25,0.0,0.0,0.0,-3.75,-1.875,0.0,0.0,1.875,0.0,-13.125,-3.75,0.0,3.75,0.0,3.75,0.0,7.5,3.75,-1.875,-1.875,0.0,0.0,0.0,0.0,3.75,0.0,0.0,3.75,0.0,0.0,-3.75,0.0,7.5,0.0,0.0,-3.75,0.0,0.0,0.0,0.0,0.0,0.0,0.0,1.875,0.0,-3.75,0.0,0.0,3.75,-3.75,0.0,-15.0,0.0,0.0,0.0,0.0,0.0,3.75,0.0,7.5,-3.75,3.75,0.0,0.0,0.0
345,3,0.0,0.0,0.0,-13.125,0.0,0.0,0.0,-5.625,-2.8125,0.0,0.0,4.6875,0.0,-14.0625,-6.5625,0.0,0.9375,0.0,0.0,0.0,9.375,0.0,0.0,-1.875,0.0,0.0,0.0,0.0,3.75,0.0,0.0,0.0,0.0,-1.875,-11.25,0.0,3.75,0.9375,0.0,-3.75,0.0,0.0,-3.75,0.0,0.0,0.0,0.9375,4.6875,0.0,15.0,0.0,-1.875,0.0,0.0,0.0,-17.8125,0.0,-5.625,0.0,0.0,0.0,7.5,0.0,15.0,-9.375,4.6875,0.0,0.0,0.0
345,4,0.0,0.0,0.0,-13.125,0.0,0.0,0.0,-3.75,-3.75,0.0,0.0,3.75,0.0,-15.0,-7.5,0.0,4.6875,0.0,0.9375,0.0,8.4375,0.0,0.0,-3.75,0.0,0.0,0.0,0.0,1.875,0.0,0.0,0.0,0.0,-1.875,-7.5,0.0,7.5,0.0,-1.875,-1.875,0.0,0.0,-1.875,0.0,0.0,0.0,0.0,11.25,0.0,13.125,0.0,-1.875,0.9375,0.0,0.0,11.25,0.0,-7.5,0.0,0.0,0.0,3.75,0.0,11.25,-5.625,3.75,0.0,0.0,0.0
345,5,0.0,0.0,0.0,-11.25,0.0,0.0,0.0,-5.625,-3.75,0.0,0.0,3.75,0.0,-14.0625,-7.5,0.0,4.6875,0.0,0.9375,0.0,8.4375,0.0,0.0,-3.75,0.0,0.0,0.0,0.0,1.875,0.0,0.0,0.0,0.0,-1.875,-7.5,0.0,7.5,0.0,-1.875,-1.875,0.0,0.0,-1.875,0.0,0.0,0.0,0.0,9.375,0.0,8.4375,0.0,-2.8125,0.9375,0.0,0.0,11.25,0.0,-7.5,0.0,0.0,0.0,3.75,0.0,3.75,-1.875,3.75,0.0,0.0,0.0
346,3,0.0,0.0,0.0,-15.0,0.0,0.0,0.0,-3.75,-3.75,0.0,0.0,7.5,0.0,-14.0625,-7.5,0.0,0.9375,0.0,0.0,0.0,8.4375,0.0,0.0,-2.8125,0.0,0.0,0.0,0.0,0.0,0.0,-1.875,-1.875,0.0,-1.875,-14.0625,0.0,3.75,0.0,0.0,0.0,0.0,0.0,-6.5625,0.0,0.0,0.0,0.0,7.5,-1.875,15.0,0.0,-2.8125,0.0,0.0,0.0,13.125,0.0,-13.125,0.0,0.0,0.0,3.75,0.0,15.0,-7.5,3.75,0.0,0.0,0.0
346,4,0.0,0.0,0.0,-14.0625,0.0,0.0,0.0,-3.75,-3.75,0.0,0.0,4.6875,0.0,-15.0,-7.5,0.0,3.75,0.0,0.0,0.0,7.5,0.0,0.0,-3.75,0.0,0.0,0.0,0.0,0.0,0.0,-1.875,0.0,0.0,-1.875,-11.25,0.0,3.75,0.0,-1.875,0.0,0.0,0.0,-3.75,0.0,0.0,0.0,0.0,11.25,-1.875,13.125,0.0,-3.75,0.0,0.0,0.0,11.25,0.0,-11.25,0.0,0.0,0.0,3.75,0.0,7.5,0.0,3.75,0.0,0.0,0.0
346,5,0.0,0.0,0.0,-14.0625,0.0,0.0,0.0,-3.75,-3.75,0.0,0.0,4.6875,0.0,-15.0,-7.5,0.0,3.75,0.0,0.0,0.0,8.4375,0.0,0.0,-3.75,0.0,0.0,0.0,0.0,0.0,0.0,-1.875,0.0,0.0,-1.875,-11.25,0.0,4.6875,0.0,-1.875,0.0,0.0,0.0,-3.75,0.0,0.0,0.0,0.0,11.25,-1.875,11.25,0.0,-3.75,0.0,0.0,0.0,11.25,0.0,-11.25,0.0,0.0,0.0,3.75,0.0,4.6875,0.0,3.75,0.0,0.0,0.0
347,3,0.0,0.0,0.0,-15.0,0.0,0.0,0.0,-1.875,-3.75,0.0,0.0,7.5,0.0,-14.0625,-9.375,0.0,0.0,0.0,0.0,0.0,7.5,0.0,0.0,-3.75,0.0,0.0,0.0,0.0,-3.75,0.0,-3.75,-3.75,0.0,-3.75,-15.0,0.0,1.875,0.0,0.0,0.0,0.0,0.0,-7.5,0.0,0.0,0.0,0.0,7.5,-3.75,13.125,0.0,-3.75,0.0,0.0,0.0,11.25,0.0,-15.0,0.0,0.0,0.0,4.6875,0.0,15.0,7.5,0.9375,0.0,0.0,0.0
347,4,0.0,0.0,0.0,-11.25,0.0,0.0,0.0,0.0,-6.5625,-1.875,0.0,4.6875,0.0,-15.0,-7.5,0.0,3.75,0.0,0.0,0.0,7.5,0.0,0.0,-5.625,0.0,-1.875,0.0,0.0,-3.75,0.0,-3.75,-3.75,0.0,-1.875,-9.375,0.0,3.75,0.0,0.0,0.0,0.0,0.0,-3.75,0.0,0.0,0.0,0.0,11.25,-3.75,11.25,0.0,-3.75,0.0,0.0,0.0,11.25,-1.875,-11.25,0.0,0.0,0.0,3.75,0.0,5.625,3.75,1.875,0.0,0.0,0.0
347,5,0.0,0.0,0.0,-11.25,0.0,0.0,0.0,0.0,-6.5625,-1.875,0.0,4.6875,0.0,-14.0625,-9.375,0.0,3.75,0.0,0.0,0.0,7.5,0.0,0.0,-5.625,0.0,0.0,0.0,0.0,-3.75,1.875,-3.75,-3.75,0.0,-1.875,-7.5,0.0,3.75,0.0,0.0,0.0,0.0,0.0,-5.625,0.0,0.0,0.0,0.0,9.375,-3.75,11.25,0.0,-3.75,0.0,0.0,0.0,11.25,-1.875,-13.125,0.0,0.0,0.0,3.75,0.0,7.5,3.75,1.875,0.0,0.0,0.0
348,3,0.0,0.0,0.0,15.0,0.0,0.0,0.0,3.75,-6.5625,-1.875,0.0,4.6875,0.0,-11.25,-11.25,0.0,0.0,0.0,0.0,0.0,4.6875,0.0,0.0,-3.75,0.0,0.0,0.0,0.0,-7.5,0.0,-3.75,-7.5,0.0,-3.75,-15.0,0.0,0.0,-1.875,0.0,0.0,0.0,0.0,-10.3125,0.0,0.0,0.0,-1.875,3.75,-3.75,9.375,0.0,-3.75,0.0,0.0,0.0,8.4375,0.0,-15.0,0.0,0.0,0.0,7.5,0.0,15.0,7.5,0.0,0.0,0.0,-1.875
348,4,0.0,0.0,0.0,11.25,0.0,0.0,0.0,3.75,-7.5,-3.75,0.0,3.75,0.0,15.0,-7.5,0.0,0.0,0.0,0.0,0.0,3.75,-1.875,0.0,-7.5,0.0,0.0,0.0,0.0,-5.625,0.0,-3.75,-6.5625,0.0,-1.875,0.0,0.0,0.0,0.0,-1.875,0.0,0.0,0.0,-7.5,0.0,0.0,0.0,-1.875,7.5,-3.75,9.375,0.0,-6.5625,0.0,0.0,0.0,7.5,-3.75,-15.0,0.0,0.0,0.0,3.75,0.0,3.75,7.5,0.0,0.0,0.0,0.0
348,5,0.0,0.0,0.0,11.25,0.0,0.0,0.0,3.75,-7.5,-3.75,0.0,3.75,0.0,12.1875,-9.375,0.0,0.0,0.0,0.0,0.0,4.6875,-1.875,0.0,-7.5,0.0,0.0,0.0,0.0,-5.625,0.0,-3.75,-6.5625,0.0,-1.875,-3.75,0.0,0.9375,0.0,0.0,0.0,0.0,0.0,-6.5625,0.0,0.0,0.0,-1.875,7.5,-3.75,7.5,0.0,-6.5625,0.0,0.0,0.0,7.5,-3.75,-15.0,0.0,-1.875,0.0,3.75,0.0,0.0,7.5,0.0,0.0,0.0,0.0
349,3,0.0,0.0,0.0,14.0625,0.0,0.0,0.0,5.625,-6.5625,-3.75,0.0,3.75,0.0,11.25,-9.375,0.0,0.0,0.0,0.0,0.0,3.75,0.0,0.0,-3.75,0.0,0.9375,0.0,0.0,-7.5,0.0,-5.625,-9.375,0.0,-3.75,13.125,0.0,0.0,-1.875,0.0,0.0,0.0,0.0,-11.25,0.0,0.0,0.0,-1.875,3.75,-6.5625,7.5,0.0,-3.75,-1.875,0.0,0.0,7.5,-1.875,-17.8125,0.0,-1.875,-0.9375,0.0,0.0,15.0,7.5,0.0,0.0,0.0,-2.8125
349,4,0.0,0.0,0.0,13.125,0.0,0.0,0.0,3.75,-8.4375,-3.75,0.0,3.75,0.0,15.0,-7.5,0.0,0.0,0.0,0.0,0.0,3.75,-1.875,0.0,-7.5,0.0,0.0,0.0,0.0,-7.5,0.0,-5.625,-7.5,0.0,0.0,9.375,0.0,0.0,0.0,-1.875,0.0,0.0,0.0,-11.25,0.0,0.0,0.0,-1.875,7.5,-7.5,7.5,0.0,-7.5,-3.75,0.0,0.0,7.5,-3.75,-16.875,0.0,-3.75,0.0,0.0,0.0,3.75,5.625,0.0,0.0,0.0,-1.875
349,5,0.0,0.0,0.0,13.125,0.0,0.0,0.0,3.75,-7.5,-3.75,0.0,3.75,0.0,14.0625,-7.5,0.0,0.0,0.0,0.0,0.0,3.75,-1.875,0.0,-7.5,0.0,0.0,0.0,0.0,-7.5,0.0,-5.625,-7.5,0.0,0.0,8.4375,0.0,0.0,0.0,-1.875,0.0,0.0,0.0,-9.375,0.0,0.0,0.0,-1.875,7.5,-7.5,7.5,0.0,-7.5,-3.75,0.0,0.0,7.5,-3.75,-16.875,0.0,-3.75,-1.875,0.0,0.0,1.875,4.6875,0.0,0.0,0.0,-1.875
350,3,0.0,0.0,0.0,12.1875,0.0,0.0,0.0,4.6875,-5.625,-3.75,0.0,1.875,0.0,11.25,0.0,0.0,0.0,0.0,0.0,0.0,0.9375,0.0,0.0,-3.75,0.0,0.0,0.0,0.0,-11.25,0.0,-5.625,-11.25,0.0,-3.75,13.125,0.0,0.0,-2.8125,0.0,0.0,0.0,0.0,-11.25,-1.875,0.0,0.0,0.0,3.75,-7.5,4.6875,0.0,-3.75,-3.75,0.0,0.0,3.75,-3.75,-18.75,0.0,-3.75,-1.875,-3.75,0.0,16.875,3.75,0.0,0.0,0.0,-2.8125
350,4,0.0,0.0,0.0,12.1875,0.0,0.0,0.0,3.75,-10.3125,-7.5,0.0,3.75,0.0,13.125,0.0,0.0,0.0,-1.875,0.0,0.0,0.9375,-1.875,0.0,-7.5,0.0,0.0,0.0,0.0,-10.3125,0.0,-3.75,-7.5,0.0,0.0,11.25,0.0,0.0,-1.875,-1.875,0.0,0.0,0.0,-7.5,-1.875,0.0,0.0,0.0,4.6875,-9.375,4.6875,0.0,-7.5,-3.75,0.0,0.0,3.75,-5.625,-16.875,0.0,-3.75,-2.8125,-3.75,0.0,3.75,3.75,0.0,0.0,0.0,-1.875
350,5,0.0,0.0,0.0,11.25,0.0,0.0,0.0,4.6875,-10.3125,-7.5,0.0,3.75,0.0,12.1875,0.0,0.0,0.0,-1.875,0.0,0.0,0.9375,-1.875,0.0,-7.5,0.0,0.0,0.0,0.0,-9.375,0.0,-3.75,-9.375,0.0,0.0,11.25,0.0,0.0,-1.875,0.0,0.0,0.0,0.0,-7.5,-1.875,0.0,0.0,0.0,4.6875,-7.5,4.6875,0.0,-7.5,-3.75,0.0,0.0,3.75,-5.625,-15.0,0.0,-3.75,-2.8125,-2.8125,0.0,3.75,3.75,0.0,0.0,0.0,-1.875
351,3,0.0,0.0,0.0,11.25,0.0,0.0,0.0,3.75,-7.5,-5.625,0.0,0.9375,0.0,8.4375,7.5,0.0,0.0,-1.875,0.0,0.0,0.0,0.9375,0.0,-3.75,0.0,0.0,0.0,0.0,-11.25,0.0,-3.75,-11.25,0.9375,-2.8125,11.25,-0.9375,0.0,-3.75,0.9375,0.0,0.0,0.0,3.75,-1.875,0.0,0.0,0.9375,3.75,-9.375,1.875,0.0,0.0,-3.75,0.0,0.0,3.75,-3.75,-18.75,0.0,-3.75,-3.75,-5.625,-0.9375,15.0,3.75,0.0,0.0,0.0,0.0
351,4,0.0,0.0,0.0,11.25,0.0,0.0,0.0,3.75,-11.25,-9.375,0.0,0.9375,0.0,11.25,3.75,0.0,0.0,-3.75,0.0,0.0,0.0,0.0,0.0,-7.5,0.0,0.0,0.0,0.0,-10.3125,0.0,-1.875,-7.5,0.0,0.0,8.4375,-3.75,0.0,-1.875,0.0,0.0,0.0,0.0,0.0,-3.75,0.0,0.0,0.0,3.75,-11.25,3.75,0.0,-7.5,-6.5625,0.0,0.0,3.75,-7.5,-15.0,0.0,-6.5625,-3.75,-3.75,-1.875,7.5,3.75,0.0,0.0,0.0,0.0
351,5,0.0,0.0,0.0,11.25,0.0,0.0,0.0,3.75,-11.25,-10.3125,0.0,0.9375,0.0,11.25,3.75,0.0,0.0,-3.75,0.0,0.0,0.0,0.0,0.0,-7.5,0.0,0.0,0.0,0.0,-7.5,0.0,-1.875,-7.5,0.0,0.0,7.5,-3.75,0.0,-2.8125,0.0,0.0,0.0,0.0,0.0,-3.75,0.0,0.0,0.0,3.75,-11.25,3.75,0.0,-5.625,-6.5625,0.0,0.0,3.75,-7.5,-16.875,0.0,-7.5,-3.75,-3.75,-1.875,7.5,3.75,0.0,0.0,0.0,0.0
352,3,0.0,0.0,0.0,8.4375,0.0,-1.875,0.0,3.75,-7.5,-5.625,0.0,0.0,0.0,7.5,7.5,0.0,0.0,-1.875,0.0,0.0,0.0,3.75,0.0,3.75,0.0,-1.875,0.0,0.0,-11.25,0.0,-1.875,-11.25,0.9375,0.0,7.5,-1.875,0.0,-3.75,3.75,0.0,0.0,0.0,11.25,-1.875,0.0,0.0,0.0,1.875,-11.25,0.0,0.0,7.5,-6.5625,0.0,0.0,0.0,-3.75,-13.125,0.0,-4.6875,-3.75,5.625,-1.875,12.1875,0.9375,0.0,0.0,0.0,0.0
352,4,0.0,0.0,0.0,8.4375,0.0,-1.875,0.0,3.75,-11.25,-11.25,0.0,0.0,0.0,11.25,7.5,0.0,0.0,-3.75,0.0,0.0,0.0,0.0,0.0,-3.75,0.0,-1.875,0.0,0.0,-7.5,0.0,0.0,-7.5,0.0,0.0,7.5,-3.75,0.0,-1.875,0.9375,-1.875,0.0,0.0,7.5,-3.75,0.0,0.0,0.0,1.875,-11.25,0.0,0.0,0.0,-7.5,0.0,0.0,0.0,-7.5,-15.0,0.0,-7.5,-5.625,-7.5,-2.8125,7.5,0.9375,0.0,0.0,0.0,0.0
352,5,0.0,0.0,0.0,8.4375,0.0,-1.875,0.0,3.75,-11.25,-11.25,0.0,0.0,0.0,9.375,7.5,0.0,0.0,-3.75,0.0,0.0,0.0,0.0,0.0,-1.875,0.0,-1.875,0.0,0.0,-7.5,0.0,0.0,-6.5625,0.0,0.0,7.5,-3.75,0.0,-3.75,0.9375,-1.875,0.0,0.0,7.5,-3.75,0.0,0.0,0.0,3.75,-11.25,0.0,0.0,0.0,-7.5,0.0,0.0,0.9375,-7.5,-15.0,0.0,-7.5,-5.625,-7.5,-2.8125,8.4375,1.875,0.0,0.0,0.0,0.0
353,3,0.0,0.0,0.0,7.5,0.0,-2.8125,0.0,1.875,-5.625,-5.625,0.0,0.0,0.0,7.5,4.6875,0.0,0.0,-1.875,0.0,0.0,0.0,3.75,0.0,7.5,0.0,-3.75,0.0,0.0,-11.25,0.0,0.0,-7.5,3.75,0.0,7.5,0.0,0.0,-3.75,3.75,0.9375,0.0,0.0,11.25,-2.8125,0.0,0.0,0.0,0.9375,-11.25,0.0,0.0,7.5,-7.5,0.0,0.0,0.0,-6.5625,-7.5,0.0,-5.625,-5.625,16.875,-3.75,11.25,0.0,0.0,0.0,0.0,-1.875
353,4,0.0,0.0,0.0,7.5,0.0,-3.75,0.0,3.75,-11.25,-11.25,0.0,0.0,0.0,7.5,7.5,0.0,0.0,-3.75,0.0,0.0,0.0,0.0,0.0,7.5,0.0,-3.75,0.0,0.0,0.0,0.0,1.875,0.0,1.875,0.9375,5.625,-3.75,0.0,-3.75,3.75,0.0,0.0,0.0,11.25,-3.75,0.9375,0.0,0.0,0.9375,-11.25,0.0,0.0,3.75,-7.5,0.0,0.0,0.0,-11.25,15.0,0.0,-11.25,-7.5,-15.0,-3.75,9.375,0.0,0.0,0.0,0.0,0.0
353,5,0.0,0.0,0.0,7.5,0.0,-3.75,0.0,3.75,-11.25,-11.25,0.0,0.0,0.0,7.5,7.5,0.0,0.0,-3.75,0.0,0.0,0.0,1.875,0.0,7.5,0.0,-3.75,0.0,0.0,3.75,0.0,0.9375,-1.875,1.875,0.9375,4.6875,-3.75,0.0,-3.75,3.75,0.0,0.0,0.0,11.25,-3.75,0.9375,0.0,0.0,0.9375,-13.125,0.0,0.0,3.75,-7.5,0.0,0.0,0.0,-11.25,11.25,-1.875,-11.25,-7.5,-14.0625,-3.75,11.25,0.0,0.0,0.0,0.0,0.0
354,3,0.0,0.0,0.0,4.6875,0.0,-3.75,0.0,0.9375,-3.75,-5.625,0.0,0.0,0.0,3.75,3.75,0.0,0.0,-1.875,0.0,0.0,0.0,3.75,0.9375,8.4375,0.0,-3.75,0.0,0.0,7.5,0.0,0.0,-3.75,3.75,0.0,3.75,0.0,0.0,0.0,0.9375,3.75,0.0,0.0,7.5,-1.875,3.75,0.0,0.9375,1.875,-9.375,0.0,0.0,7.5,-5.625,0.0,0.0,0.0,-7.5,0.0,0.0,-7.5,-7.5,18.75,-3.75,8.4375,0.0,0.0,0.0,0.0,0.0
354,4,0.0,0.0,0.0,4.6875,0.0,-3.75,0.0,0.9375,-11.25,-13.125,0.0,0.0,0.0,5.625,3.75,0.0,0.0,-6.5625,0.0,0.0,0.0,0.9375,0.0,11.25,0.0,-3.75,0.0,0.0,7.5,0.0,3.75,0.0,3.75,0.0,3.75,-1.875,0.0,0.0,0.9375,0.0,0.0,0.0,7.5,-3.75,3.75,0.0,0.0,1.875,-11.25,0.0,0.0,7.5,-7.5,0.0,0.0,0.0,-11.25,11.25,0.0,-12.1875,-10.3125,-15.0,-5.625,7.5,0.0,0.0,0.0,0.0,0.0
354,5,0.0,0.0,0.0,4.6875,0.0,-3.75,0.0,0.9375,-7.5,-14.0625,0.0,0.0,0.0,5.625,3.75,0.0,0.0,-6.5625,0.0,0.0,0.0,0.9375,0.0,11.25,0.0,-3.75,0.0,0.0,7.5,0.0,3.75,0.0,3.75,0.0,3.75,-1.875,0.0,0.0,0.9375,0.0,0.0,0.0,8.4375,-3.75,3.75,0.0,0.0,1.875,-11.25,0.0,0.0,7.5,-7.5,0.0,0.0,0.0,-11.25,13.125,0.0,-11.25,-10.3125,-15.0,-5.625,7.5,0.0,0.0,0.0,0.0,0.0
355,3,0.0,0.0,0.0,3.75,0.0,-6.5625,0.0,0.0,0.0,-3.75,0.0,0.0,0.0,3.75,0.9375,0.0,0.0,-1.875,0.0,0.0,0.0,3.75,3.75,8.4375,0.0,-3.75,0.9375,0.0,3.75,0.0,0.0,-3.75,0.9375,0.0,0.9375,0.0,0.0,1.875,0.9375,3.75,0.0,0.0,7.5,0.0,3.75,0.0,3.75,0.0,-7.5,-1.875,0.0,7.5,-5.625,0.0,0.0,0.0,-7.5,3.75,0.0,-7.5,-7.5,18.75,-5.625,5.625,0.0,0.0,0.0,0.0,0.9375
355,4,0.0,0.0,0.0,3.75,0.0,-6.5625,0.0,0.0,7.5,-15.0,0.0,0.0,0.0,3.75,3.75,0.0,0.0,-3.75,0.0,0.0,0.0,3.75,0.0,11.25,0.0,-3.75,0.0,0.0,3.75,0.0,3.75,0.0,0.0,0.0,0.9375,0.0,0.0,0.0,0.9375,0.0,0.0,0.0,7.5,0.0,3.75,0.0,3.75,0.0,0.0,0.0,0.0,7.5,-3.75,0.0,0.0,0.0,-14.0625,11.25,-1.875,-15.0,-11.25,-15.0,-7.5,7.5,0.0,0.0,0.0,0.0,0.0
355,5,0.0,0.0,0.0,3.75,0.0,-6.5625,0.0,0.0,3.75,-11.25,0.0,0.0,0.0,3.75,3.75,0.0,0.0,-3.75,0.0,0.0,0.0,3.75,0.0,9.375,0.0,-3.75,0.0,0.0,3.75,0.0,3.75,0.9375,0.0,0.0,0.9375,0.0,0.0,0.0,0.9375,0.0,0.0,0.0,7.5,0.0,3.75,0.0,3.75,0.0,0.0,-1.875,0.0,7.5,-3.75,0.0,0.0,0.0,-14.0625,7.5,-1.875,-15.0,-11.25,-7.5,-7.5,7.5,0.0,0.0,0.0,0.0,0.0
356,3,0.0,0.0,0.0,0.9375,0.0,-7.5,0.0,0.0,0.0,4.6875,0.0,-0.9375,0.0,1.875,0.0,0.0,0.0,1.875,0.0,0.0,-1.875,0.9375,7.5,7.5,0.0,0.0,3.75,0.0,3.75,0.0,0.0,-1.875,0.0,0.0,0.0,0.9375,0.0,3.75,0.9375,3.75,0.0,0.0,7.5,0.0,3.75,0.0,0.0,-1.875,3.75,-3.75,0.0,3.75,0.0,0.0,0.0,0.0,-7.5,3.75,-1.875,-9.375,-9.375,18.75,-7.5,3.75,0.0,0.0,-1.875,0.0,1.875
356,4,0.0,0.0,0.0,0.9375,0.0,-7.5,0.0,0.0,7.5,0.0,0.0,-1.875,0.0,3.75,0.9375,0.0,0.0,0.0,0.0,0.0,-1.875,0.9375,3.75,8.4375,0.0,0.0,3.75,0.0,3.75,-1.875,1.875,0.0,0.0,0.0,0.0,0.0,0.0,0.0,0.9375,3.75,0.0,0.0,7.5,0.9375,3.75,0.0,0.0,0.0,7.5,-3.75,0.0,4.6875,3.75,0.0,0.0,0.0,-15.0,9.375,-1.875,-15.0,-14.0625,18.75,-9.375,3.75,0.0,0.0,-1.875,0.0,0.0
356,5,0.0,0.0,0.0,0.9375,0.0,-7.5,0.0,0.0,9.375,8.4375,0.0,-1.875,0.0,3.75,0.0,0.0,0.0,1.875,0.0,0.0,-1.875,0.9375,3.75,8.4375,0.0,0.0,3.75,0.0,3.75,-1.875,1.875,0.0,0.0,0.0,0.0,0.0,0.0,0.0,0.9375,3.75,0.0,0.0,7.5,0.9375,3.75,0.0,0.0,0.0,7.5,-3.75,0.0,4.6875,1.875,0.0,0.0,0.0,-15.0,9.375,-1.875,-15.0,-14.0625,15.0,-9.375,3.75,0.0,0.0,-1.875,0.0,0.0
357,3,0.0,0.0,0.0,0.0,0.0,-7.5,0.0,0.0,3.75,11.25,0.0,-1.875,0.0,0.0,0.0,0.0,0.0,5.625,0.0,0.0,-3.75,0.0,7.5,6.5625,0.0,3.75,0.9375,0.0,3.75,0.0,0.0,-0.9375,0.0,-1.875,0.0,3.75,0.0,3.75,0.0,3.75,0.0,0.0,3.75,0.0,3.75,0.0,0.0,0.0,4.6875,-1.875,0.0,3.75,0.9375,0.0,0.0,0.0,-10.3125,3.75,-1.875,-11.25,-11.25,18.75,-11.25,1.875,0.0,0.0,-1.875,0.0,0.9375
357,4,0.0,0.0,0.0,0.0,0.0,-7.5,0.0,0.0,11.25,15.0,0.0,-1.875,0.0,0.0,0.0,0.0,0.0,4.6875,0.0,0.0,-3.75,0.0,3.75,7.5,0.0,3.75,3.75,0.0,3.75,-3.75,0.0,0.0,0.0,-1.875,0.0,3.75,0.0,0.9375,0.0,3.75,0.0,0.0,3.75,0.9375,3.75,0.0,0.0,0.0,11.25,0.0,0.0,3.75,7.5,0.0,0.0,0.0,-15.0,7.5,0.0,-16.875,-15.0,16.875,-11.25,3.75,0.0,0.0,-1.875,0.0,0.9375
357,5,0.0,0.0,0.0,0.0,0.0,-7.5,0.0,0.0,11.25,16.875,0.0,-1.875,0.0,0.0,0.0,0.0,0.0,3.75,0.0,0.0,-3.75,0.0,5.625,7.5,0.0,3.75,3.75,0.0,3.75,-3.75,0.0,0.0,0.0,-1.875,0.0,3.75,0.0,3.75,0.0,3.75,0.0,0.0,3.75,3.75,3.75,0.0,0.0,0.0,11.25,0.0,0.0,3.75,7.5,0.0,0.0,0.0,-15.0,7.5,0.0,-16.875,-15.0,15.0,-11.25,3.75,0.0,0.0,-1.875,0.0,0.9375
358,3,0.0,0.0,0.0,0.0,0.0,-9.375,0.0,0.0,3.75,11.25,0.0,-2.8125,0.0,0.0,0.0,0.0,0.0,3.75,0.0,0.0,-3.75,0.0,7.5,3.75,0.0,3.75,3.75,0.0,0.0,0.0,0.0,-1.875,0.0,-3.75,0.0,3.75,0.0,3.75,-2.8125,3.75,0.0,0.0,0.0,0.0,3.75,0.0,0.0,-3.75,7.5,0.0,0.0,0.9375,3.75,-0.9375,0.0,0.9375,-7.5,0.9375,-1.875,-9.375,-11.25,15.9375,-13.125,0.0,0.0,0.0,-1.875,0.0,3.75
358,4,0.0,0.0,0.0,0.0,0.0,-7.5,0.0,0.0,7.5,15.9375,0.0,-2.8125,0.0,0.0,0.0,0.0,0.0,4.6875,0.0,0.0,-3.75,0.0,4.6875,4.6875,0.0,3.75,3.75,0.0,0.9375,-3.75,0.0,0.0,0.0,-3.75,0.0,3.75,0.0,3.75,-1.875,3.75,0.0,0.0,0.0,0.9375,3.75,0.0,0.0,-3.75,11.25,0.0,0.0,3.75,7.5,0.0,0.0,0.0,-15.0,7.5,0.0,-16.875,-16.875,15.0,-13.125,0.0,0.0,0.0,-1.875,0.0,1.875
358,5,0.0,0.0,0.0,0.0,0.0,-7.5,0.0,0.0,8.4375,15.0,0.0,-2.8125,0.0,0.0,0.0,0.0,0.0,3.75,0.0,0.0,-3.75,0.0,4.6875,4.6875,0.0,3.75,3.75,0.0,0.9375,-3.75,0.0,0.0,0.0,-3.75,0.0,3.75,0.0,3.75,-1.875,3.75,0.0,0.0,0.0,0.9375,3.75,0.0,0.0,-3.75,9.375,0.0,0.0,3.75,7.5,-1.875,0.0,0.0,-11.25,7.5,0.0,-15.0,-15.0,15.0,-13.125,0.0,0.0,0.0,-1.875,0.0,3.75
359,3,0.0,0.0,0.0,0.0,0.0,-7.5,0.0,0.0,0.9375,11.25,0.0,-2.8125,0.0,0.0,0.0,0.0,0.0,3.75,0.0,0.0,-3.75,0.0,4.6875,3.75,0.0,3.75,0.9375,0.0,0.0,-1.875,0.0,-1.875,-3.75,-3.75,0.0,1.875,0.0,3.75,0.0,0.9375,0.0,0.0,0.0,0.0,3.75,0.0,0.0,-5.625,6.5625,0.0,0.0,0.0,3.75,-2.8125,0.0,3.75,-1.875,0.0,-1.875,-7.5,-13.125,15.0,-15.0,0.0,0.0,0.0,-1.875,0.0,1.875
359,4,0.0,0.0,0.0,0.0,0.0,-3.75,0.0,0.0,7.5,15.0,0.0,-1.875,0.0,0.0,0.0,0.0,0.0,3.75,0.0,0.0,-3.75,0.0,3.75,3.75,0.0,3.75,1.875,0.0,0.0,-3.75,0.0,-1.875,-3.75,-3.75,0.0,0.9375,0.0,1.875,0.0,0.9375,0.0,0.0,0.0,0.0,3.75,0.0,0.0,-3.75,7.5,0.0,0.0,0.9375,7.5,-2.8125,0.0,0.9375,-7.5,3.75,0.0,-15.0,-15.9375,13.125,-15.0,0.0,0.0,0.0,0.0,0.0,0.9375
359,5,0.0,0.0,0.0,0.0,0.0,-7.5,0.0,0.0,7.5,15.0,0.0,-1.875,0.0,0.0,0.0,0.0,0.0,3.75,0.0,0.0,-3.75,0.0,4.6875,3.75,0.0,3.75,1.875,0.0,0.0,-3.75,0.0,-1.875,-3.75,-3.75,0.0,0.9375,0.0,1.875,0.0,0.9375,0.0,0.0,0.0,0.0,3.75,0.0,0.0,-3.75,8.4375,0.0,0.0,0.9375,7.5,-2.8125,0.0,3.75,0.0,3.75,0.0,-15.0,-16.875,12.1875,-15.0,0.0,0.0,0.0,0.0,0.0,0.9375
