type,geometry/type,geometry/coordinates/0,geometry/coordinates/1,properties/elevation,properties/elevation_source,properties/wind_weibull_a/0,properties/wind_weibull_a/1,properties/wind_weibull_a/2,properties/wind_weibull_a/3,properties/wind_weibull_a/4,properties/wind_weibull_a/5,properties/wind_weibull_a/6,properties/wind_weibull_a/7,properties/wind_weibull_a/8,properties/wind_weibull_a/9,properties/wind_weibull_a/10,properties/wind_weibull_a/11,properties/wind_weibull_a/12,properties/wind_weibull_a/13,properties/wind_weibull_a/14,properties/wind_weibull_a/15,properties/wind_weibull_k/0,properties/wind_weibull_k/1,properties/wind_weibull_k/2,properties/wind_weibull_k/3,properties/wind_weibull_k/4,properties/wind_weibull_k/5,properties/wind_weibull_k/6,properties/wind_weibull_k/7,properties/wind_weibull_k/8,properties/wind_weibull_k/9,properties/wind_weibull_k/10,properties/wind_weibull_k/11,properties/wind_weibull_k/12,properties/wind_weibull_k/13,properties/wind_weibull_k/14,properties/wind_weibull_k/15,properties/wind_sector_frequencies/0,properties/wind_sector_frequencies/1,properties/wind_sector_frequencies/2,properties/wind_sector_frequencies/3,properties/wind_sector_frequencies/4,properties/wind_sector_frequencies/5,properties/wind_sector_frequencies/6,properties/wind_sector_frequencies/7,properties/wind_sector_frequencies/8,properties/wind_sector_frequencies/9,properties/wind_sector_frequencies/10,properties/wind_sector_frequencies/11,properties/wind_sector_frequencies/12,properties/wind_sector_frequencies/13,properties/wind_sector_frequencies/14,properties/wind_sector_frequencies/15,properties/wind_speed_mean,properties/wind_distribution_source
Feature,Point,4.140831,52.643463,-25,GEBCO,10.59,10.59,10.59,10.59,10.59,10.59,10.59,10.59,10.59,10.59,10.59,10.59,10.59,10.59,10.59,10.59,2.24,2.24,2.24,2.24,2.24,2.24,2.24,2.24,2.24,2.24,2.24,2.24,2.24,2.24,2.24,2.24,3.9,3.6,4.6,4.6,5.3,4.4,3.7,4.2,5.6,8.1,13.6,11.5,8.2,7,6.4,5.5,9.379591662503499,VORTEX fdc (single Weibull distribution and sector frequencies)
Feature,Point,4.148233402238965,52.643463,-25,GEBCO,10.58,10.58,10.58,10.58,10.58,10.58,10.58,10.58,10.58,10.58,10.58,10.58,10.58,10.58,10.58,10.58,2.24,2.24,2.24,2.24,2.24,2.24,2.24,2.24,2.24,2.24,2.24,2.24,2.24,2.24,2.24,2.24,3.9,3.6,4.6,4.6,5.3,4.4,3.7,4.2,5.6,8.1,13.6,11.5,8.2,7,6.4,5.5,9.370734635437868,VORTEX fdc (single Weibull distribution and sector frequencies)
Feature,Point,4.15563580447793,52.643463,-25,GEBCO,10.58,10.58,10.58,10.58,10.58,10.58,10.58,10.58,10.58,10.58,10.58,10.58,10.58,10.58,10.58,10.58,2.25,2.25,2.25,2.25,2.25,2.25,2.25,2.25,2.25,2.25,2.25,2.25,2.25,2.25,2.25,2.25,4,3.6,4.6,4.6,5.3,4.4,3.6,4.2,5.6,8,13.6,11.5,8.1,6.9,6.4,5.5,9.37102820923033,VORTEX fdc (single Weibull distribution and sector frequencies)
Feature,Point,4.1630382067168945,52.643463,-24,GEBCO,10.58,10.58,10.58,10.58,10.58,10.58,10.58,10.58,10.58,10.58,10.58,10.58,10.58,10.58,10.58,10.58,2.25,2.25,2.25,2.25,2.25,2.25,2.25,2.25,2.25,2.25,2.25,2.25,2.25,2.25,2.25,2.25,4,3.6,4.6,4.6,5.3,4.4,3.6,4.2,5.6,8,13.6,11.5,8.1,6.9,6.4,5.5,9.37102820923033,VORTEX fdc (single Weibull distribution and sector frequencies)
Feature,Point,4.170440608955859,52.643463,-23,GEBCO,10.58,10.58,10.58,10.58,10.58,10.58,10.58,10.58,10.58,10.58,10.58,10.58,10.58,10.58,10.58,10.58,2.25,2.25,2.25,2.25,2.25,2.25,2.25,2.25,2.25,2.25,2.25,2.25,2.25,2.25,2.25,2.25,4,3.6,4.6,4.6,5.3,4.4,3.6,4.2,5.6,8,13.6,11.5,8.1,6.9,6.4,5.5,9.37102820923033,VORTEX fdc (single Weibull distribution and sector frequencies)
Feature,Point,4.177843011194824,52.643463,-24,GEBCO,10.58,10.58,10.58,10.58,10.58,10.58,10.58,10.58,10.58,10.58,10.58,10.58,10.58,10.58,10.58,10.58,2.25,2.25,2.25,2.25,2.25,2.25,2.25,2.25,2.25,2.25,2.25,2.25,2.25,2.25,2.25,2.25,4,3.6,4.6,4.7,5.3,4.4,3.6,4.2,5.6,7.9,13.6,11.6,8.1,7,6.3,5.4,9.37102820923033,VORTEX fdc (single Weibull distribution and sector frequencies)
Feature,Point,4.185245413433789,52.643463,-24,GEBCO,10.57,10.57,10.57,10.57,10.57,10.57,10.57,10.57,10.57,10.57,10.57,10.57,10.57,10.57,10.57,10.57,2.25,2.25,2.25,2.25,2.25,2.25,2.25,2.25,2.25,2.25,2.25,2.25,2.25,2.25,2.25,2.25,4,3.6,4.6,4.7,5.3,4.4,3.6,4.2,5.6,7.9,13.6,11.6,8.1,7,6.3,5.4,9.362170904684744,VORTEX fdc (single Weibull distribution and sector frequencies)
Feature,Point,4.192647815672754,52.643463,-25,GEBCO,10.57,10.57,10.57,10.57,10.57,10.57,10.57,10.57,10.57,10.57,10.57,10.57,10.57,10.57,10.57,10.57,2.25,2.25,2.25,2.25,2.25,2.25,2.25,2.25,2.25,2.25,2.25,2.25,2.25,2.25,2.25,2.25,4,3.6,4.6,4.7,5.3,4.4,3.6,4.2,5.6,7.9,13.6,11.6,8.1,7,6.3,5.4,9.362170904684744,VORTEX fdc (single Weibull distribution and sector frequencies)
Feature,Point,4.200050217911719,52.643463,-24,GEBCO,10.57,10.57,10.57,10.57,10.57,10.57,10.57,10.57,10.57,10.57,10.57,10.57,10.57,10.57,10.57,10.57,2.25,2.25,2.25,2.25,2.25,2.25,2.25,2.25,2.25,2.25,2.25,2.25,2.25,2.25,2.25,2.25,4,3.7,4.6,4.6,5.4,4.3,3.6,4.2,5.6,7.9,13.6,11.5,8.2,7,6.3,5.4,9.362170904684744,VORTEX fdc (single Weibull distribution and sector frequencies)
Feature,Point,4.207452620150684,52.643463,-23,GEBCO,10.56,10.56,10.56,10.56,10.56,10.56,10.56,10.56,10.56,10.56,10.56,10.56,10.56,10.56,10.56,10.56,2.25,2.25,2.25,2.25,2.25,2.25,2.25,2.25,2.25,2.25,2.25,2.25,2.25,2.25,2.25,2.25,4,3.7,4.6,4.6,5.4,4.3,3.6,4.2,5.6,7.9,13.6,11.5,8.2,7,6.3,5.4,9.353313600139158,VORTEX fdc (single Weibull distribution and sector frequencies)
Feature,Point,4.214855022389648,52.643463,-22,GEBCO,10.56,10.56,10.56,10.56,10.56,10.56,10.56,10.56,10.56,10.56,10.56,10.56,10.56,10.56,10.56,10.56,2.25,2.25,2.25,2.25,2.25,2.25,2.25,2.25,2.25,2.25,2.25,2.25,2.25,2.25,2.25,2.25,4,3.7,4.6,4.6,5.4,4.3,3.6,4.2,5.6,7.9,13.6,11.5,8.2,7,6.3,5.4,9.353313600139158,VORTEX fdc (single Weibull distribution and sector frequencies)
Feature,Point,4.222257424628613,52.643463,-21,GEBCO,10.56,10.56,10.56,10.56,10.56,10.56,10.56,10.56,10.56,10.56,10.56,10.56,10.56,10.56,10.56,10.56,2.25,2.25,2.25,2.25,2.25,2.25,2.25,2.25,2.25,2.25,2.25,2.25,2.25,2.25,2.25,2.25,4,3.7,4.6,4.6,5.4,4.3,3.6,4.2,5.6,7.9,13.6,11.5,8.2,7,6.3,5.4,9.353313600139158,VORTEX fdc (single Weibull distribution and sector frequencies)
Feature,Point,4.229659826867578,52.643463,-20,GEBCO,10.56,10.56,10.56,10.56,10.56,10.56,10.56,10.56,10.56,10.56,10.56,10.56,10.56,10.56,10.56,10.56,2.25,2.25,2.25,2.25,2.25,2.25,2.25,2.25,2.25,2.25,2.25,2.25,2.25,2.25,2.25,2.25,4,3.7,4.6,4.7,5.4,4.3,3.6,4.2,5.7,7.9,13.6,11.5,8.2,7,6.3,5.5,9.353313600139158,VORTEX fdc (single Weibull distribution and sector frequencies)
Feature,Point,4.2370622291065425,52.643463,-21,GEBCO,10.55,10.55,10.55,10.55,10.55,10.55,10.55,10.55,10.55,10.55,10.55,10.55,10.55,10.55,10.55,10.55,2.25,2.25,2.25,2.25,2.25,2.25,2.25,2.25,2.25,2.25,2.25,2.25,2.25,2.25,2.25,2.25,4,3.7,4.6,4.7,5.4,4.3,3.6,4.2,5.7,7.9,13.6,11.5,8.2,7,6.3,5.5,9.344456295593572,VORTEX fdc (single Weibull distribution and sector frequencies)
Feature,Point,4.244464631345507,52.643463,-23,GEBCO,10.55,10.55,10.55,10.55,10.55,10.55,10.55,10.55,10.55,10.55,10.55,10.55,10.55,10.55,10.55,10.55,2.25,2.25,2.25,2.25,2.25,2.25,2.25,2.25,2.25,2.25,2.25,2.25,2.25,2.25,2.25,2.25,4,3.7,4.6,4.7,5.4,4.3,3.6,4.2,5.7,7.9,13.6,11.5,8.2,7,6.3,5.5,9.344456295593572,VORTEX fdc (single Weibull distribution and sector frequencies)
Feature,Point,4.251867033584472,52.643463,-25,GEBCO,10.55,10.55,10.55,10.55,10.55,10.55,10.55,10.55,10.55,10.55,10.55,10.55,10.55,10.55,10.55,10.55,2.25,2.25,2.25,2.25,2.25,2.25,2.25,2.25,2.25,2.25,2.25,2.25,2.25,2.25,2.25,2.25,4,3.7,4.5,4.6,5.4,4.4,3.6,4.1,5.6,8,13.5,11.5,8.2,7,6.3,5.4,9.344456295593572,VORTEX fdc (single Weibull distribution and sector frequencies)
Feature,Point,4.259269435823437,52.643463,-25,GEBCO,10.55,10.55,10.55,10.55,10.55,10.55,10.55,10.55,10.55,10.55,10.55,10.55,10.55,10.55,10.55,10.55,2.26,2.26,2.26,2.26,2.26,2.26,2.26,2.26,2.26,2.26,2.26,2.26,2.26,2.26,2.26,2.26,4,3.7,4.5,4.6,5.4,4.4,3.6,4.1,5.6,8,13.5,11.5,8.2,7,6.3,5.4,9.344782143799005,VORTEX fdc (single Weibull distribution and sector frequencies)
Feature,Point,4.266671838062401,52.643463,-24,GEBCO,10.54,10.54,10.54,10.54,10.54,10.54,10.54,10.54,10.54,10.54,10.54,10.54,10.54,10.54,10.54,10.54,2.25,2.25,2.25,2.25,2.25,2.25,2.25,2.25,2.25,2.25,2.25,2.25,2.25,2.25,2.25,2.25,4,3.7,4.5,4.6,5.4,4.4,3.6,4.1,5.6,8,13.5,11.5,8.2,7,6.3,5.4,9.335598991047984,VORTEX fdc (single Weibull distribution and sector frequencies)
Feature,Point,4.274074240301366,52.643463,-23,GEBCO,10.54,10.54,10.54,10.54,10.54,10.54,10.54,10.54,10.54,10.54,10.54,10.54,10.54,10.54,10.54,10.54,2.25,2.25,2.25,2.25,2.25,2.25,2.25,2.25,2.25,2.25,2.25,2.25,2.25,2.25,2.25,2.25,4,3.7,4.5,4.6,5.4,4.4,3.6,4.1,5.6,8,13.5,11.5,8.2,7,6.3,5.4,9.335598991047984,VORTEX fdc (single Weibull distribution and sector frequencies)
Feature,Point,4.281476642540331,52.643463,-23,GEBCO,10.54,10.54,10.54,10.54,10.54,10.54,10.54,10.54,10.54,10.54,10.54,10.54,10.54,10.54,10.54,10.54,2.26,2.26,2.26,2.26,2.26,2.26,2.26,2.26,2.26,2.26,2.26,2.26,2.26,2.26,2.26,2.26,4.1,3.7,4.5,4.7,5.4,4.3,3.6,4.2,5.6,8.1,13.5,11.5,8.3,7,6.2,5.4,9.335924530392559,VORTEX fdc (single Weibull distribution and sector frequencies)
Feature,Point,4.288879044779296,52.643463,-22,GEBCO,10.53,10.53,10.53,10.53,10.53,10.53,10.53,10.53,10.53,10.53,10.53,10.53,10.53,10.53,10.53,10.53,2.26,2.26,2.26,2.26,2.26,2.26,2.26,2.26,2.26,2.26,2.26,2.26,2.26,2.26,2.26,2.26,4.1,3.7,4.5,4.7,5.4,4.3,3.6,4.2,5.6,8.1,13.5,11.5,8.3,7,6.2,5.4,9.327066916986114,VORTEX fdc (single Weibull distribution and sector frequencies)
Feature,Point,4.296281447018261,52.643463,-22,GEBCO,10.52,10.52,10.52,10.52,10.52,10.52,10.52,10.52,10.52,10.52,10.52,10.52,10.52,10.52,10.52,10.52,2.26,2.26,2.26,2.26,2.26,2.26,2.26,2.26,2.26,2.26,2.26,2.26,2.26,2.26,2.26,2.26,4.1,3.7,4.5,4.7,5.4,4.3,3.6,4.2,5.6,8.1,13.5,11.5,8.3,7,6.2,5.4,9.31820930357967,VORTEX fdc (single Weibull distribution and sector frequencies)
Feature,Point,4.303683849257226,52.643463,-22,GEBCO,10.52,10.52,10.52,10.52,10.52,10.52,10.52,10.52,10.52,10.52,10.52,10.52,10.52,10.52,10.52,10.52,2.26,2.26,2.26,2.26,2.26,2.26,2.26,2.26,2.26,2.26,2.26,2.26,2.26,2.26,2.26,2.26,4.1,3.7,4.4,4.7,5.3,4.4,3.6,4.1,5.6,8.1,13.4,11.6,8.3,7,6.2,5.4,9.31820930357967,VORTEX fdc (single Weibull distribution and sector frequencies)
Feature,Point,4.3110862514961905,52.643463,-21,GEBCO,10.52,10.52,10.52,10.52,10.52,10.52,10.52,10.52,10.52,10.52,10.52,10.52,10.52,10.52,10.52,10.52,2.26,2.26,2.26,2.26,2.26,2.26,2.26,2.26,2.26,2.26,2.26,2.26,2.26,2.26,2.26,2.26,4.1,3.7,4.4,4.7,5.3,4.4,3.6,4.1,5.6,8.1,13.4,11.6,8.3,7,6.2,5.4,9.31820930357967,VORTEX fdc (single Weibull distribution and sector frequencies)
Feature,Point,4.318488653735155,52.643463,-20,GEBCO,10.51,10.51,10.51,10.51,10.51,10.51,10.51,10.51,10.51,10.51,10.51,10.51,10.51,10.51,10.51,10.51,2.26,2.26,2.26,2.26,2.26,2.26,2.26,2.26,2.26,2.26,2.26,2.26,2.26,2.26,2.26,2.26,4.1,3.7,4.4,4.7,5.3,4.4,3.6,4.1,5.6,8.1,13.4,11.6,8.3,7,6.2,5.4,9.309351690173225,VORTEX fdc (single Weibull distribution and sector frequencies)
Feature,Point,4.32589105597412,52.643463,-20,GEBCO,10.51,10.51,10.51,10.51,10.51,10.51,10.51,10.51,10.51,10.51,10.51,10.51,10.51,10.51,10.51,10.51,2.26,2.26,2.26,2.26,2.26,2.26,2.26,2.26,2.26,2.26,2.26,2.26,2.26,2.26,2.26,2.26,4.1,3.7,4.4,4.7,5.4,4.4,3.6,4.1,5.6,8.1,13.5,11.5,8.2,7.1,6.2,5.4,9.309351690173225,VORTEX fdc (single Weibull distribution and sector frequencies)
Feature,Point,4.333293458213085,52.643463,-20,GEBCO,10.51,10.51,10.51,10.51,10.51,10.51,10.51,10.51,10.51,10.51,10.51,10.51,10.51,10.51,10.51,10.51,2.26,2.26,2.26,2.26,2.26,2.26,2.26,2.26,2.26,2.26,2.26,2.26,2.26,2.26,2.26,2.26,4.1,3.7,4.4,4.7,5.4,4.4,3.6,4.1,5.6,8.1,13.5,11.5,8.2,7.1,6.2,5.4,9.309351690173225,VORTEX fdc (single Weibull distribution and sector frequencies)
Feature,Point,4.340695860452049,52.643463,-21,GEBCO,10.5,10.5,10.5,10.5,10.5,10.5,10.5,10.5,10.5,10.5,10.5,10.5,10.5,10.5,10.5,10.5,2.26,2.26,2.26,2.26,2.26,2.26,2.26,2.26,2.26,2.26,2.26,2.26,2.26,2.26,2.26,2.26,4.1,3.7,4.4,4.7,5.4,4.4,3.6,4.1,5.6,8.1,13.5,11.5,8.2,7.1,6.2,5.4,9.300494076766782,VORTEX fdc (single Weibull distribution and sector frequencies)
Feature,Point,4.348098262691014,52.643463,-21,GEBCO,10.49,10.49,10.49,10.49,10.49,10.49,10.49,10.49,10.49,10.49,10.49,10.49,10.49,10.49,10.49,10.49,2.26,2.26,2.26,2.26,2.26,2.26,2.26,2.26,2.26,2.26,2.26,2.26,2.26,2.26,2.26,2.26,4.1,3.7,4.4,4.7,5.4,4.4,3.6,4.1,5.6,8.1,13.5,11.5,8.2,7.1,6.2,5.4,9.291636463360337,VORTEX fdc (single Weibull distribution and sector frequencies)
Feature,Point,4.355500664929979,52.643463,-20,GEBCO,10.49,10.49,10.49,10.49,10.49,10.49,10.49,10.49,10.49,10.49,10.49,10.49,10.49,10.49,10.49,10.49,2.26,2.26,2.26,2.26,2.26,2.26,2.26,2.26,2.26,2.26,2.26,2.26,2.26,2.26,2.26,2.26,4.1,3.7,4.4,4.7,5.4,4.4,3.6,4.1,5.6,8.1,13.4,11.6,8.2,7.1,6.2,5.4,9.291636463360337,VORTEX fdc (single Weibull distribution and sector frequencies)
Feature,Point,4.140831,52.647954576420595,-24,GEBCO,10.6,10.6,10.6,10.6,10.6,10.6,10.6,10.6,10.6,10.6,10.6,10.6,10.6,10.6,10.6,10.6,2.24,2.24,2.24,2.24,2.24,2.24,2.24,2.24,2.24,2.24,2.24,2.24,2.24,2.24,2.24,2.24,3.9,3.6,4.6,4.6,5.3,4.4,3.7,4.2,5.6,8.1,13.6,11.5,8.2,7,6.4,5.5,9.388448689569131,VORTEX fdc (single Weibull distribution and sector frequencies)
Feature,Point,4.148233402238965,52.647954576420595,-25,GEBCO,10.59,10.59,10.59,10.59,10.59,10.59,10.59,10.59,10.59,10.59,10.59,10.59,10.59,10.59,10.59,10.59,2.24,2.24,2.24,2.24,2.24,2.24,2.24,2.24,2.24,2.24,2.24,2.24,2.24,2.24,2.24,2.24,3.9,3.6,4.6,4.6,5.3,4.4,3.7,4.2,5.6,8.1,13.6,11.5,8.2,7,6.4,5.5,9.379591662503499,VORTEX fdc (single Weibull distribution and sector frequencies)
Feature,Point,4.15563580447793,52.647954576420595,-25,GEBCO,10.59,10.59,10.59,10.59,10.59,10.59,10.59,10.59,10.59,10.59,10.59,10.59,10.59,10.59,10.59,10.59,2.25,2.25,2.25,2.25,2.25,2.25,2.25,2.25,2.25,2.25,2.25,2.25,2.25,2.25,2.25,2.25,4,3.6,4.6,4.6,5.3,4.4,3.6,4.2,5.6,8,13.6,11.5,8.1,6.9,6.4,5.5,9.379885513775916,VORTEX fdc (single Weibull distribution and sector frequencies)
Feature,Point,4.1630382067168945,52.647954576420595,-24,GEBCO,10.59,10.59,10.59,10.59,10.59,10.59,10.59,10.59,10.59,10.59,10.59,10.59,10.59,10.59,10.59,10.59,2.25,2.25,2.25,2.25,2.25,2.25,2.25,2.25,2.25,2.25,2.25,2.25,2.25,2.25,2.25,2.25,4,3.6,4.6,4.6,5.3,4.4,3.6,4.2,5.6,8,13.6,11.5,8.1,6.9,6.4,5.5,9.379885513775916,VORTEX fdc (single Weibull distribution and sector frequencies)
Feature,Point,4.170440608955859,52.647954576420595,-24,GEBCO,10.59,10.59,10.59,10.59,10.59,10.59,10.59,10.59,10.59,10.59,10.59,10.59,10.59,10.59,10.59,10.59,2.25,2.25,2.25,2.25,2.25,2.25,2.25,2.25,2.25,2.25,2.25,2.25,2.25,2.25,2.25,2.25,4,3.6,4.6,4.6,5.3,4.4,3.6,4.2,5.6,8,13.6,11.5,8.1,6.9,6.4,5.5,9.379885513775916,VORTEX fdc (single Weibull distribution and sector frequencies)
Feature,Point,4.177843011194824,52.647954576420595,-24,GEBCO,10.58,10.58,10.58,10.58,10.58,10.58,10.58,10.58,10.58,10.58,10.58,10.58,10.58,10.58,10.58,10.58,2.25,2.25,2.25,2.25,2.25,2.25,2.25,2.25,2.25,2.25,2.25,2.25,2.25,2.25,2.25,2.25,4,3.6,4.6,4.7,5.3,4.4,3.6,4.2,5.6,7.9,13.6,11.6,8.1,7,6.3,5.4,9.37102820923033,VORTEX fdc (single Weibull distribution and sector frequencies)
Feature,Point,4.185245413433789,52.647954576420595,-24,GEBCO,10.58,10.58,10.58,10.58,10.58,10.58,10.58,10.58,10.58,10.58,10.58,10.58,10.58,10.58,10.58,10.58,2.25,2.25,2.25,2.25,2.25,2.25,2.25,2.25,2.25,2.25,2.25,2.25,2.25,2.25,2.25,2.25,4,3.6,4.6,4.7,5.3,4.4,3.6,4.2,5.6,7.9,13.6,11.6,8.1,7,6.3,5.4,9.37102820923033,VORTEX fdc (single Weibull distribution and sector frequencies)
Feature,Point,4.192647815672754,52.647954576420595,-25,GEBCO,10.58,10.58,10.58,10.58,10.58,10.58,10.58,10.58,10.58,10.58,10.58,10.58,10.58,10.58,10.58,10.58,2.25,2.25,2.25,2.25,2.25,2.25,2.25,2.25,2.25,2.25,2.25,2.25,2.25,2.25,2.25,2.25,4,3.6,4.6,4.7,5.3,4.4,3.6,4.2,5.6,7.9,13.6,11.6,8.1,7,6.3,5.4,9.37102820923033,VORTEX fdc (single Weibull distribution and sector frequencies)
Feature,Point,4.200050217911719,52.647954576420595,-24,GEBCO,10.57,10.57,10.57,10.57,10.57,10.57,10.57,10.57,10.57,10.57,10.57,10.57,10.57,10.57,10.57,10.57,2.25,2.25,2.25,2.25,2.25,2.25,2.25,2.25,2.25,2.25,2.25,2.25,2.25,2.25,2.25,2.25,4,3.7,4.6,4.6,5.4,4.3,3.6,4.2,5.6,7.9,13.6,11.5,8.2,7,6.3,5.4,9.362170904684744,VORTEX fdc (single Weibull distribution and sector frequencies)
Feature,Point,4.207452620150684,52.647954576420595,-24,GEBCO,10.57,10.57,10.57,10.57,10.57,10.57,10.57,10.57,10.57,10.57,10.57,10.57,10.57,10.57,10.57,10.57,2.25,2.25,2.25,2.25,2.25,2.25,2.25,2.25,2.25,2.25,2.25,2.25,2.25,2.25,2.25,2.25,4,3.7,4.6,4.6,5.4,4.3,3.6,4.2,5.6,7.9,13.6,11.5,8.2,7,6.3,5.4,9.362170904684744,VORTEX fdc (single Weibull distribution and sector frequencies)
Feature,Point,4.214855022389648,52.647954576420595,-22,GEBCO,10.57,10.57,10.57,10.57,10.57,10.57,10.57,10.57,10.57,10.57,10.57,10.57,10.57,10.57,10.57,10.57,2.25,2.25,2.25,2.25,2.25,2.25,2.25,2.25,2.25,2.25,2.25,2.25,2.25,2.25,2.25,2.25,4,3.7,4.6,4.6,5.4,4.3,3.6,4.2,5.6,7.9,13.6,11.5,8.2,7,6.3,5.4,9.362170904684744,VORTEX fdc (single Weibull distribution and sector frequencies)
Feature,Point,4.222257424628613,52.647954576420595,-21,GEBCO,10.56,10.56,10.56,10.56,10.56,10.56,10.56,10.56,10.56,10.56,10.56,10.56,10.56,10.56,10.56,10.56,2.25,2.25,2.25,2.25,2.25,2.25,2.25,2.25,2.25,2.25,2.25,2.25,2.25,2.25,2.25,2.25,4,3.7,4.6,4.6,5.4,4.3,3.6,4.2,5.6,7.9,13.6,11.5,8.2,7,6.3,5.4,9.353313600139158,VORTEX fdc (single Weibull distribution and sector frequencies)
Feature,Point,4.229659826867578,52.647954576420595,-20,GEBCO,10.56,10.56,10.56,10.56,10.56,10.56,10.56,10.56,10.56,10.56,10.56,10.56,10.56,10.56,10.56,10.56,2.25,2.25,2.25,2.25,2.25,2.25,2.25,2.25,2.25,2.25,2.25,2.25,2.25,2.25,2.25,2.25,4,3.7,4.6,4.7,5.4,4.3,3.6,4.2,5.7,7.9,13.6,11.5,8.2,7,6.3,5.5,9.353313600139158,VORTEX fdc (single Weibull distribution and sector frequencies)
Feature,Point,4.2370622291065425,52.647954576420595,-20,GEBCO,10.56,10.56,10.56,10.56,10.56,10.56,10.56,10.56,10.56,10.56,10.56,10.56,10.56,10.56,10.56,10.56,2.25,2.25,2.25,2.25,2.25,2.25,2.25,2.25,2.25,2.25,2.25,2.25,2.25,2.25,2.25,2.25,4,3.7,4.6,4.7,5.4,4.3,3.6,4.2,5.7,7.9,13.6,11.5,8.2,7,6.3,5.5,9.353313600139158,VORTEX fdc (single Weibull distribution and sector frequencies)
Feature,Point,4.244464631345507,52.647954576420595,-22,GEBCO,10.56,10.56,10.56,10.56,10.56,10.56,10.56,10.56,10.56,10.56,10.56,10.56,10.56,10.56,10.56,10.56,2.25,2.25,2.25,2.25,2.25,2.25,2.25,2.25,2.25,2.25,2.25,2.25,2.25,2.25,2.25,2.25,4,3.7,4.6,4.7,5.4,4.3,3.6,4.2,5.7,7.9,13.6,11.5,8.2,7,6.3,5.5,9.353313600139158,VORTEX fdc (single Weibull distribution and sector frequencies)
Feature,Point,4.251867033584472,52.647954576420595,-25,GEBCO,10.56,10.56,10.56,10.56,10.56,10.56,10.56,10.56,10.56,10.56,10.56,10.56,10.56,10.56,10.56,10.56,2.25,2.25,2.25,2.25,2.25,2.25,2.25,2.25,2.25,2.25,2.25,2.25,2.25,2.25,2.25,2.25,4,3.7,4.5,4.6,5.4,4.4,3.6,4.1,5.6,8,13.5,11.5,8.2,7,6.3,5.4,9.353313600139158,VORTEX fdc (single Weibull distribution and sector frequencies)
Feature,Point,4.259269435823437,52.647954576420595,-25,GEBCO,10.55,10.55,10.55,10.55,10.55,10.55,10.55,10.55,10.55,10.55,10.55,10.55,10.55,10.55,10.55,10.55,2.25,2.25,2.25,2.25,2.25,2.25,2.25,2.25,2.25,2.25,2.25,2.25,2.25,2.25,2.25,2.25,4,3.7,4.5,4.6,5.4,4.4,3.6,4.1,5.6,8,13.5,11.5,8.2,7,6.3,5.4,9.344456295593572,VORTEX fdc (single Weibull distribution and sector frequencies)
Feature,Point,4.266671838062401,52.647954576420595,-24,GEBCO,10.55,10.55,10.55,10.55,10.55,10.55,10.55,10.55,10.55,10.55,10.55,10.55,10.55,10.55,10.55,10.55,2.25,2.25,2.25,2.25,2.25,2.25,2.25,2.25,2.25,2.25,2.25,2.25,2.25,2.25,2.25,2.25,4,3.7,4.5,4.6,5.4,4.4,3.6,4.1,5.6,8,13.5,11.5,8.2,7,6.3,5.4,9.344456295593572,VORTEX fdc (single Weibull distribution and sector frequencies)
Feature,Point,4.274074240301366,52.647954576420595,-24,GEBCO,10.55,10.55,10.55,10.55,10.55,10.55,10.55,10.55,10.55,10.55,10.55,10.55,10.55,10.55,10.55,10.55,2.25,2.25,2.25,2.25,2.25,2.25,2.25,2.25,2.25,2.25,2.25,2.25,2.25,2.25,2.25,2.25,4,3.7,4.5,4.6,5.4,4.4,3.6,4.1,5.6,8,13.5,11.5,8.2,7,6.3,5.4,9.344456295593572,VORTEX fdc (single Weibull distribution and sector frequencies)
Feature,Point,4.281476642540331,52.647954576420595,-23,GEBCO,10.54,10.54,10.54,10.54,10.54,10.54,10.54,10.54,10.54,10.54,10.54,10.54,10.54,10.54,10.54,10.54,2.25,2.25,2.25,2.25,2.25,2.25,2.25,2.25,2.25,2.25,2.25,2.25,2.25,2.25,2.25,2.25,4.1,3.7,4.5,4.7,5.4,4.3,3.6,4.2,5.6,8.1,13.5,11.5,8.3,7,6.2,5.4,9.335598991047984,VORTEX fdc (single Weibull distribution and sector frequencies)
Feature,Point,4.288879044779296,52.647954576420595,-23,GEBCO,10.54,10.54,10.54,10.54,10.54,10.54,10.54,10.54,10.54,10.54,10.54,10.54,10.54,10.54,10.54,10.54,2.25,2.25,2.25,2.25,2.25,2.25,2.25,2.25,2.25,2.25,2.25,2.25,2.25,2.25,2.25,2.25,4.1,3.7,4.5,4.7,5.4,4.3,3.6,4.2,5.6,8.1,13.5,11.5,8.3,7,6.2,5.4,9.335598991047984,VORTEX fdc (single Weibull distribution and sector frequencies)
Feature,Point,4.296281447018261,52.647954576420595,-22,GEBCO,10.53,10.53,10.53,10.53,10.53,10.53,10.53,10.53,10.53,10.53,10.53,10.53,10.53,10.53,10.53,10.53,2.25,2.25,2.25,2.25,2.25,2.25,2.25,2.25,2.25,2.25,2.25,2.25,2.25,2.25,2.25,2.25,4.1,3.7,4.5,4.7,5.4,4.3,3.6,4.2,5.6,8.1,13.5,11.5,8.3,7,6.2,5.4,9.326741686502398,VORTEX fdc (single Weibull distribution and sector frequencies)
Feature,Point,4.303683849257226,52.647954576420595,-22,GEBCO,10.53,10.53,10.53,10.53,10.53,10.53,10.53,10.53,10.53,10.53,10.53,10.53,10.53,10.53,10.53,10.53,2.25,2.25,2.25,2.25,2.25,2.25,2.25,2.25,2.25,2.25,2.25,2.25,2.25,2.25,2.25,2.25,4.1,3.7,4.4,4.7,5.3,4.4,3.6,4.1,5.6,8.1,13.4,11.6,8.3,7,6.2,5.4,9.326741686502398,VORTEX fdc (single Weibull distribution and sector frequencies)
Feature,Point,4.3110862514961905,52.647954576420595,-21,GEBCO,10.52,10.52,10.52,10.52,10.52,10.52,10.52,10.52,10.52,10.52,10.52,10.52,10.52,10.52,10.52,10.52,2.26,2.26,2.26,2.26,2.26,2.26,2.26,2.26,2.26,2.26,2.26,2.26,2.26,2.26,2.26,2.26,4.1,3.7,4.4,4.7,5.3,4.4,3.6,4.1,5.6,8.1,13.4,11.6,8.3,7,6.2,5.4,9.31820930357967,VORTEX fdc (single Weibull distribution and sector frequencies)
Feature,Point,4.318488653735155,52.647954576420595,-20,GEBCO,10.52,10.52,10.52,10.52,10.52,10.52,10.52,10.52,10.52,10.52,10.52,10.52,10.52,10.52,10.52,10.52,2.26,2.26,2.26,2.26,2.26,2.26,2.26,2.26,2.26,2.26,2.26,2.26,2.26,2.26,2.26,2.26,4.1,3.7,4.4,4.7,5.3,4.4,3.6,4.1,5.6,8.1,13.4,11.6,8.3,7,6.2,5.4,9.31820930357967,VORTEX fdc (single Weibull distribution and sector frequencies)
Feature,Point,4.32589105597412,52.647954576420595,-20,GEBCO,10.51,10.51,10.51,10.51,10.51,10.51,10.51,10.51,10.51,10.51,10.51,10.51,10.51,10.51,10.51,10.51,2.26,2.26,2.26,2.26,2.26,2.26,2.26,2.26,2.26,2.26,2.26,2.26,2.26,2.26,2.26,2.26,4.1,3.7,4.4,4.7,5.4,4.4,3.6,4.1,5.6,8.1,13.5,11.5,8.2,7.1,6.2,5.4,9.309351690173225,VORTEX fdc (single Weibull distribution and sector frequencies)
Feature,Point,4.333293458213085,52.647954576420595,-20,GEBCO,10.51,10.51,10.51,10.51,10.51,10.51,10.51,10.51,10.51,10.51,10.51,10.51,10.51,10.51,10.51,10.51,2.26,2.26,2.26,2.26,2.26,2.26,2.26,2.26,2.26,2.26,2.26,2.26,2.26,2.26,2.26,2.26,4.1,3.7,4.4,4.7,5.4,4.4,3.6,4.1,5.6,8.1,13.5,11.5,8.2,7.1,6.2,5.4,9.309351690173225,VORTEX fdc (single Weibull distribution and sector frequencies)
Feature,Point,4.340695860452049,52.647954576420595,-20,GEBCO,10.5,10.5,10.5,10.5,10.5,10.5,10.5,10.5,10.5,10.5,10.5,10.5,10.5,10.5,10.5,10.5,2.26,2.26,2.26,2.26,2.26,2.26,2.26,2.26,2.26,2.26,2.26,2.26,2.26,2.26,2.26,2.26,4.1,3.7,4.4,4.7,5.4,4.4,3.6,4.1,5.6,8.1,13.5,11.5,8.2,7.1,6.2,5.4,9.300494076766782,VORTEX fdc (single Weibull distribution and sector frequencies)
Feature,Point,4.348098262691014,52.647954576420595,-21,GEBCO,10.5,10.5,10.5,10.5,10.5,10.5,10.5,10.5,10.5,10.5,10.5,10.5,10.5,10.5,10.5,10.5,2.26,2.26,2.26,2.26,2.26,2.26,2.26,2.26,2.26,2.26,2.26,2.26,2.26,2.26,2.26,2.26,4.1,3.7,4.4,4.7,5.4,4.4,3.6,4.1,5.6,8.1,13.5,11.5,8.2,7.1,6.2,5.4,9.300494076766782,VORTEX fdc (single Weibull distribution and sector frequencies)
Feature,Point,4.355500664929979,52.647954576420595,-20,GEBCO,10.49,10.49,10.49,10.49,10.49,10.49,10.49,10.49,10.49,10.49,10.49,10.49,10.49,10.49,10.49,10.49,2.26,2.26,2.26,2.26,2.26,2.26,2.26,2.26,2.26,2.26,2.26,2.26,2.26,2.26,2.26,2.26,4.1,3.7,4.4,4.7,5.4,4.4,3.6,4.1,5.6,8.1,13.4,11.6,8.2,7.1,6.2,5.4,9.291636463360337,VORTEX fdc (single Weibull distribution and sector frequencies)
Feature,Point,4.140831,52.65244615284119,-24,GEBCO,10.6,10.6,10.6,10.6,10.6,10.6,10.6,10.6,10.6,10.6,10.6,10.6,10.6,10.6,10.6,10.6,2.24,2.24,2.24,2.24,2.24,2.24,2.24,2.24,2.24,2.24,2.24,2.24,2.24,2.24,2.24,2.24,3.9,3.6,4.6,4.6,5.3,4.5,3.6,4.2,5.5,8.1,13.5,11.5,8.1,7,6.4,5.5,9.388448689569131,VORTEX fdc (single Weibull distribution and sector frequencies)
Feature,Point,4.148233402238965,52.65244615284119,-25,GEBCO,10.59,10.59,10.59,10.59,10.59,10.59,10.59,10.59,10.59,10.59,10.59,10.59,10.59,10.59,10.59,10.59,2.24,2.24,2.24,2.24,2.24,2.24,2.24,2.24,2.24,2.24,2.24,2.24,2.24,2.24,2.24,2.24,3.9,3.6,4.6,4.6,5.3,4.5,3.6,4.2,5.5,8.1,13.5,11.5,8.1,7,6.4,5.5,9.379591662503499,VORTEX fdc (single Weibull distribution and sector frequencies)
Feature,Point,4.15563580447793,52.65244615284119,-25,GEBCO,10.59,10.59,10.59,10.59,10.59,10.59,10.59,10.59,10.59,10.59,10.59,10.59,10.59,10.59,10.59,10.59,2.25,2.25,2.25,2.25,2.25,2.25,2.25,2.25,2.25,2.25,2.25,2.25,2.25,2.25,2.25,2.25,3.9,3.5,4.7,4.6,5.2,4.5,3.6,4.2,5.6,8,13.6,11.5,8.2,6.9,6.3,5.5,9.379885513775916,VORTEX fdc (single Weibull distribution and sector frequencies)
Feature,Point,4.1630382067168945,52.65244615284119,-25,GEBCO,10.59,10.59,10.59,10.59,10.59,10.59,10.59,10.59,10.59,10.59,10.59,10.59,10.59,10.59,10.59,10.59,2.25,2.25,2.25,2.25,2.25,2.25,2.25,2.25,2.25,2.25,2.25,2.25,2.25,2.25,2.25,2.25,3.9,3.5,4.7,4.6,5.2,4.5,3.6,4.2,5.6,8,13.6,11.5,8.2,6.9,6.3,5.5,9.379885513775916,VORTEX fdc (single Weibull distribution and sector frequencies)
Feature,Point,4.170440608955859,52.65244615284119,-24,GEBCO,10.59,10.59,10.59,10.59,10.59,10.59,10.59,10.59,10.59,10.59,10.59,10.59,10.59,10.59,10.59,10.59,2.25,2.25,2.25,2.25,2.25,2.25,2.25,2.25,2.25,2.25,2.25,2.25,2.25,2.25,2.25,2.25,3.9,3.5,4.7,4.6,5.2,4.5,3.6,4.2,5.6,8,13.6,11.5,8.2,6.9,6.3,5.5,9.379885513775916,VORTEX fdc (single Weibull distribution and sector frequencies)
Feature,Point,4.177843011194824,52.65244615284119,-24,GEBCO,10.58,10.58,10.58,10.58,10.58,10.58,10.58,10.58,10.58,10.58,10.58,10.58,10.58,10.58,10.58,10.58,2.25,2.25,2.25,2.25,2.25,2.25,2.25,2.25,2.25,2.25,2.25,2.25,2.25,2.25,2.25,2.25,3.9,3.6,4.6,4.6,5.3,4.5,3.6,4.2,5.6,8,13.6,11.5,8.1,7,6.3,5.5,9.37102820923033,VORTEX fdc (single Weibull distribution and sector frequencies)
Feature,Point,4.185245413433789,52.65244615284119,-24,GEBCO,10.58,10.58,10.58,10.58,10.58,10.58,10.58,10.58,10.58,10.58,10.58,10.58,10.58,10.58,10.58,10.58,2.25,2.25,2.25,2.25,2.25,2.25,2.25,2.25,2.25,2.25,2.25,2.25,2.25,2.25,2.25,2.25,3.9,3.6,4.6,4.6,5.3,4.5,3.6,4.2,5.6,8,13.6,11.5,8.1,7,6.3,5.5,9.37102820923033,VORTEX fdc (single Weibull distribution and sector frequencies)
Feature,Point,4.192647815672754,52.65244615284119,-24,GEBCO,10.58,10.58,10.58,10.58,10.58,10.58,10.58,10.58,10.58,10.58,10.58,10.58,10.58,10.58,10.58,10.58,2.25,2.25,2.25,2.25,2.25,2.25,2.25,2.25,2.25,2.25,2.25,2.25,2.25,2.25,2.25,2.25,3.9,3.6,4.6,4.6,5.3,4.5,3.6,4.2,5.6,8,13.6,11.5,8.1,7,6.3,5.5,9.37102820923033,VORTEX fdc (single Weibull distribution and sector frequencies)
Feature,Point,4.200050217911719,52.65244615284119,-24,GEBCO,10.57,10.57,10.57,10.57,10.57,10.57,10.57,10.57,10.57,10.57,10.57,10.57,10.57,10.57,10.57,10.57,2.25,2.25,2.25,2.25,2.25,2.25,2.25,2.25,2.25,2.25,2.25,2.25,2.25,2.25,2.25,2.25,4,3.6,4.5,4.7,5.3,4.5,3.6,4.2,5.6,7.9,13.6,11.5,8.2,7,6.3,5.5,9.362170904684744,VORTEX fdc (single Weibull distribution and sector frequencies)
Feature,Point,4.207452620150684,52.65244615284119,-24,GEBCO,10.57,10.57,10.57,10.57,10.57,10.57,10.57,10.57,10.57,10.57,10.57,10.57,10.57,10.57,10.57,10.57,2.25,2.25,2.25,2.25,2.25,2.25,2.25,2.25,2.25,2.25,2.25,2.25,2.25,2.25,2.25,2.25,4,3.6,4.5,4.7,5.3,4.5,3.6,4.2,5.6,7.9,13.6,11.5,8.2,7,6.3,5.5,9.362170904684744,VORTEX fdc (single Weibull distribution and sector frequencies)
Feature,Point,4.214855022389648,52.65244615284119,-22,GEBCO,10.57,10.57,10.57,10.57,10.57,10.57,10.57,10.57,10.57,10.57,10.57,10.57,10.57,10.57,10.57,10.57,2.25,2.25,2.25,2.25,2.25,2.25,2.25,2.25,2.25,2.25,2.25,2.25,2.25,2.25,2.25,2.25,4,3.6,4.5,4.7,5.3,4.5,3.6,4.2,5.6,7.9,13.6,11.5,8.2,7,6.3,5.5,9.362170904684744,VORTEX fdc (single Weibull distribution and sector frequencies)
Feature,Point,4.222257424628613,52.65244615284119,-21,GEBCO,10.56,10.56,10.56,10.56,10.56,10.56,10.56,10.56,10.56,10.56,10.56,10.56,10.56,10.56,10.56,10.56,2.25,2.25,2.25,2.25,2.25,2.25,2.25,2.25,2.25,2.25,2.25,2.25,2.25,2.25,2.25,2.25,4,3.6,4.5,4.7,5.3,4.5,3.6,4.2,5.6,7.9,13.6,11.5,8.2,7,6.3,5.5,9.353313600139158,VORTEX fdc (single Weibull distribution and sector frequencies)
Feature,Point,4.229659826867578,52.65244615284119,-20,GEBCO,10.56,10.56,10.56,10.56,10.56,10.56,10.56,10.56,10.56,10.56,10.56,10.56,10.56,10.56,10.56,10.56,2.25,2.25,2.25,2.25,2.25,2.25,2.25,2.25,2.25,2.25,2.25,2.25,2.25,2.25,2.25,2.25,4,3.7,4.6,4.7,5.3,4.5,3.6,4.2,5.7,7.9,13.6,11.5,8.2,7,6.3,5.5,9.353313600139158,VORTEX fdc (single Weibull distribution and sector frequencies)
Feature,Point,4.2370622291065425,52.65244615284119,-20,GEBCO,10.56,10.56,10.56,10.56,10.56,10.56,10.56,10.56,10.56,10.56,10.56,10.56,10.56,10.56,10.56,10.56,2.25,2.25,2.25,2.25,2.25,2.25,2.25,2.25,2.25,2.25,2.25,2.25,2.25,2.25,2.25,2.25,4,3.7,4.6,4.7,5.3,4.5,3.6,4.2,5.7,7.9,13.6,11.5,8.2,7,6.3,5.5,9.353313600139158,VORTEX fdc (single Weibull distribution and sector frequencies)
Feature,Point,4.244464631345507,52.65244615284119,-22,GEBCO,10.56,10.56,10.56,10.56,10.56,10.56,10.56,10.56,10.56,10.56,10.56,10.56,10.56,10.56,10.56,10.56,2.25,2.25,2.25,2.25,2.25,2.25,2.25,2.25,2.25,2.25,2.25,2.25,2.25,2.25,2.25,2.25,4,3.7,4.6,4.7,5.3,4.5,3.6,4.2,5.7,7.9,13.6,11.5,8.2,7,6.3,5.5,9.353313600139158,VORTEX fdc (single Weibull distribution and sector frequencies)
Feature,Point,4.251867033584472,52.65244615284119,-24,GEBCO,10.56,10.56,10.56,10.56,10.56,10.56,10.56,10.56,10.56,10.56,10.56,10.56,10.56,10.56,10.56,10.56,2.25,2.25,2.25,2.25,2.25,2.25,2.25,2.25,2.25,2.25,2.25,2.25,2.25,2.25,2.25,2.25,4,3.7,4.6,4.6,5.3,4.5,3.6,4.1,5.6,8,13.5,11.5,8.3,7,6.3,5.5,9.353313600139158,VORTEX fdc (single Weibull distribution and sector frequencies)
Feature,Point,4.259269435823437,52.65244615284119,-25,GEBCO,10.55,10.55,10.55,10.55,10.55,10.55,10.55,10.55,10.55,10.55,10.55,10.55,10.55,10.55,10.55,10.55,2.25,2.25,2.25,2.25,2.25,2.25,2.25,2.25,2.25,2.25,2.25,2.25,2.25,2.25,2.25,2.25,4,3.7,4.6,4.6,5.3,4.5,3.6,4.1,5.6,8,13.5,11.5,8.3,7,6.3,5.5,9.344456295593572,VORTEX fdc (single Weibull distribution and sector frequencies)
Feature,Point,4.266671838062401,52.65244615284119,-24,GEBCO,10.55,10.55,10.55,10.55,10.55,10.55,10.55,10.55,10.55,10.55,10.55,10.55,10.55,10.55,10.55,10.55,2.25,2.25,2.25,2.25,2.25,2.25,2.25,2.25,2.25,2.25,2.25,2.25,2.25,2.25,2.25,2.25,4,3.7,4.6,4.6,5.3,4.5,3.6,4.1,5.6,8,13.5,11.5,8.3,7,6.3,5.5,9.344456295593572,VORTEX fdc (single Weibull distribution and sector frequencies)
Feature,Point,4.274074240301366,52.65244615284119,-24,GEBCO,10.55,10.55,10.55,10.55,10.55,10.55,10.55,10.55,10.55,10.55,10.55,10.55,10.55,10.55,10.55,10.55,2.25,2.25,2.25,2.25,2.25,2.25,2.25,2.25,2.25,2.25,2.25,2.25,2.25,2.25,2.25,2.25,4,3.7,4.6,4.6,5.3,4.5,3.6,4.1,5.6,8,13.5,11.5,8.3,7,6.3,5.5,9.344456295593572,VORTEX fdc (single Weibull distribution and sector frequencies)
Feature,Point,4.281476642540331,52.65244615284119,-23,GEBCO,10.54,10.54,10.54,10.54,10.54,10.54,10.54,10.54,10.54,10.54,10.54,10.54,10.54,10.54,10.54,10.54,2.25,2.25,2.25,2.25,2.25,2.25,2.25,2.25,2.25,2.25,2.25,2.25,2.25,2.25,2.25,2.25,4,3.7,4.5,4.7,5.3,4.5,3.6,4.1,5.6,8,13.5,11.5,8.3,7,6.3,5.5,9.335598991047984,VORTEX fdc (single Weibull distribution and sector frequencies)
Feature,Point,4.288879044779296,52.65244615284119,-22,GEBCO,10.54,10.54,10.54,10.54,10.54,10.54,10.54,10.54,10.54,10.54,10.54,10.54,10.54,10.54,10.54,10.54,2.25,2.25,2.25,2.25,2.25,2.25,2.25,2.25,2.25,2.25,2.25,2.25,2.25,2.25,2.25,2.25,4,3.7,4.5,4.7,5.3,4.5,3.6,4.1,5.6,8,13.5,11.5,8.3,7,6.3,5.5,9.335598991047984,VORTEX fdc (single Weibull distribution and sector frequencies)
Feature,Point,4.296281447018261,52.65244615284119,-22,GEBCO,10.53,10.53,10.53,10.53,10.53,10.53,10.53,10.53,10.53,10.53,10.53,10.53,10.53,10.53,10.53,10.53,2.25,2.25,2.25,2.25,2.25,2.25,2.25,2.25,2.25,2.25,2.25,2.25,2.25,2.25,2.25,2.25,4,3.7,4.5,4.7,5.3,4.5,3.6,4.1,5.6,8,13.5,11.5,8.3,7,6.3,5.5,9.326741686502398,VORTEX fdc (single Weibull distribution and sector frequencies)
Feature,Point,4.303683849257226,52.65244615284119,-22,GEBCO,10.53,10.53,10.53,10.53,10.53,10.53,10.53,10.53,10.53,10.53,10.53,10.53,10.53,10.53,10.53,10.53,2.25,2.25,2.25,2.25,2.25,2.25,2.25,2.25,2.25,2.25,2.25,2.25,2.25,2.25,2.25,2.25,4,3.6,4.5,4.7,5.3,4.5,3.6,4.1,5.6,8,13.5,11.5,8.3,7.1,6.3,5.4,9.326741686502398,VORTEX fdc (single Weibull distribution and sector frequencies)
Feature,Point,4.3110862514961905,52.65244615284119,-21,GEBCO,10.52,10.52,10.52,10.52,10.52,10.52,10.52,10.52,10.52,10.52,10.52,10.52,10.52,10.52,10.52,10.52,2.26,2.26,2.26,2.26,2.26,2.26,2.26,2.26,2.26,2.26,2.26,2.26,2.26,2.26,2.26,2.26,4,3.6,4.5,4.7,5.3,4.5,3.6,4.1,5.6,8,13.5,11.5,8.3,7.1,6.3,5.4,9.31820930357967,VORTEX fdc (single Weibull distribution and sector frequencies)
Feature,Point,4.318488653735155,52.65244615284119,-21,GEBCO,10.52,10.52,10.52,10.52,10.52,10.52,10.52,10.52,10.52,10.52,10.52,10.52,10.52,10.52,10.52,10.52,2.26,2.26,2.26,2.26,2.26,2.26,2.26,2.26,2.26,2.26,2.26,2.26,2.26,2.26,2.26,2.26,4,3.6,4.5,4.7,5.3,4.5,3.6,4.1,5.6,8,13.5,11.5,8.3,7.1,6.3,5.4,9.31820930357967,VORTEX fdc (single Weibull distribution and sector frequencies)
Feature,Point,4.32589105597412,52.65244615284119,-19,GEBCO,10.51,10.51,10.51,10.51,10.51,10.51,10.51,10.51,10.51,10.51,10.51,10.51,10.51,10.51,10.51,10.51,2.26,2.26,2.26,2.26,2.26,2.26,2.26,2.26,2.26,2.26,2.26,2.26,2.26,2.26,2.26,2.26,4.1,3.7,4.5,4.7,5.3,4.5,3.6,4.1,5.6,8,13.5,11.6,8.2,7.1,6.3,5.4,9.309351690173225,VORTEX fdc (single Weibull distribution and sector frequencies)
Feature,Point,4.333293458213085,52.65244615284119,-20,GEBCO,10.51,10.51,10.51,10.51,10.51,10.51,10.51,10.51,10.51,10.51,10.51,10.51,10.51,10.51,10.51,10.51,2.26,2.26,2.26,2.26,2.26,2.26,2.26,2.26,2.26,2.26,2.26,2.26,2.26,2.26,2.26,2.26,4.1,3.7,4.5,4.7,5.3,4.5,3.6,4.1,5.6,8,13.5,11.6,8.2,7.1,6.3,5.4,9.309351690173225,VORTEX fdc (single Weibull distribution and sector frequencies)
Feature,Point,4.340695860452049,52.65244615284119,-20,GEBCO,10.5,10.5,10.5,10.5,10.5,10.5,10.5,10.5,10.5,10.5,10.5,10.5,10.5,10.5,10.5,10.5,2.26,2.26,2.26,2.26,2.26,2.26,2.26,2.26,2.26,2.26,2.26,2.26,2.26,2.26,2.26,2.26,4.1,3.7,4.5,4.7,5.3,4.5,3.6,4.1,5.6,8,13.5,11.6,8.2,7.1,6.3,5.4,9.300494076766782,VORTEX fdc (single Weibull distribution and sector frequencies)
Feature,Point,4.348098262691014,52.65244615284119,-20,GEBCO,10.5,10.5,10.5,10.5,10.5,10.5,10.5,10.5,10.5,10.5,10.5,10.5,10.5,10.5,10.5,10.5,2.26,2.26,2.26,2.26,2.26,2.26,2.26,2.26,2.26,2.26,2.26,2.26,2.26,2.26,2.26,2.26,4.1,3.7,4.5,4.7,5.3,4.5,3.6,4.1,5.6,8,13.5,11.6,8.2,7.1,6.3,5.4,9.300494076766782,VORTEX fdc (single Weibull distribution and sector frequencies)
Feature,Point,4.355500664929979,52.65244615284119,-21,GEBCO,10.49,10.49,10.49,10.49,10.49,10.49,10.49,10.49,10.49,10.49,10.49,10.49,10.49,10.49,10.49,10.49,2.26,2.26,2.26,2.26,2.26,2.26,2.26,2.26,2.26,2.26,2.26,2.26,2.26,2.26,2.26,2.26,4.1,3.7,4.5,4.7,5.3,4.4,3.6,4.1,5.6,8.1,13.5,11.5,8.2,7.1,6.3,5.4,9.291636463360337,VORTEX fdc (single Weibull distribution and sector frequencies)
Feature,Point,4.140831,52.65693772926179,-24,GEBCO,10.6,10.6,10.6,10.6,10.6,10.6,10.6,10.6,10.6,10.6,10.6,10.6,10.6,10.6,10.6,10.6,2.24,2.24,2.24,2.24,2.24,2.24,2.24,2.24,2.24,2.24,2.24,2.24,2.24,2.24,2.24,2.24,3.9,3.6,4.6,4.6,5.3,4.5,3.6,4.2,5.5,8.1,13.5,11.5,8.1,7,6.4,5.5,9.388448689569131,VORTEX fdc (single Weibull distribution and sector frequencies)
Feature,Point,4.148233402238965,52.65693772926179,-25,GEBCO,10.6,10.6,10.6,10.6,10.6,10.6,10.6,10.6,10.6,10.6,10.6,10.6,10.6,10.6,10.6,10.6,2.25,2.25,2.25,2.25,2.25,2.25,2.25,2.25,2.25,2.25,2.25,2.25,2.25,2.25,2.25,2.25,3.9,3.6,4.6,4.6,5.3,4.5,3.6,4.2,5.5,8.1,13.5,11.5,8.1,7,6.4,5.5,9.388742818321502,VORTEX fdc (single Weibull distribution and sector frequencies)
Feature,Point,4.15563580447793,52.65693772926179,-25,GEBCO,10.59,10.59,10.59,10.59,10.59,10.59,10.59,10.59,10.59,10.59,10.59,10.59,10.59,10.59,10.59,10.59,2.25,2.25,2.25,2.25,2.25,2.25,2.25,2.25,2.25,2.25,2.25,2.25,2.25,2.25,2.25,2.25,3.9,3.5,4.7,4.6,5.2,4.5,3.6,4.2,5.6,8,13.6,11.5,8.2,6.9,6.3,5.5,9.379885513775916,VORTEX fdc (single Weibull distribution and sector frequencies)
Feature,Point,4.1630382067168945,52.65693772926179,-25,GEBCO,10.59,10.59,10.59,10.59,10.59,10.59,10.59,10.59,10.59,10.59,10.59,10.59,10.59,10.59,10.59,10.59,2.25,2.25,2.25,2.25,2.25,2.25,2.25,2.25,2.25,2.25,2.25,2.25,2.25,2.25,2.25,2.25,3.9,3.5,4.7,4.6,5.2,4.5,3.6,4.2,5.6,8,13.6,11.5,8.2,6.9,6.3,5.5,9.379885513775916,VORTEX fdc (single Weibull distribution and sector frequencies)
Feature,Point,4.170440608955859,52.65693772926179,-25,GEBCO,10.59,10.59,10.59,10.59,10.59,10.59,10.59,10.59,10.59,10.59,10.59,10.59,10.59,10.59,10.59,10.59,2.25,2.25,2.25,2.25,2.25,2.25,2.25,2.25,2.25,2.25,2.25,2.25,2.25,2.25,2.25,2.25,3.9,3.5,4.7,4.6,5.2,4.5,3.6,4.2,5.6,8,13.6,11.5,8.2,6.9,6.3,5.5,9.379885513775916,VORTEX fdc (single Weibull distribution and sector frequencies)
Feature,Point,4.177843011194824,52.65693772926179,-24,GEBCO,10.59,10.59,10.59,10.59,10.59,10.59,10.59,10.59,10.59,10.59,10.59,10.59,10.59,10.59,10.59,10.59,2.25,2.25,2.25,2.25,2.25,2.25,2.25,2.25,2.25,2.25,2.25,2.25,2.25,2.25,2.25,2.25,3.9,3.6,4.6,4.6,5.3,4.5,3.6,4.2,5.6,8,13.6,11.5,8.1,7,6.3,5.5,9.379885513775916,VORTEX fdc (single Weibull distribution and sector frequencies)
Feature,Point,4.185245413433789,52.65693772926179,-24,GEBCO,10.58,10.58,10.58,10.58,10.58,10.58,10.58,10.58,10.58,10.58,10.58,10.58,10.58,10.58,10.58,10.58,2.25,2.25,2.25,2.25,2.25,2.25,2.25,2.25,2.25,2.25,2.25,2.25,2.25,2.25,2.25,2.25,3.9,3.6,4.6,4.6,5.3,4.5,3.6,4.2,5.6,8,13.6,11.5,8.1,7,6.3,5.5,9.37102820923033,VORTEX fdc (single Weibull distribution and sector frequencies)
Feature,Point,4.192647815672754,52.65693772926179,-24,GEBCO,10.58,10.58,10.58,10.58,10.58,10.58,10.58,10.58,10.58,10.58,10.58,10.58,10.58,10.58,10.58,10.58,2.25,2.25,2.25,2.25,2.25,2.25,2.25,2.25,2.25,2.25,2.25,2.25,2.25,2.25,2.25,2.25,3.9,3.6,4.6,4.6,5.3,4.5,3.6,4.2,5.6,8,13.6,11.5,8.1,7,6.3,5.5,9.37102820923033,VORTEX fdc (single Weibull distribution and sector frequencies)
Feature,Point,4.200050217911719,52.65693772926179,-24,GEBCO,10.58,10.58,10.58,10.58,10.58,10.58,10.58,10.58,10.58,10.58,10.58,10.58,10.58,10.58,10.58,10.58,2.25,2.25,2.25,2.25,2.25,2.25,2.25,2.25,2.25,2.25,2.25,2.25,2.25,2.25,2.25,2.25,4,3.6,4.5,4.7,5.3,4.5,3.6,4.2,5.6,7.9,13.6,11.5,8.2,7,6.3,5.5,9.37102820923033,VORTEX fdc (single Weibull distribution and sector frequencies)
Feature,Point,4.207452620150684,52.65693772926179,-23,GEBCO,10.57,10.57,10.57,10.57,10.57,10.57,10.57,10.57,10.57,10.57,10.57,10.57,10.57,10.57,10.57,10.57,2.25,2.25,2.25,2.25,2.25,2.25,2.25,2.25,2.25,2.25,2.25,2.25,2.25,2.25,2.25,2.25,4,3.6,4.5,4.7,5.3,4.5,3.6,4.2,5.6,7.9,13.6,11.5,8.2,7,6.3,5.5,9.362170904684744,VORTEX fdc (single Weibull distribution and sector frequencies)
Feature,Point,4.214855022389648,52.65693772926179,-22,GEBCO,10.57,10.57,10.57,10.57,10.57,10.57,10.57,10.57,10.57,10.57,10.57,10.57,10.57,10.57,10.57,10.57,2.25,2.25,2.25,2.25,2.25,2.25,2.25,2.25,2.25,2.25,2.25,2.25,2.25,2.25,2.25,2.25,4,3.6,4.5,4.7,5.3,4.5,3.6,4.2,5.6,7.9,13.6,11.5,8.2,7,6.3,5.5,9.362170904684744,VORTEX fdc (single Weibull distribution and sector frequencies)
Feature,Point,4.222257424628613,52.65693772926179,-21,GEBCO,10.57,10.57,10.57,10.57,10.57,10.57,10.57,10.57,10.57,10.57,10.57,10.57,10.57,10.57,10.57,10.57,2.25,2.25,2.25,2.25,2.25,2.25,2.25,2.25,2.25,2.25,2.25,2.25,2.25,2.25,2.25,2.25,4,3.6,4.5,4.7,5.3,4.5,3.6,4.2,5.6,7.9,13.6,11.5,8.2,7,6.3,5.5,9.362170904684744,VORTEX fdc (single Weibull distribution and sector frequencies)
Feature,Point,4.229659826867578,52.65693772926179,-20,GEBCO,10.56,10.56,10.56,10.56,10.56,10.56,10.56,10.56,10.56,10.56,10.56,10.56,10.56,10.56,10.56,10.56,2.25,2.25,2.25,2.25,2.25,2.25,2.25,2.25,2.25,2.25,2.25,2.25,2.25,2.25,2.25,2.25,4,3.7,4.6,4.7,5.3,4.5,3.6,4.2,5.7,7.9,13.6,11.5,8.2,7,6.3,5.5,9.353313600139158,VORTEX fdc (single Weibull distribution and sector frequencies)
Feature,Point,4.2370622291065425,52.65693772926179,-20,GEBCO,10.56,10.56,10.56,10.56,10.56,10.56,10.56,10.56,10.56,10.56,10.56,10.56,10.56,10.56,10.56,10.56,2.25,2.25,2.25,2.25,2.25,2.25,2.25,2.25,2.25,2.25,2.25,2.25,2.25,2.25,2.25,2.25,4,3.7,4.6,4.7,5.3,4.5,3.6,4.2,5.7,7.9,13.6,11.5,8.2,7,6.3,5.5,9.353313600139158,VORTEX fdc (single Weibull distribution and sector frequencies)
Feature,Point,4.244464631345507,52.65693772926179,-21,GEBCO,10.56,10.56,10.56,10.56,10.56,10.56,10.56,10.56,10.56,10.56,10.56,10.56,10.56,10.56,10.56,10.56,2.25,2.25,2.25,2.25,2.25,2.25,2.25,2.25,2.25,2.25,2.25,2.25,2.25,2.25,2.25,2.25,4,3.7,4.6,4.7,5.3,4.5,3.6,4.2,5.7,7.9,13.6,11.5,8.2,7,6.3,5.5,9.353313600139158,VORTEX fdc (single Weibull distribution and sector frequencies)
Feature,Point,4.251867033584472,52.65693772926179,-24,GEBCO,10.56,10.56,10.56,10.56,10.56,10.56,10.56,10.56,10.56,10.56,10.56,10.56,10.56,10.56,10.56,10.56,2.25,2.25,2.25,2.25,2.25,2.25,2.25,2.25,2.25,2.25,2.25,2.25,2.25,2.25,2.25,2.25,4,3.7,4.6,4.6,5.3,4.5,3.6,4.1,5.6,8,13.5,11.5,8.3,7,6.3,5.5,9.353313600139158,VORTEX fdc (single Weibull distribution and sector frequencies)
Feature,Point,4.259269435823437,52.65693772926179,-25,GEBCO,10.55,10.55,10.55,10.55,10.55,10.55,10.55,10.55,10.55,10.55,10.55,10.55,10.55,10.55,10.55,10.55,2.25,2.25,2.25,2.25,2.25,2.25,2.25,2.25,2.25,2.25,2.25,2.25,2.25,2.25,2.25,2.25,4,3.7,4.6,4.6,5.3,4.5,3.6,4.1,5.6,8,13.5,11.5,8.3,7,6.3,5.5,9.344456295593572,VORTEX fdc (single Weibull distribution and sector frequencies)
Feature,Point,4.266671838062401,52.65693772926179,-25,GEBCO,10.55,10.55,10.55,10.55,10.55,10.55,10.55,10.55,10.55,10.55,10.55,10.55,10.55,10.55,10.55,10.55,2.25,2.25,2.25,2.25,2.25,2.25,2.25,2.25,2.25,2.25,2.25,2.25,2.25,2.25,2.25,2.25,4,3.7,4.6,4.6,5.3,4.5,3.6,4.1,5.6,8,13.5,11.5,8.3,7,6.3,5.5,9.344456295593572,VORTEX fdc (single Weibull distribution and sector frequencies)
Feature,Point,4.274074240301366,52.65693772926179,-24,GEBCO,10.55,10.55,10.55,10.55,10.55,10.55,10.55,10.55,10.55,10.55,10.55,10.55,10.55,10.55,10.55,10.55,2.25,2.25,2.25,2.25,2.25,2.25,2.25,2.25,2.25,2.25,2.25,2.25,2.25,2.25,2.25,2.25,4,3.7,4.6,4.6,5.3,4.5,3.6,4.1,5.6,8,13.5,11.5,8.3,7,6.3,5.5,9.344456295593572,VORTEX fdc (single Weibull distribution and sector frequencies)
Feature,Point,4.281476642540331,52.65693772926179,-24,GEBCO,10.54,10.54,10.54,10.54,10.54,10.54,10.54,10.54,10.54,10.54,10.54,10.54,10.54,10.54,10.54,10.54,2.25,2.25,2.25,2.25,2.25,2.25,2.25,2.25,2.25,2.25,2.25,2.25,2.25,2.25,2.25,2.25,4,3.7,4.5,4.7,5.3,4.5,3.6,4.1,5.6,8,13.5,11.5,8.3,7,6.3,5.5,9.335598991047984,VORTEX fdc (single Weibull distribution and sector frequencies)
Feature,Point,4.288879044779296,52.65693772926179,-23,GEBCO,10.54,10.54,10.54,10.54,10.54,10.54,10.54,10.54,10.54,10.54,10.54,10.54,10.54,10.54,10.54,10.54,2.25,2.25,2.25,2.25,2.25,2.25,2.25,2.25,2.25,2.25,2.25,2.25,2.25,2.25,2.25,2.25,4,3.7,4.5,4.7,5.3,4.5,3.6,4.1,5.6,8,13.5,11.5,8.3,7,6.3,5.5,9.335598991047984,VORTEX fdc (single Weibull distribution and sector frequencies)
Feature,Point,4.296281447018261,52.65693772926179,-23,GEBCO,10.53,10.53,10.53,10.53,10.53,10.53,10.53,10.53,10.53,10.53,10.53,10.53,10.53,10.53,10.53,10.53,2.25,2.25,2.25,2.25,2.25,2.25,2.25,2.25,2.25,2.25,2.25,2.25,2.25,2.25,2.25,2.25,4,3.7,4.5,4.7,5.3,4.5,3.6,4.1,5.6,8,13.5,11.5,8.3,7,6.3,5.5,9.326741686502398,VORTEX fdc (single Weibull distribution and sector frequencies)
Feature,Point,4.303683849257226,52.65693772926179,-22,GEBCO,10.53,10.53,10.53,10.53,10.53,10.53,10.53,10.53,10.53,10.53,10.53,10.53,10.53,10.53,10.53,10.53,2.25,2.25,2.25,2.25,2.25,2.25,2.25,2.25,2.25,2.25,2.25,2.25,2.25,2.25,2.25,2.25,4,3.6,4.5,4.7,5.3,4.5,3.6,4.1,5.6,8,13.5,11.5,8.3,7.1,6.3,5.4,9.326741686502398,VORTEX fdc (single Weibull distribution and sector frequencies)
Feature,Point,4.3110862514961905,52.65693772926179,-21,GEBCO,10.53,10.53,10.53,10.53,10.53,10.53,10.53,10.53,10.53,10.53,10.53,10.53,10.53,10.53,10.53,10.53,2.25,2.25,2.25,2.25,2.25,2.25,2.25,2.25,2.25,2.25,2.25,2.25,2.25,2.25,2.25,2.25,4,3.6,4.5,4.7,5.3,4.5,3.6,4.1,5.6,8,13.5,11.5,8.3,7.1,6.3,5.4,9.326741686502398,VORTEX fdc (single Weibull distribution and sector frequencies)
Feature,Point,4.318488653735155,52.65693772926179,-21,GEBCO,10.52,10.52,10.52,10.52,10.52,10.52,10.52,10.52,10.52,10.52,10.52,10.52,10.52,10.52,10.52,10.52,2.26,2.26,2.26,2.26,2.26,2.26,2.26,2.26,2.26,2.26,2.26,2.26,2.26,2.26,2.26,2.26,4,3.6,4.5,4.7,5.3,4.5,3.6,4.1,5.6,8,13.5,11.5,8.3,7.1,6.3,5.4,9.31820930357967,VORTEX fdc (single Weibull distribution and sector frequencies)
Feature,Point,4.32589105597412,52.65693772926179,-19,GEBCO,10.51,10.51,10.51,10.51,10.51,10.51,10.51,10.51,10.51,10.51,10.51,10.51,10.51,10.51,10.51,10.51,2.26,2.26,2.26,2.26,2.26,2.26,2.26,2.26,2.26,2.26,2.26,2.26,2.26,2.26,2.26,2.26,4.1,3.7,4.5,4.7,5.3,4.5,3.6,4.1,5.6,8,13.5,11.6,8.2,7.1,6.3,5.4,9.309351690173225,VORTEX fdc (single Weibull distribution and sector frequencies)
Feature,Point,4.333293458213085,52.65693772926179,-19,GEBCO,10.51,10.51,10.51,10.51,10.51,10.51,10.51,10.51,10.51,10.51,10.51,10.51,10.51,10.51,10.51,10.51,2.26,2.26,2.26,2.26,2.26,2.26,2.26,2.26,2.26,2.26,2.26,2.26,2.26,2.26,2.26,2.26,4.1,3.7,4.5,4.7,5.3,4.5,3.6,4.1,5.6,8,13.5,11.6,8.2,7.1,6.3,5.4,9.309351690173225,VORTEX fdc (single Weibull distribution and sector frequencies)
Feature,Point,4.340695860452049,52.65693772926179,-20,GEBCO,10.5,10.5,10.5,10.5,10.5,10.5,10.5,10.5,10.5,10.5,10.5,10.5,10.5,10.5,10.5,10.5,2.26,2.26,2.26,2.26,2.26,2.26,2.26,2.26,2.26,2.26,2.26,2.26,2.26,2.26,2.26,2.26,4.1,3.7,4.5,4.7,5.3,4.5,3.6,4.1,5.6,8,13.5,11.6,8.2,7.1,6.3,5.4,9.300494076766782,VORTEX fdc (single Weibull distribution and sector frequencies)
Feature,Point,4.348098262691014,52.65693772926179,-20,GEBCO,10.5,10.5,10.5,10.5,10.5,10.5,10.5,10.5,10.5,10.5,10.5,10.5,10.5,10.5,10.5,10.5,2.26,2.26,2.26,2.26,2.26,2.26,2.26,2.26,2.26,2.26,2.26,2.26,2.26,2.26,2.26,2.26,4.1,3.7,4.5,4.7,5.3,4.5,3.6,4.1,5.6,8,13.5,11.6,8.2,7.1,6.3,5.4,9.300494076766782,VORTEX fdc (single Weibull distribution and sector frequencies)
Feature,Point,4.355500664929979,52.65693772926179,-21,GEBCO,10.49,10.49,10.49,10.49,10.49,10.49,10.49,10.49,10.49,10.49,10.49,10.49,10.49,10.49,10.49,10.49,2.26,2.26,2.26,2.26,2.26,2.26,2.26,2.26,2.26,2.26,2.26,2.26,2.26,2.26,2.26,2.26,4.1,3.7,4.5,4.7,5.3,4.4,3.6,4.1,5.6,8.1,13.5,11.5,8.2,7.1,6.3,5.4,9.291636463360337,VORTEX fdc (single Weibull distribution and sector frequencies)
Feature,Point,4.140831,52.66142930568239,-24,GEBCO,10.6,10.6,10.6,10.6,10.6,10.6,10.6,10.6,10.6,10.6,10.6,10.6,10.6,10.6,10.6,10.6,2.24,2.24,2.24,2.24,2.24,2.24,2.24,2.24,2.24,2.24,2.24,2.24,2.24,2.24,2.24,2.24,3.9,3.6,4.6,4.6,5.3,4.5,3.6,4.2,5.5,8.1,13.5,11.5,8.1,7,6.4,5.5,9.388448689569131,VORTEX fdc (single Weibull distribution and sector frequencies)
Feature,Point,4.148233402238965,52.66142930568239,-25,GEBCO,10.6,10.6,10.6,10.6,10.6,10.6,10.6,10.6,10.6,10.6,10.6,10.6,10.6,10.6,10.6,10.6,2.25,2.25,2.25,2.25,2.25,2.25,2.25,2.25,2.25,2.25,2.25,2.25,2.25,2.25,2.25,2.25,3.9,3.6,4.6,4.6,5.3,4.5,3.6,4.2,5.5,8.1,13.5,11.5,8.1,7,6.4,5.5,9.388742818321502,VORTEX fdc (single Weibull distribution and sector frequencies)
Feature,Point,4.15563580447793,52.66142930568239,-25,GEBCO,10.59,10.59,10.59,10.59,10.59,10.59,10.59,10.59,10.59,10.59,10.59,10.59,10.59,10.59,10.59,10.59,2.25,2.25,2.25,2.25,2.25,2.25,2.25,2.25,2.25,2.25,2.25,2.25,2.25,2.25,2.25,2.25,3.9,3.5,4.7,4.6,5.2,4.5,3.6,4.2,5.6,8,13.6,11.5,8.2,6.9,6.3,5.5,9.379885513775916,VORTEX fdc (single Weibull distribution and sector frequencies)
Feature,Point,4.1630382067168945,52.66142930568239,-25,GEBCO,10.59,10.59,10.59,10.59,10.59,10.59,10.59,10.59,10.59,10.59,10.59,10.59,10.59,10.59,10.59,10.59,2.25,2.25,2.25,2.25,2.25,2.25,2.25,2.25,2.25,2.25,2.25,2.25,2.25,2.25,2.25,2.25,3.9,3.5,4.7,4.6,5.2,4.5,3.6,4.2,5.6,8,13.6,11.5,8.2,6.9,6.3,5.5,9.379885513775916,VORTEX fdc (single Weibull distribution and sector frequencies)
Feature,Point,4.170440608955859,52.66142930568239,-25,GEBCO,10.59,10.59,10.59,10.59,10.59,10.59,10.59,10.59,10.59,10.59,10.59,10.59,10.59,10.59,10.59,10.59,2.25,2.25,2.25,2.25,2.25,2.25,2.25,2.25,2.25,2.25,2.25,2.25,2.25,2.25,2.25,2.25,3.9,3.5,4.7,4.6,5.2,4.5,3.6,4.2,5.6,8,13.6,11.5,8.2,6.9,6.3,5.5,9.379885513775916,VORTEX fdc (single Weibull distribution and sector frequencies)
Feature,Point,4.177843011194824,52.66142930568239,-25,GEBCO,10.59,10.59,10.59,10.59,10.59,10.59,10.59,10.59,10.59,10.59,10.59,10.59,10.59,10.59,10.59,10.59,2.25,2.25,2.25,2.25,2.25,2.25,2.25,2.25,2.25,2.25,2.25,2.25,2.25,2.25,2.25,2.25,3.9,3.6,4.6,4.6,5.3,4.5,3.6,4.2,5.6,8,13.6,11.5,8.1,7,6.3,5.5,9.379885513775916,VORTEX fdc (single Weibull distribution and sector frequencies)
Feature,Point,4.185245413433789,52.66142930568239,-24,GEBCO,10.58,10.58,10.58,10.58,10.58,10.58,10.58,10.58,10.58,10.58,10.58,10.58,10.58,10.58,10.58,10.58,2.25,2.25,2.25,2.25,2.25,2.25,2.25,2.25,2.25,2.25,2.25,2.25,2.25,2.25,2.25,2.25,3.9,3.6,4.6,4.6,5.3,4.5,3.6,4.2,5.6,8,13.6,11.5,8.1,7,6.3,5.5,9.37102820923033,VORTEX fdc (single Weibull distribution and sector frequencies)
Feature,Point,4.192647815672754,52.66142930568239,-24,GEBCO,10.58,10.58,10.58,10.58,10.58,10.58,10.58,10.58,10.58,10.58,10.58,10.58,10.58,10.58,10.58,10.58,2.25,2.25,2.25,2.25,2.25,2.25,2.25,2.25,2.25,2.25,2.25,2.25,2.25,2.25,2.25,2.25,3.9,3.6,4.6,4.6,5.3,4.5,3.6,4.2,5.6,8,13.6,11.5,8.1,7,6.3,5.5,9.37102820923033,VORTEX fdc (single Weibull distribution and sector frequencies)
Feature,Point,4.200050217911719,52.66142930568239,-24,GEBCO,10.58,10.58,10.58,10.58,10.58,10.58,10.58,10.58,10.58,10.58,10.58,10.58,10.58,10.58,10.58,10.58,2.25,2.25,2.25,2.25,2.25,2.25,2.25,2.25,2.25,2.25,2.25,2.25,2.25,2.25,2.25,2.25,4,3.6,4.5,4.7,5.3,4.5,3.6,4.2,5.6,7.9,13.6,11.5,8.2,7,6.3,5.5,9.37102820923033,VORTEX fdc (single Weibull distribution and sector frequencies)
Feature,Point,4.207452620150684,52.66142930568239,-24,GEBCO,10.57,10.57,10.57,10.57,10.57,10.57,10.57,10.57,10.57,10.57,10.57,10.57,10.57,10.57,10.57,10.57,2.25,2.25,2.25,2.25,2.25,2.25,2.25,2.25,2.25,2.25,2.25,2.25,2.25,2.25,2.25,2.25,4,3.6,4.5,4.7,5.3,4.5,3.6,4.2,5.6,7.9,13.6,11.5,8.2,7,6.3,5.5,9.362170904684744,VORTEX fdc (single Weibull distribution and sector frequencies)
Feature,Point,4.214855022389648,52.66142930568239,-23,GEBCO,10.57,10.57,10.57,10.57,10.57,10.57,10.57,10.57,10.57,10.57,10.57,10.57,10.57,10.57,10.57,10.57,2.25,2.25,2.25,2.25,2.25,2.25,2.25,2.25,2.25,2.25,2.25,2.25,2.25,2.25,2.25,2.25,4,3.6,4.5,4.7,5.3,4.5,3.6,4.2,5.6,7.9,13.6,11.5,8.2,7,6.3,5.5,9.362170904684744,VORTEX fdc (single Weibull distribution and sector frequencies)
Feature,Point,4.222257424628613,52.66142930568239,-22,GEBCO,10.57,10.57,10.57,10.57,10.57,10.57,10.57,10.57,10.57,10.57,10.57,10.57,10.57,10.57,10.57,10.57,2.25,2.25,2.25,2.25,2.25,2.25,2.25,2.25,2.25,2.25,2.25,2.25,2.25,2.25,2.25,2.25,4,3.6,4.5,4.7,5.3,4.5,3.6,4.2,5.6,7.9,13.6,11.5,8.2,7,6.3,5.5,9.362170904684744,VORTEX fdc (single Weibull distribution and sector frequencies)
Feature,Point,4.229659826867578,52.66142930568239,-21,GEBCO,10.56,10.56,10.56,10.56,10.56,10.56,10.56,10.56,10.56,10.56,10.56,10.56,10.56,10.56,10.56,10.56,2.25,2.25,2.25,2.25,2.25,2.25,2.25,2.25,2.25,2.25,2.25,2.25,2.25,2.25,2.25,2.25,4,3.7,4.6,4.7,5.3,4.5,3.6,4.2,5.7,7.9,13.6,11.5,8.2,7,6.3,5.5,9.353313600139158,VORTEX fdc (single Weibull distribution and sector frequencies)
Feature,Point,4.2370622291065425,52.66142930568239,-21,GEBCO,10.56,10.56,10.56,10.56,10.56,10.56,10.56,10.56,10.56,10.56,10.56,10.56,10.56,10.56,10.56,10.56,2.25,2.25,2.25,2.25,2.25,2.25,2.25,2.25,2.25,2.25,2.25,2.25,2.25,2.25,2.25,2.25,4,3.7,4.6,4.7,5.3,4.5,3.6,4.2,5.7,7.9,13.6,11.5,8.2,7,6.3,5.5,9.353313600139158,VORTEX fdc (single Weibull distribution and sector frequencies)
Feature,Point,4.244464631345507,52.66142930568239,-21,GEBCO,10.56,10.56,10.56,10.56,10.56,10.56,10.56,10.56,10.56,10.56,10.56,10.56,10.56,10.56,10.56,10.56,2.25,2.25,2.25,2.25,2.25,2.25,2.25,2.25,2.25,2.25,2.25,2.25,2.25,2.25,2.25,2.25,4,3.7,4.6,4.7,5.3,4.5,3.6,4.2,5.7,7.9,13.6,11.5,8.2,7,6.3,5.5,9.353313600139158,VORTEX fdc (single Weibull distribution and sector frequencies)
Feature,Point,4.251867033584472,52.66142930568239,-23,GEBCO,10.56,10.56,10.56,10.56,10.56,10.56,10.56,10.56,10.56,10.56,10.56,10.56,10.56,10.56,10.56,10.56,2.25,2.25,2.25,2.25,2.25,2.25,2.25,2.25,2.25,2.25,2.25,2.25,2.25,2.25,2.25,2.25,4,3.7,4.6,4.6,5.3,4.5,3.6,4.1,5.6,8,13.5,11.5,8.3,7,6.3,5.5,9.353313600139158,VORTEX fdc (single Weibull distribution and sector frequencies)
Feature,Point,4.259269435823437,52.66142930568239,-24,GEBCO,10.55,10.55,10.55,10.55,10.55,10.55,10.55,10.55,10.55,10.55,10.55,10.55,10.55,10.55,10.55,10.55,2.25,2.25,2.25,2.25,2.25,2.25,2.25,2.25,2.25,2.25,2.25,2.25,2.25,2.25,2.25,2.25,4,3.7,4.6,4.6,5.3,4.5,3.6,4.1,5.6,8,13.5,11.5,8.3,7,6.3,5.5,9.344456295593572,VORTEX fdc (single Weibull distribution and sector frequencies)
Feature,Point,4.266671838062401,52.66142930568239,-25,GEBCO,10.55,10.55,10.55,10.55,10.55,10.55,10.55,10.55,10.55,10.55,10.55,10.55,10.55,10.55,10.55,10.55,2.25,2.25,2.25,2.25,2.25,2.25,2.25,2.25,2.25,2.25,2.25,2.25,2.25,2.25,2.25,2.25,4,3.7,4.6,4.6,5.3,4.5,3.6,4.1,5.6,8,13.5,11.5,8.3,7,6.3,5.5,9.344456295593572,VORTEX fdc (single Weibull distribution and sector frequencies)
Feature,Point,4.274074240301366,52.66142930568239,-24,GEBCO,10.55,10.55,10.55,10.55,10.55,10.55,10.55,10.55,10.55,10.55,10.55,10.55,10.55,10.55,10.55,10.55,2.25,2.25,2.25,2.25,2.25,2.25,2.25,2.25,2.25,2.25,2.25,2.25,2.25,2.25,2.25,2.25,4,3.7,4.6,4.6,5.3,4.5,3.6,4.1,5.6,8,13.5,11.5,8.3,7,6.3,5.5,9.344456295593572,VORTEX fdc (single Weibull distribution and sector frequencies)
Feature,Point,4.281476642540331,52.66142930568239,-24,GEBCO,10.54,10.54,10.54,10.54,10.54,10.54,10.54,10.54,10.54,10.54,10.54,10.54,10.54,10.54,10.54,10.54,2.25,2.25,2.25,2.25,2.25,2.25,2.25,2.25,2.25,2.25,2.25,2.25,2.25,2.25,2.25,2.25,4,3.7,4.5,4.7,5.3,4.5,3.6,4.1,5.6,8,13.5,11.5,8.3,7,6.3,5.5,9.335598991047984,VORTEX fdc (single Weibull distribution and sector frequencies)
Feature,Point,4.288879044779296,52.66142930568239,-23,GEBCO,10.54,10.54,10.54,10.54,10.54,10.54,10.54,10.54,10.54,10.54,10.54,10.54,10.54,10.54,10.54,10.54,2.25,2.25,2.25,2.25,2.25,2.25,2.25,2.25,2.25,2.25,2.25,2.25,2.25,2.25,2.25,2.25,4,3.7,4.5,4.7,5.3,4.5,3.6,4.1,5.6,8,13.5,11.5,8.3,7,6.3,5.5,9.335598991047984,VORTEX fdc (single Weibull distribution and sector frequencies)
Feature,Point,4.296281447018261,52.66142930568239,-22,GEBCO,10.53,10.53,10.53,10.53,10.53,10.53,10.53,10.53,10.53,10.53,10.53,10.53,10.53,10.53,10.53,10.53,2.25,2.25,2.25,2.25,2.25,2.25,2.25,2.25,2.25,2.25,2.25,2.25,2.25,2.25,2.25,2.25,4,3.7,4.5,4.7,5.3,4.5,3.6,4.1,5.6,8,13.5,11.5,8.3,7,6.3,5.5,9.326741686502398,VORTEX fdc (single Weibull distribution and sector frequencies)
Feature,Point,4.303683849257226,52.66142930568239,-22,GEBCO,10.53,10.53,10.53,10.53,10.53,10.53,10.53,10.53,10.53,10.53,10.53,10.53,10.53,10.53,10.53,10.53,2.25,2.25,2.25,2.25,2.25,2.25,2.25,2.25,2.25,2.25,2.25,2.25,2.25,2.25,2.25,2.25,4,3.6,4.5,4.7,5.3,4.5,3.6,4.1,5.6,8,13.5,11.5,8.3,7.1,6.3,5.4,9.326741686502398,VORTEX fdc (single Weibull distribution and sector frequencies)
Feature,Point,4.3110862514961905,52.66142930568239,-21,GEBCO,10.53,10.53,10.53,10.53,10.53,10.53,10.53,10.53,10.53,10.53,10.53,10.53,10.53,10.53,10.53,10.53,2.25,2.25,2.25,2.25,2.25,2.25,2.25,2.25,2.25,2.25,2.25,2.25,2.25,2.25,2.25,2.25,4,3.6,4.5,4.7,5.3,4.5,3.6,4.1,5.6,8,13.5,11.5,8.3,7.1,6.3,5.4,9.326741686502398,VORTEX fdc (single Weibull distribution and sector frequencies)
Feature,Point,4.318488653735155,52.66142930568239,-21,GEBCO,10.52,10.52,10.52,10.52,10.52,10.52,10.52,10.52,10.52,10.52,10.52,10.52,10.52,10.52,10.52,10.52,2.26,2.26,2.26,2.26,2.26,2.26,2.26,2.26,2.26,2.26,2.26,2.26,2.26,2.26,2.26,2.26,4,3.6,4.5,4.7,5.3,4.5,3.6,4.1,5.6,8,13.5,11.5,8.3,7.1,6.3,5.4,9.31820930357967,VORTEX fdc (single Weibull distribution and sector frequencies)
Feature,Point,4.32589105597412,52.66142930568239,-20,GEBCO,10.51,10.51,10.51,10.51,10.51,10.51,10.51,10.51,10.51,10.51,10.51,10.51,10.51,10.51,10.51,10.51,2.26,2.26,2.26,2.26,2.26,2.26,2.26,2.26,2.26,2.26,2.26,2.26,2.26,2.26,2.26,2.26,4.1,3.7,4.5,4.7,5.3,4.5,3.6,4.1,5.6,8,13.5,11.6,8.2,7.1,6.3,5.4,9.309351690173225,VORTEX fdc (single Weibull distribution and sector frequencies)
Feature,Point,4.333293458213085,52.66142930568239,-19,GEBCO,10.51,10.51,10.51,10.51,10.51,10.51,10.51,10.51,10.51,10.51,10.51,10.51,10.51,10.51,10.51,10.51,2.26,2.26,2.26,2.26,2.26,2.26,2.26,2.26,2.26,2.26,2.26,2.26,2.26,2.26,2.26,2.26,4.1,3.7,4.5,4.7,5.3,4.5,3.6,4.1,5.6,8,13.5,11.6,8.2,7.1,6.3,5.4,9.309351690173225,VORTEX fdc (single Weibull distribution and sector frequencies)
Feature,Point,4.340695860452049,52.66142930568239,-19,GEBCO,10.5,10.5,10.5,10.5,10.5,10.5,10.5,10.5,10.5,10.5,10.5,10.5,10.5,10.5,10.5,10.5,2.26,2.26,2.26,2.26,2.26,2.26,2.26,2.26,2.26,2.26,2.26,2.26,2.26,2.26,2.26,2.26,4.1,3.7,4.5,4.7,5.3,4.5,3.6,4.1,5.6,8,13.5,11.6,8.2,7.1,6.3,5.4,9.300494076766782,VORTEX fdc (single Weibull distribution and sector frequencies)
Feature,Point,4.348098262691014,52.66142930568239,-20,GEBCO,10.5,10.5,10.5,10.5,10.5,10.5,10.5,10.5,10.5,10.5,10.5,10.5,10.5,10.5,10.5,10.5,2.26,2.26,2.26,2.26,2.26,2.26,2.26,2.26,2.26,2.26,2.26,2.26,2.26,2.26,2.26,2.26,4.1,3.7,4.5,4.7,5.3,4.5,3.6,4.1,5.6,8,13.5,11.6,8.2,7.1,6.3,5.4,9.300494076766782,VORTEX fdc (single Weibull distribution and sector frequencies)
Feature,Point,4.355500664929979,52.66142930568239,-20,GEBCO,10.49,10.49,10.49,10.49,10.49,10.49,10.49,10.49,10.49,10.49,10.49,10.49,10.49,10.49,10.49,10.49,2.26,2.26,2.26,2.26,2.26,2.26,2.26,2.26,2.26,2.26,2.26,2.26,2.26,2.26,2.26,2.26,4.1,3.7,4.5,4.7,5.3,4.4,3.6,4.1,5.6,8.1,13.5,11.5,8.2,7.1,6.3,5.4,9.291636463360337,VORTEX fdc (single Weibull distribution and sector frequencies)
Feature,Point,4.140831,52.66592088210299,-23,GEBCO,10.6,10.6,10.6,10.6,10.6,10.6,10.6,10.6,10.6,10.6,10.6,10.6,10.6,10.6,10.6,10.6,2.24,2.24,2.24,2.24,2.24,2.24,2.24,2.24,2.24,2.24,2.24,2.24,2.24,2.24,2.24,2.24,3.9,3.6,4.6,4.6,5.3,4.5,3.6,4.2,5.5,8.1,13.5,11.5,8.1,7,6.4,5.5,9.388448689569131,VORTEX fdc (single Weibull distribution and sector frequencies)
Feature,Point,4.148233402238965,52.66592088210299,-24,GEBCO,10.6,10.6,10.6,10.6,10.6,10.6,10.6,10.6,10.6,10.6,10.6,10.6,10.6,10.6,10.6,10.6,2.24,2.24,2.24,2.24,2.24,2.24,2.24,2.24,2.24,2.24,2.24,2.24,2.24,2.24,2.24,2.24,3.9,3.6,4.6,4.6,5.3,4.5,3.6,4.2,5.5,8.1,13.5,11.5,8.1,7,6.4,5.5,9.388448689569131,VORTEX fdc (single Weibull distribution and sector frequencies)
Feature,Point,4.15563580447793,52.66592088210299,-25,GEBCO,10.6,10.6,10.6,10.6,10.6,10.6,10.6,10.6,10.6,10.6,10.6,10.6,10.6,10.6,10.6,10.6,2.24,2.24,2.24,2.24,2.24,2.24,2.24,2.24,2.24,2.24,2.24,2.24,2.24,2.24,2.24,2.24,3.9,3.5,4.7,4.6,5.2,4.5,3.6,4.2,5.6,8,13.6,11.5,8.2,6.9,6.3,5.5,9.388448689569131,VORTEX fdc (single Weibull distribution and sector frequencies)
Feature,Point,4.1630382067168945,52.66592088210299,-25,GEBCO,10.6,10.6,10.6,10.6,10.6,10.6,10.6,10.6,10.6,10.6,10.6,10.6,10.6,10.6,10.6,10.6,2.24,2.24,2.24,2.24,2.24,2.24,2.24,2.24,2.24,2.24,2.24,2.24,2.24,2.24,2.24,2.24,3.9,3.5,4.7,4.6,5.2,4.5,3.6,4.2,5.6,8,13.6,11.5,8.2,6.9,6.3,5.5,9.388448689569131,VORTEX fdc (single Weibull distribution and sector frequencies)
Feature,Point,4.170440608955859,52.66592088210299,-25,GEBCO,10.59,10.59,10.59,10.59,10.59,10.59,10.59,10.59,10.59,10.59,10.59,10.59,10.59,10.59,10.59,10.59,2.24,2.24,2.24,2.24,2.24,2.24,2.24,2.24,2.24,2.24,2.24,2.24,2.24,2.24,2.24,2.24,3.9,3.5,4.7,4.6,5.2,4.5,3.6,4.2,5.6,8,13.6,11.5,8.2,6.9,6.3,5.5,9.379591662503499,VORTEX fdc (single Weibull distribution and sector frequencies)
Feature,Point,4.177843011194824,52.66592088210299,-25,GEBCO,10.59,10.59,10.59,10.59,10.59,10.59,10.59,10.59,10.59,10.59,10.59,10.59,10.59,10.59,10.59,10.59,2.24,2.24,2.24,2.24,2.24,2.24,2.24,2.24,2.24,2.24,2.24,2.24,2.24,2.24,2.24,2.24,3.9,3.6,4.6,4.6,5.3,4.5,3.6,4.2,5.6,8,13.6,11.5,8.1,7,6.3,5.5,9.379591662503499,VORTEX fdc (single Weibull distribution and sector frequencies)
Feature,Point,4.185245413433789,52.66592088210299,-24,GEBCO,10.59,10.59,10.59,10.59,10.59,10.59,10.59,10.59,10.59,10.59,10.59,10.59,10.59,10.59,10.59,10.59,2.25,2.25,2.25,2.25,2.25,2.25,2.25,2.25,2.25,2.25,2.25,2.25,2.25,2.25,2.25,2.25,3.9,3.6,4.6,4.6,5.3,4.5,3.6,4.2,5.6,8,13.6,11.5,8.1,7,6.3,5.5,9.379885513775916,VORTEX fdc (single Weibull distribution and sector frequencies)
Feature,Point,4.192647815672754,52.66592088210299,-24,GEBCO,10.59,10.59,10.59,10.59,10.59,10.59,10.59,10.59,10.59,10.59,10.59,10.59,10.59,10.59,10.59,10.59,2.25,2.25,2.25,2.25,2.25,2.25,2.25,2.25,2.25,2.25,2.25,2.25,2.25,2.25,2.25,2.25,3.9,3.6,4.6,4.6,5.3,4.5,3.6,4.2,5.6,8,13.6,11.5,8.1,7,6.3,5.5,9.379885513775916,VORTEX fdc (single Weibull distribution and sector frequencies)
Feature,Point,4.200050217911719,52.66592088210299,-24,GEBCO,10.58,10.58,10.58,10.58,10.58,10.58,10.58,10.58,10.58,10.58,10.58,10.58,10.58,10.58,10.58,10.58,2.25,2.25,2.25,2.25,2.25,2.25,2.25,2.25,2.25,2.25,2.25,2.25,2.25,2.25,2.25,2.25,4,3.6,4.5,4.7,5.3,4.5,3.6,4.2,5.6,7.9,13.6,11.5,8.2,7,6.3,5.5,9.37102820923033,VORTEX fdc (single Weibull distribution and sector frequencies)
Feature,Point,4.207452620150684,52.66592088210299,-23,GEBCO,10.58,10.58,10.58,10.58,10.58,10.58,10.58,10.58,10.58,10.58,10.58,10.58,10.58,10.58,10.58,10.58,2.25,2.25,2.25,2.25,2.25,2.25,2.25,2.25,2.25,2.25,2.25,2.25,2.25,2.25,2.25,2.25,4,3.6,4.5,4.7,5.3,4.5,3.6,4.2,5.6,7.9,13.6,11.5,8.2,7,6.3,5.5,9.37102820923033,VORTEX fdc (single Weibull distribution and sector frequencies)
Feature,Point,4.214855022389648,52.66592088210299,-23,GEBCO,10.58,10.58,10.58,10.58,10.58,10.58,10.58,10.58,10.58,10.58,10.58,10.58,10.58,10.58,10.58,10.58,2.25,2.25,2.25,2.25,2.25,2.25,2.25,2.25,2.25,2.25,2.25,2.25,2.25,2.25,2.25,2.25,4,3.6,4.5,4.7,5.3,4.5,3.6,4.2,5.6,7.9,13.6,11.5,8.2,7,6.3,5.5,9.37102820923033,VORTEX fdc (single Weibull distribution and sector frequencies)
Feature,Point,4.222257424628613,52.66592088210299,-22,GEBCO,10.57,10.57,10.57,10.57,10.57,10.57,10.57,10.57,10.57,10.57,10.57,10.57,10.57,10.57,10.57,10.57,2.25,2.25,2.25,2.25,2.25,2.25,2.25,2.25,2.25,2.25,2.25,2.25,2.25,2.25,2.25,2.25,4,3.6,4.5,4.7,5.3,4.5,3.6,4.2,5.6,7.9,13.6,11.5,8.2,7,6.3,5.5,9.362170904684744,VORTEX fdc (single Weibull distribution and sector frequencies)
Feature,Point,4.229659826867578,52.66592088210299,-21,GEBCO,10.57,10.57,10.57,10.57,10.57,10.57,10.57,10.57,10.57,10.57,10.57,10.57,10.57,10.57,10.57,10.57,2.25,2.25,2.25,2.25,2.25,2.25,2.25,2.25,2.25,2.25,2.25,2.25,2.25,2.25,2.25,2.25,4,3.7,4.6,4.7,5.3,4.5,3.6,4.2,5.7,7.9,13.6,11.5,8.2,7,6.3,5.5,9.362170904684744,VORTEX fdc (single Weibull distribution and sector frequencies)
Feature,Point,4.2370622291065425,52.66592088210299,-21,GEBCO,10.57,10.57,10.57,10.57,10.57,10.57,10.57,10.57,10.57,10.57,10.57,10.57,10.57,10.57,10.57,10.57,2.25,2.25,2.25,2.25,2.25,2.25,2.25,2.25,2.25,2.25,2.25,2.25,2.25,2.25,2.25,2.25,4,3.7,4.6,4.7,5.3,4.5,3.6,4.2,5.7,7.9,13.6,11.5,8.2,7,6.3,5.5,9.362170904684744,VORTEX fdc (single Weibull distribution and sector frequencies)
Feature,Point,4.244464631345507,52.66592088210299,-21,GEBCO,10.57,10.57,10.57,10.57,10.57,10.57,10.57,10.57,10.57,10.57,10.57,10.57,10.57,10.57,10.57,10.57,2.25,2.25,2.25,2.25,2.25,2.25,2.25,2.25,2.25,2.25,2.25,2.25,2.25,2.25,2.25,2.25,4,3.7,4.6,4.7,5.3,4.5,3.6,4.2,5.7,7.9,13.6,11.5,8.2,7,6.3,5.5,9.362170904684744,VORTEX fdc (single Weibull distribution and sector frequencies)
Feature,Point,4.251867033584472,52.66592088210299,-23,GEBCO,10.56,10.56,10.56,10.56,10.56,10.56,10.56,10.56,10.56,10.56,10.56,10.56,10.56,10.56,10.56,10.56,2.25,2.25,2.25,2.25,2.25,2.25,2.25,2.25,2.25,2.25,2.25,2.25,2.25,2.25,2.25,2.25,4,3.7,4.6,4.6,5.3,4.5,3.6,4.1,5.6,8,13.5,11.5,8.3,7,6.3,5.5,9.353313600139158,VORTEX fdc (single Weibull distribution and sector frequencies)
Feature,Point,4.259269435823437,52.66592088210299,-24,GEBCO,10.56,10.56,10.56,10.56,10.56,10.56,10.56,10.56,10.56,10.56,10.56,10.56,10.56,10.56,10.56,10.56,2.25,2.25,2.25,2.25,2.25,2.25,2.25,2.25,2.25,2.25,2.25,2.25,2.25,2.25,2.25,2.25,4,3.7,4.6,4.6,5.3,4.5,3.6,4.1,5.6,8,13.5,11.5,8.3,7,6.3,5.5,9.353313600139158,VORTEX fdc (single Weibull distribution and sector frequencies)
Feature,Point,4.266671838062401,52.66592088210299,-24,GEBCO,10.56,10.56,10.56,10.56,10.56,10.56,10.56,10.56,10.56,10.56,10.56,10.56,10.56,10.56,10.56,10.56,2.25,2.25,2.25,2.25,2.25,2.25,2.25,2.25,2.25,2.25,2.25,2.25,2.25,2.25,2.25,2.25,4,3.7,4.6,4.6,5.3,4.5,3.6,4.1,5.6,8,13.5,11.5,8.3,7,6.3,5.5,9.353313600139158,VORTEX fdc (single Weibull distribution and sector frequencies)
Feature,Point,4.274074240301366,52.66592088210299,-24,GEBCO,10.56,10.56,10.56,10.56,10.56,10.56,10.56,10.56,10.56,10.56,10.56,10.56,10.56,10.56,10.56,10.56,2.25,2.25,2.25,2.25,2.25,2.25,2.25,2.25,2.25,2.25,2.25,2.25,2.25,2.25,2.25,2.25,4,3.7,4.6,4.6,5.3,4.5,3.6,4.1,5.6,8,13.5,11.5,8.3,7,6.3,5.5,9.353313600139158,VORTEX fdc (single Weibull distribution and sector frequencies)
Feature,Point,4.281476642540331,52.66592088210299,-24,GEBCO,10.55,10.55,10.55,10.55,10.55,10.55,10.55,10.55,10.55,10.55,10.55,10.55,10.55,10.55,10.55,10.55,2.25,2.25,2.25,2.25,2.25,2.25,2.25,2.25,2.25,2.25,2.25,2.25,2.25,2.25,2.25,2.25,4,3.7,4.5,4.7,5.3,4.5,3.6,4.1,5.6,8,13.5,11.5,8.3,7,6.3,5.5,9.344456295593572,VORTEX fdc (single Weibull distribution and sector frequencies)
Feature,Point,4.288879044779296,52.66592088210299,-23,GEBCO,10.55,10.55,10.55,10.55,10.55,10.55,10.55,10.55,10.55,10.55,10.55,10.55,10.55,10.55,10.55,10.55,2.25,2.25,2.25,2.25,2.25,2.25,2.25,2.25,2.25,2.25,2.25,2.25,2.25,2.25,2.25,2.25,4,3.7,4.5,4.7,5.3,4.5,3.6,4.1,5.6,8,13.5,11.5,8.3,7,6.3,5.5,9.344456295593572,VORTEX fdc (single Weibull distribution and sector frequencies)
Feature,Point,4.296281447018261,52.66592088210299,-22,GEBCO,10.54,10.54,10.54,10.54,10.54,10.54,10.54,10.54,10.54,10.54,10.54,10.54,10.54,10.54,10.54,10.54,2.25,2.25,2.25,2.25,2.25,2.25,2.25,2.25,2.25,2.25,2.25,2.25,2.25,2.25,2.25,2.25,4,3.7,4.5,4.7,5.3,4.5,3.6,4.1,5.6,8,13.5,11.5,8.3,7,6.3,5.5,9.335598991047984,VORTEX fdc (single Weibull distribution and sector frequencies)
Feature,Point,4.303683849257226,52.66592088210299,-22,GEBCO,10.54,10.54,10.54,10.54,10.54,10.54,10.54,10.54,10.54,10.54,10.54,10.54,10.54,10.54,10.54,10.54,2.25,2.25,2.25,2.25,2.25,2.25,2.25,2.25,2.25,2.25,2.25,2.25,2.25,2.25,2.25,2.25,4,3.6,4.5,4.7,5.3,4.5,3.6,4.1,5.6,8,13.5,11.5,8.3,7.1,6.3,5.4,9.335598991047984,VORTEX fdc (single Weibull distribution and sector frequencies)
Feature,Point,4.3110862514961905,52.66592088210299,-21,GEBCO,10.53,10.53,10.53,10.53,10.53,10.53,10.53,10.53,10.53,10.53,10.53,10.53,10.53,10.53,10.53,10.53,2.25,2.25,2.25,2.25,2.25,2.25,2.25,2.25,2.25,2.25,2.25,2.25,2.25,2.25,2.25,2.25,4,3.6,4.5,4.7,5.3,4.5,3.6,4.1,5.6,8,13.5,11.5,8.3,7.1,6.3,5.4,9.326741686502398,VORTEX fdc (single Weibull distribution and sector frequencies)
Feature,Point,4.318488653735155,52.66592088210299,-21,GEBCO,10.53,10.53,10.53,10.53,10.53,10.53,10.53,10.53,10.53,10.53,10.53,10.53,10.53,10.53,10.53,10.53,2.26,2.26,2.26,2.26,2.26,2.26,2.26,2.26,2.26,2.26,2.26,2.26,2.26,2.26,2.26,2.26,4,3.6,4.5,4.7,5.3,4.5,3.6,4.1,5.6,8,13.5,11.5,8.3,7.1,6.3,5.4,9.327066916986114,VORTEX fdc (single Weibull distribution and sector frequencies)
Feature,Point,4.32589105597412,52.66592088210299,-20,GEBCO,10.52,10.52,10.52,10.52,10.52,10.52,10.52,10.52,10.52,10.52,10.52,10.52,10.52,10.52,10.52,10.52,2.26,2.26,2.26,2.26,2.26,2.26,2.26,2.26,2.26,2.26,2.26,2.26,2.26,2.26,2.26,2.26,4.1,3.7,4.5,4.7,5.3,4.5,3.6,4.1,5.6,8,13.5,11.6,8.2,7.1,6.3,5.4,9.31820930357967,VORTEX fdc (single Weibull distribution and sector frequencies)
Feature,Point,4.333293458213085,52.66592088210299,-20,GEBCO,10.52,10.52,10.52,10.52,10.52,10.52,10.52,10.52,10.52,10.52,10.52,10.52,10.52,10.52,10.52,10.52,2.26,2.26,2.26,2.26,2.26,2.26,2.26,2.26,2.26,2.26,2.26,2.26,2.26,2.26,2.26,2.26,4.1,3.7,4.5,4.7,5.3,4.5,3.6,4.1,5.6,8,13.5,11.6,8.2,7.1,6.3,5.4,9.31820930357967,VORTEX fdc (single Weibull distribution and sector frequencies)
Feature,Point,4.340695860452049,52.66592088210299,-19,GEBCO,10.51,10.51,10.51,10.51,10.51,10.51,10.51,10.51,10.51,10.51,10.51,10.51,10.51,10.51,10.51,10.51,2.26,2.26,2.26,2.26,2.26,2.26,2.26,2.26,2.26,2.26,2.26,2.26,2.26,2.26,2.26,2.26,4.1,3.7,4.5,4.7,5.3,4.5,3.6,4.1,5.6,8,13.5,11.6,8.2,7.1,6.3,5.4,9.309351690173225,VORTEX fdc (single Weibull distribution and sector frequencies)
Feature,Point,4.348098262691014,52.66592088210299,-20,GEBCO,10.51,10.51,10.51,10.51,10.51,10.51,10.51,10.51,10.51,10.51,10.51,10.51,10.51,10.51,10.51,10.51,2.26,2.26,2.26,2.26,2.26,2.26,2.26,2.26,2.26,2.26,2.26,2.26,2.26,2.26,2.26,2.26,4.1,3.7,4.5,4.7,5.3,4.5,3.6,4.1,5.6,8,13.5,11.6,8.2,7.1,6.3,5.4,9.309351690173225,VORTEX fdc (single Weibull distribution and sector frequencies)
Feature,Point,4.355500664929979,52.66592088210299,-20,GEBCO,10.5,10.5,10.5,10.5,10.5,10.5,10.5,10.5,10.5,10.5,10.5,10.5,10.5,10.5,10.5,10.5,2.26,2.26,2.26,2.26,2.26,2.26,2.26,2.26,2.26,2.26,2.26,2.26,2.26,2.26,2.26,2.26,4.1,3.7,4.5,4.7,5.3,4.4,3.6,4.1,5.6,8.1,13.5,11.5,8.2,7.1,6.3,5.4,9.300494076766782,VORTEX fdc (single Weibull distribution and sector frequencies)
Feature,Point,4.140831,52.670412458523586,-23,GEBCO,10.6,10.6,10.6,10.6,10.6,10.6,10.6,10.6,10.6,10.6,10.6,10.6,10.6,10.6,10.6,10.6,2.24,2.24,2.24,2.24,2.24,2.24,2.24,2.24,2.24,2.24,2.24,2.24,2.24,2.24,2.24,2.24,3.9,3.6,4.6,4.6,5.3,4.5,3.6,4.2,5.5,8.1,13.5,11.5,8.1,7,6.4,5.5,9.388448689569131,VORTEX fdc (single Weibull distribution and sector frequencies)
Feature,Point,4.148233402238965,52.670412458523586,-24,GEBCO,10.6,10.6,10.6,10.6,10.6,10.6,10.6,10.6,10.6,10.6,10.6,10.6,10.6,10.6,10.6,10.6,2.24,2.24,2.24,2.24,2.24,2.24,2.24,2.24,2.24,2.24,2.24,2.24,2.24,2.24,2.24,2.24,3.9,3.6,4.6,4.6,5.3,4.5,3.6,4.2,5.5,8.1,13.5,11.5,8.1,7,6.4,5.5,9.388448689569131,VORTEX fdc (single Weibull distribution and sector frequencies)
Feature,Point,4.15563580447793,52.670412458523586,-25,GEBCO,10.6,10.6,10.6,10.6,10.6,10.6,10.6,10.6,10.6,10.6,10.6,10.6,10.6,10.6,10.6,10.6,2.24,2.24,2.24,2.24,2.24,2.24,2.24,2.24,2.24,2.24,2.24,2.24,2.24,2.24,2.24,2.24,3.9,3.5,4.7,4.6,5.2,4.5,3.6,4.2,5.6,8,13.6,11.5,8.2,6.9,6.3,5.5,9.388448689569131,VORTEX fdc (single Weibull distribution and sector frequencies)
Feature,Point,4.1630382067168945,52.670412458523586,-25,GEBCO,10.6,10.6,10.6,10.6,10.6,10.6,10.6,10.6,10.6,10.6,10.6,10.6,10.6,10.6,10.6,10.6,2.24,2.24,2.24,2.24,2.24,2.24,2.24,2.24,2.24,2.24,2.24,2.24,2.24,2.24,2.24,2.24,3.9,3.5,4.7,4.6,5.2,4.5,3.6,4.2,5.6,8,13.6,11.5,8.2,6.9,6.3,5.5,9.388448689569131,VORTEX fdc (single Weibull distribution and sector frequencies)
Feature,Point,4.170440608955859,52.670412458523586,-25,GEBCO,10.59,10.59,10.59,10.59,10.59,10.59,10.59,10.59,10.59,10.59,10.59,10.59,10.59,10.59,10.59,10.59,2.24,2.24,2.24,2.24,2.24,2.24,2.24,2.24,2.24,2.24,2.24,2.24,2.24,2.24,2.24,2.24,3.9,3.5,4.7,4.6,5.2,4.5,3.6,4.2,5.6,8,13.6,11.5,8.2,6.9,6.3,5.5,9.379591662503499,VORTEX fdc (single Weibull distribution and sector frequencies)
Feature,Point,4.177843011194824,52.670412458523586,-25,GEBCO,10.59,10.59,10.59,10.59,10.59,10.59,10.59,10.59,10.59,10.59,10.59,10.59,10.59,10.59,10.59,10.59,2.24,2.24,2.24,2.24,2.24,2.24,2.24,2.24,2.24,2.24,2.24,2.24,2.24,2.24,2.24,2.24,3.9,3.6,4.6,4.6,5.3,4.5,3.6,4.2,5.6,8,13.6,11.5,8.1,7,6.3,5.5,9.379591662503499,VORTEX fdc (single Weibull distribution and sector frequencies)
Feature,Point,4.185245413433789,52.670412458523586,-24,GEBCO,10.59,10.59,10.59,10.59,10.59,10.59,10.59,10.59,10.59,10.59,10.59,10.59,10.59,10.59,10.59,10.59,2.25,2.25,2.25,2.25,2.25,2.25,2.25,2.25,2.25,2.25,2.25,2.25,2.25,2.25,2.25,2.25,3.9,3.6,4.6,4.6,5.3,4.5,3.6,4.2,5.6,8,13.6,11.5,8.1,7,6.3,5.5,9.379885513775916,VORTEX fdc (single Weibull distribution and sector frequencies)
Feature,Point,4.192647815672754,52.670412458523586,-24,GEBCO,10.59,10.59,10.59,10.59,10.59,10.59,10.59,10.59,10.59,10.59,10.59,10.59,10.59,10.59,10.59,10.59,2.25,2.25,2.25,2.25,2.25,2.25,2.25,2.25,2.25,2.25,2.25,2.25,2.25,2.25,2.25,2.25,3.9,3.6,4.6,4.6,5.3,4.5,3.6,4.2,5.6,8,13.6,11.5,8.1,7,6.3,5.5,9.379885513775916,VORTEX fdc (single Weibull distribution and sector frequencies)
Feature,Point,4.200050217911719,52.670412458523586,-24,GEBCO,10.58,10.58,10.58,10.58,10.58,10.58,10.58,10.58,10.58,10.58,10.58,10.58,10.58,10.58,10.58,10.58,2.25,2.25,2.25,2.25,2.25,2.25,2.25,2.25,2.25,2.25,2.25,2.25,2.25,2.25,2.25,2.25,4,3.6,4.5,4.7,5.3,4.5,3.6,4.2,5.6,7.9,13.6,11.5,8.2,7,6.3,5.5,9.37102820923033,VORTEX fdc (single Weibull distribution and sector frequencies)
Feature,Point,4.207452620150684,52.670412458523586,-23,GEBCO,10.58,10.58,10.58,10.58,10.58,10.58,10.58,10.58,10.58,10.58,10.58,10.58,10.58,10.58,10.58,10.58,2.25,2.25,2.25,2.25,2.25,2.25,2.25,2.25,2.25,2.25,2.25,2.25,2.25,2.25,2.25,2.25,4,3.6,4.5,4.7,5.3,4.5,3.6,4.2,5.6,7.9,13.6,11.5,8.2,7,6.3,5.5,9.37102820923033,VORTEX fdc (single Weibull distribution and sector frequencies)
Feature,Point,4.214855022389648,52.670412458523586,-23,GEBCO,10.58,10.58,10.58,10.58,10.58,10.58,10.58,10.58,10.58,10.58,10.58,10.58,10.58,10.58,10.58,10.58,2.25,2.25,2.25,2.25,2.25,2.25,2.25,2.25,2.25,2.25,2.25,2.25,2.25,2.25,2.25,2.25,4,3.6,4.5,4.7,5.3,4.5,3.6,4.2,5.6,7.9,13.6,11.5,8.2,7,6.3,5.5,9.37102820923033,VORTEX fdc (single Weibull distribution and sector frequencies)
Feature,Point,4.222257424628613,52.670412458523586,-22,GEBCO,10.57,10.57,10.57,10.57,10.57,10.57,10.57,10.57,10.57,10.57,10.57,10.57,10.57,10.57,10.57,10.57,2.25,2.25,2.25,2.25,2.25,2.25,2.25,2.25,2.25,2.25,2.25,2.25,2.25,2.25,2.25,2.25,4,3.6,4.5,4.7,5.3,4.5,3.6,4.2,5.6,7.9,13.6,11.5,8.2,7,6.3,5.5,9.362170904684744,VORTEX fdc (single Weibull distribution and sector frequencies)
Feature,Point,4.229659826867578,52.670412458523586,-21,GEBCO,10.57,10.57,10.57,10.57,10.57,10.57,10.57,10.57,10.57,10.57,10.57,10.57,10.57,10.57,10.57,10.57,2.25,2.25,2.25,2.25,2.25,2.25,2.25,2.25,2.25,2.25,2.25,2.25,2.25,2.25,2.25,2.25,4,3.7,4.6,4.7,5.3,4.5,3.6,4.2,5.7,7.9,13.6,11.5,8.2,7,6.3,5.5,9.362170904684744,VORTEX fdc (single Weibull distribution and sector frequencies)
Feature,Point,4.2370622291065425,52.670412458523586,-21,GEBCO,10.57,10.57,10.57,10.57,10.57,10.57,10.57,10.57,10.57,10.57,10.57,10.57,10.57,10.57,10.57,10.57,2.25,2.25,2.25,2.25,2.25,2.25,2.25,2.25,2.25,2.25,2.25,2.25,2.25,2.25,2.25,2.25,4,3.7,4.6,4.7,5.3,4.5,3.6,4.2,5.7,7.9,13.6,11.5,8.2,7,6.3,5.5,9.362170904684744,VORTEX fdc (single Weibull distribution and sector frequencies)
Feature,Point,4.244464631345507,52.670412458523586,-21,GEBCO,10.57,10.57,10.57,10.57,10.57,10.57,10.57,10.57,10.57,10.57,10.57,10.57,10.57,10.57,10.57,10.57,2.25,2.25,2.25,2.25,2.25,2.25,2.25,2.25,2.25,2.25,2.25,2.25,2.25,2.25,2.25,2.25,4,3.7,4.6,4.7,5.3,4.5,3.6,4.2,5.7,7.9,13.6,11.5,8.2,7,6.3,5.5,9.362170904684744,VORTEX fdc (single Weibull distribution and sector frequencies)
Feature,Point,4.251867033584472,52.670412458523586,-22,GEBCO,10.56,10.56,10.56,10.56,10.56,10.56,10.56,10.56,10.56,10.56,10.56,10.56,10.56,10.56,10.56,10.56,2.25,2.25,2.25,2.25,2.25,2.25,2.25,2.25,2.25,2.25,2.25,2.25,2.25,2.25,2.25,2.25,4,3.7,4.6,4.6,5.3,4.5,3.6,4.1,5.6,8,13.5,11.5,8.3,7,6.3,5.5,9.353313600139158,VORTEX fdc (single Weibull distribution and sector frequencies)
Feature,Point,4.259269435823437,52.670412458523586,-23,GEBCO,10.56,10.56,10.56,10.56,10.56,10.56,10.56,10.56,10.56,10.56,10.56,10.56,10.56,10.56,10.56,10.56,2.25,2.25,2.25,2.25,2.25,2.25,2.25,2.25,2.25,2.25,2.25,2.25,2.25,2.25,2.25,2.25,4,3.7,4.6,4.6,5.3,4.5,3.6,4.1,5.6,8,13.5,11.5,8.3,7,6.3,5.5,9.353313600139158,VORTEX fdc (single Weibull distribution and sector frequencies)
Feature,Point,4.266671838062401,52.670412458523586,-24,GEBCO,10.56,10.56,10.56,10.56,10.56,10.56,10.56,10.56,10.56,10.56,10.56,10.56,10.56,10.56,10.56,10.56,2.25,2.25,2.25,2.25,2.25,2.25,2.25,2.25,2.25,2.25,2.25,2.25,2.25,2.25,2.25,2.25,4,3.7,4.6,4.6,5.3,4.5,3.6,4.1,5.6,8,13.5,11.5,8.3,7,6.3,5.5,9.353313600139158,VORTEX fdc (single Weibull distribution and sector frequencies)
Feature,Point,4.274074240301366,52.670412458523586,-24,GEBCO,10.56,10.56,10.56,10.56,10.56,10.56,10.56,10.56,10.56,10.56,10.56,10.56,10.56,10.56,10.56,10.56,2.25,2.25,2.25,2.25,2.25,2.25,2.25,2.25,2.25,2.25,2.25,2.25,2.25,2.25,2.25,2.25,4,3.7,4.6,4.6,5.3,4.5,3.6,4.1,5.6,8,13.5,11.5,8.3,7,6.3,5.5,9.353313600139158,VORTEX fdc (single Weibull distribution and sector frequencies)
Feature,Point,4.281476642540331,52.670412458523586,-24,GEBCO,10.55,10.55,10.55,10.55,10.55,10.55,10.55,10.55,10.55,10.55,10.55,10.55,10.55,10.55,10.55,10.55,2.25,2.25,2.25,2.25,2.25,2.25,2.25,2.25,2.25,2.25,2.25,2.25,2.25,2.25,2.25,2.25,4,3.7,4.5,4.7,5.3,4.5,3.6,4.1,5.6,8,13.5,11.5,8.3,7,6.3,5.5,9.344456295593572,VORTEX fdc (single Weibull distribution and sector frequencies)
Feature,Point,4.288879044779296,52.670412458523586,-23,GEBCO,10.55,10.55,10.55,10.55,10.55,10.55,10.55,10.55,10.55,10.55,10.55,10.55,10.55,10.55,10.55,10.55,2.25,2.25,2.25,2.25,2.25,2.25,2.25,2.25,2.25,2.25,2.25,2.25,2.25,2.25,2.25,2.25,4,3.7,4.5,4.7,5.3,4.5,3.6,4.1,5.6,8,13.5,11.5,8.3,7,6.3,5.5,9.344456295593572,VORTEX fdc (single Weibull distribution and sector frequencies)
Feature,Point,4.296281447018261,52.670412458523586,-23,GEBCO,10.54,10.54,10.54,10.54,10.54,10.54,10.54,10.54,10.54,10.54,10.54,10.54,10.54,10.54,10.54,10.54,2.25,2.25,2.25,2.25,2.25,2.25,2.25,2.25,2.25,2.25,2.25,2.25,2.25,2.25,2.25,2.25,4,3.7,4.5,4.7,5.3,4.5,3.6,4.1,5.6,8,13.5,11.5,8.3,7,6.3,5.5,9.335598991047984,VORTEX fdc (single Weibull distribution and sector frequencies)
Feature,Point,4.303683849257226,52.670412458523586,-22,GEBCO,10.54,10.54,10.54,10.54,10.54,10.54,10.54,10.54,10.54,10.54,10.54,10.54,10.54,10.54,10.54,10.54,2.25,2.25,2.25,2.25,2.25,2.25,2.25,2.25,2.25,2.25,2.25,2.25,2.25,2.25,2.25,2.25,4,3.6,4.5,4.7,5.3,4.5,3.6,4.1,5.6,8,13.5,11.5,8.3,7.1,6.3,5.4,9.335598991047984,VORTEX fdc (single Weibull distribution and sector frequencies)
Feature,Point,4.3110862514961905,52.670412458523586,-21,GEBCO,10.53,10.53,10.53,10.53,10.53,10.53,10.53,10.53,10.53,10.53,10.53,10.53,10.53,10.53,10.53,10.53,2.25,2.25,2.25,2.25,2.25,2.25,2.25,2.25,2.25,2.25,2.25,2.25,2.25,2.25,2.25,2.25,4,3.6,4.5,4.7,5.3,4.5,3.6,4.1,5.6,8,13.5,11.5,8.3,7.1,6.3,5.4,9.326741686502398,VORTEX fdc (single Weibull distribution and sector frequencies)
Feature,Point,4.318488653735155,52.670412458523586,-21,GEBCO,10.53,10.53,10.53,10.53,10.53,10.53,10.53,10.53,10.53,10.53,10.53,10.53,10.53,10.53,10.53,10.53,2.26,2.26,2.26,2.26,2.26,2.26,2.26,2.26,2.26,2.26,2.26,2.26,2.26,2.26,2.26,2.26,4,3.6,4.5,4.7,5.3,4.5,3.6,4.1,5.6,8,13.5,11.5,8.3,7.1,6.3,5.4,9.327066916986114,VORTEX fdc (single Weibull distribution and sector frequencies)
Feature,Point,4.32589105597412,52.670412458523586,-21,GEBCO,10.52,10.52,10.52,10.52,10.52,10.52,10.52,10.52,10.52,10.52,10.52,10.52,10.52,10.52,10.52,10.52,2.26,2.26,2.26,2.26,2.26,2.26,2.26,2.26,2.26,2.26,2.26,2.26,2.26,2.26,2.26,2.26,4.1,3.7,4.5,4.7,5.3,4.5,3.6,4.1,5.6,8,13.5,11.6,8.2,7.1,6.3,5.4,9.31820930357967,VORTEX fdc (single Weibull distribution and sector frequencies)
Feature,Point,4.333293458213085,52.670412458523586,-20,GEBCO,10.52,10.52,10.52,10.52,10.52,10.52,10.52,10.52,10.52,10.52,10.52,10.52,10.52,10.52,10.52,10.52,2.26,2.26,2.26,2.26,2.26,2.26,2.26,2.26,2.26,2.26,2.26,2.26,2.26,2.26,2.26,2.26,4.1,3.7,4.5,4.7,5.3,4.5,3.6,4.1,5.6,8,13.5,11.6,8.2,7.1,6.3,5.4,9.31820930357967,VORTEX fdc (single Weibull distribution and sector frequencies)
Feature,Point,4.340695860452049,52.670412458523586,-19,GEBCO,10.51,10.51,10.51,10.51,10.51,10.51,10.51,10.51,10.51,10.51,10.51,10.51,10.51,10.51,10.51,10.51,2.26,2.26,2.26,2.26,2.26,2.26,2.26,2.26,2.26,2.26,2.26,2.26,2.26,2.26,2.26,2.26,4.1,3.7,4.5,4.7,5.3,4.5,3.6,4.1,5.6,8,13.5,11.6,8.2,7.1,6.3,5.4,9.309351690173225,VORTEX fdc (single Weibull distribution and sector frequencies)
Feature,Point,4.348098262691014,52.670412458523586,-19,GEBCO,10.51,10.51,10.51,10.51,10.51,10.51,10.51,10.51,10.51,10.51,10.51,10.51,10.51,10.51,10.51,10.51,2.26,2.26,2.26,2.26,2.26,2.26,2.26,2.26,2.26,2.26,2.26,2.26,2.26,2.26,2.26,2.26,4.1,3.7,4.5,4.7,5.3,4.5,3.6,4.1,5.6,8,13.5,11.6,8.2,7.1,6.3,5.4,9.309351690173225,VORTEX fdc (single Weibull distribution and sector frequencies)
Feature,Point,4.355500664929979,52.670412458523586,-20,GEBCO,10.5,10.5,10.5,10.5,10.5,10.5,10.5,10.5,10.5,10.5,10.5,10.5,10.5,10.5,10.5,10.5,2.26,2.26,2.26,2.26,2.26,2.26,2.26,2.26,2.26,2.26,2.26,2.26,2.26,2.26,2.26,2.26,4.1,3.7,4.5,4.7,5.3,4.4,3.6,4.1,5.6,8.1,13.5,11.5,8.2,7.1,6.3,5.4,9.300494076766782,VORTEX fdc (single Weibull distribution and sector frequencies)
Feature,Point,4.140831,52.67490403494418,-23,GEBCO,10.6,10.6,10.6,10.6,10.6,10.6,10.6,10.6,10.6,10.6,10.6,10.6,10.6,10.6,10.6,10.6,2.24,2.24,2.24,2.24,2.24,2.24,2.24,2.24,2.24,2.24,2.24,2.24,2.24,2.24,2.24,2.24,3.9,3.6,4.6,4.6,5.3,4.5,3.6,4.2,5.5,8.1,13.5,11.5,8.1,7,6.4,5.5,9.388448689569131,VORTEX fdc (single Weibull distribution and sector frequencies)
Feature,Point,4.148233402238965,52.67490403494418,-24,GEBCO,10.6,10.6,10.6,10.6,10.6,10.6,10.6,10.6,10.6,10.6,10.6,10.6,10.6,10.6,10.6,10.6,2.24,2.24,2.24,2.24,2.24,2.24,2.24,2.24,2.24,2.24,2.24,2.24,2.24,2.24,2.24,2.24,3.9,3.6,4.6,4.6,5.3,4.5,3.6,4.2,5.5,8.1,13.5,11.5,8.1,7,6.4,5.5,9.388448689569131,VORTEX fdc (single Weibull distribution and sector frequencies)
Feature,Point,4.15563580447793,52.67490403494418,-25,GEBCO,10.6,10.6,10.6,10.6,10.6,10.6,10.6,10.6,10.6,10.6,10.6,10.6,10.6,10.6,10.6,10.6,2.24,2.24,2.24,2.24,2.24,2.24,2.24,2.24,2.24,2.24,2.24,2.24,2.24,2.24,2.24,2.24,3.9,3.5,4.7,4.6,5.2,4.5,3.6,4.2,5.6,8,13.6,11.5,8.2,6.9,6.3,5.5,9.388448689569131,VORTEX fdc (single Weibull distribution and sector frequencies)
Feature,Point,4.1630382067168945,52.67490403494418,-25,GEBCO,10.6,10.6,10.6,10.6,10.6,10.6,10.6,10.6,10.6,10.6,10.6,10.6,10.6,10.6,10.6,10.6,2.24,2.24,2.24,2.24,2.24,2.24,2.24,2.24,2.24,2.24,2.24,2.24,2.24,2.24,2.24,2.24,3.9,3.5,4.7,4.6,5.2,4.5,3.6,4.2,5.6,8,13.6,11.5,8.2,6.9,6.3,5.5,9.388448689569131,VORTEX fdc (single Weibull distribution and sector frequencies)
Feature,Point,4.170440608955859,52.67490403494418,-25,GEBCO,10.59,10.59,10.59,10.59,10.59,10.59,10.59,10.59,10.59,10.59,10.59,10.59,10.59,10.59,10.59,10.59,2.24,2.24,2.24,2.24,2.24,2.24,2.24,2.24,2.24,2.24,2.24,2.24,2.24,2.24,2.24,2.24,3.9,3.5,4.7,4.6,5.2,4.5,3.6,4.2,5.6,8,13.6,11.5,8.2,6.9,6.3,5.5,9.379591662503499,VORTEX fdc (single Weibull distribution and sector frequencies)
Feature,Point,4.177843011194824,52.67490403494418,-25,GEBCO,10.59,10.59,10.59,10.59,10.59,10.59,10.59,10.59,10.59,10.59,10.59,10.59,10.59,10.59,10.59,10.59,2.24,2.24,2.24,2.24,2.24,2.24,2.24,2.24,2.24,2.24,2.24,2.24,2.24,2.24,2.24,2.24,3.9,3.6,4.6,4.6,5.3,4.5,3.6,4.2,5.6,8,13.6,11.5,8.1,7,6.3,5.5,9.379591662503499,VORTEX fdc (single Weibull distribution and sector frequencies)
Feature,Point,4.185245413433789,52.67490403494418,-25,GEBCO,10.59,10.59,10.59,10.59,10.59,10.59,10.59,10.59,10.59,10.59,10.59,10.59,10.59,10.59,10.59,10.59,2.25,2.25,2.25,2.25,2.25,2.25,2.25,2.25,2.25,2.25,2.25,2.25,2.25,2.25,2.25,2.25,3.9,3.6,4.6,4.6,5.3,4.5,3.6,4.2,5.6,8,13.6,11.5,8.1,7,6.3,5.5,9.379885513775916,VORTEX fdc (single Weibull distribution and sector frequencies)
Feature,Point,4.192647815672754,52.67490403494418,-24,GEBCO,10.59,10.59,10.59,10.59,10.59,10.59,10.59,10.59,10.59,10.59,10.59,10.59,10.59,10.59,10.59,10.59,2.25,2.25,2.25,2.25,2.25,2.25,2.25,2.25,2.25,2.25,2.25,2.25,2.25,2.25,2.25,2.25,3.9,3.6,4.6,4.6,5.3,4.5,3.6,4.2,5.6,8,13.6,11.5,8.1,7,6.3,5.5,9.379885513775916,VORTEX fdc (single Weibull distribution and sector frequencies)
Feature,Point,4.200050217911719,52.67490403494418,-23,GEBCO,10.58,10.58,10.58,10.58,10.58,10.58,10.58,10.58,10.58,10.58,10.58,10.58,10.58,10.58,10.58,10.58,2.25,2.25,2.25,2.25,2.25,2.25,2.25,2.25,2.25,2.25,2.25,2.25,2.25,2.25,2.25,2.25,4,3.6,4.5,4.7,5.3,4.5,3.6,4.2,5.6,7.9,13.6,11.5,8.2,7,6.3,5.5,9.37102820923033,VORTEX fdc (single Weibull distribution and sector frequencies)
Feature,Point,4.207452620150684,52.67490403494418,-23,GEBCO,10.58,10.58,10.58,10.58,10.58,10.58,10.58,10.58,10.58,10.58,10.58,10.58,10.58,10.58,10.58,10.58,2.25,2.25,2.25,2.25,2.25,2.25,2.25,2.25,2.25,2.25,2.25,2.25,2.25,2.25,2.25,2.25,4,3.6,4.5,4.7,5.3,4.5,3.6,4.2,5.6,7.9,13.6,11.5,8.2,7,6.3,5.5,9.37102820923033,VORTEX fdc (single Weibull distribution and sector frequencies)
Feature,Point,4.214855022389648,52.67490403494418,-23,GEBCO,10.58,10.58,10.58,10.58,10.58,10.58,10.58,10.58,10.58,10.58,10.58,10.58,10.58,10.58,10.58,10.58,2.25,2.25,2.25,2.25,2.25,2.25,2.25,2.25,2.25,2.25,2.25,2.25,2.25,2.25,2.25,2.25,4,3.6,4.5,4.7,5.3,4.5,3.6,4.2,5.6,7.9,13.6,11.5,8.2,7,6.3,5.5,9.37102820923033,VORTEX fdc (single Weibull distribution and sector frequencies)
Feature,Point,4.222257424628613,52.67490403494418,-22,GEBCO,10.57,10.57,10.57,10.57,10.57,10.57,10.57,10.57,10.57,10.57,10.57,10.57,10.57,10.57,10.57,10.57,2.25,2.25,2.25,2.25,2.25,2.25,2.25,2.25,2.25,2.25,2.25,2.25,2.25,2.25,2.25,2.25,4,3.6,4.5,4.7,5.3,4.5,3.6,4.2,5.6,7.9,13.6,11.5,8.2,7,6.3,5.5,9.362170904684744,VORTEX fdc (single Weibull distribution and sector frequencies)
Feature,Point,4.229659826867578,52.67490403494418,-22,GEBCO,10.57,10.57,10.57,10.57,10.57,10.57,10.57,10.57,10.57,10.57,10.57,10.57,10.57,10.57,10.57,10.57,2.25,2.25,2.25,2.25,2.25,2.25,2.25,2.25,2.25,2.25,2.25,2.25,2.25,2.25,2.25,2.25,4,3.7,4.6,4.7,5.3,4.5,3.6,4.2,5.7,7.9,13.6,11.5,8.2,7,6.3,5.5,9.362170904684744,VORTEX fdc (single Weibull distribution and sector frequencies)
Feature,Point,4.2370622291065425,52.67490403494418,-21,GEBCO,10.57,10.57,10.57,10.57,10.57,10.57,10.57,10.57,10.57,10.57,10.57,10.57,10.57,10.57,10.57,10.57,2.25,2.25,2.25,2.25,2.25,2.25,2.25,2.25,2.25,2.25,2.25,2.25,2.25,2.25,2.25,2.25,4,3.7,4.6,4.7,5.3,4.5,3.6,4.2,5.7,7.9,13.6,11.5,8.2,7,6.3,5.5,9.362170904684744,VORTEX fdc (single Weibull distribution and sector frequencies)
Feature,Point,4.244464631345507,52.67490403494418,-22,GEBCO,10.57,10.57,10.57,10.57,10.57,10.57,10.57,10.57,10.57,10.57,10.57,10.57,10.57,10.57,10.57,10.57,2.25,2.25,2.25,2.25,2.25,2.25,2.25,2.25,2.25,2.25,2.25,2.25,2.25,2.25,2.25,2.25,4,3.7,4.6,4.7,5.3,4.5,3.6,4.2,5.7,7.9,13.6,11.5,8.2,7,6.3,5.5,9.362170904684744,VORTEX fdc (single Weibull distribution and sector frequencies)
Feature,Point,4.251867033584472,52.67490403494418,-22,GEBCO,10.56,10.56,10.56,10.56,10.56,10.56,10.56,10.56,10.56,10.56,10.56,10.56,10.56,10.56,10.56,10.56,2.25,2.25,2.25,2.25,2.25,2.25,2.25,2.25,2.25,2.25,2.25,2.25,2.25,2.25,2.25,2.25,4,3.7,4.6,4.6,5.3,4.5,3.6,4.1,5.6,8,13.5,11.5,8.3,7,6.3,5.5,9.353313600139158,VORTEX fdc (single Weibull distribution and sector frequencies)
Feature,Point,4.259269435823437,52.67490403494418,-23,GEBCO,10.56,10.56,10.56,10.56,10.56,10.56,10.56,10.56,10.56,10.56,10.56,10.56,10.56,10.56,10.56,10.56,2.25,2.25,2.25,2.25,2.25,2.25,2.25,2.25,2.25,2.25,2.25,2.25,2.25,2.25,2.25,2.25,4,3.7,4.6,4.6,5.3,4.5,3.6,4.1,5.6,8,13.5,11.5,8.3,7,6.3,5.5,9.353313600139158,VORTEX fdc (single Weibull distribution and sector frequencies)
Feature,Point,4.266671838062401,52.67490403494418,-23,GEBCO,10.56,10.56,10.56,10.56,10.56,10.56,10.56,10.56,10.56,10.56,10.56,10.56,10.56,10.56,10.56,10.56,2.25,2.25,2.25,2.25,2.25,2.25,2.25,2.25,2.25,2.25,2.25,2.25,2.25,2.25,2.25,2.25,4,3.7,4.6,4.6,5.3,4.5,3.6,4.1,5.6,8,13.5,11.5,8.3,7,6.3,5.5,9.353313600139158,VORTEX fdc (single Weibull distribution and sector frequencies)
Feature,Point,4.274074240301366,52.67490403494418,-24,GEBCO,10.56,10.56,10.56,10.56,10.56,10.56,10.56,10.56,10.56,10.56,10.56,10.56,10.56,10.56,10.56,10.56,2.25,2.25,2.25,2.25,2.25,2.25,2.25,2.25,2.25,2.25,2.25,2.25,2.25,2.25,2.25,2.25,4,3.7,4.6,4.6,5.3,4.5,3.6,4.1,5.6,8,13.5,11.5,8.3,7,6.3,5.5,9.353313600139158,VORTEX fdc (single Weibull distribution and sector frequencies)
Feature,Point,4.281476642540331,52.67490403494418,-24,GEBCO,10.55,10.55,10.55,10.55,10.55,10.55,10.55,10.55,10.55,10.55,10.55,10.55,10.55,10.55,10.55,10.55,2.25,2.25,2.25,2.25,2.25,2.25,2.25,2.25,2.25,2.25,2.25,2.25,2.25,2.25,2.25,2.25,4,3.7,4.5,4.7,5.3,4.5,3.6,4.1,5.6,8,13.5,11.5,8.3,7,6.3,5.5,9.344456295593572,VORTEX fdc (single Weibull distribution and sector frequencies)
Feature,Point,4.288879044779296,52.67490403494418,-23,GEBCO,10.55,10.55,10.55,10.55,10.55,10.55,10.55,10.55,10.55,10.55,10.55,10.55,10.55,10.55,10.55,10.55,2.25,2.25,2.25,2.25,2.25,2.25,2.25,2.25,2.25,2.25,2.25,2.25,2.25,2.25,2.25,2.25,4,3.7,4.5,4.7,5.3,4.5,3.6,4.1,5.6,8,13.5,11.5,8.3,7,6.3,5.5,9.344456295593572,VORTEX fdc (single Weibull distribution and sector frequencies)
Feature,Point,4.296281447018261,52.67490403494418,-23,GEBCO,10.54,10.54,10.54,10.54,10.54,10.54,10.54,10.54,10.54,10.54,10.54,10.54,10.54,10.54,10.54,10.54,2.25,2.25,2.25,2.25,2.25,2.25,2.25,2.25,2.25,2.25,2.25,2.25,2.25,2.25,2.25,2.25,4,3.7,4.5,4.7,5.3,4.5,3.6,4.1,5.6,8,13.5,11.5,8.3,7,6.3,5.5,9.335598991047984,VORTEX fdc (single Weibull distribution and sector frequencies)
Feature,Point,4.303683849257226,52.67490403494418,-22,GEBCO,10.54,10.54,10.54,10.54,10.54,10.54,10.54,10.54,10.54,10.54,10.54,10.54,10.54,10.54,10.54,10.54,2.25,2.25,2.25,2.25,2.25,2.25,2.25,2.25,2.25,2.25,2.25,2.25,2.25,2.25,2.25,2.25,4,3.6,4.5,4.7,5.3,4.5,3.6,4.1,5.6,8,13.5,11.5,8.3,7.1,6.3,5.4,9.335598991047984,VORTEX fdc (single Weibull distribution and sector frequencies)
Feature,Point,4.3110862514961905,52.67490403494418,-22,GEBCO,10.53,10.53,10.53,10.53,10.53,10.53,10.53,10.53,10.53,10.53,10.53,10.53,10.53,10.53,10.53,10.53,2.25,2.25,2.25,2.25,2.25,2.25,2.25,2.25,2.25,2.25,2.25,2.25,2.25,2.25,2.25,2.25,4,3.6,4.5,4.7,5.3,4.5,3.6,4.1,5.6,8,13.5,11.5,8.3,7.1,6.3,5.4,9.326741686502398,VORTEX fdc (single Weibull distribution and sector frequencies)
Feature,Point,4.318488653735155,52.67490403494418,-21,GEBCO,10.53,10.53,10.53,10.53,10.53,10.53,10.53,10.53,10.53,10.53,10.53,10.53,10.53,10.53,10.53,10.53,2.26,2.26,2.26,2.26,2.26,2.26,2.26,2.26,2.26,2.26,2.26,2.26,2.26,2.26,2.26,2.26,4,3.6,4.5,4.7,5.3,4.5,3.6,4.1,5.6,8,13.5,11.5,8.3,7.1,6.3,5.4,9.327066916986114,VORTEX fdc (single Weibull distribution and sector frequencies)
Feature,Point,4.32589105597412,52.67490403494418,-21,GEBCO,10.52,10.52,10.52,10.52,10.52,10.52,10.52,10.52,10.52,10.52,10.52,10.52,10.52,10.52,10.52,10.52,2.26,2.26,2.26,2.26,2.26,2.26,2.26,2.26,2.26,2.26,2.26,2.26,2.26,2.26,2.26,2.26,4.1,3.7,4.5,4.7,5.3,4.5,3.6,4.1,5.6,8,13.5,11.6,8.2,7.1,6.3,5.4,9.31820930357967,VORTEX fdc (single Weibull distribution and sector frequencies)
Feature,Point,4.333293458213085,52.67490403494418,-20,GEBCO,10.52,10.52,10.52,10.52,10.52,10.52,10.52,10.52,10.52,10.52,10.52,10.52,10.52,10.52,10.52,10.52,2.26,2.26,2.26,2.26,2.26,2.26,2.26,2.26,2.26,2.26,2.26,2.26,2.26,2.26,2.26,2.26,4.1,3.7,4.5,4.7,5.3,4.5,3.6,4.1,5.6,8,13.5,11.6,8.2,7.1,6.3,5.4,9.31820930357967,VORTEX fdc (single Weibull distribution and sector frequencies)
Feature,Point,4.340695860452049,52.67490403494418,-19,GEBCO,10.51,10.51,10.51,10.51,10.51,10.51,10.51,10.51,10.51,10.51,10.51,10.51,10.51,10.51,10.51,10.51,2.26,2.26,2.26,2.26,2.26,2.26,2.26,2.26,2.26,2.26,2.26,2.26,2.26,2.26,2.26,2.26,4.1,3.7,4.5,4.7,5.3,4.5,3.6,4.1,5.6,8,13.5,11.6,8.2,7.1,6.3,5.4,9.309351690173225,VORTEX fdc (single Weibull distribution and sector frequencies)
Feature,Point,4.348098262691014,52.67490403494418,-19,GEBCO,10.51,10.51,10.51,10.51,10.51,10.51,10.51,10.51,10.51,10.51,10.51,10.51,10.51,10.51,10.51,10.51,2.26,2.26,2.26,2.26,2.26,2.26,2.26,2.26,2.26,2.26,2.26,2.26,2.26,2.26,2.26,2.26,4.1,3.7,4.5,4.7,5.3,4.5,3.6,4.1,5.6,8,13.5,11.6,8.2,7.1,6.3,5.4,9.309351690173225,VORTEX fdc (single Weibull distribution and sector frequencies)
Feature,Point,4.355500664929979,52.67490403494418,-20,GEBCO,10.5,10.5,10.5,10.5,10.5,10.5,10.5,10.5,10.5,10.5,10.5,10.5,10.5,10.5,10.5,10.5,2.26,2.26,2.26,2.26,2.26,2.26,2.26,2.26,2.26,2.26,2.26,2.26,2.26,2.26,2.26,2.26,4.1,3.7,4.5,4.7,5.3,4.4,3.6,4.1,5.6,8.1,13.5,11.5,8.2,7.1,6.3,5.4,9.300494076766782,VORTEX fdc (single Weibull distribution and sector frequencies)
Feature,Point,4.140831,52.679395611364775,-23,GEBCO,10.6,10.6,10.6,10.6,10.6,10.6,10.6,10.6,10.6,10.6,10.6,10.6,10.6,10.6,10.6,10.6,2.24,2.24,2.24,2.24,2.24,2.24,2.24,2.24,2.24,2.24,2.24,2.24,2.24,2.24,2.24,2.24,3.9,3.5,4.7,4.6,5.2,4.6,3.6,4.2,5.6,8.1,13.6,11.4,8.1,7,6.3,5.6,9.388448689569131,VORTEX fdc (single Weibull distribution and sector frequencies)
Feature,Point,4.148233402238965,52.679395611364775,-24,GEBCO,10.6,10.6,10.6,10.6,10.6,10.6,10.6,10.6,10.6,10.6,10.6,10.6,10.6,10.6,10.6,10.6,2.24,2.24,2.24,2.24,2.24,2.24,2.24,2.24,2.24,2.24,2.24,2.24,2.24,2.24,2.24,2.24,3.9,3.5,4.7,4.6,5.2,4.6,3.6,4.2,5.6,8.1,13.6,11.4,8.1,7,6.3,5.6,9.388448689569131,VORTEX fdc (single Weibull distribution and sector frequencies)
Feature,Point,4.15563580447793,52.679395611364775,-24,GEBCO,10.6,10.6,10.6,10.6,10.6,10.6,10.6,10.6,10.6,10.6,10.6,10.6,10.6,10.6,10.6,10.6,2.25,2.25,2.25,2.25,2.25,2.25,2.25,2.25,2.25,2.25,2.25,2.25,2.25,2.25,2.25,2.25,3.9,3.6,4.6,4.7,5.2,4.6,3.6,4.2,5.5,8,13.6,11.4,8.1,7,6.3,5.6,9.388742818321502,VORTEX fdc (single Weibull distribution and sector frequencies)
Feature,Point,4.1630382067168945,52.679395611364775,-25,GEBCO,10.6,10.6,10.6,10.6,10.6,10.6,10.6,10.6,10.6,10.6,10.6,10.6,10.6,10.6,10.6,10.6,2.25,2.25,2.25,2.25,2.25,2.25,2.25,2.25,2.25,2.25,2.25,2.25,2.25,2.25,2.25,2.25,3.9,3.6,4.6,4.7,5.2,4.6,3.6,4.2,5.5,8,13.6,11.4,8.1,7,6.3,5.6,9.388742818321502,VORTEX fdc (single Weibull distribution and sector frequencies)
Feature,Point,4.170440608955859,52.679395611364775,-25,GEBCO,10.59,10.59,10.59,10.59,10.59,10.59,10.59,10.59,10.59,10.59,10.59,10.59,10.59,10.59,10.59,10.59,2.25,2.25,2.25,2.25,2.25,2.25,2.25,2.25,2.25,2.25,2.25,2.25,2.25,2.25,2.25,2.25,3.9,3.6,4.6,4.7,5.2,4.6,3.6,4.2,5.5,8,13.6,11.4,8.1,7,6.3,5.6,9.379885513775916,VORTEX fdc (single Weibull distribution and sector frequencies)
Feature,Point,4.177843011194824,52.679395611364775,-25,GEBCO,10.59,10.59,10.59,10.59,10.59,10.59,10.59,10.59,10.59,10.59,10.59,10.59,10.59,10.59,10.59,10.59,2.25,2.25,2.25,2.25,2.25,2.25,2.25,2.25,2.25,2.25,2.25,2.25,2.25,2.25,2.25,2.25,3.9,3.6,4.6,4.7,5.2,4.6,3.6,4.2,5.6,8,13.6,11.5,8.1,7,6.3,5.6,9.379885513775916,VORTEX fdc (single Weibull distribution and sector frequencies)
Feature,Point,4.185245413433789,52.679395611364775,-25,GEBCO,10.59,10.59,10.59,10.59,10.59,10.59,10.59,10.59,10.59,10.59,10.59,10.59,10.59,10.59,10.59,10.59,2.25,2.25,2.25,2.25,2.25,2.25,2.25,2.25,2.25,2.25,2.25,2.25,2.25,2.25,2.25,2.25,3.9,3.6,4.6,4.7,5.2,4.6,3.6,4.2,5.6,8,13.6,11.5,8.1,7,6.3,5.6,9.379885513775916,VORTEX fdc (single Weibull distribution and sector frequencies)
Feature,Point,4.192647815672754,52.679395611364775,-24,GEBCO,10.59,10.59,10.59,10.59,10.59,10.59,10.59,10.59,10.59,10.59,10.59,10.59,10.59,10.59,10.59,10.59,2.25,2.25,2.25,2.25,2.25,2.25,2.25,2.25,2.25,2.25,2.25,2.25,2.25,2.25,2.25,2.25,3.9,3.6,4.6,4.7,5.2,4.6,3.6,4.2,5.6,8,13.6,11.5,8.1,7,6.3,5.6,9.379885513775916,VORTEX fdc (single Weibull distribution and sector frequencies)
Feature,Point,4.200050217911719,52.679395611364775,-24,GEBCO,10.59,10.59,10.59,10.59,10.59,10.59,10.59,10.59,10.59,10.59,10.59,10.59,10.59,10.59,10.59,10.59,2.25,2.25,2.25,2.25,2.25,2.25,2.25,2.25,2.25,2.25,2.25,2.25,2.25,2.25,2.25,2.25,3.9,3.6,4.6,4.7,5.3,4.6,3.6,4.2,5.6,7.9,13.6,11.5,8.2,7,6.3,5.5,9.379885513775916,VORTEX fdc (single Weibull distribution and sector frequencies)
Feature,Point,4.207452620150684,52.679395611364775,-23,GEBCO,10.59,10.59,10.59,10.59,10.59,10.59,10.59,10.59,10.59,10.59,10.59,10.59,10.59,10.59,10.59,10.59,2.25,2.25,2.25,2.25,2.25,2.25,2.25,2.25,2.25,2.25,2.25,2.25,2.25,2.25,2.25,2.25,3.9,3.6,4.6,4.7,5.3,4.6,3.6,4.2,5.6,7.9,13.6,11.5,8.2,7,6.3,5.5,9.379885513775916,VORTEX fdc (single Weibull distribution and sector frequencies)
Feature,Point,4.214855022389648,52.679395611364775,-23,GEBCO,10.59,10.59,10.59,10.59,10.59,10.59,10.59,10.59,10.59,10.59,10.59,10.59,10.59,10.59,10.59,10.59,2.25,2.25,2.25,2.25,2.25,2.25,2.25,2.25,2.25,2.25,2.25,2.25,2.25,2.25,2.25,2.25,3.9,3.6,4.6,4.7,5.3,4.6,3.6,4.2,5.6,7.9,13.6,11.5,8.2,7,6.3,5.5,9.379885513775916,VORTEX fdc (single Weibull distribution and sector frequencies)
Feature,Point,4.222257424628613,52.679395611364775,-23,GEBCO,10.58,10.58,10.58,10.58,10.58,10.58,10.58,10.58,10.58,10.58,10.58,10.58,10.58,10.58,10.58,10.58,2.25,2.25,2.25,2.25,2.25,2.25,2.25,2.25,2.25,2.25,2.25,2.25,2.25,2.25,2.25,2.25,3.9,3.6,4.6,4.7,5.3,4.6,3.6,4.2,5.6,7.9,13.6,11.5,8.2,7,6.3,5.5,9.37102820923033,VORTEX fdc (single Weibull distribution and sector frequencies)
Feature,Point,4.229659826867578,52.679395611364775,-22,GEBCO,10.58,10.58,10.58,10.58,10.58,10.58,10.58,10.58,10.58,10.58,10.58,10.58,10.58,10.58,10.58,10.58,2.25,2.25,2.25,2.25,2.25,2.25,2.25,2.25,2.25,2.25,2.25,2.25,2.25,2.25,2.25,2.25,4,3.5,4.7,4.6,5.3,4.5,3.6,4.1,5.6,7.9,13.6,11.4,8.2,7,6.2,5.5,9.37102820923033,VORTEX fdc (single Weibull distribution and sector frequencies)
Feature,Point,4.2370622291065425,52.679395611364775,-22,GEBCO,10.58,10.58,10.58,10.58,10.58,10.58,10.58,10.58,10.58,10.58,10.58,10.58,10.58,10.58,10.58,10.58,2.25,2.25,2.25,2.25,2.25,2.25,2.25,2.25,2.25,2.25,2.25,2.25,2.25,2.25,2.25,2.25,4,3.5,4.7,4.6,5.3,4.5,3.6,4.1,5.6,7.9,13.6,11.4,8.2,7,6.2,5.5,9.37102820923033,VORTEX fdc (single Weibull distribution and sector frequencies)
Feature,Point,4.244464631345507,52.679395611364775,-23,GEBCO,10.58,10.58,10.58,10.58,10.58,10.58,10.58,10.58,10.58,10.58,10.58,10.58,10.58,10.58,10.58,10.58,2.25,2.25,2.25,2.25,2.25,2.25,2.25,2.25,2.25,2.25,2.25,2.25,2.25,2.25,2.25,2.25,4,3.5,4.7,4.6,5.3,4.5,3.6,4.1,5.6,7.9,13.6,11.4,8.2,7,6.2,5.5,9.37102820923033,VORTEX fdc (single Weibull distribution and sector frequencies)
Feature,Point,4.251867033584472,52.679395611364775,-22,GEBCO,10.57,10.57,10.57,10.57,10.57,10.57,10.57,10.57,10.57,10.57,10.57,10.57,10.57,10.57,10.57,10.57,2.25,2.25,2.25,2.25,2.25,2.25,2.25,2.25,2.25,2.25,2.25,2.25,2.25,2.25,2.25,2.25,4,3.6,4.6,4.6,5.3,4.5,3.6,4.1,5.6,7.9,13.6,11.4,8.3,7,6.2,5.5,9.362170904684744,VORTEX fdc (single Weibull distribution and sector frequencies)
Feature,Point,4.259269435823437,52.679395611364775,-22,GEBCO,10.56,10.56,10.56,10.56,10.56,10.56,10.56,10.56,10.56,10.56,10.56,10.56,10.56,10.56,10.56,10.56,2.25,2.25,2.25,2.25,2.25,2.25,2.25,2.25,2.25,2.25,2.25,2.25,2.25,2.25,2.25,2.25,4,3.6,4.6,4.6,5.3,4.5,3.6,4.1,5.6,7.9,13.6,11.4,8.3,7,6.2,5.5,9.353313600139158,VORTEX fdc (single Weibull distribution and sector frequencies)
Feature,Point,4.266671838062401,52.679395611364775,-22,GEBCO,10.56,10.56,10.56,10.56,10.56,10.56,10.56,10.56,10.56,10.56,10.56,10.56,10.56,10.56,10.56,10.56,2.25,2.25,2.25,2.25,2.25,2.25,2.25,2.25,2.25,2.25,2.25,2.25,2.25,2.25,2.25,2.25,4,3.6,4.6,4.6,5.3,4.5,3.6,4.1,5.6,7.9,13.6,11.4,8.3,7,6.2,5.5,9.353313600139158,VORTEX fdc (single Weibull distribution and sector frequencies)
Feature,Point,4.274074240301366,52.679395611364775,-23,GEBCO,10.56,10.56,10.56,10.56,10.56,10.56,10.56,10.56,10.56,10.56,10.56,10.56,10.56,10.56,10.56,10.56,2.25,2.25,2.25,2.25,2.25,2.25,2.25,2.25,2.25,2.25,2.25,2.25,2.25,2.25,2.25,2.25,4,3.6,4.6,4.6,5.3,4.5,3.6,4.1,5.6,7.9,13.6,11.4,8.3,7,6.2,5.5,9.353313600139158,VORTEX fdc (single Weibull distribution and sector frequencies)
Feature,Point,4.281476642540331,52.679395611364775,-23,GEBCO,10.56,10.56,10.56,10.56,10.56,10.56,10.56,10.56,10.56,10.56,10.56,10.56,10.56,10.56,10.56,10.56,2.25,2.25,2.25,2.25,2.25,2.25,2.25,2.25,2.25,2.25,2.25,2.25,2.25,2.25,2.25,2.25,4,3.6,4.6,4.7,5.3,4.5,3.6,4.1,5.6,8,13.5,11.5,8.4,7,6.2,5.5,9.353313600139158,VORTEX fdc (single Weibull distribution and sector frequencies)
Feature,Point,4.288879044779296,52.679395611364775,-23,GEBCO,10.55,10.55,10.55,10.55,10.55,10.55,10.55,10.55,10.55,10.55,10.55,10.55,10.55,10.55,10.55,10.55,2.25,2.25,2.25,2.25,2.25,2.25,2.25,2.25,2.25,2.25,2.25,2.25,2.25,2.25,2.25,2.25,4,3.6,4.6,4.7,5.3,4.5,3.6,4.1,5.6,8,13.5,11.5,8.4,7,6.2,5.5,9.344456295593572,VORTEX fdc (single Weibull distribution and sector frequencies)
Feature,Point,4.296281447018261,52.679395611364775,-23,GEBCO,10.55,10.55,10.55,10.55,10.55,10.55,10.55,10.55,10.55,10.55,10.55,10.55,10.55,10.55,10.55,10.55,2.25,2.25,2.25,2.25,2.25,2.25,2.25,2.25,2.25,2.25,2.25,2.25,2.25,2.25,2.25,2.25,4,3.6,4.6,4.7,5.3,4.5,3.6,4.1,5.6,8,13.5,11.5,8.4,7,6.2,5.5,9.344456295593572,VORTEX fdc (single Weibull distribution and sector frequencies)
Feature,Point,4.303683849257226,52.679395611364775,-23,GEBCO,10.55,10.55,10.55,10.55,10.55,10.55,10.55,10.55,10.55,10.55,10.55,10.55,10.55,10.55,10.55,10.55,2.25,2.25,2.25,2.25,2.25,2.25,2.25,2.25,2.25,2.25,2.25,2.25,2.25,2.25,2.25,2.25,4.1,3.5,4.5,4.7,5.3,4.5,3.6,4.2,5.6,8,13.4,11.5,8.3,7.1,6.2,5.5,9.344456295593572,VORTEX fdc (single Weibull distribution and sector frequencies)
Feature,Point,4.3110862514961905,52.679395611364775,-22,GEBCO,10.55,10.55,10.55,10.55,10.55,10.55,10.55,10.55,10.55,10.55,10.55,10.55,10.55,10.55,10.55,10.55,2.25,2.25,2.25,2.25,2.25,2.25,2.25,2.25,2.25,2.25,2.25,2.25,2.25,2.25,2.25,2.25,4.1,3.5,4.5,4.7,5.3,4.5,3.6,4.2,5.6,8,13.4,11.5,8.3,7.1,6.2,5.5,9.344456295593572,VORTEX fdc (single Weibull distribution and sector frequencies)
Feature,Point,4.318488653735155,52.679395611364775,-21,GEBCO,10.54,10.54,10.54,10.54,10.54,10.54,10.54,10.54,10.54,10.54,10.54,10.54,10.54,10.54,10.54,10.54,2.25,2.25,2.25,2.25,2.25,2.25,2.25,2.25,2.25,2.25,2.25,2.25,2.25,2.25,2.25,2.25,4.1,3.5,4.5,4.7,5.3,4.5,3.6,4.2,5.6,8,13.4,11.5,8.3,7.1,6.2,5.5,9.335598991047984,VORTEX fdc (single Weibull distribution and sector frequencies)
Feature,Point,4.32589105597412,52.679395611364775,-21,GEBCO,10.54,10.54,10.54,10.54,10.54,10.54,10.54,10.54,10.54,10.54,10.54,10.54,10.54,10.54,10.54,10.54,2.26,2.26,2.26,2.26,2.26,2.26,2.26,2.26,2.26,2.26,2.26,2.26,2.26,2.26,2.26,2.26,4,3.6,4.6,4.7,5.3,4.5,3.6,4.1,5.6,8,13.5,11.5,8.2,7.1,6.2,5.5,9.335924530392559,VORTEX fdc (single Weibull distribution and sector frequencies)
Feature,Point,4.333293458213085,52.679395611364775,-21,GEBCO,10.54,10.54,10.54,10.54,10.54,10.54,10.54,10.54,10.54,10.54,10.54,10.54,10.54,10.54,10.54,10.54,2.26,2.26,2.26,2.26,2.26,2.26,2.26,2.26,2.26,2.26,2.26,2.26,2.26,2.26,2.26,2.26,4,3.6,4.6,4.7,5.3,4.5,3.6,4.1,5.6,8,13.5,11.5,8.2,7.1,6.2,5.5,9.335924530392559,VORTEX fdc (single Weibull distribution and sector frequencies)
Feature,Point,4.340695860452049,52.679395611364775,-20,GEBCO,10.53,10.53,10.53,10.53,10.53,10.53,10.53,10.53,10.53,10.53,10.53,10.53,10.53,10.53,10.53,10.53,2.26,2.26,2.26,2.26,2.26,2.26,2.26,2.26,2.26,2.26,2.26,2.26,2.26,2.26,2.26,2.26,4,3.6,4.6,4.7,5.3,4.5,3.6,4.1,5.6,8,13.5,11.5,8.2,7.1,6.2,5.5,9.327066916986114,VORTEX fdc (single Weibull distribution and sector frequencies)
Feature,Point,4.348098262691014,52.679395611364775,-18,GEBCO,10.53,10.53,10.53,10.53,10.53,10.53,10.53,10.53,10.53,10.53,10.53,10.53,10.53,10.53,10.53,10.53,2.26,2.26,2.26,2.26,2.26,2.26,2.26,2.26,2.26,2.26,2.26,2.26,2.26,2.26,2.26,2.26,4,3.6,4.6,4.7,5.3,4.5,3.6,4.1,5.6,8,13.5,11.5,8.2,7.1,6.2,5.5,9.327066916986114,VORTEX fdc (single Weibull distribution and sector frequencies)
Feature,Point,4.355500664929979,52.679395611364775,-19,GEBCO,10.52,10.52,10.52,10.52,10.52,10.52,10.52,10.52,10.52,10.52,10.52,10.52,10.52,10.52,10.52,10.52,2.26,2.26,2.26,2.26,2.26,2.26,2.26,2.26,2.26,2.26,2.26,2.26,2.26,2.26,2.26,2.26,4,3.6,4.5,4.7,5.3,4.5,3.5,4.1,5.6,8,13.5,11.4,8.3,7.1,6.2,5.5,9.31820930357967,VORTEX fdc (single Weibull distribution and sector frequencies)
Feature,Point,4.140831,52.68388718778537,-24,GEBCO,10.6,10.6,10.6,10.6,10.6,10.6,10.6,10.6,10.6,10.6,10.6,10.6,10.6,10.6,10.6,10.6,2.24,2.24,2.24,2.24,2.24,2.24,2.24,2.24,2.24,2.24,2.24,2.24,2.24,2.24,2.24,2.24,3.9,3.5,4.7,4.6,5.2,4.6,3.6,4.2,5.6,8.1,13.6,11.4,8.1,7,6.3,5.6,9.388448689569131,VORTEX fdc (single Weibull distribution and sector frequencies)
Feature,Point,4.148233402238965,52.68388718778537,-24,GEBCO,10.6,10.6,10.6,10.6,10.6,10.6,10.6,10.6,10.6,10.6,10.6,10.6,10.6,10.6,10.6,10.6,2.24,2.24,2.24,2.24,2.24,2.24,2.24,2.24,2.24,2.24,2.24,2.24,2.24,2.24,2.24,2.24,3.9,3.5,4.7,4.6,5.2,4.6,3.6,4.2,5.6,8.1,13.6,11.4,8.1,7,6.3,5.6,9.388448689569131,VORTEX fdc (single Weibull distribution and sector frequencies)
Feature,Point,4.15563580447793,52.68388718778537,-24,GEBCO,10.6,10.6,10.6,10.6,10.6,10.6,10.6,10.6,10.6,10.6,10.6,10.6,10.6,10.6,10.6,10.6,2.25,2.25,2.25,2.25,2.25,2.25,2.25,2.25,2.25,2.25,2.25,2.25,2.25,2.25,2.25,2.25,3.9,3.6,4.6,4.7,5.2,4.6,3.6,4.2,5.5,8,13.6,11.4,8.1,7,6.3,5.6,9.388742818321502,VORTEX fdc (single Weibull distribution and sector frequencies)
Feature,Point,4.1630382067168945,52.68388718778537,-24,GEBCO,10.6,10.6,10.6,10.6,10.6,10.6,10.6,10.6,10.6,10.6,10.6,10.6,10.6,10.6,10.6,10.6,2.25,2.25,2.25,2.25,2.25,2.25,2.25,2.25,2.25,2.25,2.25,2.25,2.25,2.25,2.25,2.25,3.9,3.6,4.6,4.7,5.2,4.6,3.6,4.2,5.5,8,13.6,11.4,8.1,7,6.3,5.6,9.388742818321502,VORTEX fdc (single Weibull distribution and sector frequencies)
Feature,Point,4.170440608955859,52.68388718778537,-25,GEBCO,10.59,10.59,10.59,10.59,10.59,10.59,10.59,10.59,10.59,10.59,10.59,10.59,10.59,10.59,10.59,10.59,2.25,2.25,2.25,2.25,2.25,2.25,2.25,2.25,2.25,2.25,2.25,2.25,2.25,2.25,2.25,2.25,3.9,3.6,4.6,4.7,5.2,4.6,3.6,4.2,5.5,8,13.6,11.4,8.1,7,6.3,5.6,9.379885513775916,VORTEX fdc (single Weibull distribution and sector frequencies)
Feature,Point,4.177843011194824,52.68388718778537,-25,GEBCO,10.59,10.59,10.59,10.59,10.59,10.59,10.59,10.59,10.59,10.59,10.59,10.59,10.59,10.59,10.59,10.59,2.25,2.25,2.25,2.25,2.25,2.25,2.25,2.25,2.25,2.25,2.25,2.25,2.25,2.25,2.25,2.25,3.9,3.6,4.6,4.7,5.2,4.6,3.6,4.2,5.6,8,13.6,11.5,8.1,7,6.3,5.6,9.379885513775916,VORTEX fdc (single Weibull distribution and sector frequencies)
Feature,Point,4.185245413433789,52.68388718778537,-25,GEBCO,10.59,10.59,10.59,10.59,10.59,10.59,10.59,10.59,10.59,10.59,10.59,10.59,10.59,10.59,10.59,10.59,2.25,2.25,2.25,2.25,2.25,2.25,2.25,2.25,2.25,2.25,2.25,2.25,2.25,2.25,2.25,2.25,3.9,3.6,4.6,4.7,5.2,4.6,3.6,4.2,5.6,8,13.6,11.5,8.1,7,6.3,5.6,9.379885513775916,VORTEX fdc (single Weibull distribution and sector frequencies)
Feature,Point,4.192647815672754,52.68388718778537,-24,GEBCO,10.59,10.59,10.59,10.59,10.59,10.59,10.59,10.59,10.59,10.59,10.59,10.59,10.59,10.59,10.59,10.59,2.25,2.25,2.25,2.25,2.25,2.25,2.25,2.25,2.25,2.25,2.25,2.25,2.25,2.25,2.25,2.25,3.9,3.6,4.6,4.7,5.2,4.6,3.6,4.2,5.6,8,13.6,11.5,8.1,7,6.3,5.6,9.379885513775916,VORTEX fdc (single Weibull distribution and sector frequencies)
Feature,Point,4.200050217911719,52.68388718778537,-24,GEBCO,10.59,10.59,10.59,10.59,10.59,10.59,10.59,10.59,10.59,10.59,10.59,10.59,10.59,10.59,10.59,10.59,2.25,2.25,2.25,2.25,2.25,2.25,2.25,2.25,2.25,2.25,2.25,2.25,2.25,2.25,2.25,2.25,3.9,3.6,4.6,4.7,5.3,4.6,3.6,4.2,5.6,7.9,13.6,11.5,8.2,7,6.3,5.5,9.379885513775916,VORTEX fdc (single Weibull distribution and sector frequencies)
Feature,Point,4.207452620150684,52.68388718778537,-24,GEBCO,10.59,10.59,10.59,10.59,10.59,10.59,10.59,10.59,10.59,10.59,10.59,10.59,10.59,10.59,10.59,10.59,2.25,2.25,2.25,2.25,2.25,2.25,2.25,2.25,2.25,2.25,2.25,2.25,2.25,2.25,2.25,2.25,3.9,3.6,4.6,4.7,5.3,4.6,3.6,4.2,5.6,7.9,13.6,11.5,8.2,7,6.3,5.5,9.379885513775916,VORTEX fdc (single Weibull distribution and sector frequencies)
Feature,Point,4.214855022389648,52.68388718778537,-23,GEBCO,10.59,10.59,10.59,10.59,10.59,10.59,10.59,10.59,10.59,10.59,10.59,10.59,10.59,10.59,10.59,10.59,2.25,2.25,2.25,2.25,2.25,2.25,2.25,2.25,2.25,2.25,2.25,2.25,2.25,2.25,2.25,2.25,3.9,3.6,4.6,4.7,5.3,4.6,3.6,4.2,5.6,7.9,13.6,11.5,8.2,7,6.3,5.5,9.379885513775916,VORTEX fdc (single Weibull distribution and sector frequencies)
Feature,Point,4.222257424628613,52.68388718778537,-23,GEBCO,10.58,10.58,10.58,10.58,10.58,10.58,10.58,10.58,10.58,10.58,10.58,10.58,10.58,10.58,10.58,10.58,2.25,2.25,2.25,2.25,2.25,2.25,2.25,2.25,2.25,2.25,2.25,2.25,2.25,2.25,2.25,2.25,3.9,3.6,4.6,4.7,5.3,4.6,3.6,4.2,5.6,7.9,13.6,11.5,8.2,7,6.3,5.5,9.37102820923033,VORTEX fdc (single Weibull distribution and sector frequencies)
Feature,Point,4.229659826867578,52.68388718778537,-23,GEBCO,10.58,10.58,10.58,10.58,10.58,10.58,10.58,10.58,10.58,10.58,10.58,10.58,10.58,10.58,10.58,10.58,2.25,2.25,2.25,2.25,2.25,2.25,2.25,2.25,2.25,2.25,2.25,2.25,2.25,2.25,2.25,2.25,4,3.5,4.7,4.6,5.3,4.5,3.6,4.1,5.6,7.9,13.6,11.4,8.2,7,6.2,5.5,9.37102820923033,VORTEX fdc (single Weibull distribution and sector frequencies)
Feature,Point,4.2370622291065425,52.68388718778537,-23,GEBCO,10.58,10.58,10.58,10.58,10.58,10.58,10.58,10.58,10.58,10.58,10.58,10.58,10.58,10.58,10.58,10.58,2.25,2.25,2.25,2.25,2.25,2.25,2.25,2.25,2.25,2.25,2.25,2.25,2.25,2.25,2.25,2.25,4,3.5,4.7,4.6,5.3,4.5,3.6,4.1,5.6,7.9,13.6,11.4,8.2,7,6.2,5.5,9.37102820923033,VORTEX fdc (single Weibull distribution and sector frequencies)
Feature,Point,4.244464631345507,52.68388718778537,-23,GEBCO,10.58,10.58,10.58,10.58,10.58,10.58,10.58,10.58,10.58,10.58,10.58,10.58,10.58,10.58,10.58,10.58,2.25,2.25,2.25,2.25,2.25,2.25,2.25,2.25,2.25,2.25,2.25,2.25,2.25,2.25,2.25,2.25,4,3.5,4.7,4.6,5.3,4.5,3.6,4.1,5.6,7.9,13.6,11.4,8.2,7,6.2,5.5,9.37102820923033,VORTEX fdc (single Weibull distribution and sector frequencies)
Feature,Point,4.251867033584472,52.68388718778537,-23,GEBCO,10.57,10.57,10.57,10.57,10.57,10.57,10.57,10.57,10.57,10.57,10.57,10.57,10.57,10.57,10.57,10.57,2.25,2.25,2.25,2.25,2.25,2.25,2.25,2.25,2.25,2.25,2.25,2.25,2.25,2.25,2.25,2.25,4,3.6,4.6,4.6,5.3,4.5,3.6,4.1,5.6,7.9,13.6,11.4,8.3,7,6.2,5.5,9.362170904684744,VORTEX fdc (single Weibull distribution and sector frequencies)
Feature,Point,4.259269435823437,52.68388718778537,-22,GEBCO,10.56,10.56,10.56,10.56,10.56,10.56,10.56,10.56,10.56,10.56,10.56,10.56,10.56,10.56,10.56,10.56,2.25,2.25,2.25,2.25,2.25,2.25,2.25,2.25,2.25,2.25,2.25,2.25,2.25,2.25,2.25,2.25,4,3.6,4.6,4.6,5.3,4.5,3.6,4.1,5.6,7.9,13.6,11.4,8.3,7,6.2,5.5,9.353313600139158,VORTEX fdc (single Weibull distribution and sector frequencies)
Feature,Point,4.266671838062401,52.68388718778537,-22,GEBCO,10.56,10.56,10.56,10.56,10.56,10.56,10.56,10.56,10.56,10.56,10.56,10.56,10.56,10.56,10.56,10.56,2.25,2.25,2.25,2.25,2.25,2.25,2.25,2.25,2.25,2.25,2.25,2.25,2.25,2.25,2.25,2.25,4,3.6,4.6,4.6,5.3,4.5,3.6,4.1,5.6,7.9,13.6,11.4,8.3,7,6.2,5.5,9.353313600139158,VORTEX fdc (single Weibull distribution and sector frequencies)
Feature,Point,4.274074240301366,52.68388718778537,-23,GEBCO,10.56,10.56,10.56,10.56,10.56,10.56,10.56,10.56,10.56,10.56,10.56,10.56,10.56,10.56,10.56,10.56,2.25,2.25,2.25,2.25,2.25,2.25,2.25,2.25,2.25,2.25,2.25,2.25,2.25,2.25,2.25,2.25,4,3.6,4.6,4.6,5.3,4.5,3.6,4.1,5.6,7.9,13.6,11.4,8.3,7,6.2,5.5,9.353313600139158,VORTEX fdc (single Weibull distribution and sector frequencies)
Feature,Point,4.281476642540331,52.68388718778537,-23,GEBCO,10.56,10.56,10.56,10.56,10.56,10.56,10.56,10.56,10.56,10.56,10.56,10.56,10.56,10.56,10.56,10.56,2.25,2.25,2.25,2.25,2.25,2.25,2.25,2.25,2.25,2.25,2.25,2.25,2.25,2.25,2.25,2.25,4,3.6,4.6,4.7,5.3,4.5,3.6,4.1,5.6,8,13.5,11.5,8.4,7,6.2,5.5,9.353313600139158,VORTEX fdc (single Weibull distribution and sector frequencies)
Feature,Point,4.288879044779296,52.68388718778537,-23,GEBCO,10.55,10.55,10.55,10.55,10.55,10.55,10.55,10.55,10.55,10.55,10.55,10.55,10.55,10.55,10.55,10.55,2.25,2.25,2.25,2.25,2.25,2.25,2.25,2.25,2.25,2.25,2.25,2.25,2.25,2.25,2.25,2.25,4,3.6,4.6,4.7,5.3,4.5,3.6,4.1,5.6,8,13.5,11.5,8.4,7,6.2,5.5,9.344456295593572,VORTEX fdc (single Weibull distribution and sector frequencies)
Feature,Point,4.296281447018261,52.68388718778537,-23,GEBCO,10.55,10.55,10.55,10.55,10.55,10.55,10.55,10.55,10.55,10.55,10.55,10.55,10.55,10.55,10.55,10.55,2.25,2.25,2.25,2.25,2.25,2.25,2.25,2.25,2.25,2.25,2.25,2.25,2.25,2.25,2.25,2.25,4,3.6,4.6,4.7,5.3,4.5,3.6,4.1,5.6,8,13.5,11.5,8.4,7,6.2,5.5,9.344456295593572,VORTEX fdc (single Weibull distribution and sector frequencies)
Feature,Point,4.303683849257226,52.68388718778537,-23,GEBCO,10.55,10.55,10.55,10.55,10.55,10.55,10.55,10.55,10.55,10.55,10.55,10.55,10.55,10.55,10.55,10.55,2.25,2.25,2.25,2.25,2.25,2.25,2.25,2.25,2.25,2.25,2.25,2.25,2.25,2.25,2.25,2.25,4.1,3.5,4.5,4.7,5.3,4.5,3.6,4.2,5.6,8,13.4,11.5,8.3,7.1,6.2,5.5,9.344456295593572,VORTEX fdc (single Weibull distribution and sector frequencies)
Feature,Point,4.3110862514961905,52.68388718778537,-22,GEBCO,10.55,10.55,10.55,10.55,10.55,10.55,10.55,10.55,10.55,10.55,10.55,10.55,10.55,10.55,10.55,10.55,2.25,2.25,2.25,2.25,2.25,2.25,2.25,2.25,2.25,2.25,2.25,2.25,2.25,2.25,2.25,2.25,4.1,3.5,4.5,4.7,5.3,4.5,3.6,4.2,5.6,8,13.4,11.5,8.3,7.1,6.2,5.5,9.344456295593572,VORTEX fdc (single Weibull distribution and sector frequencies)
Feature,Point,4.318488653735155,52.68388718778537,-22,GEBCO,10.54,10.54,10.54,10.54,10.54,10.54,10.54,10.54,10.54,10.54,10.54,10.54,10.54,10.54,10.54,10.54,2.25,2.25,2.25,2.25,2.25,2.25,2.25,2.25,2.25,2.25,2.25,2.25,2.25,2.25,2.25,2.25,4.1,3.5,4.5,4.7,5.3,4.5,3.6,4.2,5.6,8,13.4,11.5,8.3,7.1,6.2,5.5,9.335598991047984,VORTEX fdc (single Weibull distribution and sector frequencies)
Feature,Point,4.32589105597412,52.68388718778537,-21,GEBCO,10.54,10.54,10.54,10.54,10.54,10.54,10.54,10.54,10.54,10.54,10.54,10.54,10.54,10.54,10.54,10.54,2.26,2.26,2.26,2.26,2.26,2.26,2.26,2.26,2.26,2.26,2.26,2.26,2.26,2.26,2.26,2.26,4,3.6,4.6,4.7,5.3,4.5,3.6,4.1,5.6,8,13.5,11.5,8.2,7.1,6.2,5.5,9.335924530392559,VORTEX fdc (single Weibull distribution and sector frequencies)
Feature,Point,4.333293458213085,52.68388718778537,-21,GEBCO,10.54,10.54,10.54,10.54,10.54,10.54,10.54,10.54,10.54,10.54,10.54,10.54,10.54,10.54,10.54,10.54,2.26,2.26,2.26,2.26,2.26,2.26,2.26,2.26,2.26,2.26,2.26,2.26,2.26,2.26,2.26,2.26,4,3.6,4.6,4.7,5.3,4.5,3.6,4.1,5.6,8,13.5,11.5,8.2,7.1,6.2,5.5,9.335924530392559,VORTEX fdc (single Weibull distribution and sector frequencies)
Feature,Point,4.340695860452049,52.68388718778537,-20,GEBCO,10.53,10.53,10.53,10.53,10.53,10.53,10.53,10.53,10.53,10.53,10.53,10.53,10.53,10.53,10.53,10.53,2.26,2.26,2.26,2.26,2.26,2.26,2.26,2.26,2.26,2.26,2.26,2.26,2.26,2.26,2.26,2.26,4,3.6,4.6,4.7,5.3,4.5,3.6,4.1,5.6,8,13.5,11.5,8.2,7.1,6.2,5.5,9.327066916986114,VORTEX fdc (single Weibull distribution and sector frequencies)
Feature,Point,4.348098262691014,52.68388718778537,-18,GEBCO,10.53,10.53,10.53,10.53,10.53,10.53,10.53,10.53,10.53,10.53,10.53,10.53,10.53,10.53,10.53,10.53,2.26,2.26,2.26,2.26,2.26,2.26,2.26,2.26,2.26,2.26,2.26,2.26,2.26,2.26,2.26,2.26,4,3.6,4.6,4.7,5.3,4.5,3.6,4.1,5.6,8,13.5,11.5,8.2,7.1,6.2,5.5,9.327066916986114,VORTEX fdc (single Weibull distribution and sector frequencies)
Feature,Point,4.355500664929979,52.68388718778537,-18,GEBCO,10.52,10.52,10.52,10.52,10.52,10.52,10.52,10.52,10.52,10.52,10.52,10.52,10.52,10.52,10.52,10.52,2.26,2.26,2.26,2.26,2.26,2.26,2.26,2.26,2.26,2.26,2.26,2.26,2.26,2.26,2.26,2.26,4,3.6,4.5,4.7,5.3,4.5,3.5,4.1,5.6,8,13.5,11.4,8.3,7.1,6.2,5.5,9.31820930357967,VORTEX fdc (single Weibull distribution and sector frequencies)
Feature,Point,4.140831,52.68837876420597,-23,GEBCO,10.6,10.6,10.6,10.6,10.6,10.6,10.6,10.6,10.6,10.6,10.6,10.6,10.6,10.6,10.6,10.6,2.24,2.24,2.24,2.24,2.24,2.24,2.24,2.24,2.24,2.24,2.24,2.24,2.24,2.24,2.24,2.24,3.9,3.5,4.7,4.6,5.2,4.6,3.6,4.2,5.6,8.1,13.6,11.4,8.1,7,6.3,5.6,9.388448689569131,VORTEX fdc (single Weibull distribution and sector frequencies)
Feature,Point,4.148233402238965,52.68837876420597,-23,GEBCO,10.6,10.6,10.6,10.6,10.6,10.6,10.6,10.6,10.6,10.6,10.6,10.6,10.6,10.6,10.6,10.6,2.24,2.24,2.24,2.24,2.24,2.24,2.24,2.24,2.24,2.24,2.24,2.24,2.24,2.24,2.24,2.24,3.9,3.5,4.7,4.6,5.2,4.6,3.6,4.2,5.6,8.1,13.6,11.4,8.1,7,6.3,5.6,9.388448689569131,VORTEX fdc (single Weibull distribution and sector frequencies)
Feature,Point,4.15563580447793,52.68837876420597,-24,GEBCO,10.6,10.6,10.6,10.6,10.6,10.6,10.6,10.6,10.6,10.6,10.6,10.6,10.6,10.6,10.6,10.6,2.24,2.24,2.24,2.24,2.24,2.24,2.24,2.24,2.24,2.24,2.24,2.24,2.24,2.24,2.24,2.24,3.9,3.6,4.6,4.7,5.2,4.6,3.6,4.2,5.5,8,13.6,11.4,8.1,7,6.3,5.6,9.388448689569131,VORTEX fdc (single Weibull distribution and sector frequencies)
Feature,Point,4.1630382067168945,52.68837876420597,-24,GEBCO,10.6,10.6,10.6,10.6,10.6,10.6,10.6,10.6,10.6,10.6,10.6,10.6,10.6,10.6,10.6,10.6,2.24,2.24,2.24,2.24,2.24,2.24,2.24,2.24,2.24,2.24,2.24,2.24,2.24,2.24,2.24,2.24,3.9,3.6,4.6,4.7,5.2,4.6,3.6,4.2,5.5,8,13.6,11.4,8.1,7,6.3,5.6,9.388448689569131,VORTEX fdc (single Weibull distribution and sector frequencies)
Feature,Point,4.170440608955859,52.68837876420597,-24,GEBCO,10.6,10.6,10.6,10.6,10.6,10.6,10.6,10.6,10.6,10.6,10.6,10.6,10.6,10.6,10.6,10.6,2.25,2.25,2.25,2.25,2.25,2.25,2.25,2.25,2.25,2.25,2.25,2.25,2.25,2.25,2.25,2.25,3.9,3.6,4.6,4.7,5.2,4.6,3.6,4.2,5.5,8,13.6,11.4,8.1,7,6.3,5.6,9.388742818321502,VORTEX fdc (single Weibull distribution and sector frequencies)
Feature,Point,4.177843011194824,52.68837876420597,-25,GEBCO,10.6,10.6,10.6,10.6,10.6,10.6,10.6,10.6,10.6,10.6,10.6,10.6,10.6,10.6,10.6,10.6,2.25,2.25,2.25,2.25,2.25,2.25,2.25,2.25,2.25,2.25,2.25,2.25,2.25,2.25,2.25,2.25,3.9,3.6,4.6,4.7,5.2,4.6,3.6,4.2,5.6,8,13.6,11.5,8.1,7,6.3,5.6,9.388742818321502,VORTEX fdc (single Weibull distribution and sector frequencies)
Feature,Point,4.185245413433789,52.68837876420597,-24,GEBCO,10.6,10.6,10.6,10.6,10.6,10.6,10.6,10.6,10.6,10.6,10.6,10.6,10.6,10.6,10.6,10.6,2.25,2.25,2.25,2.25,2.25,2.25,2.25,2.25,2.25,2.25,2.25,2.25,2.25,2.25,2.25,2.25,3.9,3.6,4.6,4.7,5.2,4.6,3.6,4.2,5.6,8,13.6,11.5,8.1,7,6.3,5.6,9.388742818321502,VORTEX fdc (single Weibull distribution and sector frequencies)
Feature,Point,4.192647815672754,52.68837876420597,-24,GEBCO,10.6,10.6,10.6,10.6,10.6,10.6,10.6,10.6,10.6,10.6,10.6,10.6,10.6,10.6,10.6,10.6,2.25,2.25,2.25,2.25,2.25,2.25,2.25,2.25,2.25,2.25,2.25,2.25,2.25,2.25,2.25,2.25,3.9,3.6,4.6,4.7,5.2,4.6,3.6,4.2,5.6,8,13.6,11.5,8.1,7,6.3,5.6,9.388742818321502,VORTEX fdc (single Weibull distribution and sector frequencies)
Feature,Point,4.200050217911719,52.68837876420597,-24,GEBCO,10.59,10.59,10.59,10.59,10.59,10.59,10.59,10.59,10.59,10.59,10.59,10.59,10.59,10.59,10.59,10.59,2.25,2.25,2.25,2.25,2.25,2.25,2.25,2.25,2.25,2.25,2.25,2.25,2.25,2.25,2.25,2.25,3.9,3.6,4.6,4.7,5.3,4.6,3.6,4.2,5.6,7.9,13.6,11.5,8.2,7,6.3,5.5,9.379885513775916,VORTEX fdc (single Weibull distribution and sector frequencies)
Feature,Point,4.207452620150684,52.68837876420597,-24,GEBCO,10.59,10.59,10.59,10.59,10.59,10.59,10.59,10.59,10.59,10.59,10.59,10.59,10.59,10.59,10.59,10.59,2.25,2.25,2.25,2.25,2.25,2.25,2.25,2.25,2.25,2.25,2.25,2.25,2.25,2.25,2.25,2.25,3.9,3.6,4.6,4.7,5.3,4.6,3.6,4.2,5.6,7.9,13.6,11.5,8.2,7,6.3,5.5,9.379885513775916,VORTEX fdc (single Weibull distribution and sector frequencies)
Feature,Point,4.214855022389648,52.68837876420597,-23,GEBCO,10.59,10.59,10.59,10.59,10.59,10.59,10.59,10.59,10.59,10.59,10.59,10.59,10.59,10.59,10.59,10.59,2.25,2.25,2.25,2.25,2.25,2.25,2.25,2.25,2.25,2.25,2.25,2.25,2.25,2.25,2.25,2.25,3.9,3.6,4.6,4.7,5.3,4.6,3.6,4.2,5.6,7.9,13.6,11.5,8.2,7,6.3,5.5,9.379885513775916,VORTEX fdc (single Weibull distribution and sector frequencies)
Feature,Point,4.222257424628613,52.68837876420597,-23,GEBCO,10.59,10.59,10.59,10.59,10.59,10.59,10.59,10.59,10.59,10.59,10.59,10.59,10.59,10.59,10.59,10.59,2.25,2.25,2.25,2.25,2.25,2.25,2.25,2.25,2.25,2.25,2.25,2.25,2.25,2.25,2.25,2.25,3.9,3.6,4.6,4.7,5.3,4.6,3.6,4.2,5.6,7.9,13.6,11.5,8.2,7,6.3,5.5,9.379885513775916,VORTEX fdc (single Weibull distribution and sector frequencies)
Feature,Point,4.229659826867578,52.68837876420597,-23,GEBCO,10.59,10.59,10.59,10.59,10.59,10.59,10.59,10.59,10.59,10.59,10.59,10.59,10.59,10.59,10.59,10.59,2.25,2.25,2.25,2.25,2.25,2.25,2.25,2.25,2.25,2.25,2.25,2.25,2.25,2.25,2.25,2.25,4,3.5,4.7,4.6,5.3,4.5,3.6,4.1,5.6,7.9,13.6,11.4,8.2,7,6.2,5.5,9.379885513775916,VORTEX fdc (single Weibull distribution and sector frequencies)
Feature,Point,4.2370622291065425,52.68837876420597,-23,GEBCO,10.59,10.59,10.59,10.59,10.59,10.59,10.59,10.59,10.59,10.59,10.59,10.59,10.59,10.59,10.59,10.59,2.25,2.25,2.25,2.25,2.25,2.25,2.25,2.25,2.25,2.25,2.25,2.25,2.25,2.25,2.25,2.25,4,3.5,4.7,4.6,5.3,4.5,3.6,4.1,5.6,7.9,13.6,11.4,8.2,7,6.2,5.5,9.379885513775916,VORTEX fdc (single Weibull distribution and sector frequencies)
Feature,Point,4.244464631345507,52.68837876420597,-23,GEBCO,10.59,10.59,10.59,10.59,10.59,10.59,10.59,10.59,10.59,10.59,10.59,10.59,10.59,10.59,10.59,10.59,2.25,2.25,2.25,2.25,2.25,2.25,2.25,2.25,2.25,2.25,2.25,2.25,2.25,2.25,2.25,2.25,4,3.5,4.7,4.6,5.3,4.5,3.6,4.1,5.6,7.9,13.6,11.4,8.2,7,6.2,5.5,9.379885513775916,VORTEX fdc (single Weibull distribution and sector frequencies)
Feature,Point,4.251867033584472,52.68837876420597,-23,GEBCO,10.58,10.58,10.58,10.58,10.58,10.58,10.58,10.58,10.58,10.58,10.58,10.58,10.58,10.58,10.58,10.58,2.25,2.25,2.25,2.25,2.25,2.25,2.25,2.25,2.25,2.25,2.25,2.25,2.25,2.25,2.25,2.25,4,3.6,4.6,4.6,5.3,4.5,3.6,4.1,5.6,7.9,13.6,11.4,8.3,7,6.2,5.5,9.37102820923033,VORTEX fdc (single Weibull distribution and sector frequencies)
Feature,Point,4.259269435823437,52.68837876420597,-22,GEBCO,10.57,10.57,10.57,10.57,10.57,10.57,10.57,10.57,10.57,10.57,10.57,10.57,10.57,10.57,10.57,10.57,2.25,2.25,2.25,2.25,2.25,2.25,2.25,2.25,2.25,2.25,2.25,2.25,2.25,2.25,2.25,2.25,4,3.6,4.6,4.6,5.3,4.5,3.6,4.1,5.6,7.9,13.6,11.4,8.3,7,6.2,5.5,9.362170904684744,VORTEX fdc (single Weibull distribution and sector frequencies)
Feature,Point,4.266671838062401,52.68837876420597,-22,GEBCO,10.57,10.57,10.57,10.57,10.57,10.57,10.57,10.57,10.57,10.57,10.57,10.57,10.57,10.57,10.57,10.57,2.25,2.25,2.25,2.25,2.25,2.25,2.25,2.25,2.25,2.25,2.25,2.25,2.25,2.25,2.25,2.25,4,3.6,4.6,4.6,5.3,4.5,3.6,4.1,5.6,7.9,13.6,11.4,8.3,7,6.2,5.5,9.362170904684744,VORTEX fdc (single Weibull distribution and sector frequencies)
Feature,Point,4.274074240301366,52.68837876420597,-22,GEBCO,10.57,10.57,10.57,10.57,10.57,10.57,10.57,10.57,10.57,10.57,10.57,10.57,10.57,10.57,10.57,10.57,2.25,2.25,2.25,2.25,2.25,2.25,2.25,2.25,2.25,2.25,2.25,2.25,2.25,2.25,2.25,2.25,4,3.6,4.6,4.6,5.3,4.5,3.6,4.1,5.6,7.9,13.6,11.4,8.3,7,6.2,5.5,9.362170904684744,VORTEX fdc (single Weibull distribution and sector frequencies)
Feature,Point,4.281476642540331,52.68837876420597,-24,GEBCO,10.56,10.56,10.56,10.56,10.56,10.56,10.56,10.56,10.56,10.56,10.56,10.56,10.56,10.56,10.56,10.56,2.25,2.25,2.25,2.25,2.25,2.25,2.25,2.25,2.25,2.25,2.25,2.25,2.25,2.25,2.25,2.25,4,3.6,4.6,4.7,5.3,4.5,3.6,4.1,5.6,8,13.5,11.5,8.4,7,6.2,5.5,9.353313600139158,VORTEX fdc (single Weibull distribution and sector frequencies)
Feature,Point,4.288879044779296,52.68837876420597,-24,GEBCO,10.56,10.56,10.56,10.56,10.56,10.56,10.56,10.56,10.56,10.56,10.56,10.56,10.56,10.56,10.56,10.56,2.25,2.25,2.25,2.25,2.25,2.25,2.25,2.25,2.25,2.25,2.25,2.25,2.25,2.25,2.25,2.25,4,3.6,4.6,4.7,5.3,4.5,3.6,4.1,5.6,8,13.5,11.5,8.4,7,6.2,5.5,9.353313600139158,VORTEX fdc (single Weibull distribution and sector frequencies)
Feature,Point,4.296281447018261,52.68837876420597,-24,GEBCO,10.56,10.56,10.56,10.56,10.56,10.56,10.56,10.56,10.56,10.56,10.56,10.56,10.56,10.56,10.56,10.56,2.25,2.25,2.25,2.25,2.25,2.25,2.25,2.25,2.25,2.25,2.25,2.25,2.25,2.25,2.25,2.25,4,3.6,4.6,4.7,5.3,4.5,3.6,4.1,5.6,8,13.5,11.5,8.4,7,6.2,5.5,9.353313600139158,VORTEX fdc (single Weibull distribution and sector frequencies)
Feature,Point,4.303683849257226,52.68837876420597,-23,GEBCO,10.56,10.56,10.56,10.56,10.56,10.56,10.56,10.56,10.56,10.56,10.56,10.56,10.56,10.56,10.56,10.56,2.25,2.25,2.25,2.25,2.25,2.25,2.25,2.25,2.25,2.25,2.25,2.25,2.25,2.25,2.25,2.25,4.1,3.5,4.5,4.7,5.3,4.5,3.6,4.2,5.6,8,13.4,11.5,8.3,7.1,6.2,5.5,9.353313600139158,VORTEX fdc (single Weibull distribution and sector frequencies)
Feature,Point,4.3110862514961905,52.68837876420597,-22,GEBCO,10.55,10.55,10.55,10.55,10.55,10.55,10.55,10.55,10.55,10.55,10.55,10.55,10.55,10.55,10.55,10.55,2.26,2.26,2.26,2.26,2.26,2.26,2.26,2.26,2.26,2.26,2.26,2.26,2.26,2.26,2.26,2.26,4.1,3.5,4.5,4.7,5.3,4.5,3.6,4.2,5.6,8,13.4,11.5,8.3,7.1,6.2,5.5,9.344782143799005,VORTEX fdc (single Weibull distribution and sector frequencies)
Feature,Point,4.318488653735155,52.68837876420597,-22,GEBCO,10.55,10.55,10.55,10.55,10.55,10.55,10.55,10.55,10.55,10.55,10.55,10.55,10.55,10.55,10.55,10.55,2.26,2.26,2.26,2.26,2.26,2.26,2.26,2.26,2.26,2.26,2.26,2.26,2.26,2.26,2.26,2.26,4.1,3.5,4.5,4.7,5.3,4.5,3.6,4.2,5.6,8,13.4,11.5,8.3,7.1,6.2,5.5,9.344782143799005,VORTEX fdc (single Weibull distribution and sector frequencies)
Feature,Point,4.32589105597412,52.68837876420597,-21,GEBCO,10.55,10.55,10.55,10.55,10.55,10.55,10.55,10.55,10.55,10.55,10.55,10.55,10.55,10.55,10.55,10.55,2.26,2.26,2.26,2.26,2.26,2.26,2.26,2.26,2.26,2.26,2.26,2.26,2.26,2.26,2.26,2.26,4,3.6,4.6,4.7,5.3,4.5,3.6,4.1,5.6,8,13.5,11.5,8.2,7.1,6.2,5.5,9.344782143799005,VORTEX fdc (single Weibull distribution and sector frequencies)
Feature,Point,4.333293458213085,52.68837876420597,-21,GEBCO,10.55,10.55,10.55,10.55,10.55,10.55,10.55,10.55,10.55,10.55,10.55,10.55,10.55,10.55,10.55,10.55,2.26,2.26,2.26,2.26,2.26,2.26,2.26,2.26,2.26,2.26,2.26,2.26,2.26,2.26,2.26,2.26,4,3.6,4.6,4.7,5.3,4.5,3.6,4.1,5.6,8,13.5,11.5,8.2,7.1,6.2,5.5,9.344782143799005,VORTEX fdc (single Weibull distribution and sector frequencies)
Feature,Point,4.340695860452049,52.68837876420597,-21,GEBCO,10.54,10.54,10.54,10.54,10.54,10.54,10.54,10.54,10.54,10.54,10.54,10.54,10.54,10.54,10.54,10.54,2.26,2.26,2.26,2.26,2.26,2.26,2.26,2.26,2.26,2.26,2.26,2.26,2.26,2.26,2.26,2.26,4,3.6,4.6,4.7,5.3,4.5,3.6,4.1,5.6,8,13.5,11.5,8.2,7.1,6.2,5.5,9.335924530392559,VORTEX fdc (single Weibull distribution and sector frequencies)
Feature,Point,4.348098262691014,52.68837876420597,-18,GEBCO,10.53,10.53,10.53,10.53,10.53,10.53,10.53,10.53,10.53,10.53,10.53,10.53,10.53,10.53,10.53,10.53,2.26,2.26,2.26,2.26,2.26,2.26,2.26,2.26,2.26,2.26,2.26,2.26,2.26,2.26,2.26,2.26,4,3.6,4.6,4.7,5.3,4.5,3.6,4.1,5.6,8,13.5,11.5,8.2,7.1,6.2,5.5,9.327066916986114,VORTEX fdc (single Weibull distribution and sector frequencies)
Feature,Point,4.355500664929979,52.68837876420597,-18,GEBCO,10.52,10.52,10.52,10.52,10.52,10.52,10.52,10.52,10.52,10.52,10.52,10.52,10.52,10.52,10.52,10.52,2.26,2.26,2.26,2.26,2.26,2.26,2.26,2.26,2.26,2.26,2.26,2.26,2.26,2.26,2.26,2.26,4,3.6,4.5,4.7,5.3,4.5,3.5,4.1,5.6,8,13.5,11.4,8.3,7.1,6.2,5.5,9.31820930357967,VORTEX fdc (single Weibull distribution and sector frequencies)
Feature,Point,4.140831,52.69287034062657,-24,GEBCO,10.6,10.6,10.6,10.6,10.6,10.6,10.6,10.6,10.6,10.6,10.6,10.6,10.6,10.6,10.6,10.6,2.24,2.24,2.24,2.24,2.24,2.24,2.24,2.24,2.24,2.24,2.24,2.24,2.24,2.24,2.24,2.24,3.9,3.5,4.7,4.6,5.2,4.6,3.6,4.2,5.6,8.1,13.6,11.4,8.1,7,6.3,5.6,9.388448689569131,VORTEX fdc (single Weibull distribution and sector frequencies)
Feature,Point,4.148233402238965,52.69287034062657,-24,GEBCO,10.6,10.6,10.6,10.6,10.6,10.6,10.6,10.6,10.6,10.6,10.6,10.6,10.6,10.6,10.6,10.6,2.24,2.24,2.24,2.24,2.24,2.24,2.24,2.24,2.24,2.24,2.24,2.24,2.24,2.24,2.24,2.24,3.9,3.5,4.7,4.6,5.2,4.6,3.6,4.2,5.6,8.1,13.6,11.4,8.1,7,6.3,5.6,9.388448689569131,VORTEX fdc (single Weibull distribution and sector frequencies)
Feature,Point,4.15563580447793,52.69287034062657,-24,GEBCO,10.6,10.6,10.6,10.6,10.6,10.6,10.6,10.6,10.6,10.6,10.6,10.6,10.6,10.6,10.6,10.6,2.24,2.24,2.24,2.24,2.24,2.24,2.24,2.24,2.24,2.24,2.24,2.24,2.24,2.24,2.24,2.24,3.9,3.6,4.6,4.7,5.2,4.6,3.6,4.2,5.5,8,13.6,11.4,8.1,7,6.3,5.6,9.388448689569131,VORTEX fdc (single Weibull distribution and sector frequencies)
Feature,Point,4.1630382067168945,52.69287034062657,-24,GEBCO,10.6,10.6,10.6,10.6,10.6,10.6,10.6,10.6,10.6,10.6,10.6,10.6,10.6,10.6,10.6,10.6,2.24,2.24,2.24,2.24,2.24,2.24,2.24,2.24,2.24,2.24,2.24,2.24,2.24,2.24,2.24,2.24,3.9,3.6,4.6,4.7,5.2,4.6,3.6,4.2,5.5,8,13.6,11.4,8.1,7,6.3,5.6,9.388448689569131,VORTEX fdc (single Weibull distribution and sector frequencies)
Feature,Point,4.170440608955859,52.69287034062657,-24,GEBCO,10.6,10.6,10.6,10.6,10.6,10.6,10.6,10.6,10.6,10.6,10.6,10.6,10.6,10.6,10.6,10.6,2.25,2.25,2.25,2.25,2.25,2.25,2.25,2.25,2.25,2.25,2.25,2.25,2.25,2.25,2.25,2.25,3.9,3.6,4.6,4.7,5.2,4.6,3.6,4.2,5.5,8,13.6,11.4,8.1,7,6.3,5.6,9.388742818321502,VORTEX fdc (single Weibull distribution and sector frequencies)
Feature,Point,4.177843011194824,52.69287034062657,-24,GEBCO,10.6,10.6,10.6,10.6,10.6,10.6,10.6,10.6,10.6,10.6,10.6,10.6,10.6,10.6,10.6,10.6,2.25,2.25,2.25,2.25,2.25,2.25,2.25,2.25,2.25,2.25,2.25,2.25,2.25,2.25,2.25,2.25,3.9,3.6,4.6,4.7,5.2,4.6,3.6,4.2,5.6,8,13.6,11.5,8.1,7,6.3,5.6,9.388742818321502,VORTEX fdc (single Weibull distribution and sector frequencies)
Feature,Point,4.185245413433789,52.69287034062657,-24,GEBCO,10.6,10.6,10.6,10.6,10.6,10.6,10.6,10.6,10.6,10.6,10.6,10.6,10.6,10.6,10.6,10.6,2.25,2.25,2.25,2.25,2.25,2.25,2.25,2.25,2.25,2.25,2.25,2.25,2.25,2.25,2.25,2.25,3.9,3.6,4.6,4.7,5.2,4.6,3.6,4.2,5.6,8,13.6,11.5,8.1,7,6.3,5.6,9.388742818321502,VORTEX fdc (single Weibull distribution and sector frequencies)
Feature,Point,4.192647815672754,52.69287034062657,-24,GEBCO,10.6,10.6,10.6,10.6,10.6,10.6,10.6,10.6,10.6,10.6,10.6,10.6,10.6,10.6,10.6,10.6,2.25,2.25,2.25,2.25,2.25,2.25,2.25,2.25,2.25,2.25,2.25,2.25,2.25,2.25,2.25,2.25,3.9,3.6,4.6,4.7,5.2,4.6,3.6,4.2,5.6,8,13.6,11.5,8.1,7,6.3,5.6,9.388742818321502,VORTEX fdc (single Weibull distribution and sector frequencies)
Feature,Point,4.200050217911719,52.69287034062657,-24,GEBCO,10.59,10.59,10.59,10.59,10.59,10.59,10.59,10.59,10.59,10.59,10.59,10.59,10.59,10.59,10.59,10.59,2.25,2.25,2.25,2.25,2.25,2.25,2.25,2.25,2.25,2.25,2.25,2.25,2.25,2.25,2.25,2.25,3.9,3.6,4.6,4.7,5.3,4.6,3.6,4.2,5.6,7.9,13.6,11.5,8.2,7,6.3,5.5,9.379885513775916,VORTEX fdc (single Weibull distribution and sector frequencies)
Feature,Point,4.207452620150684,52.69287034062657,-24,GEBCO,10.59,10.59,10.59,10.59,10.59,10.59,10.59,10.59,10.59,10.59,10.59,10.59,10.59,10.59,10.59,10.59,2.25,2.25,2.25,2.25,2.25,2.25,2.25,2.25,2.25,2.25,2.25,2.25,2.25,2.25,2.25,2.25,3.9,3.6,4.6,4.7,5.3,4.6,3.6,4.2,5.6,7.9,13.6,11.5,8.2,7,6.3,5.5,9.379885513775916,VORTEX fdc (single Weibull distribution and sector frequencies)
Feature,Point,4.214855022389648,52.69287034062657,-23,GEBCO,10.59,10.59,10.59,10.59,10.59,10.59,10.59,10.59,10.59,10.59,10.59,10.59,10.59,10.59,10.59,10.59,2.25,2.25,2.25,2.25,2.25,2.25,2.25,2.25,2.25,2.25,2.25,2.25,2.25,2.25,2.25,2.25,3.9,3.6,4.6,4.7,5.3,4.6,3.6,4.2,5.6,7.9,13.6,11.5,8.2,7,6.3,5.5,9.379885513775916,VORTEX fdc (single Weibull distribution and sector frequencies)
Feature,Point,4.222257424628613,52.69287034062657,-23,GEBCO,10.59,10.59,10.59,10.59,10.59,10.59,10.59,10.59,10.59,10.59,10.59,10.59,10.59,10.59,10.59,10.59,2.25,2.25,2.25,2.25,2.25,2.25,2.25,2.25,2.25,2.25,2.25,2.25,2.25,2.25,2.25,2.25,3.9,3.6,4.6,4.7,5.3,4.6,3.6,4.2,5.6,7.9,13.6,11.5,8.2,7,6.3,5.5,9.379885513775916,VORTEX fdc (single Weibull distribution and sector frequencies)
Feature,Point,4.229659826867578,52.69287034062657,-23,GEBCO,10.59,10.59,10.59,10.59,10.59,10.59,10.59,10.59,10.59,10.59,10.59,10.59,10.59,10.59,10.59,10.59,2.25,2.25,2.25,2.25,2.25,2.25,2.25,2.25,2.25,2.25,2.25,2.25,2.25,2.25,2.25,2.25,4,3.5,4.7,4.6,5.3,4.5,3.6,4.1,5.6,7.9,13.6,11.4,8.2,7,6.2,5.5,9.379885513775916,VORTEX fdc (single Weibull distribution and sector frequencies)
Feature,Point,4.2370622291065425,52.69287034062657,-23,GEBCO,10.59,10.59,10.59,10.59,10.59,10.59,10.59,10.59,10.59,10.59,10.59,10.59,10.59,10.59,10.59,10.59,2.25,2.25,2.25,2.25,2.25,2.25,2.25,2.25,2.25,2.25,2.25,2.25,2.25,2.25,2.25,2.25,4,3.5,4.7,4.6,5.3,4.5,3.6,4.1,5.6,7.9,13.6,11.4,8.2,7,6.2,5.5,9.379885513775916,VORTEX fdc (single Weibull distribution and sector frequencies)
Feature,Point,4.244464631345507,52.69287034062657,-24,GEBCO,10.59,10.59,10.59,10.59,10.59,10.59,10.59,10.59,10.59,10.59,10.59,10.59,10.59,10.59,10.59,10.59,2.25,2.25,2.25,2.25,2.25,2.25,2.25,2.25,2.25,2.25,2.25,2.25,2.25,2.25,2.25,2.25,4,3.5,4.7,4.6,5.3,4.5,3.6,4.1,5.6,7.9,13.6,11.4,8.2,7,6.2,5.5,9.379885513775916,VORTEX fdc (single Weibull distribution and sector frequencies)
Feature,Point,4.251867033584472,52.69287034062657,-24,GEBCO,10.58,10.58,10.58,10.58,10.58,10.58,10.58,10.58,10.58,10.58,10.58,10.58,10.58,10.58,10.58,10.58,2.25,2.25,2.25,2.25,2.25,2.25,2.25,2.25,2.25,2.25,2.25,2.25,2.25,2.25,2.25,2.25,4,3.6,4.6,4.6,5.3,4.5,3.6,4.1,5.6,7.9,13.6,11.4,8.3,7,6.2,5.5,9.37102820923033,VORTEX fdc (single Weibull distribution and sector frequencies)
Feature,Point,4.259269435823437,52.69287034062657,-22,GEBCO,10.57,10.57,10.57,10.57,10.57,10.57,10.57,10.57,10.57,10.57,10.57,10.57,10.57,10.57,10.57,10.57,2.25,2.25,2.25,2.25,2.25,2.25,2.25,2.25,2.25,2.25,2.25,2.25,2.25,2.25,2.25,2.25,4,3.6,4.6,4.6,5.3,4.5,3.6,4.1,5.6,7.9,13.6,11.4,8.3,7,6.2,5.5,9.362170904684744,VORTEX fdc (single Weibull distribution and sector frequencies)
Feature,Point,4.266671838062401,52.69287034062657,-21,GEBCO,10.57,10.57,10.57,10.57,10.57,10.57,10.57,10.57,10.57,10.57,10.57,10.57,10.57,10.57,10.57,10.57,2.25,2.25,2.25,2.25,2.25,2.25,2.25,2.25,2.25,2.25,2.25,2.25,2.25,2.25,2.25,2.25,4,3.6,4.6,4.6,5.3,4.5,3.6,4.1,5.6,7.9,13.6,11.4,8.3,7,6.2,5.5,9.362170904684744,VORTEX fdc (single Weibull distribution and sector frequencies)
Feature,Point,4.274074240301366,52.69287034062657,-22,GEBCO,10.57,10.57,10.57,10.57,10.57,10.57,10.57,10.57,10.57,10.57,10.57,10.57,10.57,10.57,10.57,10.57,2.25,2.25,2.25,2.25,2.25,2.25,2.25,2.25,2.25,2.25,2.25,2.25,2.25,2.25,2.25,2.25,4,3.6,4.6,4.6,5.3,4.5,3.6,4.1,5.6,7.9,13.6,11.4,8.3,7,6.2,5.5,9.362170904684744,VORTEX fdc (single Weibull distribution and sector frequencies)
Feature,Point,4.281476642540331,52.69287034062657,-22,GEBCO,10.56,10.56,10.56,10.56,10.56,10.56,10.56,10.56,10.56,10.56,10.56,10.56,10.56,10.56,10.56,10.56,2.25,2.25,2.25,2.25,2.25,2.25,2.25,2.25,2.25,2.25,2.25,2.25,2.25,2.25,2.25,2.25,4,3.6,4.6,4.7,5.3,4.5,3.6,4.1,5.6,8,13.5,11.5,8.4,7,6.2,5.5,9.353313600139158,VORTEX fdc (single Weibull distribution and sector frequencies)
Feature,Point,4.288879044779296,52.69287034062657,-23,GEBCO,10.56,10.56,10.56,10.56,10.56,10.56,10.56,10.56,10.56,10.56,10.56,10.56,10.56,10.56,10.56,10.56,2.25,2.25,2.25,2.25,2.25,2.25,2.25,2.25,2.25,2.25,2.25,2.25,2.25,2.25,2.25,2.25,4,3.6,4.6,4.7,5.3,4.5,3.6,4.1,5.6,8,13.5,11.5,8.4,7,6.2,5.5,9.353313600139158,VORTEX fdc (single Weibull distribution and sector frequencies)
Feature,Point,4.296281447018261,52.69287034062657,-23,GEBCO,10.56,10.56,10.56,10.56,10.56,10.56,10.56,10.56,10.56,10.56,10.56,10.56,10.56,10.56,10.56,10.56,2.25,2.25,2.25,2.25,2.25,2.25,2.25,2.25,2.25,2.25,2.25,2.25,2.25,2.25,2.25,2.25,4,3.6,4.6,4.7,5.3,4.5,3.6,4.1,5.6,8,13.5,11.5,8.4,7,6.2,5.5,9.353313600139158,VORTEX fdc (single Weibull distribution and sector frequencies)
Feature,Point,4.303683849257226,52.69287034062657,-23,GEBCO,10.56,10.56,10.56,10.56,10.56,10.56,10.56,10.56,10.56,10.56,10.56,10.56,10.56,10.56,10.56,10.56,2.25,2.25,2.25,2.25,2.25,2.25,2.25,2.25,2.25,2.25,2.25,2.25,2.25,2.25,2.25,2.25,4.1,3.5,4.5,4.7,5.3,4.5,3.6,4.2,5.6,8,13.4,11.5,8.3,7.1,6.2,5.5,9.353313600139158,VORTEX fdc (single Weibull distribution and sector frequencies)
Feature,Point,4.3110862514961905,52.69287034062657,-23,GEBCO,10.55,10.55,10.55,10.55,10.55,10.55,10.55,10.55,10.55,10.55,10.55,10.55,10.55,10.55,10.55,10.55,2.26,2.26,2.26,2.26,2.26,2.26,2.26,2.26,2.26,2.26,2.26,2.26,2.26,2.26,2.26,2.26,4.1,3.5,4.5,4.7,5.3,4.5,3.6,4.2,5.6,8,13.4,11.5,8.3,7.1,6.2,5.5,9.344782143799005,VORTEX fdc (single Weibull distribution and sector frequencies)
Feature,Point,4.318488653735155,52.69287034062657,-22,GEBCO,10.55,10.55,10.55,10.55,10.55,10.55,10.55,10.55,10.55,10.55,10.55,10.55,10.55,10.55,10.55,10.55,2.26,2.26,2.26,2.26,2.26,2.26,2.26,2.26,2.26,2.26,2.26,2.26,2.26,2.26,2.26,2.26,4.1,3.5,4.5,4.7,5.3,4.5,3.6,4.2,5.6,8,13.4,11.5,8.3,7.1,6.2,5.5,9.344782143799005,VORTEX fdc (single Weibull distribution and sector frequencies)
Feature,Point,4.32589105597412,52.69287034062657,-21,GEBCO,10.55,10.55,10.55,10.55,10.55,10.55,10.55,10.55,10.55,10.55,10.55,10.55,10.55,10.55,10.55,10.55,2.26,2.26,2.26,2.26,2.26,2.26,2.26,2.26,2.26,2.26,2.26,2.26,2.26,2.26,2.26,2.26,4,3.6,4.6,4.7,5.3,4.5,3.6,4.1,5.6,8,13.5,11.5,8.2,7.1,6.2,5.5,9.344782143799005,VORTEX fdc (single Weibull distribution and sector frequencies)
Feature,Point,4.333293458213085,52.69287034062657,-21,GEBCO,10.55,10.55,10.55,10.55,10.55,10.55,10.55,10.55,10.55,10.55,10.55,10.55,10.55,10.55,10.55,10.55,2.26,2.26,2.26,2.26,2.26,2.26,2.26,2.26,2.26,2.26,2.26,2.26,2.26,2.26,2.26,2.26,4,3.6,4.6,4.7,5.3,4.5,3.6,4.1,5.6,8,13.5,11.5,8.2,7.1,6.2,5.5,9.344782143799005,VORTEX fdc (single Weibull distribution and sector frequencies)
Feature,Point,4.340695860452049,52.69287034062657,-21,GEBCO,10.54,10.54,10.54,10.54,10.54,10.54,10.54,10.54,10.54,10.54,10.54,10.54,10.54,10.54,10.54,10.54,2.26,2.26,2.26,2.26,2.26,2.26,2.26,2.26,2.26,2.26,2.26,2.26,2.26,2.26,2.26,2.26,4,3.6,4.6,4.7,5.3,4.5,3.6,4.1,5.6,8,13.5,11.5,8.2,7.1,6.2,5.5,9.335924530392559,VORTEX fdc (single Weibull distribution and sector frequencies)
Feature,Point,4.348098262691014,52.69287034062657,-19,GEBCO,10.53,10.53,10.53,10.53,10.53,10.53,10.53,10.53,10.53,10.53,10.53,10.53,10.53,10.53,10.53,10.53,2.26,2.26,2.26,2.26,2.26,2.26,2.26,2.26,2.26,2.26,2.26,2.26,2.26,2.26,2.26,2.26,4,3.6,4.6,4.7,5.3,4.5,3.6,4.1,5.6,8,13.5,11.5,8.2,7.1,6.2,5.5,9.327066916986114,VORTEX fdc (single Weibull distribution and sector frequencies)
Feature,Point,4.355500664929979,52.69287034062657,-18,GEBCO,10.52,10.52,10.52,10.52,10.52,10.52,10.52,10.52,10.52,10.52,10.52,10.52,10.52,10.52,10.52,10.52,2.26,2.26,2.26,2.26,2.26,2.26,2.26,2.26,2.26,2.26,2.26,2.26,2.26,2.26,2.26,2.26,4,3.6,4.5,4.7,5.3,4.5,3.5,4.1,5.6,8,13.5,11.4,8.3,7.1,6.2,5.5,9.31820930357967,VORTEX fdc (single Weibull distribution and sector frequencies)
Feature,Point,4.140831,52.69736191704717,-24,GEBCO,10.62,10.62,10.62,10.62,10.62,10.62,10.62,10.62,10.62,10.62,10.62,10.62,10.62,10.62,10.62,10.62,2.24,2.24,2.24,2.24,2.24,2.24,2.24,2.24,2.24,2.24,2.24,2.24,2.24,2.24,2.24,2.24,3.9,3.5,4.7,4.6,5.2,4.6,3.6,4.2,5.6,8.1,13.6,11.4,8.1,7,6.3,5.6,9.406162743700392,VORTEX fdc (single Weibull distribution and sector frequencies)
Feature,Point,4.148233402238965,52.69736191704717,-24,GEBCO,10.61,10.61,10.61,10.61,10.61,10.61,10.61,10.61,10.61,10.61,10.61,10.61,10.61,10.61,10.61,10.61,2.24,2.24,2.24,2.24,2.24,2.24,2.24,2.24,2.24,2.24,2.24,2.24,2.24,2.24,2.24,2.24,3.9,3.5,4.7,4.6,5.2,4.6,3.6,4.2,5.6,8.1,13.6,11.4,8.1,7,6.3,5.6,9.397305716634762,VORTEX fdc (single Weibull distribution and sector frequencies)
Feature,Point,4.15563580447793,52.69736191704717,-24,GEBCO,10.6,10.6,10.6,10.6,10.6,10.6,10.6,10.6,10.6,10.6,10.6,10.6,10.6,10.6,10.6,10.6,2.25,2.25,2.25,2.25,2.25,2.25,2.25,2.25,2.25,2.25,2.25,2.25,2.25,2.25,2.25,2.25,3.9,3.6,4.6,4.7,5.2,4.6,3.6,4.2,5.5,8,13.6,11.4,8.1,7,6.3,5.6,9.388742818321502,VORTEX fdc (single Weibull distribution and sector frequencies)
Feature,Point,4.1630382067168945,52.69736191704717,-24,GEBCO,10.6,10.6,10.6,10.6,10.6,10.6,10.6,10.6,10.6,10.6,10.6,10.6,10.6,10.6,10.6,10.6,2.25,2.25,2.25,2.25,2.25,2.25,2.25,2.25,2.25,2.25,2.25,2.25,2.25,2.25,2.25,2.25,3.9,3.6,4.6,4.7,5.2,4.6,3.6,4.2,5.5,8,13.6,11.4,8.1,7,6.3,5.6,9.388742818321502,VORTEX fdc (single Weibull distribution and sector frequencies)
Feature,Point,4.170440608955859,52.69736191704717,-24,GEBCO,10.6,10.6,10.6,10.6,10.6,10.6,10.6,10.6,10.6,10.6,10.6,10.6,10.6,10.6,10.6,10.6,2.25,2.25,2.25,2.25,2.25,2.25,2.25,2.25,2.25,2.25,2.25,2.25,2.25,2.25,2.25,2.25,3.9,3.6,4.6,4.7,5.2,4.6,3.6,4.2,5.5,8,13.6,11.4,8.1,7,6.3,5.6,9.388742818321502,VORTEX fdc (single Weibull distribution and sector frequencies)
Feature,Point,4.177843011194824,52.69736191704717,-24,GEBCO,10.6,10.6,10.6,10.6,10.6,10.6,10.6,10.6,10.6,10.6,10.6,10.6,10.6,10.6,10.6,10.6,2.25,2.25,2.25,2.25,2.25,2.25,2.25,2.25,2.25,2.25,2.25,2.25,2.25,2.25,2.25,2.25,3.9,3.6,4.6,4.7,5.2,4.6,3.6,4.2,5.6,8,13.6,11.5,8.1,7,6.3,5.6,9.388742818321502,VORTEX fdc (single Weibull distribution and sector frequencies)
Feature,Point,4.185245413433789,52.69736191704717,-24,GEBCO,10.6,10.6,10.6,10.6,10.6,10.6,10.6,10.6,10.6,10.6,10.6,10.6,10.6,10.6,10.6,10.6,2.25,2.25,2.25,2.25,2.25,2.25,2.25,2.25,2.25,2.25,2.25,2.25,2.25,2.25,2.25,2.25,3.9,3.6,4.6,4.7,5.2,4.6,3.6,4.2,5.6,8,13.6,11.5,8.1,7,6.3,5.6,9.388742818321502,VORTEX fdc (single Weibull distribution and sector frequencies)
Feature,Point,4.192647815672754,52.69736191704717,-24,GEBCO,10.6,10.6,10.6,10.6,10.6,10.6,10.6,10.6,10.6,10.6,10.6,10.6,10.6,10.6,10.6,10.6,2.25,2.25,2.25,2.25,2.25,2.25,2.25,2.25,2.25,2.25,2.25,2.25,2.25,2.25,2.25,2.25,3.9,3.6,4.6,4.7,5.2,4.6,3.6,4.2,5.6,8,13.6,11.5,8.1,7,6.3,5.6,9.388742818321502,VORTEX fdc (single Weibull distribution and sector frequencies)
Feature,Point,4.200050217911719,52.69736191704717,-24,GEBCO,10.6,10.6,10.6,10.6,10.6,10.6,10.6,10.6,10.6,10.6,10.6,10.6,10.6,10.6,10.6,10.6,2.25,2.25,2.25,2.25,2.25,2.25,2.25,2.25,2.25,2.25,2.25,2.25,2.25,2.25,2.25,2.25,3.9,3.6,4.6,4.7,5.3,4.6,3.6,4.2,5.6,7.9,13.6,11.5,8.2,7,6.3,5.5,9.388742818321502,VORTEX fdc (single Weibull distribution and sector frequencies)
Feature,Point,4.207452620150684,52.69736191704717,-24,GEBCO,10.6,10.6,10.6,10.6,10.6,10.6,10.6,10.6,10.6,10.6,10.6,10.6,10.6,10.6,10.6,10.6,2.25,2.25,2.25,2.25,2.25,2.25,2.25,2.25,2.25,2.25,2.25,2.25,2.25,2.25,2.25,2.25,3.9,3.6,4.6,4.7,5.3,4.6,3.6,4.2,5.6,7.9,13.6,11.5,8.2,7,6.3,5.5,9.388742818321502,VORTEX fdc (single Weibull distribution and sector frequencies)
Feature,Point,4.214855022389648,52.69736191704717,-24,GEBCO,10.6,10.6,10.6,10.6,10.6,10.6,10.6,10.6,10.6,10.6,10.6,10.6,10.6,10.6,10.6,10.6,2.25,2.25,2.25,2.25,2.25,2.25,2.25,2.25,2.25,2.25,2.25,2.25,2.25,2.25,2.25,2.25,3.9,3.6,4.6,4.7,5.3,4.6,3.6,4.2,5.6,7.9,13.6,11.5,8.2,7,6.3,5.5,9.388742818321502,VORTEX fdc (single Weibull distribution and sector frequencies)
Feature,Point,4.222257424628613,52.69736191704717,-23,GEBCO,10.6,10.6,10.6,10.6,10.6,10.6,10.6,10.6,10.6,10.6,10.6,10.6,10.6,10.6,10.6,10.6,2.25,2.25,2.25,2.25,2.25,2.25,2.25,2.25,2.25,2.25,2.25,2.25,2.25,2.25,2.25,2.25,3.9,3.6,4.6,4.7,5.3,4.6,3.6,4.2,5.6,7.9,13.6,11.5,8.2,7,6.3,5.5,9.388742818321502,VORTEX fdc (single Weibull distribution and sector frequencies)
Feature,Point,4.229659826867578,52.69736191704717,-23,GEBCO,10.6,10.6,10.6,10.6,10.6,10.6,10.6,10.6,10.6,10.6,10.6,10.6,10.6,10.6,10.6,10.6,2.25,2.25,2.25,2.25,2.25,2.25,2.25,2.25,2.25,2.25,2.25,2.25,2.25,2.25,2.25,2.25,4,3.5,4.7,4.6,5.3,4.5,3.6,4.1,5.6,7.9,13.6,11.4,8.2,7,6.2,5.5,9.388742818321502,VORTEX fdc (single Weibull distribution and sector frequencies)
Feature,Point,4.2370622291065425,52.69736191704717,-23,GEBCO,10.59,10.59,10.59,10.59,10.59,10.59,10.59,10.59,10.59,10.59,10.59,10.59,10.59,10.59,10.59,10.59,2.25,2.25,2.25,2.25,2.25,2.25,2.25,2.25,2.25,2.25,2.25,2.25,2.25,2.25,2.25,2.25,4,3.5,4.7,4.6,5.3,4.5,3.6,4.1,5.6,7.9,13.6,11.4,8.2,7,6.2,5.5,9.379885513775916,VORTEX fdc (single Weibull distribution and sector frequencies)
Feature,Point,4.244464631345507,52.69736191704717,-24,GEBCO,10.59,10.59,10.59,10.59,10.59,10.59,10.59,10.59,10.59,10.59,10.59,10.59,10.59,10.59,10.59,10.59,2.25,2.25,2.25,2.25,2.25,2.25,2.25,2.25,2.25,2.25,2.25,2.25,2.25,2.25,2.25,2.25,4,3.5,4.7,4.6,5.3,4.5,3.6,4.1,5.6,7.9,13.6,11.4,8.2,7,6.2,5.5,9.379885513775916,VORTEX fdc (single Weibull distribution and sector frequencies)
Feature,Point,4.251867033584472,52.69736191704717,-24,GEBCO,10.59,10.59,10.59,10.59,10.59,10.59,10.59,10.59,10.59,10.59,10.59,10.59,10.59,10.59,10.59,10.59,2.25,2.25,2.25,2.25,2.25,2.25,2.25,2.25,2.25,2.25,2.25,2.25,2.25,2.25,2.25,2.25,4,3.6,4.6,4.6,5.3,4.5,3.6,4.1,5.6,7.9,13.6,11.4,8.3,7,6.2,5.5,9.379885513775916,VORTEX fdc (single Weibull distribution and sector frequencies)
Feature,Point,4.259269435823437,52.69736191704717,-23,GEBCO,10.58,10.58,10.58,10.58,10.58,10.58,10.58,10.58,10.58,10.58,10.58,10.58,10.58,10.58,10.58,10.58,2.25,2.25,2.25,2.25,2.25,2.25,2.25,2.25,2.25,2.25,2.25,2.25,2.25,2.25,2.25,2.25,4,3.6,4.6,4.6,5.3,4.5,3.6,4.1,5.6,7.9,13.6,11.4,8.3,7,6.2,5.5,9.37102820923033,VORTEX fdc (single Weibull distribution and sector frequencies)
Feature,Point,4.266671838062401,52.69736191704717,-22,GEBCO,10.58,10.58,10.58,10.58,10.58,10.58,10.58,10.58,10.58,10.58,10.58,10.58,10.58,10.58,10.58,10.58,2.25,2.25,2.25,2.25,2.25,2.25,2.25,2.25,2.25,2.25,2.25,2.25,2.25,2.25,2.25,2.25,4,3.6,4.6,4.6,5.3,4.5,3.6,4.1,5.6,7.9,13.6,11.4,8.3,7,6.2,5.5,9.37102820923033,VORTEX fdc (single Weibull distribution and sector frequencies)
Feature,Point,4.274074240301366,52.69736191704717,-22,GEBCO,10.58,10.58,10.58,10.58,10.58,10.58,10.58,10.58,10.58,10.58,10.58,10.58,10.58,10.58,10.58,10.58,2.25,2.25,2.25,2.25,2.25,2.25,2.25,2.25,2.25,2.25,2.25,2.25,2.25,2.25,2.25,2.25,4,3.6,4.6,4.6,5.3,4.5,3.6,4.1,5.6,7.9,13.6,11.4,8.3,7,6.2,5.5,9.37102820923033,VORTEX fdc (single Weibull distribution and sector frequencies)
Feature,Point,4.281476642540331,52.69736191704717,-22,GEBCO,10.57,10.57,10.57,10.57,10.57,10.57,10.57,10.57,10.57,10.57,10.57,10.57,10.57,10.57,10.57,10.57,2.25,2.25,2.25,2.25,2.25,2.25,2.25,2.25,2.25,2.25,2.25,2.25,2.25,2.25,2.25,2.25,4,3.6,4.6,4.7,5.3,4.5,3.6,4.1,5.6,8,13.5,11.5,8.4,7,6.2,5.5,9.362170904684744,VORTEX fdc (single Weibull distribution and sector frequencies)
Feature,Point,4.288879044779296,52.69736191704717,-23,GEBCO,10.57,10.57,10.57,10.57,10.57,10.57,10.57,10.57,10.57,10.57,10.57,10.57,10.57,10.57,10.57,10.57,2.25,2.25,2.25,2.25,2.25,2.25,2.25,2.25,2.25,2.25,2.25,2.25,2.25,2.25,2.25,2.25,4,3.6,4.6,4.7,5.3,4.5,3.6,4.1,5.6,8,13.5,11.5,8.4,7,6.2,5.5,9.362170904684744,VORTEX fdc (single Weibull distribution and sector frequencies)
Feature,Point,4.296281447018261,52.69736191704717,-23,GEBCO,10.57,10.57,10.57,10.57,10.57,10.57,10.57,10.57,10.57,10.57,10.57,10.57,10.57,10.57,10.57,10.57,2.25,2.25,2.25,2.25,2.25,2.25,2.25,2.25,2.25,2.25,2.25,2.25,2.25,2.25,2.25,2.25,4,3.6,4.6,4.7,5.3,4.5,3.6,4.1,5.6,8,13.5,11.5,8.4,7,6.2,5.5,9.362170904684744,VORTEX fdc (single Weibull distribution and sector frequencies)
Feature,Point,4.303683849257226,52.69736191704717,-23,GEBCO,10.57,10.57,10.57,10.57,10.57,10.57,10.57,10.57,10.57,10.57,10.57,10.57,10.57,10.57,10.57,10.57,2.25,2.25,2.25,2.25,2.25,2.25,2.25,2.25,2.25,2.25,2.25,2.25,2.25,2.25,2.25,2.25,4.1,3.5,4.5,4.7,5.3,4.5,3.6,4.2,5.6,8,13.4,11.5,8.3,7.1,6.2,5.5,9.362170904684744,VORTEX fdc (single Weibull distribution and sector frequencies)
Feature,Point,4.3110862514961905,52.69736191704717,-23,GEBCO,10.56,10.56,10.56,10.56,10.56,10.56,10.56,10.56,10.56,10.56,10.56,10.56,10.56,10.56,10.56,10.56,2.26,2.26,2.26,2.26,2.26,2.26,2.26,2.26,2.26,2.26,2.26,2.26,2.26,2.26,2.26,2.26,4.1,3.5,4.5,4.7,5.3,4.5,3.6,4.2,5.6,8,13.4,11.5,8.3,7.1,6.2,5.5,9.353639757205448,VORTEX fdc (single Weibull distribution and sector frequencies)
Feature,Point,4.318488653735155,52.69736191704717,-23,GEBCO,10.56,10.56,10.56,10.56,10.56,10.56,10.56,10.56,10.56,10.56,10.56,10.56,10.56,10.56,10.56,10.56,2.26,2.26,2.26,2.26,2.26,2.26,2.26,2.26,2.26,2.26,2.26,2.26,2.26,2.26,2.26,2.26,4.1,3.5,4.5,4.7,5.3,4.5,3.6,4.2,5.6,8,13.4,11.5,8.3,7.1,6.2,5.5,9.353639757205448,VORTEX fdc (single Weibull distribution and sector frequencies)
Feature,Point,4.32589105597412,52.69736191704717,-21,GEBCO,10.56,10.56,10.56,10.56,10.56,10.56,10.56,10.56,10.56,10.56,10.56,10.56,10.56,10.56,10.56,10.56,2.26,2.26,2.26,2.26,2.26,2.26,2.26,2.26,2.26,2.26,2.26,2.26,2.26,2.26,2.26,2.26,4,3.6,4.6,4.7,5.3,4.5,3.6,4.1,5.6,8,13.5,11.5,8.2,7.1,6.2,5.5,9.353639757205448,VORTEX fdc (single Weibull distribution and sector frequencies)
Feature,Point,4.333293458213085,52.69736191704717,-21,GEBCO,10.56,10.56,10.56,10.56,10.56,10.56,10.56,10.56,10.56,10.56,10.56,10.56,10.56,10.56,10.56,10.56,2.26,2.26,2.26,2.26,2.26,2.26,2.26,2.26,2.26,2.26,2.26,2.26,2.26,2.26,2.26,2.26,4,3.6,4.6,4.7,5.3,4.5,3.6,4.1,5.6,8,13.5,11.5,8.2,7.1,6.2,5.5,9.353639757205448,VORTEX fdc (single Weibull distribution and sector frequencies)
Feature,Point,4.340695860452049,52.69736191704717,-21,GEBCO,10.55,10.55,10.55,10.55,10.55,10.55,10.55,10.55,10.55,10.55,10.55,10.55,10.55,10.55,10.55,10.55,2.26,2.26,2.26,2.26,2.26,2.26,2.26,2.26,2.26,2.26,2.26,2.26,2.26,2.26,2.26,2.26,4,3.6,4.6,4.7,5.3,4.5,3.6,4.1,5.6,8,13.5,11.5,8.2,7.1,6.2,5.5,9.344782143799005,VORTEX fdc (single Weibull distribution and sector frequencies)
Feature,Point,4.348098262691014,52.69736191704717,-19,GEBCO,10.55,10.55,10.55,10.55,10.55,10.55,10.55,10.55,10.55,10.55,10.55,10.55,10.55,10.55,10.55,10.55,2.26,2.26,2.26,2.26,2.26,2.26,2.26,2.26,2.26,2.26,2.26,2.26,2.26,2.26,2.26,2.26,4,3.6,4.6,4.7,5.3,4.5,3.6,4.1,5.6,8,13.5,11.5,8.2,7.1,6.2,5.5,9.344782143799005,VORTEX fdc (single Weibull distribution and sector frequencies)
Feature,Point,4.355500664929979,52.69736191704717,-18,GEBCO,10.54,10.54,10.54,10.54,10.54,10.54,10.54,10.54,10.54,10.54,10.54,10.54,10.54,10.54,10.54,10.54,2.26,2.26,2.26,2.26,2.26,2.26,2.26,2.26,2.26,2.26,2.26,2.26,2.26,2.26,2.26,2.26,4,3.6,4.5,4.7,5.3,4.5,3.5,4.1,5.6,8,13.5,11.4,8.3,7.1,6.2,5.5,9.335924530392559,VORTEX fdc (single Weibull distribution and sector frequencies)
Feature,Point,4.140831,52.701853493467766,-24,GEBCO,10.62,10.62,10.62,10.62,10.62,10.62,10.62,10.62,10.62,10.62,10.62,10.62,10.62,10.62,10.62,10.62,2.24,2.24,2.24,2.24,2.24,2.24,2.24,2.24,2.24,2.24,2.24,2.24,2.24,2.24,2.24,2.24,3.8,3.5,4.7,4.6,5.2,4.6,3.6,4.2,5.6,8,13.6,11.4,8.1,7.1,6.3,5.6,9.406162743700392,VORTEX fdc (single Weibull distribution and sector frequencies)
Feature,Point,4.148233402238965,52.701853493467766,-24,GEBCO,10.61,10.61,10.61,10.61,10.61,10.61,10.61,10.61,10.61,10.61,10.61,10.61,10.61,10.61,10.61,10.61,2.24,2.24,2.24,2.24,2.24,2.24,2.24,2.24,2.24,2.24,2.24,2.24,2.24,2.24,2.24,2.24,3.8,3.5,4.7,4.6,5.2,4.6,3.6,4.2,5.6,8,13.6,11.4,8.1,7.1,6.3,5.6,9.397305716634762,VORTEX fdc (single Weibull distribution and sector frequencies)
Feature,Point,4.15563580447793,52.701853493467766,-24,GEBCO,10.6,10.6,10.6,10.6,10.6,10.6,10.6,10.6,10.6,10.6,10.6,10.6,10.6,10.6,10.6,10.6,2.25,2.25,2.25,2.25,2.25,2.25,2.25,2.25,2.25,2.25,2.25,2.25,2.25,2.25,2.25,2.25,3.9,3.5,4.6,4.7,5.2,4.6,3.6,4.2,5.6,8,13.6,11.4,8.1,7.1,6.3,5.6,9.388742818321502,VORTEX fdc (single Weibull distribution and sector frequencies)
Feature,Point,4.1630382067168945,52.701853493467766,-24,GEBCO,10.6,10.6,10.6,10.6,10.6,10.6,10.6,10.6,10.6,10.6,10.6,10.6,10.6,10.6,10.6,10.6,2.25,2.25,2.25,2.25,2.25,2.25,2.25,2.25,2.25,2.25,2.25,2.25,2.25,2.25,2.25,2.25,3.9,3.5,4.6,4.7,5.2,4.6,3.6,4.2,5.6,8,13.6,11.4,8.1,7.1,6.3,5.6,9.388742818321502,VORTEX fdc (single Weibull distribution and sector frequencies)
Feature,Point,4.170440608955859,52.701853493467766,-24,GEBCO,10.6,10.6,10.6,10.6,10.6,10.6,10.6,10.6,10.6,10.6,10.6,10.6,10.6,10.6,10.6,10.6,2.25,2.25,2.25,2.25,2.25,2.25,2.25,2.25,2.25,2.25,2.25,2.25,2.25,2.25,2.25,2.25,3.9,3.5,4.6,4.7,5.2,4.6,3.6,4.2,5.6,8,13.6,11.4,8.1,7.1,6.3,5.6,9.388742818321502,VORTEX fdc (single Weibull distribution and sector frequencies)
Feature,Point,4.177843011194824,52.701853493467766,-24,GEBCO,10.6,10.6,10.6,10.6,10.6,10.6,10.6,10.6,10.6,10.6,10.6,10.6,10.6,10.6,10.6,10.6,2.25,2.25,2.25,2.25,2.25,2.25,2.25,2.25,2.25,2.25,2.25,2.25,2.25,2.25,2.25,2.25,3.9,3.5,4.6,4.7,5.2,4.6,3.6,4.2,5.6,8,13.5,11.4,8.2,7,6.3,5.6,9.388742818321502,VORTEX fdc (single Weibull distribution and sector frequencies)
Feature,Point,4.185245413433789,52.701853493467766,-24,GEBCO,10.6,10.6,10.6,10.6,10.6,10.6,10.6,10.6,10.6,10.6,10.6,10.6,10.6,10.6,10.6,10.6,2.25,2.25,2.25,2.25,2.25,2.25,2.25,2.25,2.25,2.25,2.25,2.25,2.25,2.25,2.25,2.25,3.9,3.5,4.6,4.7,5.2,4.6,3.6,4.2,5.6,8,13.5,11.4,8.2,7,6.3,5.6,9.388742818321502,VORTEX fdc (single Weibull distribution and sector frequencies)
Feature,Point,4.192647815672754,52.701853493467766,-24,GEBCO,10.6,10.6,10.6,10.6,10.6,10.6,10.6,10.6,10.6,10.6,10.6,10.6,10.6,10.6,10.6,10.6,2.25,2.25,2.25,2.25,2.25,2.25,2.25,2.25,2.25,2.25,2.25,2.25,2.25,2.25,2.25,2.25,3.9,3.5,4.6,4.7,5.2,4.6,3.6,4.2,5.6,8,13.5,11.4,8.2,7,6.3,5.6,9.388742818321502,VORTEX fdc (single Weibull distribution and sector frequencies)
Feature,Point,4.200050217911719,52.701853493467766,-24,GEBCO,10.6,10.6,10.6,10.6,10.6,10.6,10.6,10.6,10.6,10.6,10.6,10.6,10.6,10.6,10.6,10.6,2.25,2.25,2.25,2.25,2.25,2.25,2.25,2.25,2.25,2.25,2.25,2.25,2.25,2.25,2.25,2.25,3.9,3.5,4.6,4.7,5.2,4.6,3.6,4.2,5.6,8,13.6,11.4,8.2,7,6.3,5.6,9.388742818321502,VORTEX fdc (single Weibull distribution and sector frequencies)
Feature,Point,4.207452620150684,52.701853493467766,-24,GEBCO,10.6,10.6,10.6,10.6,10.6,10.6,10.6,10.6,10.6,10.6,10.6,10.6,10.6,10.6,10.6,10.6,2.25,2.25,2.25,2.25,2.25,2.25,2.25,2.25,2.25,2.25,2.25,2.25,2.25,2.25,2.25,2.25,3.9,3.5,4.6,4.7,5.2,4.6,3.6,4.2,5.6,8,13.6,11.4,8.2,7,6.3,5.6,9.388742818321502,VORTEX fdc (single Weibull distribution and sector frequencies)
Feature,Point,4.214855022389648,52.701853493467766,-24,GEBCO,10.6,10.6,10.6,10.6,10.6,10.6,10.6,10.6,10.6,10.6,10.6,10.6,10.6,10.6,10.6,10.6,2.25,2.25,2.25,2.25,2.25,2.25,2.25,2.25,2.25,2.25,2.25,2.25,2.25,2.25,2.25,2.25,3.9,3.5,4.6,4.7,5.2,4.6,3.6,4.2,5.6,8,13.6,11.4,8.2,7,6.3,5.6,9.388742818321502,VORTEX fdc (single Weibull distribution and sector frequencies)
Feature,Point,4.222257424628613,52.701853493467766,-23,GEBCO,10.6,10.6,10.6,10.6,10.6,10.6,10.6,10.6,10.6,10.6,10.6,10.6,10.6,10.6,10.6,10.6,2.25,2.25,2.25,2.25,2.25,2.25,2.25,2.25,2.25,2.25,2.25,2.25,2.25,2.25,2.25,2.25,3.9,3.5,4.6,4.7,5.2,4.6,3.6,4.2,5.6,8,13.6,11.4,8.2,7,6.3,5.6,9.388742818321502,VORTEX fdc (single Weibull distribution and sector frequencies)
Feature,Point,4.229659826867578,52.701853493467766,-23,GEBCO,10.6,10.6,10.6,10.6,10.6,10.6,10.6,10.6,10.6,10.6,10.6,10.6,10.6,10.6,10.6,10.6,2.25,2.25,2.25,2.25,2.25,2.25,2.25,2.25,2.25,2.25,2.25,2.25,2.25,2.25,2.25,2.25,3.9,3.5,4.6,4.7,5.3,4.6,3.6,4.1,5.6,8,13.6,11.4,8.2,7,6.3,5.6,9.388742818321502,VORTEX fdc (single Weibull distribution and sector frequencies)
Feature,Point,4.2370622291065425,52.701853493467766,-23,GEBCO,10.59,10.59,10.59,10.59,10.59,10.59,10.59,10.59,10.59,10.59,10.59,10.59,10.59,10.59,10.59,10.59,2.25,2.25,2.25,2.25,2.25,2.25,2.25,2.25,2.25,2.25,2.25,2.25,2.25,2.25,2.25,2.25,3.9,3.5,4.6,4.7,5.3,4.6,3.6,4.1,5.6,8,13.6,11.4,8.2,7,6.3,5.6,9.379885513775916,VORTEX fdc (single Weibull distribution and sector frequencies)
Feature,Point,4.244464631345507,52.701853493467766,-24,GEBCO,10.59,10.59,10.59,10.59,10.59,10.59,10.59,10.59,10.59,10.59,10.59,10.59,10.59,10.59,10.59,10.59,2.25,2.25,2.25,2.25,2.25,2.25,2.25,2.25,2.25,2.25,2.25,2.25,2.25,2.25,2.25,2.25,3.9,3.5,4.6,4.7,5.3,4.6,3.6,4.1,5.6,8,13.6,11.4,8.2,7,6.3,5.6,9.379885513775916,VORTEX fdc (single Weibull distribution and sector frequencies)
Feature,Point,4.251867033584472,52.701853493467766,-24,GEBCO,10.59,10.59,10.59,10.59,10.59,10.59,10.59,10.59,10.59,10.59,10.59,10.59,10.59,10.59,10.59,10.59,2.25,2.25,2.25,2.25,2.25,2.25,2.25,2.25,2.25,2.25,2.25,2.25,2.25,2.25,2.25,2.25,4,3.5,4.6,4.7,5.2,4.6,3.6,4.1,5.6,8,13.5,11.4,8.3,7,6.3,5.6,9.379885513775916,VORTEX fdc (single Weibull distribution and sector frequencies)
Feature,Point,4.259269435823437,52.701853493467766,-23,GEBCO,10.58,10.58,10.58,10.58,10.58,10.58,10.58,10.58,10.58,10.58,10.58,10.58,10.58,10.58,10.58,10.58,2.25,2.25,2.25,2.25,2.25,2.25,2.25,2.25,2.25,2.25,2.25,2.25,2.25,2.25,2.25,2.25,4,3.5,4.6,4.7,5.2,4.6,3.6,4.1,5.6,8,13.5,11.4,8.3,7,6.3,5.6,9.37102820923033,VORTEX fdc (single Weibull distribution and sector frequencies)
Feature,Point,4.266671838062401,52.701853493467766,-22,GEBCO,10.58,10.58,10.58,10.58,10.58,10.58,10.58,10.58,10.58,10.58,10.58,10.58,10.58,10.58,10.58,10.58,2.25,2.25,2.25,2.25,2.25,2.25,2.25,2.25,2.25,2.25,2.25,2.25,2.25,2.25,2.25,2.25,4,3.5,4.6,4.7,5.2,4.6,3.6,4.1,5.6,8,13.5,11.4,8.3,7,6.3,5.6,9.37102820923033,VORTEX fdc (single Weibull distribution and sector frequencies)
Feature,Point,4.274074240301366,52.701853493467766,-22,GEBCO,10.58,10.58,10.58,10.58,10.58,10.58,10.58,10.58,10.58,10.58,10.58,10.58,10.58,10.58,10.58,10.58,2.25,2.25,2.25,2.25,2.25,2.25,2.25,2.25,2.25,2.25,2.25,2.25,2.25,2.25,2.25,2.25,4,3.5,4.6,4.7,5.2,4.6,3.6,4.1,5.6,8,13.5,11.4,8.3,7,6.3,5.6,9.37102820923033,VORTEX fdc (single Weibull distribution and sector frequencies)
Feature,Point,4.281476642540331,52.701853493467766,-22,GEBCO,10.57,10.57,10.57,10.57,10.57,10.57,10.57,10.57,10.57,10.57,10.57,10.57,10.57,10.57,10.57,10.57,2.25,2.25,2.25,2.25,2.25,2.25,2.25,2.25,2.25,2.25,2.25,2.25,2.25,2.25,2.25,2.25,4,3.5,4.6,4.6,5.3,4.6,3.7,4.1,5.6,8,13.5,11.4,8.3,7,6.2,5.6,9.362170904684744,VORTEX fdc (single Weibull distribution and sector frequencies)
Feature,Point,4.288879044779296,52.701853493467766,-23,GEBCO,10.57,10.57,10.57,10.57,10.57,10.57,10.57,10.57,10.57,10.57,10.57,10.57,10.57,10.57,10.57,10.57,2.25,2.25,2.25,2.25,2.25,2.25,2.25,2.25,2.25,2.25,2.25,2.25,2.25,2.25,2.25,2.25,4,3.5,4.6,4.6,5.3,4.6,3.7,4.1,5.6,8,13.5,11.4,8.3,7,6.2,5.6,9.362170904684744,VORTEX fdc (single Weibull distribution and sector frequencies)
Feature,Point,4.296281447018261,52.701853493467766,-22,GEBCO,10.57,10.57,10.57,10.57,10.57,10.57,10.57,10.57,10.57,10.57,10.57,10.57,10.57,10.57,10.57,10.57,2.25,2.25,2.25,2.25,2.25,2.25,2.25,2.25,2.25,2.25,2.25,2.25,2.25,2.25,2.25,2.25,4,3.5,4.6,4.6,5.3,4.6,3.7,4.1,5.6,8,13.5,11.4,8.3,7,6.2,5.6,9.362170904684744,VORTEX fdc (single Weibull distribution and sector frequencies)
Feature,Point,4.303683849257226,52.701853493467766,-22,GEBCO,10.57,10.57,10.57,10.57,10.57,10.57,10.57,10.57,10.57,10.57,10.57,10.57,10.57,10.57,10.57,10.57,2.25,2.25,2.25,2.25,2.25,2.25,2.25,2.25,2.25,2.25,2.25,2.25,2.25,2.25,2.25,2.25,4,3.5,4.7,4.6,5.3,4.5,3.6,4.1,5.6,8,13.5,11.3,8.4,7.1,6.2,5.5,9.362170904684744,VORTEX fdc (single Weibull distribution and sector frequencies)
Feature,Point,4.3110862514961905,52.701853493467766,-22,GEBCO,10.56,10.56,10.56,10.56,10.56,10.56,10.56,10.56,10.56,10.56,10.56,10.56,10.56,10.56,10.56,10.56,2.26,2.26,2.26,2.26,2.26,2.26,2.26,2.26,2.26,2.26,2.26,2.26,2.26,2.26,2.26,2.26,4,3.5,4.7,4.6,5.3,4.5,3.6,4.1,5.6,8,13.5,11.3,8.4,7.1,6.2,5.5,9.353639757205448,VORTEX fdc (single Weibull distribution and sector frequencies)
Feature,Point,4.318488653735155,52.701853493467766,-23,GEBCO,10.56,10.56,10.56,10.56,10.56,10.56,10.56,10.56,10.56,10.56,10.56,10.56,10.56,10.56,10.56,10.56,2.26,2.26,2.26,2.26,2.26,2.26,2.26,2.26,2.26,2.26,2.26,2.26,2.26,2.26,2.26,2.26,4,3.5,4.7,4.6,5.3,4.5,3.6,4.1,5.6,8,13.5,11.3,8.4,7.1,6.2,5.5,9.353639757205448,VORTEX fdc (single Weibull distribution and sector frequencies)
Feature,Point,4.32589105597412,52.701853493467766,-22,GEBCO,10.56,10.56,10.56,10.56,10.56,10.56,10.56,10.56,10.56,10.56,10.56,10.56,10.56,10.56,10.56,10.56,2.26,2.26,2.26,2.26,2.26,2.26,2.26,2.26,2.26,2.26,2.26,2.26,2.26,2.26,2.26,2.26,4,3.5,4.7,4.7,5.3,4.6,3.6,4.1,5.6,8,13.5,11.4,8.3,7.1,6.2,5.5,9.353639757205448,VORTEX fdc (single Weibull distribution and sector frequencies)
Feature,Point,4.333293458213085,52.701853493467766,-22,GEBCO,10.56,10.56,10.56,10.56,10.56,10.56,10.56,10.56,10.56,10.56,10.56,10.56,10.56,10.56,10.56,10.56,2.26,2.26,2.26,2.26,2.26,2.26,2.26,2.26,2.26,2.26,2.26,2.26,2.26,2.26,2.26,2.26,4,3.5,4.7,4.7,5.3,4.6,3.6,4.1,5.6,8,13.5,11.4,8.3,7.1,6.2,5.5,9.353639757205448,VORTEX fdc (single Weibull distribution and sector frequencies)
Feature,Point,4.340695860452049,52.701853493467766,-21,GEBCO,10.55,10.55,10.55,10.55,10.55,10.55,10.55,10.55,10.55,10.55,10.55,10.55,10.55,10.55,10.55,10.55,2.26,2.26,2.26,2.26,2.26,2.26,2.26,2.26,2.26,2.26,2.26,2.26,2.26,2.26,2.26,2.26,4,3.5,4.7,4.7,5.3,4.6,3.6,4.1,5.6,8,13.5,11.4,8.3,7.1,6.2,5.5,9.344782143799005,VORTEX fdc (single Weibull distribution and sector frequencies)
Feature,Point,4.348098262691014,52.701853493467766,-20,GEBCO,10.55,10.55,10.55,10.55,10.55,10.55,10.55,10.55,10.55,10.55,10.55,10.55,10.55,10.55,10.55,10.55,2.26,2.26,2.26,2.26,2.26,2.26,2.26,2.26,2.26,2.26,2.26,2.26,2.26,2.26,2.26,2.26,4,3.5,4.7,4.7,5.3,4.6,3.6,4.1,5.6,8,13.5,11.4,8.3,7.1,6.2,5.5,9.344782143799005,VORTEX fdc (single Weibull distribution and sector frequencies)
Feature,Point,4.355500664929979,52.701853493467766,-18,GEBCO,10.54,10.54,10.54,10.54,10.54,10.54,10.54,10.54,10.54,10.54,10.54,10.54,10.54,10.54,10.54,10.54,2.26,2.26,2.26,2.26,2.26,2.26,2.26,2.26,2.26,2.26,2.26,2.26,2.26,2.26,2.26,2.26,4,3.5,4.6,4.7,5.3,4.5,3.6,4.1,5.6,8,13.5,11.5,8.3,7.1,6.3,5.5,9.335924530392559,VORTEX fdc (single Weibull distribution and sector frequencies)
Feature,Point,4.140831,52.706345069888364,-24,GEBCO,10.62,10.62,10.62,10.62,10.62,10.62,10.62,10.62,10.62,10.62,10.62,10.62,10.62,10.62,10.62,10.62,2.24,2.24,2.24,2.24,2.24,2.24,2.24,2.24,2.24,2.24,2.24,2.24,2.24,2.24,2.24,2.24,3.8,3.5,4.7,4.6,5.2,4.6,3.6,4.2,5.6,8,13.6,11.4,8.1,7.1,6.3,5.6,9.406162743700392,VORTEX fdc (single Weibull distribution and sector frequencies)
Feature,Point,4.148233402238965,52.706345069888364,-25,GEBCO,10.62,10.62,10.62,10.62,10.62,10.62,10.62,10.62,10.62,10.62,10.62,10.62,10.62,10.62,10.62,10.62,2.24,2.24,2.24,2.24,2.24,2.24,2.24,2.24,2.24,2.24,2.24,2.24,2.24,2.24,2.24,2.24,3.8,3.5,4.7,4.6,5.2,4.6,3.6,4.2,5.6,8,13.6,11.4,8.1,7.1,6.3,5.6,9.406162743700392,VORTEX fdc (single Weibull distribution and sector frequencies)
Feature,Point,4.15563580447793,52.706345069888364,-24,GEBCO,10.61,10.61,10.61,10.61,10.61,10.61,10.61,10.61,10.61,10.61,10.61,10.61,10.61,10.61,10.61,10.61,2.25,2.25,2.25,2.25,2.25,2.25,2.25,2.25,2.25,2.25,2.25,2.25,2.25,2.25,2.25,2.25,3.9,3.5,4.6,4.7,5.2,4.6,3.6,4.2,5.6,8,13.6,11.4,8.1,7.1,6.3,5.6,9.397600122867088,VORTEX fdc (single Weibull distribution and sector frequencies)
Feature,Point,4.1630382067168945,52.706345069888364,-24,GEBCO,10.61,10.61,10.61,10.61,10.61,10.61,10.61,10.61,10.61,10.61,10.61,10.61,10.61,10.61,10.61,10.61,2.25,2.25,2.25,2.25,2.25,2.25,2.25,2.25,2.25,2.25,2.25,2.25,2.25,2.25,2.25,2.25,3.9,3.5,4.6,4.7,5.2,4.6,3.6,4.2,5.6,8,13.6,11.4,8.1,7.1,6.3,5.6,9.397600122867088,VORTEX fdc (single Weibull distribution and sector frequencies)
Feature,Point,4.170440608955859,52.706345069888364,-23,GEBCO,10.61,10.61,10.61,10.61,10.61,10.61,10.61,10.61,10.61,10.61,10.61,10.61,10.61,10.61,10.61,10.61,2.25,2.25,2.25,2.25,2.25,2.25,2.25,2.25,2.25,2.25,2.25,2.25,2.25,2.25,2.25,2.25,3.9,3.5,4.6,4.7,5.2,4.6,3.6,4.2,5.6,8,13.6,11.4,8.1,7.1,6.3,5.6,9.397600122867088,VORTEX fdc (single Weibull distribution and sector frequencies)
Feature,Point,4.177843011194824,52.706345069888364,-24,GEBCO,10.61,10.61,10.61,10.61,10.61,10.61,10.61,10.61,10.61,10.61,10.61,10.61,10.61,10.61,10.61,10.61,2.25,2.25,2.25,2.25,2.25,2.25,2.25,2.25,2.25,2.25,2.25,2.25,2.25,2.25,2.25,2.25,3.9,3.5,4.6,4.7,5.2,4.6,3.6,4.2,5.6,8,13.5,11.4,8.2,7,6.3,5.6,9.397600122867088,VORTEX fdc (single Weibull distribution and sector frequencies)
Feature,Point,4.185245413433789,52.706345069888364,-24,GEBCO,10.6,10.6,10.6,10.6,10.6,10.6,10.6,10.6,10.6,10.6,10.6,10.6,10.6,10.6,10.6,10.6,2.25,2.25,2.25,2.25,2.25,2.25,2.25,2.25,2.25,2.25,2.25,2.25,2.25,2.25,2.25,2.25,3.9,3.5,4.6,4.7,5.2,4.6,3.6,4.2,5.6,8,13.5,11.4,8.2,7,6.3,5.6,9.388742818321502,VORTEX fdc (single Weibull distribution and sector frequencies)
Feature,Point,4.192647815672754,52.706345069888364,-24,GEBCO,10.6,10.6,10.6,10.6,10.6,10.6,10.6,10.6,10.6,10.6,10.6,10.6,10.6,10.6,10.6,10.6,2.25,2.25,2.25,2.25,2.25,2.25,2.25,2.25,2.25,2.25,2.25,2.25,2.25,2.25,2.25,2.25,3.9,3.5,4.6,4.7,5.2,4.6,3.6,4.2,5.6,8,13.5,11.4,8.2,7,6.3,5.6,9.388742818321502,VORTEX fdc (single Weibull distribution and sector frequencies)
Feature,Point,4.200050217911719,52.706345069888364,-24,GEBCO,10.6,10.6,10.6,10.6,10.6,10.6,10.6,10.6,10.6,10.6,10.6,10.6,10.6,10.6,10.6,10.6,2.25,2.25,2.25,2.25,2.25,2.25,2.25,2.25,2.25,2.25,2.25,2.25,2.25,2.25,2.25,2.25,3.9,3.5,4.6,4.7,5.2,4.6,3.6,4.2,5.6,8,13.6,11.4,8.2,7,6.3,5.6,9.388742818321502,VORTEX fdc (single Weibull distribution and sector frequencies)
Feature,Point,4.207452620150684,52.706345069888364,-24,GEBCO,10.6,10.6,10.6,10.6,10.6,10.6,10.6,10.6,10.6,10.6,10.6,10.6,10.6,10.6,10.6,10.6,2.25,2.25,2.25,2.25,2.25,2.25,2.25,2.25,2.25,2.25,2.25,2.25,2.25,2.25,2.25,2.25,3.9,3.5,4.6,4.7,5.2,4.6,3.6,4.2,5.6,8,13.6,11.4,8.2,7,6.3,5.6,9.388742818321502,VORTEX fdc (single Weibull distribution and sector frequencies)
Feature,Point,4.214855022389648,52.706345069888364,-24,GEBCO,10.6,10.6,10.6,10.6,10.6,10.6,10.6,10.6,10.6,10.6,10.6,10.6,10.6,10.6,10.6,10.6,2.25,2.25,2.25,2.25,2.25,2.25,2.25,2.25,2.25,2.25,2.25,2.25,2.25,2.25,2.25,2.25,3.9,3.5,4.6,4.7,5.2,4.6,3.6,4.2,5.6,8,13.6,11.4,8.2,7,6.3,5.6,9.388742818321502,VORTEX fdc (single Weibull distribution and sector frequencies)
Feature,Point,4.222257424628613,52.706345069888364,-23,GEBCO,10.6,10.6,10.6,10.6,10.6,10.6,10.6,10.6,10.6,10.6,10.6,10.6,10.6,10.6,10.6,10.6,2.25,2.25,2.25,2.25,2.25,2.25,2.25,2.25,2.25,2.25,2.25,2.25,2.25,2.25,2.25,2.25,3.9,3.5,4.6,4.7,5.2,4.6,3.6,4.2,5.6,8,13.6,11.4,8.2,7,6.3,5.6,9.388742818321502,VORTEX fdc (single Weibull distribution and sector frequencies)
Feature,Point,4.229659826867578,52.706345069888364,-23,GEBCO,10.6,10.6,10.6,10.6,10.6,10.6,10.6,10.6,10.6,10.6,10.6,10.6,10.6,10.6,10.6,10.6,2.25,2.25,2.25,2.25,2.25,2.25,2.25,2.25,2.25,2.25,2.25,2.25,2.25,2.25,2.25,2.25,3.9,3.5,4.6,4.7,5.3,4.6,3.6,4.1,5.6,8,13.6,11.4,8.2,7,6.3,5.6,9.388742818321502,VORTEX fdc (single Weibull distribution and sector frequencies)
Feature,Point,4.2370622291065425,52.706345069888364,-23,GEBCO,10.59,10.59,10.59,10.59,10.59,10.59,10.59,10.59,10.59,10.59,10.59,10.59,10.59,10.59,10.59,10.59,2.25,2.25,2.25,2.25,2.25,2.25,2.25,2.25,2.25,2.25,2.25,2.25,2.25,2.25,2.25,2.25,3.9,3.5,4.6,4.7,5.3,4.6,3.6,4.1,5.6,8,13.6,11.4,8.2,7,6.3,5.6,9.379885513775916,VORTEX fdc (single Weibull distribution and sector frequencies)
Feature,Point,4.244464631345507,52.706345069888364,-24,GEBCO,10.59,10.59,10.59,10.59,10.59,10.59,10.59,10.59,10.59,10.59,10.59,10.59,10.59,10.59,10.59,10.59,2.25,2.25,2.25,2.25,2.25,2.25,2.25,2.25,2.25,2.25,2.25,2.25,2.25,2.25,2.25,2.25,3.9,3.5,4.6,4.7,5.3,4.6,3.6,4.1,5.6,8,13.6,11.4,8.2,7,6.3,5.6,9.379885513775916,VORTEX fdc (single Weibull distribution and sector frequencies)
Feature,Point,4.251867033584472,52.706345069888364,-23,GEBCO,10.59,10.59,10.59,10.59,10.59,10.59,10.59,10.59,10.59,10.59,10.59,10.59,10.59,10.59,10.59,10.59,2.25,2.25,2.25,2.25,2.25,2.25,2.25,2.25,2.25,2.25,2.25,2.25,2.25,2.25,2.25,2.25,4,3.5,4.6,4.7,5.2,4.6,3.6,4.1,5.6,8,13.5,11.4,8.3,7,6.3,5.6,9.379885513775916,VORTEX fdc (single Weibull distribution and sector frequencies)
Feature,Point,4.259269435823437,52.706345069888364,-23,GEBCO,10.59,10.59,10.59,10.59,10.59,10.59,10.59,10.59,10.59,10.59,10.59,10.59,10.59,10.59,10.59,10.59,2.25,2.25,2.25,2.25,2.25,2.25,2.25,2.25,2.25,2.25,2.25,2.25,2.25,2.25,2.25,2.25,4,3.5,4.6,4.7,5.2,4.6,3.6,4.1,5.6,8,13.5,11.4,8.3,7,6.3,5.6,9.379885513775916,VORTEX fdc (single Weibull distribution and sector frequencies)
Feature,Point,4.266671838062401,52.706345069888364,-23,GEBCO,10.58,10.58,10.58,10.58,10.58,10.58,10.58,10.58,10.58,10.58,10.58,10.58,10.58,10.58,10.58,10.58,2.25,2.25,2.25,2.25,2.25,2.25,2.25,2.25,2.25,2.25,2.25,2.25,2.25,2.25,2.25,2.25,4,3.5,4.6,4.7,5.2,4.6,3.6,4.1,5.6,8,13.5,11.4,8.3,7,6.3,5.6,9.37102820923033,VORTEX fdc (single Weibull distribution and sector frequencies)
Feature,Point,4.274074240301366,52.706345069888364,-22,GEBCO,10.58,10.58,10.58,10.58,10.58,10.58,10.58,10.58,10.58,10.58,10.58,10.58,10.58,10.58,10.58,10.58,2.25,2.25,2.25,2.25,2.25,2.25,2.25,2.25,2.25,2.25,2.25,2.25,2.25,2.25,2.25,2.25,4,3.5,4.6,4.7,5.2,4.6,3.6,4.1,5.6,8,13.5,11.4,8.3,7,6.3,5.6,9.37102820923033,VORTEX fdc (single Weibull distribution and sector frequencies)
Feature,Point,4.281476642540331,52.706345069888364,-23,GEBCO,10.58,10.58,10.58,10.58,10.58,10.58,10.58,10.58,10.58,10.58,10.58,10.58,10.58,10.58,10.58,10.58,2.25,2.25,2.25,2.25,2.25,2.25,2.25,2.25,2.25,2.25,2.25,2.25,2.25,2.25,2.25,2.25,4,3.5,4.6,4.6,5.3,4.6,3.7,4.1,5.6,8,13.5,11.4,8.3,7,6.2,5.6,9.37102820923033,VORTEX fdc (single Weibull distribution and sector frequencies)
Feature,Point,4.288879044779296,52.706345069888364,-23,GEBCO,10.57,10.57,10.57,10.57,10.57,10.57,10.57,10.57,10.57,10.57,10.57,10.57,10.57,10.57,10.57,10.57,2.25,2.25,2.25,2.25,2.25,2.25,2.25,2.25,2.25,2.25,2.25,2.25,2.25,2.25,2.25,2.25,4,3.5,4.6,4.6,5.3,4.6,3.7,4.1,5.6,8,13.5,11.4,8.3,7,6.2,5.6,9.362170904684744,VORTEX fdc (single Weibull distribution and sector frequencies)
Feature,Point,4.296281447018261,52.706345069888364,-22,GEBCO,10.57,10.57,10.57,10.57,10.57,10.57,10.57,10.57,10.57,10.57,10.57,10.57,10.57,10.57,10.57,10.57,2.25,2.25,2.25,2.25,2.25,2.25,2.25,2.25,2.25,2.25,2.25,2.25,2.25,2.25,2.25,2.25,4,3.5,4.6,4.6,5.3,4.6,3.7,4.1,5.6,8,13.5,11.4,8.3,7,6.2,5.6,9.362170904684744,VORTEX fdc (single Weibull distribution and sector frequencies)
Feature,Point,4.303683849257226,52.706345069888364,-22,GEBCO,10.57,10.57,10.57,10.57,10.57,10.57,10.57,10.57,10.57,10.57,10.57,10.57,10.57,10.57,10.57,10.57,2.25,2.25,2.25,2.25,2.25,2.25,2.25,2.25,2.25,2.25,2.25,2.25,2.25,2.25,2.25,2.25,4,3.5,4.7,4.6,5.3,4.5,3.6,4.1,5.6,8,13.5,11.3,8.4,7.1,6.2,5.5,9.362170904684744,VORTEX fdc (single Weibull distribution and sector frequencies)
Feature,Point,4.3110862514961905,52.706345069888364,-22,GEBCO,10.57,10.57,10.57,10.57,10.57,10.57,10.57,10.57,10.57,10.57,10.57,10.57,10.57,10.57,10.57,10.57,2.26,2.26,2.26,2.26,2.26,2.26,2.26,2.26,2.26,2.26,2.26,2.26,2.26,2.26,2.26,2.26,4,3.5,4.7,4.6,5.3,4.5,3.6,4.1,5.6,8,13.5,11.3,8.4,7.1,6.2,5.5,9.362497370611893,VORTEX fdc (single Weibull distribution and sector frequencies)
Feature,Point,4.318488653735155,52.706345069888364,-22,GEBCO,10.57,10.57,10.57,10.57,10.57,10.57,10.57,10.57,10.57,10.57,10.57,10.57,10.57,10.57,10.57,10.57,2.26,2.26,2.26,2.26,2.26,2.26,2.26,2.26,2.26,2.26,2.26,2.26,2.26,2.26,2.26,2.26,4,3.5,4.7,4.6,5.3,4.5,3.6,4.1,5.6,8,13.5,11.3,8.4,7.1,6.2,5.5,9.362497370611893,VORTEX fdc (single Weibull distribution and sector frequencies)
Feature,Point,4.32589105597412,52.706345069888364,-23,GEBCO,10.57,10.57,10.57,10.57,10.57,10.57,10.57,10.57,10.57,10.57,10.57,10.57,10.57,10.57,10.57,10.57,2.26,2.26,2.26,2.26,2.26,2.26,2.26,2.26,2.26,2.26,2.26,2.26,2.26,2.26,2.26,2.26,4,3.5,4.7,4.7,5.3,4.6,3.6,4.1,5.6,8,13.5,11.4,8.3,7.1,6.2,5.5,9.362497370611893,VORTEX fdc (single Weibull distribution and sector frequencies)
Feature,Point,4.333293458213085,52.706345069888364,-22,GEBCO,10.57,10.57,10.57,10.57,10.57,10.57,10.57,10.57,10.57,10.57,10.57,10.57,10.57,10.57,10.57,10.57,2.26,2.26,2.26,2.26,2.26,2.26,2.26,2.26,2.26,2.26,2.26,2.26,2.26,2.26,2.26,2.26,4,3.5,4.7,4.7,5.3,4.6,3.6,4.1,5.6,8,13.5,11.4,8.3,7.1,6.2,5.5,9.362497370611893,VORTEX fdc (single Weibull distribution and sector frequencies)
Feature,Point,4.340695860452049,52.706345069888364,-21,GEBCO,10.56,10.56,10.56,10.56,10.56,10.56,10.56,10.56,10.56,10.56,10.56,10.56,10.56,10.56,10.56,10.56,2.26,2.26,2.26,2.26,2.26,2.26,2.26,2.26,2.26,2.26,2.26,2.26,2.26,2.26,2.26,2.26,4,3.5,4.7,4.7,5.3,4.6,3.6,4.1,5.6,8,13.5,11.4,8.3,7.1,6.2,5.5,9.353639757205448,VORTEX fdc (single Weibull distribution and sector frequencies)
Feature,Point,4.348098262691014,52.706345069888364,-20,GEBCO,10.56,10.56,10.56,10.56,10.56,10.56,10.56,10.56,10.56,10.56,10.56,10.56,10.56,10.56,10.56,10.56,2.26,2.26,2.26,2.26,2.26,2.26,2.26,2.26,2.26,2.26,2.26,2.26,2.26,2.26,2.26,2.26,4,3.5,4.7,4.7,5.3,4.6,3.6,4.1,5.6,8,13.5,11.4,8.3,7.1,6.2,5.5,9.353639757205448,VORTEX fdc (single Weibull distribution and sector frequencies)
Feature,Point,4.355500664929979,52.706345069888364,-18,GEBCO,10.55,10.55,10.55,10.55,10.55,10.55,10.55,10.55,10.55,10.55,10.55,10.55,10.55,10.55,10.55,10.55,2.26,2.26,2.26,2.26,2.26,2.26,2.26,2.26,2.26,2.26,2.26,2.26,2.26,2.26,2.26,2.26,4,3.5,4.6,4.7,5.3,4.5,3.6,4.1,5.6,8,13.5,11.5,8.3,7.1,6.3,5.5,9.344782143799005,VORTEX fdc (single Weibull distribution and sector frequencies)
Feature,Point,4.140831,52.71083664630896,-25,GEBCO,10.62,10.62,10.62,10.62,10.62,10.62,10.62,10.62,10.62,10.62,10.62,10.62,10.62,10.62,10.62,10.62,2.24,2.24,2.24,2.24,2.24,2.24,2.24,2.24,2.24,2.24,2.24,2.24,2.24,2.24,2.24,2.24,3.8,3.5,4.7,4.6,5.2,4.6,3.6,4.2,5.6,8,13.6,11.4,8.1,7.1,6.3,5.6,9.406162743700392,VORTEX fdc (single Weibull distribution and sector frequencies)
Feature,Point,4.148233402238965,52.71083664630896,-25,GEBCO,10.62,10.62,10.62,10.62,10.62,10.62,10.62,10.62,10.62,10.62,10.62,10.62,10.62,10.62,10.62,10.62,2.24,2.24,2.24,2.24,2.24,2.24,2.24,2.24,2.24,2.24,2.24,2.24,2.24,2.24,2.24,2.24,3.8,3.5,4.7,4.6,5.2,4.6,3.6,4.2,5.6,8,13.6,11.4,8.1,7.1,6.3,5.6,9.406162743700392,VORTEX fdc (single Weibull distribution and sector frequencies)
Feature,Point,4.15563580447793,52.71083664630896,-24,GEBCO,10.61,10.61,10.61,10.61,10.61,10.61,10.61,10.61,10.61,10.61,10.61,10.61,10.61,10.61,10.61,10.61,2.25,2.25,2.25,2.25,2.25,2.25,2.25,2.25,2.25,2.25,2.25,2.25,2.25,2.25,2.25,2.25,3.9,3.5,4.6,4.7,5.2,4.6,3.6,4.2,5.6,8,13.6,11.4,8.1,7.1,6.3,5.6,9.397600122867088,VORTEX fdc (single Weibull distribution and sector frequencies)
Feature,Point,4.1630382067168945,52.71083664630896,-24,GEBCO,10.61,10.61,10.61,10.61,10.61,10.61,10.61,10.61,10.61,10.61,10.61,10.61,10.61,10.61,10.61,10.61,2.25,2.25,2.25,2.25,2.25,2.25,2.25,2.25,2.25,2.25,2.25,2.25,2.25,2.25,2.25,2.25,3.9,3.5,4.6,4.7,5.2,4.6,3.6,4.2,5.6,8,13.6,11.4,8.1,7.1,6.3,5.6,9.397600122867088,VORTEX fdc (single Weibull distribution and sector frequencies)
Feature,Point,4.170440608955859,52.71083664630896,-24,GEBCO,10.61,10.61,10.61,10.61,10.61,10.61,10.61,10.61,10.61,10.61,10.61,10.61,10.61,10.61,10.61,10.61,2.25,2.25,2.25,2.25,2.25,2.25,2.25,2.25,2.25,2.25,2.25,2.25,2.25,2.25,2.25,2.25,3.9,3.5,4.6,4.7,5.2,4.6,3.6,4.2,5.6,8,13.6,11.4,8.1,7.1,6.3,5.6,9.397600122867088,VORTEX fdc (single Weibull distribution and sector frequencies)
Feature,Point,4.177843011194824,52.71083664630896,-24,GEBCO,10.61,10.61,10.61,10.61,10.61,10.61,10.61,10.61,10.61,10.61,10.61,10.61,10.61,10.61,10.61,10.61,2.25,2.25,2.25,2.25,2.25,2.25,2.25,2.25,2.25,2.25,2.25,2.25,2.25,2.25,2.25,2.25,3.9,3.5,4.6,4.7,5.2,4.6,3.6,4.2,5.6,8,13.5,11.4,8.2,7,6.3,5.6,9.397600122867088,VORTEX fdc (single Weibull distribution and sector frequencies)
Feature,Point,4.185245413433789,52.71083664630896,-24,GEBCO,10.6,10.6,10.6,10.6,10.6,10.6,10.6,10.6,10.6,10.6,10.6,10.6,10.6,10.6,10.6,10.6,2.25,2.25,2.25,2.25,2.25,2.25,2.25,2.25,2.25,2.25,2.25,2.25,2.25,2.25,2.25,2.25,3.9,3.5,4.6,4.7,5.2,4.6,3.6,4.2,5.6,8,13.5,11.4,8.2,7,6.3,5.6,9.388742818321502,VORTEX fdc (single Weibull distribution and sector frequencies)
Feature,Point,4.192647815672754,52.71083664630896,-24,GEBCO,10.6,10.6,10.6,10.6,10.6,10.6,10.6,10.6,10.6,10.6,10.6,10.6,10.6,10.6,10.6,10.6,2.25,2.25,2.25,2.25,2.25,2.25,2.25,2.25,2.25,2.25,2.25,2.25,2.25,2.25,2.25,2.25,3.9,3.5,4.6,4.7,5.2,4.6,3.6,4.2,5.6,8,13.5,11.4,8.2,7,6.3,5.6,9.388742818321502,VORTEX fdc (single Weibull distribution and sector frequencies)
Feature,Point,4.200050217911719,52.71083664630896,-24,GEBCO,10.6,10.6,10.6,10.6,10.6,10.6,10.6,10.6,10.6,10.6,10.6,10.6,10.6,10.6,10.6,10.6,2.25,2.25,2.25,2.25,2.25,2.25,2.25,2.25,2.25,2.25,2.25,2.25,2.25,2.25,2.25,2.25,3.9,3.5,4.6,4.7,5.2,4.6,3.6,4.2,5.6,8,13.6,11.4,8.2,7,6.3,5.6,9.388742818321502,VORTEX fdc (single Weibull distribution and sector frequencies)
Feature,Point,4.207452620150684,52.71083664630896,-24,GEBCO,10.6,10.6,10.6,10.6,10.6,10.6,10.6,10.6,10.6,10.6,10.6,10.6,10.6,10.6,10.6,10.6,2.25,2.25,2.25,2.25,2.25,2.25,2.25,2.25,2.25,2.25,2.25,2.25,2.25,2.25,2.25,2.25,3.9,3.5,4.6,4.7,5.2,4.6,3.6,4.2,5.6,8,13.6,11.4,8.2,7,6.3,5.6,9.388742818321502,VORTEX fdc (single Weibull distribution and sector frequencies)
Feature,Point,4.214855022389648,52.71083664630896,-24,GEBCO,10.6,10.6,10.6,10.6,10.6,10.6,10.6,10.6,10.6,10.6,10.6,10.6,10.6,10.6,10.6,10.6,2.25,2.25,2.25,2.25,2.25,2.25,2.25,2.25,2.25,2.25,2.25,2.25,2.25,2.25,2.25,2.25,3.9,3.5,4.6,4.7,5.2,4.6,3.6,4.2,5.6,8,13.6,11.4,8.2,7,6.3,5.6,9.388742818321502,VORTEX fdc (single Weibull distribution and sector frequencies)
Feature,Point,4.222257424628613,52.71083664630896,-23,GEBCO,10.6,10.6,10.6,10.6,10.6,10.6,10.6,10.6,10.6,10.6,10.6,10.6,10.6,10.6,10.6,10.6,2.25,2.25,2.25,2.25,2.25,2.25,2.25,2.25,2.25,2.25,2.25,2.25,2.25,2.25,2.25,2.25,3.9,3.5,4.6,4.7,5.2,4.6,3.6,4.2,5.6,8,13.6,11.4,8.2,7,6.3,5.6,9.388742818321502,VORTEX fdc (single Weibull distribution and sector frequencies)
Feature,Point,4.229659826867578,52.71083664630896,-23,GEBCO,10.6,10.6,10.6,10.6,10.6,10.6,10.6,10.6,10.6,10.6,10.6,10.6,10.6,10.6,10.6,10.6,2.25,2.25,2.25,2.25,2.25,2.25,2.25,2.25,2.25,2.25,2.25,2.25,2.25,2.25,2.25,2.25,3.9,3.5,4.6,4.7,5.3,4.6,3.6,4.1,5.6,8,13.6,11.4,8.2,7,6.3,5.6,9.388742818321502,VORTEX fdc (single Weibull distribution and sector frequencies)
Feature,Point,4.2370622291065425,52.71083664630896,-23,GEBCO,10.59,10.59,10.59,10.59,10.59,10.59,10.59,10.59,10.59,10.59,10.59,10.59,10.59,10.59,10.59,10.59,2.25,2.25,2.25,2.25,2.25,2.25,2.25,2.25,2.25,2.25,2.25,2.25,2.25,2.25,2.25,2.25,3.9,3.5,4.6,4.7,5.3,4.6,3.6,4.1,5.6,8,13.6,11.4,8.2,7,6.3,5.6,9.379885513775916,VORTEX fdc (single Weibull distribution and sector frequencies)
Feature,Point,4.244464631345507,52.71083664630896,-24,GEBCO,10.59,10.59,10.59,10.59,10.59,10.59,10.59,10.59,10.59,10.59,10.59,10.59,10.59,10.59,10.59,10.59,2.25,2.25,2.25,2.25,2.25,2.25,2.25,2.25,2.25,2.25,2.25,2.25,2.25,2.25,2.25,2.25,3.9,3.5,4.6,4.7,5.3,4.6,3.6,4.1,5.6,8,13.6,11.4,8.2,7,6.3,5.6,9.379885513775916,VORTEX fdc (single Weibull distribution and sector frequencies)
Feature,Point,4.251867033584472,52.71083664630896,-23,GEBCO,10.59,10.59,10.59,10.59,10.59,10.59,10.59,10.59,10.59,10.59,10.59,10.59,10.59,10.59,10.59,10.59,2.25,2.25,2.25,2.25,2.25,2.25,2.25,2.25,2.25,2.25,2.25,2.25,2.25,2.25,2.25,2.25,4,3.5,4.6,4.7,5.2,4.6,3.6,4.1,5.6,8,13.5,11.4,8.3,7,6.3,5.6,9.379885513775916,VORTEX fdc (single Weibull distribution and sector frequencies)
Feature,Point,4.259269435823437,52.71083664630896,-23,GEBCO,10.59,10.59,10.59,10.59,10.59,10.59,10.59,10.59,10.59,10.59,10.59,10.59,10.59,10.59,10.59,10.59,2.25,2.25,2.25,2.25,2.25,2.25,2.25,2.25,2.25,2.25,2.25,2.25,2.25,2.25,2.25,2.25,4,3.5,4.6,4.7,5.2,4.6,3.6,4.1,5.6,8,13.5,11.4,8.3,7,6.3,5.6,9.379885513775916,VORTEX fdc (single Weibull distribution and sector frequencies)
Feature,Point,4.266671838062401,52.71083664630896,-23,GEBCO,10.58,10.58,10.58,10.58,10.58,10.58,10.58,10.58,10.58,10.58,10.58,10.58,10.58,10.58,10.58,10.58,2.25,2.25,2.25,2.25,2.25,2.25,2.25,2.25,2.25,2.25,2.25,2.25,2.25,2.25,2.25,2.25,4,3.5,4.6,4.7,5.2,4.6,3.6,4.1,5.6,8,13.5,11.4,8.3,7,6.3,5.6,9.37102820923033,VORTEX fdc (single Weibull distribution and sector frequencies)
Feature,Point,4.274074240301366,52.71083664630896,-22,GEBCO,10.58,10.58,10.58,10.58,10.58,10.58,10.58,10.58,10.58,10.58,10.58,10.58,10.58,10.58,10.58,10.58,2.25,2.25,2.25,2.25,2.25,2.25,2.25,2.25,2.25,2.25,2.25,2.25,2.25,2.25,2.25,2.25,4,3.5,4.6,4.7,5.2,4.6,3.6,4.1,5.6,8,13.5,11.4,8.3,7,6.3,5.6,9.37102820923033,VORTEX fdc (single Weibull distribution and sector frequencies)
Feature,Point,4.281476642540331,52.71083664630896,-23,GEBCO,10.58,10.58,10.58,10.58,10.58,10.58,10.58,10.58,10.58,10.58,10.58,10.58,10.58,10.58,10.58,10.58,2.25,2.25,2.25,2.25,2.25,2.25,2.25,2.25,2.25,2.25,2.25,2.25,2.25,2.25,2.25,2.25,4,3.5,4.6,4.6,5.3,4.6,3.7,4.1,5.6,8,13.5,11.4,8.3,7,6.2,5.6,9.37102820923033,VORTEX fdc (single Weibull distribution and sector frequencies)
Feature,Point,4.288879044779296,52.71083664630896,-23,GEBCO,10.57,10.57,10.57,10.57,10.57,10.57,10.57,10.57,10.57,10.57,10.57,10.57,10.57,10.57,10.57,10.57,2.25,2.25,2.25,2.25,2.25,2.25,2.25,2.25,2.25,2.25,2.25,2.25,2.25,2.25,2.25,2.25,4,3.5,4.6,4.6,5.3,4.6,3.7,4.1,5.6,8,13.5,11.4,8.3,7,6.2,5.6,9.362170904684744,VORTEX fdc (single Weibull distribution and sector frequencies)
Feature,Point,4.296281447018261,52.71083664630896,-23,GEBCO,10.57,10.57,10.57,10.57,10.57,10.57,10.57,10.57,10.57,10.57,10.57,10.57,10.57,10.57,10.57,10.57,2.25,2.25,2.25,2.25,2.25,2.25,2.25,2.25,2.25,2.25,2.25,2.25,2.25,2.25,2.25,2.25,4,3.5,4.6,4.6,5.3,4.6,3.7,4.1,5.6,8,13.5,11.4,8.3,7,6.2,5.6,9.362170904684744,VORTEX fdc (single Weibull distribution and sector frequencies)
Feature,Point,4.303683849257226,52.71083664630896,-23,GEBCO,10.57,10.57,10.57,10.57,10.57,10.57,10.57,10.57,10.57,10.57,10.57,10.57,10.57,10.57,10.57,10.57,2.25,2.25,2.25,2.25,2.25,2.25,2.25,2.25,2.25,2.25,2.25,2.25,2.25,2.25,2.25,2.25,4,3.5,4.7,4.6,5.3,4.5,3.6,4.1,5.6,8,13.5,11.3,8.4,7.1,6.2,5.5,9.362170904684744,VORTEX fdc (single Weibull distribution and sector frequencies)
Feature,Point,4.3110862514961905,52.71083664630896,-22,GEBCO,10.57,10.57,10.57,10.57,10.57,10.57,10.57,10.57,10.57,10.57,10.57,10.57,10.57,10.57,10.57,10.57,2.26,2.26,2.26,2.26,2.26,2.26,2.26,2.26,2.26,2.26,2.26,2.26,2.26,2.26,2.26,2.26,4,3.5,4.7,4.6,5.3,4.5,3.6,4.1,5.6,8,13.5,11.3,8.4,7.1,6.2,5.5,9.362497370611893,VORTEX fdc (single Weibull distribution and sector frequencies)
Feature,Point,4.318488653735155,52.71083664630896,-22,GEBCO,10.57,10.57,10.57,10.57,10.57,10.57,10.57,10.57,10.57,10.57,10.57,10.57,10.57,10.57,10.57,10.57,2.26,2.26,2.26,2.26,2.26,2.26,2.26,2.26,2.26,2.26,2.26,2.26,2.26,2.26,2.26,2.26,4,3.5,4.7,4.6,5.3,4.5,3.6,4.1,5.6,8,13.5,11.3,8.4,7.1,6.2,5.5,9.362497370611893,VORTEX fdc (single Weibull distribution and sector frequencies)
Feature,Point,4.32589105597412,52.71083664630896,-23,GEBCO,10.57,10.57,10.57,10.57,10.57,10.57,10.57,10.57,10.57,10.57,10.57,10.57,10.57,10.57,10.57,10.57,2.26,2.26,2.26,2.26,2.26,2.26,2.26,2.26,2.26,2.26,2.26,2.26,2.26,2.26,2.26,2.26,4,3.5,4.7,4.7,5.3,4.6,3.6,4.1,5.6,8,13.5,11.4,8.3,7.1,6.2,5.5,9.362497370611893,VORTEX fdc (single Weibull distribution and sector frequencies)
Feature,Point,4.333293458213085,52.71083664630896,-22,GEBCO,10.57,10.57,10.57,10.57,10.57,10.57,10.57,10.57,10.57,10.57,10.57,10.57,10.57,10.57,10.57,10.57,2.26,2.26,2.26,2.26,2.26,2.26,2.26,2.26,2.26,2.26,2.26,2.26,2.26,2.26,2.26,2.26,4,3.5,4.7,4.7,5.3,4.6,3.6,4.1,5.6,8,13.5,11.4,8.3,7.1,6.2,5.5,9.362497370611893,VORTEX fdc (single Weibull distribution and sector frequencies)
Feature,Point,4.340695860452049,52.71083664630896,-21,GEBCO,10.56,10.56,10.56,10.56,10.56,10.56,10.56,10.56,10.56,10.56,10.56,10.56,10.56,10.56,10.56,10.56,2.26,2.26,2.26,2.26,2.26,2.26,2.26,2.26,2.26,2.26,2.26,2.26,2.26,2.26,2.26,2.26,4,3.5,4.7,4.7,5.3,4.6,3.6,4.1,5.6,8,13.5,11.4,8.3,7.1,6.2,5.5,9.353639757205448,VORTEX fdc (single Weibull distribution and sector frequencies)
Feature,Point,4.348098262691014,52.71083664630896,-20,GEBCO,10.56,10.56,10.56,10.56,10.56,10.56,10.56,10.56,10.56,10.56,10.56,10.56,10.56,10.56,10.56,10.56,2.26,2.26,2.26,2.26,2.26,2.26,2.26,2.26,2.26,2.26,2.26,2.26,2.26,2.26,2.26,2.26,4,3.5,4.7,4.7,5.3,4.6,3.6,4.1,5.6,8,13.5,11.4,8.3,7.1,6.2,5.5,9.353639757205448,VORTEX fdc (single Weibull distribution and sector frequencies)
Feature,Point,4.355500664929979,52.71083664630896,-19,GEBCO,10.55,10.55,10.55,10.55,10.55,10.55,10.55,10.55,10.55,10.55,10.55,10.55,10.55,10.55,10.55,10.55,2.26,2.26,2.26,2.26,2.26,2.26,2.26,2.26,2.26,2.26,2.26,2.26,2.26,2.26,2.26,2.26,4,3.5,4.6,4.7,5.3,4.5,3.6,4.1,5.6,8,13.5,11.5,8.3,7.1,6.3,5.5,9.344782143799005,VORTEX fdc (single Weibull distribution and sector frequencies)
Feature,Point,4.140831,52.71532822272956,-24,GEBCO,10.63,10.63,10.63,10.63,10.63,10.63,10.63,10.63,10.63,10.63,10.63,10.63,10.63,10.63,10.63,10.63,2.24,2.24,2.24,2.24,2.24,2.24,2.24,2.24,2.24,2.24,2.24,2.24,2.24,2.24,2.24,2.24,3.8,3.5,4.7,4.6,5.2,4.6,3.6,4.2,5.6,8,13.6,11.4,8.1,7.1,6.3,5.6,9.415019770766026,VORTEX fdc (single Weibull distribution and sector frequencies)
Feature,Point,4.148233402238965,52.71532822272956,-24,GEBCO,10.63,10.63,10.63,10.63,10.63,10.63,10.63,10.63,10.63,10.63,10.63,10.63,10.63,10.63,10.63,10.63,2.25,2.25,2.25,2.25,2.25,2.25,2.25,2.25,2.25,2.25,2.25,2.25,2.25,2.25,2.25,2.25,3.8,3.5,4.7,4.6,5.2,4.6,3.6,4.2,5.6,8,13.6,11.4,8.1,7.1,6.3,5.6,9.415314731958262,VORTEX fdc (single Weibull distribution and sector frequencies)
Feature,Point,4.15563580447793,52.71532822272956,-24,GEBCO,10.62,10.62,10.62,10.62,10.62,10.62,10.62,10.62,10.62,10.62,10.62,10.62,10.62,10.62,10.62,10.62,2.25,2.25,2.25,2.25,2.25,2.25,2.25,2.25,2.25,2.25,2.25,2.25,2.25,2.25,2.25,2.25,3.9,3.5,4.6,4.7,5.2,4.6,3.6,4.2,5.6,8,13.6,11.4,8.1,7.1,6.3,5.6,9.406457427412674,VORTEX fdc (single Weibull distribution and sector frequencies)
Feature,Point,4.1630382067168945,52.71532822272956,-25,GEBCO,10.62,10.62,10.62,10.62,10.62,10.62,10.62,10.62,10.62,10.62,10.62,10.62,10.62,10.62,10.62,10.62,2.25,2.25,2.25,2.25,2.25,2.25,2.25,2.25,2.25,2.25,2.25,2.25,2.25,2.25,2.25,2.25,3.9,3.5,4.6,4.7,5.2,4.6,3.6,4.2,5.6,8,13.6,11.4,8.1,7.1,6.3,5.6,9.406457427412674,VORTEX fdc (single Weibull distribution and sector frequencies)
Feature,Point,4.170440608955859,52.71532822272956,-24,GEBCO,10.62,10.62,10.62,10.62,10.62,10.62,10.62,10.62,10.62,10.62,10.62,10.62,10.62,10.62,10.62,10.62,2.25,2.25,2.25,2.25,2.25,2.25,2.25,2.25,2.25,2.25,2.25,2.25,2.25,2.25,2.25,2.25,3.9,3.5,4.6,4.7,5.2,4.6,3.6,4.2,5.6,8,13.6,11.4,8.1,7.1,6.3,5.6,9.406457427412674,VORTEX fdc (single Weibull distribution and sector frequencies)
Feature,Point,4.177843011194824,52.71532822272956,-24,GEBCO,10.61,10.61,10.61,10.61,10.61,10.61,10.61,10.61,10.61,10.61,10.61,10.61,10.61,10.61,10.61,10.61,2.25,2.25,2.25,2.25,2.25,2.25,2.25,2.25,2.25,2.25,2.25,2.25,2.25,2.25,2.25,2.25,3.9,3.5,4.6,4.7,5.2,4.6,3.6,4.2,5.6,8,13.5,11.4,8.2,7,6.3,5.6,9.397600122867088,VORTEX fdc (single Weibull distribution and sector frequencies)
Feature,Point,4.185245413433789,52.71532822272956,-24,GEBCO,10.61,10.61,10.61,10.61,10.61,10.61,10.61,10.61,10.61,10.61,10.61,10.61,10.61,10.61,10.61,10.61,2.25,2.25,2.25,2.25,2.25,2.25,2.25,2.25,2.25,2.25,2.25,2.25,2.25,2.25,2.25,2.25,3.9,3.5,4.6,4.7,5.2,4.6,3.6,4.2,5.6,8,13.5,11.4,8.2,7,6.3,5.6,9.397600122867088,VORTEX fdc (single Weibull distribution and sector frequencies)
Feature,Point,4.192647815672754,52.71532822272956,-23,GEBCO,10.61,10.61,10.61,10.61,10.61,10.61,10.61,10.61,10.61,10.61,10.61,10.61,10.61,10.61,10.61,10.61,2.25,2.25,2.25,2.25,2.25,2.25,2.25,2.25,2.25,2.25,2.25,2.25,2.25,2.25,2.25,2.25,3.9,3.5,4.6,4.7,5.2,4.6,3.6,4.2,5.6,8,13.5,11.4,8.2,7,6.3,5.6,9.397600122867088,VORTEX fdc (single Weibull distribution and sector frequencies)
Feature,Point,4.200050217911719,52.71532822272956,-24,GEBCO,10.61,10.61,10.61,10.61,10.61,10.61,10.61,10.61,10.61,10.61,10.61,10.61,10.61,10.61,10.61,10.61,2.25,2.25,2.25,2.25,2.25,2.25,2.25,2.25,2.25,2.25,2.25,2.25,2.25,2.25,2.25,2.25,3.9,3.5,4.6,4.7,5.2,4.6,3.6,4.2,5.6,8,13.6,11.4,8.2,7,6.3,5.6,9.397600122867088,VORTEX fdc (single Weibull distribution and sector frequencies)
Feature,Point,4.207452620150684,52.71532822272956,-24,GEBCO,10.61,10.61,10.61,10.61,10.61,10.61,10.61,10.61,10.61,10.61,10.61,10.61,10.61,10.61,10.61,10.61,2.25,2.25,2.25,2.25,2.25,2.25,2.25,2.25,2.25,2.25,2.25,2.25,2.25,2.25,2.25,2.25,3.9,3.5,4.6,4.7,5.2,4.6,3.6,4.2,5.6,8,13.6,11.4,8.2,7,6.3,5.6,9.397600122867088,VORTEX fdc (single Weibull distribution and sector frequencies)
Feature,Point,4.214855022389648,52.71532822272956,-24,GEBCO,10.61,10.61,10.61,10.61,10.61,10.61,10.61,10.61,10.61,10.61,10.61,10.61,10.61,10.61,10.61,10.61,2.25,2.25,2.25,2.25,2.25,2.25,2.25,2.25,2.25,2.25,2.25,2.25,2.25,2.25,2.25,2.25,3.9,3.5,4.6,4.7,5.2,4.6,3.6,4.2,5.6,8,13.6,11.4,8.2,7,6.3,5.6,9.397600122867088,VORTEX fdc (single Weibull distribution and sector frequencies)
Feature,Point,4.222257424628613,52.71532822272956,-23,GEBCO,10.6,10.6,10.6,10.6,10.6,10.6,10.6,10.6,10.6,10.6,10.6,10.6,10.6,10.6,10.6,10.6,2.25,2.25,2.25,2.25,2.25,2.25,2.25,2.25,2.25,2.25,2.25,2.25,2.25,2.25,2.25,2.25,3.9,3.5,4.6,4.7,5.2,4.6,3.6,4.2,5.6,8,13.6,11.4,8.2,7,6.3,5.6,9.388742818321502,VORTEX fdc (single Weibull distribution and sector frequencies)
Feature,Point,4.229659826867578,52.71532822272956,-23,GEBCO,10.6,10.6,10.6,10.6,10.6,10.6,10.6,10.6,10.6,10.6,10.6,10.6,10.6,10.6,10.6,10.6,2.25,2.25,2.25,2.25,2.25,2.25,2.25,2.25,2.25,2.25,2.25,2.25,2.25,2.25,2.25,2.25,3.9,3.5,4.6,4.7,5.3,4.6,3.6,4.1,5.6,8,13.6,11.4,8.2,7,6.3,5.6,9.388742818321502,VORTEX fdc (single Weibull distribution and sector frequencies)
Feature,Point,4.2370622291065425,52.71532822272956,-23,GEBCO,10.6,10.6,10.6,10.6,10.6,10.6,10.6,10.6,10.6,10.6,10.6,10.6,10.6,10.6,10.6,10.6,2.25,2.25,2.25,2.25,2.25,2.25,2.25,2.25,2.25,2.25,2.25,2.25,2.25,2.25,2.25,2.25,3.9,3.5,4.6,4.7,5.3,4.6,3.6,4.1,5.6,8,13.6,11.4,8.2,7,6.3,5.6,9.388742818321502,VORTEX fdc (single Weibull distribution and sector frequencies)
Feature,Point,4.244464631345507,52.71532822272956,-24,GEBCO,10.6,10.6,10.6,10.6,10.6,10.6,10.6,10.6,10.6,10.6,10.6,10.6,10.6,10.6,10.6,10.6,2.25,2.25,2.25,2.25,2.25,2.25,2.25,2.25,2.25,2.25,2.25,2.25,2.25,2.25,2.25,2.25,3.9,3.5,4.6,4.7,5.3,4.6,3.6,4.1,5.6,8,13.6,11.4,8.2,7,6.3,5.6,9.388742818321502,VORTEX fdc (single Weibull distribution and sector frequencies)
Feature,Point,4.251867033584472,52.71532822272956,-23,GEBCO,10.6,10.6,10.6,10.6,10.6,10.6,10.6,10.6,10.6,10.6,10.6,10.6,10.6,10.6,10.6,10.6,2.25,2.25,2.25,2.25,2.25,2.25,2.25,2.25,2.25,2.25,2.25,2.25,2.25,2.25,2.25,2.25,4,3.5,4.6,4.7,5.2,4.6,3.6,4.1,5.6,8,13.5,11.4,8.3,7,6.3,5.6,9.388742818321502,VORTEX fdc (single Weibull distribution and sector frequencies)
Feature,Point,4.259269435823437,52.71532822272956,-23,GEBCO,10.59,10.59,10.59,10.59,10.59,10.59,10.59,10.59,10.59,10.59,10.59,10.59,10.59,10.59,10.59,10.59,2.25,2.25,2.25,2.25,2.25,2.25,2.25,2.25,2.25,2.25,2.25,2.25,2.25,2.25,2.25,2.25,4,3.5,4.6,4.7,5.2,4.6,3.6,4.1,5.6,8,13.5,11.4,8.3,7,6.3,5.6,9.379885513775916,VORTEX fdc (single Weibull distribution and sector frequencies)
Feature,Point,4.266671838062401,52.71532822272956,-23,GEBCO,10.59,10.59,10.59,10.59,10.59,10.59,10.59,10.59,10.59,10.59,10.59,10.59,10.59,10.59,10.59,10.59,2.25,2.25,2.25,2.25,2.25,2.25,2.25,2.25,2.25,2.25,2.25,2.25,2.25,2.25,2.25,2.25,4,3.5,4.6,4.7,5.2,4.6,3.6,4.1,5.6,8,13.5,11.4,8.3,7,6.3,5.6,9.379885513775916,VORTEX fdc (single Weibull distribution and sector frequencies)
Feature,Point,4.274074240301366,52.71532822272956,-23,GEBCO,10.59,10.59,10.59,10.59,10.59,10.59,10.59,10.59,10.59,10.59,10.59,10.59,10.59,10.59,10.59,10.59,2.25,2.25,2.25,2.25,2.25,2.25,2.25,2.25,2.25,2.25,2.25,2.25,2.25,2.25,2.25,2.25,4,3.5,4.6,4.7,5.2,4.6,3.6,4.1,5.6,8,13.5,11.4,8.3,7,6.3,5.6,9.379885513775916,VORTEX fdc (single Weibull distribution and sector frequencies)
Feature,Point,4.281476642540331,52.71532822272956,-23,GEBCO,10.59,10.59,10.59,10.59,10.59,10.59,10.59,10.59,10.59,10.59,10.59,10.59,10.59,10.59,10.59,10.59,2.25,2.25,2.25,2.25,2.25,2.25,2.25,2.25,2.25,2.25,2.25,2.25,2.25,2.25,2.25,2.25,4,3.5,4.6,4.6,5.3,4.6,3.7,4.1,5.6,8,13.5,11.4,8.3,7,6.2,5.6,9.379885513775916,VORTEX fdc (single Weibull distribution and sector frequencies)
Feature,Point,4.288879044779296,52.71532822272956,-24,GEBCO,10.59,10.59,10.59,10.59,10.59,10.59,10.59,10.59,10.59,10.59,10.59,10.59,10.59,10.59,10.59,10.59,2.25,2.25,2.25,2.25,2.25,2.25,2.25,2.25,2.25,2.25,2.25,2.25,2.25,2.25,2.25,2.25,4,3.5,4.6,4.6,5.3,4.6,3.7,4.1,5.6,8,13.5,11.4,8.3,7,6.2,5.6,9.379885513775916,VORTEX fdc (single Weibull distribution and sector frequencies)
Feature,Point,4.296281447018261,52.71532822272956,-23,GEBCO,10.59,10.59,10.59,10.59,10.59,10.59,10.59,10.59,10.59,10.59,10.59,10.59,10.59,10.59,10.59,10.59,2.25,2.25,2.25,2.25,2.25,2.25,2.25,2.25,2.25,2.25,2.25,2.25,2.25,2.25,2.25,2.25,4,3.5,4.6,4.6,5.3,4.6,3.7,4.1,5.6,8,13.5,11.4,8.3,7,6.2,5.6,9.379885513775916,VORTEX fdc (single Weibull distribution and sector frequencies)
Feature,Point,4.303683849257226,52.71532822272956,-22,GEBCO,10.59,10.59,10.59,10.59,10.59,10.59,10.59,10.59,10.59,10.59,10.59,10.59,10.59,10.59,10.59,10.59,2.25,2.25,2.25,2.25,2.25,2.25,2.25,2.25,2.25,2.25,2.25,2.25,2.25,2.25,2.25,2.25,4,3.5,4.7,4.6,5.3,4.5,3.6,4.1,5.6,8,13.5,11.3,8.4,7.1,6.2,5.5,9.379885513775916,VORTEX fdc (single Weibull distribution and sector frequencies)
Feature,Point,4.3110862514961905,52.71532822272956,-22,GEBCO,10.58,10.58,10.58,10.58,10.58,10.58,10.58,10.58,10.58,10.58,10.58,10.58,10.58,10.58,10.58,10.58,2.25,2.25,2.25,2.25,2.25,2.25,2.25,2.25,2.25,2.25,2.25,2.25,2.25,2.25,2.25,2.25,4,3.5,4.7,4.6,5.3,4.5,3.6,4.1,5.6,8,13.5,11.3,8.4,7.1,6.2,5.5,9.37102820923033,VORTEX fdc (single Weibull distribution and sector frequencies)
Feature,Point,4.318488653735155,52.71532822272956,-22,GEBCO,10.58,10.58,10.58,10.58,10.58,10.58,10.58,10.58,10.58,10.58,10.58,10.58,10.58,10.58,10.58,10.58,2.26,2.26,2.26,2.26,2.26,2.26,2.26,2.26,2.26,2.26,2.26,2.26,2.26,2.26,2.26,2.26,4,3.5,4.7,4.6,5.3,4.5,3.6,4.1,5.6,8,13.5,11.3,8.4,7.1,6.2,5.5,9.371354984018337,VORTEX fdc (single Weibull distribution and sector frequencies)
Feature,Point,4.32589105597412,52.71532822272956,-22,GEBCO,10.57,10.57,10.57,10.57,10.57,10.57,10.57,10.57,10.57,10.57,10.57,10.57,10.57,10.57,10.57,10.57,2.26,2.26,2.26,2.26,2.26,2.26,2.26,2.26,2.26,2.26,2.26,2.26,2.26,2.26,2.26,2.26,4,3.5,4.7,4.7,5.3,4.6,3.6,4.1,5.6,8,13.5,11.4,8.3,7.1,6.2,5.5,9.362497370611893,VORTEX fdc (single Weibull distribution and sector frequencies)
Feature,Point,4.333293458213085,52.71532822272956,-22,GEBCO,10.57,10.57,10.57,10.57,10.57,10.57,10.57,10.57,10.57,10.57,10.57,10.57,10.57,10.57,10.57,10.57,2.26,2.26,2.26,2.26,2.26,2.26,2.26,2.26,2.26,2.26,2.26,2.26,2.26,2.26,2.26,2.26,4,3.5,4.7,4.7,5.3,4.6,3.6,4.1,5.6,8,13.5,11.4,8.3,7.1,6.2,5.5,9.362497370611893,VORTEX fdc (single Weibull distribution and sector frequencies)
Feature,Point,4.340695860452049,52.71532822272956,-21,GEBCO,10.57,10.57,10.57,10.57,10.57,10.57,10.57,10.57,10.57,10.57,10.57,10.57,10.57,10.57,10.57,10.57,2.26,2.26,2.26,2.26,2.26,2.26,2.26,2.26,2.26,2.26,2.26,2.26,2.26,2.26,2.26,2.26,4,3.5,4.7,4.7,5.3,4.6,3.6,4.1,5.6,8,13.5,11.4,8.3,7.1,6.2,5.5,9.362497370611893,VORTEX fdc (single Weibull distribution and sector frequencies)
Feature,Point,4.348098262691014,52.71532822272956,-20,GEBCO,10.56,10.56,10.56,10.56,10.56,10.56,10.56,10.56,10.56,10.56,10.56,10.56,10.56,10.56,10.56,10.56,2.26,2.26,2.26,2.26,2.26,2.26,2.26,2.26,2.26,2.26,2.26,2.26,2.26,2.26,2.26,2.26,4,3.5,4.7,4.7,5.3,4.6,3.6,4.1,5.6,8,13.5,11.4,8.3,7.1,6.2,5.5,9.353639757205448,VORTEX fdc (single Weibull distribution and sector frequencies)
Feature,Point,4.355500664929979,52.71532822272956,-19,GEBCO,10.55,10.55,10.55,10.55,10.55,10.55,10.55,10.55,10.55,10.55,10.55,10.55,10.55,10.55,10.55,10.55,2.26,2.26,2.26,2.26,2.26,2.26,2.26,2.26,2.26,2.26,2.26,2.26,2.26,2.26,2.26,2.26,4,3.5,4.6,4.7,5.3,4.5,3.6,4.1,5.6,8,13.5,11.5,8.3,7.1,6.3,5.5,9.344782143799005,VORTEX fdc (single Weibull distribution and sector frequencies)
Feature,Point,4.140831,52.71981979915016,-24,GEBCO,10.63,10.63,10.63,10.63,10.63,10.63,10.63,10.63,10.63,10.63,10.63,10.63,10.63,10.63,10.63,10.63,2.24,2.24,2.24,2.24,2.24,2.24,2.24,2.24,2.24,2.24,2.24,2.24,2.24,2.24,2.24,2.24,3.8,3.5,4.7,4.6,5.2,4.6,3.6,4.2,5.6,8,13.6,11.4,8.1,7.1,6.3,5.6,9.415019770766026,VORTEX fdc (single Weibull distribution and sector frequencies)
Feature,Point,4.148233402238965,52.71981979915016,-24,GEBCO,10.63,10.63,10.63,10.63,10.63,10.63,10.63,10.63,10.63,10.63,10.63,10.63,10.63,10.63,10.63,10.63,2.25,2.25,2.25,2.25,2.25,2.25,2.25,2.25,2.25,2.25,2.25,2.25,2.25,2.25,2.25,2.25,3.8,3.5,4.7,4.6,5.2,4.6,3.6,4.2,5.6,8,13.6,11.4,8.1,7.1,6.3,5.6,9.415314731958262,VORTEX fdc (single Weibull distribution and sector frequencies)
Feature,Point,4.15563580447793,52.71981979915016,-24,GEBCO,10.62,10.62,10.62,10.62,10.62,10.62,10.62,10.62,10.62,10.62,10.62,10.62,10.62,10.62,10.62,10.62,2.25,2.25,2.25,2.25,2.25,2.25,2.25,2.25,2.25,2.25,2.25,2.25,2.25,2.25,2.25,2.25,3.9,3.5,4.6,4.7,5.2,4.6,3.6,4.2,5.6,8,13.6,11.4,8.1,7.1,6.3,5.6,9.406457427412674,VORTEX fdc (single Weibull distribution and sector frequencies)
Feature,Point,4.1630382067168945,52.71981979915016,-24,GEBCO,10.62,10.62,10.62,10.62,10.62,10.62,10.62,10.62,10.62,10.62,10.62,10.62,10.62,10.62,10.62,10.62,2.25,2.25,2.25,2.25,2.25,2.25,2.25,2.25,2.25,2.25,2.25,2.25,2.25,2.25,2.25,2.25,3.9,3.5,4.6,4.7,5.2,4.6,3.6,4.2,5.6,8,13.6,11.4,8.1,7.1,6.3,5.6,9.406457427412674,VORTEX fdc (single Weibull distribution and sector frequencies)
Feature,Point,4.170440608955859,52.71981979915016,-24,GEBCO,10.62,10.62,10.62,10.62,10.62,10.62,10.62,10.62,10.62,10.62,10.62,10.62,10.62,10.62,10.62,10.62,2.25,2.25,2.25,2.25,2.25,2.25,2.25,2.25,2.25,2.25,2.25,2.25,2.25,2.25,2.25,2.25,3.9,3.5,4.6,4.7,5.2,4.6,3.6,4.2,5.6,8,13.6,11.4,8.1,7.1,6.3,5.6,9.406457427412674,VORTEX fdc (single Weibull distribution and sector frequencies)
Feature,Point,4.177843011194824,52.71981979915016,-24,GEBCO,10.61,10.61,10.61,10.61,10.61,10.61,10.61,10.61,10.61,10.61,10.61,10.61,10.61,10.61,10.61,10.61,2.25,2.25,2.25,2.25,2.25,2.25,2.25,2.25,2.25,2.25,2.25,2.25,2.25,2.25,2.25,2.25,3.9,3.5,4.6,4.7,5.2,4.6,3.6,4.2,5.6,8,13.5,11.4,8.2,7,6.3,5.6,9.397600122867088,VORTEX fdc (single Weibull distribution and sector frequencies)
Feature,Point,4.185245413433789,52.71981979915016,-24,GEBCO,10.61,10.61,10.61,10.61,10.61,10.61,10.61,10.61,10.61,10.61,10.61,10.61,10.61,10.61,10.61,10.61,2.25,2.25,2.25,2.25,2.25,2.25,2.25,2.25,2.25,2.25,2.25,2.25,2.25,2.25,2.25,2.25,3.9,3.5,4.6,4.7,5.2,4.6,3.6,4.2,5.6,8,13.5,11.4,8.2,7,6.3,5.6,9.397600122867088,VORTEX fdc (single Weibull distribution and sector frequencies)
Feature,Point,4.192647815672754,52.71981979915016,-24,GEBCO,10.61,10.61,10.61,10.61,10.61,10.61,10.61,10.61,10.61,10.61,10.61,10.61,10.61,10.61,10.61,10.61,2.25,2.25,2.25,2.25,2.25,2.25,2.25,2.25,2.25,2.25,2.25,2.25,2.25,2.25,2.25,2.25,3.9,3.5,4.6,4.7,5.2,4.6,3.6,4.2,5.6,8,13.5,11.4,8.2,7,6.3,5.6,9.397600122867088,VORTEX fdc (single Weibull distribution and sector frequencies)
Feature,Point,4.200050217911719,52.71981979915016,-24,GEBCO,10.61,10.61,10.61,10.61,10.61,10.61,10.61,10.61,10.61,10.61,10.61,10.61,10.61,10.61,10.61,10.61,2.25,2.25,2.25,2.25,2.25,2.25,2.25,2.25,2.25,2.25,2.25,2.25,2.25,2.25,2.25,2.25,3.9,3.5,4.6,4.7,5.2,4.6,3.6,4.2,5.6,8,13.6,11.4,8.2,7,6.3,5.6,9.397600122867088,VORTEX fdc (single Weibull distribution and sector frequencies)
Feature,Point,4.207452620150684,52.71981979915016,-24,GEBCO,10.61,10.61,10.61,10.61,10.61,10.61,10.61,10.61,10.61,10.61,10.61,10.61,10.61,10.61,10.61,10.61,2.25,2.25,2.25,2.25,2.25,2.25,2.25,2.25,2.25,2.25,2.25,2.25,2.25,2.25,2.25,2.25,3.9,3.5,4.6,4.7,5.2,4.6,3.6,4.2,5.6,8,13.6,11.4,8.2,7,6.3,5.6,9.397600122867088,VORTEX fdc (single Weibull distribution and sector frequencies)
Feature,Point,4.214855022389648,52.71981979915016,-24,GEBCO,10.61,10.61,10.61,10.61,10.61,10.61,10.61,10.61,10.61,10.61,10.61,10.61,10.61,10.61,10.61,10.61,2.25,2.25,2.25,2.25,2.25,2.25,2.25,2.25,2.25,2.25,2.25,2.25,2.25,2.25,2.25,2.25,3.9,3.5,4.6,4.7,5.2,4.6,3.6,4.2,5.6,8,13.6,11.4,8.2,7,6.3,5.6,9.397600122867088,VORTEX fdc (single Weibull distribution and sector frequencies)
Feature,Point,4.222257424628613,52.71981979915016,-23,GEBCO,10.6,10.6,10.6,10.6,10.6,10.6,10.6,10.6,10.6,10.6,10.6,10.6,10.6,10.6,10.6,10.6,2.25,2.25,2.25,2.25,2.25,2.25,2.25,2.25,2.25,2.25,2.25,2.25,2.25,2.25,2.25,2.25,3.9,3.5,4.6,4.7,5.2,4.6,3.6,4.2,5.6,8,13.6,11.4,8.2,7,6.3,5.6,9.388742818321502,VORTEX fdc (single Weibull distribution and sector frequencies)
Feature,Point,4.229659826867578,52.71981979915016,-23,GEBCO,10.6,10.6,10.6,10.6,10.6,10.6,10.6,10.6,10.6,10.6,10.6,10.6,10.6,10.6,10.6,10.6,2.25,2.25,2.25,2.25,2.25,2.25,2.25,2.25,2.25,2.25,2.25,2.25,2.25,2.25,2.25,2.25,3.9,3.5,4.6,4.7,5.3,4.6,3.6,4.1,5.6,8,13.6,11.4,8.2,7,6.3,5.6,9.388742818321502,VORTEX fdc (single Weibull distribution and sector frequencies)
Feature,Point,4.2370622291065425,52.71981979915016,-24,GEBCO,10.6,10.6,10.6,10.6,10.6,10.6,10.6,10.6,10.6,10.6,10.6,10.6,10.6,10.6,10.6,10.6,2.25,2.25,2.25,2.25,2.25,2.25,2.25,2.25,2.25,2.25,2.25,2.25,2.25,2.25,2.25,2.25,3.9,3.5,4.6,4.7,5.3,4.6,3.6,4.1,5.6,8,13.6,11.4,8.2,7,6.3,5.6,9.388742818321502,VORTEX fdc (single Weibull distribution and sector frequencies)
Feature,Point,4.244464631345507,52.71981979915016,-24,GEBCO,10.6,10.6,10.6,10.6,10.6,10.6,10.6,10.6,10.6,10.6,10.6,10.6,10.6,10.6,10.6,10.6,2.25,2.25,2.25,2.25,2.25,2.25,2.25,2.25,2.25,2.25,2.25,2.25,2.25,2.25,2.25,2.25,3.9,3.5,4.6,4.7,5.3,4.6,3.6,4.1,5.6,8,13.6,11.4,8.2,7,6.3,5.6,9.388742818321502,VORTEX fdc (single Weibull distribution and sector frequencies)
Feature,Point,4.251867033584472,52.71981979915016,-23,GEBCO,10.6,10.6,10.6,10.6,10.6,10.6,10.6,10.6,10.6,10.6,10.6,10.6,10.6,10.6,10.6,10.6,2.25,2.25,2.25,2.25,2.25,2.25,2.25,2.25,2.25,2.25,2.25,2.25,2.25,2.25,2.25,2.25,4,3.5,4.6,4.7,5.2,4.6,3.6,4.1,5.6,8,13.5,11.4,8.3,7,6.3,5.6,9.388742818321502,VORTEX fdc (single Weibull distribution and sector frequencies)
Feature,Point,4.259269435823437,52.71981979915016,-23,GEBCO,10.59,10.59,10.59,10.59,10.59,10.59,10.59,10.59,10.59,10.59,10.59,10.59,10.59,10.59,10.59,10.59,2.25,2.25,2.25,2.25,2.25,2.25,2.25,2.25,2.25,2.25,2.25,2.25,2.25,2.25,2.25,2.25,4,3.5,4.6,4.7,5.2,4.6,3.6,4.1,5.6,8,13.5,11.4,8.3,7,6.3,5.6,9.379885513775916,VORTEX fdc (single Weibull distribution and sector frequencies)
Feature,Point,4.266671838062401,52.71981979915016,-23,GEBCO,10.59,10.59,10.59,10.59,10.59,10.59,10.59,10.59,10.59,10.59,10.59,10.59,10.59,10.59,10.59,10.59,2.25,2.25,2.25,2.25,2.25,2.25,2.25,2.25,2.25,2.25,2.25,2.25,2.25,2.25,2.25,2.25,4,3.5,4.6,4.7,5.2,4.6,3.6,4.1,5.6,8,13.5,11.4,8.3,7,6.3,5.6,9.379885513775916,VORTEX fdc (single Weibull distribution and sector frequencies)
Feature,Point,4.274074240301366,52.71981979915016,-23,GEBCO,10.59,10.59,10.59,10.59,10.59,10.59,10.59,10.59,10.59,10.59,10.59,10.59,10.59,10.59,10.59,10.59,2.25,2.25,2.25,2.25,2.25,2.25,2.25,2.25,2.25,2.25,2.25,2.25,2.25,2.25,2.25,2.25,4,3.5,4.6,4.7,5.2,4.6,3.6,4.1,5.6,8,13.5,11.4,8.3,7,6.3,5.6,9.379885513775916,VORTEX fdc (single Weibull distribution and sector frequencies)
Feature,Point,4.281476642540331,52.71981979915016,-23,GEBCO,10.59,10.59,10.59,10.59,10.59,10.59,10.59,10.59,10.59,10.59,10.59,10.59,10.59,10.59,10.59,10.59,2.25,2.25,2.25,2.25,2.25,2.25,2.25,2.25,2.25,2.25,2.25,2.25,2.25,2.25,2.25,2.25,4,3.5,4.6,4.6,5.3,4.6,3.7,4.1,5.6,8,13.5,11.4,8.3,7,6.2,5.6,9.379885513775916,VORTEX fdc (single Weibull distribution and sector frequencies)
Feature,Point,4.288879044779296,52.71981979915016,-24,GEBCO,10.59,10.59,10.59,10.59,10.59,10.59,10.59,10.59,10.59,10.59,10.59,10.59,10.59,10.59,10.59,10.59,2.25,2.25,2.25,2.25,2.25,2.25,2.25,2.25,2.25,2.25,2.25,2.25,2.25,2.25,2.25,2.25,4,3.5,4.6,4.6,5.3,4.6,3.7,4.1,5.6,8,13.5,11.4,8.3,7,6.2,5.6,9.379885513775916,VORTEX fdc (single Weibull distribution and sector frequencies)
Feature,Point,4.296281447018261,52.71981979915016,-23,GEBCO,10.59,10.59,10.59,10.59,10.59,10.59,10.59,10.59,10.59,10.59,10.59,10.59,10.59,10.59,10.59,10.59,2.25,2.25,2.25,2.25,2.25,2.25,2.25,2.25,2.25,2.25,2.25,2.25,2.25,2.25,2.25,2.25,4,3.5,4.6,4.6,5.3,4.6,3.7,4.1,5.6,8,13.5,11.4,8.3,7,6.2,5.6,9.379885513775916,VORTEX fdc (single Weibull distribution and sector frequencies)
Feature,Point,4.303683849257226,52.71981979915016,-22,GEBCO,10.59,10.59,10.59,10.59,10.59,10.59,10.59,10.59,10.59,10.59,10.59,10.59,10.59,10.59,10.59,10.59,2.25,2.25,2.25,2.25,2.25,2.25,2.25,2.25,2.25,2.25,2.25,2.25,2.25,2.25,2.25,2.25,4,3.5,4.7,4.6,5.3,4.5,3.6,4.1,5.6,8,13.5,11.3,8.4,7.1,6.2,5.5,9.379885513775916,VORTEX fdc (single Weibull distribution and sector frequencies)
Feature,Point,4.3110862514961905,52.71981979915016,-22,GEBCO,10.58,10.58,10.58,10.58,10.58,10.58,10.58,10.58,10.58,10.58,10.58,10.58,10.58,10.58,10.58,10.58,2.25,2.25,2.25,2.25,2.25,2.25,2.25,2.25,2.25,2.25,2.25,2.25,2.25,2.25,2.25,2.25,4,3.5,4.7,4.6,5.3,4.5,3.6,4.1,5.6,8,13.5,11.3,8.4,7.1,6.2,5.5,9.37102820923033,VORTEX fdc (single Weibull distribution and sector frequencies)
Feature,Point,4.318488653735155,52.71981979915016,-22,GEBCO,10.58,10.58,10.58,10.58,10.58,10.58,10.58,10.58,10.58,10.58,10.58,10.58,10.58,10.58,10.58,10.58,2.26,2.26,2.26,2.26,2.26,2.26,2.26,2.26,2.26,2.26,2.26,2.26,2.26,2.26,2.26,2.26,4,3.5,4.7,4.6,5.3,4.5,3.6,4.1,5.6,8,13.5,11.3,8.4,7.1,6.2,5.5,9.371354984018337,VORTEX fdc (single Weibull distribution and sector frequencies)
Feature,Point,4.32589105597412,52.71981979915016,-22,GEBCO,10.57,10.57,10.57,10.57,10.57,10.57,10.57,10.57,10.57,10.57,10.57,10.57,10.57,10.57,10.57,10.57,2.26,2.26,2.26,2.26,2.26,2.26,2.26,2.26,2.26,2.26,2.26,2.26,2.26,2.26,2.26,2.26,4,3.5,4.7,4.7,5.3,4.6,3.6,4.1,5.6,8,13.5,11.4,8.3,7.1,6.2,5.5,9.362497370611893,VORTEX fdc (single Weibull distribution and sector frequencies)
Feature,Point,4.333293458213085,52.71981979915016,-22,GEBCO,10.57,10.57,10.57,10.57,10.57,10.57,10.57,10.57,10.57,10.57,10.57,10.57,10.57,10.57,10.57,10.57,2.26,2.26,2.26,2.26,2.26,2.26,2.26,2.26,2.26,2.26,2.26,2.26,2.26,2.26,2.26,2.26,4,3.5,4.7,4.7,5.3,4.6,3.6,4.1,5.6,8,13.5,11.4,8.3,7.1,6.2,5.5,9.362497370611893,VORTEX fdc (single Weibull distribution and sector frequencies)
Feature,Point,4.340695860452049,52.71981979915016,-21,GEBCO,10.57,10.57,10.57,10.57,10.57,10.57,10.57,10.57,10.57,10.57,10.57,10.57,10.57,10.57,10.57,10.57,2.26,2.26,2.26,2.26,2.26,2.26,2.26,2.26,2.26,2.26,2.26,2.26,2.26,2.26,2.26,2.26,4,3.5,4.7,4.7,5.3,4.6,3.6,4.1,5.6,8,13.5,11.4,8.3,7.1,6.2,5.5,9.362497370611893,VORTEX fdc (single Weibull distribution and sector frequencies)
Feature,Point,4.348098262691014,52.71981979915016,-20,GEBCO,10.56,10.56,10.56,10.56,10.56,10.56,10.56,10.56,10.56,10.56,10.56,10.56,10.56,10.56,10.56,10.56,2.26,2.26,2.26,2.26,2.26,2.26,2.26,2.26,2.26,2.26,2.26,2.26,2.26,2.26,2.26,2.26,4,3.5,4.7,4.7,5.3,4.6,3.6,4.1,5.6,8,13.5,11.4,8.3,7.1,6.2,5.5,9.353639757205448,VORTEX fdc (single Weibull distribution and sector frequencies)
Feature,Point,4.355500664929979,52.71981979915016,-20,GEBCO,10.55,10.55,10.55,10.55,10.55,10.55,10.55,10.55,10.55,10.55,10.55,10.55,10.55,10.55,10.55,10.55,2.26,2.26,2.26,2.26,2.26,2.26,2.26,2.26,2.26,2.26,2.26,2.26,2.26,2.26,2.26,2.26,4,3.5,4.6,4.7,5.3,4.5,3.6,4.1,5.6,8,13.5,11.5,8.3,7.1,6.3,5.5,9.344782143799005,VORTEX fdc (single Weibull distribution and sector frequencies)
Feature,Point,4.140831,52.72431137557076,-24,GEBCO,10.63,10.63,10.63,10.63,10.63,10.63,10.63,10.63,10.63,10.63,10.63,10.63,10.63,10.63,10.63,10.63,2.24,2.24,2.24,2.24,2.24,2.24,2.24,2.24,2.24,2.24,2.24,2.24,2.24,2.24,2.24,2.24,3.8,3.5,4.7,4.6,5.2,4.6,3.6,4.2,5.6,8,13.6,11.4,8.1,7.1,6.3,5.6,9.415019770766026,VORTEX fdc (single Weibull distribution and sector frequencies)
Feature,Point,4.148233402238965,52.72431137557076,-25,GEBCO,10.63,10.63,10.63,10.63,10.63,10.63,10.63,10.63,10.63,10.63,10.63,10.63,10.63,10.63,10.63,10.63,2.25,2.25,2.25,2.25,2.25,2.25,2.25,2.25,2.25,2.25,2.25,2.25,2.25,2.25,2.25,2.25,3.8,3.5,4.7,4.6,5.2,4.6,3.6,4.2,5.6,8,13.6,11.4,8.1,7.1,6.3,5.6,9.415314731958262,VORTEX fdc (single Weibull distribution and sector frequencies)
Feature,Point,4.15563580447793,52.72431137557076,-24,GEBCO,10.62,10.62,10.62,10.62,10.62,10.62,10.62,10.62,10.62,10.62,10.62,10.62,10.62,10.62,10.62,10.62,2.25,2.25,2.25,2.25,2.25,2.25,2.25,2.25,2.25,2.25,2.25,2.25,2.25,2.25,2.25,2.25,3.9,3.5,4.6,4.7,5.2,4.6,3.6,4.2,5.6,8,13.6,11.4,8.1,7.1,6.3,5.6,9.406457427412674,VORTEX fdc (single Weibull distribution and sector frequencies)
Feature,Point,4.1630382067168945,52.72431137557076,-25,GEBCO,10.62,10.62,10.62,10.62,10.62,10.62,10.62,10.62,10.62,10.62,10.62,10.62,10.62,10.62,10.62,10.62,2.25,2.25,2.25,2.25,2.25,2.25,2.25,2.25,2.25,2.25,2.25,2.25,2.25,2.25,2.25,2.25,3.9,3.5,4.6,4.7,5.2,4.6,3.6,4.2,5.6,8,13.6,11.4,8.1,7.1,6.3,5.6,9.406457427412674,VORTEX fdc (single Weibull distribution and sector frequencies)
Feature,Point,4.170440608955859,52.72431137557076,-25,GEBCO,10.62,10.62,10.62,10.62,10.62,10.62,10.62,10.62,10.62,10.62,10.62,10.62,10.62,10.62,10.62,10.62,2.25,2.25,2.25,2.25,2.25,2.25,2.25,2.25,2.25,2.25,2.25,2.25,2.25,2.25,2.25,2.25,3.9,3.5,4.6,4.7,5.2,4.6,3.6,4.2,5.6,8,13.6,11.4,8.1,7.1,6.3,5.6,9.406457427412674,VORTEX fdc (single Weibull distribution and sector frequencies)
Feature,Point,4.177843011194824,52.72431137557076,-24,GEBCO,10.61,10.61,10.61,10.61,10.61,10.61,10.61,10.61,10.61,10.61,10.61,10.61,10.61,10.61,10.61,10.61,2.25,2.25,2.25,2.25,2.25,2.25,2.25,2.25,2.25,2.25,2.25,2.25,2.25,2.25,2.25,2.25,3.9,3.5,4.6,4.7,5.2,4.6,3.6,4.2,5.6,8,13.5,11.4,8.2,7,6.3,5.6,9.397600122867088,VORTEX fdc (single Weibull distribution and sector frequencies)
Feature,Point,4.185245413433789,52.72431137557076,-24,GEBCO,10.61,10.61,10.61,10.61,10.61,10.61,10.61,10.61,10.61,10.61,10.61,10.61,10.61,10.61,10.61,10.61,2.25,2.25,2.25,2.25,2.25,2.25,2.25,2.25,2.25,2.25,2.25,2.25,2.25,2.25,2.25,2.25,3.9,3.5,4.6,4.7,5.2,4.6,3.6,4.2,5.6,8,13.5,11.4,8.2,7,6.3,5.6,9.397600122867088,VORTEX fdc (single Weibull distribution and sector frequencies)
Feature,Point,4.192647815672754,52.72431137557076,-24,GEBCO,10.61,10.61,10.61,10.61,10.61,10.61,10.61,10.61,10.61,10.61,10.61,10.61,10.61,10.61,10.61,10.61,2.25,2.25,2.25,2.25,2.25,2.25,2.25,2.25,2.25,2.25,2.25,2.25,2.25,2.25,2.25,2.25,3.9,3.5,4.6,4.7,5.2,4.6,3.6,4.2,5.6,8,13.5,11.4,8.2,7,6.3,5.6,9.397600122867088,VORTEX fdc (single Weibull distribution and sector frequencies)
Feature,Point,4.200050217911719,52.72431137557076,-24,GEBCO,10.61,10.61,10.61,10.61,10.61,10.61,10.61,10.61,10.61,10.61,10.61,10.61,10.61,10.61,10.61,10.61,2.25,2.25,2.25,2.25,2.25,2.25,2.25,2.25,2.25,2.25,2.25,2.25,2.25,2.25,2.25,2.25,3.9,3.5,4.6,4.7,5.2,4.6,3.6,4.2,5.6,8,13.6,11.4,8.2,7,6.3,5.6,9.397600122867088,VORTEX fdc (single Weibull distribution and sector frequencies)
Feature,Point,4.207452620150684,52.72431137557076,-24,GEBCO,10.61,10.61,10.61,10.61,10.61,10.61,10.61,10.61,10.61,10.61,10.61,10.61,10.61,10.61,10.61,10.61,2.25,2.25,2.25,2.25,2.25,2.25,2.25,2.25,2.25,2.25,2.25,2.25,2.25,2.25,2.25,2.25,3.9,3.5,4.6,4.7,5.2,4.6,3.6,4.2,5.6,8,13.6,11.4,8.2,7,6.3,5.6,9.397600122867088,VORTEX fdc (single Weibull distribution and sector frequencies)
Feature,Point,4.214855022389648,52.72431137557076,-24,GEBCO,10.61,10.61,10.61,10.61,10.61,10.61,10.61,10.61,10.61,10.61,10.61,10.61,10.61,10.61,10.61,10.61,2.25,2.25,2.25,2.25,2.25,2.25,2.25,2.25,2.25,2.25,2.25,2.25,2.25,2.25,2.25,2.25,3.9,3.5,4.6,4.7,5.2,4.6,3.6,4.2,5.6,8,13.6,11.4,8.2,7,6.3,5.6,9.397600122867088,VORTEX fdc (single Weibull distribution and sector frequencies)
Feature,Point,4.222257424628613,52.72431137557076,-23,GEBCO,10.6,10.6,10.6,10.6,10.6,10.6,10.6,10.6,10.6,10.6,10.6,10.6,10.6,10.6,10.6,10.6,2.25,2.25,2.25,2.25,2.25,2.25,2.25,2.25,2.25,2.25,2.25,2.25,2.25,2.25,2.25,2.25,3.9,3.5,4.6,4.7,5.2,4.6,3.6,4.2,5.6,8,13.6,11.4,8.2,7,6.3,5.6,9.388742818321502,VORTEX fdc (single Weibull distribution and sector frequencies)
Feature,Point,4.229659826867578,52.72431137557076,-23,GEBCO,10.6,10.6,10.6,10.6,10.6,10.6,10.6,10.6,10.6,10.6,10.6,10.6,10.6,10.6,10.6,10.6,2.25,2.25,2.25,2.25,2.25,2.25,2.25,2.25,2.25,2.25,2.25,2.25,2.25,2.25,2.25,2.25,3.9,3.5,4.6,4.7,5.3,4.6,3.6,4.1,5.6,8,13.6,11.4,8.2,7,6.3,5.6,9.388742818321502,VORTEX fdc (single Weibull distribution and sector frequencies)
Feature,Point,4.2370622291065425,52.72431137557076,-24,GEBCO,10.6,10.6,10.6,10.6,10.6,10.6,10.6,10.6,10.6,10.6,10.6,10.6,10.6,10.6,10.6,10.6,2.25,2.25,2.25,2.25,2.25,2.25,2.25,2.25,2.25,2.25,2.25,2.25,2.25,2.25,2.25,2.25,3.9,3.5,4.6,4.7,5.3,4.6,3.6,4.1,5.6,8,13.6,11.4,8.2,7,6.3,5.6,9.388742818321502,VORTEX fdc (single Weibull distribution and sector frequencies)
Feature,Point,4.244464631345507,52.72431137557076,-24,GEBCO,10.6,10.6,10.6,10.6,10.6,10.6,10.6,10.6,10.6,10.6,10.6,10.6,10.6,10.6,10.6,10.6,2.25,2.25,2.25,2.25,2.25,2.25,2.25,2.25,2.25,2.25,2.25,2.25,2.25,2.25,2.25,2.25,3.9,3.5,4.6,4.7,5.3,4.6,3.6,4.1,5.6,8,13.6,11.4,8.2,7,6.3,5.6,9.388742818321502,VORTEX fdc (single Weibull distribution and sector frequencies)
Feature,Point,4.251867033584472,52.72431137557076,-23,GEBCO,10.6,10.6,10.6,10.6,10.6,10.6,10.6,10.6,10.6,10.6,10.6,10.6,10.6,10.6,10.6,10.6,2.25,2.25,2.25,2.25,2.25,2.25,2.25,2.25,2.25,2.25,2.25,2.25,2.25,2.25,2.25,2.25,4,3.5,4.6,4.7,5.2,4.6,3.6,4.1,5.6,8,13.5,11.4,8.3,7,6.3,5.6,9.388742818321502,VORTEX fdc (single Weibull distribution and sector frequencies)
Feature,Point,4.259269435823437,52.72431137557076,-23,GEBCO,10.59,10.59,10.59,10.59,10.59,10.59,10.59,10.59,10.59,10.59,10.59,10.59,10.59,10.59,10.59,10.59,2.25,2.25,2.25,2.25,2.25,2.25,2.25,2.25,2.25,2.25,2.25,2.25,2.25,2.25,2.25,2.25,4,3.5,4.6,4.7,5.2,4.6,3.6,4.1,5.6,8,13.5,11.4,8.3,7,6.3,5.6,9.379885513775916,VORTEX fdc (single Weibull distribution and sector frequencies)
Feature,Point,4.266671838062401,52.72431137557076,-23,GEBCO,10.59,10.59,10.59,10.59,10.59,10.59,10.59,10.59,10.59,10.59,10.59,10.59,10.59,10.59,10.59,10.59,2.25,2.25,2.25,2.25,2.25,2.25,2.25,2.25,2.25,2.25,2.25,2.25,2.25,2.25,2.25,2.25,4,3.5,4.6,4.7,5.2,4.6,3.6,4.1,5.6,8,13.5,11.4,8.3,7,6.3,5.6,9.379885513775916,VORTEX fdc (single Weibull distribution and sector frequencies)
Feature,Point,4.274074240301366,52.72431137557076,-23,GEBCO,10.59,10.59,10.59,10.59,10.59,10.59,10.59,10.59,10.59,10.59,10.59,10.59,10.59,10.59,10.59,10.59,2.25,2.25,2.25,2.25,2.25,2.25,2.25,2.25,2.25,2.25,2.25,2.25,2.25,2.25,2.25,2.25,4,3.5,4.6,4.7,5.2,4.6,3.6,4.1,5.6,8,13.5,11.4,8.3,7,6.3,5.6,9.379885513775916,VORTEX fdc (single Weibull distribution and sector frequencies)
Feature,Point,4.281476642540331,52.72431137557076,-24,GEBCO,10.59,10.59,10.59,10.59,10.59,10.59,10.59,10.59,10.59,10.59,10.59,10.59,10.59,10.59,10.59,10.59,2.25,2.25,2.25,2.25,2.25,2.25,2.25,2.25,2.25,2.25,2.25,2.25,2.25,2.25,2.25,2.25,4,3.5,4.6,4.6,5.3,4.6,3.7,4.1,5.6,8,13.5,11.4,8.3,7,6.2,5.6,9.379885513775916,VORTEX fdc (single Weibull distribution and sector frequencies)
Feature,Point,4.288879044779296,52.72431137557076,-25,GEBCO,10.59,10.59,10.59,10.59,10.59,10.59,10.59,10.59,10.59,10.59,10.59,10.59,10.59,10.59,10.59,10.59,2.25,2.25,2.25,2.25,2.25,2.25,2.25,2.25,2.25,2.25,2.25,2.25,2.25,2.25,2.25,2.25,4,3.5,4.6,4.6,5.3,4.6,3.7,4.1,5.6,8,13.5,11.4,8.3,7,6.2,5.6,9.379885513775916,VORTEX fdc (single Weibull distribution and sector frequencies)
Feature,Point,4.296281447018261,52.72431137557076,-23,GEBCO,10.59,10.59,10.59,10.59,10.59,10.59,10.59,10.59,10.59,10.59,10.59,10.59,10.59,10.59,10.59,10.59,2.25,2.25,2.25,2.25,2.25,2.25,2.25,2.25,2.25,2.25,2.25,2.25,2.25,2.25,2.25,2.25,4,3.5,4.6,4.6,5.3,4.6,3.7,4.1,5.6,8,13.5,11.4,8.3,7,6.2,5.6,9.379885513775916,VORTEX fdc (single Weibull distribution and sector frequencies)
Feature,Point,4.303683849257226,52.72431137557076,-22,GEBCO,10.59,10.59,10.59,10.59,10.59,10.59,10.59,10.59,10.59,10.59,10.59,10.59,10.59,10.59,10.59,10.59,2.25,2.25,2.25,2.25,2.25,2.25,2.25,2.25,2.25,2.25,2.25,2.25,2.25,2.25,2.25,2.25,4,3.5,4.7,4.6,5.3,4.5,3.6,4.1,5.6,8,13.5,11.3,8.4,7.1,6.2,5.5,9.379885513775916,VORTEX fdc (single Weibull distribution and sector frequencies)
Feature,Point,4.3110862514961905,52.72431137557076,-22,GEBCO,10.58,10.58,10.58,10.58,10.58,10.58,10.58,10.58,10.58,10.58,10.58,10.58,10.58,10.58,10.58,10.58,2.25,2.25,2.25,2.25,2.25,2.25,2.25,2.25,2.25,2.25,2.25,2.25,2.25,2.25,2.25,2.25,4,3.5,4.7,4.6,5.3,4.5,3.6,4.1,5.6,8,13.5,11.3,8.4,7.1,6.2,5.5,9.37102820923033,VORTEX fdc (single Weibull distribution and sector frequencies)
Feature,Point,4.318488653735155,52.72431137557076,-22,GEBCO,10.58,10.58,10.58,10.58,10.58,10.58,10.58,10.58,10.58,10.58,10.58,10.58,10.58,10.58,10.58,10.58,2.26,2.26,2.26,2.26,2.26,2.26,2.26,2.26,2.26,2.26,2.26,2.26,2.26,2.26,2.26,2.26,4,3.5,4.7,4.6,5.3,4.5,3.6,4.1,5.6,8,13.5,11.3,8.4,7.1,6.2,5.5,9.371354984018337,VORTEX fdc (single Weibull distribution and sector frequencies)
Feature,Point,4.32589105597412,52.72431137557076,-22,GEBCO,10.57,10.57,10.57,10.57,10.57,10.57,10.57,10.57,10.57,10.57,10.57,10.57,10.57,10.57,10.57,10.57,2.26,2.26,2.26,2.26,2.26,2.26,2.26,2.26,2.26,2.26,2.26,2.26,2.26,2.26,2.26,2.26,4,3.5,4.7,4.7,5.3,4.6,3.6,4.1,5.6,8,13.5,11.4,8.3,7.1,6.2,5.5,9.362497370611893,VORTEX fdc (single Weibull distribution and sector frequencies)
Feature,Point,4.333293458213085,52.72431137557076,-22,GEBCO,10.57,10.57,10.57,10.57,10.57,10.57,10.57,10.57,10.57,10.57,10.57,10.57,10.57,10.57,10.57,10.57,2.26,2.26,2.26,2.26,2.26,2.26,2.26,2.26,2.26,2.26,2.26,2.26,2.26,2.26,2.26,2.26,4,3.5,4.7,4.7,5.3,4.6,3.6,4.1,5.6,8,13.5,11.4,8.3,7.1,6.2,5.5,9.362497370611893,VORTEX fdc (single Weibull distribution and sector frequencies)
Feature,Point,4.340695860452049,52.72431137557076,-21,GEBCO,10.57,10.57,10.57,10.57,10.57,10.57,10.57,10.57,10.57,10.57,10.57,10.57,10.57,10.57,10.57,10.57,2.26,2.26,2.26,2.26,2.26,2.26,2.26,2.26,2.26,2.26,2.26,2.26,2.26,2.26,2.26,2.26,4,3.5,4.7,4.7,5.3,4.6,3.6,4.1,5.6,8,13.5,11.4,8.3,7.1,6.2,5.5,9.362497370611893,VORTEX fdc (single Weibull distribution and sector frequencies)
Feature,Point,4.348098262691014,52.72431137557076,-20,GEBCO,10.56,10.56,10.56,10.56,10.56,10.56,10.56,10.56,10.56,10.56,10.56,10.56,10.56,10.56,10.56,10.56,2.26,2.26,2.26,2.26,2.26,2.26,2.26,2.26,2.26,2.26,2.26,2.26,2.26,2.26,2.26,2.26,4,3.5,4.7,4.7,5.3,4.6,3.6,4.1,5.6,8,13.5,11.4,8.3,7.1,6.2,5.5,9.353639757205448,VORTEX fdc (single Weibull distribution and sector frequencies)
Feature,Point,4.355500664929979,52.72431137557076,-20,GEBCO,10.55,10.55,10.55,10.55,10.55,10.55,10.55,10.55,10.55,10.55,10.55,10.55,10.55,10.55,10.55,10.55,2.26,2.26,2.26,2.26,2.26,2.26,2.26,2.26,2.26,2.26,2.26,2.26,2.26,2.26,2.26,2.26,4,3.5,4.6,4.7,5.3,4.5,3.6,4.1,5.6,8,13.5,11.5,8.3,7.1,6.3,5.5,9.344782143799005,VORTEX fdc (single Weibull distribution and sector frequencies)
Feature,Point,4.140831,52.728802951991355,-24,GEBCO,10.65,10.65,10.65,10.65,10.65,10.65,10.65,10.65,10.65,10.65,10.65,10.65,10.65,10.65,10.65,10.65,2.24,2.24,2.24,2.24,2.24,2.24,2.24,2.24,2.24,2.24,2.24,2.24,2.24,2.24,2.24,2.24,3.8,3.4,4.7,4.6,5.2,4.6,3.6,4.2,5.7,8.1,13.4,11.4,8.1,7.1,6.3,5.6,9.432733824897287,VORTEX fdc (single Weibull distribution and sector frequencies)
Feature,Point,4.148233402238965,52.728802951991355,-24,GEBCO,10.64,10.64,10.64,10.64,10.64,10.64,10.64,10.64,10.64,10.64,10.64,10.64,10.64,10.64,10.64,10.64,2.24,2.24,2.24,2.24,2.24,2.24,2.24,2.24,2.24,2.24,2.24,2.24,2.24,2.24,2.24,2.24,3.8,3.4,4.7,4.6,5.2,4.6,3.6,4.2,5.7,8.1,13.4,11.4,8.1,7.1,6.3,5.6,9.423876797831657,VORTEX fdc (single Weibull distribution and sector frequencies)
Feature,Point,4.15563580447793,52.728802951991355,-24,GEBCO,10.64,10.64,10.64,10.64,10.64,10.64,10.64,10.64,10.64,10.64,10.64,10.64,10.64,10.64,10.64,10.64,2.25,2.25,2.25,2.25,2.25,2.25,2.25,2.25,2.25,2.25,2.25,2.25,2.25,2.25,2.25,2.25,3.8,3.5,4.7,4.7,5.2,4.6,3.6,4.2,5.6,8.1,13.4,11.4,8.2,7.1,6.3,5.7,9.424172036503847,VORTEX fdc (single Weibull distribution and sector frequencies)
Feature,Point,4.1630382067168945,52.728802951991355,-24,GEBCO,10.64,10.64,10.64,10.64,10.64,10.64,10.64,10.64,10.64,10.64,10.64,10.64,10.64,10.64,10.64,10.64,2.25,2.25,2.25,2.25,2.25,2.25,2.25,2.25,2.25,2.25,2.25,2.25,2.25,2.25,2.25,2.25,3.8,3.5,4.7,4.7,5.2,4.6,3.6,4.2,5.6,8.1,13.4,11.4,8.2,7.1,6.3,5.7,9.424172036503847,VORTEX fdc (single Weibull distribution and sector frequencies)
Feature,Point,4.170440608955859,52.728802951991355,-25,GEBCO,10.63,10.63,10.63,10.63,10.63,10.63,10.63,10.63,10.63,10.63,10.63,10.63,10.63,10.63,10.63,10.63,2.25,2.25,2.25,2.25,2.25,2.25,2.25,2.25,2.25,2.25,2.25,2.25,2.25,2.25,2.25,2.25,3.8,3.5,4.7,4.7,5.2,4.6,3.6,4.2,5.6,8.1,13.4,11.4,8.2,7.1,6.3,5.7,9.415314731958262,VORTEX fdc (single Weibull distribution and sector frequencies)
Feature,Point,4.177843011194824,52.728802951991355,-24,GEBCO,10.62,10.62,10.62,10.62,10.62,10.62,10.62,10.62,10.62,10.62,10.62,10.62,10.62,10.62,10.62,10.62,2.25,2.25,2.25,2.25,2.25,2.25,2.25,2.25,2.25,2.25,2.25,2.25,2.25,2.25,2.25,2.25,3.8,3.5,4.6,4.7,5.2,4.7,3.6,4.2,5.6,8,13.5,11.4,8.2,7.1,6.3,5.7,9.406457427412674,VORTEX fdc (single Weibull distribution and sector frequencies)
Feature,Point,4.185245413433789,52.728802951991355,-24,GEBCO,10.62,10.62,10.62,10.62,10.62,10.62,10.62,10.62,10.62,10.62,10.62,10.62,10.62,10.62,10.62,10.62,2.25,2.25,2.25,2.25,2.25,2.25,2.25,2.25,2.25,2.25,2.25,2.25,2.25,2.25,2.25,2.25,3.8,3.5,4.6,4.7,5.2,4.7,3.6,4.2,5.6,8,13.5,11.4,8.2,7.1,6.3,5.7,9.406457427412674,VORTEX fdc (single Weibull distribution and sector frequencies)
Feature,Point,4.192647815672754,52.728802951991355,-24,GEBCO,10.62,10.62,10.62,10.62,10.62,10.62,10.62,10.62,10.62,10.62,10.62,10.62,10.62,10.62,10.62,10.62,2.25,2.25,2.25,2.25,2.25,2.25,2.25,2.25,2.25,2.25,2.25,2.25,2.25,2.25,2.25,2.25,3.8,3.5,4.6,4.7,5.2,4.7,3.6,4.2,5.6,8,13.5,11.4,8.2,7.1,6.3,5.7,9.406457427412674,VORTEX fdc (single Weibull distribution and sector frequencies)
Feature,Point,4.200050217911719,52.728802951991355,-24,GEBCO,10.62,10.62,10.62,10.62,10.62,10.62,10.62,10.62,10.62,10.62,10.62,10.62,10.62,10.62,10.62,10.62,2.25,2.25,2.25,2.25,2.25,2.25,2.25,2.25,2.25,2.25,2.25,2.25,2.25,2.25,2.25,2.25,3.9,3.5,4.6,4.7,5.2,4.7,3.6,4.1,5.6,8,13.5,11.4,8.2,7.1,6.3,5.6,9.406457427412674,VORTEX fdc (single Weibull distribution and sector frequencies)
Feature,Point,4.207452620150684,52.728802951991355,-24,GEBCO,10.61,10.61,10.61,10.61,10.61,10.61,10.61,10.61,10.61,10.61,10.61,10.61,10.61,10.61,10.61,10.61,2.25,2.25,2.25,2.25,2.25,2.25,2.25,2.25,2.25,2.25,2.25,2.25,2.25,2.25,2.25,2.25,3.9,3.5,4.6,4.7,5.2,4.7,3.6,4.1,5.6,8,13.5,11.4,8.2,7.1,6.3,5.6,9.397600122867088,VORTEX fdc (single Weibull distribution and sector frequencies)
Feature,Point,4.214855022389648,52.728802951991355,-24,GEBCO,10.61,10.61,10.61,10.61,10.61,10.61,10.61,10.61,10.61,10.61,10.61,10.61,10.61,10.61,10.61,10.61,2.25,2.25,2.25,2.25,2.25,2.25,2.25,2.25,2.25,2.25,2.25,2.25,2.25,2.25,2.25,2.25,3.9,3.5,4.6,4.7,5.2,4.7,3.6,4.1,5.6,8,13.5,11.4,8.2,7.1,6.3,5.6,9.397600122867088,VORTEX fdc (single Weibull distribution and sector frequencies)
Feature,Point,4.222257424628613,52.728802951991355,-23,GEBCO,10.61,10.61,10.61,10.61,10.61,10.61,10.61,10.61,10.61,10.61,10.61,10.61,10.61,10.61,10.61,10.61,2.25,2.25,2.25,2.25,2.25,2.25,2.25,2.25,2.25,2.25,2.25,2.25,2.25,2.25,2.25,2.25,3.9,3.5,4.6,4.7,5.2,4.7,3.6,4.1,5.6,8,13.5,11.4,8.2,7.1,6.3,5.6,9.397600122867088,VORTEX fdc (single Weibull distribution and sector frequencies)
Feature,Point,4.229659826867578,52.728802951991355,-23,GEBCO,10.61,10.61,10.61,10.61,10.61,10.61,10.61,10.61,10.61,10.61,10.61,10.61,10.61,10.61,10.61,10.61,2.25,2.25,2.25,2.25,2.25,2.25,2.25,2.25,2.25,2.25,2.25,2.25,2.25,2.25,2.25,2.25,3.9,3.5,4.6,4.7,5.2,4.6,3.6,4.1,5.6,8,13.6,11.4,8.2,7.1,6.2,5.6,9.397600122867088,VORTEX fdc (single Weibull distribution and sector frequencies)
Feature,Point,4.2370622291065425,52.728802951991355,-24,GEBCO,10.6,10.6,10.6,10.6,10.6,10.6,10.6,10.6,10.6,10.6,10.6,10.6,10.6,10.6,10.6,10.6,2.25,2.25,2.25,2.25,2.25,2.25,2.25,2.25,2.25,2.25,2.25,2.25,2.25,2.25,2.25,2.25,3.9,3.5,4.6,4.7,5.2,4.6,3.6,4.1,5.6,8,13.6,11.4,8.2,7.1,6.2,5.6,9.388742818321502,VORTEX fdc (single Weibull distribution and sector frequencies)
Feature,Point,4.244464631345507,52.728802951991355,-24,GEBCO,10.6,10.6,10.6,10.6,10.6,10.6,10.6,10.6,10.6,10.6,10.6,10.6,10.6,10.6,10.6,10.6,2.25,2.25,2.25,2.25,2.25,2.25,2.25,2.25,2.25,2.25,2.25,2.25,2.25,2.25,2.25,2.25,3.9,3.5,4.6,4.7,5.2,4.6,3.6,4.1,5.6,8,13.6,11.4,8.2,7.1,6.2,5.6,9.388742818321502,VORTEX fdc (single Weibull distribution and sector frequencies)
Feature,Point,4.251867033584472,52.728802951991355,-24,GEBCO,10.61,10.61,10.61,10.61,10.61,10.61,10.61,10.61,10.61,10.61,10.61,10.61,10.61,10.61,10.61,10.61,2.25,2.25,2.25,2.25,2.25,2.25,2.25,2.25,2.25,2.25,2.25,2.25,2.25,2.25,2.25,2.25,3.9,3.5,4.6,4.7,5.2,4.7,3.6,4.1,5.6,8,13.5,11.3,8.3,7.1,6.2,5.7,9.397600122867088,VORTEX fdc (single Weibull distribution and sector frequencies)
Feature,Point,4.259269435823437,52.728802951991355,-23,GEBCO,10.6,10.6,10.6,10.6,10.6,10.6,10.6,10.6,10.6,10.6,10.6,10.6,10.6,10.6,10.6,10.6,2.25,2.25,2.25,2.25,2.25,2.25,2.25,2.25,2.25,2.25,2.25,2.25,2.25,2.25,2.25,2.25,3.9,3.5,4.6,4.7,5.2,4.7,3.6,4.1,5.6,8,13.5,11.3,8.3,7.1,6.2,5.7,9.388742818321502,VORTEX fdc (single Weibull distribution and sector frequencies)
Feature,Point,4.266671838062401,52.728802951991355,-23,GEBCO,10.6,10.6,10.6,10.6,10.6,10.6,10.6,10.6,10.6,10.6,10.6,10.6,10.6,10.6,10.6,10.6,2.25,2.25,2.25,2.25,2.25,2.25,2.25,2.25,2.25,2.25,2.25,2.25,2.25,2.25,2.25,2.25,3.9,3.5,4.6,4.7,5.2,4.7,3.6,4.1,5.6,8,13.5,11.3,8.3,7.1,6.2,5.7,9.388742818321502,VORTEX fdc (single Weibull distribution and sector frequencies)
Feature,Point,4.274074240301366,52.728802951991355,-24,GEBCO,10.6,10.6,10.6,10.6,10.6,10.6,10.6,10.6,10.6,10.6,10.6,10.6,10.6,10.6,10.6,10.6,2.25,2.25,2.25,2.25,2.25,2.25,2.25,2.25,2.25,2.25,2.25,2.25,2.25,2.25,2.25,2.25,3.9,3.5,4.6,4.7,5.2,4.7,3.6,4.1,5.6,8,13.5,11.3,8.3,7.1,6.2,5.7,9.388742818321502,VORTEX fdc (single Weibull distribution and sector frequencies)
Feature,Point,4.281476642540331,52.728802951991355,-24,GEBCO,10.6,10.6,10.6,10.6,10.6,10.6,10.6,10.6,10.6,10.6,10.6,10.6,10.6,10.6,10.6,10.6,2.25,2.25,2.25,2.25,2.25,2.25,2.25,2.25,2.25,2.25,2.25,2.25,2.25,2.25,2.25,2.25,3.9,3.5,4.6,4.7,5.3,4.6,3.6,4.1,5.5,8,13.5,11.3,8.3,7.1,6.3,5.6,9.388742818321502,VORTEX fdc (single Weibull distribution and sector frequencies)
Feature,Point,4.288879044779296,52.728802951991355,-26,GEBCO,10.6,10.6,10.6,10.6,10.6,10.6,10.6,10.6,10.6,10.6,10.6,10.6,10.6,10.6,10.6,10.6,2.25,2.25,2.25,2.25,2.25,2.25,2.25,2.25,2.25,2.25,2.25,2.25,2.25,2.25,2.25,2.25,3.9,3.5,4.6,4.7,5.3,4.6,3.6,4.1,5.5,8,13.5,11.3,8.3,7.1,6.3,5.6,9.388742818321502,VORTEX fdc (single Weibull distribution and sector frequencies)
Feature,Point,4.296281447018261,52.728802951991355,-24,GEBCO,10.6,10.6,10.6,10.6,10.6,10.6,10.6,10.6,10.6,10.6,10.6,10.6,10.6,10.6,10.6,10.6,2.25,2.25,2.25,2.25,2.25,2.25,2.25,2.25,2.25,2.25,2.25,2.25,2.25,2.25,2.25,2.25,3.9,3.5,4.6,4.7,5.3,4.6,3.6,4.1,5.5,8,13.5,11.3,8.3,7.1,6.3,5.6,9.388742818321502,VORTEX fdc (single Weibull distribution and sector frequencies)
Feature,Point,4.303683849257226,52.728802951991355,-23,GEBCO,10.6,10.6,10.6,10.6,10.6,10.6,10.6,10.6,10.6,10.6,10.6,10.6,10.6,10.6,10.6,10.6,2.25,2.25,2.25,2.25,2.25,2.25,2.25,2.25,2.25,2.25,2.25,2.25,2.25,2.25,2.25,2.25,3.9,3.5,4.6,4.7,5.3,4.6,3.6,4.1,5.6,8.1,13.5,11.3,8.3,7.1,6.3,5.6,9.388742818321502,VORTEX fdc (single Weibull distribution and sector frequencies)
Feature,Point,4.3110862514961905,52.728802951991355,-21,GEBCO,10.59,10.59,10.59,10.59,10.59,10.59,10.59,10.59,10.59,10.59,10.59,10.59,10.59,10.59,10.59,10.59,2.26,2.26,2.26,2.26,2.26,2.26,2.26,2.26,2.26,2.26,2.26,2.26,2.26,2.26,2.26,2.26,3.9,3.5,4.6,4.7,5.3,4.6,3.6,4.1,5.6,8.1,13.5,11.3,8.3,7.1,6.3,5.6,9.380212597424782,VORTEX fdc (single Weibull distribution and sector frequencies)
Feature,Point,4.318488653735155,52.728802951991355,-21,GEBCO,10.59,10.59,10.59,10.59,10.59,10.59,10.59,10.59,10.59,10.59,10.59,10.59,10.59,10.59,10.59,10.59,2.26,2.26,2.26,2.26,2.26,2.26,2.26,2.26,2.26,2.26,2.26,2.26,2.26,2.26,2.26,2.26,3.9,3.5,4.6,4.7,5.3,4.6,3.6,4.1,5.6,8.1,13.5,11.3,8.3,7.1,6.3,5.6,9.380212597424782,VORTEX fdc (single Weibull distribution and sector frequencies)
Feature,Point,4.32589105597412,52.728802951991355,-22,GEBCO,10.58,10.58,10.58,10.58,10.58,10.58,10.58,10.58,10.58,10.58,10.58,10.58,10.58,10.58,10.58,10.58,2.26,2.26,2.26,2.26,2.26,2.26,2.26,2.26,2.26,2.26,2.26,2.26,2.26,2.26,2.26,2.26,4,3.5,4.6,4.7,5.3,4.6,3.6,4.1,5.5,8.1,13.5,11.3,8.3,7.1,6.3,5.5,9.371354984018337,VORTEX fdc (single Weibull distribution and sector frequencies)
Feature,Point,4.333293458213085,52.728802951991355,-22,GEBCO,10.58,10.58,10.58,10.58,10.58,10.58,10.58,10.58,10.58,10.58,10.58,10.58,10.58,10.58,10.58,10.58,2.26,2.26,2.26,2.26,2.26,2.26,2.26,2.26,2.26,2.26,2.26,2.26,2.26,2.26,2.26,2.26,4,3.5,4.6,4.7,5.3,4.6,3.6,4.1,5.5,8.1,13.5,11.3,8.3,7.1,6.3,5.5,9.371354984018337,VORTEX fdc (single Weibull distribution and sector frequencies)
Feature,Point,4.340695860452049,52.728802951991355,-21,GEBCO,10.57,10.57,10.57,10.57,10.57,10.57,10.57,10.57,10.57,10.57,10.57,10.57,10.57,10.57,10.57,10.57,2.26,2.26,2.26,2.26,2.26,2.26,2.26,2.26,2.26,2.26,2.26,2.26,2.26,2.26,2.26,2.26,4,3.5,4.6,4.7,5.3,4.6,3.6,4.1,5.5,8.1,13.5,11.3,8.3,7.1,6.3,5.5,9.362497370611893,VORTEX fdc (single Weibull distribution and sector frequencies)
Feature,Point,4.348098262691014,52.728802951991355,-20,GEBCO,10.57,10.57,10.57,10.57,10.57,10.57,10.57,10.57,10.57,10.57,10.57,10.57,10.57,10.57,10.57,10.57,2.26,2.26,2.26,2.26,2.26,2.26,2.26,2.26,2.26,2.26,2.26,2.26,2.26,2.26,2.26,2.26,4,3.5,4.6,4.7,5.3,4.6,3.6,4.1,5.5,8.1,13.5,11.3,8.3,7.1,6.3,5.5,9.362497370611893,VORTEX fdc (single Weibull distribution and sector frequencies)
Feature,Point,4.355500664929979,52.728802951991355,-20,GEBCO,10.56,10.56,10.56,10.56,10.56,10.56,10.56,10.56,10.56,10.56,10.56,10.56,10.56,10.56,10.56,10.56,2.26,2.26,2.26,2.26,2.26,2.26,2.26,2.26,2.26,2.26,2.26,2.26,2.26,2.26,2.26,2.26,4,3.4,4.7,4.7,5.3,4.6,3.6,4.1,5.5,8.1,13.5,11.4,8.3,7.1,6.2,5.6,9.353639757205448,VORTEX fdc (single Weibull distribution and sector frequencies)
Feature,Point,4.140831,52.73329452841195,-24,GEBCO,10.65,10.65,10.65,10.65,10.65,10.65,10.65,10.65,10.65,10.65,10.65,10.65,10.65,10.65,10.65,10.65,2.24,2.24,2.24,2.24,2.24,2.24,2.24,2.24,2.24,2.24,2.24,2.24,2.24,2.24,2.24,2.24,3.8,3.4,4.7,4.6,5.2,4.6,3.6,4.2,5.7,8.1,13.4,11.4,8.1,7.1,6.3,5.6,9.432733824897287,VORTEX fdc (single Weibull distribution and sector frequencies)
Feature,Point,4.148233402238965,52.73329452841195,-24,GEBCO,10.64,10.64,10.64,10.64,10.64,10.64,10.64,10.64,10.64,10.64,10.64,10.64,10.64,10.64,10.64,10.64,2.24,2.24,2.24,2.24,2.24,2.24,2.24,2.24,2.24,2.24,2.24,2.24,2.24,2.24,2.24,2.24,3.8,3.4,4.7,4.6,5.2,4.6,3.6,4.2,5.7,8.1,13.4,11.4,8.1,7.1,6.3,5.6,9.423876797831657,VORTEX fdc (single Weibull distribution and sector frequencies)
Feature,Point,4.15563580447793,52.73329452841195,-24,GEBCO,10.64,10.64,10.64,10.64,10.64,10.64,10.64,10.64,10.64,10.64,10.64,10.64,10.64,10.64,10.64,10.64,2.25,2.25,2.25,2.25,2.25,2.25,2.25,2.25,2.25,2.25,2.25,2.25,2.25,2.25,2.25,2.25,3.8,3.5,4.7,4.7,5.2,4.6,3.6,4.2,5.6,8.1,13.4,11.4,8.2,7.1,6.3,5.7,9.424172036503847,VORTEX fdc (single Weibull distribution and sector frequencies)
Feature,Point,4.1630382067168945,52.73329452841195,-24,GEBCO,10.64,10.64,10.64,10.64,10.64,10.64,10.64,10.64,10.64,10.64,10.64,10.64,10.64,10.64,10.64,10.64,2.25,2.25,2.25,2.25,2.25,2.25,2.25,2.25,2.25,2.25,2.25,2.25,2.25,2.25,2.25,2.25,3.8,3.5,4.7,4.7,5.2,4.6,3.6,4.2,5.6,8.1,13.4,11.4,8.2,7.1,6.3,5.7,9.424172036503847,VORTEX fdc (single Weibull distribution and sector frequencies)
Feature,Point,4.170440608955859,52.73329452841195,-24,GEBCO,10.63,10.63,10.63,10.63,10.63,10.63,10.63,10.63,10.63,10.63,10.63,10.63,10.63,10.63,10.63,10.63,2.25,2.25,2.25,2.25,2.25,2.25,2.25,2.25,2.25,2.25,2.25,2.25,2.25,2.25,2.25,2.25,3.8,3.5,4.7,4.7,5.2,4.6,3.6,4.2,5.6,8.1,13.4,11.4,8.2,7.1,6.3,5.7,9.415314731958262,VORTEX fdc (single Weibull distribution and sector frequencies)
Feature,Point,4.177843011194824,52.73329452841195,-24,GEBCO,10.62,10.62,10.62,10.62,10.62,10.62,10.62,10.62,10.62,10.62,10.62,10.62,10.62,10.62,10.62,10.62,2.25,2.25,2.25,2.25,2.25,2.25,2.25,2.25,2.25,2.25,2.25,2.25,2.25,2.25,2.25,2.25,3.8,3.5,4.6,4.7,5.2,4.7,3.6,4.2,5.6,8,13.5,11.4,8.2,7.1,6.3,5.7,9.406457427412674,VORTEX fdc (single Weibull distribution and sector frequencies)
Feature,Point,4.185245413433789,52.73329452841195,-24,GEBCO,10.62,10.62,10.62,10.62,10.62,10.62,10.62,10.62,10.62,10.62,10.62,10.62,10.62,10.62,10.62,10.62,2.25,2.25,2.25,2.25,2.25,2.25,2.25,2.25,2.25,2.25,2.25,2.25,2.25,2.25,2.25,2.25,3.8,3.5,4.6,4.7,5.2,4.7,3.6,4.2,5.6,8,13.5,11.4,8.2,7.1,6.3,5.7,9.406457427412674,VORTEX fdc (single Weibull distribution and sector frequencies)
Feature,Point,4.192647815672754,52.73329452841195,-24,GEBCO,10.62,10.62,10.62,10.62,10.62,10.62,10.62,10.62,10.62,10.62,10.62,10.62,10.62,10.62,10.62,10.62,2.25,2.25,2.25,2.25,2.25,2.25,2.25,2.25,2.25,2.25,2.25,2.25,2.25,2.25,2.25,2.25,3.8,3.5,4.6,4.7,5.2,4.7,3.6,4.2,5.6,8,13.5,11.4,8.2,7.1,6.3,5.7,9.406457427412674,VORTEX fdc (single Weibull distribution and sector frequencies)
Feature,Point,4.200050217911719,52.73329452841195,-24,GEBCO,10.62,10.62,10.62,10.62,10.62,10.62,10.62,10.62,10.62,10.62,10.62,10.62,10.62,10.62,10.62,10.62,2.25,2.25,2.25,2.25,2.25,2.25,2.25,2.25,2.25,2.25,2.25,2.25,2.25,2.25,2.25,2.25,3.9,3.5,4.6,4.7,5.2,4.7,3.6,4.1,5.6,8,13.5,11.4,8.2,7.1,6.3,5.6,9.406457427412674,VORTEX fdc (single Weibull distribution and sector frequencies)
Feature,Point,4.207452620150684,52.73329452841195,-24,GEBCO,10.61,10.61,10.61,10.61,10.61,10.61,10.61,10.61,10.61,10.61,10.61,10.61,10.61,10.61,10.61,10.61,2.25,2.25,2.25,2.25,2.25,2.25,2.25,2.25,2.25,2.25,2.25,2.25,2.25,2.25,2.25,2.25,3.9,3.5,4.6,4.7,5.2,4.7,3.6,4.1,5.6,8,13.5,11.4,8.2,7.1,6.3,5.6,9.397600122867088,VORTEX fdc (single Weibull distribution and sector frequencies)
Feature,Point,4.214855022389648,52.73329452841195,-24,GEBCO,10.61,10.61,10.61,10.61,10.61,10.61,10.61,10.61,10.61,10.61,10.61,10.61,10.61,10.61,10.61,10.61,2.25,2.25,2.25,2.25,2.25,2.25,2.25,2.25,2.25,2.25,2.25,2.25,2.25,2.25,2.25,2.25,3.9,3.5,4.6,4.7,5.2,4.7,3.6,4.1,5.6,8,13.5,11.4,8.2,7.1,6.3,5.6,9.397600122867088,VORTEX fdc (single Weibull distribution and sector frequencies)
Feature,Point,4.222257424628613,52.73329452841195,-23,GEBCO,10.61,10.61,10.61,10.61,10.61,10.61,10.61,10.61,10.61,10.61,10.61,10.61,10.61,10.61,10.61,10.61,2.25,2.25,2.25,2.25,2.25,2.25,2.25,2.25,2.25,2.25,2.25,2.25,2.25,2.25,2.25,2.25,3.9,3.5,4.6,4.7,5.2,4.7,3.6,4.1,5.6,8,13.5,11.4,8.2,7.1,6.3,5.6,9.397600122867088,VORTEX fdc (single Weibull distribution and sector frequencies)
Feature,Point,4.229659826867578,52.73329452841195,-23,GEBCO,10.61,10.61,10.61,10.61,10.61,10.61,10.61,10.61,10.61,10.61,10.61,10.61,10.61,10.61,10.61,10.61,2.25,2.25,2.25,2.25,2.25,2.25,2.25,2.25,2.25,2.25,2.25,2.25,2.25,2.25,2.25,2.25,3.9,3.5,4.6,4.7,5.2,4.6,3.6,4.1,5.6,8,13.6,11.4,8.2,7.1,6.2,5.6,9.397600122867088,VORTEX fdc (single Weibull distribution and sector frequencies)
Feature,Point,4.2370622291065425,52.73329452841195,-23,GEBCO,10.6,10.6,10.6,10.6,10.6,10.6,10.6,10.6,10.6,10.6,10.6,10.6,10.6,10.6,10.6,10.6,2.25,2.25,2.25,2.25,2.25,2.25,2.25,2.25,2.25,2.25,2.25,2.25,2.25,2.25,2.25,2.25,3.9,3.5,4.6,4.7,5.2,4.6,3.6,4.1,5.6,8,13.6,11.4,8.2,7.1,6.2,5.6,9.388742818321502,VORTEX fdc (single Weibull distribution and sector frequencies)
Feature,Point,4.244464631345507,52.73329452841195,-24,GEBCO,10.6,10.6,10.6,10.6,10.6,10.6,10.6,10.6,10.6,10.6,10.6,10.6,10.6,10.6,10.6,10.6,2.25,2.25,2.25,2.25,2.25,2.25,2.25,2.25,2.25,2.25,2.25,2.25,2.25,2.25,2.25,2.25,3.9,3.5,4.6,4.7,5.2,4.6,3.6,4.1,5.6,8,13.6,11.4,8.2,7.1,6.2,5.6,9.388742818321502,VORTEX fdc (single Weibull distribution and sector frequencies)
Feature,Point,4.251867033584472,52.73329452841195,-24,GEBCO,10.61,10.61,10.61,10.61,10.61,10.61,10.61,10.61,10.61,10.61,10.61,10.61,10.61,10.61,10.61,10.61,2.25,2.25,2.25,2.25,2.25,2.25,2.25,2.25,2.25,2.25,2.25,2.25,2.25,2.25,2.25,2.25,3.9,3.5,4.6,4.7,5.2,4.7,3.6,4.1,5.6,8,13.5,11.3,8.3,7.1,6.2,5.7,9.397600122867088,VORTEX fdc (single Weibull distribution and sector frequencies)
Feature,Point,4.259269435823437,52.73329452841195,-24,GEBCO,10.6,10.6,10.6,10.6,10.6,10.6,10.6,10.6,10.6,10.6,10.6,10.6,10.6,10.6,10.6,10.6,2.25,2.25,2.25,2.25,2.25,2.25,2.25,2.25,2.25,2.25,2.25,2.25,2.25,2.25,2.25,2.25,3.9,3.5,4.6,4.7,5.2,4.7,3.6,4.1,5.6,8,13.5,11.3,8.3,7.1,6.2,5.7,9.388742818321502,VORTEX fdc (single Weibull distribution and sector frequencies)
Feature,Point,4.266671838062401,52.73329452841195,-24,GEBCO,10.6,10.6,10.6,10.6,10.6,10.6,10.6,10.6,10.6,10.6,10.6,10.6,10.6,10.6,10.6,10.6,2.25,2.25,2.25,2.25,2.25,2.25,2.25,2.25,2.25,2.25,2.25,2.25,2.25,2.25,2.25,2.25,3.9,3.5,4.6,4.7,5.2,4.7,3.6,4.1,5.6,8,13.5,11.3,8.3,7.1,6.2,5.7,9.388742818321502,VORTEX fdc (single Weibull distribution and sector frequencies)
Feature,Point,4.274074240301366,52.73329452841195,-24,GEBCO,10.6,10.6,10.6,10.6,10.6,10.6,10.6,10.6,10.6,10.6,10.6,10.6,10.6,10.6,10.6,10.6,2.25,2.25,2.25,2.25,2.25,2.25,2.25,2.25,2.25,2.25,2.25,2.25,2.25,2.25,2.25,2.25,3.9,3.5,4.6,4.7,5.2,4.7,3.6,4.1,5.6,8,13.5,11.3,8.3,7.1,6.2,5.7,9.388742818321502,VORTEX fdc (single Weibull distribution and sector frequencies)
Feature,Point,4.281476642540331,52.73329452841195,-24,GEBCO,10.6,10.6,10.6,10.6,10.6,10.6,10.6,10.6,10.6,10.6,10.6,10.6,10.6,10.6,10.6,10.6,2.25,2.25,2.25,2.25,2.25,2.25,2.25,2.25,2.25,2.25,2.25,2.25,2.25,2.25,2.25,2.25,3.9,3.5,4.6,4.7,5.3,4.6,3.6,4.1,5.5,8,13.5,11.3,8.3,7.1,6.3,5.6,9.388742818321502,VORTEX fdc (single Weibull distribution and sector frequencies)
Feature,Point,4.288879044779296,52.73329452841195,-25,GEBCO,10.6,10.6,10.6,10.6,10.6,10.6,10.6,10.6,10.6,10.6,10.6,10.6,10.6,10.6,10.6,10.6,2.25,2.25,2.25,2.25,2.25,2.25,2.25,2.25,2.25,2.25,2.25,2.25,2.25,2.25,2.25,2.25,3.9,3.5,4.6,4.7,5.3,4.6,3.6,4.1,5.5,8,13.5,11.3,8.3,7.1,6.3,5.6,9.388742818321502,VORTEX fdc (single Weibull distribution and sector frequencies)
Feature,Point,4.296281447018261,52.73329452841195,-24,GEBCO,10.6,10.6,10.6,10.6,10.6,10.6,10.6,10.6,10.6,10.6,10.6,10.6,10.6,10.6,10.6,10.6,2.25,2.25,2.25,2.25,2.25,2.25,2.25,2.25,2.25,2.25,2.25,2.25,2.25,2.25,2.25,2.25,3.9,3.5,4.6,4.7,5.3,4.6,3.6,4.1,5.5,8,13.5,11.3,8.3,7.1,6.3,5.6,9.388742818321502,VORTEX fdc (single Weibull distribution and sector frequencies)
Feature,Point,4.303683849257226,52.73329452841195,-23,GEBCO,10.6,10.6,10.6,10.6,10.6,10.6,10.6,10.6,10.6,10.6,10.6,10.6,10.6,10.6,10.6,10.6,2.25,2.25,2.25,2.25,2.25,2.25,2.25,2.25,2.25,2.25,2.25,2.25,2.25,2.25,2.25,2.25,3.9,3.5,4.6,4.7,5.3,4.6,3.6,4.1,5.6,8.1,13.5,11.3,8.3,7.1,6.3,5.6,9.388742818321502,VORTEX fdc (single Weibull distribution and sector frequencies)
Feature,Point,4.3110862514961905,52.73329452841195,-23,GEBCO,10.59,10.59,10.59,10.59,10.59,10.59,10.59,10.59,10.59,10.59,10.59,10.59,10.59,10.59,10.59,10.59,2.26,2.26,2.26,2.26,2.26,2.26,2.26,2.26,2.26,2.26,2.26,2.26,2.26,2.26,2.26,2.26,3.9,3.5,4.6,4.7,5.3,4.6,3.6,4.1,5.6,8.1,13.5,11.3,8.3,7.1,6.3,5.6,9.380212597424782,VORTEX fdc (single Weibull distribution and sector frequencies)
Feature,Point,4.318488653735155,52.73329452841195,-22,GEBCO,10.59,10.59,10.59,10.59,10.59,10.59,10.59,10.59,10.59,10.59,10.59,10.59,10.59,10.59,10.59,10.59,2.26,2.26,2.26,2.26,2.26,2.26,2.26,2.26,2.26,2.26,2.26,2.26,2.26,2.26,2.26,2.26,3.9,3.5,4.6,4.7,5.3,4.6,3.6,4.1,5.6,8.1,13.5,11.3,8.3,7.1,6.3,5.6,9.380212597424782,VORTEX fdc (single Weibull distribution and sector frequencies)
Feature,Point,4.32589105597412,52.73329452841195,-22,GEBCO,10.58,10.58,10.58,10.58,10.58,10.58,10.58,10.58,10.58,10.58,10.58,10.58,10.58,10.58,10.58,10.58,2.26,2.26,2.26,2.26,2.26,2.26,2.26,2.26,2.26,2.26,2.26,2.26,2.26,2.26,2.26,2.26,4,3.5,4.6,4.7,5.3,4.6,3.6,4.1,5.5,8.1,13.5,11.3,8.3,7.1,6.3,5.5,9.371354984018337,VORTEX fdc (single Weibull distribution and sector frequencies)
Feature,Point,4.333293458213085,52.73329452841195,-22,GEBCO,10.58,10.58,10.58,10.58,10.58,10.58,10.58,10.58,10.58,10.58,10.58,10.58,10.58,10.58,10.58,10.58,2.26,2.26,2.26,2.26,2.26,2.26,2.26,2.26,2.26,2.26,2.26,2.26,2.26,2.26,2.26,2.26,4,3.5,4.6,4.7,5.3,4.6,3.6,4.1,5.5,8.1,13.5,11.3,8.3,7.1,6.3,5.5,9.371354984018337,VORTEX fdc (single Weibull distribution and sector frequencies)
Feature,Point,4.340695860452049,52.73329452841195,-21,GEBCO,10.57,10.57,10.57,10.57,10.57,10.57,10.57,10.57,10.57,10.57,10.57,10.57,10.57,10.57,10.57,10.57,2.26,2.26,2.26,2.26,2.26,2.26,2.26,2.26,2.26,2.26,2.26,2.26,2.26,2.26,2.26,2.26,4,3.5,4.6,4.7,5.3,4.6,3.6,4.1,5.5,8.1,13.5,11.3,8.3,7.1,6.3,5.5,9.362497370611893,VORTEX fdc (single Weibull distribution and sector frequencies)
Feature,Point,4.348098262691014,52.73329452841195,-20,GEBCO,10.57,10.57,10.57,10.57,10.57,10.57,10.57,10.57,10.57,10.57,10.57,10.57,10.57,10.57,10.57,10.57,2.26,2.26,2.26,2.26,2.26,2.26,2.26,2.26,2.26,2.26,2.26,2.26,2.26,2.26,2.26,2.26,4,3.5,4.6,4.7,5.3,4.6,3.6,4.1,5.5,8.1,13.5,11.3,8.3,7.1,6.3,5.5,9.362497370611893,VORTEX fdc (single Weibull distribution and sector frequencies)
Feature,Point,4.355500664929979,52.73329452841195,-20,GEBCO,10.56,10.56,10.56,10.56,10.56,10.56,10.56,10.56,10.56,10.56,10.56,10.56,10.56,10.56,10.56,10.56,2.26,2.26,2.26,2.26,2.26,2.26,2.26,2.26,2.26,2.26,2.26,2.26,2.26,2.26,2.26,2.26,4,3.4,4.7,4.7,5.3,4.6,3.6,4.1,5.5,8.1,13.5,11.4,8.3,7.1,6.2,5.6,9.353639757205448,VORTEX fdc (single Weibull distribution and sector frequencies)
Feature,Point,4.140831,52.737786104832544,-24,GEBCO,10.65,10.65,10.65,10.65,10.65,10.65,10.65,10.65,10.65,10.65,10.65,10.65,10.65,10.65,10.65,10.65,2.25,2.25,2.25,2.25,2.25,2.25,2.25,2.25,2.25,2.25,2.25,2.25,2.25,2.25,2.25,2.25,3.8,3.4,4.7,4.6,5.2,4.6,3.6,4.2,5.7,8.1,13.4,11.4,8.1,7.1,6.3,5.6,9.433029341049435,VORTEX fdc (single Weibull distribution and sector frequencies)
Feature,Point,4.148233402238965,52.737786104832544,-24,GEBCO,10.65,10.65,10.65,10.65,10.65,10.65,10.65,10.65,10.65,10.65,10.65,10.65,10.65,10.65,10.65,10.65,2.24,2.24,2.24,2.24,2.24,2.24,2.24,2.24,2.24,2.24,2.24,2.24,2.24,2.24,2.24,2.24,3.8,3.4,4.7,4.6,5.2,4.6,3.6,4.2,5.7,8.1,13.4,11.4,8.1,7.1,6.3,5.6,9.432733824897287,VORTEX fdc (single Weibull distribution and sector frequencies)
Feature,Point,4.15563580447793,52.737786104832544,-24,GEBCO,10.64,10.64,10.64,10.64,10.64,10.64,10.64,10.64,10.64,10.64,10.64,10.64,10.64,10.64,10.64,10.64,2.24,2.24,2.24,2.24,2.24,2.24,2.24,2.24,2.24,2.24,2.24,2.24,2.24,2.24,2.24,2.24,3.8,3.5,4.7,4.7,5.2,4.6,3.6,4.2,5.6,8.1,13.4,11.4,8.2,7.1,6.3,5.7,9.423876797831657,VORTEX fdc (single Weibull distribution and sector frequencies)
Feature,Point,4.1630382067168945,52.737786104832544,-24,GEBCO,10.64,10.64,10.64,10.64,10.64,10.64,10.64,10.64,10.64,10.64,10.64,10.64,10.64,10.64,10.64,10.64,2.24,2.24,2.24,2.24,2.24,2.24,2.24,2.24,2.24,2.24,2.24,2.24,2.24,2.24,2.24,2.24,3.8,3.5,4.7,4.7,5.2,4.6,3.6,4.2,5.6,8.1,13.4,11.4,8.2,7.1,6.3,5.7,9.423876797831657,VORTEX fdc (single Weibull distribution and sector frequencies)
Feature,Point,4.170440608955859,52.737786104832544,-24,GEBCO,10.64,10.64,10.64,10.64,10.64,10.64,10.64,10.64,10.64,10.64,10.64,10.64,10.64,10.64,10.64,10.64,2.25,2.25,2.25,2.25,2.25,2.25,2.25,2.25,2.25,2.25,2.25,2.25,2.25,2.25,2.25,2.25,3.8,3.5,4.7,4.7,5.2,4.6,3.6,4.2,5.6,8.1,13.4,11.4,8.2,7.1,6.3,5.7,9.424172036503847,VORTEX fdc (single Weibull distribution and sector frequencies)
Feature,Point,4.177843011194824,52.737786104832544,-24,GEBCO,10.63,10.63,10.63,10.63,10.63,10.63,10.63,10.63,10.63,10.63,10.63,10.63,10.63,10.63,10.63,10.63,2.25,2.25,2.25,2.25,2.25,2.25,2.25,2.25,2.25,2.25,2.25,2.25,2.25,2.25,2.25,2.25,3.8,3.5,4.6,4.7,5.2,4.7,3.6,4.2,5.6,8,13.5,11.4,8.2,7.1,6.3,5.7,9.415314731958262,VORTEX fdc (single Weibull distribution and sector frequencies)
Feature,Point,4.185245413433789,52.737786104832544,-24,GEBCO,10.63,10.63,10.63,10.63,10.63,10.63,10.63,10.63,10.63,10.63,10.63,10.63,10.63,10.63,10.63,10.63,2.25,2.25,2.25,2.25,2.25,2.25,2.25,2.25,2.25,2.25,2.25,2.25,2.25,2.25,2.25,2.25,3.8,3.5,4.6,4.7,5.2,4.7,3.6,4.2,5.6,8,13.5,11.4,8.2,7.1,6.3,5.7,9.415314731958262,VORTEX fdc (single Weibull distribution and sector frequencies)
Feature,Point,4.192647815672754,52.737786104832544,-24,GEBCO,10.63,10.63,10.63,10.63,10.63,10.63,10.63,10.63,10.63,10.63,10.63,10.63,10.63,10.63,10.63,10.63,2.25,2.25,2.25,2.25,2.25,2.25,2.25,2.25,2.25,2.25,2.25,2.25,2.25,2.25,2.25,2.25,3.8,3.5,4.6,4.7,5.2,4.7,3.6,4.2,5.6,8,13.5,11.4,8.2,7.1,6.3,5.7,9.415314731958262,VORTEX fdc (single Weibull distribution and sector frequencies)
Feature,Point,4.200050217911719,52.737786104832544,-24,GEBCO,10.62,10.62,10.62,10.62,10.62,10.62,10.62,10.62,10.62,10.62,10.62,10.62,10.62,10.62,10.62,10.62,2.25,2.25,2.25,2.25,2.25,2.25,2.25,2.25,2.25,2.25,2.25,2.25,2.25,2.25,2.25,2.25,3.9,3.5,4.6,4.7,5.2,4.7,3.6,4.1,5.6,8,13.5,11.4,8.2,7.1,6.3,5.6,9.406457427412674,VORTEX fdc (single Weibull distribution and sector frequencies)
Feature,Point,4.207452620150684,52.737786104832544,-24,GEBCO,10.62,10.62,10.62,10.62,10.62,10.62,10.62,10.62,10.62,10.62,10.62,10.62,10.62,10.62,10.62,10.62,2.25,2.25,2.25,2.25,2.25,2.25,2.25,2.25,2.25,2.25,2.25,2.25,2.25,2.25,2.25,2.25,3.9,3.5,4.6,4.7,5.2,4.7,3.6,4.1,5.6,8,13.5,11.4,8.2,7.1,6.3,5.6,9.406457427412674,VORTEX fdc (single Weibull distribution and sector frequencies)
Feature,Point,4.214855022389648,52.737786104832544,-23,GEBCO,10.62,10.62,10.62,10.62,10.62,10.62,10.62,10.62,10.62,10.62,10.62,10.62,10.62,10.62,10.62,10.62,2.25,2.25,2.25,2.25,2.25,2.25,2.25,2.25,2.25,2.25,2.25,2.25,2.25,2.25,2.25,2.25,3.9,3.5,4.6,4.7,5.2,4.7,3.6,4.1,5.6,8,13.5,11.4,8.2,7.1,6.3,5.6,9.406457427412674,VORTEX fdc (single Weibull distribution and sector frequencies)
Feature,Point,4.222257424628613,52.737786104832544,-22,GEBCO,10.61,10.61,10.61,10.61,10.61,10.61,10.61,10.61,10.61,10.61,10.61,10.61,10.61,10.61,10.61,10.61,2.25,2.25,2.25,2.25,2.25,2.25,2.25,2.25,2.25,2.25,2.25,2.25,2.25,2.25,2.25,2.25,3.9,3.5,4.6,4.7,5.2,4.7,3.6,4.1,5.6,8,13.5,11.4,8.2,7.1,6.3,5.6,9.397600122867088,VORTEX fdc (single Weibull distribution and sector frequencies)
Feature,Point,4.229659826867578,52.737786104832544,-22,GEBCO,10.61,10.61,10.61,10.61,10.61,10.61,10.61,10.61,10.61,10.61,10.61,10.61,10.61,10.61,10.61,10.61,2.25,2.25,2.25,2.25,2.25,2.25,2.25,2.25,2.25,2.25,2.25,2.25,2.25,2.25,2.25,2.25,3.9,3.5,4.6,4.7,5.2,4.6,3.6,4.1,5.6,8,13.6,11.4,8.2,7.1,6.2,5.6,9.397600122867088,VORTEX fdc (single Weibull distribution and sector frequencies)
Feature,Point,4.2370622291065425,52.737786104832544,-23,GEBCO,10.61,10.61,10.61,10.61,10.61,10.61,10.61,10.61,10.61,10.61,10.61,10.61,10.61,10.61,10.61,10.61,2.25,2.25,2.25,2.25,2.25,2.25,2.25,2.25,2.25,2.25,2.25,2.25,2.25,2.25,2.25,2.25,3.9,3.5,4.6,4.7,5.2,4.6,3.6,4.1,5.6,8,13.6,11.4,8.2,7.1,6.2,5.6,9.397600122867088,VORTEX fdc (single Weibull distribution and sector frequencies)
Feature,Point,4.244464631345507,52.737786104832544,-24,GEBCO,10.61,10.61,10.61,10.61,10.61,10.61,10.61,10.61,10.61,10.61,10.61,10.61,10.61,10.61,10.61,10.61,2.25,2.25,2.25,2.25,2.25,2.25,2.25,2.25,2.25,2.25,2.25,2.25,2.25,2.25,2.25,2.25,3.9,3.5,4.6,4.7,5.2,4.6,3.6,4.1,5.6,8,13.6,11.4,8.2,7.1,6.2,5.6,9.397600122867088,VORTEX fdc (single Weibull distribution and sector frequencies)
Feature,Point,4.251867033584472,52.737786104832544,-24,GEBCO,10.61,10.61,10.61,10.61,10.61,10.61,10.61,10.61,10.61,10.61,10.61,10.61,10.61,10.61,10.61,10.61,2.25,2.25,2.25,2.25,2.25,2.25,2.25,2.25,2.25,2.25,2.25,2.25,2.25,2.25,2.25,2.25,3.9,3.5,4.6,4.7,5.2,4.7,3.6,4.1,5.6,8,13.5,11.3,8.3,7.1,6.2,5.7,9.397600122867088,VORTEX fdc (single Weibull distribution and sector frequencies)
Feature,Point,4.259269435823437,52.737786104832544,-24,GEBCO,10.6,10.6,10.6,10.6,10.6,10.6,10.6,10.6,10.6,10.6,10.6,10.6,10.6,10.6,10.6,10.6,2.25,2.25,2.25,2.25,2.25,2.25,2.25,2.25,2.25,2.25,2.25,2.25,2.25,2.25,2.25,2.25,3.9,3.5,4.6,4.7,5.2,4.7,3.6,4.1,5.6,8,13.5,11.3,8.3,7.1,6.2,5.7,9.388742818321502,VORTEX fdc (single Weibull distribution and sector frequencies)
Feature,Point,4.266671838062401,52.737786104832544,-24,GEBCO,10.6,10.6,10.6,10.6,10.6,10.6,10.6,10.6,10.6,10.6,10.6,10.6,10.6,10.6,10.6,10.6,2.25,2.25,2.25,2.25,2.25,2.25,2.25,2.25,2.25,2.25,2.25,2.25,2.25,2.25,2.25,2.25,3.9,3.5,4.6,4.7,5.2,4.7,3.6,4.1,5.6,8,13.5,11.3,8.3,7.1,6.2,5.7,9.388742818321502,VORTEX fdc (single Weibull distribution and sector frequencies)
Feature,Point,4.274074240301366,52.737786104832544,-24,GEBCO,10.6,10.6,10.6,10.6,10.6,10.6,10.6,10.6,10.6,10.6,10.6,10.6,10.6,10.6,10.6,10.6,2.25,2.25,2.25,2.25,2.25,2.25,2.25,2.25,2.25,2.25,2.25,2.25,2.25,2.25,2.25,2.25,3.9,3.5,4.6,4.7,5.2,4.7,3.6,4.1,5.6,8,13.5,11.3,8.3,7.1,6.2,5.7,9.388742818321502,VORTEX fdc (single Weibull distribution and sector frequencies)
Feature,Point,4.281476642540331,52.737786104832544,-24,GEBCO,10.6,10.6,10.6,10.6,10.6,10.6,10.6,10.6,10.6,10.6,10.6,10.6,10.6,10.6,10.6,10.6,2.25,2.25,2.25,2.25,2.25,2.25,2.25,2.25,2.25,2.25,2.25,2.25,2.25,2.25,2.25,2.25,3.9,3.5,4.6,4.7,5.3,4.6,3.6,4.1,5.5,8,13.5,11.3,8.3,7.1,6.3,5.6,9.388742818321502,VORTEX fdc (single Weibull distribution and sector frequencies)
Feature,Point,4.288879044779296,52.737786104832544,-24,GEBCO,10.6,10.6,10.6,10.6,10.6,10.6,10.6,10.6,10.6,10.6,10.6,10.6,10.6,10.6,10.6,10.6,2.25,2.25,2.25,2.25,2.25,2.25,2.25,2.25,2.25,2.25,2.25,2.25,2.25,2.25,2.25,2.25,3.9,3.5,4.6,4.7,5.3,4.6,3.6,4.1,5.5,8,13.5,11.3,8.3,7.1,6.3,5.6,9.388742818321502,VORTEX fdc (single Weibull distribution and sector frequencies)
Feature,Point,4.296281447018261,52.737786104832544,-23,GEBCO,10.6,10.6,10.6,10.6,10.6,10.6,10.6,10.6,10.6,10.6,10.6,10.6,10.6,10.6,10.6,10.6,2.25,2.25,2.25,2.25,2.25,2.25,2.25,2.25,2.25,2.25,2.25,2.25,2.25,2.25,2.25,2.25,3.9,3.5,4.6,4.7,5.3,4.6,3.6,4.1,5.5,8,13.5,11.3,8.3,7.1,6.3,5.6,9.388742818321502,VORTEX fdc (single Weibull distribution and sector frequencies)
Feature,Point,4.303683849257226,52.737786104832544,-23,GEBCO,10.6,10.6,10.6,10.6,10.6,10.6,10.6,10.6,10.6,10.6,10.6,10.6,10.6,10.6,10.6,10.6,2.25,2.25,2.25,2.25,2.25,2.25,2.25,2.25,2.25,2.25,2.25,2.25,2.25,2.25,2.25,2.25,3.9,3.5,4.6,4.7,5.3,4.6,3.6,4.1,5.6,8.1,13.5,11.3,8.3,7.1,6.3,5.6,9.388742818321502,VORTEX fdc (single Weibull distribution and sector frequencies)
Feature,Point,4.3110862514961905,52.737786104832544,-23,GEBCO,10.6,10.6,10.6,10.6,10.6,10.6,10.6,10.6,10.6,10.6,10.6,10.6,10.6,10.6,10.6,10.6,2.26,2.26,2.26,2.26,2.26,2.26,2.26,2.26,2.26,2.26,2.26,2.26,2.26,2.26,2.26,2.26,3.9,3.5,4.6,4.7,5.3,4.6,3.6,4.1,5.6,8.1,13.5,11.3,8.3,7.1,6.3,5.6,9.389070210831227,VORTEX fdc (single Weibull distribution and sector frequencies)
Feature,Point,4.318488653735155,52.737786104832544,-22,GEBCO,10.59,10.59,10.59,10.59,10.59,10.59,10.59,10.59,10.59,10.59,10.59,10.59,10.59,10.59,10.59,10.59,2.26,2.26,2.26,2.26,2.26,2.26,2.26,2.26,2.26,2.26,2.26,2.26,2.26,2.26,2.26,2.26,3.9,3.5,4.6,4.7,5.3,4.6,3.6,4.1,5.6,8.1,13.5,11.3,8.3,7.1,6.3,5.6,9.380212597424782,VORTEX fdc (single Weibull distribution and sector frequencies)
Feature,Point,4.32589105597412,52.737786104832544,-21,GEBCO,10.59,10.59,10.59,10.59,10.59,10.59,10.59,10.59,10.59,10.59,10.59,10.59,10.59,10.59,10.59,10.59,2.26,2.26,2.26,2.26,2.26,2.26,2.26,2.26,2.26,2.26,2.26,2.26,2.26,2.26,2.26,2.26,4,3.5,4.6,4.7,5.3,4.6,3.6,4.1,5.5,8.1,13.5,11.3,8.3,7.1,6.3,5.5,9.380212597424782,VORTEX fdc (single Weibull distribution and sector frequencies)
Feature,Point,4.333293458213085,52.737786104832544,-21,GEBCO,10.59,10.59,10.59,10.59,10.59,10.59,10.59,10.59,10.59,10.59,10.59,10.59,10.59,10.59,10.59,10.59,2.26,2.26,2.26,2.26,2.26,2.26,2.26,2.26,2.26,2.26,2.26,2.26,2.26,2.26,2.26,2.26,4,3.5,4.6,4.7,5.3,4.6,3.6,4.1,5.5,8.1,13.5,11.3,8.3,7.1,6.3,5.5,9.380212597424782,VORTEX fdc (single Weibull distribution and sector frequencies)
Feature,Point,4.340695860452049,52.737786104832544,-21,GEBCO,10.58,10.58,10.58,10.58,10.58,10.58,10.58,10.58,10.58,10.58,10.58,10.58,10.58,10.58,10.58,10.58,2.26,2.26,2.26,2.26,2.26,2.26,2.26,2.26,2.26,2.26,2.26,2.26,2.26,2.26,2.26,2.26,4,3.5,4.6,4.7,5.3,4.6,3.6,4.1,5.5,8.1,13.5,11.3,8.3,7.1,6.3,5.5,9.371354984018337,VORTEX fdc (single Weibull distribution and sector frequencies)
Feature,Point,4.348098262691014,52.737786104832544,-21,GEBCO,10.57,10.57,10.57,10.57,10.57,10.57,10.57,10.57,10.57,10.57,10.57,10.57,10.57,10.57,10.57,10.57,2.26,2.26,2.26,2.26,2.26,2.26,2.26,2.26,2.26,2.26,2.26,2.26,2.26,2.26,2.26,2.26,4,3.5,4.6,4.7,5.3,4.6,3.6,4.1,5.5,8.1,13.5,11.3,8.3,7.1,6.3,5.5,9.362497370611893,VORTEX fdc (single Weibull distribution and sector frequencies)
Feature,Point,4.355500664929979,52.737786104832544,-20,GEBCO,10.56,10.56,10.56,10.56,10.56,10.56,10.56,10.56,10.56,10.56,10.56,10.56,10.56,10.56,10.56,10.56,2.26,2.26,2.26,2.26,2.26,2.26,2.26,2.26,2.26,2.26,2.26,2.26,2.26,2.26,2.26,2.26,4,3.4,4.7,4.7,5.3,4.6,3.6,4.1,5.5,8.1,13.5,11.4,8.3,7.1,6.2,5.6,9.353639757205448,VORTEX fdc (single Weibull distribution and sector frequencies)
Feature,Point,4.140831,52.74227768125314,-24,GEBCO,10.65,10.65,10.65,10.65,10.65,10.65,10.65,10.65,10.65,10.65,10.65,10.65,10.65,10.65,10.65,10.65,2.25,2.25,2.25,2.25,2.25,2.25,2.25,2.25,2.25,2.25,2.25,2.25,2.25,2.25,2.25,2.25,3.8,3.4,4.7,4.6,5.2,4.6,3.6,4.2,5.7,8.1,13.4,11.4,8.1,7.1,6.3,5.6,9.433029341049435,VORTEX fdc (single Weibull distribution and sector frequencies)
Feature,Point,4.148233402238965,52.74227768125314,-24,GEBCO,10.65,10.65,10.65,10.65,10.65,10.65,10.65,10.65,10.65,10.65,10.65,10.65,10.65,10.65,10.65,10.65,2.24,2.24,2.24,2.24,2.24,2.24,2.24,2.24,2.24,2.24,2.24,2.24,2.24,2.24,2.24,2.24,3.8,3.4,4.7,4.6,5.2,4.6,3.6,4.2,5.7,8.1,13.4,11.4,8.1,7.1,6.3,5.6,9.432733824897287,VORTEX fdc (single Weibull distribution and sector frequencies)
Feature,Point,4.15563580447793,52.74227768125314,-24,GEBCO,10.64,10.64,10.64,10.64,10.64,10.64,10.64,10.64,10.64,10.64,10.64,10.64,10.64,10.64,10.64,10.64,2.24,2.24,2.24,2.24,2.24,2.24,2.24,2.24,2.24,2.24,2.24,2.24,2.24,2.24,2.24,2.24,3.8,3.5,4.7,4.7,5.2,4.6,3.6,4.2,5.6,8.1,13.4,11.4,8.2,7.1,6.3,5.7,9.423876797831657,VORTEX fdc (single Weibull distribution and sector frequencies)
Feature,Point,4.1630382067168945,52.74227768125314,-25,GEBCO,10.64,10.64,10.64,10.64,10.64,10.64,10.64,10.64,10.64,10.64,10.64,10.64,10.64,10.64,10.64,10.64,2.24,2.24,2.24,2.24,2.24,2.24,2.24,2.24,2.24,2.24,2.24,2.24,2.24,2.24,2.24,2.24,3.8,3.5,4.7,4.7,5.2,4.6,3.6,4.2,5.6,8.1,13.4,11.4,8.2,7.1,6.3,5.7,9.423876797831657,VORTEX fdc (single Weibull distribution and sector frequencies)
Feature,Point,4.170440608955859,52.74227768125314,-25,GEBCO,10.64,10.64,10.64,10.64,10.64,10.64,10.64,10.64,10.64,10.64,10.64,10.64,10.64,10.64,10.64,10.64,2.25,2.25,2.25,2.25,2.25,2.25,2.25,2.25,2.25,2.25,2.25,2.25,2.25,2.25,2.25,2.25,3.8,3.5,4.7,4.7,5.2,4.6,3.6,4.2,5.6,8.1,13.4,11.4,8.2,7.1,6.3,5.7,9.424172036503847,VORTEX fdc (single Weibull distribution and sector frequencies)
Feature,Point,4.177843011194824,52.74227768125314,-25,GEBCO,10.63,10.63,10.63,10.63,10.63,10.63,10.63,10.63,10.63,10.63,10.63,10.63,10.63,10.63,10.63,10.63,2.25,2.25,2.25,2.25,2.25,2.25,2.25,2.25,2.25,2.25,2.25,2.25,2.25,2.25,2.25,2.25,3.8,3.5,4.6,4.7,5.2,4.7,3.6,4.2,5.6,8,13.5,11.4,8.2,7.1,6.3,5.7,9.415314731958262,VORTEX fdc (single Weibull distribution and sector frequencies)
Feature,Point,4.185245413433789,52.74227768125314,-24,GEBCO,10.63,10.63,10.63,10.63,10.63,10.63,10.63,10.63,10.63,10.63,10.63,10.63,10.63,10.63,10.63,10.63,2.25,2.25,2.25,2.25,2.25,2.25,2.25,2.25,2.25,2.25,2.25,2.25,2.25,2.25,2.25,2.25,3.8,3.5,4.6,4.7,5.2,4.7,3.6,4.2,5.6,8,13.5,11.4,8.2,7.1,6.3,5.7,9.415314731958262,VORTEX fdc (single Weibull distribution and sector frequencies)
Feature,Point,4.192647815672754,52.74227768125314,-24,GEBCO,10.63,10.63,10.63,10.63,10.63,10.63,10.63,10.63,10.63,10.63,10.63,10.63,10.63,10.63,10.63,10.63,2.25,2.25,2.25,2.25,2.25,2.25,2.25,2.25,2.25,2.25,2.25,2.25,2.25,2.25,2.25,2.25,3.8,3.5,4.6,4.7,5.2,4.7,3.6,4.2,5.6,8,13.5,11.4,8.2,7.1,6.3,5.7,9.415314731958262,VORTEX fdc (single Weibull distribution and sector frequencies)
Feature,Point,4.200050217911719,52.74227768125314,-24,GEBCO,10.62,10.62,10.62,10.62,10.62,10.62,10.62,10.62,10.62,10.62,10.62,10.62,10.62,10.62,10.62,10.62,2.25,2.25,2.25,2.25,2.25,2.25,2.25,2.25,2.25,2.25,2.25,2.25,2.25,2.25,2.25,2.25,3.9,3.5,4.6,4.7,5.2,4.7,3.6,4.1,5.6,8,13.5,11.4,8.2,7.1,6.3,5.6,9.406457427412674,VORTEX fdc (single Weibull distribution and sector frequencies)
Feature,Point,4.207452620150684,52.74227768125314,-24,GEBCO,10.62,10.62,10.62,10.62,10.62,10.62,10.62,10.62,10.62,10.62,10.62,10.62,10.62,10.62,10.62,10.62,2.25,2.25,2.25,2.25,2.25,2.25,2.25,2.25,2.25,2.25,2.25,2.25,2.25,2.25,2.25,2.25,3.9,3.5,4.6,4.7,5.2,4.7,3.6,4.1,5.6,8,13.5,11.4,8.2,7.1,6.3,5.6,9.406457427412674,VORTEX fdc (single Weibull distribution and sector frequencies)
Feature,Point,4.214855022389648,52.74227768125314,-23,GEBCO,10.62,10.62,10.62,10.62,10.62,10.62,10.62,10.62,10.62,10.62,10.62,10.62,10.62,10.62,10.62,10.62,2.25,2.25,2.25,2.25,2.25,2.25,2.25,2.25,2.25,2.25,2.25,2.25,2.25,2.25,2.25,2.25,3.9,3.5,4.6,4.7,5.2,4.7,3.6,4.1,5.6,8,13.5,11.4,8.2,7.1,6.3,5.6,9.406457427412674,VORTEX fdc (single Weibull distribution and sector frequencies)
Feature,Point,4.222257424628613,52.74227768125314,-23,GEBCO,10.61,10.61,10.61,10.61,10.61,10.61,10.61,10.61,10.61,10.61,10.61,10.61,10.61,10.61,10.61,10.61,2.25,2.25,2.25,2.25,2.25,2.25,2.25,2.25,2.25,2.25,2.25,2.25,2.25,2.25,2.25,2.25,3.9,3.5,4.6,4.7,5.2,4.7,3.6,4.1,5.6,8,13.5,11.4,8.2,7.1,6.3,5.6,9.397600122867088,VORTEX fdc (single Weibull distribution and sector frequencies)
Feature,Point,4.229659826867578,52.74227768125314,-22,GEBCO,10.61,10.61,10.61,10.61,10.61,10.61,10.61,10.61,10.61,10.61,10.61,10.61,10.61,10.61,10.61,10.61,2.25,2.25,2.25,2.25,2.25,2.25,2.25,2.25,2.25,2.25,2.25,2.25,2.25,2.25,2.25,2.25,3.9,3.5,4.6,4.7,5.2,4.6,3.6,4.1,5.6,8,13.6,11.4,8.2,7.1,6.2,5.6,9.397600122867088,VORTEX fdc (single Weibull distribution and sector frequencies)
Feature,Point,4.2370622291065425,52.74227768125314,-23,GEBCO,10.61,10.61,10.61,10.61,10.61,10.61,10.61,10.61,10.61,10.61,10.61,10.61,10.61,10.61,10.61,10.61,2.25,2.25,2.25,2.25,2.25,2.25,2.25,2.25,2.25,2.25,2.25,2.25,2.25,2.25,2.25,2.25,3.9,3.5,4.6,4.7,5.2,4.6,3.6,4.1,5.6,8,13.6,11.4,8.2,7.1,6.2,5.6,9.397600122867088,VORTEX fdc (single Weibull distribution and sector frequencies)
Feature,Point,4.244464631345507,52.74227768125314,-23,GEBCO,10.61,10.61,10.61,10.61,10.61,10.61,10.61,10.61,10.61,10.61,10.61,10.61,10.61,10.61,10.61,10.61,2.25,2.25,2.25,2.25,2.25,2.25,2.25,2.25,2.25,2.25,2.25,2.25,2.25,2.25,2.25,2.25,3.9,3.5,4.6,4.7,5.2,4.6,3.6,4.1,5.6,8,13.6,11.4,8.2,7.1,6.2,5.6,9.397600122867088,VORTEX fdc (single Weibull distribution and sector frequencies)
Feature,Point,4.251867033584472,52.74227768125314,-24,GEBCO,10.61,10.61,10.61,10.61,10.61,10.61,10.61,10.61,10.61,10.61,10.61,10.61,10.61,10.61,10.61,10.61,2.25,2.25,2.25,2.25,2.25,2.25,2.25,2.25,2.25,2.25,2.25,2.25,2.25,2.25,2.25,2.25,3.9,3.5,4.6,4.7,5.2,4.7,3.6,4.1,5.6,8,13.5,11.3,8.3,7.1,6.2,5.7,9.397600122867088,VORTEX fdc (single Weibull distribution and sector frequencies)
Feature,Point,4.259269435823437,52.74227768125314,-24,GEBCO,10.6,10.6,10.6,10.6,10.6,10.6,10.6,10.6,10.6,10.6,10.6,10.6,10.6,10.6,10.6,10.6,2.25,2.25,2.25,2.25,2.25,2.25,2.25,2.25,2.25,2.25,2.25,2.25,2.25,2.25,2.25,2.25,3.9,3.5,4.6,4.7,5.2,4.7,3.6,4.1,5.6,8,13.5,11.3,8.3,7.1,6.2,5.7,9.388742818321502,VORTEX fdc (single Weibull distribution and sector frequencies)
Feature,Point,4.266671838062401,52.74227768125314,-24,GEBCO,10.6,10.6,10.6,10.6,10.6,10.6,10.6,10.6,10.6,10.6,10.6,10.6,10.6,10.6,10.6,10.6,2.25,2.25,2.25,2.25,2.25,2.25,2.25,2.25,2.25,2.25,2.25,2.25,2.25,2.25,2.25,2.25,3.9,3.5,4.6,4.7,5.2,4.7,3.6,4.1,5.6,8,13.5,11.3,8.3,7.1,6.2,5.7,9.388742818321502,VORTEX fdc (single Weibull distribution and sector frequencies)
Feature,Point,4.274074240301366,52.74227768125314,-24,GEBCO,10.6,10.6,10.6,10.6,10.6,10.6,10.6,10.6,10.6,10.6,10.6,10.6,10.6,10.6,10.6,10.6,2.25,2.25,2.25,2.25,2.25,2.25,2.25,2.25,2.25,2.25,2.25,2.25,2.25,2.25,2.25,2.25,3.9,3.5,4.6,4.7,5.2,4.7,3.6,4.1,5.6,8,13.5,11.3,8.3,7.1,6.2,5.7,9.388742818321502,VORTEX fdc (single Weibull distribution and sector frequencies)
Feature,Point,4.281476642540331,52.74227768125314,-24,GEBCO,10.6,10.6,10.6,10.6,10.6,10.6,10.6,10.6,10.6,10.6,10.6,10.6,10.6,10.6,10.6,10.6,2.25,2.25,2.25,2.25,2.25,2.25,2.25,2.25,2.25,2.25,2.25,2.25,2.25,2.25,2.25,2.25,3.9,3.5,4.6,4.7,5.3,4.6,3.6,4.1,5.5,8,13.5,11.3,8.3,7.1,6.3,5.6,9.388742818321502,VORTEX fdc (single Weibull distribution and sector frequencies)
Feature,Point,4.288879044779296,52.74227768125314,-24,GEBCO,10.6,10.6,10.6,10.6,10.6,10.6,10.6,10.6,10.6,10.6,10.6,10.6,10.6,10.6,10.6,10.6,2.25,2.25,2.25,2.25,2.25,2.25,2.25,2.25,2.25,2.25,2.25,2.25,2.25,2.25,2.25,2.25,3.9,3.5,4.6,4.7,5.3,4.6,3.6,4.1,5.5,8,13.5,11.3,8.3,7.1,6.3,5.6,9.388742818321502,VORTEX fdc (single Weibull distribution and sector frequencies)
Feature,Point,4.296281447018261,52.74227768125314,-23,GEBCO,10.6,10.6,10.6,10.6,10.6,10.6,10.6,10.6,10.6,10.6,10.6,10.6,10.6,10.6,10.6,10.6,2.25,2.25,2.25,2.25,2.25,2.25,2.25,2.25,2.25,2.25,2.25,2.25,2.25,2.25,2.25,2.25,3.9,3.5,4.6,4.7,5.3,4.6,3.6,4.1,5.5,8,13.5,11.3,8.3,7.1,6.3,5.6,9.388742818321502,VORTEX fdc (single Weibull distribution and sector frequencies)
Feature,Point,4.303683849257226,52.74227768125314,-23,GEBCO,10.6,10.6,10.6,10.6,10.6,10.6,10.6,10.6,10.6,10.6,10.6,10.6,10.6,10.6,10.6,10.6,2.25,2.25,2.25,2.25,2.25,2.25,2.25,2.25,2.25,2.25,2.25,2.25,2.25,2.25,2.25,2.25,3.9,3.5,4.6,4.7,5.3,4.6,3.6,4.1,5.6,8.1,13.5,11.3,8.3,7.1,6.3,5.6,9.388742818321502,VORTEX fdc (single Weibull distribution and sector frequencies)
Feature,Point,4.3110862514961905,52.74227768125314,-23,GEBCO,10.6,10.6,10.6,10.6,10.6,10.6,10.6,10.6,10.6,10.6,10.6,10.6,10.6,10.6,10.6,10.6,2.26,2.26,2.26,2.26,2.26,2.26,2.26,2.26,2.26,2.26,2.26,2.26,2.26,2.26,2.26,2.26,3.9,3.5,4.6,4.7,5.3,4.6,3.6,4.1,5.6,8.1,13.5,11.3,8.3,7.1,6.3,5.6,9.389070210831227,VORTEX fdc (single Weibull distribution and sector frequencies)
Feature,Point,4.318488653735155,52.74227768125314,-22,GEBCO,10.59,10.59,10.59,10.59,10.59,10.59,10.59,10.59,10.59,10.59,10.59,10.59,10.59,10.59,10.59,10.59,2.26,2.26,2.26,2.26,2.26,2.26,2.26,2.26,2.26,2.26,2.26,2.26,2.26,2.26,2.26,2.26,3.9,3.5,4.6,4.7,5.3,4.6,3.6,4.1,5.6,8.1,13.5,11.3,8.3,7.1,6.3,5.6,9.380212597424782,VORTEX fdc (single Weibull distribution and sector frequencies)
Feature,Point,4.32589105597412,52.74227768125314,-21,GEBCO,10.59,10.59,10.59,10.59,10.59,10.59,10.59,10.59,10.59,10.59,10.59,10.59,10.59,10.59,10.59,10.59,2.26,2.26,2.26,2.26,2.26,2.26,2.26,2.26,2.26,2.26,2.26,2.26,2.26,2.26,2.26,2.26,4,3.5,4.6,4.7,5.3,4.6,3.6,4.1,5.5,8.1,13.5,11.3,8.3,7.1,6.3,5.5,9.380212597424782,VORTEX fdc (single Weibull distribution and sector frequencies)
Feature,Point,4.333293458213085,52.74227768125314,-21,GEBCO,10.59,10.59,10.59,10.59,10.59,10.59,10.59,10.59,10.59,10.59,10.59,10.59,10.59,10.59,10.59,10.59,2.26,2.26,2.26,2.26,2.26,2.26,2.26,2.26,2.26,2.26,2.26,2.26,2.26,2.26,2.26,2.26,4,3.5,4.6,4.7,5.3,4.6,3.6,4.1,5.5,8.1,13.5,11.3,8.3,7.1,6.3,5.5,9.380212597424782,VORTEX fdc (single Weibull distribution and sector frequencies)
Feature,Point,4.340695860452049,52.74227768125314,-21,GEBCO,10.58,10.58,10.58,10.58,10.58,10.58,10.58,10.58,10.58,10.58,10.58,10.58,10.58,10.58,10.58,10.58,2.26,2.26,2.26,2.26,2.26,2.26,2.26,2.26,2.26,2.26,2.26,2.26,2.26,2.26,2.26,2.26,4,3.5,4.6,4.7,5.3,4.6,3.6,4.1,5.5,8.1,13.5,11.3,8.3,7.1,6.3,5.5,9.371354984018337,VORTEX fdc (single Weibull distribution and sector frequencies)
Feature,Point,4.348098262691014,52.74227768125314,-20,GEBCO,10.57,10.57,10.57,10.57,10.57,10.57,10.57,10.57,10.57,10.57,10.57,10.57,10.57,10.57,10.57,10.57,2.26,2.26,2.26,2.26,2.26,2.26,2.26,2.26,2.26,2.26,2.26,2.26,2.26,2.26,2.26,2.26,4,3.5,4.6,4.7,5.3,4.6,3.6,4.1,5.5,8.1,13.5,11.3,8.3,7.1,6.3,5.5,9.362497370611893,VORTEX fdc (single Weibull distribution and sector frequencies)
Feature,Point,4.355500664929979,52.74227768125314,-20,GEBCO,10.56,10.56,10.56,10.56,10.56,10.56,10.56,10.56,10.56,10.56,10.56,10.56,10.56,10.56,10.56,10.56,2.26,2.26,2.26,2.26,2.26,2.26,2.26,2.26,2.26,2.26,2.26,2.26,2.26,2.26,2.26,2.26,4,3.4,4.7,4.7,5.3,4.6,3.6,4.1,5.5,8.1,13.5,11.4,8.3,7.1,6.2,5.6,9.353639757205448,VORTEX fdc (single Weibull distribution and sector frequencies)
Feature,Point,4.140831,52.74676925767374,-24,GEBCO,10.66,10.66,10.66,10.66,10.66,10.66,10.66,10.66,10.66,10.66,10.66,10.66,10.66,10.66,10.66,10.66,2.25,2.25,2.25,2.25,2.25,2.25,2.25,2.25,2.25,2.25,2.25,2.25,2.25,2.25,2.25,2.25,3.8,3.4,4.7,4.6,5.2,4.6,3.6,4.2,5.7,8.1,13.4,11.4,8.1,7.1,6.3,5.6,9.441886645595021,VORTEX fdc (single Weibull distribution and sector frequencies)
Feature,Point,4.148233402238965,52.74676925767374,-24,GEBCO,10.66,10.66,10.66,10.66,10.66,10.66,10.66,10.66,10.66,10.66,10.66,10.66,10.66,10.66,10.66,10.66,2.24,2.24,2.24,2.24,2.24,2.24,2.24,2.24,2.24,2.24,2.24,2.24,2.24,2.24,2.24,2.24,3.8,3.4,4.7,4.6,5.2,4.6,3.6,4.2,5.7,8.1,13.4,11.4,8.1,7.1,6.3,5.6,9.441590851962918,VORTEX fdc (single Weibull distribution and sector frequencies)
Feature,Point,4.15563580447793,52.74676925767374,-24,GEBCO,10.65,10.65,10.65,10.65,10.65,10.65,10.65,10.65,10.65,10.65,10.65,10.65,10.65,10.65,10.65,10.65,2.24,2.24,2.24,2.24,2.24,2.24,2.24,2.24,2.24,2.24,2.24,2.24,2.24,2.24,2.24,2.24,3.8,3.5,4.7,4.7,5.2,4.6,3.6,4.2,5.6,8.1,13.4,11.4,8.2,7.1,6.3,5.7,9.432733824897287,VORTEX fdc (single Weibull distribution and sector frequencies)
Feature,Point,4.1630382067168945,52.74676925767374,-25,GEBCO,10.65,10.65,10.65,10.65,10.65,10.65,10.65,10.65,10.65,10.65,10.65,10.65,10.65,10.65,10.65,10.65,2.24,2.24,2.24,2.24,2.24,2.24,2.24,2.24,2.24,2.24,2.24,2.24,2.24,2.24,2.24,2.24,3.8,3.5,4.7,4.7,5.2,4.6,3.6,4.2,5.6,8.1,13.4,11.4,8.2,7.1,6.3,5.7,9.432733824897287,VORTEX fdc (single Weibull distribution and sector frequencies)
Feature,Point,4.170440608955859,52.74676925767374,-25,GEBCO,10.65,10.65,10.65,10.65,10.65,10.65,10.65,10.65,10.65,10.65,10.65,10.65,10.65,10.65,10.65,10.65,2.24,2.24,2.24,2.24,2.24,2.24,2.24,2.24,2.24,2.24,2.24,2.24,2.24,2.24,2.24,2.24,3.8,3.5,4.7,4.7,5.2,4.6,3.6,4.2,5.6,8.1,13.4,11.4,8.2,7.1,6.3,5.7,9.432733824897287,VORTEX fdc (single Weibull distribution and sector frequencies)
Feature,Point,4.177843011194824,52.74676925767374,-25,GEBCO,10.64,10.64,10.64,10.64,10.64,10.64,10.64,10.64,10.64,10.64,10.64,10.64,10.64,10.64,10.64,10.64,2.24,2.24,2.24,2.24,2.24,2.24,2.24,2.24,2.24,2.24,2.24,2.24,2.24,2.24,2.24,2.24,3.8,3.5,4.6,4.7,5.2,4.7,3.6,4.2,5.6,8,13.5,11.4,8.2,7.1,6.3,5.7,9.423876797831657,VORTEX fdc (single Weibull distribution and sector frequencies)
Feature,Point,4.185245413433789,52.74676925767374,-24,GEBCO,10.64,10.64,10.64,10.64,10.64,10.64,10.64,10.64,10.64,10.64,10.64,10.64,10.64,10.64,10.64,10.64,2.25,2.25,2.25,2.25,2.25,2.25,2.25,2.25,2.25,2.25,2.25,2.25,2.25,2.25,2.25,2.25,3.8,3.5,4.6,4.7,5.2,4.7,3.6,4.2,5.6,8,13.5,11.4,8.2,7.1,6.3,5.7,9.424172036503847,VORTEX fdc (single Weibull distribution and sector frequencies)
Feature,Point,4.192647815672754,52.74676925767374,-24,GEBCO,10.64,10.64,10.64,10.64,10.64,10.64,10.64,10.64,10.64,10.64,10.64,10.64,10.64,10.64,10.64,10.64,2.25,2.25,2.25,2.25,2.25,2.25,2.25,2.25,2.25,2.25,2.25,2.25,2.25,2.25,2.25,2.25,3.8,3.5,4.6,4.7,5.2,4.7,3.6,4.2,5.6,8,13.5,11.4,8.2,7.1,6.3,5.7,9.424172036503847,VORTEX fdc (single Weibull distribution and sector frequencies)
Feature,Point,4.200050217911719,52.74676925767374,-24,GEBCO,10.63,10.63,10.63,10.63,10.63,10.63,10.63,10.63,10.63,10.63,10.63,10.63,10.63,10.63,10.63,10.63,2.24,2.24,2.24,2.24,2.24,2.24,2.24,2.24,2.24,2.24,2.24,2.24,2.24,2.24,2.24,2.24,3.9,3.5,4.6,4.7,5.2,4.7,3.6,4.1,5.6,8,13.5,11.4,8.2,7.1,6.3,5.6,9.415019770766026,VORTEX fdc (single Weibull distribution and sector frequencies)
Feature,Point,4.207452620150684,52.74676925767374,-24,GEBCO,10.63,10.63,10.63,10.63,10.63,10.63,10.63,10.63,10.63,10.63,10.63,10.63,10.63,10.63,10.63,10.63,2.25,2.25,2.25,2.25,2.25,2.25,2.25,2.25,2.25,2.25,2.25,2.25,2.25,2.25,2.25,2.25,3.9,3.5,4.6,4.7,5.2,4.7,3.6,4.1,5.6,8,13.5,11.4,8.2,7.1,6.3,5.6,9.415314731958262,VORTEX fdc (single Weibull distribution and sector frequencies)
Feature,Point,4.214855022389648,52.74676925767374,-23,GEBCO,10.63,10.63,10.63,10.63,10.63,10.63,10.63,10.63,10.63,10.63,10.63,10.63,10.63,10.63,10.63,10.63,2.25,2.25,2.25,2.25,2.25,2.25,2.25,2.25,2.25,2.25,2.25,2.25,2.25,2.25,2.25,2.25,3.9,3.5,4.6,4.7,5.2,4.7,3.6,4.1,5.6,8,13.5,11.4,8.2,7.1,6.3,5.6,9.415314731958262,VORTEX fdc (single Weibull distribution and sector frequencies)
Feature,Point,4.222257424628613,52.74676925767374,-23,GEBCO,10.62,10.62,10.62,10.62,10.62,10.62,10.62,10.62,10.62,10.62,10.62,10.62,10.62,10.62,10.62,10.62,2.25,2.25,2.25,2.25,2.25,2.25,2.25,2.25,2.25,2.25,2.25,2.25,2.25,2.25,2.25,2.25,3.9,3.5,4.6,4.7,5.2,4.7,3.6,4.1,5.6,8,13.5,11.4,8.2,7.1,6.3,5.6,9.406457427412674,VORTEX fdc (single Weibull distribution and sector frequencies)
Feature,Point,4.229659826867578,52.74676925767374,-22,GEBCO,10.62,10.62,10.62,10.62,10.62,10.62,10.62,10.62,10.62,10.62,10.62,10.62,10.62,10.62,10.62,10.62,2.25,2.25,2.25,2.25,2.25,2.25,2.25,2.25,2.25,2.25,2.25,2.25,2.25,2.25,2.25,2.25,3.9,3.5,4.6,4.7,5.2,4.6,3.6,4.1,5.6,8,13.6,11.4,8.2,7.1,6.2,5.6,9.406457427412674,VORTEX fdc (single Weibull distribution and sector frequencies)
Feature,Point,4.2370622291065425,52.74676925767374,-22,GEBCO,10.61,10.61,10.61,10.61,10.61,10.61,10.61,10.61,10.61,10.61,10.61,10.61,10.61,10.61,10.61,10.61,2.25,2.25,2.25,2.25,2.25,2.25,2.25,2.25,2.25,2.25,2.25,2.25,2.25,2.25,2.25,2.25,3.9,3.5,4.6,4.7,5.2,4.6,3.6,4.1,5.6,8,13.6,11.4,8.2,7.1,6.2,5.6,9.397600122867088,VORTEX fdc (single Weibull distribution and sector frequencies)
Feature,Point,4.244464631345507,52.74676925767374,-23,GEBCO,10.61,10.61,10.61,10.61,10.61,10.61,10.61,10.61,10.61,10.61,10.61,10.61,10.61,10.61,10.61,10.61,2.25,2.25,2.25,2.25,2.25,2.25,2.25,2.25,2.25,2.25,2.25,2.25,2.25,2.25,2.25,2.25,3.9,3.5,4.6,4.7,5.2,4.6,3.6,4.1,5.6,8,13.6,11.4,8.2,7.1,6.2,5.6,9.397600122867088,VORTEX fdc (single Weibull distribution and sector frequencies)
Feature,Point,4.251867033584472,52.74676925767374,-24,GEBCO,10.61,10.61,10.61,10.61,10.61,10.61,10.61,10.61,10.61,10.61,10.61,10.61,10.61,10.61,10.61,10.61,2.25,2.25,2.25,2.25,2.25,2.25,2.25,2.25,2.25,2.25,2.25,2.25,2.25,2.25,2.25,2.25,3.9,3.5,4.6,4.7,5.2,4.7,3.6,4.1,5.6,8,13.5,11.3,8.3,7.1,6.2,5.7,9.397600122867088,VORTEX fdc (single Weibull distribution and sector frequencies)
Feature,Point,4.259269435823437,52.74676925767374,-24,GEBCO,10.61,10.61,10.61,10.61,10.61,10.61,10.61,10.61,10.61,10.61,10.61,10.61,10.61,10.61,10.61,10.61,2.25,2.25,2.25,2.25,2.25,2.25,2.25,2.25,2.25,2.25,2.25,2.25,2.25,2.25,2.25,2.25,3.9,3.5,4.6,4.7,5.2,4.7,3.6,4.1,5.6,8,13.5,11.3,8.3,7.1,6.2,5.7,9.397600122867088,VORTEX fdc (single Weibull distribution and sector frequencies)
Feature,Point,4.266671838062401,52.74676925767374,-24,GEBCO,10.61,10.61,10.61,10.61,10.61,10.61,10.61,10.61,10.61,10.61,10.61,10.61,10.61,10.61,10.61,10.61,2.25,2.25,2.25,2.25,2.25,2.25,2.25,2.25,2.25,2.25,2.25,2.25,2.25,2.25,2.25,2.25,3.9,3.5,4.6,4.7,5.2,4.7,3.6,4.1,5.6,8,13.5,11.3,8.3,7.1,6.2,5.7,9.397600122867088,VORTEX fdc (single Weibull distribution and sector frequencies)
Feature,Point,4.274074240301366,52.74676925767374,-24,GEBCO,10.61,10.61,10.61,10.61,10.61,10.61,10.61,10.61,10.61,10.61,10.61,10.61,10.61,10.61,10.61,10.61,2.25,2.25,2.25,2.25,2.25,2.25,2.25,2.25,2.25,2.25,2.25,2.25,2.25,2.25,2.25,2.25,3.9,3.5,4.6,4.7,5.2,4.7,3.6,4.1,5.6,8,13.5,11.3,8.3,7.1,6.2,5.7,9.397600122867088,VORTEX fdc (single Weibull distribution and sector frequencies)
Feature,Point,4.281476642540331,52.74676925767374,-24,GEBCO,10.6,10.6,10.6,10.6,10.6,10.6,10.6,10.6,10.6,10.6,10.6,10.6,10.6,10.6,10.6,10.6,2.25,2.25,2.25,2.25,2.25,2.25,2.25,2.25,2.25,2.25,2.25,2.25,2.25,2.25,2.25,2.25,3.9,3.5,4.6,4.7,5.3,4.6,3.6,4.1,5.5,8,13.5,11.3,8.3,7.1,6.3,5.6,9.388742818321502,VORTEX fdc (single Weibull distribution and sector frequencies)
Feature,Point,4.288879044779296,52.74676925767374,-24,GEBCO,10.6,10.6,10.6,10.6,10.6,10.6,10.6,10.6,10.6,10.6,10.6,10.6,10.6,10.6,10.6,10.6,2.25,2.25,2.25,2.25,2.25,2.25,2.25,2.25,2.25,2.25,2.25,2.25,2.25,2.25,2.25,2.25,3.9,3.5,4.6,4.7,5.3,4.6,3.6,4.1,5.5,8,13.5,11.3,8.3,7.1,6.3,5.6,9.388742818321502,VORTEX fdc (single Weibull distribution and sector frequencies)
Feature,Point,4.296281447018261,52.74676925767374,-24,GEBCO,10.6,10.6,10.6,10.6,10.6,10.6,10.6,10.6,10.6,10.6,10.6,10.6,10.6,10.6,10.6,10.6,2.25,2.25,2.25,2.25,2.25,2.25,2.25,2.25,2.25,2.25,2.25,2.25,2.25,2.25,2.25,2.25,3.9,3.5,4.6,4.7,5.3,4.6,3.6,4.1,5.5,8,13.5,11.3,8.3,7.1,6.3,5.6,9.388742818321502,VORTEX fdc (single Weibull distribution and sector frequencies)
Feature,Point,4.303683849257226,52.74676925767374,-24,GEBCO,10.6,10.6,10.6,10.6,10.6,10.6,10.6,10.6,10.6,10.6,10.6,10.6,10.6,10.6,10.6,10.6,2.25,2.25,2.25,2.25,2.25,2.25,2.25,2.25,2.25,2.25,2.25,2.25,2.25,2.25,2.25,2.25,3.9,3.5,4.6,4.7,5.3,4.6,3.6,4.1,5.6,8.1,13.5,11.3,8.3,7.1,6.3,5.6,9.388742818321502,VORTEX fdc (single Weibull distribution and sector frequencies)
Feature,Point,4.3110862514961905,52.74676925767374,-23,GEBCO,10.6,10.6,10.6,10.6,10.6,10.6,10.6,10.6,10.6,10.6,10.6,10.6,10.6,10.6,10.6,10.6,2.25,2.25,2.25,2.25,2.25,2.25,2.25,2.25,2.25,2.25,2.25,2.25,2.25,2.25,2.25,2.25,3.9,3.5,4.6,4.7,5.3,4.6,3.6,4.1,5.6,8.1,13.5,11.3,8.3,7.1,6.3,5.6,9.388742818321502,VORTEX fdc (single Weibull distribution and sector frequencies)
Feature,Point,4.318488653735155,52.74676925767374,-22,GEBCO,10.6,10.6,10.6,10.6,10.6,10.6,10.6,10.6,10.6,10.6,10.6,10.6,10.6,10.6,10.6,10.6,2.25,2.25,2.25,2.25,2.25,2.25,2.25,2.25,2.25,2.25,2.25,2.25,2.25,2.25,2.25,2.25,3.9,3.5,4.6,4.7,5.3,4.6,3.6,4.1,5.6,8.1,13.5,11.3,8.3,7.1,6.3,5.6,9.388742818321502,VORTEX fdc (single Weibull distribution and sector frequencies)
Feature,Point,4.32589105597412,52.74676925767374,-21,GEBCO,10.59,10.59,10.59,10.59,10.59,10.59,10.59,10.59,10.59,10.59,10.59,10.59,10.59,10.59,10.59,10.59,2.26,2.26,2.26,2.26,2.26,2.26,2.26,2.26,2.26,2.26,2.26,2.26,2.26,2.26,2.26,2.26,4,3.5,4.6,4.7,5.3,4.6,3.6,4.1,5.5,8.1,13.5,11.3,8.3,7.1,6.3,5.5,9.380212597424782,VORTEX fdc (single Weibull distribution and sector frequencies)
Feature,Point,4.333293458213085,52.74676925767374,-21,GEBCO,10.59,10.59,10.59,10.59,10.59,10.59,10.59,10.59,10.59,10.59,10.59,10.59,10.59,10.59,10.59,10.59,2.26,2.26,2.26,2.26,2.26,2.26,2.26,2.26,2.26,2.26,2.26,2.26,2.26,2.26,2.26,2.26,4,3.5,4.6,4.7,5.3,4.6,3.6,4.1,5.5,8.1,13.5,11.3,8.3,7.1,6.3,5.5,9.380212597424782,VORTEX fdc (single Weibull distribution and sector frequencies)
Feature,Point,4.340695860452049,52.74676925767374,-21,GEBCO,10.58,10.58,10.58,10.58,10.58,10.58,10.58,10.58,10.58,10.58,10.58,10.58,10.58,10.58,10.58,10.58,2.26,2.26,2.26,2.26,2.26,2.26,2.26,2.26,2.26,2.26,2.26,2.26,2.26,2.26,2.26,2.26,4,3.5,4.6,4.7,5.3,4.6,3.6,4.1,5.5,8.1,13.5,11.3,8.3,7.1,6.3,5.5,9.371354984018337,VORTEX fdc (single Weibull distribution and sector frequencies)
Feature,Point,4.348098262691014,52.74676925767374,-21,GEBCO,10.58,10.58,10.58,10.58,10.58,10.58,10.58,10.58,10.58,10.58,10.58,10.58,10.58,10.58,10.58,10.58,2.26,2.26,2.26,2.26,2.26,2.26,2.26,2.26,2.26,2.26,2.26,2.26,2.26,2.26,2.26,2.26,4,3.5,4.6,4.7,5.3,4.6,3.6,4.1,5.5,8.1,13.5,11.3,8.3,7.1,6.3,5.5,9.371354984018337,VORTEX fdc (single Weibull distribution and sector frequencies)
Feature,Point,4.355500664929979,52.74676925767374,-21,GEBCO,10.57,10.57,10.57,10.57,10.57,10.57,10.57,10.57,10.57,10.57,10.57,10.57,10.57,10.57,10.57,10.57,2.26,2.26,2.26,2.26,2.26,2.26,2.26,2.26,2.26,2.26,2.26,2.26,2.26,2.26,2.26,2.26,4,3.4,4.7,4.7,5.3,4.6,3.6,4.1,5.5,8.1,13.5,11.4,8.3,7.1,6.2,5.6,9.362497370611893,VORTEX fdc (single Weibull distribution and sector frequencies)
Feature,Point,4.140831,52.75126083409434,-24,GEBCO,10.66,10.66,10.66,10.66,10.66,10.66,10.66,10.66,10.66,10.66,10.66,10.66,10.66,10.66,10.66,10.66,2.25,2.25,2.25,2.25,2.25,2.25,2.25,2.25,2.25,2.25,2.25,2.25,2.25,2.25,2.25,2.25,3.8,3.4,4.6,4.7,5.2,4.7,3.6,4.2,5.6,8.1,13.4,11.4,8.2,7.1,6.3,5.7,9.441886645595021,VORTEX fdc (single Weibull distribution and sector frequencies)
Feature,Point,4.148233402238965,52.75126083409434,-24,GEBCO,10.66,10.66,10.66,10.66,10.66,10.66,10.66,10.66,10.66,10.66,10.66,10.66,10.66,10.66,10.66,10.66,2.24,2.24,2.24,2.24,2.24,2.24,2.24,2.24,2.24,2.24,2.24,2.24,2.24,2.24,2.24,2.24,3.8,3.4,4.6,4.7,5.2,4.7,3.6,4.2,5.6,8.1,13.4,11.4,8.2,7.1,6.3,5.7,9.441590851962918,VORTEX fdc (single Weibull distribution and sector frequencies)
Feature,Point,4.15563580447793,52.75126083409434,-24,GEBCO,10.65,10.65,10.65,10.65,10.65,10.65,10.65,10.65,10.65,10.65,10.65,10.65,10.65,10.65,10.65,10.65,2.24,2.24,2.24,2.24,2.24,2.24,2.24,2.24,2.24,2.24,2.24,2.24,2.24,2.24,2.24,2.24,3.8,3.4,4.6,4.8,5.1,4.7,3.6,4.2,5.6,8.1,13.5,11.4,8.2,7.1,6.3,5.7,9.432733824897287,VORTEX fdc (single Weibull distribution and sector frequencies)
Feature,Point,4.1630382067168945,52.75126083409434,-25,GEBCO,10.65,10.65,10.65,10.65,10.65,10.65,10.65,10.65,10.65,10.65,10.65,10.65,10.65,10.65,10.65,10.65,2.24,2.24,2.24,2.24,2.24,2.24,2.24,2.24,2.24,2.24,2.24,2.24,2.24,2.24,2.24,2.24,3.8,3.4,4.6,4.8,5.1,4.7,3.6,4.2,5.6,8.1,13.5,11.4,8.2,7.1,6.3,5.7,9.432733824897287,VORTEX fdc (single Weibull distribution and sector frequencies)
Feature,Point,4.170440608955859,52.75126083409434,-25,GEBCO,10.65,10.65,10.65,10.65,10.65,10.65,10.65,10.65,10.65,10.65,10.65,10.65,10.65,10.65,10.65,10.65,2.24,2.24,2.24,2.24,2.24,2.24,2.24,2.24,2.24,2.24,2.24,2.24,2.24,2.24,2.24,2.24,3.8,3.4,4.6,4.8,5.1,4.7,3.6,4.2,5.6,8.1,13.5,11.4,8.2,7.1,6.3,5.7,9.432733824897287,VORTEX fdc (single Weibull distribution and sector frequencies)
Feature,Point,4.177843011194824,52.75126083409434,-25,GEBCO,10.64,10.64,10.64,10.64,10.64,10.64,10.64,10.64,10.64,10.64,10.64,10.64,10.64,10.64,10.64,10.64,2.24,2.24,2.24,2.24,2.24,2.24,2.24,2.24,2.24,2.24,2.24,2.24,2.24,2.24,2.24,2.24,3.8,3.4,4.6,4.7,5.2,4.7,3.6,4.2,5.6,8.1,13.5,11.4,8.2,7.1,6.3,5.6,9.423876797831657,VORTEX fdc (single Weibull distribution and sector frequencies)
Feature,Point,4.185245413433789,52.75126083409434,-24,GEBCO,10.64,10.64,10.64,10.64,10.64,10.64,10.64,10.64,10.64,10.64,10.64,10.64,10.64,10.64,10.64,10.64,2.25,2.25,2.25,2.25,2.25,2.25,2.25,2.25,2.25,2.25,2.25,2.25,2.25,2.25,2.25,2.25,3.8,3.4,4.6,4.7,5.2,4.7,3.6,4.2,5.6,8.1,13.5,11.4,8.2,7.1,6.3,5.6,9.424172036503847,VORTEX fdc (single Weibull distribution and sector frequencies)
Feature,Point,4.192647815672754,52.75126083409434,-24,GEBCO,10.64,10.64,10.64,10.64,10.64,10.64,10.64,10.64,10.64,10.64,10.64,10.64,10.64,10.64,10.64,10.64,2.25,2.25,2.25,2.25,2.25,2.25,2.25,2.25,2.25,2.25,2.25,2.25,2.25,2.25,2.25,2.25,3.8,3.4,4.6,4.7,5.2,4.7,3.6,4.2,5.6,8.1,13.5,11.4,8.2,7.1,6.3,5.6,9.424172036503847,VORTEX fdc (single Weibull distribution and sector frequencies)
Feature,Point,4.200050217911719,52.75126083409434,-24,GEBCO,10.63,10.63,10.63,10.63,10.63,10.63,10.63,10.63,10.63,10.63,10.63,10.63,10.63,10.63,10.63,10.63,2.24,2.24,2.24,2.24,2.24,2.24,2.24,2.24,2.24,2.24,2.24,2.24,2.24,2.24,2.24,2.24,3.9,3.4,4.6,4.7,5.2,4.7,3.6,4.1,5.6,8,13.6,11.4,8.2,7.1,6.3,5.6,9.415019770766026,VORTEX fdc (single Weibull distribution and sector frequencies)
Feature,Point,4.207452620150684,52.75126083409434,-24,GEBCO,10.63,10.63,10.63,10.63,10.63,10.63,10.63,10.63,10.63,10.63,10.63,10.63,10.63,10.63,10.63,10.63,2.25,2.25,2.25,2.25,2.25,2.25,2.25,2.25,2.25,2.25,2.25,2.25,2.25,2.25,2.25,2.25,3.9,3.4,4.6,4.7,5.2,4.7,3.6,4.1,5.6,8,13.6,11.4,8.2,7.1,6.3,5.6,9.415314731958262,VORTEX fdc (single Weibull distribution and sector frequencies)
Feature,Point,4.214855022389648,52.75126083409434,-23,GEBCO,10.63,10.63,10.63,10.63,10.63,10.63,10.63,10.63,10.63,10.63,10.63,10.63,10.63,10.63,10.63,10.63,2.25,2.25,2.25,2.25,2.25,2.25,2.25,2.25,2.25,2.25,2.25,2.25,2.25,2.25,2.25,2.25,3.9,3.4,4.6,4.7,5.2,4.7,3.6,4.1,5.6,8,13.6,11.4,8.2,7.1,6.3,5.6,9.415314731958262,VORTEX fdc (single Weibull distribution and sector frequencies)
Feature,Point,4.222257424628613,52.75126083409434,-23,GEBCO,10.62,10.62,10.62,10.62,10.62,10.62,10.62,10.62,10.62,10.62,10.62,10.62,10.62,10.62,10.62,10.62,2.25,2.25,2.25,2.25,2.25,2.25,2.25,2.25,2.25,2.25,2.25,2.25,2.25,2.25,2.25,2.25,3.9,3.4,4.6,4.7,5.2,4.7,3.6,4.1,5.6,8,13.6,11.4,8.2,7.1,6.3,5.6,9.406457427412674,VORTEX fdc (single Weibull distribution and sector frequencies)
Feature,Point,4.229659826867578,52.75126083409434,-23,GEBCO,10.62,10.62,10.62,10.62,10.62,10.62,10.62,10.62,10.62,10.62,10.62,10.62,10.62,10.62,10.62,10.62,2.25,2.25,2.25,2.25,2.25,2.25,2.25,2.25,2.25,2.25,2.25,2.25,2.25,2.25,2.25,2.25,3.9,3.4,4.6,4.7,5.2,4.7,3.7,4.1,5.6,8,13.6,11.4,8.2,7.1,6.3,5.7,9.406457427412674,VORTEX fdc (single Weibull distribution and sector frequencies)
Feature,Point,4.2370622291065425,52.75126083409434,-22,GEBCO,10.61,10.61,10.61,10.61,10.61,10.61,10.61,10.61,10.61,10.61,10.61,10.61,10.61,10.61,10.61,10.61,2.25,2.25,2.25,2.25,2.25,2.25,2.25,2.25,2.25,2.25,2.25,2.25,2.25,2.25,2.25,2.25,3.9,3.4,4.6,4.7,5.2,4.7,3.7,4.1,5.6,8,13.6,11.4,8.2,7.1,6.3,5.7,9.397600122867088,VORTEX fdc (single Weibull distribution and sector frequencies)
Feature,Point,4.244464631345507,52.75126083409434,-23,GEBCO,10.61,10.61,10.61,10.61,10.61,10.61,10.61,10.61,10.61,10.61,10.61,10.61,10.61,10.61,10.61,10.61,2.25,2.25,2.25,2.25,2.25,2.25,2.25,2.25,2.25,2.25,2.25,2.25,2.25,2.25,2.25,2.25,3.9,3.4,4.6,4.7,5.2,4.7,3.7,4.1,5.6,8,13.6,11.4,8.2,7.1,6.3,5.7,9.397600122867088,VORTEX fdc (single Weibull distribution and sector frequencies)
Feature,Point,4.251867033584472,52.75126083409434,-24,GEBCO,10.61,10.61,10.61,10.61,10.61,10.61,10.61,10.61,10.61,10.61,10.61,10.61,10.61,10.61,10.61,10.61,2.25,2.25,2.25,2.25,2.25,2.25,2.25,2.25,2.25,2.25,2.25,2.25,2.25,2.25,2.25,2.25,3.9,3.4,4.7,4.6,5.3,4.7,3.6,4.1,5.5,8.1,13.6,11.3,8.2,7.1,6.2,5.7,9.397600122867088,VORTEX fdc (single Weibull distribution and sector frequencies)
Feature,Point,4.259269435823437,52.75126083409434,-24,GEBCO,10.61,10.61,10.61,10.61,10.61,10.61,10.61,10.61,10.61,10.61,10.61,10.61,10.61,10.61,10.61,10.61,2.25,2.25,2.25,2.25,2.25,2.25,2.25,2.25,2.25,2.25,2.25,2.25,2.25,2.25,2.25,2.25,3.9,3.4,4.7,4.6,5.3,4.7,3.6,4.1,5.5,8.1,13.6,11.3,8.2,7.1,6.2,5.7,9.397600122867088,VORTEX fdc (single Weibull distribution and sector frequencies)
Feature,Point,4.266671838062401,52.75126083409434,-24,GEBCO,10.61,10.61,10.61,10.61,10.61,10.61,10.61,10.61,10.61,10.61,10.61,10.61,10.61,10.61,10.61,10.61,2.25,2.25,2.25,2.25,2.25,2.25,2.25,2.25,2.25,2.25,2.25,2.25,2.25,2.25,2.25,2.25,3.9,3.4,4.7,4.6,5.3,4.7,3.6,4.1,5.5,8.1,13.6,11.3,8.2,7.1,6.2,5.7,9.397600122867088,VORTEX fdc (single Weibull distribution and sector frequencies)
Feature,Point,4.274074240301366,52.75126083409434,-24,GEBCO,10.61,10.61,10.61,10.61,10.61,10.61,10.61,10.61,10.61,10.61,10.61,10.61,10.61,10.61,10.61,10.61,2.25,2.25,2.25,2.25,2.25,2.25,2.25,2.25,2.25,2.25,2.25,2.25,2.25,2.25,2.25,2.25,3.9,3.4,4.7,4.6,5.3,4.7,3.6,4.1,5.5,8.1,13.6,11.3,8.2,7.1,6.2,5.7,9.397600122867088,VORTEX fdc (single Weibull distribution and sector frequencies)
Feature,Point,4.281476642540331,52.75126083409434,-24,GEBCO,10.6,10.6,10.6,10.6,10.6,10.6,10.6,10.6,10.6,10.6,10.6,10.6,10.6,10.6,10.6,10.6,2.25,2.25,2.25,2.25,2.25,2.25,2.25,2.25,2.25,2.25,2.25,2.25,2.25,2.25,2.25,2.25,3.9,3.5,4.6,4.6,5.2,4.7,3.6,4.1,5.5,8.1,13.5,11.3,8.3,7.1,6.2,5.7,9.388742818321502,VORTEX fdc (single Weibull distribution and sector frequencies)
Feature,Point,4.288879044779296,52.75126083409434,-24,GEBCO,10.6,10.6,10.6,10.6,10.6,10.6,10.6,10.6,10.6,10.6,10.6,10.6,10.6,10.6,10.6,10.6,2.25,2.25,2.25,2.25,2.25,2.25,2.25,2.25,2.25,2.25,2.25,2.25,2.25,2.25,2.25,2.25,3.9,3.5,4.6,4.6,5.2,4.7,3.6,4.1,5.5,8.1,13.5,11.3,8.3,7.1,6.2,5.7,9.388742818321502,VORTEX fdc (single Weibull distribution and sector frequencies)
Feature,Point,4.296281447018261,52.75126083409434,-24,GEBCO,10.6,10.6,10.6,10.6,10.6,10.6,10.6,10.6,10.6,10.6,10.6,10.6,10.6,10.6,10.6,10.6,2.25,2.25,2.25,2.25,2.25,2.25,2.25,2.25,2.25,2.25,2.25,2.25,2.25,2.25,2.25,2.25,3.9,3.5,4.6,4.6,5.2,4.7,3.6,4.1,5.5,8.1,13.5,11.3,8.3,7.1,6.2,5.7,9.388742818321502,VORTEX fdc (single Weibull distribution and sector frequencies)
Feature,Point,4.303683849257226,52.75126083409434,-24,GEBCO,10.6,10.6,10.6,10.6,10.6,10.6,10.6,10.6,10.6,10.6,10.6,10.6,10.6,10.6,10.6,10.6,2.25,2.25,2.25,2.25,2.25,2.25,2.25,2.25,2.25,2.25,2.25,2.25,2.25,2.25,2.25,2.25,3.9,3.5,4.6,4.7,5.2,4.7,3.6,4.1,5.5,8.1,13.5,11.3,8.3,7.1,6.3,5.6,9.388742818321502,VORTEX fdc (single Weibull distribution and sector frequencies)
Feature,Point,4.3110862514961905,52.75126083409434,-23,GEBCO,10.6,10.6,10.6,10.6,10.6,10.6,10.6,10.6,10.6,10.6,10.6,10.6,10.6,10.6,10.6,10.6,2.25,2.25,2.25,2.25,2.25,2.25,2.25,2.25,2.25,2.25,2.25,2.25,2.25,2.25,2.25,2.25,3.9,3.5,4.6,4.7,5.2,4.7,3.6,4.1,5.5,8.1,13.5,11.3,8.3,7.1,6.3,5.6,9.388742818321502,VORTEX fdc (single Weibull distribution and sector frequencies)
Feature,Point,4.318488653735155,52.75126083409434,-22,GEBCO,10.6,10.6,10.6,10.6,10.6,10.6,10.6,10.6,10.6,10.6,10.6,10.6,10.6,10.6,10.6,10.6,2.25,2.25,2.25,2.25,2.25,2.25,2.25,2.25,2.25,2.25,2.25,2.25,2.25,2.25,2.25,2.25,3.9,3.5,4.6,4.7,5.2,4.7,3.6,4.1,5.5,8.1,13.5,11.3,8.3,7.1,6.3,5.6,9.388742818321502,VORTEX fdc (single Weibull distribution and sector frequencies)
Feature,Point,4.32589105597412,52.75126083409434,-22,GEBCO,10.59,10.59,10.59,10.59,10.59,10.59,10.59,10.59,10.59,10.59,10.59,10.59,10.59,10.59,10.59,10.59,2.26,2.26,2.26,2.26,2.26,2.26,2.26,2.26,2.26,2.26,2.26,2.26,2.26,2.26,2.26,2.26,3.9,3.4,4.6,4.7,5.2,4.7,3.6,4.1,5.6,8.1,13.5,11.3,8.3,7.1,6.3,5.6,9.380212597424782,VORTEX fdc (single Weibull distribution and sector frequencies)
Feature,Point,4.333293458213085,52.75126083409434,-21,GEBCO,10.59,10.59,10.59,10.59,10.59,10.59,10.59,10.59,10.59,10.59,10.59,10.59,10.59,10.59,10.59,10.59,2.26,2.26,2.26,2.26,2.26,2.26,2.26,2.26,2.26,2.26,2.26,2.26,2.26,2.26,2.26,2.26,3.9,3.4,4.6,4.7,5.2,4.7,3.6,4.1,5.6,8.1,13.5,11.3,8.3,7.1,6.3,5.6,9.380212597424782,VORTEX fdc (single Weibull distribution and sector frequencies)
Feature,Point,4.340695860452049,52.75126083409434,-21,GEBCO,10.58,10.58,10.58,10.58,10.58,10.58,10.58,10.58,10.58,10.58,10.58,10.58,10.58,10.58,10.58,10.58,2.26,2.26,2.26,2.26,2.26,2.26,2.26,2.26,2.26,2.26,2.26,2.26,2.26,2.26,2.26,2.26,3.9,3.4,4.6,4.7,5.2,4.7,3.6,4.1,5.6,8.1,13.5,11.3,8.3,7.1,6.3,5.6,9.371354984018337,VORTEX fdc (single Weibull distribution and sector frequencies)
Feature,Point,4.348098262691014,52.75126083409434,-20,GEBCO,10.58,10.58,10.58,10.58,10.58,10.58,10.58,10.58,10.58,10.58,10.58,10.58,10.58,10.58,10.58,10.58,2.26,2.26,2.26,2.26,2.26,2.26,2.26,2.26,2.26,2.26,2.26,2.26,2.26,2.26,2.26,2.26,3.9,3.4,4.6,4.7,5.2,4.7,3.6,4.1,5.6,8.1,13.5,11.3,8.3,7.1,6.3,5.6,9.371354984018337,VORTEX fdc (single Weibull distribution and sector frequencies)
Feature,Point,4.355500664929979,52.75126083409434,-21,GEBCO,10.57,10.57,10.57,10.57,10.57,10.57,10.57,10.57,10.57,10.57,10.57,10.57,10.57,10.57,10.57,10.57,2.26,2.26,2.26,2.26,2.26,2.26,2.26,2.26,2.26,2.26,2.26,2.26,2.26,2.26,2.26,2.26,3.9,3.4,4.7,4.7,5.2,4.7,3.6,4.1,5.6,8.1,13.5,11.3,8.3,7.2,6.3,5.6,9.362497370611893,VORTEX fdc (single Weibull distribution and sector frequencies)
Feature,Point,4.140831,52.75575241051494,-24,GEBCO,10.66,10.66,10.66,10.66,10.66,10.66,10.66,10.66,10.66,10.66,10.66,10.66,10.66,10.66,10.66,10.66,2.25,2.25,2.25,2.25,2.25,2.25,2.25,2.25,2.25,2.25,2.25,2.25,2.25,2.25,2.25,2.25,3.8,3.4,4.6,4.7,5.2,4.7,3.6,4.2,5.6,8.1,13.4,11.4,8.2,7.1,6.3,5.7,9.441886645595021,VORTEX fdc (single Weibull distribution and sector frequencies)
Feature,Point,4.148233402238965,52.75575241051494,-24,GEBCO,10.66,10.66,10.66,10.66,10.66,10.66,10.66,10.66,10.66,10.66,10.66,10.66,10.66,10.66,10.66,10.66,2.25,2.25,2.25,2.25,2.25,2.25,2.25,2.25,2.25,2.25,2.25,2.25,2.25,2.25,2.25,2.25,3.8,3.4,4.6,4.7,5.2,4.7,3.6,4.2,5.6,8.1,13.4,11.4,8.2,7.1,6.3,5.7,9.441886645595021,VORTEX fdc (single Weibull distribution and sector frequencies)
Feature,Point,4.15563580447793,52.75575241051494,-24,GEBCO,10.65,10.65,10.65,10.65,10.65,10.65,10.65,10.65,10.65,10.65,10.65,10.65,10.65,10.65,10.65,10.65,2.25,2.25,2.25,2.25,2.25,2.25,2.25,2.25,2.25,2.25,2.25,2.25,2.25,2.25,2.25,2.25,3.8,3.4,4.6,4.8,5.1,4.7,3.6,4.2,5.6,8.1,13.5,11.4,8.2,7.1,6.3,5.7,9.433029341049435,VORTEX fdc (single Weibull distribution and sector frequencies)
Feature,Point,4.1630382067168945,52.75575241051494,-25,GEBCO,10.65,10.65,10.65,10.65,10.65,10.65,10.65,10.65,10.65,10.65,10.65,10.65,10.65,10.65,10.65,10.65,2.25,2.25,2.25,2.25,2.25,2.25,2.25,2.25,2.25,2.25,2.25,2.25,2.25,2.25,2.25,2.25,3.8,3.4,4.6,4.8,5.1,4.7,3.6,4.2,5.6,8.1,13.5,11.4,8.2,7.1,6.3,5.7,9.433029341049435,VORTEX fdc (single Weibull distribution and sector frequencies)
Feature,Point,4.170440608955859,52.75575241051494,-25,GEBCO,10.65,10.65,10.65,10.65,10.65,10.65,10.65,10.65,10.65,10.65,10.65,10.65,10.65,10.65,10.65,10.65,2.25,2.25,2.25,2.25,2.25,2.25,2.25,2.25,2.25,2.25,2.25,2.25,2.25,2.25,2.25,2.25,3.8,3.4,4.6,4.8,5.1,4.7,3.6,4.2,5.6,8.1,13.5,11.4,8.2,7.1,6.3,5.7,9.433029341049435,VORTEX fdc (single Weibull distribution and sector frequencies)
Feature,Point,4.177843011194824,52.75575241051494,-25,GEBCO,10.65,10.65,10.65,10.65,10.65,10.65,10.65,10.65,10.65,10.65,10.65,10.65,10.65,10.65,10.65,10.65,2.25,2.25,2.25,2.25,2.25,2.25,2.25,2.25,2.25,2.25,2.25,2.25,2.25,2.25,2.25,2.25,3.8,3.4,4.6,4.7,5.2,4.7,3.6,4.2,5.6,8.1,13.5,11.4,8.2,7.1,6.3,5.6,9.433029341049435,VORTEX fdc (single Weibull distribution and sector frequencies)
Feature,Point,4.185245413433789,52.75575241051494,-24,GEBCO,10.64,10.64,10.64,10.64,10.64,10.64,10.64,10.64,10.64,10.64,10.64,10.64,10.64,10.64,10.64,10.64,2.25,2.25,2.25,2.25,2.25,2.25,2.25,2.25,2.25,2.25,2.25,2.25,2.25,2.25,2.25,2.25,3.8,3.4,4.6,4.7,5.2,4.7,3.6,4.2,5.6,8.1,13.5,11.4,8.2,7.1,6.3,5.6,9.424172036503847,VORTEX fdc (single Weibull distribution and sector frequencies)
Feature,Point,4.192647815672754,52.75575241051494,-24,GEBCO,10.64,10.64,10.64,10.64,10.64,10.64,10.64,10.64,10.64,10.64,10.64,10.64,10.64,10.64,10.64,10.64,2.25,2.25,2.25,2.25,2.25,2.25,2.25,2.25,2.25,2.25,2.25,2.25,2.25,2.25,2.25,2.25,3.8,3.4,4.6,4.7,5.2,4.7,3.6,4.2,5.6,8.1,13.5,11.4,8.2,7.1,6.3,5.6,9.424172036503847,VORTEX fdc (single Weibull distribution and sector frequencies)
Feature,Point,4.200050217911719,52.75575241051494,-24,GEBCO,10.64,10.64,10.64,10.64,10.64,10.64,10.64,10.64,10.64,10.64,10.64,10.64,10.64,10.64,10.64,10.64,2.24,2.24,2.24,2.24,2.24,2.24,2.24,2.24,2.24,2.24,2.24,2.24,2.24,2.24,2.24,2.24,3.9,3.4,4.6,4.7,5.2,4.7,3.6,4.1,5.6,8,13.6,11.4,8.2,7.1,6.3,5.6,9.423876797831657,VORTEX fdc (single Weibull distribution and sector frequencies)
Feature,Point,4.207452620150684,52.75575241051494,-24,GEBCO,10.63,10.63,10.63,10.63,10.63,10.63,10.63,10.63,10.63,10.63,10.63,10.63,10.63,10.63,10.63,10.63,2.25,2.25,2.25,2.25,2.25,2.25,2.25,2.25,2.25,2.25,2.25,2.25,2.25,2.25,2.25,2.25,3.9,3.4,4.6,4.7,5.2,4.7,3.6,4.1,5.6,8,13.6,11.4,8.2,7.1,6.3,5.6,9.415314731958262,VORTEX fdc (single Weibull distribution and sector frequencies)
Feature,Point,4.214855022389648,52.75575241051494,-23,GEBCO,10.63,10.63,10.63,10.63,10.63,10.63,10.63,10.63,10.63,10.63,10.63,10.63,10.63,10.63,10.63,10.63,2.25,2.25,2.25,2.25,2.25,2.25,2.25,2.25,2.25,2.25,2.25,2.25,2.25,2.25,2.25,2.25,3.9,3.4,4.6,4.7,5.2,4.7,3.6,4.1,5.6,8,13.6,11.4,8.2,7.1,6.3,5.6,9.415314731958262,VORTEX fdc (single Weibull distribution and sector frequencies)
Feature,Point,4.222257424628613,52.75575241051494,-23,GEBCO,10.63,10.63,10.63,10.63,10.63,10.63,10.63,10.63,10.63,10.63,10.63,10.63,10.63,10.63,10.63,10.63,2.25,2.25,2.25,2.25,2.25,2.25,2.25,2.25,2.25,2.25,2.25,2.25,2.25,2.25,2.25,2.25,3.9,3.4,4.6,4.7,5.2,4.7,3.6,4.1,5.6,8,13.6,11.4,8.2,7.1,6.3,5.6,9.415314731958262,VORTEX fdc (single Weibull distribution and sector frequencies)
Feature,Point,4.229659826867578,52.75575241051494,-23,GEBCO,10.63,10.63,10.63,10.63,10.63,10.63,10.63,10.63,10.63,10.63,10.63,10.63,10.63,10.63,10.63,10.63,2.25,2.25,2.25,2.25,2.25,2.25,2.25,2.25,2.25,2.25,2.25,2.25,2.25,2.25,2.25,2.25,3.9,3.4,4.6,4.7,5.2,4.7,3.7,4.1,5.6,8,13.6,11.4,8.2,7.1,6.3,5.7,9.415314731958262,VORTEX fdc (single Weibull distribution and sector frequencies)
Feature,Point,4.2370622291065425,52.75575241051494,-23,GEBCO,10.62,10.62,10.62,10.62,10.62,10.62,10.62,10.62,10.62,10.62,10.62,10.62,10.62,10.62,10.62,10.62,2.25,2.25,2.25,2.25,2.25,2.25,2.25,2.25,2.25,2.25,2.25,2.25,2.25,2.25,2.25,2.25,3.9,3.4,4.6,4.7,5.2,4.7,3.7,4.1,5.6,8,13.6,11.4,8.2,7.1,6.3,5.7,9.406457427412674,VORTEX fdc (single Weibull distribution and sector frequencies)
Feature,Point,4.244464631345507,52.75575241051494,-22,GEBCO,10.62,10.62,10.62,10.62,10.62,10.62,10.62,10.62,10.62,10.62,10.62,10.62,10.62,10.62,10.62,10.62,2.25,2.25,2.25,2.25,2.25,2.25,2.25,2.25,2.25,2.25,2.25,2.25,2.25,2.25,2.25,2.25,3.9,3.4,4.6,4.7,5.2,4.7,3.7,4.1,5.6,8,13.6,11.4,8.2,7.1,6.3,5.7,9.406457427412674,VORTEX fdc (single Weibull distribution and sector frequencies)
Feature,Point,4.251867033584472,52.75575241051494,-24,GEBCO,10.62,10.62,10.62,10.62,10.62,10.62,10.62,10.62,10.62,10.62,10.62,10.62,10.62,10.62,10.62,10.62,2.25,2.25,2.25,2.25,2.25,2.25,2.25,2.25,2.25,2.25,2.25,2.25,2.25,2.25,2.25,2.25,3.9,3.4,4.7,4.6,5.3,4.7,3.6,4.1,5.5,8.1,13.6,11.3,8.2,7.1,6.2,5.7,9.406457427412674,VORTEX fdc (single Weibull distribution and sector frequencies)
Feature,Point,4.259269435823437,52.75575241051494,-24,GEBCO,10.61,10.61,10.61,10.61,10.61,10.61,10.61,10.61,10.61,10.61,10.61,10.61,10.61,10.61,10.61,10.61,2.25,2.25,2.25,2.25,2.25,2.25,2.25,2.25,2.25,2.25,2.25,2.25,2.25,2.25,2.25,2.25,3.9,3.4,4.7,4.6,5.3,4.7,3.6,4.1,5.5,8.1,13.6,11.3,8.2,7.1,6.2,5.7,9.397600122867088,VORTEX fdc (single Weibull distribution and sector frequencies)
Feature,Point,4.266671838062401,52.75575241051494,-24,GEBCO,10.61,10.61,10.61,10.61,10.61,10.61,10.61,10.61,10.61,10.61,10.61,10.61,10.61,10.61,10.61,10.61,2.25,2.25,2.25,2.25,2.25,2.25,2.25,2.25,2.25,2.25,2.25,2.25,2.25,2.25,2.25,2.25,3.9,3.4,4.7,4.6,5.3,4.7,3.6,4.1,5.5,8.1,13.6,11.3,8.2,7.1,6.2,5.7,9.397600122867088,VORTEX fdc (single Weibull distribution and sector frequencies)
Feature,Point,4.274074240301366,52.75575241051494,-24,GEBCO,10.61,10.61,10.61,10.61,10.61,10.61,10.61,10.61,10.61,10.61,10.61,10.61,10.61,10.61,10.61,10.61,2.25,2.25,2.25,2.25,2.25,2.25,2.25,2.25,2.25,2.25,2.25,2.25,2.25,2.25,2.25,2.25,3.9,3.4,4.7,4.6,5.3,4.7,3.6,4.1,5.5,8.1,13.6,11.3,8.2,7.1,6.2,5.7,9.397600122867088,VORTEX fdc (single Weibull distribution and sector frequencies)
Feature,Point,4.281476642540331,52.75575241051494,-25,GEBCO,10.61,10.61,10.61,10.61,10.61,10.61,10.61,10.61,10.61,10.61,10.61,10.61,10.61,10.61,10.61,10.61,2.25,2.25,2.25,2.25,2.25,2.25,2.25,2.25,2.25,2.25,2.25,2.25,2.25,2.25,2.25,2.25,3.9,3.5,4.6,4.6,5.2,4.7,3.6,4.1,5.5,8.1,13.5,11.3,8.3,7.1,6.2,5.7,9.397600122867088,VORTEX fdc (single Weibull distribution and sector frequencies)
Feature,Point,4.288879044779296,52.75575241051494,-24,GEBCO,10.6,10.6,10.6,10.6,10.6,10.6,10.6,10.6,10.6,10.6,10.6,10.6,10.6,10.6,10.6,10.6,2.25,2.25,2.25,2.25,2.25,2.25,2.25,2.25,2.25,2.25,2.25,2.25,2.25,2.25,2.25,2.25,3.9,3.5,4.6,4.6,5.2,4.7,3.6,4.1,5.5,8.1,13.5,11.3,8.3,7.1,6.2,5.7,9.388742818321502,VORTEX fdc (single Weibull distribution and sector frequencies)
Feature,Point,4.296281447018261,52.75575241051494,-24,GEBCO,10.61,10.61,10.61,10.61,10.61,10.61,10.61,10.61,10.61,10.61,10.61,10.61,10.61,10.61,10.61,10.61,2.25,2.25,2.25,2.25,2.25,2.25,2.25,2.25,2.25,2.25,2.25,2.25,2.25,2.25,2.25,2.25,3.9,3.5,4.6,4.6,5.2,4.7,3.6,4.1,5.5,8.1,13.5,11.3,8.3,7.1,6.2,5.7,9.397600122867088,VORTEX fdc (single Weibull distribution and sector frequencies)
Feature,Point,4.303683849257226,52.75575241051494,-24,GEBCO,10.61,10.61,10.61,10.61,10.61,10.61,10.61,10.61,10.61,10.61,10.61,10.61,10.61,10.61,10.61,10.61,2.25,2.25,2.25,2.25,2.25,2.25,2.25,2.25,2.25,2.25,2.25,2.25,2.25,2.25,2.25,2.25,3.9,3.5,4.6,4.7,5.2,4.7,3.6,4.1,5.5,8.1,13.5,11.3,8.3,7.1,6.3,5.6,9.397600122867088,VORTEX fdc (single Weibull distribution and sector frequencies)
Feature,Point,4.3110862514961905,52.75575241051494,-23,GEBCO,10.6,10.6,10.6,10.6,10.6,10.6,10.6,10.6,10.6,10.6,10.6,10.6,10.6,10.6,10.6,10.6,2.25,2.25,2.25,2.25,2.25,2.25,2.25,2.25,2.25,2.25,2.25,2.25,2.25,2.25,2.25,2.25,3.9,3.5,4.6,4.7,5.2,4.7,3.6,4.1,5.5,8.1,13.5,11.3,8.3,7.1,6.3,5.6,9.388742818321502,VORTEX fdc (single Weibull distribution and sector frequencies)
Feature,Point,4.318488653735155,52.75575241051494,-23,GEBCO,10.6,10.6,10.6,10.6,10.6,10.6,10.6,10.6,10.6,10.6,10.6,10.6,10.6,10.6,10.6,10.6,2.25,2.25,2.25,2.25,2.25,2.25,2.25,2.25,2.25,2.25,2.25,2.25,2.25,2.25,2.25,2.25,3.9,3.5,4.6,4.7,5.2,4.7,3.6,4.1,5.5,8.1,13.5,11.3,8.3,7.1,6.3,5.6,9.388742818321502,VORTEX fdc (single Weibull distribution and sector frequencies)
Feature,Point,4.32589105597412,52.75575241051494,-22,GEBCO,10.6,10.6,10.6,10.6,10.6,10.6,10.6,10.6,10.6,10.6,10.6,10.6,10.6,10.6,10.6,10.6,2.25,2.25,2.25,2.25,2.25,2.25,2.25,2.25,2.25,2.25,2.25,2.25,2.25,2.25,2.25,2.25,3.9,3.4,4.6,4.7,5.2,4.7,3.6,4.1,5.6,8.1,13.5,11.3,8.3,7.1,6.3,5.6,9.388742818321502,VORTEX fdc (single Weibull distribution and sector frequencies)
Feature,Point,4.333293458213085,52.75575241051494,-22,GEBCO,10.6,10.6,10.6,10.6,10.6,10.6,10.6,10.6,10.6,10.6,10.6,10.6,10.6,10.6,10.6,10.6,2.25,2.25,2.25,2.25,2.25,2.25,2.25,2.25,2.25,2.25,2.25,2.25,2.25,2.25,2.25,2.25,3.9,3.4,4.6,4.7,5.2,4.7,3.6,4.1,5.6,8.1,13.5,11.3,8.3,7.1,6.3,5.6,9.388742818321502,VORTEX fdc (single Weibull distribution and sector frequencies)
Feature,Point,4.340695860452049,52.75575241051494,-21,GEBCO,10.59,10.59,10.59,10.59,10.59,10.59,10.59,10.59,10.59,10.59,10.59,10.59,10.59,10.59,10.59,10.59,2.26,2.26,2.26,2.26,2.26,2.26,2.26,2.26,2.26,2.26,2.26,2.26,2.26,2.26,2.26,2.26,3.9,3.4,4.6,4.7,5.2,4.7,3.6,4.1,5.6,8.1,13.5,11.3,8.3,7.1,6.3,5.6,9.380212597424782,VORTEX fdc (single Weibull distribution and sector frequencies)
Feature,Point,4.348098262691014,52.75575241051494,-21,GEBCO,10.58,10.58,10.58,10.58,10.58,10.58,10.58,10.58,10.58,10.58,10.58,10.58,10.58,10.58,10.58,10.58,2.26,2.26,2.26,2.26,2.26,2.26,2.26,2.26,2.26,2.26,2.26,2.26,2.26,2.26,2.26,2.26,3.9,3.4,4.6,4.7,5.2,4.7,3.6,4.1,5.6,8.1,13.5,11.3,8.3,7.1,6.3,5.6,9.371354984018337,VORTEX fdc (single Weibull distribution and sector frequencies)
Feature,Point,4.355500664929979,52.75575241051494,-21,GEBCO,10.58,10.58,10.58,10.58,10.58,10.58,10.58,10.58,10.58,10.58,10.58,10.58,10.58,10.58,10.58,10.58,2.26,2.26,2.26,2.26,2.26,2.26,2.26,2.26,2.26,2.26,2.26,2.26,2.26,2.26,2.26,2.26,3.9,3.4,4.7,4.7,5.2,4.7,3.6,4.1,5.6,8.1,13.5,11.3,8.3,7.2,6.3,5.6,9.371354984018337,VORTEX fdc (single Weibull distribution and sector frequencies)
Feature,Point,4.140831,52.760243986935535,-24,GEBCO,10.66,10.66,10.66,10.66,10.66,10.66,10.66,10.66,10.66,10.66,10.66,10.66,10.66,10.66,10.66,10.66,2.25,2.25,2.25,2.25,2.25,2.25,2.25,2.25,2.25,2.25,2.25,2.25,2.25,2.25,2.25,2.25,3.8,3.4,4.6,4.7,5.2,4.7,3.6,4.2,5.6,8.1,13.4,11.4,8.2,7.1,6.3,5.7,9.441886645595021,VORTEX fdc (single Weibull distribution and sector frequencies)
Feature,Point,4.148233402238965,52.760243986935535,-24,GEBCO,10.66,10.66,10.66,10.66,10.66,10.66,10.66,10.66,10.66,10.66,10.66,10.66,10.66,10.66,10.66,10.66,2.25,2.25,2.25,2.25,2.25,2.25,2.25,2.25,2.25,2.25,2.25,2.25,2.25,2.25,2.25,2.25,3.8,3.4,4.6,4.7,5.2,4.7,3.6,4.2,5.6,8.1,13.4,11.4,8.2,7.1,6.3,5.7,9.441886645595021,VORTEX fdc (single Weibull distribution and sector frequencies)
Feature,Point,4.15563580447793,52.760243986935535,-24,GEBCO,10.65,10.65,10.65,10.65,10.65,10.65,10.65,10.65,10.65,10.65,10.65,10.65,10.65,10.65,10.65,10.65,2.25,2.25,2.25,2.25,2.25,2.25,2.25,2.25,2.25,2.25,2.25,2.25,2.25,2.25,2.25,2.25,3.8,3.4,4.6,4.8,5.1,4.7,3.6,4.2,5.6,8.1,13.5,11.4,8.2,7.1,6.3,5.7,9.433029341049435,VORTEX fdc (single Weibull distribution and sector frequencies)
Feature,Point,4.1630382067168945,52.760243986935535,-25,GEBCO,10.65,10.65,10.65,10.65,10.65,10.65,10.65,10.65,10.65,10.65,10.65,10.65,10.65,10.65,10.65,10.65,2.25,2.25,2.25,2.25,2.25,2.25,2.25,2.25,2.25,2.25,2.25,2.25,2.25,2.25,2.25,2.25,3.8,3.4,4.6,4.8,5.1,4.7,3.6,4.2,5.6,8.1,13.5,11.4,8.2,7.1,6.3,5.7,9.433029341049435,VORTEX fdc (single Weibull distribution and sector frequencies)
Feature,Point,4.170440608955859,52.760243986935535,-25,GEBCO,10.65,10.65,10.65,10.65,10.65,10.65,10.65,10.65,10.65,10.65,10.65,10.65,10.65,10.65,10.65,10.65,2.25,2.25,2.25,2.25,2.25,2.25,2.25,2.25,2.25,2.25,2.25,2.25,2.25,2.25,2.25,2.25,3.8,3.4,4.6,4.8,5.1,4.7,3.6,4.2,5.6,8.1,13.5,11.4,8.2,7.1,6.3,5.7,9.433029341049435,VORTEX fdc (single Weibull distribution and sector frequencies)
Feature,Point,4.177843011194824,52.760243986935535,-25,GEBCO,10.65,10.65,10.65,10.65,10.65,10.65,10.65,10.65,10.65,10.65,10.65,10.65,10.65,10.65,10.65,10.65,2.25,2.25,2.25,2.25,2.25,2.25,2.25,2.25,2.25,2.25,2.25,2.25,2.25,2.25,2.25,2.25,3.8,3.4,4.6,4.7,5.2,4.7,3.6,4.2,5.6,8.1,13.5,11.4,8.2,7.1,6.3,5.6,9.433029341049435,VORTEX fdc (single Weibull distribution and sector frequencies)
Feature,Point,4.185245413433789,52.760243986935535,-24,GEBCO,10.64,10.64,10.64,10.64,10.64,10.64,10.64,10.64,10.64,10.64,10.64,10.64,10.64,10.64,10.64,10.64,2.25,2.25,2.25,2.25,2.25,2.25,2.25,2.25,2.25,2.25,2.25,2.25,2.25,2.25,2.25,2.25,3.8,3.4,4.6,4.7,5.2,4.7,3.6,4.2,5.6,8.1,13.5,11.4,8.2,7.1,6.3,5.6,9.424172036503847,VORTEX fdc (single Weibull distribution and sector frequencies)
Feature,Point,4.192647815672754,52.760243986935535,-24,GEBCO,10.64,10.64,10.64,10.64,10.64,10.64,10.64,10.64,10.64,10.64,10.64,10.64,10.64,10.64,10.64,10.64,2.25,2.25,2.25,2.25,2.25,2.25,2.25,2.25,2.25,2.25,2.25,2.25,2.25,2.25,2.25,2.25,3.8,3.4,4.6,4.7,5.2,4.7,3.6,4.2,5.6,8.1,13.5,11.4,8.2,7.1,6.3,5.6,9.424172036503847,VORTEX fdc (single Weibull distribution and sector frequencies)
Feature,Point,4.200050217911719,52.760243986935535,-24,GEBCO,10.64,10.64,10.64,10.64,10.64,10.64,10.64,10.64,10.64,10.64,10.64,10.64,10.64,10.64,10.64,10.64,2.24,2.24,2.24,2.24,2.24,2.24,2.24,2.24,2.24,2.24,2.24,2.24,2.24,2.24,2.24,2.24,3.9,3.4,4.6,4.7,5.2,4.7,3.6,4.1,5.6,8,13.6,11.4,8.2,7.1,6.3,5.6,9.423876797831657,VORTEX fdc (single Weibull distribution and sector frequencies)
Feature,Point,4.207452620150684,52.760243986935535,-24,GEBCO,10.63,10.63,10.63,10.63,10.63,10.63,10.63,10.63,10.63,10.63,10.63,10.63,10.63,10.63,10.63,10.63,2.25,2.25,2.25,2.25,2.25,2.25,2.25,2.25,2.25,2.25,2.25,2.25,2.25,2.25,2.25,2.25,3.9,3.4,4.6,4.7,5.2,4.7,3.6,4.1,5.6,8,13.6,11.4,8.2,7.1,6.3,5.6,9.415314731958262,VORTEX fdc (single Weibull distribution and sector frequencies)
Feature,Point,4.214855022389648,52.760243986935535,-23,GEBCO,10.63,10.63,10.63,10.63,10.63,10.63,10.63,10.63,10.63,10.63,10.63,10.63,10.63,10.63,10.63,10.63,2.25,2.25,2.25,2.25,2.25,2.25,2.25,2.25,2.25,2.25,2.25,2.25,2.25,2.25,2.25,2.25,3.9,3.4,4.6,4.7,5.2,4.7,3.6,4.1,5.6,8,13.6,11.4,8.2,7.1,6.3,5.6,9.415314731958262,VORTEX fdc (single Weibull distribution and sector frequencies)
Feature,Point,4.222257424628613,52.760243986935535,-23,GEBCO,10.63,10.63,10.63,10.63,10.63,10.63,10.63,10.63,10.63,10.63,10.63,10.63,10.63,10.63,10.63,10.63,2.25,2.25,2.25,2.25,2.25,2.25,2.25,2.25,2.25,2.25,2.25,2.25,2.25,2.25,2.25,2.25,3.9,3.4,4.6,4.7,5.2,4.7,3.6,4.1,5.6,8,13.6,11.4,8.2,7.1,6.3,5.6,9.415314731958262,VORTEX fdc (single Weibull distribution and sector frequencies)
Feature,Point,4.229659826867578,52.760243986935535,-23,GEBCO,10.63,10.63,10.63,10.63,10.63,10.63,10.63,10.63,10.63,10.63,10.63,10.63,10.63,10.63,10.63,10.63,2.25,2.25,2.25,2.25,2.25,2.25,2.25,2.25,2.25,2.25,2.25,2.25,2.25,2.25,2.25,2.25,3.9,3.4,4.6,4.7,5.2,4.7,3.7,4.1,5.6,8,13.6,11.4,8.2,7.1,6.3,5.7,9.415314731958262,VORTEX fdc (single Weibull distribution and sector frequencies)
Feature,Point,4.2370622291065425,52.760243986935535,-23,GEBCO,10.62,10.62,10.62,10.62,10.62,10.62,10.62,10.62,10.62,10.62,10.62,10.62,10.62,10.62,10.62,10.62,2.25,2.25,2.25,2.25,2.25,2.25,2.25,2.25,2.25,2.25,2.25,2.25,2.25,2.25,2.25,2.25,3.9,3.4,4.6,4.7,5.2,4.7,3.7,4.1,5.6,8,13.6,11.4,8.2,7.1,6.3,5.7,9.406457427412674,VORTEX fdc (single Weibull distribution and sector frequencies)
Feature,Point,4.244464631345507,52.760243986935535,-22,GEBCO,10.62,10.62,10.62,10.62,10.62,10.62,10.62,10.62,10.62,10.62,10.62,10.62,10.62,10.62,10.62,10.62,2.25,2.25,2.25,2.25,2.25,2.25,2.25,2.25,2.25,2.25,2.25,2.25,2.25,2.25,2.25,2.25,3.9,3.4,4.6,4.7,5.2,4.7,3.7,4.1,5.6,8,13.6,11.4,8.2,7.1,6.3,5.7,9.406457427412674,VORTEX fdc (single Weibull distribution and sector frequencies)
Feature,Point,4.251867033584472,52.760243986935535,-23,GEBCO,10.62,10.62,10.62,10.62,10.62,10.62,10.62,10.62,10.62,10.62,10.62,10.62,10.62,10.62,10.62,10.62,2.25,2.25,2.25,2.25,2.25,2.25,2.25,2.25,2.25,2.25,2.25,2.25,2.25,2.25,2.25,2.25,3.9,3.4,4.7,4.6,5.3,4.7,3.6,4.1,5.5,8.1,13.6,11.3,8.2,7.1,6.2,5.7,9.406457427412674,VORTEX fdc (single Weibull distribution and sector frequencies)
Feature,Point,4.259269435823437,52.760243986935535,-24,GEBCO,10.61,10.61,10.61,10.61,10.61,10.61,10.61,10.61,10.61,10.61,10.61,10.61,10.61,10.61,10.61,10.61,2.25,2.25,2.25,2.25,2.25,2.25,2.25,2.25,2.25,2.25,2.25,2.25,2.25,2.25,2.25,2.25,3.9,3.4,4.7,4.6,5.3,4.7,3.6,4.1,5.5,8.1,13.6,11.3,8.2,7.1,6.2,5.7,9.397600122867088,VORTEX fdc (single Weibull distribution and sector frequencies)
Feature,Point,4.266671838062401,52.760243986935535,-24,GEBCO,10.61,10.61,10.61,10.61,10.61,10.61,10.61,10.61,10.61,10.61,10.61,10.61,10.61,10.61,10.61,10.61,2.25,2.25,2.25,2.25,2.25,2.25,2.25,2.25,2.25,2.25,2.25,2.25,2.25,2.25,2.25,2.25,3.9,3.4,4.7,4.6,5.3,4.7,3.6,4.1,5.5,8.1,13.6,11.3,8.2,7.1,6.2,5.7,9.397600122867088,VORTEX fdc (single Weibull distribution and sector frequencies)
Feature,Point,4.274074240301366,52.760243986935535,-25,GEBCO,10.61,10.61,10.61,10.61,10.61,10.61,10.61,10.61,10.61,10.61,10.61,10.61,10.61,10.61,10.61,10.61,2.25,2.25,2.25,2.25,2.25,2.25,2.25,2.25,2.25,2.25,2.25,2.25,2.25,2.25,2.25,2.25,3.9,3.4,4.7,4.6,5.3,4.7,3.6,4.1,5.5,8.1,13.6,11.3,8.2,7.1,6.2,5.7,9.397600122867088,VORTEX fdc (single Weibull distribution and sector frequencies)
Feature,Point,4.281476642540331,52.760243986935535,-24,GEBCO,10.61,10.61,10.61,10.61,10.61,10.61,10.61,10.61,10.61,10.61,10.61,10.61,10.61,10.61,10.61,10.61,2.25,2.25,2.25,2.25,2.25,2.25,2.25,2.25,2.25,2.25,2.25,2.25,2.25,2.25,2.25,2.25,3.9,3.5,4.6,4.6,5.2,4.7,3.6,4.1,5.5,8.1,13.5,11.3,8.3,7.1,6.2,5.7,9.397600122867088,VORTEX fdc (single Weibull distribution and sector frequencies)
Feature,Point,4.288879044779296,52.760243986935535,-24,GEBCO,10.6,10.6,10.6,10.6,10.6,10.6,10.6,10.6,10.6,10.6,10.6,10.6,10.6,10.6,10.6,10.6,2.25,2.25,2.25,2.25,2.25,2.25,2.25,2.25,2.25,2.25,2.25,2.25,2.25,2.25,2.25,2.25,3.9,3.5,4.6,4.6,5.2,4.7,3.6,4.1,5.5,8.1,13.5,11.3,8.3,7.1,6.2,5.7,9.388742818321502,VORTEX fdc (single Weibull distribution and sector frequencies)
Feature,Point,4.296281447018261,52.760243986935535,-25,GEBCO,10.61,10.61,10.61,10.61,10.61,10.61,10.61,10.61,10.61,10.61,10.61,10.61,10.61,10.61,10.61,10.61,2.25,2.25,2.25,2.25,2.25,2.25,2.25,2.25,2.25,2.25,2.25,2.25,2.25,2.25,2.25,2.25,3.9,3.5,4.6,4.6,5.2,4.7,3.6,4.1,5.5,8.1,13.5,11.3,8.3,7.1,6.2,5.7,9.397600122867088,VORTEX fdc (single Weibull distribution and sector frequencies)
Feature,Point,4.303683849257226,52.760243986935535,-24,GEBCO,10.61,10.61,10.61,10.61,10.61,10.61,10.61,10.61,10.61,10.61,10.61,10.61,10.61,10.61,10.61,10.61,2.25,2.25,2.25,2.25,2.25,2.25,2.25,2.25,2.25,2.25,2.25,2.25,2.25,2.25,2.25,2.25,3.9,3.5,4.6,4.7,5.2,4.7,3.6,4.1,5.5,8.1,13.5,11.3,8.3,7.1,6.3,5.6,9.397600122867088,VORTEX fdc (single Weibull distribution and sector frequencies)
Feature,Point,4.3110862514961905,52.760243986935535,-23,GEBCO,10.6,10.6,10.6,10.6,10.6,10.6,10.6,10.6,10.6,10.6,10.6,10.6,10.6,10.6,10.6,10.6,2.25,2.25,2.25,2.25,2.25,2.25,2.25,2.25,2.25,2.25,2.25,2.25,2.25,2.25,2.25,2.25,3.9,3.5,4.6,4.7,5.2,4.7,3.6,4.1,5.5,8.1,13.5,11.3,8.3,7.1,6.3,5.6,9.388742818321502,VORTEX fdc (single Weibull distribution and sector frequencies)
Feature,Point,4.318488653735155,52.760243986935535,-22,GEBCO,10.6,10.6,10.6,10.6,10.6,10.6,10.6,10.6,10.6,10.6,10.6,10.6,10.6,10.6,10.6,10.6,2.25,2.25,2.25,2.25,2.25,2.25,2.25,2.25,2.25,2.25,2.25,2.25,2.25,2.25,2.25,2.25,3.9,3.5,4.6,4.7,5.2,4.7,3.6,4.1,5.5,8.1,13.5,11.3,8.3,7.1,6.3,5.6,9.388742818321502,VORTEX fdc (single Weibull distribution and sector frequencies)
Feature,Point,4.32589105597412,52.760243986935535,-22,GEBCO,10.6,10.6,10.6,10.6,10.6,10.6,10.6,10.6,10.6,10.6,10.6,10.6,10.6,10.6,10.6,10.6,2.25,2.25,2.25,2.25,2.25,2.25,2.25,2.25,2.25,2.25,2.25,2.25,2.25,2.25,2.25,2.25,3.9,3.4,4.6,4.7,5.2,4.7,3.6,4.1,5.6,8.1,13.5,11.3,8.3,7.1,6.3,5.6,9.388742818321502,VORTEX fdc (single Weibull distribution and sector frequencies)
Feature,Point,4.333293458213085,52.760243986935535,-22,GEBCO,10.6,10.6,10.6,10.6,10.6,10.6,10.6,10.6,10.6,10.6,10.6,10.6,10.6,10.6,10.6,10.6,2.25,2.25,2.25,2.25,2.25,2.25,2.25,2.25,2.25,2.25,2.25,2.25,2.25,2.25,2.25,2.25,3.9,3.4,4.6,4.7,5.2,4.7,3.6,4.1,5.6,8.1,13.5,11.3,8.3,7.1,6.3,5.6,9.388742818321502,VORTEX fdc (single Weibull distribution and sector frequencies)
Feature,Point,4.340695860452049,52.760243986935535,-21,GEBCO,10.59,10.59,10.59,10.59,10.59,10.59,10.59,10.59,10.59,10.59,10.59,10.59,10.59,10.59,10.59,10.59,2.26,2.26,2.26,2.26,2.26,2.26,2.26,2.26,2.26,2.26,2.26,2.26,2.26,2.26,2.26,2.26,3.9,3.4,4.6,4.7,5.2,4.7,3.6,4.1,5.6,8.1,13.5,11.3,8.3,7.1,6.3,5.6,9.380212597424782,VORTEX fdc (single Weibull distribution and sector frequencies)
Feature,Point,4.348098262691014,52.760243986935535,-21,GEBCO,10.58,10.58,10.58,10.58,10.58,10.58,10.58,10.58,10.58,10.58,10.58,10.58,10.58,10.58,10.58,10.58,2.26,2.26,2.26,2.26,2.26,2.26,2.26,2.26,2.26,2.26,2.26,2.26,2.26,2.26,2.26,2.26,3.9,3.4,4.6,4.7,5.2,4.7,3.6,4.1,5.6,8.1,13.5,11.3,8.3,7.1,6.3,5.6,9.371354984018337,VORTEX fdc (single Weibull distribution and sector frequencies)
Feature,Point,4.355500664929979,52.760243986935535,-21,GEBCO,10.58,10.58,10.58,10.58,10.58,10.58,10.58,10.58,10.58,10.58,10.58,10.58,10.58,10.58,10.58,10.58,2.26,2.26,2.26,2.26,2.26,2.26,2.26,2.26,2.26,2.26,2.26,2.26,2.26,2.26,2.26,2.26,3.9,3.4,4.7,4.7,5.2,4.7,3.6,4.1,5.6,8.1,13.5,11.3,8.3,7.2,6.3,5.6,9.371354984018337,VORTEX fdc (single Weibull distribution and sector frequencies)
Feature,Point,4.140831,52.76473556335613,-24,GEBCO,10.66,10.66,10.66,10.66,10.66,10.66,10.66,10.66,10.66,10.66,10.66,10.66,10.66,10.66,10.66,10.66,2.25,2.25,2.25,2.25,2.25,2.25,2.25,2.25,2.25,2.25,2.25,2.25,2.25,2.25,2.25,2.25,3.8,3.4,4.6,4.7,5.2,4.7,3.6,4.2,5.6,8.1,13.4,11.4,8.2,7.1,6.3,5.7,9.441886645595021,VORTEX fdc (single Weibull distribution and sector frequencies)
Feature,Point,4.148233402238965,52.76473556335613,-24,GEBCO,10.66,10.66,10.66,10.66,10.66,10.66,10.66,10.66,10.66,10.66,10.66,10.66,10.66,10.66,10.66,10.66,2.25,2.25,2.25,2.25,2.25,2.25,2.25,2.25,2.25,2.25,2.25,2.25,2.25,2.25,2.25,2.25,3.8,3.4,4.6,4.7,5.2,4.7,3.6,4.2,5.6,8.1,13.4,11.4,8.2,7.1,6.3,5.7,9.441886645595021,VORTEX fdc (single Weibull distribution and sector frequencies)
Feature,Point,4.15563580447793,52.76473556335613,-24,GEBCO,10.65,10.65,10.65,10.65,10.65,10.65,10.65,10.65,10.65,10.65,10.65,10.65,10.65,10.65,10.65,10.65,2.25,2.25,2.25,2.25,2.25,2.25,2.25,2.25,2.25,2.25,2.25,2.25,2.25,2.25,2.25,2.25,3.8,3.4,4.6,4.8,5.1,4.7,3.6,4.2,5.6,8.1,13.5,11.4,8.2,7.1,6.3,5.7,9.433029341049435,VORTEX fdc (single Weibull distribution and sector frequencies)
Feature,Point,4.1630382067168945,52.76473556335613,-25,GEBCO,10.65,10.65,10.65,10.65,10.65,10.65,10.65,10.65,10.65,10.65,10.65,10.65,10.65,10.65,10.65,10.65,2.25,2.25,2.25,2.25,2.25,2.25,2.25,2.25,2.25,2.25,2.25,2.25,2.25,2.25,2.25,2.25,3.8,3.4,4.6,4.8,5.1,4.7,3.6,4.2,5.6,8.1,13.5,11.4,8.2,7.1,6.3,5.7,9.433029341049435,VORTEX fdc (single Weibull distribution and sector frequencies)
Feature,Point,4.170440608955859,52.76473556335613,-25,GEBCO,10.65,10.65,10.65,10.65,10.65,10.65,10.65,10.65,10.65,10.65,10.65,10.65,10.65,10.65,10.65,10.65,2.25,2.25,2.25,2.25,2.25,2.25,2.25,2.25,2.25,2.25,2.25,2.25,2.25,2.25,2.25,2.25,3.8,3.4,4.6,4.8,5.1,4.7,3.6,4.2,5.6,8.1,13.5,11.4,8.2,7.1,6.3,5.7,9.433029341049435,VORTEX fdc (single Weibull distribution and sector frequencies)
Feature,Point,4.177843011194824,52.76473556335613,-25,GEBCO,10.65,10.65,10.65,10.65,10.65,10.65,10.65,10.65,10.65,10.65,10.65,10.65,10.65,10.65,10.65,10.65,2.25,2.25,2.25,2.25,2.25,2.25,2.25,2.25,2.25,2.25,2.25,2.25,2.25,2.25,2.25,2.25,3.8,3.4,4.6,4.7,5.2,4.7,3.6,4.2,5.6,8.1,13.5,11.4,8.2,7.1,6.3,5.6,9.433029341049435,VORTEX fdc (single Weibull distribution and sector frequencies)
Feature,Point,4.185245413433789,52.76473556335613,-24,GEBCO,10.64,10.64,10.64,10.64,10.64,10.64,10.64,10.64,10.64,10.64,10.64,10.64,10.64,10.64,10.64,10.64,2.25,2.25,2.25,2.25,2.25,2.25,2.25,2.25,2.25,2.25,2.25,2.25,2.25,2.25,2.25,2.25,3.8,3.4,4.6,4.7,5.2,4.7,3.6,4.2,5.6,8.1,13.5,11.4,8.2,7.1,6.3,5.6,9.424172036503847,VORTEX fdc (single Weibull distribution and sector frequencies)
Feature,Point,4.192647815672754,52.76473556335613,-24,GEBCO,10.64,10.64,10.64,10.64,10.64,10.64,10.64,10.64,10.64,10.64,10.64,10.64,10.64,10.64,10.64,10.64,2.25,2.25,2.25,2.25,2.25,2.25,2.25,2.25,2.25,2.25,2.25,2.25,2.25,2.25,2.25,2.25,3.8,3.4,4.6,4.7,5.2,4.7,3.6,4.2,5.6,8.1,13.5,11.4,8.2,7.1,6.3,5.6,9.424172036503847,VORTEX fdc (single Weibull distribution and sector frequencies)
Feature,Point,4.200050217911719,52.76473556335613,-24,GEBCO,10.64,10.64,10.64,10.64,10.64,10.64,10.64,10.64,10.64,10.64,10.64,10.64,10.64,10.64,10.64,10.64,2.24,2.24,2.24,2.24,2.24,2.24,2.24,2.24,2.24,2.24,2.24,2.24,2.24,2.24,2.24,2.24,3.9,3.4,4.6,4.7,5.2,4.7,3.6,4.1,5.6,8,13.6,11.4,8.2,7.1,6.3,5.6,9.423876797831657,VORTEX fdc (single Weibull distribution and sector frequencies)
Feature,Point,4.207452620150684,52.76473556335613,-24,GEBCO,10.63,10.63,10.63,10.63,10.63,10.63,10.63,10.63,10.63,10.63,10.63,10.63,10.63,10.63,10.63,10.63,2.25,2.25,2.25,2.25,2.25,2.25,2.25,2.25,2.25,2.25,2.25,2.25,2.25,2.25,2.25,2.25,3.9,3.4,4.6,4.7,5.2,4.7,3.6,4.1,5.6,8,13.6,11.4,8.2,7.1,6.3,5.6,9.415314731958262,VORTEX fdc (single Weibull distribution and sector frequencies)
Feature,Point,4.214855022389648,52.76473556335613,-23,GEBCO,10.63,10.63,10.63,10.63,10.63,10.63,10.63,10.63,10.63,10.63,10.63,10.63,10.63,10.63,10.63,10.63,2.25,2.25,2.25,2.25,2.25,2.25,2.25,2.25,2.25,2.25,2.25,2.25,2.25,2.25,2.25,2.25,3.9,3.4,4.6,4.7,5.2,4.7,3.6,4.1,5.6,8,13.6,11.4,8.2,7.1,6.3,5.6,9.415314731958262,VORTEX fdc (single Weibull distribution and sector frequencies)
Feature,Point,4.222257424628613,52.76473556335613,-23,GEBCO,10.63,10.63,10.63,10.63,10.63,10.63,10.63,10.63,10.63,10.63,10.63,10.63,10.63,10.63,10.63,10.63,2.25,2.25,2.25,2.25,2.25,2.25,2.25,2.25,2.25,2.25,2.25,2.25,2.25,2.25,2.25,2.25,3.9,3.4,4.6,4.7,5.2,4.7,3.6,4.1,5.6,8,13.6,11.4,8.2,7.1,6.3,5.6,9.415314731958262,VORTEX fdc (single Weibull distribution and sector frequencies)
Feature,Point,4.229659826867578,52.76473556335613,-23,GEBCO,10.63,10.63,10.63,10.63,10.63,10.63,10.63,10.63,10.63,10.63,10.63,10.63,10.63,10.63,10.63,10.63,2.25,2.25,2.25,2.25,2.25,2.25,2.25,2.25,2.25,2.25,2.25,2.25,2.25,2.25,2.25,2.25,3.9,3.4,4.6,4.7,5.2,4.7,3.7,4.1,5.6,8,13.6,11.4,8.2,7.1,6.3,5.7,9.415314731958262,VORTEX fdc (single Weibull distribution and sector frequencies)
Feature,Point,4.2370622291065425,52.76473556335613,-23,GEBCO,10.62,10.62,10.62,10.62,10.62,10.62,10.62,10.62,10.62,10.62,10.62,10.62,10.62,10.62,10.62,10.62,2.25,2.25,2.25,2.25,2.25,2.25,2.25,2.25,2.25,2.25,2.25,2.25,2.25,2.25,2.25,2.25,3.9,3.4,4.6,4.7,5.2,4.7,3.7,4.1,5.6,8,13.6,11.4,8.2,7.1,6.3,5.7,9.406457427412674,VORTEX fdc (single Weibull distribution and sector frequencies)
Feature,Point,4.244464631345507,52.76473556335613,-23,GEBCO,10.62,10.62,10.62,10.62,10.62,10.62,10.62,10.62,10.62,10.62,10.62,10.62,10.62,10.62,10.62,10.62,2.25,2.25,2.25,2.25,2.25,2.25,2.25,2.25,2.25,2.25,2.25,2.25,2.25,2.25,2.25,2.25,3.9,3.4,4.6,4.7,5.2,4.7,3.7,4.1,5.6,8,13.6,11.4,8.2,7.1,6.3,5.7,9.406457427412674,VORTEX fdc (single Weibull distribution and sector frequencies)
Feature,Point,4.251867033584472,52.76473556335613,-23,GEBCO,10.62,10.62,10.62,10.62,10.62,10.62,10.62,10.62,10.62,10.62,10.62,10.62,10.62,10.62,10.62,10.62,2.25,2.25,2.25,2.25,2.25,2.25,2.25,2.25,2.25,2.25,2.25,2.25,2.25,2.25,2.25,2.25,3.9,3.4,4.7,4.6,5.3,4.7,3.6,4.1,5.5,8.1,13.6,11.3,8.2,7.1,6.2,5.7,9.406457427412674,VORTEX fdc (single Weibull distribution and sector frequencies)
Feature,Point,4.259269435823437,52.76473556335613,-24,GEBCO,10.61,10.61,10.61,10.61,10.61,10.61,10.61,10.61,10.61,10.61,10.61,10.61,10.61,10.61,10.61,10.61,2.25,2.25,2.25,2.25,2.25,2.25,2.25,2.25,2.25,2.25,2.25,2.25,2.25,2.25,2.25,2.25,3.9,3.4,4.7,4.6,5.3,4.7,3.6,4.1,5.5,8.1,13.6,11.3,8.2,7.1,6.2,5.7,9.397600122867088,VORTEX fdc (single Weibull distribution and sector frequencies)
Feature,Point,4.266671838062401,52.76473556335613,-25,GEBCO,10.61,10.61,10.61,10.61,10.61,10.61,10.61,10.61,10.61,10.61,10.61,10.61,10.61,10.61,10.61,10.61,2.25,2.25,2.25,2.25,2.25,2.25,2.25,2.25,2.25,2.25,2.25,2.25,2.25,2.25,2.25,2.25,3.9,3.4,4.7,4.6,5.3,4.7,3.6,4.1,5.5,8.1,13.6,11.3,8.2,7.1,6.2,5.7,9.397600122867088,VORTEX fdc (single Weibull distribution and sector frequencies)
Feature,Point,4.274074240301366,52.76473556335613,-25,GEBCO,10.61,10.61,10.61,10.61,10.61,10.61,10.61,10.61,10.61,10.61,10.61,10.61,10.61,10.61,10.61,10.61,2.25,2.25,2.25,2.25,2.25,2.25,2.25,2.25,2.25,2.25,2.25,2.25,2.25,2.25,2.25,2.25,3.9,3.4,4.7,4.6,5.3,4.7,3.6,4.1,5.5,8.1,13.6,11.3,8.2,7.1,6.2,5.7,9.397600122867088,VORTEX fdc (single Weibull distribution and sector frequencies)
Feature,Point,4.281476642540331,52.76473556335613,-25,GEBCO,10.61,10.61,10.61,10.61,10.61,10.61,10.61,10.61,10.61,10.61,10.61,10.61,10.61,10.61,10.61,10.61,2.25,2.25,2.25,2.25,2.25,2.25,2.25,2.25,2.25,2.25,2.25,2.25,2.25,2.25,2.25,2.25,3.9,3.5,4.6,4.6,5.2,4.7,3.6,4.1,5.5,8.1,13.5,11.3,8.3,7.1,6.2,5.7,9.397600122867088,VORTEX fdc (single Weibull distribution and sector frequencies)
Feature,Point,4.288879044779296,52.76473556335613,-24,GEBCO,10.6,10.6,10.6,10.6,10.6,10.6,10.6,10.6,10.6,10.6,10.6,10.6,10.6,10.6,10.6,10.6,2.25,2.25,2.25,2.25,2.25,2.25,2.25,2.25,2.25,2.25,2.25,2.25,2.25,2.25,2.25,2.25,3.9,3.5,4.6,4.6,5.2,4.7,3.6,4.1,5.5,8.1,13.5,11.3,8.3,7.1,6.2,5.7,9.388742818321502,VORTEX fdc (single Weibull distribution and sector frequencies)
Feature,Point,4.296281447018261,52.76473556335613,-25,GEBCO,10.61,10.61,10.61,10.61,10.61,10.61,10.61,10.61,10.61,10.61,10.61,10.61,10.61,10.61,10.61,10.61,2.25,2.25,2.25,2.25,2.25,2.25,2.25,2.25,2.25,2.25,2.25,2.25,2.25,2.25,2.25,2.25,3.9,3.5,4.6,4.6,5.2,4.7,3.6,4.1,5.5,8.1,13.5,11.3,8.3,7.1,6.2,5.7,9.397600122867088,VORTEX fdc (single Weibull distribution and sector frequencies)
Feature,Point,4.303683849257226,52.76473556335613,-24,GEBCO,10.61,10.61,10.61,10.61,10.61,10.61,10.61,10.61,10.61,10.61,10.61,10.61,10.61,10.61,10.61,10.61,2.25,2.25,2.25,2.25,2.25,2.25,2.25,2.25,2.25,2.25,2.25,2.25,2.25,2.25,2.25,2.25,3.9,3.5,4.6,4.7,5.2,4.7,3.6,4.1,5.5,8.1,13.5,11.3,8.3,7.1,6.3,5.6,9.397600122867088,VORTEX fdc (single Weibull distribution and sector frequencies)
Feature,Point,4.3110862514961905,52.76473556335613,-23,GEBCO,10.6,10.6,10.6,10.6,10.6,10.6,10.6,10.6,10.6,10.6,10.6,10.6,10.6,10.6,10.6,10.6,2.25,2.25,2.25,2.25,2.25,2.25,2.25,2.25,2.25,2.25,2.25,2.25,2.25,2.25,2.25,2.25,3.9,3.5,4.6,4.7,5.2,4.7,3.6,4.1,5.5,8.1,13.5,11.3,8.3,7.1,6.3,5.6,9.388742818321502,VORTEX fdc (single Weibull distribution and sector frequencies)
Feature,Point,4.318488653735155,52.76473556335613,-22,GEBCO,10.6,10.6,10.6,10.6,10.6,10.6,10.6,10.6,10.6,10.6,10.6,10.6,10.6,10.6,10.6,10.6,2.25,2.25,2.25,2.25,2.25,2.25,2.25,2.25,2.25,2.25,2.25,2.25,2.25,2.25,2.25,2.25,3.9,3.5,4.6,4.7,5.2,4.7,3.6,4.1,5.5,8.1,13.5,11.3,8.3,7.1,6.3,5.6,9.388742818321502,VORTEX fdc (single Weibull distribution and sector frequencies)
Feature,Point,4.32589105597412,52.76473556335613,-22,GEBCO,10.6,10.6,10.6,10.6,10.6,10.6,10.6,10.6,10.6,10.6,10.6,10.6,10.6,10.6,10.6,10.6,2.25,2.25,2.25,2.25,2.25,2.25,2.25,2.25,2.25,2.25,2.25,2.25,2.25,2.25,2.25,2.25,3.9,3.4,4.6,4.7,5.2,4.7,3.6,4.1,5.6,8.1,13.5,11.3,8.3,7.1,6.3,5.6,9.388742818321502,VORTEX fdc (single Weibull distribution and sector frequencies)
Feature,Point,4.333293458213085,52.76473556335613,-21,GEBCO,10.6,10.6,10.6,10.6,10.6,10.6,10.6,10.6,10.6,10.6,10.6,10.6,10.6,10.6,10.6,10.6,2.25,2.25,2.25,2.25,2.25,2.25,2.25,2.25,2.25,2.25,2.25,2.25,2.25,2.25,2.25,2.25,3.9,3.4,4.6,4.7,5.2,4.7,3.6,4.1,5.6,8.1,13.5,11.3,8.3,7.1,6.3,5.6,9.388742818321502,VORTEX fdc (single Weibull distribution and sector frequencies)
Feature,Point,4.340695860452049,52.76473556335613,-21,GEBCO,10.59,10.59,10.59,10.59,10.59,10.59,10.59,10.59,10.59,10.59,10.59,10.59,10.59,10.59,10.59,10.59,2.26,2.26,2.26,2.26,2.26,2.26,2.26,2.26,2.26,2.26,2.26,2.26,2.26,2.26,2.26,2.26,3.9,3.4,4.6,4.7,5.2,4.7,3.6,4.1,5.6,8.1,13.5,11.3,8.3,7.1,6.3,5.6,9.380212597424782,VORTEX fdc (single Weibull distribution and sector frequencies)
Feature,Point,4.348098262691014,52.76473556335613,-21,GEBCO,10.58,10.58,10.58,10.58,10.58,10.58,10.58,10.58,10.58,10.58,10.58,10.58,10.58,10.58,10.58,10.58,2.26,2.26,2.26,2.26,2.26,2.26,2.26,2.26,2.26,2.26,2.26,2.26,2.26,2.26,2.26,2.26,3.9,3.4,4.6,4.7,5.2,4.7,3.6,4.1,5.6,8.1,13.5,11.3,8.3,7.1,6.3,5.6,9.371354984018337,VORTEX fdc (single Weibull distribution and sector frequencies)
Feature,Point,4.355500664929979,52.76473556335613,-21,GEBCO,10.58,10.58,10.58,10.58,10.58,10.58,10.58,10.58,10.58,10.58,10.58,10.58,10.58,10.58,10.58,10.58,2.26,2.26,2.26,2.26,2.26,2.26,2.26,2.26,2.26,2.26,2.26,2.26,2.26,2.26,2.26,2.26,3.9,3.4,4.7,4.7,5.2,4.7,3.6,4.1,5.6,8.1,13.5,11.3,8.3,7.2,6.3,5.6,9.371354984018337,VORTEX fdc (single Weibull distribution and sector frequencies)
Feature,Point,4.140831,52.76922713977673,-24,GEBCO,10.66,10.66,10.66,10.66,10.66,10.66,10.66,10.66,10.66,10.66,10.66,10.66,10.66,10.66,10.66,10.66,2.25,2.25,2.25,2.25,2.25,2.25,2.25,2.25,2.25,2.25,2.25,2.25,2.25,2.25,2.25,2.25,3.8,3.4,4.6,4.7,5.2,4.7,3.6,4.2,5.6,8.1,13.4,11.4,8.2,7.1,6.3,5.7,9.441886645595021,VORTEX fdc (single Weibull distribution and sector frequencies)
Feature,Point,4.148233402238965,52.76922713977673,-24,GEBCO,10.66,10.66,10.66,10.66,10.66,10.66,10.66,10.66,10.66,10.66,10.66,10.66,10.66,10.66,10.66,10.66,2.25,2.25,2.25,2.25,2.25,2.25,2.25,2.25,2.25,2.25,2.25,2.25,2.25,2.25,2.25,2.25,3.8,3.4,4.6,4.7,5.2,4.7,3.6,4.2,5.6,8.1,13.4,11.4,8.2,7.1,6.3,5.7,9.441886645595021,VORTEX fdc (single Weibull distribution and sector frequencies)
Feature,Point,4.15563580447793,52.76922713977673,-24,GEBCO,10.65,10.65,10.65,10.65,10.65,10.65,10.65,10.65,10.65,10.65,10.65,10.65,10.65,10.65,10.65,10.65,2.25,2.25,2.25,2.25,2.25,2.25,2.25,2.25,2.25,2.25,2.25,2.25,2.25,2.25,2.25,2.25,3.8,3.4,4.6,4.8,5.1,4.7,3.6,4.2,5.6,8.1,13.5,11.4,8.2,7.1,6.3,5.7,9.433029341049435,VORTEX fdc (single Weibull distribution and sector frequencies)
Feature,Point,4.1630382067168945,52.76922713977673,-25,GEBCO,10.65,10.65,10.65,10.65,10.65,10.65,10.65,10.65,10.65,10.65,10.65,10.65,10.65,10.65,10.65,10.65,2.25,2.25,2.25,2.25,2.25,2.25,2.25,2.25,2.25,2.25,2.25,2.25,2.25,2.25,2.25,2.25,3.8,3.4,4.6,4.8,5.1,4.7,3.6,4.2,5.6,8.1,13.5,11.4,8.2,7.1,6.3,5.7,9.433029341049435,VORTEX fdc (single Weibull distribution and sector frequencies)
Feature,Point,4.170440608955859,52.76922713977673,-25,GEBCO,10.65,10.65,10.65,10.65,10.65,10.65,10.65,10.65,10.65,10.65,10.65,10.65,10.65,10.65,10.65,10.65,2.25,2.25,2.25,2.25,2.25,2.25,2.25,2.25,2.25,2.25,2.25,2.25,2.25,2.25,2.25,2.25,3.8,3.4,4.6,4.8,5.1,4.7,3.6,4.2,5.6,8.1,13.5,11.4,8.2,7.1,6.3,5.7,9.433029341049435,VORTEX fdc (single Weibull distribution and sector frequencies)
Feature,Point,4.177843011194824,52.76922713977673,-25,GEBCO,10.65,10.65,10.65,10.65,10.65,10.65,10.65,10.65,10.65,10.65,10.65,10.65,10.65,10.65,10.65,10.65,2.25,2.25,2.25,2.25,2.25,2.25,2.25,2.25,2.25,2.25,2.25,2.25,2.25,2.25,2.25,2.25,3.8,3.4,4.6,4.7,5.2,4.7,3.6,4.2,5.6,8.1,13.5,11.4,8.2,7.1,6.3,5.6,9.433029341049435,VORTEX fdc (single Weibull distribution and sector frequencies)
Feature,Point,4.185245413433789,52.76922713977673,-24,GEBCO,10.65,10.65,10.65,10.65,10.65,10.65,10.65,10.65,10.65,10.65,10.65,10.65,10.65,10.65,10.65,10.65,2.25,2.25,2.25,2.25,2.25,2.25,2.25,2.25,2.25,2.25,2.25,2.25,2.25,2.25,2.25,2.25,3.8,3.4,4.6,4.7,5.2,4.7,3.6,4.2,5.6,8.1,13.5,11.4,8.2,7.1,6.3,5.6,9.433029341049435,VORTEX fdc (single Weibull distribution and sector frequencies)
Feature,Point,4.192647815672754,52.76922713977673,-24,GEBCO,10.65,10.65,10.65,10.65,10.65,10.65,10.65,10.65,10.65,10.65,10.65,10.65,10.65,10.65,10.65,10.65,2.25,2.25,2.25,2.25,2.25,2.25,2.25,2.25,2.25,2.25,2.25,2.25,2.25,2.25,2.25,2.25,3.8,3.4,4.6,4.7,5.2,4.7,3.6,4.2,5.6,8.1,13.5,11.4,8.2,7.1,6.3,5.6,9.433029341049435,VORTEX fdc (single Weibull distribution and sector frequencies)
Feature,Point,4.200050217911719,52.76922713977673,-24,GEBCO,10.65,10.65,10.65,10.65,10.65,10.65,10.65,10.65,10.65,10.65,10.65,10.65,10.65,10.65,10.65,10.65,2.25,2.25,2.25,2.25,2.25,2.25,2.25,2.25,2.25,2.25,2.25,2.25,2.25,2.25,2.25,2.25,3.9,3.4,4.6,4.7,5.2,4.7,3.6,4.1,5.6,8,13.6,11.4,8.2,7.1,6.3,5.6,9.433029341049435,VORTEX fdc (single Weibull distribution and sector frequencies)
Feature,Point,4.207452620150684,52.76922713977673,-24,GEBCO,10.64,10.64,10.64,10.64,10.64,10.64,10.64,10.64,10.64,10.64,10.64,10.64,10.64,10.64,10.64,10.64,2.25,2.25,2.25,2.25,2.25,2.25,2.25,2.25,2.25,2.25,2.25,2.25,2.25,2.25,2.25,2.25,3.9,3.4,4.6,4.7,5.2,4.7,3.6,4.1,5.6,8,13.6,11.4,8.2,7.1,6.3,5.6,9.424172036503847,VORTEX fdc (single Weibull distribution and sector frequencies)
Feature,Point,4.214855022389648,52.76922713977673,-23,GEBCO,10.64,10.64,10.64,10.64,10.64,10.64,10.64,10.64,10.64,10.64,10.64,10.64,10.64,10.64,10.64,10.64,2.25,2.25,2.25,2.25,2.25,2.25,2.25,2.25,2.25,2.25,2.25,2.25,2.25,2.25,2.25,2.25,3.9,3.4,4.6,4.7,5.2,4.7,3.6,4.1,5.6,8,13.6,11.4,8.2,7.1,6.3,5.6,9.424172036503847,VORTEX fdc (single Weibull distribution and sector frequencies)
Feature,Point,4.222257424628613,52.76922713977673,-23,GEBCO,10.64,10.64,10.64,10.64,10.64,10.64,10.64,10.64,10.64,10.64,10.64,10.64,10.64,10.64,10.64,10.64,2.25,2.25,2.25,2.25,2.25,2.25,2.25,2.25,2.25,2.25,2.25,2.25,2.25,2.25,2.25,2.25,3.9,3.4,4.6,4.7,5.2,4.7,3.6,4.1,5.6,8,13.6,11.4,8.2,7.1,6.3,5.6,9.424172036503847,VORTEX fdc (single Weibull distribution and sector frequencies)
Feature,Point,4.229659826867578,52.76922713977673,-23,GEBCO,10.64,10.64,10.64,10.64,10.64,10.64,10.64,10.64,10.64,10.64,10.64,10.64,10.64,10.64,10.64,10.64,2.25,2.25,2.25,2.25,2.25,2.25,2.25,2.25,2.25,2.25,2.25,2.25,2.25,2.25,2.25,2.25,3.9,3.4,4.6,4.7,5.2,4.7,3.7,4.1,5.6,8,13.6,11.4,8.2,7.1,6.3,5.7,9.424172036503847,VORTEX fdc (single Weibull distribution and sector frequencies)
Feature,Point,4.2370622291065425,52.76922713977673,-23,GEBCO,10.63,10.63,10.63,10.63,10.63,10.63,10.63,10.63,10.63,10.63,10.63,10.63,10.63,10.63,10.63,10.63,2.25,2.25,2.25,2.25,2.25,2.25,2.25,2.25,2.25,2.25,2.25,2.25,2.25,2.25,2.25,2.25,3.9,3.4,4.6,4.7,5.2,4.7,3.7,4.1,5.6,8,13.6,11.4,8.2,7.1,6.3,5.7,9.415314731958262,VORTEX fdc (single Weibull distribution and sector frequencies)
Feature,Point,4.244464631345507,52.76922713977673,-23,GEBCO,10.63,10.63,10.63,10.63,10.63,10.63,10.63,10.63,10.63,10.63,10.63,10.63,10.63,10.63,10.63,10.63,2.25,2.25,2.25,2.25,2.25,2.25,2.25,2.25,2.25,2.25,2.25,2.25,2.25,2.25,2.25,2.25,3.9,3.4,4.6,4.7,5.2,4.7,3.7,4.1,5.6,8,13.6,11.4,8.2,7.1,6.3,5.7,9.415314731958262,VORTEX fdc (single Weibull distribution and sector frequencies)
Feature,Point,4.251867033584472,52.76922713977673,-23,GEBCO,10.63,10.63,10.63,10.63,10.63,10.63,10.63,10.63,10.63,10.63,10.63,10.63,10.63,10.63,10.63,10.63,2.25,2.25,2.25,2.25,2.25,2.25,2.25,2.25,2.25,2.25,2.25,2.25,2.25,2.25,2.25,2.25,3.9,3.4,4.7,4.6,5.3,4.7,3.6,4.1,5.5,8.1,13.6,11.3,8.2,7.1,6.2,5.7,9.415314731958262,VORTEX fdc (single Weibull distribution and sector frequencies)
Feature,Point,4.259269435823437,52.76922713977673,-24,GEBCO,10.62,10.62,10.62,10.62,10.62,10.62,10.62,10.62,10.62,10.62,10.62,10.62,10.62,10.62,10.62,10.62,2.25,2.25,2.25,2.25,2.25,2.25,2.25,2.25,2.25,2.25,2.25,2.25,2.25,2.25,2.25,2.25,3.9,3.4,4.7,4.6,5.3,4.7,3.6,4.1,5.5,8.1,13.6,11.3,8.2,7.1,6.2,5.7,9.406457427412674,VORTEX fdc (single Weibull distribution and sector frequencies)
Feature,Point,4.266671838062401,52.76922713977673,-24,GEBCO,10.62,10.62,10.62,10.62,10.62,10.62,10.62,10.62,10.62,10.62,10.62,10.62,10.62,10.62,10.62,10.62,2.25,2.25,2.25,2.25,2.25,2.25,2.25,2.25,2.25,2.25,2.25,2.25,2.25,2.25,2.25,2.25,3.9,3.4,4.7,4.6,5.3,4.7,3.6,4.1,5.5,8.1,13.6,11.3,8.2,7.1,6.2,5.7,9.406457427412674,VORTEX fdc (single Weibull distribution and sector frequencies)
Feature,Point,4.274074240301366,52.76922713977673,-24,GEBCO,10.62,10.62,10.62,10.62,10.62,10.62,10.62,10.62,10.62,10.62,10.62,10.62,10.62,10.62,10.62,10.62,2.25,2.25,2.25,2.25,2.25,2.25,2.25,2.25,2.25,2.25,2.25,2.25,2.25,2.25,2.25,2.25,3.9,3.4,4.7,4.6,5.3,4.7,3.6,4.1,5.5,8.1,13.6,11.3,8.2,7.1,6.2,5.7,9.406457427412674,VORTEX fdc (single Weibull distribution and sector frequencies)
Feature,Point,4.281476642540331,52.76922713977673,-25,GEBCO,10.61,10.61,10.61,10.61,10.61,10.61,10.61,10.61,10.61,10.61,10.61,10.61,10.61,10.61,10.61,10.61,2.25,2.25,2.25,2.25,2.25,2.25,2.25,2.25,2.25,2.25,2.25,2.25,2.25,2.25,2.25,2.25,3.9,3.5,4.6,4.6,5.2,4.7,3.6,4.1,5.5,8.1,13.5,11.3,8.3,7.1,6.2,5.7,9.397600122867088,VORTEX fdc (single Weibull distribution and sector frequencies)
Feature,Point,4.288879044779296,52.76922713977673,-25,GEBCO,10.61,10.61,10.61,10.61,10.61,10.61,10.61,10.61,10.61,10.61,10.61,10.61,10.61,10.61,10.61,10.61,2.25,2.25,2.25,2.25,2.25,2.25,2.25,2.25,2.25,2.25,2.25,2.25,2.25,2.25,2.25,2.25,3.9,3.5,4.6,4.6,5.2,4.7,3.6,4.1,5.5,8.1,13.5,11.3,8.3,7.1,6.2,5.7,9.397600122867088,VORTEX fdc (single Weibull distribution and sector frequencies)
Feature,Point,4.296281447018261,52.76922713977673,-24,GEBCO,10.61,10.61,10.61,10.61,10.61,10.61,10.61,10.61,10.61,10.61,10.61,10.61,10.61,10.61,10.61,10.61,2.25,2.25,2.25,2.25,2.25,2.25,2.25,2.25,2.25,2.25,2.25,2.25,2.25,2.25,2.25,2.25,3.9,3.5,4.6,4.6,5.2,4.7,3.6,4.1,5.5,8.1,13.5,11.3,8.3,7.1,6.2,5.7,9.397600122867088,VORTEX fdc (single Weibull distribution and sector frequencies)
Feature,Point,4.303683849257226,52.76922713977673,-24,GEBCO,10.61,10.61,10.61,10.61,10.61,10.61,10.61,10.61,10.61,10.61,10.61,10.61,10.61,10.61,10.61,10.61,2.25,2.25,2.25,2.25,2.25,2.25,2.25,2.25,2.25,2.25,2.25,2.25,2.25,2.25,2.25,2.25,3.9,3.5,4.6,4.7,5.2,4.7,3.6,4.1,5.5,8.1,13.5,11.3,8.3,7.1,6.3,5.6,9.397600122867088,VORTEX fdc (single Weibull distribution and sector frequencies)
Feature,Point,4.3110862514961905,52.76922713977673,-23,GEBCO,10.61,10.61,10.61,10.61,10.61,10.61,10.61,10.61,10.61,10.61,10.61,10.61,10.61,10.61,10.61,10.61,2.25,2.25,2.25,2.25,2.25,2.25,2.25,2.25,2.25,2.25,2.25,2.25,2.25,2.25,2.25,2.25,3.9,3.5,4.6,4.7,5.2,4.7,3.6,4.1,5.5,8.1,13.5,11.3,8.3,7.1,6.3,5.6,9.397600122867088,VORTEX fdc (single Weibull distribution and sector frequencies)
Feature,Point,4.318488653735155,52.76922713977673,-22,GEBCO,10.61,10.61,10.61,10.61,10.61,10.61,10.61,10.61,10.61,10.61,10.61,10.61,10.61,10.61,10.61,10.61,2.25,2.25,2.25,2.25,2.25,2.25,2.25,2.25,2.25,2.25,2.25,2.25,2.25,2.25,2.25,2.25,3.9,3.5,4.6,4.7,5.2,4.7,3.6,4.1,5.5,8.1,13.5,11.3,8.3,7.1,6.3,5.6,9.397600122867088,VORTEX fdc (single Weibull distribution and sector frequencies)
Feature,Point,4.32589105597412,52.76922713977673,-22,GEBCO,10.6,10.6,10.6,10.6,10.6,10.6,10.6,10.6,10.6,10.6,10.6,10.6,10.6,10.6,10.6,10.6,2.25,2.25,2.25,2.25,2.25,2.25,2.25,2.25,2.25,2.25,2.25,2.25,2.25,2.25,2.25,2.25,3.9,3.4,4.6,4.7,5.2,4.7,3.6,4.1,5.6,8.1,13.5,11.3,8.3,7.1,6.3,5.6,9.388742818321502,VORTEX fdc (single Weibull distribution and sector frequencies)
Feature,Point,4.333293458213085,52.76922713977673,-21,GEBCO,10.6,10.6,10.6,10.6,10.6,10.6,10.6,10.6,10.6,10.6,10.6,10.6,10.6,10.6,10.6,10.6,2.25,2.25,2.25,2.25,2.25,2.25,2.25,2.25,2.25,2.25,2.25,2.25,2.25,2.25,2.25,2.25,3.9,3.4,4.6,4.7,5.2,4.7,3.6,4.1,5.6,8.1,13.5,11.3,8.3,7.1,6.3,5.6,9.388742818321502,VORTEX fdc (single Weibull distribution and sector frequencies)
Feature,Point,4.340695860452049,52.76922713977673,-21,GEBCO,10.6,10.6,10.6,10.6,10.6,10.6,10.6,10.6,10.6,10.6,10.6,10.6,10.6,10.6,10.6,10.6,2.26,2.26,2.26,2.26,2.26,2.26,2.26,2.26,2.26,2.26,2.26,2.26,2.26,2.26,2.26,2.26,3.9,3.4,4.6,4.7,5.2,4.7,3.6,4.1,5.6,8.1,13.5,11.3,8.3,7.1,6.3,5.6,9.389070210831227,VORTEX fdc (single Weibull distribution and sector frequencies)
Feature,Point,4.348098262691014,52.76922713977673,-21,GEBCO,10.6,10.6,10.6,10.6,10.6,10.6,10.6,10.6,10.6,10.6,10.6,10.6,10.6,10.6,10.6,10.6,2.26,2.26,2.26,2.26,2.26,2.26,2.26,2.26,2.26,2.26,2.26,2.26,2.26,2.26,2.26,2.26,3.9,3.4,4.6,4.7,5.2,4.7,3.6,4.1,5.6,8.1,13.5,11.3,8.3,7.1,6.3,5.6,9.389070210831227,VORTEX fdc (single Weibull distribution and sector frequencies)
Feature,Point,4.355500664929979,52.76922713977673,-21,GEBCO,10.6,10.6,10.6,10.6,10.6,10.6,10.6,10.6,10.6,10.6,10.6,10.6,10.6,10.6,10.6,10.6,2.26,2.26,2.26,2.26,2.26,2.26,2.26,2.26,2.26,2.26,2.26,2.26,2.26,2.26,2.26,2.26,3.9,3.4,4.7,4.7,5.2,4.7,3.6,4.1,5.6,8.1,13.5,11.3,8.3,7.2,6.3,5.6,9.389070210831227,VORTEX fdc (single Weibull distribution and sector frequencies)
Feature,Point,4.140831,52.77371871619733,-24,GEBCO,10.66,10.66,10.66,10.66,10.66,10.66,10.66,10.66,10.66,10.66,10.66,10.66,10.66,10.66,10.66,10.66,2.25,2.25,2.25,2.25,2.25,2.25,2.25,2.25,2.25,2.25,2.25,2.25,2.25,2.25,2.25,2.25,3.8,3.4,4.6,4.7,5.2,4.7,3.6,4.2,5.6,8.1,13.4,11.4,8.2,7.1,6.3,5.7,9.441886645595021,VORTEX fdc (single Weibull distribution and sector frequencies)
Feature,Point,4.148233402238965,52.77371871619733,-24,GEBCO,10.66,10.66,10.66,10.66,10.66,10.66,10.66,10.66,10.66,10.66,10.66,10.66,10.66,10.66,10.66,10.66,2.25,2.25,2.25,2.25,2.25,2.25,2.25,2.25,2.25,2.25,2.25,2.25,2.25,2.25,2.25,2.25,3.8,3.4,4.6,4.7,5.2,4.7,3.6,4.2,5.6,8.1,13.4,11.4,8.2,7.1,6.3,5.7,9.441886645595021,VORTEX fdc (single Weibull distribution and sector frequencies)
Feature,Point,4.15563580447793,52.77371871619733,-24,GEBCO,10.65,10.65,10.65,10.65,10.65,10.65,10.65,10.65,10.65,10.65,10.65,10.65,10.65,10.65,10.65,10.65,2.25,2.25,2.25,2.25,2.25,2.25,2.25,2.25,2.25,2.25,2.25,2.25,2.25,2.25,2.25,2.25,3.8,3.4,4.6,4.8,5.1,4.7,3.6,4.2,5.6,8.1,13.5,11.4,8.2,7.1,6.3,5.7,9.433029341049435,VORTEX fdc (single Weibull distribution and sector frequencies)
Feature,Point,4.1630382067168945,52.77371871619733,-25,GEBCO,10.65,10.65,10.65,10.65,10.65,10.65,10.65,10.65,10.65,10.65,10.65,10.65,10.65,10.65,10.65,10.65,2.25,2.25,2.25,2.25,2.25,2.25,2.25,2.25,2.25,2.25,2.25,2.25,2.25,2.25,2.25,2.25,3.8,3.4,4.6,4.8,5.1,4.7,3.6,4.2,5.6,8.1,13.5,11.4,8.2,7.1,6.3,5.7,9.433029341049435,VORTEX fdc (single Weibull distribution and sector frequencies)
Feature,Point,4.170440608955859,52.77371871619733,-25,GEBCO,10.65,10.65,10.65,10.65,10.65,10.65,10.65,10.65,10.65,10.65,10.65,10.65,10.65,10.65,10.65,10.65,2.25,2.25,2.25,2.25,2.25,2.25,2.25,2.25,2.25,2.25,2.25,2.25,2.25,2.25,2.25,2.25,3.8,3.4,4.6,4.8,5.1,4.7,3.6,4.2,5.6,8.1,13.5,11.4,8.2,7.1,6.3,5.7,9.433029341049435,VORTEX fdc (single Weibull distribution and sector frequencies)
Feature,Point,4.177843011194824,52.77371871619733,-25,GEBCO,10.65,10.65,10.65,10.65,10.65,10.65,10.65,10.65,10.65,10.65,10.65,10.65,10.65,10.65,10.65,10.65,2.25,2.25,2.25,2.25,2.25,2.25,2.25,2.25,2.25,2.25,2.25,2.25,2.25,2.25,2.25,2.25,3.8,3.4,4.6,4.7,5.2,4.7,3.6,4.2,5.6,8.1,13.5,11.4,8.2,7.1,6.3,5.6,9.433029341049435,VORTEX fdc (single Weibull distribution and sector frequencies)
Feature,Point,4.185245413433789,52.77371871619733,-24,GEBCO,10.65,10.65,10.65,10.65,10.65,10.65,10.65,10.65,10.65,10.65,10.65,10.65,10.65,10.65,10.65,10.65,2.25,2.25,2.25,2.25,2.25,2.25,2.25,2.25,2.25,2.25,2.25,2.25,2.25,2.25,2.25,2.25,3.8,3.4,4.6,4.7,5.2,4.7,3.6,4.2,5.6,8.1,13.5,11.4,8.2,7.1,6.3,5.6,9.433029341049435,VORTEX fdc (single Weibull distribution and sector frequencies)
Feature,Point,4.192647815672754,52.77371871619733,-24,GEBCO,10.65,10.65,10.65,10.65,10.65,10.65,10.65,10.65,10.65,10.65,10.65,10.65,10.65,10.65,10.65,10.65,2.25,2.25,2.25,2.25,2.25,2.25,2.25,2.25,2.25,2.25,2.25,2.25,2.25,2.25,2.25,2.25,3.8,3.4,4.6,4.7,5.2,4.7,3.6,4.2,5.6,8.1,13.5,11.4,8.2,7.1,6.3,5.6,9.433029341049435,VORTEX fdc (single Weibull distribution and sector frequencies)
Feature,Point,4.200050217911719,52.77371871619733,-24,GEBCO,10.65,10.65,10.65,10.65,10.65,10.65,10.65,10.65,10.65,10.65,10.65,10.65,10.65,10.65,10.65,10.65,2.25,2.25,2.25,2.25,2.25,2.25,2.25,2.25,2.25,2.25,2.25,2.25,2.25,2.25,2.25,2.25,3.9,3.4,4.6,4.7,5.2,4.7,3.6,4.1,5.6,8,13.6,11.4,8.2,7.1,6.3,5.6,9.433029341049435,VORTEX fdc (single Weibull distribution and sector frequencies)
Feature,Point,4.207452620150684,52.77371871619733,-24,GEBCO,10.64,10.64,10.64,10.64,10.64,10.64,10.64,10.64,10.64,10.64,10.64,10.64,10.64,10.64,10.64,10.64,2.25,2.25,2.25,2.25,2.25,2.25,2.25,2.25,2.25,2.25,2.25,2.25,2.25,2.25,2.25,2.25,3.9,3.4,4.6,4.7,5.2,4.7,3.6,4.1,5.6,8,13.6,11.4,8.2,7.1,6.3,5.6,9.424172036503847,VORTEX fdc (single Weibull distribution and sector frequencies)
Feature,Point,4.214855022389648,52.77371871619733,-23,GEBCO,10.64,10.64,10.64,10.64,10.64,10.64,10.64,10.64,10.64,10.64,10.64,10.64,10.64,10.64,10.64,10.64,2.25,2.25,2.25,2.25,2.25,2.25,2.25,2.25,2.25,2.25,2.25,2.25,2.25,2.25,2.25,2.25,3.9,3.4,4.6,4.7,5.2,4.7,3.6,4.1,5.6,8,13.6,11.4,8.2,7.1,6.3,5.6,9.424172036503847,VORTEX fdc (single Weibull distribution and sector frequencies)
Feature,Point,4.222257424628613,52.77371871619733,-23,GEBCO,10.64,10.64,10.64,10.64,10.64,10.64,10.64,10.64,10.64,10.64,10.64,10.64,10.64,10.64,10.64,10.64,2.25,2.25,2.25,2.25,2.25,2.25,2.25,2.25,2.25,2.25,2.25,2.25,2.25,2.25,2.25,2.25,3.9,3.4,4.6,4.7,5.2,4.7,3.6,4.1,5.6,8,13.6,11.4,8.2,7.1,6.3,5.6,9.424172036503847,VORTEX fdc (single Weibull distribution and sector frequencies)
Feature,Point,4.229659826867578,52.77371871619733,-24,GEBCO,10.64,10.64,10.64,10.64,10.64,10.64,10.64,10.64,10.64,10.64,10.64,10.64,10.64,10.64,10.64,10.64,2.25,2.25,2.25,2.25,2.25,2.25,2.25,2.25,2.25,2.25,2.25,2.25,2.25,2.25,2.25,2.25,3.9,3.4,4.6,4.7,5.2,4.7,3.7,4.1,5.6,8,13.6,11.4,8.2,7.1,6.3,5.7,9.424172036503847,VORTEX fdc (single Weibull distribution and sector frequencies)
Feature,Point,4.2370622291065425,52.77371871619733,-24,GEBCO,10.63,10.63,10.63,10.63,10.63,10.63,10.63,10.63,10.63,10.63,10.63,10.63,10.63,10.63,10.63,10.63,2.25,2.25,2.25,2.25,2.25,2.25,2.25,2.25,2.25,2.25,2.25,2.25,2.25,2.25,2.25,2.25,3.9,3.4,4.6,4.7,5.2,4.7,3.7,4.1,5.6,8,13.6,11.4,8.2,7.1,6.3,5.7,9.415314731958262,VORTEX fdc (single Weibull distribution and sector frequencies)
Feature,Point,4.244464631345507,52.77371871619733,-23,GEBCO,10.63,10.63,10.63,10.63,10.63,10.63,10.63,10.63,10.63,10.63,10.63,10.63,10.63,10.63,10.63,10.63,2.25,2.25,2.25,2.25,2.25,2.25,2.25,2.25,2.25,2.25,2.25,2.25,2.25,2.25,2.25,2.25,3.9,3.4,4.6,4.7,5.2,4.7,3.7,4.1,5.6,8,13.6,11.4,8.2,7.1,6.3,5.7,9.415314731958262,VORTEX fdc (single Weibull distribution and sector frequencies)
Feature,Point,4.251867033584472,52.77371871619733,-23,GEBCO,10.63,10.63,10.63,10.63,10.63,10.63,10.63,10.63,10.63,10.63,10.63,10.63,10.63,10.63,10.63,10.63,2.25,2.25,2.25,2.25,2.25,2.25,2.25,2.25,2.25,2.25,2.25,2.25,2.25,2.25,2.25,2.25,3.9,3.4,4.7,4.6,5.3,4.7,3.6,4.1,5.5,8.1,13.6,11.3,8.2,7.1,6.2,5.7,9.415314731958262,VORTEX fdc (single Weibull distribution and sector frequencies)
Feature,Point,4.259269435823437,52.77371871619733,-24,GEBCO,10.62,10.62,10.62,10.62,10.62,10.62,10.62,10.62,10.62,10.62,10.62,10.62,10.62,10.62,10.62,10.62,2.25,2.25,2.25,2.25,2.25,2.25,2.25,2.25,2.25,2.25,2.25,2.25,2.25,2.25,2.25,2.25,3.9,3.4,4.7,4.6,5.3,4.7,3.6,4.1,5.5,8.1,13.6,11.3,8.2,7.1,6.2,5.7,9.406457427412674,VORTEX fdc (single Weibull distribution and sector frequencies)
Feature,Point,4.266671838062401,52.77371871619733,-24,GEBCO,10.62,10.62,10.62,10.62,10.62,10.62,10.62,10.62,10.62,10.62,10.62,10.62,10.62,10.62,10.62,10.62,2.25,2.25,2.25,2.25,2.25,2.25,2.25,2.25,2.25,2.25,2.25,2.25,2.25,2.25,2.25,2.25,3.9,3.4,4.7,4.6,5.3,4.7,3.6,4.1,5.5,8.1,13.6,11.3,8.2,7.1,6.2,5.7,9.406457427412674,VORTEX fdc (single Weibull distribution and sector frequencies)
Feature,Point,4.274074240301366,52.77371871619733,-24,GEBCO,10.62,10.62,10.62,10.62,10.62,10.62,10.62,10.62,10.62,10.62,10.62,10.62,10.62,10.62,10.62,10.62,2.25,2.25,2.25,2.25,2.25,2.25,2.25,2.25,2.25,2.25,2.25,2.25,2.25,2.25,2.25,2.25,3.9,3.4,4.7,4.6,5.3,4.7,3.6,4.1,5.5,8.1,13.6,11.3,8.2,7.1,6.2,5.7,9.406457427412674,VORTEX fdc (single Weibull distribution and sector frequencies)
Feature,Point,4.281476642540331,52.77371871619733,-25,GEBCO,10.61,10.61,10.61,10.61,10.61,10.61,10.61,10.61,10.61,10.61,10.61,10.61,10.61,10.61,10.61,10.61,2.25,2.25,2.25,2.25,2.25,2.25,2.25,2.25,2.25,2.25,2.25,2.25,2.25,2.25,2.25,2.25,3.9,3.5,4.6,4.6,5.2,4.7,3.6,4.1,5.5,8.1,13.5,11.3,8.3,7.1,6.2,5.7,9.397600122867088,VORTEX fdc (single Weibull distribution and sector frequencies)
Feature,Point,4.288879044779296,52.77371871619733,-25,GEBCO,10.61,10.61,10.61,10.61,10.61,10.61,10.61,10.61,10.61,10.61,10.61,10.61,10.61,10.61,10.61,10.61,2.25,2.25,2.25,2.25,2.25,2.25,2.25,2.25,2.25,2.25,2.25,2.25,2.25,2.25,2.25,2.25,3.9,3.5,4.6,4.6,5.2,4.7,3.6,4.1,5.5,8.1,13.5,11.3,8.3,7.1,6.2,5.7,9.397600122867088,VORTEX fdc (single Weibull distribution and sector frequencies)
Feature,Point,4.296281447018261,52.77371871619733,-23,GEBCO,10.61,10.61,10.61,10.61,10.61,10.61,10.61,10.61,10.61,10.61,10.61,10.61,10.61,10.61,10.61,10.61,2.25,2.25,2.25,2.25,2.25,2.25,2.25,2.25,2.25,2.25,2.25,2.25,2.25,2.25,2.25,2.25,3.9,3.5,4.6,4.6,5.2,4.7,3.6,4.1,5.5,8.1,13.5,11.3,8.3,7.1,6.2,5.7,9.397600122867088,VORTEX fdc (single Weibull distribution and sector frequencies)
Feature,Point,4.303683849257226,52.77371871619733,-23,GEBCO,10.61,10.61,10.61,10.61,10.61,10.61,10.61,10.61,10.61,10.61,10.61,10.61,10.61,10.61,10.61,10.61,2.25,2.25,2.25,2.25,2.25,2.25,2.25,2.25,2.25,2.25,2.25,2.25,2.25,2.25,2.25,2.25,3.9,3.5,4.6,4.7,5.2,4.7,3.6,4.1,5.5,8.1,13.5,11.3,8.3,7.1,6.3,5.6,9.397600122867088,VORTEX fdc (single Weibull distribution and sector frequencies)
Feature,Point,4.3110862514961905,52.77371871619733,-23,GEBCO,10.61,10.61,10.61,10.61,10.61,10.61,10.61,10.61,10.61,10.61,10.61,10.61,10.61,10.61,10.61,10.61,2.25,2.25,2.25,2.25,2.25,2.25,2.25,2.25,2.25,2.25,2.25,2.25,2.25,2.25,2.25,2.25,3.9,3.5,4.6,4.7,5.2,4.7,3.6,4.1,5.5,8.1,13.5,11.3,8.3,7.1,6.3,5.6,9.397600122867088,VORTEX fdc (single Weibull distribution and sector frequencies)
Feature,Point,4.318488653735155,52.77371871619733,-22,GEBCO,10.61,10.61,10.61,10.61,10.61,10.61,10.61,10.61,10.61,10.61,10.61,10.61,10.61,10.61,10.61,10.61,2.25,2.25,2.25,2.25,2.25,2.25,2.25,2.25,2.25,2.25,2.25,2.25,2.25,2.25,2.25,2.25,3.9,3.5,4.6,4.7,5.2,4.7,3.6,4.1,5.5,8.1,13.5,11.3,8.3,7.1,6.3,5.6,9.397600122867088,VORTEX fdc (single Weibull distribution and sector frequencies)
Feature,Point,4.32589105597412,52.77371871619733,-22,GEBCO,10.6,10.6,10.6,10.6,10.6,10.6,10.6,10.6,10.6,10.6,10.6,10.6,10.6,10.6,10.6,10.6,2.25,2.25,2.25,2.25,2.25,2.25,2.25,2.25,2.25,2.25,2.25,2.25,2.25,2.25,2.25,2.25,3.9,3.4,4.6,4.7,5.2,4.7,3.6,4.1,5.6,8.1,13.5,11.3,8.3,7.1,6.3,5.6,9.388742818321502,VORTEX fdc (single Weibull distribution and sector frequencies)
Feature,Point,4.333293458213085,52.77371871619733,-21,GEBCO,10.6,10.6,10.6,10.6,10.6,10.6,10.6,10.6,10.6,10.6,10.6,10.6,10.6,10.6,10.6,10.6,2.25,2.25,2.25,2.25,2.25,2.25,2.25,2.25,2.25,2.25,2.25,2.25,2.25,2.25,2.25,2.25,3.9,3.4,4.6,4.7,5.2,4.7,3.6,4.1,5.6,8.1,13.5,11.3,8.3,7.1,6.3,5.6,9.388742818321502,VORTEX fdc (single Weibull distribution and sector frequencies)
Feature,Point,4.340695860452049,52.77371871619733,-21,GEBCO,10.6,10.6,10.6,10.6,10.6,10.6,10.6,10.6,10.6,10.6,10.6,10.6,10.6,10.6,10.6,10.6,2.26,2.26,2.26,2.26,2.26,2.26,2.26,2.26,2.26,2.26,2.26,2.26,2.26,2.26,2.26,2.26,3.9,3.4,4.6,4.7,5.2,4.7,3.6,4.1,5.6,8.1,13.5,11.3,8.3,7.1,6.3,5.6,9.389070210831227,VORTEX fdc (single Weibull distribution and sector frequencies)
Feature,Point,4.348098262691014,52.77371871619733,-21,GEBCO,10.6,10.6,10.6,10.6,10.6,10.6,10.6,10.6,10.6,10.6,10.6,10.6,10.6,10.6,10.6,10.6,2.26,2.26,2.26,2.26,2.26,2.26,2.26,2.26,2.26,2.26,2.26,2.26,2.26,2.26,2.26,2.26,3.9,3.4,4.6,4.7,5.2,4.7,3.6,4.1,5.6,8.1,13.5,11.3,8.3,7.1,6.3,5.6,9.389070210831227,VORTEX fdc (single Weibull distribution and sector frequencies)
Feature,Point,4.355500664929979,52.77371871619733,-22,GEBCO,10.6,10.6,10.6,10.6,10.6,10.6,10.6,10.6,10.6,10.6,10.6,10.6,10.6,10.6,10.6,10.6,2.26,2.26,2.26,2.26,2.26,2.26,2.26,2.26,2.26,2.26,2.26,2.26,2.26,2.26,2.26,2.26,3.9,3.4,4.7,4.7,5.2,4.7,3.6,4.1,5.6,8.1,13.5,11.3,8.3,7.2,6.3,5.6,9.389070210831227,VORTEX fdc (single Weibull distribution and sector frequencies)
Feature,Point,4.140831,52.77821029261793,-24,GEBCO,10.67,10.67,10.67,10.67,10.67,10.67,10.67,10.67,10.67,10.67,10.67,10.67,10.67,10.67,10.67,10.67,2.25,2.25,2.25,2.25,2.25,2.25,2.25,2.25,2.25,2.25,2.25,2.25,2.25,2.25,2.25,2.25,3.8,3.4,4.6,4.8,5.2,4.7,3.6,4.1,5.6,8.2,13.4,11.4,8.2,7.1,6.3,5.7,9.450743950140607,VORTEX fdc (single Weibull distribution and sector frequencies)
Feature,Point,4.148233402238965,52.77821029261793,-24,GEBCO,10.66,10.66,10.66,10.66,10.66,10.66,10.66,10.66,10.66,10.66,10.66,10.66,10.66,10.66,10.66,10.66,2.25,2.25,2.25,2.25,2.25,2.25,2.25,2.25,2.25,2.25,2.25,2.25,2.25,2.25,2.25,2.25,3.8,3.4,4.6,4.8,5.2,4.7,3.6,4.1,5.6,8.2,13.4,11.4,8.2,7.1,6.3,5.7,9.441886645595021,VORTEX fdc (single Weibull distribution and sector frequencies)
Feature,Point,4.15563580447793,52.77821029261793,-25,GEBCO,10.66,10.66,10.66,10.66,10.66,10.66,10.66,10.66,10.66,10.66,10.66,10.66,10.66,10.66,10.66,10.66,2.25,2.25,2.25,2.25,2.25,2.25,2.25,2.25,2.25,2.25,2.25,2.25,2.25,2.25,2.25,2.25,3.8,3.4,4.6,4.8,5.2,4.7,3.6,4.2,5.6,8.2,13.4,11.3,8.2,7.2,6.2,5.7,9.441886645595021,VORTEX fdc (single Weibull distribution and sector frequencies)
Feature,Point,4.1630382067168945,52.77821029261793,-25,GEBCO,10.66,10.66,10.66,10.66,10.66,10.66,10.66,10.66,10.66,10.66,10.66,10.66,10.66,10.66,10.66,10.66,2.25,2.25,2.25,2.25,2.25,2.25,2.25,2.25,2.25,2.25,2.25,2.25,2.25,2.25,2.25,2.25,3.8,3.4,4.6,4.8,5.2,4.7,3.6,4.2,5.6,8.2,13.4,11.3,8.2,7.2,6.2,5.7,9.441886645595021,VORTEX fdc (single Weibull distribution and sector frequencies)
Feature,Point,4.170440608955859,52.77821029261793,-25,GEBCO,10.66,10.66,10.66,10.66,10.66,10.66,10.66,10.66,10.66,10.66,10.66,10.66,10.66,10.66,10.66,10.66,2.25,2.25,2.25,2.25,2.25,2.25,2.25,2.25,2.25,2.25,2.25,2.25,2.25,2.25,2.25,2.25,3.8,3.4,4.6,4.8,5.2,4.7,3.6,4.2,5.6,8.2,13.4,11.3,8.2,7.2,6.2,5.7,9.441886645595021,VORTEX fdc (single Weibull distribution and sector frequencies)
Feature,Point,4.177843011194824,52.77821029261793,-25,GEBCO,10.65,10.65,10.65,10.65,10.65,10.65,10.65,10.65,10.65,10.65,10.65,10.65,10.65,10.65,10.65,10.65,2.25,2.25,2.25,2.25,2.25,2.25,2.25,2.25,2.25,2.25,2.25,2.25,2.25,2.25,2.25,2.25,3.8,3.4,4.6,4.8,5.2,4.7,3.6,4.1,5.6,8.1,13.5,11.3,8.2,7.2,6.2,5.7,9.433029341049435,VORTEX fdc (single Weibull distribution and sector frequencies)
Feature,Point,4.185245413433789,52.77821029261793,-24,GEBCO,10.65,10.65,10.65,10.65,10.65,10.65,10.65,10.65,10.65,10.65,10.65,10.65,10.65,10.65,10.65,10.65,2.25,2.25,2.25,2.25,2.25,2.25,2.25,2.25,2.25,2.25,2.25,2.25,2.25,2.25,2.25,2.25,3.8,3.4,4.6,4.8,5.2,4.7,3.6,4.1,5.6,8.1,13.5,11.3,8.2,7.2,6.2,5.7,9.433029341049435,VORTEX fdc (single Weibull distribution and sector frequencies)
Feature,Point,4.192647815672754,52.77821029261793,-24,GEBCO,10.65,10.65,10.65,10.65,10.65,10.65,10.65,10.65,10.65,10.65,10.65,10.65,10.65,10.65,10.65,10.65,2.25,2.25,2.25,2.25,2.25,2.25,2.25,2.25,2.25,2.25,2.25,2.25,2.25,2.25,2.25,2.25,3.8,3.4,4.6,4.8,5.2,4.7,3.6,4.1,5.6,8.1,13.5,11.3,8.2,7.2,6.2,5.7,9.433029341049435,VORTEX fdc (single Weibull distribution and sector frequencies)
Feature,Point,4.200050217911719,52.77821029261793,-24,GEBCO,10.65,10.65,10.65,10.65,10.65,10.65,10.65,10.65,10.65,10.65,10.65,10.65,10.65,10.65,10.65,10.65,2.25,2.25,2.25,2.25,2.25,2.25,2.25,2.25,2.25,2.25,2.25,2.25,2.25,2.25,2.25,2.25,3.8,3.4,4.6,4.7,5.2,4.7,3.6,4.1,5.6,8.1,13.5,11.4,8.2,7.2,6.2,5.7,9.433029341049435,VORTEX fdc (single Weibull distribution and sector frequencies)
Feature,Point,4.207452620150684,52.77821029261793,-24,GEBCO,10.65,10.65,10.65,10.65,10.65,10.65,10.65,10.65,10.65,10.65,10.65,10.65,10.65,10.65,10.65,10.65,2.25,2.25,2.25,2.25,2.25,2.25,2.25,2.25,2.25,2.25,2.25,2.25,2.25,2.25,2.25,2.25,3.8,3.4,4.6,4.7,5.2,4.7,3.6,4.1,5.6,8.1,13.5,11.4,8.2,7.2,6.2,5.7,9.433029341049435,VORTEX fdc (single Weibull distribution and sector frequencies)
Feature,Point,4.214855022389648,52.77821029261793,-23,GEBCO,10.65,10.65,10.65,10.65,10.65,10.65,10.65,10.65,10.65,10.65,10.65,10.65,10.65,10.65,10.65,10.65,2.25,2.25,2.25,2.25,2.25,2.25,2.25,2.25,2.25,2.25,2.25,2.25,2.25,2.25,2.25,2.25,3.8,3.4,4.6,4.7,5.2,4.7,3.6,4.1,5.6,8.1,13.5,11.4,8.2,7.2,6.2,5.7,9.433029341049435,VORTEX fdc (single Weibull distribution and sector frequencies)
Feature,Point,4.222257424628613,52.77821029261793,-23,GEBCO,10.65,10.65,10.65,10.65,10.65,10.65,10.65,10.65,10.65,10.65,10.65,10.65,10.65,10.65,10.65,10.65,2.25,2.25,2.25,2.25,2.25,2.25,2.25,2.25,2.25,2.25,2.25,2.25,2.25,2.25,2.25,2.25,3.8,3.4,4.6,4.7,5.2,4.7,3.6,4.1,5.6,8.1,13.5,11.4,8.2,7.2,6.2,5.7,9.433029341049435,VORTEX fdc (single Weibull distribution and sector frequencies)
Feature,Point,4.229659826867578,52.77821029261793,-24,GEBCO,10.65,10.65,10.65,10.65,10.65,10.65,10.65,10.65,10.65,10.65,10.65,10.65,10.65,10.65,10.65,10.65,2.25,2.25,2.25,2.25,2.25,2.25,2.25,2.25,2.25,2.25,2.25,2.25,2.25,2.25,2.25,2.25,3.8,3.4,4.6,4.7,5.2,4.7,3.7,4,5.6,8.1,13.6,11.3,8.2,7.2,6.3,5.7,9.433029341049435,VORTEX fdc (single Weibull distribution and sector frequencies)
Feature,Point,4.2370622291065425,52.77821029261793,-24,GEBCO,10.64,10.64,10.64,10.64,10.64,10.64,10.64,10.64,10.64,10.64,10.64,10.64,10.64,10.64,10.64,10.64,2.25,2.25,2.25,2.25,2.25,2.25,2.25,2.25,2.25,2.25,2.25,2.25,2.25,2.25,2.25,2.25,3.8,3.4,4.6,4.7,5.2,4.7,3.7,4,5.6,8.1,13.6,11.3,8.2,7.2,6.3,5.7,9.424172036503847,VORTEX fdc (single Weibull distribution and sector frequencies)
Feature,Point,4.244464631345507,52.77821029261793,-24,GEBCO,10.64,10.64,10.64,10.64,10.64,10.64,10.64,10.64,10.64,10.64,10.64,10.64,10.64,10.64,10.64,10.64,2.25,2.25,2.25,2.25,2.25,2.25,2.25,2.25,2.25,2.25,2.25,2.25,2.25,2.25,2.25,2.25,3.8,3.4,4.6,4.7,5.2,4.7,3.7,4,5.6,8.1,13.6,11.3,8.2,7.2,6.3,5.7,9.424172036503847,VORTEX fdc (single Weibull distribution and sector frequencies)
Feature,Point,4.251867033584472,52.77821029261793,-23,GEBCO,10.64,10.64,10.64,10.64,10.64,10.64,10.64,10.64,10.64,10.64,10.64,10.64,10.64,10.64,10.64,10.64,2.25,2.25,2.25,2.25,2.25,2.25,2.25,2.25,2.25,2.25,2.25,2.25,2.25,2.25,2.25,2.25,3.8,3.4,4.6,4.7,5.2,4.7,3.6,4.1,5.5,8.1,13.6,11.3,8.2,7.2,6.2,5.7,9.424172036503847,VORTEX fdc (single Weibull distribution and sector frequencies)
Feature,Point,4.259269435823437,52.77821029261793,-24,GEBCO,10.63,10.63,10.63,10.63,10.63,10.63,10.63,10.63,10.63,10.63,10.63,10.63,10.63,10.63,10.63,10.63,2.25,2.25,2.25,2.25,2.25,2.25,2.25,2.25,2.25,2.25,2.25,2.25,2.25,2.25,2.25,2.25,3.8,3.4,4.6,4.7,5.2,4.7,3.6,4.1,5.5,8.1,13.6,11.3,8.2,7.2,6.2,5.7,9.415314731958262,VORTEX fdc (single Weibull distribution and sector frequencies)
Feature,Point,4.266671838062401,52.77821029261793,-24,GEBCO,10.62,10.62,10.62,10.62,10.62,10.62,10.62,10.62,10.62,10.62,10.62,10.62,10.62,10.62,10.62,10.62,2.25,2.25,2.25,2.25,2.25,2.25,2.25,2.25,2.25,2.25,2.25,2.25,2.25,2.25,2.25,2.25,3.8,3.4,4.6,4.7,5.2,4.7,3.6,4.1,5.5,8.1,13.6,11.3,8.2,7.2,6.2,5.7,9.406457427412674,VORTEX fdc (single Weibull distribution and sector frequencies)
Feature,Point,4.274074240301366,52.77821029261793,-24,GEBCO,10.62,10.62,10.62,10.62,10.62,10.62,10.62,10.62,10.62,10.62,10.62,10.62,10.62,10.62,10.62,10.62,2.25,2.25,2.25,2.25,2.25,2.25,2.25,2.25,2.25,2.25,2.25,2.25,2.25,2.25,2.25,2.25,3.8,3.4,4.6,4.7,5.2,4.7,3.6,4.1,5.5,8.1,13.6,11.3,8.2,7.2,6.2,5.7,9.406457427412674,VORTEX fdc (single Weibull distribution and sector frequencies)
Feature,Point,4.281476642540331,52.77821029261793,-25,GEBCO,10.62,10.62,10.62,10.62,10.62,10.62,10.62,10.62,10.62,10.62,10.62,10.62,10.62,10.62,10.62,10.62,2.25,2.25,2.25,2.25,2.25,2.25,2.25,2.25,2.25,2.25,2.25,2.25,2.25,2.25,2.25,2.25,3.8,3.4,4.6,4.7,5.2,4.7,3.6,4.1,5.5,8.1,13.5,11.4,8.3,7.1,6.2,5.7,9.406457427412674,VORTEX fdc (single Weibull distribution and sector frequencies)
Feature,Point,4.288879044779296,52.77821029261793,-25,GEBCO,10.61,10.61,10.61,10.61,10.61,10.61,10.61,10.61,10.61,10.61,10.61,10.61,10.61,10.61,10.61,10.61,2.25,2.25,2.25,2.25,2.25,2.25,2.25,2.25,2.25,2.25,2.25,2.25,2.25,2.25,2.25,2.25,3.8,3.4,4.6,4.7,5.2,4.7,3.6,4.1,5.5,8.1,13.5,11.4,8.3,7.1,6.2,5.7,9.397600122867088,VORTEX fdc (single Weibull distribution and sector frequencies)
Feature,Point,4.296281447018261,52.77821029261793,-24,GEBCO,10.62,10.62,10.62,10.62,10.62,10.62,10.62,10.62,10.62,10.62,10.62,10.62,10.62,10.62,10.62,10.62,2.25,2.25,2.25,2.25,2.25,2.25,2.25,2.25,2.25,2.25,2.25,2.25,2.25,2.25,2.25,2.25,3.8,3.4,4.6,4.7,5.2,4.7,3.6,4.1,5.5,8.1,13.5,11.4,8.3,7.1,6.2,5.7,9.406457427412674,VORTEX fdc (single Weibull distribution and sector frequencies)
Feature,Point,4.303683849257226,52.77821029261793,-24,GEBCO,10.62,10.62,10.62,10.62,10.62,10.62,10.62,10.62,10.62,10.62,10.62,10.62,10.62,10.62,10.62,10.62,2.25,2.25,2.25,2.25,2.25,2.25,2.25,2.25,2.25,2.25,2.25,2.25,2.25,2.25,2.25,2.25,3.9,3.5,4.5,4.7,5.2,4.7,3.6,4.1,5.6,8,13.6,11.3,8.3,7.2,6.3,5.6,9.406457427412674,VORTEX fdc (single Weibull distribution and sector frequencies)
Feature,Point,4.3110862514961905,52.77821029261793,-24,GEBCO,10.61,10.61,10.61,10.61,10.61,10.61,10.61,10.61,10.61,10.61,10.61,10.61,10.61,10.61,10.61,10.61,2.25,2.25,2.25,2.25,2.25,2.25,2.25,2.25,2.25,2.25,2.25,2.25,2.25,2.25,2.25,2.25,3.9,3.5,4.5,4.7,5.2,4.7,3.6,4.1,5.6,8,13.6,11.3,8.3,7.2,6.3,5.6,9.397600122867088,VORTEX fdc (single Weibull distribution and sector frequencies)
Feature,Point,4.318488653735155,52.77821029261793,-23,GEBCO,10.61,10.61,10.61,10.61,10.61,10.61,10.61,10.61,10.61,10.61,10.61,10.61,10.61,10.61,10.61,10.61,2.25,2.25,2.25,2.25,2.25,2.25,2.25,2.25,2.25,2.25,2.25,2.25,2.25,2.25,2.25,2.25,3.9,3.5,4.5,4.7,5.2,4.7,3.6,4.1,5.6,8,13.6,11.3,8.3,7.2,6.3,5.6,9.397600122867088,VORTEX fdc (single Weibull distribution and sector frequencies)
Feature,Point,4.32589105597412,52.77821029261793,-22,GEBCO,10.61,10.61,10.61,10.61,10.61,10.61,10.61,10.61,10.61,10.61,10.61,10.61,10.61,10.61,10.61,10.61,2.25,2.25,2.25,2.25,2.25,2.25,2.25,2.25,2.25,2.25,2.25,2.25,2.25,2.25,2.25,2.25,3.9,3.5,4.6,4.7,5.2,4.7,3.6,4.1,5.6,8.1,13.5,11.3,8.3,7.2,6.3,5.6,9.397600122867088,VORTEX fdc (single Weibull distribution and sector frequencies)
Feature,Point,4.333293458213085,52.77821029261793,-21,GEBCO,10.61,10.61,10.61,10.61,10.61,10.61,10.61,10.61,10.61,10.61,10.61,10.61,10.61,10.61,10.61,10.61,2.25,2.25,2.25,2.25,2.25,2.25,2.25,2.25,2.25,2.25,2.25,2.25,2.25,2.25,2.25,2.25,3.9,3.5,4.6,4.7,5.2,4.7,3.6,4.1,5.6,8.1,13.5,11.3,8.3,7.2,6.3,5.6,9.397600122867088,VORTEX fdc (single Weibull distribution and sector frequencies)
Feature,Point,4.340695860452049,52.77821029261793,-21,GEBCO,10.61,10.61,10.61,10.61,10.61,10.61,10.61,10.61,10.61,10.61,10.61,10.61,10.61,10.61,10.61,10.61,2.26,2.26,2.26,2.26,2.26,2.26,2.26,2.26,2.26,2.26,2.26,2.26,2.26,2.26,2.26,2.26,3.9,3.5,4.6,4.7,5.2,4.7,3.6,4.1,5.6,8.1,13.5,11.3,8.3,7.2,6.3,5.6,9.397927824237671,VORTEX fdc (single Weibull distribution and sector frequencies)
Feature,Point,4.348098262691014,52.77821029261793,-22,GEBCO,10.6,10.6,10.6,10.6,10.6,10.6,10.6,10.6,10.6,10.6,10.6,10.6,10.6,10.6,10.6,10.6,2.26,2.26,2.26,2.26,2.26,2.26,2.26,2.26,2.26,2.26,2.26,2.26,2.26,2.26,2.26,2.26,3.9,3.5,4.6,4.7,5.2,4.7,3.6,4.1,5.6,8.1,13.5,11.3,8.3,7.2,6.3,5.6,9.389070210831227,VORTEX fdc (single Weibull distribution and sector frequencies)
Feature,Point,4.355500664929979,52.77821029261793,-22,GEBCO,10.6,10.6,10.6,10.6,10.6,10.6,10.6,10.6,10.6,10.6,10.6,10.6,10.6,10.6,10.6,10.6,2.26,2.26,2.26,2.26,2.26,2.26,2.26,2.26,2.26,2.26,2.26,2.26,2.26,2.26,2.26,2.26,3.9,3.4,4.6,4.7,5.2,4.7,3.6,4.1,5.6,8,13.6,11.3,8.4,7.1,6.3,5.6,9.389070210831227,VORTEX fdc (single Weibull distribution and sector frequencies)
Feature,Point,4.140831,52.782701869038526,-24,GEBCO,10.67,10.67,10.67,10.67,10.67,10.67,10.67,10.67,10.67,10.67,10.67,10.67,10.67,10.67,10.67,10.67,2.25,2.25,2.25,2.25,2.25,2.25,2.25,2.25,2.25,2.25,2.25,2.25,2.25,2.25,2.25,2.25,3.8,3.4,4.6,4.8,5.2,4.7,3.6,4.1,5.6,8.2,13.4,11.4,8.2,7.1,6.3,5.7,9.450743950140607,VORTEX fdc (single Weibull distribution and sector frequencies)
Feature,Point,4.148233402238965,52.782701869038526,-24,GEBCO,10.66,10.66,10.66,10.66,10.66,10.66,10.66,10.66,10.66,10.66,10.66,10.66,10.66,10.66,10.66,10.66,2.25,2.25,2.25,2.25,2.25,2.25,2.25,2.25,2.25,2.25,2.25,2.25,2.25,2.25,2.25,2.25,3.8,3.4,4.6,4.8,5.2,4.7,3.6,4.1,5.6,8.2,13.4,11.4,8.2,7.1,6.3,5.7,9.441886645595021,VORTEX fdc (single Weibull distribution and sector frequencies)
Feature,Point,4.15563580447793,52.782701869038526,-25,GEBCO,10.66,10.66,10.66,10.66,10.66,10.66,10.66,10.66,10.66,10.66,10.66,10.66,10.66,10.66,10.66,10.66,2.25,2.25,2.25,2.25,2.25,2.25,2.25,2.25,2.25,2.25,2.25,2.25,2.25,2.25,2.25,2.25,3.8,3.4,4.6,4.8,5.2,4.7,3.6,4.2,5.6,8.2,13.4,11.3,8.2,7.2,6.2,5.7,9.441886645595021,VORTEX fdc (single Weibull distribution and sector frequencies)
Feature,Point,4.1630382067168945,52.782701869038526,-25,GEBCO,10.66,10.66,10.66,10.66,10.66,10.66,10.66,10.66,10.66,10.66,10.66,10.66,10.66,10.66,10.66,10.66,2.25,2.25,2.25,2.25,2.25,2.25,2.25,2.25,2.25,2.25,2.25,2.25,2.25,2.25,2.25,2.25,3.8,3.4,4.6,4.8,5.2,4.7,3.6,4.2,5.6,8.2,13.4,11.3,8.2,7.2,6.2,5.7,9.441886645595021,VORTEX fdc (single Weibull distribution and sector frequencies)
Feature,Point,4.170440608955859,52.782701869038526,-25,GEBCO,10.66,10.66,10.66,10.66,10.66,10.66,10.66,10.66,10.66,10.66,10.66,10.66,10.66,10.66,10.66,10.66,2.25,2.25,2.25,2.25,2.25,2.25,2.25,2.25,2.25,2.25,2.25,2.25,2.25,2.25,2.25,2.25,3.8,3.4,4.6,4.8,5.2,4.7,3.6,4.2,5.6,8.2,13.4,11.3,8.2,7.2,6.2,5.7,9.441886645595021,VORTEX fdc (single Weibull distribution and sector frequencies)
Feature,Point,4.177843011194824,52.782701869038526,-25,GEBCO,10.65,10.65,10.65,10.65,10.65,10.65,10.65,10.65,10.65,10.65,10.65,10.65,10.65,10.65,10.65,10.65,2.25,2.25,2.25,2.25,2.25,2.25,2.25,2.25,2.25,2.25,2.25,2.25,2.25,2.25,2.25,2.25,3.8,3.4,4.6,4.8,5.2,4.7,3.6,4.1,5.6,8.1,13.5,11.3,8.2,7.2,6.2,5.7,9.433029341049435,VORTEX fdc (single Weibull distribution and sector frequencies)
Feature,Point,4.185245413433789,52.782701869038526,-24,GEBCO,10.65,10.65,10.65,10.65,10.65,10.65,10.65,10.65,10.65,10.65,10.65,10.65,10.65,10.65,10.65,10.65,2.25,2.25,2.25,2.25,2.25,2.25,2.25,2.25,2.25,2.25,2.25,2.25,2.25,2.25,2.25,2.25,3.8,3.4,4.6,4.8,5.2,4.7,3.6,4.1,5.6,8.1,13.5,11.3,8.2,7.2,6.2,5.7,9.433029341049435,VORTEX fdc (single Weibull distribution and sector frequencies)
Feature,Point,4.192647815672754,52.782701869038526,-24,GEBCO,10.65,10.65,10.65,10.65,10.65,10.65,10.65,10.65,10.65,10.65,10.65,10.65,10.65,10.65,10.65,10.65,2.25,2.25,2.25,2.25,2.25,2.25,2.25,2.25,2.25,2.25,2.25,2.25,2.25,2.25,2.25,2.25,3.8,3.4,4.6,4.8,5.2,4.7,3.6,4.1,5.6,8.1,13.5,11.3,8.2,7.2,6.2,5.7,9.433029341049435,VORTEX fdc (single Weibull distribution and sector frequencies)
Feature,Point,4.200050217911719,52.782701869038526,-24,GEBCO,10.65,10.65,10.65,10.65,10.65,10.65,10.65,10.65,10.65,10.65,10.65,10.65,10.65,10.65,10.65,10.65,2.25,2.25,2.25,2.25,2.25,2.25,2.25,2.25,2.25,2.25,2.25,2.25,2.25,2.25,2.25,2.25,3.8,3.4,4.6,4.7,5.2,4.7,3.6,4.1,5.6,8.1,13.5,11.4,8.2,7.2,6.2,5.7,9.433029341049435,VORTEX fdc (single Weibull distribution and sector frequencies)
Feature,Point,4.207452620150684,52.782701869038526,-24,GEBCO,10.65,10.65,10.65,10.65,10.65,10.65,10.65,10.65,10.65,10.65,10.65,10.65,10.65,10.65,10.65,10.65,2.25,2.25,2.25,2.25,2.25,2.25,2.25,2.25,2.25,2.25,2.25,2.25,2.25,2.25,2.25,2.25,3.8,3.4,4.6,4.7,5.2,4.7,3.6,4.1,5.6,8.1,13.5,11.4,8.2,7.2,6.2,5.7,9.433029341049435,VORTEX fdc (single Weibull distribution and sector frequencies)
Feature,Point,4.214855022389648,52.782701869038526,-23,GEBCO,10.65,10.65,10.65,10.65,10.65,10.65,10.65,10.65,10.65,10.65,10.65,10.65,10.65,10.65,10.65,10.65,2.25,2.25,2.25,2.25,2.25,2.25,2.25,2.25,2.25,2.25,2.25,2.25,2.25,2.25,2.25,2.25,3.8,3.4,4.6,4.7,5.2,4.7,3.6,4.1,5.6,8.1,13.5,11.4,8.2,7.2,6.2,5.7,9.433029341049435,VORTEX fdc (single Weibull distribution and sector frequencies)
Feature,Point,4.222257424628613,52.782701869038526,-24,GEBCO,10.65,10.65,10.65,10.65,10.65,10.65,10.65,10.65,10.65,10.65,10.65,10.65,10.65,10.65,10.65,10.65,2.25,2.25,2.25,2.25,2.25,2.25,2.25,2.25,2.25,2.25,2.25,2.25,2.25,2.25,2.25,2.25,3.8,3.4,4.6,4.7,5.2,4.7,3.6,4.1,5.6,8.1,13.5,11.4,8.2,7.2,6.2,5.7,9.433029341049435,VORTEX fdc (single Weibull distribution and sector frequencies)
Feature,Point,4.229659826867578,52.782701869038526,-24,GEBCO,10.65,10.65,10.65,10.65,10.65,10.65,10.65,10.65,10.65,10.65,10.65,10.65,10.65,10.65,10.65,10.65,2.25,2.25,2.25,2.25,2.25,2.25,2.25,2.25,2.25,2.25,2.25,2.25,2.25,2.25,2.25,2.25,3.8,3.4,4.6,4.7,5.2,4.7,3.7,4,5.6,8.1,13.6,11.3,8.2,7.2,6.3,5.7,9.433029341049435,VORTEX fdc (single Weibull distribution and sector frequencies)
Feature,Point,4.2370622291065425,52.782701869038526,-24,GEBCO,10.64,10.64,10.64,10.64,10.64,10.64,10.64,10.64,10.64,10.64,10.64,10.64,10.64,10.64,10.64,10.64,2.25,2.25,2.25,2.25,2.25,2.25,2.25,2.25,2.25,2.25,2.25,2.25,2.25,2.25,2.25,2.25,3.8,3.4,4.6,4.7,5.2,4.7,3.7,4,5.6,8.1,13.6,11.3,8.2,7.2,6.3,5.7,9.424172036503847,VORTEX fdc (single Weibull distribution and sector frequencies)
Feature,Point,4.244464631345507,52.782701869038526,-24,GEBCO,10.64,10.64,10.64,10.64,10.64,10.64,10.64,10.64,10.64,10.64,10.64,10.64,10.64,10.64,10.64,10.64,2.25,2.25,2.25,2.25,2.25,2.25,2.25,2.25,2.25,2.25,2.25,2.25,2.25,2.25,2.25,2.25,3.8,3.4,4.6,4.7,5.2,4.7,3.7,4,5.6,8.1,13.6,11.3,8.2,7.2,6.3,5.7,9.424172036503847,VORTEX fdc (single Weibull distribution and sector frequencies)
Feature,Point,4.251867033584472,52.782701869038526,-23,GEBCO,10.64,10.64,10.64,10.64,10.64,10.64,10.64,10.64,10.64,10.64,10.64,10.64,10.64,10.64,10.64,10.64,2.25,2.25,2.25,2.25,2.25,2.25,2.25,2.25,2.25,2.25,2.25,2.25,2.25,2.25,2.25,2.25,3.8,3.4,4.6,4.7,5.2,4.7,3.6,4.1,5.5,8.1,13.6,11.3,8.2,7.2,6.2,5.7,9.424172036503847,VORTEX fdc (single Weibull distribution and sector frequencies)
Feature,Point,4.259269435823437,52.782701869038526,-23,GEBCO,10.63,10.63,10.63,10.63,10.63,10.63,10.63,10.63,10.63,10.63,10.63,10.63,10.63,10.63,10.63,10.63,2.25,2.25,2.25,2.25,2.25,2.25,2.25,2.25,2.25,2.25,2.25,2.25,2.25,2.25,2.25,2.25,3.8,3.4,4.6,4.7,5.2,4.7,3.6,4.1,5.5,8.1,13.6,11.3,8.2,7.2,6.2,5.7,9.415314731958262,VORTEX fdc (single Weibull distribution and sector frequencies)
Feature,Point,4.266671838062401,52.782701869038526,-24,GEBCO,10.62,10.62,10.62,10.62,10.62,10.62,10.62,10.62,10.62,10.62,10.62,10.62,10.62,10.62,10.62,10.62,2.25,2.25,2.25,2.25,2.25,2.25,2.25,2.25,2.25,2.25,2.25,2.25,2.25,2.25,2.25,2.25,3.8,3.4,4.6,4.7,5.2,4.7,3.6,4.1,5.5,8.1,13.6,11.3,8.2,7.2,6.2,5.7,9.406457427412674,VORTEX fdc (single Weibull distribution and sector frequencies)
Feature,Point,4.274074240301366,52.782701869038526,-24,GEBCO,10.62,10.62,10.62,10.62,10.62,10.62,10.62,10.62,10.62,10.62,10.62,10.62,10.62,10.62,10.62,10.62,2.25,2.25,2.25,2.25,2.25,2.25,2.25,2.25,2.25,2.25,2.25,2.25,2.25,2.25,2.25,2.25,3.8,3.4,4.6,4.7,5.2,4.7,3.6,4.1,5.5,8.1,13.6,11.3,8.2,7.2,6.2,5.7,9.406457427412674,VORTEX fdc (single Weibull distribution and sector frequencies)
Feature,Point,4.281476642540331,52.782701869038526,-25,GEBCO,10.62,10.62,10.62,10.62,10.62,10.62,10.62,10.62,10.62,10.62,10.62,10.62,10.62,10.62,10.62,10.62,2.25,2.25,2.25,2.25,2.25,2.25,2.25,2.25,2.25,2.25,2.25,2.25,2.25,2.25,2.25,2.25,3.8,3.4,4.6,4.7,5.2,4.7,3.6,4.1,5.5,8.1,13.5,11.4,8.3,7.1,6.2,5.7,9.406457427412674,VORTEX fdc (single Weibull distribution and sector frequencies)
Feature,Point,4.288879044779296,52.782701869038526,-25,GEBCO,10.61,10.61,10.61,10.61,10.61,10.61,10.61,10.61,10.61,10.61,10.61,10.61,10.61,10.61,10.61,10.61,2.25,2.25,2.25,2.25,2.25,2.25,2.25,2.25,2.25,2.25,2.25,2.25,2.25,2.25,2.25,2.25,3.8,3.4,4.6,4.7,5.2,4.7,3.6,4.1,5.5,8.1,13.5,11.4,8.3,7.1,6.2,5.7,9.397600122867088,VORTEX fdc (single Weibull distribution and sector frequencies)
Feature,Point,4.296281447018261,52.782701869038526,-24,GEBCO,10.62,10.62,10.62,10.62,10.62,10.62,10.62,10.62,10.62,10.62,10.62,10.62,10.62,10.62,10.62,10.62,2.25,2.25,2.25,2.25,2.25,2.25,2.25,2.25,2.25,2.25,2.25,2.25,2.25,2.25,2.25,2.25,3.8,3.4,4.6,4.7,5.2,4.7,3.6,4.1,5.5,8.1,13.5,11.4,8.3,7.1,6.2,5.7,9.406457427412674,VORTEX fdc (single Weibull distribution and sector frequencies)
Feature,Point,4.303683849257226,52.782701869038526,-23,GEBCO,10.62,10.62,10.62,10.62,10.62,10.62,10.62,10.62,10.62,10.62,10.62,10.62,10.62,10.62,10.62,10.62,2.25,2.25,2.25,2.25,2.25,2.25,2.25,2.25,2.25,2.25,2.25,2.25,2.25,2.25,2.25,2.25,3.9,3.5,4.5,4.7,5.2,4.7,3.6,4.1,5.6,8,13.6,11.3,8.3,7.2,6.3,5.6,9.406457427412674,VORTEX fdc (single Weibull distribution and sector frequencies)
Feature,Point,4.3110862514961905,52.782701869038526,-23,GEBCO,10.61,10.61,10.61,10.61,10.61,10.61,10.61,10.61,10.61,10.61,10.61,10.61,10.61,10.61,10.61,10.61,2.25,2.25,2.25,2.25,2.25,2.25,2.25,2.25,2.25,2.25,2.25,2.25,2.25,2.25,2.25,2.25,3.9,3.5,4.5,4.7,5.2,4.7,3.6,4.1,5.6,8,13.6,11.3,8.3,7.2,6.3,5.6,9.397600122867088,VORTEX fdc (single Weibull distribution and sector frequencies)
Feature,Point,4.318488653735155,52.782701869038526,-22,GEBCO,10.61,10.61,10.61,10.61,10.61,10.61,10.61,10.61,10.61,10.61,10.61,10.61,10.61,10.61,10.61,10.61,2.25,2.25,2.25,2.25,2.25,2.25,2.25,2.25,2.25,2.25,2.25,2.25,2.25,2.25,2.25,2.25,3.9,3.5,4.5,4.7,5.2,4.7,3.6,4.1,5.6,8,13.6,11.3,8.3,7.2,6.3,5.6,9.397600122867088,VORTEX fdc (single Weibull distribution and sector frequencies)
Feature,Point,4.32589105597412,52.782701869038526,-22,GEBCO,10.61,10.61,10.61,10.61,10.61,10.61,10.61,10.61,10.61,10.61,10.61,10.61,10.61,10.61,10.61,10.61,2.25,2.25,2.25,2.25,2.25,2.25,2.25,2.25,2.25,2.25,2.25,2.25,2.25,2.25,2.25,2.25,3.9,3.5,4.6,4.7,5.2,4.7,3.6,4.1,5.6,8.1,13.5,11.3,8.3,7.2,6.3,5.6,9.397600122867088,VORTEX fdc (single Weibull distribution and sector frequencies)
Feature,Point,4.333293458213085,52.782701869038526,-21,GEBCO,10.61,10.61,10.61,10.61,10.61,10.61,10.61,10.61,10.61,10.61,10.61,10.61,10.61,10.61,10.61,10.61,2.25,2.25,2.25,2.25,2.25,2.25,2.25,2.25,2.25,2.25,2.25,2.25,2.25,2.25,2.25,2.25,3.9,3.5,4.6,4.7,5.2,4.7,3.6,4.1,5.6,8.1,13.5,11.3,8.3,7.2,6.3,5.6,9.397600122867088,VORTEX fdc (single Weibull distribution and sector frequencies)
Feature,Point,4.340695860452049,52.782701869038526,-21,GEBCO,10.61,10.61,10.61,10.61,10.61,10.61,10.61,10.61,10.61,10.61,10.61,10.61,10.61,10.61,10.61,10.61,2.26,2.26,2.26,2.26,2.26,2.26,2.26,2.26,2.26,2.26,2.26,2.26,2.26,2.26,2.26,2.26,3.9,3.5,4.6,4.7,5.2,4.7,3.6,4.1,5.6,8.1,13.5,11.3,8.3,7.2,6.3,5.6,9.397927824237671,VORTEX fdc (single Weibull distribution and sector frequencies)
Feature,Point,4.348098262691014,52.782701869038526,-21,GEBCO,10.6,10.6,10.6,10.6,10.6,10.6,10.6,10.6,10.6,10.6,10.6,10.6,10.6,10.6,10.6,10.6,2.26,2.26,2.26,2.26,2.26,2.26,2.26,2.26,2.26,2.26,2.26,2.26,2.26,2.26,2.26,2.26,3.9,3.5,4.6,4.7,5.2,4.7,3.6,4.1,5.6,8.1,13.5,11.3,8.3,7.2,6.3,5.6,9.389070210831227,VORTEX fdc (single Weibull distribution and sector frequencies)
Feature,Point,4.355500664929979,52.782701869038526,-22,GEBCO,10.6,10.6,10.6,10.6,10.6,10.6,10.6,10.6,10.6,10.6,10.6,10.6,10.6,10.6,10.6,10.6,2.26,2.26,2.26,2.26,2.26,2.26,2.26,2.26,2.26,2.26,2.26,2.26,2.26,2.26,2.26,2.26,3.9,3.4,4.6,4.7,5.2,4.7,3.6,4.1,5.6,8,13.6,11.3,8.4,7.1,6.3,5.6,9.389070210831227,VORTEX fdc (single Weibull distribution and sector frequencies)
Feature,Point,4.140831,52.787193445459124,-24,GEBCO,10.67,10.67,10.67,10.67,10.67,10.67,10.67,10.67,10.67,10.67,10.67,10.67,10.67,10.67,10.67,10.67,2.25,2.25,2.25,2.25,2.25,2.25,2.25,2.25,2.25,2.25,2.25,2.25,2.25,2.25,2.25,2.25,3.8,3.4,4.6,4.8,5.2,4.7,3.6,4.1,5.6,8.2,13.4,11.4,8.2,7.1,6.3,5.7,9.450743950140607,VORTEX fdc (single Weibull distribution and sector frequencies)
Feature,Point,4.148233402238965,52.787193445459124,-24,GEBCO,10.67,10.67,10.67,10.67,10.67,10.67,10.67,10.67,10.67,10.67,10.67,10.67,10.67,10.67,10.67,10.67,2.25,2.25,2.25,2.25,2.25,2.25,2.25,2.25,2.25,2.25,2.25,2.25,2.25,2.25,2.25,2.25,3.8,3.4,4.6,4.8,5.2,4.7,3.6,4.1,5.6,8.2,13.4,11.4,8.2,7.1,6.3,5.7,9.450743950140607,VORTEX fdc (single Weibull distribution and sector frequencies)
Feature,Point,4.15563580447793,52.787193445459124,-25,GEBCO,10.67,10.67,10.67,10.67,10.67,10.67,10.67,10.67,10.67,10.67,10.67,10.67,10.67,10.67,10.67,10.67,2.25,2.25,2.25,2.25,2.25,2.25,2.25,2.25,2.25,2.25,2.25,2.25,2.25,2.25,2.25,2.25,3.8,3.4,4.6,4.8,5.2,4.7,3.6,4.2,5.6,8.2,13.4,11.3,8.2,7.2,6.2,5.7,9.450743950140607,VORTEX fdc (single Weibull distribution and sector frequencies)
Feature,Point,4.1630382067168945,52.787193445459124,-25,GEBCO,10.67,10.67,10.67,10.67,10.67,10.67,10.67,10.67,10.67,10.67,10.67,10.67,10.67,10.67,10.67,10.67,2.25,2.25,2.25,2.25,2.25,2.25,2.25,2.25,2.25,2.25,2.25,2.25,2.25,2.25,2.25,2.25,3.8,3.4,4.6,4.8,5.2,4.7,3.6,4.2,5.6,8.2,13.4,11.3,8.2,7.2,6.2,5.7,9.450743950140607,VORTEX fdc (single Weibull distribution and sector frequencies)
Feature,Point,4.170440608955859,52.787193445459124,-25,GEBCO,10.66,10.66,10.66,10.66,10.66,10.66,10.66,10.66,10.66,10.66,10.66,10.66,10.66,10.66,10.66,10.66,2.25,2.25,2.25,2.25,2.25,2.25,2.25,2.25,2.25,2.25,2.25,2.25,2.25,2.25,2.25,2.25,3.8,3.4,4.6,4.8,5.2,4.7,3.6,4.2,5.6,8.2,13.4,11.3,8.2,7.2,6.2,5.7,9.441886645595021,VORTEX fdc (single Weibull distribution and sector frequencies)
Feature,Point,4.177843011194824,52.787193445459124,-25,GEBCO,10.66,10.66,10.66,10.66,10.66,10.66,10.66,10.66,10.66,10.66,10.66,10.66,10.66,10.66,10.66,10.66,2.25,2.25,2.25,2.25,2.25,2.25,2.25,2.25,2.25,2.25,2.25,2.25,2.25,2.25,2.25,2.25,3.8,3.4,4.6,4.8,5.2,4.7,3.6,4.1,5.6,8.1,13.5,11.3,8.2,7.2,6.2,5.7,9.441886645595021,VORTEX fdc (single Weibull distribution and sector frequencies)
Feature,Point,4.185245413433789,52.787193445459124,-24,GEBCO,10.66,10.66,10.66,10.66,10.66,10.66,10.66,10.66,10.66,10.66,10.66,10.66,10.66,10.66,10.66,10.66,2.25,2.25,2.25,2.25,2.25,2.25,2.25,2.25,2.25,2.25,2.25,2.25,2.25,2.25,2.25,2.25,3.8,3.4,4.6,4.8,5.2,4.7,3.6,4.1,5.6,8.1,13.5,11.3,8.2,7.2,6.2,5.7,9.441886645595021,VORTEX fdc (single Weibull distribution and sector frequencies)
Feature,Point,4.192647815672754,52.787193445459124,-24,GEBCO,10.66,10.66,10.66,10.66,10.66,10.66,10.66,10.66,10.66,10.66,10.66,10.66,10.66,10.66,10.66,10.66,2.25,2.25,2.25,2.25,2.25,2.25,2.25,2.25,2.25,2.25,2.25,2.25,2.25,2.25,2.25,2.25,3.8,3.4,4.6,4.8,5.2,4.7,3.6,4.1,5.6,8.1,13.5,11.3,8.2,7.2,6.2,5.7,9.441886645595021,VORTEX fdc (single Weibull distribution and sector frequencies)
Feature,Point,4.200050217911719,52.787193445459124,-24,GEBCO,10.66,10.66,10.66,10.66,10.66,10.66,10.66,10.66,10.66,10.66,10.66,10.66,10.66,10.66,10.66,10.66,2.25,2.25,2.25,2.25,2.25,2.25,2.25,2.25,2.25,2.25,2.25,2.25,2.25,2.25,2.25,2.25,3.8,3.4,4.6,4.7,5.2,4.7,3.6,4.1,5.6,8.1,13.5,11.4,8.2,7.2,6.2,5.7,9.441886645595021,VORTEX fdc (single Weibull distribution and sector frequencies)
Feature,Point,4.207452620150684,52.787193445459124,-24,GEBCO,10.65,10.65,10.65,10.65,10.65,10.65,10.65,10.65,10.65,10.65,10.65,10.65,10.65,10.65,10.65,10.65,2.25,2.25,2.25,2.25,2.25,2.25,2.25,2.25,2.25,2.25,2.25,2.25,2.25,2.25,2.25,2.25,3.8,3.4,4.6,4.7,5.2,4.7,3.6,4.1,5.6,8.1,13.5,11.4,8.2,7.2,6.2,5.7,9.433029341049435,VORTEX fdc (single Weibull distribution and sector frequencies)
Feature,Point,4.214855022389648,52.787193445459124,-23,GEBCO,10.65,10.65,10.65,10.65,10.65,10.65,10.65,10.65,10.65,10.65,10.65,10.65,10.65,10.65,10.65,10.65,2.25,2.25,2.25,2.25,2.25,2.25,2.25,2.25,2.25,2.25,2.25,2.25,2.25,2.25,2.25,2.25,3.8,3.4,4.6,4.7,5.2,4.7,3.6,4.1,5.6,8.1,13.5,11.4,8.2,7.2,6.2,5.7,9.433029341049435,VORTEX fdc (single Weibull distribution and sector frequencies)
Feature,Point,4.222257424628613,52.787193445459124,-24,GEBCO,10.65,10.65,10.65,10.65,10.65,10.65,10.65,10.65,10.65,10.65,10.65,10.65,10.65,10.65,10.65,10.65,2.25,2.25,2.25,2.25,2.25,2.25,2.25,2.25,2.25,2.25,2.25,2.25,2.25,2.25,2.25,2.25,3.8,3.4,4.6,4.7,5.2,4.7,3.6,4.1,5.6,8.1,13.5,11.4,8.2,7.2,6.2,5.7,9.433029341049435,VORTEX fdc (single Weibull distribution and sector frequencies)
Feature,Point,4.229659826867578,52.787193445459124,-24,GEBCO,10.65,10.65,10.65,10.65,10.65,10.65,10.65,10.65,10.65,10.65,10.65,10.65,10.65,10.65,10.65,10.65,2.25,2.25,2.25,2.25,2.25,2.25,2.25,2.25,2.25,2.25,2.25,2.25,2.25,2.25,2.25,2.25,3.8,3.4,4.6,4.7,5.2,4.7,3.7,4,5.6,8.1,13.6,11.3,8.2,7.2,6.3,5.7,9.433029341049435,VORTEX fdc (single Weibull distribution and sector frequencies)
Feature,Point,4.2370622291065425,52.787193445459124,-24,GEBCO,10.65,10.65,10.65,10.65,10.65,10.65,10.65,10.65,10.65,10.65,10.65,10.65,10.65,10.65,10.65,10.65,2.25,2.25,2.25,2.25,2.25,2.25,2.25,2.25,2.25,2.25,2.25,2.25,2.25,2.25,2.25,2.25,3.8,3.4,4.6,4.7,5.2,4.7,3.7,4,5.6,8.1,13.6,11.3,8.2,7.2,6.3,5.7,9.433029341049435,VORTEX fdc (single Weibull distribution and sector frequencies)
Feature,Point,4.244464631345507,52.787193445459124,-24,GEBCO,10.65,10.65,10.65,10.65,10.65,10.65,10.65,10.65,10.65,10.65,10.65,10.65,10.65,10.65,10.65,10.65,2.25,2.25,2.25,2.25,2.25,2.25,2.25,2.25,2.25,2.25,2.25,2.25,2.25,2.25,2.25,2.25,3.8,3.4,4.6,4.7,5.2,4.7,3.7,4,5.6,8.1,13.6,11.3,8.2,7.2,6.3,5.7,9.433029341049435,VORTEX fdc (single Weibull distribution and sector frequencies)
Feature,Point,4.251867033584472,52.787193445459124,-24,GEBCO,10.64,10.64,10.64,10.64,10.64,10.64,10.64,10.64,10.64,10.64,10.64,10.64,10.64,10.64,10.64,10.64,2.25,2.25,2.25,2.25,2.25,2.25,2.25,2.25,2.25,2.25,2.25,2.25,2.25,2.25,2.25,2.25,3.8,3.4,4.6,4.7,5.2,4.7,3.6,4.1,5.5,8.1,13.6,11.3,8.2,7.2,6.2,5.7,9.424172036503847,VORTEX fdc (single Weibull distribution and sector frequencies)
Feature,Point,4.259269435823437,52.787193445459124,-23,GEBCO,10.64,10.64,10.64,10.64,10.64,10.64,10.64,10.64,10.64,10.64,10.64,10.64,10.64,10.64,10.64,10.64,2.25,2.25,2.25,2.25,2.25,2.25,2.25,2.25,2.25,2.25,2.25,2.25,2.25,2.25,2.25,2.25,3.8,3.4,4.6,4.7,5.2,4.7,3.6,4.1,5.5,8.1,13.6,11.3,8.2,7.2,6.2,5.7,9.424172036503847,VORTEX fdc (single Weibull distribution and sector frequencies)
Feature,Point,4.266671838062401,52.787193445459124,-24,GEBCO,10.63,10.63,10.63,10.63,10.63,10.63,10.63,10.63,10.63,10.63,10.63,10.63,10.63,10.63,10.63,10.63,2.25,2.25,2.25,2.25,2.25,2.25,2.25,2.25,2.25,2.25,2.25,2.25,2.25,2.25,2.25,2.25,3.8,3.4,4.6,4.7,5.2,4.7,3.6,4.1,5.5,8.1,13.6,11.3,8.2,7.2,6.2,5.7,9.415314731958262,VORTEX fdc (single Weibull distribution and sector frequencies)
Feature,Point,4.274074240301366,52.787193445459124,-25,GEBCO,10.63,10.63,10.63,10.63,10.63,10.63,10.63,10.63,10.63,10.63,10.63,10.63,10.63,10.63,10.63,10.63,2.25,2.25,2.25,2.25,2.25,2.25,2.25,2.25,2.25,2.25,2.25,2.25,2.25,2.25,2.25,2.25,3.8,3.4,4.6,4.7,5.2,4.7,3.6,4.1,5.5,8.1,13.6,11.3,8.2,7.2,6.2,5.7,9.415314731958262,VORTEX fdc (single Weibull distribution and sector frequencies)
Feature,Point,4.281476642540331,52.787193445459124,-25,GEBCO,10.63,10.63,10.63,10.63,10.63,10.63,10.63,10.63,10.63,10.63,10.63,10.63,10.63,10.63,10.63,10.63,2.25,2.25,2.25,2.25,2.25,2.25,2.25,2.25,2.25,2.25,2.25,2.25,2.25,2.25,2.25,2.25,3.8,3.4,4.6,4.7,5.2,4.7,3.6,4.1,5.5,8.1,13.5,11.4,8.3,7.1,6.2,5.7,9.415314731958262,VORTEX fdc (single Weibull distribution and sector frequencies)
Feature,Point,4.288879044779296,52.787193445459124,-25,GEBCO,10.62,10.62,10.62,10.62,10.62,10.62,10.62,10.62,10.62,10.62,10.62,10.62,10.62,10.62,10.62,10.62,2.25,2.25,2.25,2.25,2.25,2.25,2.25,2.25,2.25,2.25,2.25,2.25,2.25,2.25,2.25,2.25,3.8,3.4,4.6,4.7,5.2,4.7,3.6,4.1,5.5,8.1,13.5,11.4,8.3,7.1,6.2,5.7,9.406457427412674,VORTEX fdc (single Weibull distribution and sector frequencies)
Feature,Point,4.296281447018261,52.787193445459124,-25,GEBCO,10.62,10.62,10.62,10.62,10.62,10.62,10.62,10.62,10.62,10.62,10.62,10.62,10.62,10.62,10.62,10.62,2.25,2.25,2.25,2.25,2.25,2.25,2.25,2.25,2.25,2.25,2.25,2.25,2.25,2.25,2.25,2.25,3.8,3.4,4.6,4.7,5.2,4.7,3.6,4.1,5.5,8.1,13.5,11.4,8.3,7.1,6.2,5.7,9.406457427412674,VORTEX fdc (single Weibull distribution and sector frequencies)
Feature,Point,4.303683849257226,52.787193445459124,-24,GEBCO,10.62,10.62,10.62,10.62,10.62,10.62,10.62,10.62,10.62,10.62,10.62,10.62,10.62,10.62,10.62,10.62,2.25,2.25,2.25,2.25,2.25,2.25,2.25,2.25,2.25,2.25,2.25,2.25,2.25,2.25,2.25,2.25,3.9,3.5,4.5,4.7,5.2,4.7,3.6,4.1,5.6,8,13.6,11.3,8.3,7.2,6.3,5.6,9.406457427412674,VORTEX fdc (single Weibull distribution and sector frequencies)
Feature,Point,4.3110862514961905,52.787193445459124,-23,GEBCO,10.61,10.61,10.61,10.61,10.61,10.61,10.61,10.61,10.61,10.61,10.61,10.61,10.61,10.61,10.61,10.61,2.25,2.25,2.25,2.25,2.25,2.25,2.25,2.25,2.25,2.25,2.25,2.25,2.25,2.25,2.25,2.25,3.9,3.5,4.5,4.7,5.2,4.7,3.6,4.1,5.6,8,13.6,11.3,8.3,7.2,6.3,5.6,9.397600122867088,VORTEX fdc (single Weibull distribution and sector frequencies)
Feature,Point,4.318488653735155,52.787193445459124,-23,GEBCO,10.61,10.61,10.61,10.61,10.61,10.61,10.61,10.61,10.61,10.61,10.61,10.61,10.61,10.61,10.61,10.61,2.25,2.25,2.25,2.25,2.25,2.25,2.25,2.25,2.25,2.25,2.25,2.25,2.25,2.25,2.25,2.25,3.9,3.5,4.5,4.7,5.2,4.7,3.6,4.1,5.6,8,13.6,11.3,8.3,7.2,6.3,5.6,9.397600122867088,VORTEX fdc (single Weibull distribution and sector frequencies)
Feature,Point,4.32589105597412,52.787193445459124,-22,GEBCO,10.61,10.61,10.61,10.61,10.61,10.61,10.61,10.61,10.61,10.61,10.61,10.61,10.61,10.61,10.61,10.61,2.25,2.25,2.25,2.25,2.25,2.25,2.25,2.25,2.25,2.25,2.25,2.25,2.25,2.25,2.25,2.25,3.9,3.5,4.6,4.7,5.2,4.7,3.6,4.1,5.6,8.1,13.5,11.3,8.3,7.2,6.3,5.6,9.397600122867088,VORTEX fdc (single Weibull distribution and sector frequencies)
Feature,Point,4.333293458213085,52.787193445459124,-22,GEBCO,10.61,10.61,10.61,10.61,10.61,10.61,10.61,10.61,10.61,10.61,10.61,10.61,10.61,10.61,10.61,10.61,2.25,2.25,2.25,2.25,2.25,2.25,2.25,2.25,2.25,2.25,2.25,2.25,2.25,2.25,2.25,2.25,3.9,3.5,4.6,4.7,5.2,4.7,3.6,4.1,5.6,8.1,13.5,11.3,8.3,7.2,6.3,5.6,9.397600122867088,VORTEX fdc (single Weibull distribution and sector frequencies)
Feature,Point,4.340695860452049,52.787193445459124,-21,GEBCO,10.6,10.6,10.6,10.6,10.6,10.6,10.6,10.6,10.6,10.6,10.6,10.6,10.6,10.6,10.6,10.6,2.26,2.26,2.26,2.26,2.26,2.26,2.26,2.26,2.26,2.26,2.26,2.26,2.26,2.26,2.26,2.26,3.9,3.5,4.6,4.7,5.2,4.7,3.6,4.1,5.6,8.1,13.5,11.3,8.3,7.2,6.3,5.6,9.389070210831227,VORTEX fdc (single Weibull distribution and sector frequencies)
Feature,Point,4.348098262691014,52.787193445459124,-22,GEBCO,10.6,10.6,10.6,10.6,10.6,10.6,10.6,10.6,10.6,10.6,10.6,10.6,10.6,10.6,10.6,10.6,2.26,2.26,2.26,2.26,2.26,2.26,2.26,2.26,2.26,2.26,2.26,2.26,2.26,2.26,2.26,2.26,3.9,3.5,4.6,4.7,5.2,4.7,3.6,4.1,5.6,8.1,13.5,11.3,8.3,7.2,6.3,5.6,9.389070210831227,VORTEX fdc (single Weibull distribution and sector frequencies)
Feature,Point,4.355500664929979,52.787193445459124,-22,GEBCO,10.6,10.6,10.6,10.6,10.6,10.6,10.6,10.6,10.6,10.6,10.6,10.6,10.6,10.6,10.6,10.6,2.26,2.26,2.26,2.26,2.26,2.26,2.26,2.26,2.26,2.26,2.26,2.26,2.26,2.26,2.26,2.26,3.9,3.4,4.6,4.7,5.2,4.7,3.6,4.1,5.6,8,13.6,11.3,8.4,7.1,6.3,5.6,9.389070210831227,VORTEX fdc (single Weibull distribution and sector frequencies)
