Wind direction,Wind speed,Turbine 0,Turbine 1,Turbine 2,Turbine 3,Turbine 4,Turbine 5,Turbine 6,Turbine 7,Turbine 8,Turbine 9,Turbine 10,Turbine 11,Turbine 12,Turbine 13,Turbine 14,Turbine 15,Turbine 16,Turbine 17,Turbine 18,Turbine 19,Turbine 20,Turbine 21,Turbine 22,Turbine 23,Turbine 24,Turbine 25,Turbine 26,Turbine 27,Turbine 28,Turbine 29,Turbine 30,Turbine 31,Turbine 32,Turbine 33,Turbine 34,Turbine 35,Turbine 36,Turbine 37,Turbine 38,Turbine 39,Turbine 40,Turbine 41,Turbine 42,Turbine 43,Turbine 44,Turbine 45,Turbine 46,Turbine 47,Turbine 48,Turbine 49,Turbine 50,Turbine 51,Turbine 52,Turbine 53,Turbine 54,Turbine 55,Turbine 56,Turbine 57,Turbine 58,Turbine 59,Turbine 60,Turbine 61,Turbine 62,Turbine 63,Turbine 64,Turbine 65,Turbine 66,Turbine 67,Turbine 68
0,9,0.0,0.0,0.0,0.0,0.0,1.875,0.0,1.25,1.25,3.125,0.0,1.25,0.0,0.0,1.25,0.0,0.0,2.5,0.0,0.0,3.75,1.25,2.5,1.25,0.0,3.75,1.25,0.0,3.75,2.5,1.25,3.125,3.75,3.75,3.75,2.5,1.25,3.75,3.75,3.75,1.25,0.0,3.75,3.75,3.75,0.0,5.0,3.75,1.25,4.375,0.0,1.25,1.25,1.25,0.0,2.5,2.5,3.75,5.0,3.75,3.75,5.0,5.0,2.5,1.25,2.5,3.75,3.75,3.125
0,10,0.0,0.0,0.0,0.0,0.0,1.25,0.0,0.625,0.0,2.5,0.0,1.25,0.0,0.0,1.25,0.0,0.0,2.5,0.0,0.0,2.5,1.25,2.5,0.0,0.0,3.125,0.625,0.0,2.5,2.5,1.25,2.5,2.5,3.75,3.75,2.5,1.25,3.75,3.75,3.75,1.25,0.0,3.75,3.125,3.75,0.0,4.375,3.75,1.25,3.75,0.0,0.0,1.25,1.25,0.0,2.5,1.25,3.75,5.0,3.75,3.75,5.0,3.75,1.25,1.25,2.5,3.75,3.75,2.5
0,11,0.0,0.0,0.0,0.0,0.0,1.25,0.0,0.625,0.625,2.5,0.0,1.25,0.0,0.0,1.25,0.0,0.0,1.875,0.0,0.0,2.5,0.625,1.25,0.0,0.0,2.5,0.625,0.0,2.5,2.5,1.25,2.5,2.5,2.5,2.5,1.875,1.25,2.5,2.5,3.125,1.25,0.0,3.75,2.5,2.5,0.0,3.75,3.75,1.25,3.75,0.0,0.0,1.25,1.25,0.0,2.5,1.25,2.5,3.75,3.75,3.75,4.375,3.75,1.25,1.25,1.875,2.5,2.5,2.5
1,9,0.0,0.0,0.0,0.0,0.0,1.25,0.0,1.25,0.0,2.5,0.0,1.25,0.0,0.0,1.25,0.0,0.0,2.5,0.0,0.0,3.75,1.25,2.5,0.0,0.0,3.75,1.25,0.0,3.75,3.125,1.25,2.5,3.75,3.75,3.75,2.5,1.25,3.75,3.75,3.75,1.25,0.0,3.75,3.75,3.75,0.0,5.0,4.375,1.25,4.375,0.0,0.625,1.25,2.5,0.0,3.75,1.25,3.75,5.0,2.5,3.75,5.0,5.0,2.5,1.25,2.5,3.75,3.75,3.125
1,10,0.0,0.0,0.0,0.0,0.0,1.25,0.0,1.25,0.0,2.5,0.0,1.25,0.0,0.0,1.25,0.0,0.0,1.875,0.0,0.0,3.125,1.25,1.25,0.0,0.0,3.75,0.625,0.0,3.125,2.5,1.25,2.5,3.125,3.75,3.125,2.5,1.25,3.75,3.75,3.75,1.25,0.0,3.75,3.125,3.75,0.0,5.0,3.75,1.25,3.75,0.0,0.0,1.25,1.875,0.0,3.125,1.25,3.75,5.0,2.5,3.75,5.0,4.375,1.25,1.25,2.5,3.75,3.75,2.5
1,11,0.0,0.0,0.0,0.0,0.0,1.25,0.0,1.25,0.0,1.875,0.0,1.25,0.0,0.0,1.25,0.0,0.0,1.25,0.0,0.0,2.5,1.25,1.25,0.0,0.0,2.5,0.625,0.0,2.5,2.5,1.25,2.5,2.5,3.125,2.5,1.875,1.25,2.5,3.75,3.125,1.25,0.0,3.125,2.5,2.5,0.0,3.75,3.75,1.25,3.75,0.0,0.0,1.25,1.875,0.0,2.5,1.25,2.5,3.75,2.5,3.75,3.75,3.75,1.25,1.25,2.5,2.5,3.125,2.5
2,9,0.0,0.0,0.0,0.0,0.0,1.25,0.0,1.25,0.0,2.5,0.0,1.25,0.0,0.0,1.25,0.0,0.0,2.5,0.0,0.0,3.75,1.25,1.25,0.0,0.0,3.75,1.25,0.0,3.75,3.75,1.25,2.5,3.75,3.75,3.75,2.5,1.25,3.75,3.75,3.75,1.25,0.0,3.75,3.75,3.75,0.0,5.0,4.375,0.0,4.375,0.0,0.625,1.25,2.5,0.0,3.75,1.25,3.75,5.0,2.5,3.75,5.0,5.0,1.875,1.25,3.125,3.75,3.75,3.125
2,10,0.0,0.0,0.0,0.0,0.0,1.25,0.0,1.25,0.0,1.25,0.0,1.25,0.0,0.0,1.25,0.0,0.0,1.25,0.0,0.0,2.5,1.25,1.25,0.0,0.0,3.75,1.25,0.0,3.75,2.5,1.25,2.5,3.75,3.75,3.125,2.5,1.25,3.75,3.75,3.75,1.25,0.0,3.75,3.75,3.125,0.0,4.375,3.75,0.0,3.75,0.0,0.0,1.25,2.5,0.0,3.75,1.25,3.75,5.0,2.5,3.75,4.375,4.375,1.25,1.25,2.5,3.75,3.75,2.5
2,11,0.0,0.0,0.0,0.0,0.0,1.25,0.0,1.25,0.0,1.25,0.0,1.25,0.0,0.0,1.25,0.0,0.0,1.25,0.0,0.0,2.5,1.25,1.25,0.0,0.0,2.5,0.625,0.0,2.5,2.5,1.25,2.5,2.5,3.125,2.5,1.25,1.25,2.5,3.75,3.75,1.25,0.0,2.5,3.125,2.5,0.0,3.75,3.75,0.0,3.75,0.0,0.0,1.25,2.5,0.0,2.5,1.25,2.5,3.75,2.5,3.75,3.75,3.75,1.25,1.25,2.5,2.5,3.125,2.5
3,9,0.0,0.0,0.0,0.0,0.0,1.25,0.0,1.25,0.0,1.25,0.0,1.25,0.0,0.0,1.25,0.0,1.25,2.5,1.25,0.0,3.75,1.25,1.25,0.0,0.0,3.75,1.25,0.0,3.75,3.75,1.25,2.5,3.75,3.75,3.75,1.875,1.25,3.75,3.75,4.375,1.25,0.0,3.75,3.75,3.75,0.0,5.0,4.375,0.0,4.375,0.0,0.625,1.25,2.5,0.0,3.75,1.25,3.75,5.0,2.5,3.75,5.0,5.0,1.25,1.875,3.75,3.75,3.75,3.75
3,10,0.0,0.0,0.0,0.0,0.0,1.25,0.0,1.25,0.0,1.25,0.0,1.25,0.0,0.0,1.25,0.0,0.625,1.25,0.625,0.0,2.5,1.25,1.25,0.0,0.0,3.75,1.25,0.0,3.75,2.5,1.25,2.5,3.75,3.75,3.125,1.25,1.25,3.75,3.75,3.75,1.25,0.0,3.75,3.75,3.75,0.0,5.0,3.75,0.0,3.75,0.0,0.0,1.25,2.5,0.0,3.75,1.25,3.75,5.0,2.5,3.75,4.375,4.375,1.25,1.25,3.75,3.75,3.75,3.125
3,11,0.0,0.0,0.0,0.0,0.0,1.25,0.0,1.25,0.0,1.25,0.0,1.25,0.0,0.0,1.25,0.0,0.625,1.25,0.625,0.0,2.5,1.25,1.25,0.0,0.0,2.5,1.25,0.0,2.5,2.5,1.25,2.5,2.5,3.125,2.5,1.25,1.25,2.5,3.75,3.75,1.25,0.0,2.5,3.75,2.5,0.0,3.75,3.75,0.0,3.75,0.0,0.0,1.25,2.5,0.0,2.5,1.25,3.125,3.75,2.5,3.75,3.75,3.75,1.25,1.25,2.5,2.5,3.125,2.5
4,9,0.0,0.0,0.0,0.0,0.0,1.25,0.0,1.25,0.0,1.25,0.0,1.25,0.0,0.0,1.25,0.0,1.25,1.875,1.25,0.0,3.125,1.25,1.25,0.0,0.0,3.75,1.25,0.0,3.75,3.75,1.25,2.5,3.75,4.375,3.75,1.25,1.25,3.75,3.75,3.75,1.875,0.0,3.75,3.75,3.75,0.0,5.0,4.375,0.0,5.0,0.0,1.25,1.25,3.125,0.0,3.75,0.0,3.75,5.0,1.25,3.75,5.0,5.0,1.25,2.5,3.75,3.75,3.75,3.75
4,10,0.0,0.0,0.0,0.0,0.0,1.25,0.0,1.25,0.0,1.25,0.0,1.25,0.0,0.0,1.25,0.0,1.25,1.25,1.25,0.0,2.5,1.25,1.25,0.0,0.0,3.75,1.25,0.0,3.75,2.5,1.25,2.5,3.75,3.75,3.125,1.25,1.25,3.75,3.75,3.75,1.875,0.0,3.75,3.75,3.75,0.0,4.375,3.75,0.0,3.75,0.0,0.0,1.25,2.5,0.0,3.75,0.0,3.75,5.0,1.25,3.75,4.375,4.375,1.25,1.25,3.75,3.75,3.75,3.75
4,11,0.0,0.0,0.0,0.0,0.0,0.625,0.0,1.25,0.0,1.25,0.0,1.25,0.0,0.0,1.25,0.0,1.25,1.25,1.25,0.0,2.5,1.25,1.25,0.0,0.0,3.125,1.25,0.0,3.125,2.5,0.625,1.875,2.5,3.75,2.5,1.25,1.25,2.5,3.75,3.75,1.25,0.0,2.5,3.75,2.5,0.0,3.75,3.75,0.0,3.75,0.0,0.0,1.25,2.5,0.0,2.5,0.0,3.125,3.75,1.25,3.75,3.75,3.75,1.25,1.25,2.5,2.5,3.125,2.5
5,9,0.0,0.0,0.0,0.0,0.0,1.25,0.0,1.25,0.0,1.25,0.0,1.25,0.0,0.0,1.25,0.0,1.25,1.25,1.25,0.0,3.125,1.25,1.25,0.0,0.0,3.75,1.25,0.0,4.375,3.75,1.25,2.5,3.75,5.0,3.75,1.25,1.875,3.75,3.75,3.75,2.5,0.0,3.75,3.75,3.75,0.0,5.0,4.375,0.0,5.0,0.0,1.25,1.25,3.75,0.0,3.75,0.0,3.75,5.0,1.25,3.75,5.0,5.0,1.25,2.5,3.75,3.75,4.375,3.75
5,10,0.0,0.0,0.0,0.0,0.0,0.0,0.0,1.25,0.0,0.625,0.0,1.25,0.0,0.0,1.25,0.0,1.25,1.25,1.25,0.0,2.5,1.25,1.25,0.0,0.0,3.75,1.25,0.0,3.75,2.5,1.25,2.5,3.75,3.75,3.125,1.25,2.5,3.125,3.75,3.75,2.5,0.0,3.75,3.75,3.75,0.0,4.375,3.75,0.0,4.375,0.0,0.625,1.25,3.125,0.0,3.75,0.0,3.75,5.0,1.25,3.75,4.375,4.375,1.25,2.5,3.75,3.75,3.75,3.75
5,11,0.0,0.0,0.0,0.0,0.0,0.0,0.0,1.25,0.0,0.0,0.0,1.25,0.0,0.0,1.25,0.0,1.25,1.25,1.25,0.0,2.5,1.25,1.25,0.0,0.0,3.125,1.25,0.0,3.125,2.5,1.25,1.25,2.5,3.75,2.5,1.25,1.25,2.5,3.75,3.75,1.25,0.0,2.5,3.75,2.5,0.0,3.75,3.75,0.0,3.75,0.0,0.625,1.25,2.5,0.0,3.125,0.0,3.75,3.75,1.25,3.75,3.75,3.75,1.25,1.25,2.5,3.125,3.75,3.125
6,9,0.0,0.0,0.0,0.0,0.0,0.0,0.0,1.25,0.0,0.0,0.0,1.25,0.0,0.0,1.25,0.0,1.25,1.25,1.25,0.0,2.5,1.25,1.25,0.0,0.0,3.75,1.25,0.0,4.375,3.75,1.25,2.5,3.75,5.0,3.75,1.25,2.5,3.75,3.75,4.375,2.5,0.0,3.75,4.375,3.75,0.0,5.0,3.75,0.0,5.0,0.0,1.25,1.25,3.75,0.0,3.75,0.0,3.75,5.0,1.25,3.75,4.375,5.0,1.25,2.5,3.75,3.75,3.75,4.375
6,10,0.0,0.0,0.0,0.0,0.0,0.0,0.0,1.25,0.0,0.0,0.0,1.25,0.0,0.0,1.25,0.0,1.25,1.25,1.25,0.0,2.5,1.25,1.25,0.0,0.0,3.75,1.25,0.0,3.75,2.5,1.25,1.875,3.75,3.75,3.125,1.25,2.5,3.125,3.75,3.75,2.5,0.0,3.75,3.75,3.75,0.0,4.375,3.75,0.0,4.375,0.0,1.25,1.25,3.75,0.0,3.75,0.0,3.75,5.0,1.25,2.5,3.75,3.75,1.25,2.5,3.75,3.75,3.75,3.75
6,11,0.0,0.0,0.0,0.0,0.0,0.0,0.0,1.25,0.0,0.0,0.0,1.25,0.0,0.0,1.25,0.0,1.25,1.25,1.25,0.0,2.5,1.25,1.25,0.0,0.0,3.125,1.25,0.0,3.75,2.5,1.25,1.25,2.5,3.75,2.5,1.25,1.875,2.5,3.75,3.75,1.875,0.0,2.5,3.75,2.5,0.0,3.75,3.75,0.0,3.75,0.0,1.25,1.25,2.5,0.0,3.125,0.0,3.75,3.75,1.25,2.5,3.75,3.75,1.25,1.25,2.5,3.125,3.125,3.75
7,9,0.0,0.0,0.0,0.0,0.0,0.0,0.0,1.25,0.0,0.0,0.0,1.25,0.0,0.0,1.25,0.0,2.5,1.25,1.25,0.0,2.5,1.25,1.25,0.0,0.0,3.75,1.875,0.0,5.0,3.75,1.25,1.875,3.75,5.0,3.75,1.25,2.5,3.75,3.75,4.375,2.5,0.0,3.75,5.0,3.75,0.0,5.0,3.75,0.0,5.0,0.0,1.25,1.25,3.75,0.0,3.75,0.0,3.75,5.0,1.25,2.5,4.375,5.0,1.25,2.5,3.75,3.75,3.75,4.375
7,10,0.0,0.0,0.0,0.0,0.0,0.0,0.0,1.25,0.0,0.0,0.0,1.25,0.0,0.0,1.25,0.0,1.25,1.25,1.25,0.0,2.5,1.25,1.25,0.0,0.0,3.75,1.25,0.0,3.75,2.5,1.25,1.25,3.125,3.75,3.75,1.25,2.5,3.75,3.75,3.75,2.5,0.0,3.75,3.75,3.75,0.0,4.375,3.75,0.0,4.375,0.0,1.25,1.25,3.75,0.0,3.75,0.0,3.75,4.375,1.25,2.5,3.75,3.75,1.25,2.5,3.75,3.75,3.75,3.75
7,11,0.0,0.0,0.0,0.0,0.0,0.0,0.0,1.25,0.0,0.0,0.0,1.25,0.0,0.0,1.25,0.0,1.25,1.25,1.25,0.0,2.5,1.25,1.25,0.0,0.0,3.125,1.25,0.0,3.75,2.5,1.25,1.25,2.5,3.75,2.5,1.25,2.5,2.5,3.75,3.75,1.875,0.0,2.5,3.75,2.5,0.0,3.75,3.75,0.0,3.75,0.0,1.25,1.25,2.5,0.0,3.75,0.0,3.75,3.75,1.25,2.5,3.75,3.75,1.25,1.875,2.5,3.125,3.125,3.75
8,9,0.0,0.0,0.0,0.0,0.0,0.0,0.0,1.25,0.0,0.0,0.0,1.25,0.0,0.0,1.25,0.0,2.5,1.25,1.875,0.0,2.5,1.25,1.25,0.0,0.0,3.75,2.5,0.625,5.0,2.5,1.25,1.25,2.5,5.0,3.75,1.25,2.5,3.75,3.75,4.375,2.5,0.0,3.75,4.375,3.75,0.0,5.0,3.75,0.0,5.0,0.0,1.25,1.25,3.75,0.0,3.75,0.0,4.375,5.0,1.25,2.5,4.375,5.0,1.25,2.5,3.75,3.75,3.75,4.375
8,10,0.0,0.0,0.0,0.0,0.0,0.0,0.0,1.25,0.0,0.0,0.0,1.25,0.0,0.0,1.25,0.0,2.5,1.25,1.25,0.0,2.5,1.25,1.25,0.0,0.0,3.75,1.25,0.0,4.375,2.5,1.25,1.25,2.5,3.75,3.75,1.25,2.5,3.75,3.75,3.75,2.5,0.0,3.75,3.75,3.75,0.0,3.75,3.75,0.0,4.375,0.0,1.25,1.25,3.75,0.0,3.75,0.0,3.75,4.375,0.0,2.5,3.75,3.75,1.25,2.5,3.75,3.75,3.75,3.75
8,11,0.0,0.0,0.0,0.0,0.0,0.0,0.0,1.25,0.0,0.0,0.0,1.25,0.0,0.0,1.25,0.0,1.875,1.25,1.25,0.0,1.875,1.25,1.25,0.0,0.0,2.5,1.875,0.0,3.75,2.5,1.25,1.25,2.5,3.75,2.5,0.625,2.5,2.5,3.75,3.75,1.875,0.0,2.5,3.75,3.125,0.0,3.75,3.125,0.0,3.75,0.0,1.25,1.25,3.125,0.0,3.75,0.0,3.75,3.75,0.0,2.5,3.75,2.5,1.25,2.5,2.5,3.125,3.75,3.75
9,9,0.0,0.0,0.0,0.0,0.0,0.0,0.0,1.25,0.0,0.0,0.0,1.25,0.0,0.0,1.25,0.0,2.5,1.25,1.875,0.0,2.5,1.25,1.25,0.0,0.0,3.75,2.5,1.25,5.0,2.5,1.25,1.25,2.5,5.0,3.75,1.25,2.5,3.75,3.75,4.375,2.5,0.0,3.75,4.375,3.75,0.0,5.0,3.75,0.0,5.0,0.0,2.5,1.25,3.75,0.0,4.375,0.0,4.375,5.0,1.25,2.5,4.375,4.375,1.875,3.125,3.75,3.75,5.0,5.0
9,10,0.0,0.0,0.0,0.0,0.0,0.0,0.0,1.25,0.0,0.0,0.0,1.25,0.0,0.0,1.25,0.0,2.5,1.25,1.25,0.0,2.5,1.25,1.25,0.0,0.0,3.75,2.5,0.625,3.75,2.5,1.25,1.25,2.5,4.375,3.75,1.25,2.5,3.75,3.75,3.75,2.5,0.0,3.75,4.375,3.75,0.0,3.75,3.75,0.0,4.375,0.0,1.25,1.25,3.75,0.0,3.75,0.0,3.75,4.375,0.0,1.875,3.75,3.75,1.25,2.5,3.75,3.75,3.75,4.375
9,11,0.0,0.0,0.0,0.0,0.0,0.0,0.0,1.25,0.0,0.0,0.0,1.25,0.0,0.0,1.25,0.0,2.5,1.25,1.25,0.0,1.875,1.25,1.25,0.0,0.0,2.5,2.5,0.0,3.75,2.5,1.25,1.25,2.5,3.75,3.125,0.625,2.5,2.5,3.75,3.75,2.5,0.0,2.5,3.75,3.75,0.0,3.75,3.125,0.0,3.75,0.0,1.25,1.25,3.125,0.0,3.75,0.0,3.75,3.75,0.0,1.25,3.75,2.5,1.25,2.5,2.5,3.125,3.75,3.75
10,9,0.0,0.0,0.0,0.0,0.0,0.0,0.0,1.25,0.0,0.0,0.0,1.25,0.0,0.0,1.25,0.0,2.5,1.875,1.875,0.0,2.5,2.5,2.5,0.0,0.0,3.75,2.5,1.25,5.0,2.5,1.25,1.25,2.5,5.0,3.75,1.25,3.75,3.75,3.75,4.375,2.5,0.0,3.75,4.375,3.75,0.0,5.0,3.75,0.0,5.0,0.0,2.5,1.25,3.75,0.0,5.0,0.0,5.0,5.0,1.25,1.25,4.375,3.75,1.25,3.75,3.75,3.75,5.0,5.0
10,10,0.0,0.0,0.0,0.0,0.0,0.0,0.0,1.25,0.0,0.0,0.0,1.25,0.0,0.0,1.25,0.0,2.5,1.25,1.25,0.0,2.5,1.25,1.875,0.0,0.0,3.75,2.5,1.25,3.75,2.5,1.25,1.25,2.5,4.375,3.75,1.25,3.125,3.125,3.75,3.75,2.5,0.0,3.75,3.75,3.75,0.0,3.75,3.75,0.0,4.375,0.0,1.875,1.25,3.75,0.0,4.375,0.0,4.375,3.75,0.625,1.25,3.75,2.5,1.25,2.5,3.75,3.75,3.75,5.0
10,11,0.0,0.0,0.0,0.0,0.0,0.0,0.0,1.25,0.0,0.0,0.0,1.25,0.0,0.0,1.25,0.0,2.5,1.25,1.25,0.0,1.25,1.25,1.25,0.0,0.0,2.5,2.5,1.25,3.75,2.5,1.25,1.25,2.5,3.75,3.125,0.625,2.5,2.5,3.75,3.75,2.5,0.0,3.125,3.75,3.75,0.0,3.75,2.5,0.0,3.75,0.0,1.875,1.25,3.125,0.0,3.75,0.0,3.75,3.75,0.625,1.25,3.75,2.5,1.25,2.5,2.5,3.125,3.75,3.75
11,9,0.0,0.0,0.0,0.0,0.0,0.0,0.0,1.25,0.0,0.0,0.0,1.25,0.0,0.0,1.25,0.0,3.125,2.5,1.875,0.0,2.5,2.5,2.5,0.0,0.0,3.75,2.5,1.25,4.375,2.5,1.25,1.25,2.5,5.0,3.75,1.25,3.75,3.75,3.75,4.375,2.5,0.0,3.75,3.75,5.0,0.0,4.375,3.75,1.25,5.0,0.0,2.5,1.875,3.75,0.0,5.0,0.0,5.0,5.0,1.25,1.25,4.375,3.75,1.875,3.75,3.75,3.75,4.375,5.0
11,10,0.0,0.0,0.0,0.0,0.0,0.0,0.0,1.25,0.0,0.0,0.0,1.25,0.0,0.0,1.25,0.0,3.125,1.875,1.25,0.0,1.875,1.875,2.5,0.0,0.0,3.125,2.5,1.25,3.75,2.5,1.25,1.25,2.5,3.75,3.75,1.25,3.125,3.75,3.75,3.75,2.5,0.0,3.75,3.75,3.75,0.0,3.75,3.75,0.625,4.375,0.0,2.5,1.875,3.75,0.0,5.0,0.0,4.375,3.75,0.625,1.25,3.75,2.5,1.25,3.125,3.75,3.75,3.75,5.0
11,11,0.0,0.0,0.0,0.0,0.0,0.0,0.0,1.25,0.0,0.0,0.0,1.25,0.0,0.0,1.25,0.0,2.5,1.25,1.25,0.0,1.25,1.25,1.875,0.0,0.0,2.5,2.5,1.25,3.75,1.875,1.25,1.25,2.5,3.75,3.75,1.25,2.5,2.5,3.75,3.75,2.5,0.0,3.125,3.75,3.75,0.0,3.75,2.5,0.625,3.75,0.0,2.5,1.25,3.125,0.0,3.75,0.0,3.75,3.75,0.625,1.25,3.75,2.5,1.25,2.5,3.125,3.125,3.75,3.75
12,9,0.0,0.0,0.0,0.0,0.0,0.0,0.0,1.25,0.0,0.0,0.0,1.25,0.0,0.0,1.25,0.0,3.125,2.5,1.25,0.0,2.5,2.5,2.5,0.0,0.0,3.75,2.5,1.25,3.75,2.5,1.875,1.25,2.5,5.0,4.375,1.25,3.75,3.75,3.75,4.375,2.5,0.0,3.75,3.75,5.0,0.0,4.375,3.75,1.25,5.0,0.0,2.5,2.5,3.75,0.0,5.0,0.0,5.0,5.0,1.25,1.25,5.0,3.125,2.5,3.75,3.75,3.75,5.0,5.0
12,10,0.0,0.0,0.0,0.0,0.0,0.0,0.0,1.25,0.0,0.0,0.0,1.25,0.0,0.0,1.25,0.0,2.5,2.5,1.25,0.0,2.5,1.25,2.5,0.0,0.0,3.125,2.5,1.25,3.75,1.875,1.875,1.25,2.5,3.75,3.75,1.25,3.75,3.75,3.75,3.75,2.5,0.0,3.75,3.75,4.375,0.0,3.75,3.75,1.25,4.375,0.0,2.5,2.5,3.75,0.0,5.0,0.0,4.375,3.75,1.25,1.25,4.375,2.5,1.875,3.75,3.75,3.75,3.75,5.0
12,11,0.0,0.0,0.0,0.0,0.0,0.0,0.0,1.25,0.0,0.0,0.0,1.25,0.0,0.0,1.25,0.0,2.5,1.25,1.25,0.0,1.25,1.25,2.5,0.0,0.0,2.5,2.5,1.25,3.125,1.25,1.25,1.25,2.5,3.75,3.75,0.625,2.5,2.5,3.125,3.75,2.5,0.0,3.75,3.75,3.75,0.0,3.75,2.5,0.625,3.75,0.0,2.5,1.25,3.125,0.0,3.75,0.0,3.75,3.75,1.25,1.25,3.75,2.5,1.25,2.5,3.125,3.125,3.75,3.75
13,9,0.0,0.0,0.0,0.0,0.0,0.0,0.0,1.25,0.0,0.0,0.0,1.25,0.0,0.0,1.25,0.0,3.75,2.5,1.25,0.0,2.5,2.5,3.75,0.0,0.0,3.125,2.5,2.5,3.75,1.875,2.5,1.875,2.5,5.0,5.0,1.25,3.75,3.75,3.75,4.375,3.125,0.0,3.75,3.75,5.0,0.0,4.375,3.75,1.25,5.0,0.0,2.5,2.5,3.75,0.0,5.0,0.0,5.0,4.375,1.25,1.25,5.0,2.5,2.5,3.75,3.75,3.75,5.0,5.0
13,10,0.0,0.0,0.0,0.0,0.0,0.0,0.0,1.25,0.0,0.0,0.0,1.25,0.0,0.0,1.25,0.0,2.5,2.5,1.25,0.0,2.5,1.25,3.75,0.0,0.0,2.5,2.5,1.25,3.75,1.25,2.5,1.25,2.5,3.75,3.75,1.25,3.75,3.75,3.75,3.75,2.5,0.0,3.75,3.75,5.0,0.0,3.75,3.75,1.25,4.375,0.0,2.5,2.5,3.75,0.0,5.0,0.0,4.375,3.75,1.25,1.25,4.375,2.5,2.5,3.75,3.75,3.75,4.375,5.0
13,11,0.0,0.0,0.0,0.0,0.0,0.0,0.0,1.25,0.0,0.0,0.0,1.25,0.0,0.0,1.25,0.0,2.5,1.875,1.25,0.0,1.875,1.25,2.5,0.0,0.0,2.5,2.5,1.25,2.5,1.25,1.25,1.25,1.25,3.75,3.75,0.625,3.125,2.5,3.125,3.75,2.5,0.0,3.75,3.75,3.75,0.0,3.75,2.5,1.25,3.75,0.0,2.5,2.5,3.125,0.0,3.75,0.0,3.75,3.75,1.25,1.25,3.75,1.875,1.25,2.5,2.5,3.125,3.75,4.375
14,9,0.0,0.0,0.0,0.0,0.0,0.0,0.0,1.25,0.0,0.0,0.0,1.25,0.0,0.0,2.5,0.0,3.75,2.5,1.25,0.0,2.5,2.5,3.75,0.0,0.0,2.5,2.5,2.5,3.75,1.25,2.5,2.5,2.5,4.375,4.375,1.25,3.75,3.75,3.75,4.375,3.75,0.0,4.375,3.75,5.0,0.0,3.75,3.75,1.25,5.0,0.0,2.5,2.5,3.75,0.0,5.0,0.0,5.0,3.75,1.25,1.25,5.0,2.5,2.5,3.75,3.75,3.75,5.0,5.0
14,10,0.0,0.0,0.0,0.0,0.0,0.0,0.0,1.25,0.0,0.0,0.0,1.25,0.0,0.0,1.875,0.0,3.75,2.5,1.25,0.0,2.5,1.25,3.75,0.0,0.0,2.5,2.5,1.875,3.75,1.25,2.5,1.25,2.5,3.75,3.75,1.25,3.75,3.75,3.75,3.75,2.5,0.0,3.75,3.75,5.0,0.0,3.75,3.75,1.25,5.0,0.0,2.5,2.5,3.75,0.0,5.0,0.0,5.0,3.75,1.25,1.25,4.375,1.875,2.5,3.75,3.75,3.75,5.0,5.0
14,11,0.0,0.0,0.0,0.0,0.0,0.0,0.0,1.25,0.0,0.0,0.0,1.25,0.0,0.0,1.25,0.0,2.5,2.5,1.25,0.0,2.5,1.25,2.5,0.0,0.0,2.5,2.5,1.25,2.5,1.25,1.875,1.25,1.25,3.75,3.75,1.25,3.125,2.5,2.5,3.75,2.5,0.0,3.75,3.125,3.75,0.0,3.75,2.5,1.25,3.75,0.0,2.5,2.5,3.75,0.0,3.75,0.0,3.75,3.75,1.25,1.25,3.75,1.25,1.875,2.5,2.5,3.75,3.75,4.375
15,9,0.0,0.0,0.0,0.0,0.0,1.25,0.0,1.875,0.0,1.25,0.0,1.25,0.0,0.0,2.5,0.0,3.75,2.5,1.25,0.0,3.125,2.5,3.75,0.0,0.0,2.5,2.5,2.5,3.75,1.25,2.5,2.5,2.5,3.75,4.375,1.25,3.75,3.75,3.75,3.75,3.75,1.25,4.375,3.75,5.0,0.0,3.75,3.75,1.25,5.0,0.0,2.5,2.5,3.75,0.0,5.0,0.0,5.0,4.375,1.25,1.25,5.0,2.5,2.5,3.75,3.75,3.75,5.0,5.0
15,10,0.0,0.0,0.0,0.0,0.0,0.0,0.0,1.25,0.0,0.625,0.0,1.25,0.0,0.0,2.5,0.0,3.75,2.5,1.25,0.0,2.5,1.875,3.75,0.0,0.0,2.5,2.5,2.5,3.125,1.25,2.5,2.5,2.5,3.75,3.75,1.25,3.75,3.125,3.75,3.75,3.75,1.25,3.75,3.75,5.0,0.0,3.75,3.75,1.25,4.375,0.0,2.5,2.5,3.75,0.0,5.0,0.0,5.0,3.75,1.25,1.25,4.375,1.25,2.5,3.75,3.75,3.75,4.375,5.0
15,11,0.0,0.0,0.0,0.0,0.0,1.25,0.0,1.25,0.0,0.625,0.0,1.25,0.0,0.0,2.5,0.0,2.5,2.5,1.25,0.0,2.5,1.25,3.75,0.0,0.0,2.5,2.5,1.25,2.5,1.25,2.5,1.25,1.875,3.125,3.75,1.25,3.125,2.5,2.5,3.75,2.5,0.625,3.75,3.125,3.75,0.0,3.75,2.5,1.25,3.75,0.0,2.5,2.5,3.75,0.0,3.75,0.0,3.75,3.75,1.25,1.25,3.75,1.25,2.5,3.125,3.125,3.125,3.75,4.375
16,9,0.0,0.0,0.0,1.25,0.0,1.25,0.0,2.5,0.0,1.25,0.0,1.25,0.0,0.0,2.5,0.0,3.75,3.125,0.625,0.0,3.75,2.5,3.75,0.0,0.0,2.5,2.5,2.5,3.75,1.25,2.5,2.5,2.5,3.75,3.75,1.25,3.75,2.5,3.75,4.375,3.75,1.25,4.375,3.75,5.0,0.0,3.75,3.75,1.25,5.0,0.0,2.5,3.75,3.75,0.0,5.0,0.0,5.0,5.0,1.25,1.25,5.0,2.5,3.125,3.75,3.75,3.75,5.0,5.0
16,10,0.0,0.0,0.0,1.25,0.0,1.25,0.0,1.25,0.0,1.25,0.0,1.25,0.0,0.0,2.5,0.0,3.125,3.125,0.0,0.0,2.5,1.25,3.75,0.0,0.0,2.5,2.5,2.5,2.5,1.25,2.5,2.5,2.5,3.75,3.75,1.25,3.125,2.5,3.75,3.75,3.75,1.25,3.75,3.75,5.0,0.0,3.75,3.75,1.25,4.375,0.0,2.5,3.125,3.75,0.0,5.0,0.0,5.0,4.375,1.25,1.25,4.375,1.875,2.5,3.75,3.75,3.75,5.0,5.0
16,11,0.0,0.0,0.0,1.25,0.0,1.25,0.0,1.25,0.0,1.25,0.0,1.25,0.0,0.0,2.5,0.0,2.5,2.5,0.0,0.0,2.5,1.25,3.75,0.0,0.0,2.5,2.5,1.25,2.5,1.25,2.5,2.5,2.5,2.5,3.75,1.25,2.5,2.5,2.5,3.75,2.5,1.25,3.75,2.5,3.75,0.0,3.75,2.5,1.25,3.75,0.0,2.5,2.5,3.125,0.0,3.75,0.0,3.75,3.75,1.25,1.25,3.75,1.25,2.5,3.125,3.75,3.125,3.75,4.375
17,9,0.0,1.25,0.0,1.25,0.0,1.25,0.0,2.5,0.0,1.25,0.0,1.25,0.0,0.0,2.5,0.0,3.125,3.75,0.0,0.0,3.75,2.5,4.375,0.0,0.0,2.5,2.5,2.5,2.5,1.25,2.5,2.5,2.5,3.75,3.75,1.25,3.125,2.5,3.75,3.75,3.75,1.25,5.0,3.75,5.0,0.0,3.75,3.75,1.25,5.0,0.0,2.5,3.75,3.75,0.0,5.0,0.0,5.0,5.0,1.875,1.25,5.0,2.5,3.75,3.75,3.75,3.75,5.0,5.0
17,10,0.0,0.625,0.0,1.25,0.0,1.25,0.0,2.5,0.0,1.25,0.0,1.25,0.0,0.0,2.5,0.0,2.5,3.75,0.0,0.0,3.75,1.875,4.375,0.0,0.0,2.5,2.5,2.5,2.5,1.25,2.5,2.5,2.5,3.75,3.75,1.25,2.5,2.5,3.75,3.75,3.75,1.25,3.75,3.75,5.0,0.0,3.75,3.75,1.25,4.375,0.0,2.5,3.125,3.75,0.0,5.0,0.0,5.0,3.75,1.25,1.25,4.375,2.5,3.125,3.75,3.75,3.75,5.0,5.0
17,11,0.0,1.25,0.0,1.25,0.0,1.25,0.0,1.875,0.0,1.25,0.0,1.25,0.0,0.0,2.5,0.0,2.5,3.125,0.0,0.0,2.5,1.875,3.75,0.0,0.0,2.5,2.5,1.25,2.5,1.25,2.5,2.5,2.5,2.5,3.125,1.25,2.5,2.5,2.5,3.75,3.125,1.25,3.75,2.5,3.75,0.0,3.125,2.5,1.25,3.75,0.0,2.5,2.5,3.125,0.0,3.75,0.0,3.75,3.75,1.25,1.25,3.75,1.875,2.5,3.125,3.125,3.75,3.75,4.375
18,9,0.0,1.25,0.0,1.25,0.0,2.5,0.0,2.5,0.0,1.25,0.0,1.25,0.0,0.0,3.125,0.0,3.75,3.75,0.0,0.0,4.375,2.5,5.0,0.0,0.0,2.5,2.5,2.5,2.5,1.25,2.5,3.125,3.75,3.75,3.75,2.5,3.125,2.5,3.75,3.75,3.75,1.25,4.375,3.75,5.0,0.0,3.75,3.75,1.25,5.0,0.0,2.5,3.75,3.75,0.0,5.0,0.0,5.0,4.375,2.5,1.25,5.0,2.5,3.75,3.75,3.75,3.75,5.0,5.0
18,10,0.0,1.25,0.0,1.25,0.0,1.25,0.0,2.5,0.0,1.25,0.0,1.25,0.0,0.0,2.5,0.0,3.125,3.75,0.0,0.0,3.75,2.5,4.375,0.0,0.0,2.5,1.25,2.5,2.5,1.25,2.5,2.5,3.125,3.125,3.75,1.25,2.5,2.5,3.75,3.75,3.75,1.25,3.75,3.75,5.0,0.0,3.75,3.75,1.875,3.75,0.0,2.5,3.75,3.75,0.0,5.0,0.0,5.0,3.75,1.25,1.25,4.375,2.5,3.75,3.75,3.75,3.75,5.0,5.0
18,11,0.0,1.25,0.0,1.25,0.0,1.875,0.0,2.5,0.0,1.25,0.0,1.25,0.0,0.0,2.5,0.0,2.5,3.75,0.0,0.0,3.125,2.5,3.75,0.0,0.0,2.5,1.25,1.25,2.5,1.25,2.5,2.5,2.5,2.5,3.125,1.25,2.5,2.5,2.5,3.125,3.75,1.25,3.75,2.5,3.75,0.0,3.125,2.5,1.25,3.75,0.0,2.5,3.125,3.75,0.0,3.75,0.0,3.75,3.75,1.25,1.25,3.75,2.5,2.5,3.125,3.75,3.75,3.75,4.375
19,9,0.0,1.25,0.0,2.5,0.0,2.5,0.0,3.125,0.0,1.25,0.0,1.25,0.0,0.0,3.75,0.0,3.75,3.75,0.0,0.0,4.375,2.5,5.0,0.0,0.0,3.125,1.25,2.5,2.5,1.25,3.75,3.75,3.75,3.125,3.75,2.5,3.125,2.5,3.75,3.75,3.75,2.5,3.75,3.75,5.0,0.0,3.75,3.75,1.25,4.375,0.0,3.125,3.75,3.75,0.0,5.0,0.0,5.0,5.0,2.5,2.5,5.0,2.5,3.75,3.75,3.75,4.375,5.0,5.0
19,10,0.0,1.25,0.0,1.25,0.0,2.5,0.0,2.5,0.0,1.25,0.0,1.25,0.0,0.0,3.125,0.0,3.125,3.75,0.0,0.0,3.75,2.5,5.0,0.0,0.0,2.5,1.25,1.25,2.5,1.25,2.5,2.5,3.75,2.5,3.75,1.25,2.5,2.5,3.75,3.75,3.75,2.5,3.75,3.75,5.0,0.0,3.75,3.75,1.875,3.75,0.0,2.5,3.75,3.75,0.0,5.0,0.0,5.0,3.75,1.25,1.25,4.375,2.5,3.75,3.75,3.75,3.75,5.0,5.0
19,11,0.0,1.25,0.0,1.25,0.0,2.5,0.0,2.5,0.0,1.25,0.0,1.25,0.0,0.0,3.75,0.0,2.5,3.75,0.0,0.0,3.75,2.5,4.375,0.0,0.0,2.5,1.25,1.25,2.5,1.25,2.5,2.5,2.5,2.5,2.5,1.25,2.5,1.875,2.5,3.125,3.75,1.25,3.75,2.5,3.75,0.0,3.125,2.5,1.25,3.75,0.0,2.5,3.75,3.75,0.0,3.75,0.0,3.75,3.75,1.25,1.25,3.75,2.5,2.5,3.125,3.75,3.75,3.75,4.375
20,9,0.0,1.25,0.0,2.5,0.0,2.5,0.0,3.75,0.0,1.25,0.0,1.25,0.0,0.0,3.75,0.0,2.5,4.375,0.0,0.0,5.0,2.5,5.0,0.0,0.0,3.75,1.25,1.25,2.5,1.25,3.75,3.75,3.75,2.5,3.75,2.5,2.5,2.5,3.75,3.75,3.75,2.5,3.75,3.75,5.0,0.0,3.75,3.75,1.25,5.0,0.0,3.75,3.75,3.75,0.0,5.0,0.625,5.0,5.0,2.5,2.5,5.0,3.75,3.75,3.75,4.375,4.375,5.0,5.0
20,10,0.0,1.25,0.0,2.5,0.0,2.5,0.0,3.125,0.0,1.25,0.0,1.25,0.0,0.0,3.75,0.0,2.5,3.75,0.0,0.0,3.75,2.5,5.0,0.0,0.0,2.5,1.25,1.25,2.5,1.25,3.125,3.75,3.75,2.5,3.125,2.5,2.5,2.5,3.75,3.75,3.75,2.5,3.75,3.75,4.375,0.0,3.75,3.75,1.25,3.75,0.0,2.5,3.75,3.75,0.0,5.0,0.0,4.375,4.375,1.25,2.5,5.0,2.5,3.75,3.75,3.75,3.75,5.0,5.0
20,11,0.0,1.25,0.0,2.5,0.0,2.5,0.0,2.5,0.0,1.25,0.0,1.25,0.0,0.0,3.75,0.0,2.5,3.75,0.0,0.0,3.75,2.5,4.375,0.0,0.0,2.5,1.25,1.25,2.5,1.25,2.5,2.5,3.75,2.5,2.5,2.5,2.5,1.25,2.5,3.125,3.75,2.5,3.75,2.5,3.75,0.0,3.75,3.125,1.25,3.75,0.0,2.5,3.75,3.75,0.0,3.75,0.0,3.75,3.75,1.25,1.875,3.75,2.5,3.125,3.125,3.75,3.75,3.75,4.375
21,9,0.0,1.25,0.0,2.5,0.0,2.5,0.0,3.75,0.0,1.25,0.0,1.25,0.0,0.0,3.75,0.0,2.5,4.375,0.0,0.0,5.0,2.5,5.0,0.0,0.0,3.75,1.25,1.25,2.5,1.25,3.75,3.75,3.75,2.5,3.75,2.5,2.5,2.5,3.75,3.75,3.75,2.5,3.75,3.75,5.0,0.0,3.75,3.75,1.25,5.0,0.0,3.75,4.375,3.75,0.0,5.0,1.25,4.375,5.0,2.5,2.5,5.0,3.75,4.375,3.75,4.375,4.375,5.0,5.0
21,10,0.0,1.25,0.0,2.5,0.0,2.5,0.0,3.125,0.0,1.25,0.0,1.25,0.0,0.0,3.75,0.0,2.5,4.375,0.0,0.0,4.375,2.5,5.0,0.0,0.0,3.125,1.25,1.25,2.5,1.25,3.75,3.75,3.75,2.5,3.125,2.5,2.5,1.875,3.75,3.75,3.75,2.5,3.75,3.75,3.75,0.0,3.75,3.75,1.25,3.75,0.0,3.125,3.75,3.75,0.0,5.0,0.625,3.75,4.375,1.25,2.5,5.0,3.125,3.75,3.75,3.75,3.75,5.0,5.0
21,11,0.0,1.25,0.0,2.5,0.0,2.5,0.0,2.5,0.0,1.25,0.0,1.25,0.0,0.0,3.75,0.0,2.5,3.75,0.0,0.0,3.75,2.5,4.375,0.0,0.0,2.5,1.25,1.25,2.5,1.25,2.5,3.125,3.75,2.5,2.5,2.5,2.5,1.25,2.5,2.5,3.75,2.5,3.125,3.125,3.75,0.0,3.75,3.125,1.25,3.75,0.0,2.5,3.75,3.75,0.0,3.75,0.625,3.75,3.75,1.25,2.5,3.75,2.5,3.75,3.125,3.75,3.75,3.75,4.375
22,9,0.0,1.25,0.0,2.5,0.0,2.5,0.0,3.75,0.0,1.25,0.0,1.25,0.0,0.0,3.75,0.0,2.5,5.0,0.0,0.0,5.0,2.5,5.0,1.25,0.0,3.75,1.25,1.25,2.5,1.25,3.75,3.75,5.0,2.5,3.125,2.5,2.5,1.875,3.75,3.75,3.75,3.75,3.75,3.75,5.0,0.625,3.75,3.75,1.25,4.375,0.0,3.75,4.375,4.375,0.0,5.0,1.25,4.375,5.0,2.5,3.75,5.0,3.75,4.375,3.75,4.375,5.0,5.0,5.0
22,10,0.0,1.25,0.0,2.5,0.0,2.5,0.0,3.125,0.0,1.25,0.0,1.25,0.0,0.0,3.75,0.0,2.5,4.375,0.0,0.0,5.0,2.5,5.0,0.625,0.0,3.75,0.625,1.25,2.5,1.25,3.125,3.75,4.375,2.5,2.5,2.5,2.5,1.875,3.75,3.75,3.75,3.125,3.75,3.75,3.75,0.625,3.75,3.75,1.25,3.75,0.0,3.125,3.75,4.375,0.0,5.0,1.25,3.75,4.375,1.875,2.5,5.0,3.75,3.75,3.75,3.75,3.75,5.0,5.0
22,11,0.0,1.25,0.0,2.5,0.0,2.5,0.0,2.5,0.0,1.25,0.0,1.25,0.0,0.0,3.75,0.0,2.5,4.375,0.0,0.0,4.375,2.5,4.375,0.625,0.0,3.125,0.625,1.25,2.5,1.25,2.5,3.75,3.75,2.5,2.5,2.5,2.5,1.25,2.5,2.5,3.75,2.5,2.5,3.125,3.75,0.625,3.125,3.125,1.25,3.75,0.0,2.5,3.75,3.75,0.0,3.75,1.25,3.75,3.75,1.25,2.5,3.75,2.5,3.75,3.125,3.75,3.75,3.75,4.375
23,9,0.0,1.25,0.0,2.5,0.0,2.5,0.0,3.75,0.0,1.25,0.0,1.25,0.0,0.0,3.75,0.0,2.5,5.0,0.0,0.0,5.0,2.5,5.0,1.25,0.0,3.75,0.0,1.25,2.5,1.25,3.75,3.75,5.0,2.5,2.5,2.5,2.5,1.875,3.75,3.75,3.75,3.75,3.75,3.75,3.75,1.25,3.75,3.75,1.25,4.375,0.0,3.75,4.375,4.375,0.0,5.0,1.875,3.75,5.0,2.5,3.75,5.0,3.75,5.0,3.75,4.375,5.0,5.0,5.0
23,10,0.0,1.25,0.0,2.5,0.0,2.5,0.0,3.125,0.0,1.25,0.0,1.25,0.0,0.0,3.75,0.0,2.5,4.375,0.0,0.0,5.0,2.5,4.375,1.25,0.0,3.75,0.0,0.625,2.5,1.25,3.75,3.75,5.0,2.5,2.5,2.5,2.5,1.875,3.75,2.5,3.75,3.125,3.75,3.75,3.75,1.25,3.75,3.75,1.25,3.75,0.0,3.75,3.75,4.375,0.0,5.0,1.25,3.75,4.375,1.875,2.5,5.0,3.75,3.75,3.75,3.75,3.75,5.0,5.0
23,11,0.0,1.25,0.0,2.5,0.0,2.5,0.0,3.125,0.0,1.25,0.0,1.25,0.0,0.0,3.75,0.0,2.5,4.375,0.0,0.0,4.375,2.5,4.375,1.25,0.0,3.75,0.0,0.0,2.5,1.25,2.5,3.75,3.75,2.5,2.5,2.5,2.5,1.25,3.125,2.5,3.125,2.5,2.5,3.75,3.75,1.25,3.125,3.125,1.25,3.75,0.0,2.5,3.75,3.75,0.0,3.75,1.25,3.75,3.75,1.875,2.5,3.75,2.5,3.75,3.125,3.75,3.75,3.75,4.375
24,9,0.0,1.25,0.0,2.5,0.0,2.5,0.0,3.75,0.625,1.25,0.0,1.25,0.0,0.0,3.125,0.0,2.5,4.375,0.0,0.0,5.0,2.5,4.375,1.25,0.0,3.75,0.0,0.0,2.5,1.25,3.75,4.375,5.0,2.5,2.5,2.5,2.5,2.5,3.75,3.75,3.75,3.75,3.75,3.75,3.75,1.25,3.75,3.75,1.25,4.375,0.0,3.75,4.375,4.375,0.0,5.0,2.5,3.75,5.0,2.5,3.75,5.0,3.75,5.0,3.75,4.375,5.0,5.0,5.0
24,10,0.0,1.25,0.0,1.25,0.0,2.5,0.0,2.5,0.0,1.25,0.0,1.25,0.0,0.0,2.5,0.0,2.5,4.375,0.0,0.0,5.0,2.5,3.75,1.25,0.0,3.75,0.0,0.0,2.5,1.25,3.75,3.75,5.0,2.5,2.5,2.5,2.5,2.5,3.75,2.5,3.75,2.5,3.75,3.75,3.75,1.25,3.75,3.75,1.25,3.75,0.0,3.75,3.75,4.375,0.0,5.0,1.875,3.75,4.375,1.875,3.125,5.0,3.75,3.75,3.75,3.75,4.375,5.0,5.0
24,11,0.0,1.25,0.0,2.5,0.0,2.5,0.0,2.5,0.0,1.25,0.0,1.25,0.0,0.0,3.75,0.0,2.5,3.75,0.0,0.0,5.0,2.5,3.75,1.25,0.0,3.75,0.0,0.0,2.5,1.25,2.5,3.75,3.75,2.5,2.5,2.5,1.875,1.25,3.125,2.5,2.5,2.5,2.5,3.75,3.75,1.25,3.125,3.125,1.25,3.75,0.0,2.5,3.75,3.75,0.0,3.75,1.25,3.75,3.75,1.875,2.5,3.75,2.5,3.75,3.75,3.75,3.75,3.75,4.375
25,9,0.0,1.25,0.0,2.5,0.0,2.5,0.0,3.125,1.25,1.25,0.0,0.625,0.0,0.0,2.5,0.0,2.5,3.75,0.0,0.0,5.0,2.5,3.75,1.25,0.0,4.375,0.0,0.0,3.75,1.25,3.75,4.375,5.0,2.5,3.125,3.125,2.5,2.5,3.75,2.5,3.75,3.75,3.75,3.75,3.75,1.25,3.75,3.75,1.25,5.0,0.0,3.75,4.375,5.0,0.0,5.0,2.5,3.75,5.0,2.5,3.75,5.0,3.75,5.0,4.375,4.375,5.0,5.0,5.0
25,10,0.0,1.25,0.0,1.25,0.0,1.875,0.0,2.5,0.625,1.25,0.0,0.625,0.0,0.0,2.5,0.0,2.5,3.75,0.0,0.0,5.0,2.5,3.75,1.25,0.0,3.75,0.0,0.0,2.5,1.25,3.75,3.75,5.0,2.5,2.5,2.5,2.5,2.5,3.75,2.5,3.75,2.5,3.125,3.75,3.75,1.25,3.75,3.75,1.25,3.75,0.0,3.75,3.75,4.375,0.0,5.0,2.5,3.75,5.0,2.5,3.75,5.0,3.75,3.75,3.75,3.75,4.375,5.0,5.0
25,11,0.0,1.25,0.0,1.25,0.0,2.5,0.0,2.5,0.625,1.25,0.0,1.25,0.0,0.0,2.5,0.0,2.5,3.75,0.0,0.0,5.0,1.875,3.75,1.25,0.0,3.75,0.0,0.0,2.5,1.25,2.5,3.75,4.375,2.5,2.5,2.5,1.875,1.875,3.75,2.5,2.5,2.5,2.5,3.75,3.75,1.25,3.125,3.125,1.25,3.75,0.0,3.125,3.75,3.75,0.0,3.75,1.25,3.75,3.75,2.5,2.5,3.75,2.5,3.75,3.75,3.75,3.75,3.75,5.0
26,9,0.0,1.25,0.0,1.25,0.0,1.875,0.0,2.5,1.25,1.25,0.0,0.0,0.0,0.0,2.5,0.0,2.5,3.75,0.0,0.0,5.0,2.5,3.75,1.25,0.0,5.0,0.0,0.0,3.75,1.25,3.75,4.375,5.0,2.5,3.75,2.5,2.5,2.5,4.375,2.5,3.75,3.75,3.75,3.75,3.75,1.875,3.75,3.75,1.25,5.0,0.625,5.0,4.375,5.0,0.0,5.0,3.75,3.75,5.0,2.5,3.75,5.0,3.75,5.0,4.375,4.375,5.0,5.0,5.0
26,10,0.0,1.25,0.0,1.25,0.0,1.25,0.0,2.5,1.25,1.25,0.0,0.0,0.0,0.0,2.5,0.0,2.5,3.75,0.0,0.0,5.0,2.5,3.75,1.25,0.0,3.75,0.0,0.0,3.125,1.25,3.75,3.75,5.0,2.5,2.5,2.5,2.5,2.5,3.75,2.5,3.75,3.125,2.5,3.75,3.75,2.5,3.75,3.75,1.25,4.375,0.625,3.75,3.75,4.375,0.0,5.0,2.5,3.75,5.0,2.5,3.75,5.0,3.75,4.375,3.75,3.75,4.375,5.0,5.0
26,11,0.0,1.25,0.0,1.25,0.0,1.25,0.0,2.5,1.25,1.25,0.0,1.25,0.0,0.0,2.5,0.0,2.5,3.75,0.0,0.0,4.375,1.875,3.75,1.25,0.0,3.75,0.0,0.0,2.5,1.25,2.5,3.75,5.0,2.5,2.5,2.5,1.875,2.5,3.75,2.5,2.5,2.5,2.5,3.75,3.75,1.25,3.125,3.125,1.25,3.75,0.0,3.75,3.75,3.75,0.0,3.75,2.5,3.75,3.75,2.5,3.125,3.75,3.125,3.75,3.75,3.75,3.75,3.75,5.0
27,9,0.0,1.25,0.0,1.25,0.0,1.25,0.0,2.5,1.25,1.25,0.0,0.0,0.0,0.0,1.25,0.0,2.5,3.125,0.0,0.0,5.0,2.5,3.75,2.5,0.0,5.0,0.0,0.0,3.75,1.25,3.75,3.75,5.0,2.5,3.75,2.5,2.5,2.5,4.375,2.5,3.75,3.75,3.75,3.75,3.75,2.5,3.75,3.75,1.25,5.0,1.25,5.0,4.375,5.0,0.0,5.0,3.75,3.75,5.0,3.125,3.75,5.0,4.375,5.0,5.0,4.375,5.0,5.0,5.0
27,10,0.0,0.0,0.0,1.25,0.0,1.25,0.0,1.875,1.25,1.25,0.0,0.0,0.0,0.0,1.25,0.0,2.5,3.75,0.0,0.0,5.0,2.5,3.75,1.25,0.0,3.75,0.0,0.0,3.75,1.25,3.75,3.75,5.0,2.5,2.5,2.5,2.5,2.5,4.375,2.5,3.75,3.125,2.5,3.75,3.75,2.5,3.75,3.75,1.875,4.375,1.25,3.75,3.75,5.0,0.0,5.0,2.5,3.75,5.0,2.5,3.75,5.0,3.75,4.375,3.75,3.75,4.375,5.0,5.0
27,11,0.0,0.625,0.0,1.25,0.0,1.25,0.0,1.25,1.25,1.25,0.0,0.0,0.0,0.0,1.875,0.0,1.875,3.125,0.0,0.0,4.375,1.875,3.75,1.25,0.0,3.75,0.0,0.0,3.125,1.25,3.125,3.75,5.0,2.5,2.5,2.5,1.875,2.5,3.75,2.5,2.5,2.5,2.5,3.125,3.75,1.25,2.5,3.125,1.25,3.75,0.625,3.75,3.75,3.75,0.0,3.75,2.5,3.125,3.75,2.5,3.125,3.75,3.125,3.75,3.75,3.75,3.75,3.75,4.375
28,9,0.0,0.0,0.0,1.25,0.0,1.25,0.0,1.25,1.25,1.25,0.0,0.0,0.0,1.25,1.25,0.0,2.5,2.5,0.0,0.0,5.0,2.5,3.75,2.5,0.0,5.0,0.625,0.0,3.75,1.25,3.75,3.75,5.0,3.75,3.75,2.5,2.5,2.5,5.0,2.5,3.75,2.5,3.75,3.75,3.75,2.5,3.75,3.75,1.25,5.0,1.25,5.0,3.75,5.0,0.625,5.0,3.75,3.75,5.0,3.75,3.75,5.0,4.375,5.0,5.0,3.75,5.0,5.0,5.0
28,10,0.0,0.0,0.0,0.625,0.0,1.25,0.0,1.25,1.25,1.25,0.0,0.0,0.0,0.625,1.25,0.0,2.5,2.5,0.0,0.0,5.0,2.5,3.75,1.25,0.0,3.75,1.25,0.0,3.75,1.25,3.75,3.75,5.0,2.5,3.125,2.5,2.5,2.5,5.0,2.5,3.75,2.5,2.5,3.75,3.75,2.5,3.75,3.75,1.25,5.0,1.25,4.375,3.75,5.0,0.0,5.0,2.5,3.75,5.0,2.5,3.75,5.0,3.75,4.375,4.375,3.75,5.0,5.0,5.0
28,11,0.0,0.0,0.0,1.25,0.0,1.25,0.0,1.25,1.25,1.25,0.0,0.0,0.0,0.625,1.25,0.0,1.875,2.5,0.0,0.0,4.375,1.875,3.125,1.25,0.0,3.75,0.625,0.0,3.75,1.25,3.125,3.75,5.0,2.5,2.5,2.5,1.875,2.5,3.75,2.5,2.5,2.5,2.5,3.125,3.75,1.875,3.125,3.75,1.25,3.75,1.25,3.75,3.75,3.75,0.0,3.75,2.5,3.75,4.375,2.5,3.125,3.75,3.75,3.75,3.75,3.75,3.75,4.375,5.0
29,9,0.0,0.0,0.0,0.0,0.0,0.625,0.0,1.25,1.25,1.25,0.0,0.0,0.0,1.25,1.25,0.0,2.5,2.5,0.0,0.0,5.0,2.5,3.75,2.5,0.0,5.0,1.25,0.0,3.75,1.25,3.75,3.75,5.0,3.75,3.75,2.5,2.5,3.125,5.0,2.5,3.75,2.5,3.75,3.75,3.75,2.5,3.75,3.75,1.25,5.0,1.25,5.0,3.75,5.0,1.25,5.0,3.75,3.75,5.0,3.75,4.375,5.0,4.375,5.0,5.0,3.75,5.0,5.0,5.0
29,10,0.0,0.0,0.0,0.0,0.0,0.0,0.0,1.25,1.25,1.25,0.0,0.0,0.0,1.25,1.25,0.0,2.5,2.5,0.0,0.0,4.375,2.5,3.75,1.25,0.0,3.75,1.25,0.0,3.75,1.25,3.75,3.75,5.0,3.75,3.75,2.5,2.5,2.5,5.0,2.5,3.75,2.5,2.5,3.75,3.75,2.5,3.75,3.75,2.5,5.0,1.25,4.375,3.75,5.0,0.625,5.0,3.75,3.75,5.0,3.125,3.75,5.0,3.75,4.375,5.0,3.75,4.375,5.0,5.0
29,11,0.0,0.0,0.0,0.0,0.0,0.625,0.0,1.25,1.25,1.25,0.0,0.0,0.0,1.25,1.25,0.0,1.875,2.5,0.0,0.0,3.75,1.875,2.5,1.25,0.0,3.75,1.25,0.0,3.75,1.25,2.5,3.75,5.0,3.125,3.125,2.5,2.5,2.5,3.75,2.5,2.5,2.5,2.5,2.5,3.125,2.5,3.75,3.75,1.25,4.375,1.25,3.75,3.75,3.75,0.625,3.75,2.5,3.75,4.375,2.5,3.75,3.75,3.75,3.75,3.75,3.75,3.75,4.375,5.0
30,9,0.0,0.0,0.0,0.0,0.0,0.0,0.0,1.25,1.875,1.25,0.0,0.0,0.0,1.25,0.0,0.0,2.5,1.25,0.0,0.0,5.0,2.5,3.125,2.5,0.0,5.0,1.25,0.0,3.75,1.25,3.75,3.75,5.0,3.75,3.75,2.5,2.5,3.75,5.0,2.5,3.75,2.5,3.75,3.75,3.75,2.5,3.75,3.75,2.5,5.0,2.5,5.0,3.75,5.0,1.25,5.0,3.75,3.75,5.0,3.75,4.375,5.0,5.0,5.0,5.0,4.375,5.0,5.0,5.0
30,10,0.0,0.0,0.0,0.0,0.0,0.0,0.0,0.625,1.25,1.25,0.0,0.0,0.0,1.25,0.0,0.0,2.5,1.25,0.0,0.0,3.75,2.5,3.125,1.25,0.0,5.0,1.25,0.0,3.75,1.25,3.75,3.75,5.0,3.75,3.75,2.5,2.5,3.75,5.0,2.5,3.75,2.5,2.5,3.75,3.75,2.5,3.75,3.75,2.5,5.0,2.5,4.375,3.75,5.0,1.25,5.0,3.75,3.75,5.0,3.75,3.75,5.0,3.75,4.375,5.0,3.75,5.0,5.0,5.0
30,11,0.0,0.0,0.0,0.0,0.0,0.0,0.0,0.0,1.25,1.25,0.0,0.0,0.0,1.25,0.625,0.0,1.875,1.25,0.0,0.0,3.75,1.875,2.5,1.25,0.0,4.375,1.25,0.0,3.75,1.25,2.5,3.125,5.0,3.75,3.75,2.5,2.5,2.5,3.75,2.5,2.5,2.5,2.5,2.5,3.75,2.5,3.75,3.75,1.25,5.0,1.25,3.75,3.75,3.75,1.25,4.375,2.5,3.75,4.375,3.125,3.75,3.75,3.75,3.75,3.75,3.75,3.75,4.375,5.0
31,9,0.0,0.0,0.0,0.0,0.0,0.0,0.0,0.0,1.875,1.25,0.0,0.0,0.0,1.25,0.0,0.0,2.5,1.25,0.0,0.0,3.75,2.5,3.125,1.25,0.0,5.0,1.25,0.0,3.75,1.25,3.75,3.75,5.0,3.75,3.75,2.5,2.5,3.75,5.0,2.5,3.75,2.5,3.75,3.75,3.75,2.5,3.75,5.0,2.5,5.0,2.5,5.0,4.375,5.0,1.25,5.0,3.75,3.75,5.0,3.75,4.375,5.0,5.0,5.0,5.0,4.375,5.0,5.0,5.0
31,10,0.0,0.0,0.0,0.0,0.0,0.0,0.0,0.0,1.25,1.25,0.0,0.0,0.0,1.25,0.0,0.0,2.5,1.25,0.0,0.0,3.75,2.5,3.125,1.25,0.0,4.375,1.25,0.0,3.75,1.25,3.125,3.75,5.0,3.75,3.75,2.5,2.5,3.75,5.0,2.5,3.75,2.5,3.75,3.75,3.75,2.5,3.75,4.375,2.5,5.0,2.5,4.375,3.75,5.0,1.25,5.0,3.75,3.75,5.0,3.75,3.75,5.0,4.375,4.375,5.0,3.75,5.0,5.0,5.0
31,11,0.0,0.0,0.0,0.0,0.0,0.0,0.0,0.0,1.25,1.25,0.0,0.0,0.0,1.25,0.0,0.0,1.875,1.25,0.0,0.0,3.125,1.875,2.5,1.25,0.0,4.375,1.25,0.0,3.75,1.25,2.5,2.5,4.375,3.75,3.75,2.5,2.5,2.5,3.75,2.5,2.5,2.5,3.125,2.5,3.75,2.5,3.75,3.75,2.5,5.0,1.25,3.75,3.75,3.75,1.25,4.375,3.125,3.75,5.0,3.125,3.75,3.75,3.75,3.75,3.75,3.75,3.75,4.375,5.0
32,9,0.0,0.0,0.0,0.0,0.0,0.0,0.0,0.0,1.875,1.25,0.0,0.0,0.0,1.25,0.0,0.0,2.5,0.0,0.0,0.0,3.75,2.5,3.125,1.25,0.0,5.0,1.25,0.0,3.75,1.25,3.75,3.75,5.0,3.75,4.375,2.5,2.5,3.75,5.0,2.5,3.75,2.5,3.75,3.75,3.75,2.5,3.75,5.0,2.5,5.0,2.5,5.0,4.375,5.0,1.25,5.0,3.75,4.375,5.0,3.75,4.375,5.0,5.0,5.0,5.0,3.75,5.0,5.0,5.0
32,10,0.0,0.0,0.0,0.0,0.0,0.0,0.0,0.0,1.25,1.25,0.0,0.0,0.0,1.25,0.0,0.0,2.5,0.0,0.0,0.0,2.5,2.5,3.125,1.25,0.0,4.375,1.25,0.0,3.75,1.25,3.125,3.75,5.0,3.75,3.75,2.5,2.5,3.75,5.0,2.5,3.75,2.5,3.75,3.75,3.75,2.5,3.75,5.0,2.5,5.0,2.5,4.375,3.75,5.0,1.25,5.0,3.75,3.75,5.0,3.75,3.75,5.0,4.375,4.375,5.0,3.75,5.0,5.0,5.0
32,11,0.0,0.0,0.0,0.0,0.0,0.0,0.0,0.0,1.25,1.25,0.0,0.0,0.0,1.25,0.0,0.0,2.5,0.0,0.0,0.0,2.5,2.5,2.5,1.25,0.0,3.75,1.25,0.0,3.75,1.25,2.5,2.5,3.75,3.75,3.75,1.875,2.5,3.125,4.375,2.5,3.125,2.5,3.125,2.5,3.75,2.5,3.75,3.75,2.5,5.0,1.875,3.75,3.75,3.75,1.25,4.375,3.125,3.75,5.0,3.75,3.75,4.375,3.75,3.75,4.375,3.75,3.75,4.375,5.0
33,9,0.0,0.0,0.0,0.0,0.0,0.0,0.0,0.0,1.25,1.25,0.0,0.0,0.0,1.25,0.0,0.0,2.5,0.0,0.0,0.0,2.5,2.5,3.125,1.25,0.0,5.0,1.25,0.0,3.75,1.25,3.75,3.75,5.0,3.75,4.375,2.5,2.5,3.75,5.0,2.5,3.75,2.5,3.75,3.75,3.75,2.5,3.75,5.0,2.5,5.0,2.5,5.0,4.375,5.0,2.5,5.0,5.0,5.0,5.0,4.375,3.75,5.0,5.0,5.0,5.0,3.75,5.0,5.0,5.0
33,10,0.0,0.0,0.0,0.0,0.0,0.0,0.0,0.0,1.25,1.25,0.0,0.0,0.0,1.25,0.0,0.0,2.5,0.0,0.0,0.0,2.5,2.5,3.125,1.25,0.0,3.75,1.25,0.0,3.75,1.25,2.5,3.125,5.0,3.75,3.75,1.875,2.5,3.75,5.0,2.5,3.75,2.5,3.75,3.75,3.75,2.5,3.75,5.0,2.5,5.0,2.5,4.375,4.375,5.0,1.875,5.0,3.75,4.375,5.0,3.75,3.75,5.0,4.375,4.375,5.0,3.75,5.0,5.0,5.0
33,11,0.0,0.0,0.0,0.0,0.0,0.0,0.0,0.0,1.25,1.25,0.0,0.0,0.0,1.25,0.0,0.0,2.5,0.0,0.0,0.0,2.5,2.5,2.5,1.25,0.0,3.75,1.25,0.0,3.75,1.25,2.5,2.5,3.75,3.75,3.75,1.25,2.5,3.75,4.375,2.5,3.125,2.5,3.75,2.5,3.125,2.5,3.75,3.75,2.5,5.0,2.5,3.75,3.75,3.75,1.25,4.375,3.75,3.75,5.0,3.75,3.75,3.75,3.75,3.75,4.375,3.75,3.75,4.375,5.0
34,9,0.0,0.0,0.0,0.0,0.0,0.0,0.0,0.0,1.25,1.25,0.0,0.0,0.0,1.875,0.0,0.0,2.5,0.0,0.0,0.0,1.875,2.5,3.75,1.25,0.0,4.375,1.25,0.0,3.75,1.25,3.75,3.125,5.0,3.75,5.0,1.875,3.75,3.75,5.0,2.5,3.75,2.5,3.75,3.75,3.75,2.5,4.375,5.0,2.5,5.0,2.5,5.0,5.0,5.0,2.5,5.0,5.0,5.0,5.0,4.375,4.375,5.0,5.0,5.0,5.0,4.375,5.0,5.0,5.0
34,10,0.0,0.0,0.0,0.0,0.0,0.0,0.0,0.0,1.25,1.25,0.0,0.0,0.0,1.25,0.0,0.0,2.5,0.0,0.0,0.0,1.25,2.5,3.75,1.25,0.0,3.75,1.25,0.0,3.75,1.25,2.5,3.125,3.75,3.75,3.75,1.25,3.125,3.75,5.0,2.5,3.75,2.5,3.75,3.75,3.75,2.5,4.375,5.0,2.5,5.0,2.5,4.375,4.375,5.0,2.5,5.0,3.75,5.0,5.0,3.75,3.75,5.0,5.0,4.375,5.0,3.75,5.0,5.0,5.0
34,11,0.0,0.0,0.0,0.0,0.0,0.0,0.0,0.0,1.25,1.25,0.0,0.0,0.0,1.25,0.0,0.0,2.5,0.0,0.0,0.0,1.25,2.5,2.5,1.25,0.0,3.75,1.25,0.0,3.75,1.25,2.5,2.5,3.75,3.75,3.75,1.25,2.5,3.75,4.375,2.5,3.125,1.875,3.75,2.5,3.75,2.5,4.375,4.375,2.5,5.0,2.5,3.75,3.75,3.75,1.25,3.75,3.75,3.75,5.0,3.75,3.75,3.75,3.75,3.75,4.375,3.75,3.75,4.375,5.0
35,9,0.0,0.0,0.0,0.0,0.0,0.0,0.0,0.0,1.25,1.25,0.0,0.0,0.0,1.875,0.0,0.0,2.5,0.0,0.0,0.0,1.25,2.5,3.75,1.25,0.0,3.75,1.25,0.0,3.75,1.25,3.125,3.125,3.75,3.75,5.0,1.25,3.75,4.375,5.0,2.5,3.75,2.5,3.75,3.75,3.75,2.5,5.0,5.0,2.5,5.0,2.5,5.0,5.0,5.0,2.5,5.0,5.0,5.0,5.0,4.375,3.75,5.0,5.0,5.0,5.0,5.0,5.0,5.0,5.0
35,10,0.0,0.0,0.0,0.0,0.0,0.0,0.0,0.0,1.25,1.25,0.0,0.0,0.0,1.25,0.0,0.0,2.5,0.0,0.0,0.0,1.25,2.5,3.75,0.625,0.0,3.75,1.25,0.0,3.75,1.25,2.5,3.125,3.75,3.75,3.75,1.25,3.75,3.75,5.0,2.5,3.75,2.5,3.75,3.75,3.75,2.5,4.375,5.0,2.5,5.0,2.5,3.75,5.0,5.0,2.5,5.0,3.75,5.0,5.0,3.75,3.75,5.0,5.0,4.375,5.0,4.375,5.0,5.0,5.0
35,11,0.0,0.0,0.0,0.0,0.0,0.0,0.0,0.0,1.25,1.25,0.0,0.0,0.0,1.25,0.0,0.0,2.5,0.0,0.0,0.0,1.25,2.5,2.5,0.0,0.0,3.75,1.25,0.0,3.75,1.25,2.5,2.5,3.75,3.75,3.75,1.25,2.5,3.75,4.375,2.5,3.125,2.5,3.75,2.5,3.75,2.5,4.375,5.0,2.5,5.0,2.5,3.75,3.75,3.75,1.875,3.75,3.75,4.375,5.0,3.75,3.75,4.375,3.75,3.75,4.375,3.75,3.75,3.75,5.0
36,9,0.0,0.0,0.0,0.0,0.0,0.0,0.0,0.0,1.25,1.25,0.0,0.0,0.0,2.5,0.0,0.0,3.75,0.0,0.0,0.0,0.0,3.125,3.75,0.625,0.0,3.75,1.25,0.0,3.75,1.25,2.5,3.125,3.75,3.75,4.375,1.25,3.75,5.0,5.0,2.5,3.75,2.5,3.75,3.75,3.75,2.5,4.375,5.0,3.75,5.0,2.5,4.375,5.0,5.0,2.5,5.0,5.0,5.0,5.0,4.375,4.375,5.0,5.0,5.0,5.0,5.0,5.0,5.0,5.0
36,10,0.0,0.0,0.0,0.0,0.0,0.0,0.0,0.0,1.25,1.25,0.0,0.0,0.0,1.25,0.0,0.0,3.75,0.0,0.0,0.0,0.0,3.125,3.75,0.0,0.0,3.75,1.25,0.0,3.75,1.25,2.5,3.125,3.75,3.75,3.75,1.25,3.75,4.375,5.0,2.5,3.75,2.5,3.75,3.75,3.75,2.5,4.375,5.0,3.75,5.0,2.5,3.75,5.0,5.0,2.5,5.0,3.75,5.0,5.0,3.75,3.75,5.0,5.0,4.375,5.0,4.375,5.0,5.0,5.0
36,11,0.0,0.0,0.0,0.0,0.0,0.0,0.0,0.0,1.25,1.25,0.0,0.0,0.0,1.25,0.0,0.0,2.5,0.0,0.0,0.0,0.0,2.5,2.5,0.0,0.0,3.75,1.25,0.0,3.75,1.25,2.5,2.5,3.75,3.75,3.75,1.25,2.5,3.75,4.375,2.5,3.125,2.5,3.75,2.5,3.75,2.5,4.375,5.0,2.5,5.0,2.5,3.75,3.75,3.75,1.875,3.75,3.75,5.0,5.0,3.75,3.75,4.375,3.75,3.75,4.375,3.75,3.75,3.75,5.0
37,9,0.0,0.0,0.0,0.0,0.0,0.0,0.0,0.0,1.25,1.25,0.0,0.0,0.0,1.875,0.0,0.0,3.75,0.0,0.0,0.0,0.0,3.125,3.75,0.0,0.0,2.5,1.25,0.0,3.75,1.25,2.5,2.5,3.75,3.75,3.75,1.25,3.75,5.0,5.0,2.5,3.75,2.5,3.75,3.75,3.75,2.5,3.75,5.0,3.75,5.0,2.5,4.375,5.0,5.0,2.5,5.0,5.0,5.0,5.0,4.375,4.375,5.0,5.0,5.0,5.0,5.0,5.0,5.0,5.0
37,10,0.0,0.0,0.0,0.0,0.0,0.0,0.0,0.0,1.25,1.25,0.0,0.0,0.0,1.25,0.0,0.0,3.75,0.0,0.0,0.0,0.0,3.75,3.75,0.0,0.0,2.5,1.25,0.0,2.5,1.25,2.5,2.5,3.75,3.125,3.75,1.25,3.75,5.0,5.0,2.5,3.75,2.5,3.75,3.75,3.75,2.5,3.75,5.0,3.75,5.0,2.5,3.75,5.0,5.0,2.5,5.0,3.75,5.0,4.375,3.75,3.75,5.0,5.0,4.375,5.0,5.0,5.0,5.0,5.0
37,11,0.0,0.0,0.0,0.0,0.0,0.0,0.0,0.0,1.25,1.25,0.0,0.0,0.0,1.25,0.0,0.0,2.5,0.0,0.0,0.0,0.0,2.5,2.5,0.0,0.0,2.5,1.25,0.0,3.125,1.25,2.5,2.5,3.125,3.75,3.75,1.25,3.75,3.75,3.75,2.5,3.125,2.5,3.75,2.5,3.75,2.5,3.75,5.0,2.5,5.0,2.5,3.75,3.75,3.75,2.5,3.75,3.75,5.0,4.375,3.75,3.75,4.375,4.375,3.75,4.375,3.75,3.75,3.75,5.0
38,9,0.0,0.0,0.0,0.0,0.0,0.0,0.0,0.0,1.25,1.25,0.0,0.0,0.0,1.875,0.0,0.0,3.75,0.0,0.0,0.0,0.0,3.125,3.75,0.0,0.0,2.5,1.25,0.0,2.5,2.5,2.5,2.5,3.75,3.75,3.75,1.25,4.375,5.0,5.0,2.5,3.75,2.5,3.75,3.75,3.75,2.5,3.75,5.0,3.75,5.0,2.5,3.75,5.0,5.0,2.5,5.0,5.0,5.0,5.0,4.375,4.375,5.0,5.0,5.0,5.0,5.0,5.0,5.0,5.0
38,10,0.0,0.0,0.0,0.0,0.0,0.0,0.0,0.0,1.25,1.25,0.0,0.0,0.0,1.25,0.0,0.0,3.75,0.0,0.0,0.0,0.0,3.75,3.75,0.0,0.0,2.5,1.25,0.0,2.5,1.25,2.5,2.5,3.75,2.5,3.125,1.25,3.75,5.0,5.0,1.875,3.75,2.5,2.5,3.75,3.75,2.5,3.75,5.0,3.75,5.0,2.5,3.75,5.0,5.0,2.5,4.375,4.375,5.0,4.375,3.75,3.75,5.0,5.0,4.375,5.0,5.0,5.0,5.0,5.0
38,11,0.0,0.0,0.0,0.0,0.0,0.0,0.0,0.0,1.25,1.25,0.0,0.0,0.0,1.25,0.0,0.0,2.5,0.0,0.0,0.0,0.0,2.5,2.5,0.0,0.0,2.5,1.25,0.0,2.5,1.25,2.5,2.5,2.5,2.5,3.125,1.25,3.75,3.75,3.75,2.5,3.125,2.5,2.5,2.5,3.75,2.5,3.75,5.0,3.125,4.375,2.5,3.125,3.75,3.75,2.5,3.75,3.75,5.0,3.75,3.75,3.75,4.375,4.375,3.75,4.375,3.75,3.75,3.75,4.375
39,9,0.0,0.0,0.0,0.0,0.0,0.0,0.0,0.0,1.25,1.25,0.0,0.0,0.0,1.875,0.0,0.0,3.75,0.0,0.0,0.0,0.0,3.125,3.75,0.0,0.0,2.5,1.25,0.0,2.5,2.5,2.5,2.5,3.125,2.5,3.125,1.25,5.0,5.0,5.0,1.25,3.75,3.125,2.5,3.75,3.75,2.5,3.75,5.0,3.75,5.0,2.5,3.75,5.0,5.0,3.125,4.375,5.0,5.0,4.375,4.375,4.375,5.0,5.0,5.0,5.0,5.0,5.0,5.0,5.0
39,10,0.0,0.0,0.0,0.0,0.0,0.0,0.0,0.0,1.25,1.25,0.0,0.0,0.0,1.25,0.0,0.0,3.75,0.0,0.0,0.0,0.0,3.125,3.75,0.0,0.0,1.25,1.25,0.0,2.5,1.875,2.5,2.5,3.125,2.5,2.5,1.25,4.375,5.0,4.375,1.25,3.75,3.125,2.5,3.75,3.75,2.5,3.125,5.0,3.75,4.375,2.5,3.75,5.0,5.0,2.5,4.375,3.75,5.0,3.75,3.75,3.75,5.0,5.0,5.0,5.0,5.0,5.0,5.0,5.0
39,11,0.0,0.0,0.0,0.0,0.0,0.0,0.0,0.0,1.25,1.25,0.0,0.0,0.0,1.25,0.0,0.0,3.125,0.0,0.0,0.0,0.0,2.5,2.5,0.0,0.0,1.25,1.25,0.0,2.5,1.25,2.5,2.5,2.5,2.5,2.5,1.25,3.75,3.75,3.75,1.25,3.125,2.5,2.5,3.125,3.75,2.5,3.125,5.0,3.75,3.75,2.5,3.75,3.75,4.375,2.5,3.75,3.75,5.0,3.75,3.75,3.75,5.0,4.375,3.75,4.375,4.375,3.75,3.75,4.375
40,9,0.0,0.0,0.0,0.0,0.0,0.0,0.0,0.0,1.25,1.875,0.0,0.0,0.0,1.875,0.0,0.0,3.75,0.0,0.0,0.0,0.0,3.125,3.75,0.0,0.0,1.25,2.5,0.625,2.5,2.5,2.5,2.5,2.5,2.5,2.5,1.25,5.0,5.0,3.75,1.25,3.75,3.125,2.5,3.75,3.75,2.5,2.5,5.0,3.75,3.75,2.5,3.75,5.0,5.0,3.75,4.375,5.0,5.0,3.75,3.75,5.0,5.0,5.0,5.0,5.0,5.0,5.0,5.0,5.0
40,10,0.0,0.0,0.0,0.0,0.0,0.0,0.0,0.0,0.625,1.25,0.0,0.0,0.0,1.25,0.0,0.0,3.75,0.0,0.0,0.0,0.0,3.125,3.75,0.0,0.0,1.25,2.5,0.0,1.25,2.5,2.5,3.125,2.5,1.25,2.5,1.25,5.0,5.0,3.75,1.25,3.75,3.125,2.5,3.75,3.75,2.5,2.5,5.0,3.75,3.75,2.5,3.75,5.0,5.0,2.5,4.375,3.75,5.0,3.75,3.75,3.75,5.0,5.0,5.0,5.0,5.0,5.0,5.0,5.0
40,11,0.0,0.0,0.0,0.0,0.0,0.0,0.0,0.0,0.625,1.25,0.0,0.0,0.0,1.25,0.0,0.0,3.125,0.0,0.0,0.0,0.0,2.5,2.5,0.0,0.0,1.25,1.25,0.0,1.25,2.5,2.5,2.5,2.5,2.5,2.5,1.25,3.75,3.75,3.75,1.25,3.125,2.5,2.5,3.75,3.75,2.5,2.5,5.0,3.75,3.75,2.5,3.125,3.75,3.75,2.5,3.75,3.75,5.0,3.125,3.125,3.75,5.0,4.375,3.75,4.375,4.375,3.75,3.75,4.375
41,9,0.0,0.0,0.0,0.0,0.0,0.0,0.0,0.0,1.25,1.875,0.0,0.0,0.0,1.25,0.0,0.0,3.75,0.0,0.0,0.0,0.0,3.75,3.75,0.0,0.0,1.25,2.5,1.25,1.25,2.5,2.5,2.5,2.5,1.25,2.5,1.25,5.0,5.0,3.75,1.25,3.75,3.125,1.875,3.75,3.75,2.5,2.5,5.0,3.75,3.75,2.5,3.75,5.0,5.0,3.75,4.375,5.0,5.0,3.75,3.75,5.0,5.0,5.0,5.0,5.0,5.0,5.0,5.0,5.0
41,10,0.0,0.0,0.0,0.0,0.0,0.0,0.0,0.0,0.625,1.25,0.0,0.0,0.0,1.25,0.0,0.0,3.75,0.0,0.0,0.0,0.0,3.75,3.75,0.0,0.0,1.25,2.5,0.0,1.25,2.5,2.5,3.125,2.5,1.25,1.25,1.25,5.0,5.0,3.75,1.25,3.75,3.125,1.25,3.75,3.75,2.5,2.5,5.0,3.75,3.125,2.5,3.75,5.0,5.0,3.125,3.75,4.375,5.0,2.5,3.75,4.375,5.0,5.0,5.0,5.0,5.0,5.0,5.0,5.0
41,11,0.0,0.0,0.0,0.0,0.0,0.0,0.0,0.0,0.625,1.25,0.0,0.0,0.0,1.25,0.0,0.0,3.75,0.0,0.0,0.0,0.0,2.5,2.5,0.0,0.0,1.25,1.25,0.0,1.25,2.5,2.5,2.5,2.5,1.25,1.25,1.25,3.75,3.75,3.75,1.25,3.125,2.5,1.25,3.75,3.75,2.5,2.5,5.0,3.75,2.5,1.875,3.125,3.75,3.75,2.5,3.75,3.75,5.0,2.5,3.125,3.75,5.0,4.375,3.75,3.75,4.375,3.75,4.375,4.375
42,9,0.0,0.0,0.0,0.0,0.0,0.0,0.0,0.0,1.25,2.5,0.0,0.0,0.0,1.25,0.0,0.0,3.75,0.0,0.0,0.0,0.0,3.75,3.75,1.25,0.0,1.25,2.5,1.25,1.25,2.5,2.5,2.5,2.5,1.25,1.25,1.875,5.0,5.0,3.75,1.25,3.75,3.125,1.25,3.75,3.75,2.5,1.25,5.0,5.0,2.5,2.5,3.75,5.0,5.0,3.75,4.375,5.0,5.0,3.125,3.75,5.0,5.0,5.0,5.0,5.0,5.0,5.0,5.0,5.0
42,10,0.0,0.0,0.0,0.0,0.0,0.0,0.0,0.0,1.25,1.875,0.0,0.0,0.0,1.25,0.0,0.0,3.75,0.0,0.0,0.0,0.0,3.75,3.75,0.625,0.0,0.0,2.5,0.625,1.25,2.5,2.5,3.125,2.5,1.25,1.25,1.875,5.0,5.0,3.75,0.625,3.75,3.125,1.25,3.75,3.75,2.5,1.25,5.0,4.375,2.5,2.5,3.75,5.0,5.0,3.125,3.75,4.375,5.0,2.5,3.75,4.375,5.0,5.0,5.0,5.0,5.0,5.0,5.0,5.0
42,11,0.0,0.0,0.0,0.0,0.0,0.0,0.0,0.0,1.25,1.25,0.0,0.0,0.0,1.25,0.0,0.0,3.75,0.0,0.0,0.0,0.0,2.5,2.5,0.625,0.0,0.0,2.5,0.625,1.25,2.5,2.5,2.5,2.5,1.25,1.25,1.25,3.75,3.75,3.75,0.625,3.125,2.5,1.25,3.75,3.75,2.5,1.25,5.0,3.75,2.5,1.875,3.125,3.75,3.75,2.5,3.75,3.75,5.0,2.5,2.5,3.75,5.0,4.375,3.75,3.75,4.375,3.75,4.375,4.375
43,9,0.0,0.0,0.0,0.0,0.0,0.0,0.0,0.0,1.25,2.5,0.0,0.0,0.0,1.25,0.0,0.0,3.75,0.0,0.0,0.0,0.0,3.75,2.5,1.25,0.0,0.0,2.5,1.25,0.0,3.75,2.5,3.125,2.5,1.25,1.25,2.5,5.0,5.0,3.75,0.0,3.75,2.5,1.25,4.375,3.75,2.5,1.25,5.0,5.0,2.5,2.5,3.75,5.0,5.0,3.75,4.375,5.0,5.0,2.5,3.75,5.0,5.0,5.0,5.0,5.0,5.0,5.0,5.0,5.0
43,10,0.0,0.0,0.0,0.0,0.0,0.0,0.0,0.0,1.25,2.5,0.0,0.0,0.0,1.25,0.0,0.0,3.75,0.0,0.0,0.0,0.0,3.75,2.5,1.25,0.0,0.0,2.5,1.25,0.0,3.125,2.5,3.75,2.5,0.0,1.25,1.875,5.0,5.0,3.75,0.0,3.75,2.5,1.25,4.375,3.75,2.5,1.25,5.0,4.375,1.875,2.5,3.75,5.0,5.0,3.125,3.75,4.375,5.0,1.875,3.75,5.0,5.0,5.0,5.0,5.0,5.0,5.0,5.0,5.0
43,11,0.0,0.0,0.0,0.0,0.0,0.0,0.0,0.0,1.25,1.25,0.0,0.0,0.0,1.25,0.0,0.0,3.75,0.0,0.0,0.0,0.0,2.5,2.5,1.25,0.0,0.0,2.5,1.25,0.0,2.5,2.5,2.5,2.5,1.25,1.25,1.25,4.375,3.75,3.125,0.0,3.75,2.5,1.25,3.75,3.75,2.5,1.25,5.0,3.75,1.875,1.25,3.125,3.75,3.75,2.5,3.75,3.75,5.0,1.25,3.125,3.75,5.0,4.375,3.75,3.75,5.0,3.75,4.375,4.375
44,9,0.0,0.0,0.0,0.0,0.0,0.0,0.0,0.0,1.25,2.5,0.0,0.0,0.0,2.5,0.0,0.0,3.75,0.0,0.0,0.0,0.0,3.75,2.5,1.25,0.0,0.0,2.5,1.25,0.0,3.75,2.5,3.125,2.5,0.0,0.625,2.5,5.0,5.0,3.75,0.0,3.75,2.5,0.625,5.0,3.75,2.5,1.25,5.0,5.0,1.25,1.875,3.75,5.0,5.0,3.75,3.75,5.0,5.0,1.875,3.75,5.0,5.0,5.0,5.0,5.0,5.0,5.0,5.0,5.0
44,10,0.0,0.0,0.0,0.0,0.0,0.0,0.0,0.0,1.25,2.5,0.0,0.0,0.0,1.25,0.0,0.0,3.75,0.0,0.0,0.0,0.0,3.75,2.5,1.25,0.0,0.0,2.5,1.25,0.0,3.125,2.5,3.75,2.5,0.0,0.0,2.5,5.0,5.0,3.75,0.0,3.75,2.5,0.0,4.375,3.75,2.5,1.25,5.0,5.0,1.25,1.875,3.75,5.0,5.0,3.75,3.75,4.375,5.0,1.25,3.75,5.0,5.0,5.0,5.0,5.0,5.0,5.0,5.0,5.0
44,11,0.0,0.0,0.0,0.0,0.0,0.0,0.0,0.0,1.25,1.25,0.0,0.0,0.0,1.25,0.0,0.0,3.75,0.0,0.0,0.0,0.0,2.5,2.5,1.25,0.0,0.0,2.5,1.25,0.0,2.5,2.5,2.5,2.5,0.0,0.0,2.5,4.375,4.375,3.125,0.0,3.75,2.5,0.625,3.75,3.75,2.5,1.25,4.375,3.75,1.25,1.25,3.125,3.75,3.75,2.5,3.75,3.75,5.0,1.25,3.125,3.75,5.0,4.375,3.75,3.75,5.0,3.75,4.375,4.375
45,9,0.0,0.0,0.0,0.0,0.0,0.0,0.0,0.0,1.25,2.5,0.0,0.0,0.0,1.875,0.0,0.0,3.75,0.0,0.0,0.0,0.0,3.75,2.5,1.25,0.0,0.0,3.125,1.875,0.0,3.75,2.5,2.5,2.5,0.0,0.0,2.5,5.0,5.0,3.75,0.0,3.75,2.5,0.0,5.0,3.75,2.5,0.0,5.0,5.0,1.25,1.25,3.75,5.0,5.0,3.75,3.75,5.0,5.0,1.25,3.75,5.0,5.0,5.0,5.0,5.0,5.0,5.0,5.0,5.0
45,10,0.0,0.0,0.0,0.0,0.0,0.0,0.0,0.0,1.25,2.5,0.0,0.0,0.0,1.875,0.0,0.0,3.75,0.0,0.0,0.0,0.0,3.75,2.5,1.25,0.0,0.0,3.125,1.25,0.0,3.75,3.125,3.75,2.5,0.0,0.0,2.5,5.0,5.0,3.75,0.0,3.75,2.5,0.0,5.0,3.75,2.5,0.0,5.0,5.0,1.25,1.25,3.75,5.0,5.0,3.75,3.75,4.375,5.0,1.25,3.75,5.0,5.0,5.0,5.0,5.0,5.0,5.0,5.0,5.0
45,11,0.0,0.0,0.0,0.0,0.0,0.0,0.0,0.0,1.25,1.875,0.0,0.0,0.0,1.25,0.0,0.0,3.125,0.0,0.0,0.0,0.0,2.5,1.25,1.25,0.0,0.0,2.5,1.25,0.0,2.5,2.5,2.5,2.5,0.0,0.0,2.5,4.375,4.375,2.5,0.0,3.75,2.5,0.0,3.75,3.75,2.5,0.0,4.375,3.75,1.25,1.25,3.75,3.75,3.75,2.5,3.75,3.75,4.375,1.25,3.75,4.375,5.0,4.375,3.75,3.75,4.375,4.375,5.0,4.375
46,9,0.0,0.0,0.0,0.0,0.0,0.0,0.0,0.0,1.25,2.5,0.0,0.0,0.0,1.25,0.0,0.0,3.75,0.0,1.25,0.0,0.0,3.75,2.5,1.25,0.0,0.0,3.75,1.875,0.0,3.75,2.5,3.125,2.5,0.0,0.0,3.125,5.0,5.0,3.75,0.0,4.375,2.5,0.0,5.0,3.75,2.5,0.0,5.0,5.0,0.625,1.25,3.75,5.0,5.0,3.75,3.75,5.0,5.0,1.25,4.375,5.0,5.0,5.0,5.0,5.0,5.0,5.0,5.0,5.0
46,10,0.0,0.0,0.0,0.0,0.0,0.0,0.0,0.0,1.25,2.5,0.0,0.0,0.0,1.25,0.0,0.0,3.75,0.0,0.0,0.0,0.0,3.75,1.25,1.25,0.0,0.0,3.75,1.25,0.0,3.75,3.125,3.75,2.5,0.0,0.0,2.5,5.0,5.0,3.75,0.0,4.375,2.5,0.0,5.0,3.75,2.5,0.0,5.0,5.0,0.0,1.25,3.75,5.0,3.75,3.75,3.75,4.375,5.0,0.0,3.75,5.0,5.0,5.0,5.0,5.0,5.0,5.0,5.0,5.0
46,11,0.0,0.0,0.0,0.0,0.0,0.0,0.0,0.0,1.25,1.875,0.0,0.0,0.0,1.25,0.0,0.0,3.125,0.0,0.0,0.0,0.0,2.5,1.25,1.25,0.0,0.0,2.5,1.25,0.0,2.5,2.5,2.5,2.5,0.0,0.0,2.5,4.375,4.375,2.5,0.0,3.75,1.875,0.0,3.75,3.75,2.5,0.0,3.75,3.75,0.0,1.25,3.75,3.75,3.75,3.125,3.75,3.75,4.375,0.0,3.75,4.375,5.0,4.375,3.75,3.75,4.375,4.375,5.0,4.375
47,9,0.0,0.0,0.0,0.0,0.0,0.0,0.0,0.0,1.25,2.5,0.0,0.0,0.0,1.25,0.0,0.0,3.75,0.0,1.25,0.0,0.0,3.75,1.875,1.25,0.0,0.0,3.75,1.25,0.0,3.75,2.5,3.125,3.125,0.0,0.0,3.75,5.0,5.0,3.75,0.0,5.0,2.5,0.0,5.0,3.75,2.5,0.0,5.0,5.0,0.0,1.25,3.75,4.375,4.375,4.375,4.375,5.0,5.0,0.0,5.0,5.0,5.0,5.0,5.0,5.0,5.0,5.0,5.0,5.0
47,10,0.0,0.0,0.0,0.0,0.0,0.0,0.0,0.0,1.25,2.5,0.0,0.0,0.0,1.875,0.0,0.0,3.75,0.0,1.25,0.0,0.0,3.75,1.25,1.25,0.0,0.0,3.75,1.25,0.0,3.75,2.5,3.75,2.5,0.0,0.0,3.75,5.0,5.0,3.75,0.0,5.0,2.5,0.0,5.0,3.75,2.5,0.0,5.0,5.0,0.0,1.25,3.75,4.375,3.75,3.75,3.75,3.75,5.0,0.0,3.75,5.0,5.0,5.0,5.0,5.0,5.0,5.0,5.0,5.0
47,11,0.0,0.0,0.0,0.0,0.0,0.0,0.0,0.0,1.25,2.5,0.0,0.0,0.0,1.25,0.0,0.0,2.5,0.0,1.25,0.0,0.0,2.5,1.25,1.25,0.0,0.0,3.125,1.25,0.0,2.5,2.5,2.5,2.5,0.0,0.0,2.5,4.375,3.75,2.5,0.0,3.75,1.25,0.0,3.75,3.75,2.5,0.0,3.75,3.75,0.0,1.25,3.75,3.75,3.75,3.75,3.75,3.75,3.75,0.0,3.75,5.0,5.0,4.375,3.75,3.75,4.375,4.375,5.0,4.375
48,9,0.0,0.0,0.0,0.0,0.0,0.0,0.0,0.0,1.875,2.5,0.0,0.0,0.0,2.5,0.0,0.0,3.75,0.0,1.25,0.0,0.0,3.75,1.25,1.25,0.0,0.0,3.75,1.875,0.0,3.75,2.5,3.125,3.125,0.0,0.0,3.75,5.0,5.0,3.75,0.0,5.0,2.5,0.0,5.0,3.75,2.5,0.0,5.0,5.0,0.0,1.25,4.375,4.375,3.75,5.0,4.375,5.0,5.0,0.0,5.0,5.0,5.0,5.0,5.0,5.0,5.0,5.0,5.0,5.0
48,10,0.0,0.0,0.0,0.0,0.0,0.0,0.0,0.0,1.25,2.5,0.0,0.0,0.0,1.875,0.0,0.0,3.75,0.0,1.25,0.0,0.0,3.75,1.25,1.25,0.0,0.0,3.75,1.25,0.0,3.75,3.125,3.125,2.5,0.0,0.0,3.75,5.0,5.0,3.75,0.0,5.0,2.5,0.0,5.0,3.75,2.5,0.0,5.0,5.0,0.0,1.25,4.375,3.75,3.75,3.75,4.375,4.375,5.0,0.0,4.375,5.0,5.0,5.0,5.0,5.0,5.0,5.0,5.0,5.0
48,11,0.0,0.0,0.0,0.0,0.0,0.0,0.0,0.0,1.25,2.5,0.0,0.0,0.0,1.25,0.0,0.0,2.5,0.0,1.25,0.0,0.0,3.125,1.25,1.25,0.0,0.0,3.75,1.25,0.0,2.5,2.5,2.5,2.5,0.0,0.0,3.125,4.375,3.75,2.5,0.0,3.75,1.25,0.0,5.0,3.75,1.25,0.0,3.75,3.75,0.0,1.25,3.75,3.75,3.75,3.75,3.75,3.75,3.75,0.0,3.75,5.0,5.0,3.75,4.375,3.75,4.375,4.375,5.0,4.375
49,9,0.0,0.0,0.0,0.0,0.0,0.0,0.0,0.0,1.875,2.5,0.0,0.0,0.0,2.5,0.0,0.0,3.75,0.0,2.5,0.0,0.0,3.75,1.25,1.25,0.0,0.0,3.75,2.5,0.0,3.75,2.5,3.125,3.125,0.0,0.0,3.75,5.0,5.0,3.75,0.0,5.0,1.25,0.0,5.0,3.75,2.5,0.0,5.0,5.0,0.0,1.25,5.0,4.375,3.75,5.0,5.0,5.0,5.0,0.0,5.0,5.0,5.0,5.0,5.0,5.0,5.0,5.0,5.0,5.0
49,10,0.0,0.0,0.0,0.0,0.0,0.0,0.0,0.0,1.25,2.5,0.0,0.0,0.0,2.5,0.0,0.0,3.125,0.0,1.25,0.0,0.0,3.75,1.25,1.25,0.0,0.0,3.75,1.25,0.0,3.75,3.125,3.125,2.5,0.0,0.0,3.75,4.375,5.0,3.75,0.0,5.0,1.25,0.0,5.0,3.75,1.875,0.0,5.0,5.0,0.0,1.25,5.0,3.75,3.75,4.375,5.0,4.375,5.0,0.0,5.0,5.0,5.0,5.0,5.0,5.0,5.0,5.0,5.0,5.0
49,11,0.0,0.0,0.0,0.0,0.0,0.0,0.0,0.0,1.25,2.5,0.0,0.0,0.0,1.875,0.0,0.0,2.5,0.0,1.25,0.0,0.0,3.125,1.25,1.25,0.0,0.0,3.75,1.25,0.0,2.5,2.5,2.5,2.5,0.0,0.0,3.75,3.75,3.75,2.5,0.0,3.75,1.25,0.0,5.0,3.75,1.25,0.0,3.75,3.75,0.0,1.25,3.75,3.75,3.75,3.75,3.75,3.75,3.75,0.0,3.75,5.0,4.375,3.75,3.75,3.75,4.375,4.375,5.0,4.375
50,9,0.0,0.0,0.0,0.0,0.0,0.0,0.0,0.0,1.875,2.5,0.0,0.0,0.0,2.5,0.0,0.0,2.5,0.0,2.5,0.0,0.0,3.75,1.25,1.25,0.0,0.0,4.375,1.25,0.0,3.125,2.5,2.5,3.125,0.0,0.0,5.0,5.0,5.0,3.75,0.0,5.0,1.25,0.0,5.0,3.75,2.5,0.0,5.0,5.0,0.0,1.25,5.0,3.75,3.75,5.0,5.0,5.0,5.0,0.0,5.0,5.0,5.0,5.0,5.0,5.0,5.0,5.0,5.0,5.0
50,10,0.0,0.0,0.0,0.0,0.0,0.0,0.0,0.0,1.25,2.5,0.0,0.0,0.0,2.5,0.0,0.0,2.5,0.0,2.5,0.0,0.0,3.75,1.25,1.25,0.0,0.0,4.375,1.25,0.0,3.75,2.5,3.125,2.5,0.0,0.0,3.75,4.375,4.375,3.75,0.0,5.0,1.25,0.0,5.0,3.75,2.5,0.0,5.0,5.0,0.0,1.25,5.0,3.75,3.75,5.0,5.0,4.375,5.0,0.0,4.375,5.0,5.0,5.0,5.0,5.0,5.0,5.0,5.0,5.0
50,11,0.0,0.0,0.0,0.0,0.0,0.0,0.0,0.0,1.25,2.5,0.0,0.0,0.0,2.5,0.0,0.0,2.5,0.0,2.5,0.0,0.0,3.75,1.25,1.25,0.0,0.0,3.75,1.25,0.0,2.5,2.5,2.5,2.5,0.0,0.0,3.75,3.75,3.75,2.5,0.0,3.75,1.25,0.0,5.0,3.125,1.25,0.0,3.75,3.75,0.0,1.25,3.75,3.75,3.75,3.75,3.75,3.75,3.75,0.0,3.75,5.0,3.75,3.75,3.75,3.75,3.75,4.375,5.0,3.75
51,9,0.0,0.0,0.0,0.0,0.0,0.0,0.0,0.0,1.875,2.5,0.0,0.0,0.0,2.5,0.0,0.0,2.5,0.0,2.5,0.0,0.0,3.75,1.25,1.25,0.0,0.0,5.0,1.25,0.0,3.125,2.5,2.5,3.125,0.0,0.0,5.0,5.0,4.375,3.75,0.0,5.0,1.25,0.0,5.0,3.75,2.5,0.0,5.0,5.0,0.0,2.5,5.0,3.75,3.75,5.0,5.0,5.0,5.0,0.0,5.0,5.0,5.0,5.0,5.0,5.0,5.0,5.0,5.0,5.0
51,10,0.0,0.0,0.0,0.0,0.0,0.0,0.0,0.0,1.25,2.5,0.0,0.0,0.0,2.5,0.0,0.0,2.5,0.0,2.5,0.0,0.0,3.75,1.25,1.25,0.0,0.0,4.375,1.25,0.0,3.125,2.5,2.5,2.5,0.0,0.0,5.0,4.375,3.75,3.75,0.0,5.0,1.25,0.0,5.0,3.75,2.5,0.0,5.0,5.0,0.0,2.5,5.0,3.75,3.75,5.0,5.0,4.375,4.375,0.0,5.0,5.0,3.75,5.0,5.0,5.0,5.0,5.0,5.0,5.0
51,11,0.0,0.0,0.0,0.0,0.0,0.0,0.0,0.0,1.25,2.5,0.0,0.0,0.0,2.5,0.0,0.0,2.5,0.0,2.5,0.0,0.0,3.75,1.25,1.25,0.0,0.0,3.75,1.25,0.0,2.5,2.5,2.5,2.5,0.0,0.0,3.75,3.75,3.75,2.5,0.0,3.75,1.25,0.0,5.0,3.125,1.25,0.0,3.75,3.75,0.0,1.25,4.375,3.75,3.75,5.0,3.75,3.75,3.75,0.0,3.75,5.0,3.75,3.75,3.75,3.75,3.75,5.0,5.0,3.75
52,9,0.0,0.0,0.0,0.0,0.0,0.0,0.0,0.0,1.875,2.5,0.0,0.0,0.0,2.5,0.0,0.0,2.5,0.0,3.75,0.0,0.0,3.75,1.25,1.25,0.0,0.0,5.0,1.25,0.0,2.5,2.5,2.5,2.5,0.0,0.0,5.0,5.0,3.75,3.75,0.0,5.0,1.25,0.0,5.0,3.75,1.25,0.0,5.0,5.0,0.0,2.5,5.0,3.75,3.75,5.0,5.0,5.0,4.375,0.0,5.0,5.0,3.75,5.0,5.0,5.0,5.0,5.0,5.0,5.0
52,10,0.0,0.0,0.0,0.0,0.0,0.0,0.0,0.0,1.25,2.5,0.0,0.0,0.0,2.5,0.0,0.0,2.5,0.0,2.5,0.0,0.0,3.75,1.25,1.25,0.0,0.0,4.375,1.25,0.0,2.5,2.5,2.5,2.5,0.0,0.0,5.0,4.375,3.75,3.75,0.0,5.0,1.25,0.0,5.0,3.75,1.25,0.0,5.0,5.0,0.0,2.5,5.0,3.75,3.75,5.0,5.0,4.375,4.375,0.0,5.0,5.0,3.75,4.375,5.0,4.375,5.0,5.0,5.0,5.0
52,11,0.0,0.0,0.0,0.0,0.0,0.0,0.0,0.0,1.25,2.5,0.0,0.0,0.0,2.5,0.0,0.0,1.875,0.0,2.5,0.0,0.0,3.75,1.25,1.25,0.0,0.0,3.75,1.25,0.0,2.5,2.5,2.5,2.5,0.0,0.0,3.75,3.75,3.75,2.5,0.0,3.75,1.25,0.0,5.0,3.125,1.25,0.0,3.75,3.75,0.0,2.5,5.0,3.75,3.75,5.0,3.75,3.75,3.75,0.0,4.375,5.0,3.125,3.75,3.75,3.75,3.75,4.375,5.0,3.75
53,9,0.0,0.0,0.0,0.0,0.0,0.0,0.0,0.0,1.25,2.5,0.0,0.0,0.0,2.5,0.0,0.0,2.5,0.0,3.75,0.0,0.0,3.75,1.25,1.25,0.0,0.0,5.0,1.25,0.0,2.5,2.5,2.5,2.5,0.0,0.0,5.0,4.375,3.75,3.75,0.0,5.0,1.25,0.0,5.0,3.75,1.25,0.0,5.0,5.0,0.0,3.75,5.0,4.375,3.75,5.0,5.0,5.0,4.375,0.0,5.0,5.0,3.75,5.0,5.0,5.0,5.0,5.0,5.0,5.0
53,10,0.0,0.0,0.0,0.0,0.0,0.0,0.0,0.0,1.25,2.5,0.0,0.0,0.0,2.5,0.0,0.0,2.5,0.0,3.75,0.0,0.0,3.75,1.25,0.625,0.0,0.0,4.375,1.25,0.0,2.5,2.5,2.5,2.5,0.0,0.0,5.0,3.75,3.75,3.75,0.0,5.0,1.25,0.0,5.0,3.75,1.25,0.0,5.0,5.0,0.0,2.5,5.0,3.75,3.75,5.0,5.0,5.0,3.75,0.0,5.0,5.0,2.5,4.375,5.0,4.375,5.0,5.0,5.0,5.0
53,11,0.0,0.0,0.0,0.0,0.0,0.0,0.0,0.0,1.25,2.5,0.0,0.0,0.0,2.5,0.0,0.0,1.25,0.0,2.5,0.0,0.0,3.75,1.25,0.625,0.0,0.0,3.75,1.25,0.0,2.5,2.5,2.5,2.5,0.0,0.0,3.75,3.75,3.75,2.5,0.0,3.75,1.25,0.0,5.0,3.125,1.25,0.0,3.75,3.75,0.0,2.5,5.0,3.75,3.75,5.0,3.75,3.75,3.75,0.0,4.375,5.0,2.5,3.75,3.75,3.75,3.75,4.375,5.0,3.75
54,9,0.0,0.0,0.0,0.0,0.0,0.0,0.0,0.0,1.25,2.5,0.0,0.0,0.0,3.125,0.0,0.0,1.25,0.0,3.75,0.0,0.0,3.75,1.25,0.0,0.0,0.0,5.0,1.25,0.0,2.5,2.5,2.5,2.5,0.0,0.0,5.0,3.75,3.75,3.75,0.0,5.0,1.25,0.0,5.0,3.75,2.5,0.0,5.0,5.0,0.0,3.75,5.0,4.375,3.75,5.0,5.0,5.0,3.75,0.0,5.0,5.0,2.5,4.375,5.0,5.0,5.0,5.0,5.0,5.0
54,10,0.0,0.0,0.0,0.0,0.0,0.0,0.0,0.0,1.25,2.5,0.0,0.0,0.0,2.5,0.0,0.0,1.25,0.0,3.75,0.0,0.0,3.75,1.25,0.0,0.0,0.0,5.0,1.25,0.0,2.5,2.5,2.5,2.5,0.0,0.0,5.0,3.75,3.75,3.75,0.0,5.0,1.25,0.0,5.0,3.75,2.5,0.0,5.0,5.0,0.0,3.75,5.0,3.75,3.75,5.0,5.0,5.0,3.75,0.0,5.0,5.0,2.5,3.75,5.0,4.375,5.0,5.0,5.0,4.375
54,11,0.0,0.0,0.0,0.0,0.0,0.0,0.0,0.0,1.25,2.5,0.0,0.0,0.0,2.5,0.0,0.0,1.25,0.0,3.75,0.0,0.0,3.75,1.25,0.0,0.0,0.0,3.75,1.25,0.0,2.5,2.5,2.5,2.5,0.0,0.0,3.75,3.75,2.5,3.125,0.0,3.75,1.25,0.0,5.0,3.125,1.25,0.0,3.75,3.75,0.0,2.5,5.0,3.75,3.75,5.0,3.75,3.75,3.75,0.0,4.375,5.0,2.5,3.75,3.75,3.75,3.75,4.375,4.375,3.75
55,9,0.0,0.0,0.0,0.0,0.0,0.0,0.0,0.0,1.25,2.5,1.25,0.0,0.0,3.75,0.0,0.0,1.25,0.0,3.75,0.0,0.0,3.75,1.25,0.0,0.0,0.0,4.375,1.25,0.0,2.5,2.5,2.5,2.5,0.0,0.0,5.0,3.75,3.75,3.75,0.0,5.0,2.5,0.0,5.0,3.75,2.5,0.0,5.0,5.0,0.0,5.0,5.0,4.375,4.375,5.0,5.0,5.0,3.75,0.0,5.0,5.0,2.5,4.375,5.0,5.0,5.0,5.0,5.0,4.375
55,10,0.0,0.0,0.0,0.0,0.0,0.0,0.0,0.0,1.25,2.5,1.25,0.0,0.0,3.125,0.0,0.0,1.25,0.0,3.75,0.0,0.0,3.75,1.25,0.0,0.0,0.0,4.375,1.25,0.0,2.5,2.5,2.5,2.5,0.0,0.0,5.0,3.75,3.75,3.75,0.0,5.0,2.5,0.0,5.0,3.75,2.5,0.0,5.0,5.0,0.0,3.75,5.0,3.75,3.75,5.0,5.0,5.0,3.75,0.0,5.0,5.0,1.25,4.375,5.0,4.375,5.0,5.0,5.0,3.75
55,11,0.0,0.0,0.0,0.0,0.0,0.0,0.0,0.0,1.25,1.875,0.625,0.0,0.0,2.5,0.0,0.0,1.25,0.0,3.75,0.0,0.0,3.125,1.25,0.0,0.0,0.0,3.75,1.25,0.0,2.5,2.5,2.5,2.5,0.0,0.0,3.75,3.75,2.5,3.125,0.0,3.75,1.25,0.0,5.0,3.125,2.5,0.0,3.75,3.75,0.0,3.75,5.0,3.75,3.75,5.0,3.75,3.75,3.125,0.0,4.375,5.0,1.875,3.75,3.75,3.75,3.75,4.375,4.375,3.75
56,9,0.0,0.0,0.0,0.0,0.0,0.0,0.0,0.0,1.25,2.5,1.25,0.0,0.0,3.75,0.0,0.0,1.25,0.0,5.0,0.0,0.0,3.75,1.25,0.0,0.0,0.0,3.75,1.25,0.0,2.5,2.5,2.5,2.5,0.0,0.0,5.0,3.75,3.75,3.75,0.0,5.0,2.5,0.0,5.0,3.75,2.5,0.0,5.0,5.0,0.0,5.0,5.0,5.0,4.375,5.0,5.0,5.0,3.75,0.0,5.0,5.0,1.25,5.0,5.0,5.0,5.0,5.0,5.0,3.75
56,10,0.0,0.0,0.0,0.0,0.0,0.0,0.0,0.0,1.25,1.25,1.25,0.0,0.0,3.125,0.0,0.0,1.25,0.0,3.75,0.0,0.0,3.75,1.25,0.0,0.0,0.0,3.75,1.25,0.0,2.5,2.5,1.875,2.5,0.0,0.0,5.0,3.75,3.75,3.75,0.0,5.0,2.5,0.0,5.0,3.75,2.5,0.0,5.0,5.0,0.0,5.0,5.0,3.75,3.75,5.0,5.0,5.0,3.75,0.0,5.0,5.0,1.25,4.375,5.0,4.375,4.375,5.0,5.0,3.75
56,11,0.0,0.0,0.0,0.0,0.0,0.0,0.0,0.0,1.25,1.25,1.25,0.0,0.0,2.5,0.0,0.0,1.25,0.0,3.75,0.0,0.0,3.125,1.25,0.0,0.0,0.0,3.75,1.25,0.0,2.5,2.5,1.875,2.5,0.0,0.0,3.75,3.75,2.5,3.125,0.0,3.75,1.875,0.0,5.0,3.125,2.5,0.0,3.75,3.75,0.0,3.75,5.0,3.75,3.75,5.0,3.75,3.75,2.5,0.0,5.0,5.0,1.25,3.75,3.75,3.75,3.75,3.75,3.75,2.5
57,9,0.0,0.0,0.0,0.0,0.0,0.0,0.0,0.0,1.25,1.875,1.25,0.0,0.0,3.75,0.0,0.0,1.25,0.0,5.0,0.0,0.0,3.75,1.25,0.0,0.0,0.0,3.75,1.875,0.0,2.5,2.5,1.25,2.5,0.0,0.0,5.0,3.75,3.75,3.75,0.0,5.0,2.5,0.0,5.0,3.75,3.75,0.0,5.0,5.0,0.0,5.0,5.0,5.0,4.375,5.0,5.0,5.0,3.75,0.0,5.0,5.0,1.25,5.0,5.0,5.0,5.0,5.0,5.0,3.75
57,10,0.0,0.0,0.0,0.0,0.0,0.0,0.0,0.0,1.25,1.25,1.25,0.0,0.0,3.125,0.0,0.0,1.25,0.0,3.75,0.0,0.0,3.75,1.25,0.0,0.0,0.0,3.75,1.25,0.0,2.5,2.5,1.25,2.5,0.0,0.0,5.0,3.75,3.125,3.75,0.0,5.0,2.5,0.0,5.0,3.75,3.75,0.0,4.375,5.0,0.0,5.0,5.0,4.375,3.75,5.0,5.0,5.0,3.75,0.0,5.0,5.0,1.25,4.375,4.375,4.375,5.0,5.0,4.375,3.75
57,11,0.0,0.0,0.0,0.0,0.0,0.0,0.0,0.0,1.25,1.25,1.25,0.0,0.0,2.5,0.0,0.0,1.25,0.0,3.75,0.0,0.0,2.5,1.25,0.0,0.0,0.0,3.75,1.25,0.0,2.5,2.5,1.25,2.5,0.0,0.0,4.375,3.125,2.5,2.5,0.0,3.75,2.5,0.0,5.0,3.125,2.5,0.0,3.75,3.75,0.0,4.375,5.0,3.75,3.75,5.0,3.75,3.75,2.5,0.0,5.0,4.375,1.25,3.75,3.75,3.75,3.75,3.75,3.75,2.5
58,9,0.0,0.0,0.0,0.0,0.0,0.0,0.0,0.0,1.25,1.25,2.5,0.0,0.0,3.75,0.0,0.0,0.0,0.0,5.0,0.0,0.0,3.75,1.875,0.0,0.0,0.0,3.75,2.5,0.0,2.5,2.5,1.25,2.5,0.0,0.0,5.0,3.75,2.5,3.75,0.0,5.0,2.5,0.0,5.0,3.75,3.75,0.0,5.0,5.0,0.0,5.0,5.0,5.0,5.0,5.0,5.0,5.0,3.75,0.0,5.0,5.0,1.25,5.0,4.375,5.0,5.0,5.0,5.0,3.125
58,10,0.0,0.0,0.0,0.0,0.0,0.0,0.0,0.0,1.25,1.25,1.875,0.0,0.0,3.125,0.0,0.0,0.0,0.0,4.375,0.0,0.0,3.75,1.25,0.0,0.0,0.0,3.75,1.25,0.0,2.5,3.125,1.25,2.5,0.0,0.0,5.0,3.75,2.5,3.75,0.0,5.0,2.5,0.0,5.0,3.75,3.75,0.0,3.75,5.0,0.0,5.0,5.0,5.0,4.375,5.0,5.0,5.0,3.75,0.0,5.0,5.0,0.625,3.75,4.375,4.375,5.0,5.0,4.375,2.5
58,11,0.0,0.0,0.0,0.0,0.0,0.0,0.0,0.0,1.25,1.25,1.875,0.0,0.0,2.5,0.0,0.0,0.0,0.0,3.75,0.0,0.0,2.5,1.25,0.0,0.0,0.0,3.75,1.25,0.0,2.5,2.5,1.25,1.875,0.0,0.0,4.375,3.125,2.5,2.5,0.0,3.75,2.5,0.0,5.0,2.5,3.75,0.0,3.75,3.75,0.0,5.0,5.0,3.75,3.75,5.0,3.75,3.75,2.5,0.0,4.375,4.375,0.625,3.75,3.75,3.75,3.75,3.75,3.75,2.5
59,9,0.0,0.0,0.0,0.0,0.0,0.0,1.25,0.0,1.25,1.25,3.125,0.0,0.0,3.75,0.0,0.0,0.0,0.0,5.0,0.0,0.0,3.125,1.875,0.0,0.0,0.0,3.75,2.5,0.0,2.5,2.5,1.25,2.5,0.0,0.0,5.0,3.75,2.5,3.75,0.0,5.0,2.5,0.0,5.0,3.75,5.0,0.0,3.75,5.0,0.0,5.0,5.0,5.0,5.0,5.0,5.0,5.0,3.75,0.0,5.0,5.0,0.0,5.0,4.375,5.0,5.0,5.0,5.0,2.5
59,10,0.0,0.0,0.0,0.0,0.0,0.0,1.25,0.0,1.25,1.25,2.5,0.0,0.0,3.125,0.0,0.0,0.0,0.0,4.375,0.0,0.0,2.5,1.25,0.0,0.0,0.0,3.75,1.25,0.0,2.5,3.125,1.25,1.875,0.0,0.0,5.0,3.75,2.5,3.75,0.0,5.0,2.5,0.0,5.0,3.75,5.0,0.0,3.75,5.0,0.0,5.0,5.0,5.0,4.375,5.0,5.0,5.0,2.5,0.0,5.0,5.0,0.0,3.75,3.75,4.375,5.0,4.375,4.375,2.5
59,11,0.0,0.0,0.0,0.0,0.0,0.0,0.625,0.0,1.25,1.25,2.5,0.0,0.0,2.5,0.0,0.0,0.0,0.0,3.75,0.0,0.0,2.5,1.25,0.0,0.0,0.0,2.5,1.25,0.0,2.5,2.5,1.25,1.875,0.0,0.0,3.75,2.5,2.5,2.5,0.0,3.75,2.5,0.0,4.375,2.5,5.0,0.0,3.75,3.75,0.0,5.0,5.0,3.75,3.75,5.0,3.75,3.75,2.5,0.0,4.375,3.75,0.0,3.75,3.75,3.75,3.75,3.75,3.75,2.5
60,9,0.0,0.0,0.0,0.0,0.0,0.0,1.25,0.0,1.25,1.25,3.75,0.0,0.0,3.75,0.0,0.0,0.0,0.0,5.0,0.0,0.0,2.5,2.5,0.0,0.0,0.0,3.75,2.5,0.0,2.5,3.125,1.25,2.5,0.0,0.0,5.0,3.125,2.5,3.75,0.0,5.0,2.5,0.0,5.0,3.75,5.0,0.0,3.75,5.0,0.0,5.0,5.0,5.0,5.0,5.0,5.0,5.0,2.5,0.0,5.0,5.0,0.0,5.0,4.375,5.0,5.0,4.375,5.0,2.5
60,10,0.0,0.0,0.0,0.0,0.0,0.0,1.25,0.0,1.25,1.25,2.5,0.0,0.0,2.5,0.0,0.0,0.0,0.0,4.375,0.0,0.0,2.5,1.25,0.0,0.0,0.0,3.75,1.25,0.0,2.5,3.125,1.25,2.5,0.0,0.0,5.0,3.75,2.5,3.75,0.0,5.0,2.5,0.0,5.0,3.75,5.0,0.0,3.75,5.0,0.0,5.0,5.0,5.0,4.375,5.0,4.375,5.0,2.5,0.0,5.0,5.0,0.0,4.375,3.75,5.0,5.0,3.75,3.75,1.25
60,11,0.0,0.0,0.0,0.0,0.0,0.0,1.25,0.0,1.25,1.25,2.5,0.0,0.0,2.5,0.0,0.0,0.0,0.0,3.75,0.0,0.0,2.5,1.25,0.0,0.0,0.0,2.5,1.25,0.0,2.5,2.5,1.25,1.875,0.0,0.0,3.75,2.5,2.5,2.5,0.0,3.75,2.5,0.0,3.75,2.5,5.0,0.0,3.125,3.75,0.0,5.0,5.0,3.75,3.75,5.0,3.75,3.75,2.5,0.0,5.0,3.75,0.0,3.75,3.75,3.75,3.75,3.75,3.75,1.25
61,9,0.0,0.0,0.0,0.0,0.0,0.0,1.25,0.0,1.25,1.25,3.75,0.0,0.0,3.75,0.0,0.0,0.0,0.0,5.0,0.0,0.0,2.5,2.5,0.0,0.0,0.0,3.75,2.5,0.0,2.5,3.75,1.25,2.5,0.0,0.0,5.0,2.5,2.5,3.75,0.0,5.0,2.5,0.0,5.0,3.75,5.0,0.0,3.75,5.0,0.0,5.0,5.0,5.0,5.0,5.0,5.0,5.0,2.5,0.0,5.0,5.0,0.0,5.0,3.75,5.0,5.0,3.75,4.375,1.25
61,10,0.0,0.0,0.0,0.0,0.0,0.0,1.25,0.0,1.25,1.25,3.125,0.0,0.0,2.5,0.0,0.0,0.0,0.0,3.75,0.0,0.0,2.5,1.25,0.0,0.0,0.0,3.75,1.875,0.0,2.5,3.75,1.25,1.875,0.0,0.0,5.0,3.125,3.125,2.5,0.0,5.0,3.75,0.0,5.0,3.75,5.0,0.0,3.75,5.0,0.0,5.0,5.0,5.0,4.375,5.0,4.375,5.0,2.5,0.0,5.0,4.375,0.0,5.0,3.75,5.0,5.0,3.75,3.75,1.25
61,11,0.0,0.0,0.0,0.0,0.0,0.0,1.25,0.0,1.25,1.25,3.125,0.0,0.0,2.5,0.0,0.0,0.0,0.0,3.75,0.0,0.0,2.5,1.25,0.0,0.0,0.0,2.5,1.875,0.0,2.5,2.5,1.25,1.875,0.0,0.0,3.75,2.5,2.5,2.5,0.0,3.75,3.75,0.0,3.75,2.5,5.0,0.0,2.5,3.75,0.0,5.0,4.375,3.75,3.75,5.0,3.75,3.75,2.5,0.0,5.0,3.75,0.0,3.75,3.75,3.75,3.75,3.125,3.75,1.25
62,9,0.0,0.0,0.0,0.0,0.0,0.0,2.5,0.0,1.875,1.25,4.375,0.0,0.0,3.75,0.0,0.0,0.0,0.0,5.0,0.0,0.0,2.5,1.875,1.25,0.0,0.0,3.75,2.5,0.0,2.5,3.75,1.25,2.5,0.0,0.0,5.0,2.5,2.5,3.75,0.0,5.0,3.75,0.0,5.0,3.75,5.0,0.0,3.75,5.0,0.0,5.0,5.0,5.0,5.0,5.0,5.0,5.0,3.125,0.0,5.0,4.375,0.0,5.0,3.75,5.0,5.0,3.75,4.375,1.25
62,10,0.0,0.0,0.0,0.0,0.0,0.0,1.25,0.0,1.25,1.25,3.75,0.0,0.0,2.5,0.0,0.0,0.0,0.0,3.75,0.0,0.0,2.5,1.25,0.625,0.0,0.0,3.125,1.875,0.0,2.5,3.75,1.25,1.875,0.0,0.0,4.375,2.5,3.125,2.5,0.0,5.0,3.75,0.0,3.75,3.75,5.0,0.0,2.5,5.0,0.0,5.0,5.0,5.0,5.0,5.0,3.75,5.0,2.5,0.0,5.0,3.75,0.0,4.375,3.75,4.375,5.0,3.75,3.75,1.25
62,11,0.0,0.0,0.0,0.0,0.0,0.0,1.25,0.0,1.25,1.25,3.75,0.0,0.0,2.5,0.0,0.0,0.0,0.0,3.75,0.0,0.0,2.5,1.25,0.625,0.0,0.0,2.5,1.875,0.0,2.5,2.5,1.25,1.25,0.0,0.0,3.75,2.5,2.5,2.5,0.0,3.75,3.75,0.0,3.75,2.5,5.0,0.0,2.5,3.75,0.0,5.0,3.75,3.75,3.75,5.0,3.75,3.75,2.5,0.0,4.375,3.75,0.0,3.75,3.125,3.75,3.75,2.5,3.125,1.25
63,9,0.0,0.0,0.0,0.0,0.0,0.0,2.5,0.0,2.5,1.25,5.0,0.0,0.0,2.5,0.0,0.0,0.0,0.0,4.375,0.0,0.0,2.5,1.875,1.25,0.0,0.0,2.5,2.5,0.0,2.5,3.75,1.25,2.5,0.0,0.0,5.0,2.5,2.5,3.75,0.0,5.0,3.75,0.0,4.375,3.75,5.0,0.0,2.5,5.0,0.0,5.0,5.0,5.0,5.0,5.0,5.0,5.0,2.5,0.0,5.0,3.75,0.0,5.0,3.75,5.0,5.0,3.75,3.75,1.25
63,10,0.0,0.0,0.0,0.0,0.0,0.0,2.5,0.0,1.25,1.25,3.75,0.0,0.0,2.5,0.0,0.0,0.0,0.0,3.75,0.0,0.0,2.5,1.25,1.25,0.0,0.0,2.5,1.875,0.0,2.5,3.75,1.25,1.25,0.0,0.0,4.375,2.5,2.5,2.5,0.0,5.0,3.75,0.0,3.75,3.125,5.0,0.0,2.5,5.0,0.0,5.0,4.375,5.0,4.375,5.0,3.75,5.0,2.5,0.0,5.0,3.75,0.0,4.375,3.75,4.375,5.0,3.75,3.75,1.25
63,11,0.0,0.0,0.0,0.0,0.0,0.0,2.5,0.0,1.25,1.25,3.75,0.0,0.0,2.5,0.0,0.0,0.0,0.0,3.75,0.0,0.0,1.25,1.25,1.25,0.0,0.0,2.5,1.875,0.0,1.875,2.5,1.25,1.25,0.0,0.0,3.75,2.5,2.5,2.5,0.0,3.75,3.75,0.0,3.75,2.5,5.0,0.0,2.5,3.75,0.0,5.0,3.75,3.75,3.75,5.0,3.75,3.75,2.5,0.0,4.375,3.125,0.0,3.75,3.125,3.75,3.75,2.5,3.125,1.25
64,9,0.0,0.0,0.0,0.0,0.0,0.0,3.75,0.0,2.5,1.25,5.0,0.0,0.0,2.5,0.0,0.0,0.0,0.0,3.75,0.0,0.0,2.5,2.5,2.5,0.0,0.0,2.5,2.5,0.0,2.5,3.75,1.25,2.5,0.0,0.0,5.0,2.5,2.5,3.75,0.0,5.0,3.75,0.0,3.75,3.75,5.0,0.0,2.5,5.0,0.0,5.0,5.0,5.0,5.0,5.0,5.0,5.0,2.5,0.0,5.0,3.75,0.0,5.0,3.75,5.0,5.0,3.75,3.75,1.25
64,10,0.0,0.0,0.0,0.0,0.0,0.0,2.5,0.0,1.25,1.25,3.75,0.0,0.0,2.5,0.0,0.0,0.0,0.0,3.75,0.0,0.0,2.5,1.25,1.25,0.0,0.0,2.5,1.875,0.0,2.5,3.75,1.25,1.25,0.0,0.0,3.75,2.5,2.5,2.5,0.0,5.0,3.75,0.0,3.75,3.125,5.0,0.0,2.5,5.0,0.0,5.0,3.75,5.0,4.375,5.0,3.75,5.0,2.5,0.0,5.0,3.75,0.0,5.0,3.75,5.0,4.375,3.125,3.75,1.25
64,11,0.0,0.0,0.0,0.0,0.0,0.0,2.5,0.0,1.25,1.25,3.75,0.0,0.0,2.5,0.0,0.0,0.0,0.0,3.125,0.0,0.0,1.25,1.25,1.25,0.0,0.0,2.5,2.5,0.0,1.875,3.125,1.25,1.25,0.0,0.0,3.75,2.5,2.5,2.5,0.0,3.75,3.75,0.0,3.125,2.5,5.0,0.0,2.5,3.75,0.0,5.0,3.75,3.75,3.75,5.0,3.75,4.375,2.5,0.0,5.0,3.125,0.0,3.75,3.125,3.75,3.75,2.5,2.5,1.25
65,9,0.0,0.0,0.0,0.0,0.0,0.0,3.75,0.0,2.5,1.25,5.0,0.0,0.0,2.5,0.0,0.0,0.0,0.0,3.75,0.0,0.0,1.875,2.5,2.5,0.0,0.0,2.5,2.5,0.0,2.5,3.75,1.25,2.5,0.0,0.0,4.375,2.5,2.5,2.5,0.0,5.0,3.75,0.0,3.75,3.125,5.0,0.0,2.5,5.0,0.0,5.0,3.75,5.0,5.0,5.0,4.375,5.0,2.5,0.0,5.0,3.75,0.0,5.0,3.75,5.0,5.0,3.75,3.75,1.25
65,10,0.0,0.0,0.0,0.0,0.0,0.0,2.5,0.0,1.25,1.25,3.75,0.0,0.0,2.5,0.0,0.0,0.0,0.0,3.75,0.0,0.0,1.875,1.25,1.875,0.0,0.0,2.5,2.5,0.0,2.5,3.75,1.25,1.25,0.0,0.0,3.75,2.5,3.125,2.5,0.0,5.0,3.75,0.0,3.75,2.5,5.0,0.0,1.875,5.0,0.0,5.0,3.75,5.0,4.375,5.0,3.75,5.0,2.5,0.0,5.0,3.75,0.0,5.0,3.75,4.375,4.375,3.125,2.5,1.25
65,11,0.0,0.0,0.0,0.0,0.0,0.0,2.5,0.0,1.25,1.25,3.75,0.0,0.0,2.5,0.0,0.0,0.0,0.0,2.5,0.0,0.0,1.25,1.25,1.875,0.0,0.0,2.5,2.5,0.0,1.875,3.125,1.25,1.25,0.0,0.0,3.75,1.875,2.5,2.5,0.0,3.75,3.75,0.0,2.5,2.5,5.0,0.0,1.875,3.75,0.0,5.0,3.75,4.375,3.75,5.0,3.75,4.375,2.5,0.0,5.0,2.5,0.0,3.75,3.125,3.75,3.75,2.5,2.5,1.25
66,9,0.0,0.0,0.0,0.0,0.0,0.0,3.75,0.0,2.5,1.25,5.0,0.0,0.0,2.5,0.0,0.0,0.0,0.0,3.75,0.0,0.0,1.25,2.5,2.5,0.0,0.0,2.5,2.5,0.0,2.5,3.75,1.25,2.5,0.0,0.0,3.75,2.5,2.5,2.5,0.0,5.0,3.75,0.0,3.75,2.5,5.0,0.0,1.25,5.0,0.0,5.0,3.75,5.0,5.0,5.0,3.75,5.0,2.5,0.0,5.0,3.75,0.0,5.0,3.75,5.0,5.0,3.75,3.75,1.25
66,10,0.0,0.0,0.0,0.0,0.0,0.0,3.75,0.0,1.875,1.25,4.375,0.0,0.0,2.5,0.0,0.0,0.0,0.0,3.75,0.0,0.0,1.25,1.25,2.5,0.0,0.0,2.5,2.5,0.0,2.5,3.75,1.25,1.875,0.0,0.0,3.75,2.5,2.5,2.5,0.0,5.0,3.75,0.0,3.75,2.5,5.0,0.0,1.25,4.375,0.0,5.0,3.75,5.0,4.375,5.0,3.75,5.0,2.5,0.0,5.0,3.75,0.0,5.0,3.75,3.75,4.375,3.125,2.5,1.25
66,11,0.0,0.0,0.0,0.0,0.0,0.0,2.5,0.0,1.25,1.25,3.75,0.0,0.0,1.875,0.0,0.0,0.0,0.0,2.5,0.0,0.0,1.25,1.25,2.5,0.0,0.0,2.5,2.5,0.0,1.875,3.125,1.25,1.25,0.0,0.0,3.75,1.25,2.5,2.5,0.0,3.75,3.75,0.0,2.5,2.5,5.0,0.0,1.25,3.75,0.0,5.0,3.75,4.375,3.75,5.0,3.75,4.375,2.5,0.0,4.375,2.5,0.0,3.75,3.125,3.75,3.75,2.5,2.5,1.25
67,9,0.0,0.0,0.0,0.0,0.0,0.0,5.0,0.0,2.5,1.25,5.0,0.0,0.0,2.5,0.0,0.0,0.0,0.0,3.75,0.0,0.0,1.25,2.5,3.75,0.0,0.0,2.5,2.5,0.0,2.5,3.75,2.5,2.5,0.0,0.0,3.75,1.25,2.5,2.5,0.0,5.0,3.75,0.0,3.125,2.5,5.0,0.0,1.25,5.0,0.0,5.0,3.75,5.0,5.0,5.0,3.75,5.0,2.5,0.0,5.0,3.75,0.0,5.0,3.75,5.0,5.0,3.75,3.75,2.5
67,10,0.0,0.0,0.0,0.0,0.0,0.0,3.75,0.0,1.25,1.25,4.375,0.0,0.0,1.875,0.0,0.0,0.0,0.0,3.75,0.0,0.0,1.25,1.25,2.5,0.0,0.0,2.5,2.5,0.0,2.5,3.75,1.25,1.25,0.0,0.0,3.75,1.875,2.5,2.5,0.0,5.0,3.75,0.0,2.5,2.5,5.0,0.0,1.25,4.375,0.0,5.0,3.75,5.0,4.375,5.0,3.75,5.0,2.5,0.0,5.0,3.75,0.0,4.375,3.75,3.75,4.375,2.5,2.5,1.25
67,11,0.0,0.0,0.0,0.0,0.0,0.0,3.75,0.0,1.25,1.25,3.75,0.0,0.0,1.875,0.0,0.0,0.0,0.0,2.5,0.0,0.0,1.25,1.25,2.5,0.0,0.0,2.5,2.5,0.0,1.875,3.125,1.25,1.25,0.0,0.0,3.75,1.25,2.5,2.5,0.0,3.75,3.75,0.0,2.5,2.5,5.0,0.0,1.25,3.75,0.0,5.0,2.5,4.375,3.75,4.375,3.75,5.0,2.5,0.0,3.75,3.125,0.0,3.75,3.75,3.75,3.75,2.5,2.5,1.25
68,9,0.0,0.0,0.0,0.0,0.0,0.0,5.0,0.0,2.5,1.25,5.0,0.0,0.0,2.5,0.0,0.0,0.0,0.0,3.75,0.0,0.0,1.25,2.5,3.75,0.0,0.0,2.5,2.5,0.0,2.5,3.75,2.5,2.5,0.0,0.0,3.75,1.25,2.5,2.5,0.0,5.0,3.75,0.0,2.5,2.5,5.0,0.0,1.25,5.0,0.0,5.0,3.75,5.0,5.0,5.0,3.75,5.0,2.5,0.0,5.0,3.75,0.0,5.0,4.375,5.0,5.0,3.75,2.5,2.5
68,10,0.0,0.0,0.0,0.0,0.0,0.0,3.75,0.0,1.25,1.25,4.375,0.0,0.0,1.25,0.0,0.0,0.0,0.0,3.75,0.0,0.0,1.25,1.875,3.75,0.0,0.0,2.5,2.5,0.0,2.5,3.125,1.25,1.25,0.0,0.0,3.75,1.25,2.5,2.5,0.0,4.375,3.75,0.0,2.5,2.5,5.0,0.0,1.25,4.375,0.0,5.0,3.75,5.0,4.375,5.0,3.75,5.0,2.5,0.0,5.0,3.75,0.0,5.0,3.75,3.75,4.375,2.5,2.5,1.25
68,11,0.0,0.0,0.0,0.0,0.0,0.0,3.75,0.0,1.25,1.25,3.75,0.0,0.0,1.25,0.0,0.0,0.0,0.0,2.5,0.0,0.0,1.25,1.25,2.5,0.0,0.0,2.5,2.5,0.0,1.875,2.5,1.25,1.25,0.0,0.0,3.75,1.25,2.5,2.5,0.0,3.75,3.75,0.0,2.5,2.5,5.0,0.0,1.25,3.75,0.0,5.0,2.5,3.75,3.75,3.75,3.125,5.0,2.5,0.0,4.375,3.125,0.0,3.75,3.75,3.75,3.75,2.5,2.5,1.25
69,9,0.0,0.0,0.0,0.0,0.0,0.0,5.0,0.0,2.5,1.25,5.0,0.0,0.0,2.5,0.0,0.0,0.0,0.0,3.75,0.0,0.0,1.25,2.5,3.75,0.0,0.0,2.5,2.5,0.0,2.5,3.75,2.5,1.875,0.0,0.0,3.75,1.25,2.5,2.5,0.0,5.0,2.5,0.0,2.5,2.5,5.0,0.0,0.625,5.0,0.0,5.0,3.75,5.0,5.0,5.0,3.75,5.0,2.5,0.0,5.0,3.75,0.0,5.0,3.75,4.375,5.0,3.75,2.5,2.5
69,10,0.0,0.0,0.0,0.0,0.0,0.0,3.75,0.0,1.25,1.25,3.75,0.0,0.0,1.25,0.0,0.0,0.0,0.0,3.75,0.0,0.0,1.25,1.25,3.75,0.0,0.0,2.5,2.5,0.0,2.5,2.5,1.875,1.25,0.0,0.0,3.75,1.25,2.5,2.5,0.0,3.75,3.125,0.0,2.5,2.5,5.0,0.0,0.625,4.375,0.0,5.0,3.75,5.0,3.75,5.0,3.125,5.0,1.875,0.0,5.0,3.75,0.0,4.375,3.75,3.75,3.75,3.125,1.875,1.875
69,11,0.0,0.0,0.0,0.0,0.0,0.0,3.75,0.0,1.25,1.25,3.75,0.0,0.0,1.25,0.0,0.0,0.0,0.0,2.5,0.0,0.0,1.25,1.25,3.75,0.0,0.0,2.5,2.5,0.0,2.5,2.5,1.25,1.25,0.0,0.0,3.125,1.25,2.5,2.5,0.0,3.75,3.125,0.0,2.5,2.5,5.0,0.0,0.625,3.75,0.0,5.0,2.5,3.75,3.75,3.75,2.5,5.0,2.5,0.0,4.375,3.125,0.0,3.75,3.75,3.75,3.75,2.5,1.875,1.25
70,9,0.0,0.0,0.0,0.0,0.0,0.0,5.0,0.0,1.25,1.25,5.0,0.0,0.0,1.875,0.0,0.0,0.0,0.0,3.75,0.0,0.0,1.25,2.5,5.0,0.0,0.0,2.5,2.5,0.0,2.5,3.75,2.5,1.875,0.0,0.0,3.75,1.25,2.5,2.5,0.0,5.0,3.125,0.0,2.5,2.5,5.0,0.0,0.0,5.0,0.0,5.0,3.75,5.0,5.0,5.0,3.75,5.0,2.5,0.0,5.0,3.75,1.25,5.0,4.375,3.75,5.0,3.75,2.5,2.5
70,10,0.0,0.0,0.0,0.0,0.0,0.0,3.75,0.0,1.25,1.25,3.75,0.0,0.0,1.25,0.0,0.0,0.0,0.0,3.75,0.0,0.0,1.25,1.25,3.75,0.0,0.0,2.5,2.5,0.0,2.5,2.5,2.5,1.25,0.0,0.0,3.125,1.25,2.5,2.5,0.0,3.75,2.5,0.0,2.5,2.5,5.0,0.0,0.0,3.75,0.0,5.0,3.75,5.0,3.75,4.375,2.5,5.0,2.5,0.0,5.0,3.75,1.25,4.375,3.75,3.75,3.75,3.125,1.875,2.5
70,11,0.0,0.0,0.0,0.0,0.0,0.0,3.75,0.0,1.25,1.25,3.75,0.0,0.0,1.25,0.0,0.0,0.0,0.0,2.5,0.0,0.0,1.25,1.25,3.75,0.0,0.0,2.5,2.5,0.0,2.5,2.5,2.5,1.25,0.0,0.0,2.5,1.25,2.5,2.5,0.0,3.75,2.5,0.0,2.5,2.5,4.375,0.0,0.0,3.75,0.0,4.375,2.5,3.75,3.75,3.75,2.5,5.0,1.875,0.0,3.75,3.125,0.625,3.75,3.75,3.125,3.75,2.5,1.25,1.875
71,9,0.0,0.0,0.0,0.0,0.0,0.0,5.0,0.0,1.25,1.25,5.0,0.0,0.0,1.25,0.0,0.0,0.0,0.0,3.75,0.0,0.0,1.25,2.5,5.0,0.0,0.0,2.5,3.125,0.0,2.5,3.125,2.5,1.875,0.0,0.0,3.75,1.25,2.5,2.5,0.0,4.375,3.125,0.0,2.5,2.5,5.0,0.0,0.0,5.0,0.0,5.0,3.75,5.0,4.375,5.0,3.75,5.0,2.5,0.0,5.0,3.75,1.25,5.0,5.0,3.75,4.375,3.75,2.5,3.75
71,10,0.0,0.0,0.0,0.0,0.0,0.0,3.75,0.0,1.25,1.25,3.75,0.0,0.0,1.25,0.0,0.0,0.0,0.0,3.125,0.0,0.0,0.625,1.25,3.75,0.0,0.0,2.5,2.5,0.0,2.5,2.5,2.5,1.25,0.0,0.0,3.125,1.25,2.5,2.5,0.0,3.75,2.5,0.0,2.5,2.5,4.375,0.0,0.0,3.75,0.0,5.0,3.75,5.0,3.75,4.375,2.5,5.0,1.875,0.0,4.375,3.75,1.25,4.375,3.75,3.75,3.75,3.125,1.25,2.5
71,11,0.0,0.0,0.0,0.0,0.0,0.0,3.75,0.0,1.25,1.25,3.75,0.0,0.0,1.25,0.0,0.0,0.0,0.0,2.5,0.0,0.0,0.625,1.25,3.75,0.0,0.0,1.875,2.5,0.0,2.5,2.5,2.5,1.25,0.0,0.0,2.5,1.25,1.875,1.875,0.0,3.75,2.5,0.0,2.5,2.5,3.75,0.0,0.0,3.75,0.0,3.75,2.5,3.75,3.75,3.75,2.5,5.0,1.875,0.0,3.75,3.75,1.25,3.75,3.75,2.5,3.75,2.5,1.25,2.5
72,9,0.0,0.0,0.0,0.0,0.0,0.0,5.0,0.0,1.25,1.25,3.75,0.0,0.0,1.25,0.0,0.0,0.0,0.0,3.75,0.0,0.0,0.0,2.5,5.0,0.0,0.0,2.5,3.125,0.0,3.125,2.5,2.5,1.875,0.0,0.0,3.125,1.25,2.5,2.5,0.0,3.75,3.125,0.0,2.5,2.5,5.0,0.0,0.0,5.0,0.0,5.0,3.75,5.0,3.75,4.375,2.5,5.0,2.5,0.0,5.0,4.375,1.25,5.0,5.0,3.75,3.75,3.75,1.875,3.75
72,10,0.0,0.0,0.0,0.0,0.0,0.0,3.75,0.0,1.25,1.25,3.75,0.0,0.0,1.25,0.0,0.0,0.0,0.0,3.75,0.0,0.0,0.0,1.25,4.375,0.0,0.0,2.5,2.5,0.0,2.5,2.5,2.5,1.25,0.0,0.0,2.5,1.25,2.5,2.5,0.0,3.75,2.5,0.0,2.5,2.5,3.75,0.0,0.0,5.0,0.0,5.0,3.75,5.0,3.75,3.75,2.5,5.0,1.875,0.0,4.375,3.75,1.25,3.75,4.375,3.75,3.75,3.75,1.25,2.5
72,11,0.0,0.0,0.0,0.0,0.0,0.0,3.75,0.0,1.25,1.25,3.125,0.0,0.0,1.25,0.0,0.0,0.0,0.0,2.5,0.0,0.0,0.0,1.25,3.75,0.0,0.0,1.875,2.5,0.0,2.5,2.5,2.5,1.25,0.0,0.0,2.5,1.25,1.875,1.875,0.0,3.75,2.5,0.0,2.5,2.5,3.75,0.0,0.0,3.75,0.0,3.75,2.5,3.75,3.75,3.75,2.5,5.0,1.875,0.0,3.75,3.75,1.25,3.75,3.75,2.5,3.75,2.5,1.25,2.5
73,9,0.0,0.0,0.0,0.0,0.0,0.0,5.0,0.0,1.25,1.25,3.75,0.0,0.0,1.25,0.0,0.0,0.0,0.0,3.75,0.0,0.0,0.0,1.875,5.0,0.0,0.0,2.5,3.75,0.0,3.75,2.5,3.75,1.25,0.0,0.0,2.5,1.25,2.5,2.5,0.0,3.75,3.125,0.0,2.5,2.5,4.375,0.0,0.0,5.0,0.0,5.0,3.75,5.0,3.75,4.375,2.5,5.0,2.5,0.0,5.0,4.375,1.25,4.375,4.375,3.75,3.75,3.75,1.25,3.75
73,10,0.0,0.0,0.0,0.0,0.0,0.0,3.75,0.0,1.25,1.25,3.75,0.0,0.0,1.25,0.0,0.0,0.0,0.0,3.75,0.0,0.0,0.0,1.25,5.0,0.0,0.0,2.5,2.5,0.0,2.5,2.5,2.5,1.25,0.0,0.0,2.5,1.25,2.5,2.5,0.0,3.75,2.5,0.0,2.5,2.5,3.75,0.0,0.0,5.0,0.0,4.375,3.75,4.375,3.75,3.75,2.5,5.0,1.25,0.0,4.375,3.75,1.25,3.75,3.75,3.75,3.75,3.75,1.25,2.5
73,11,0.0,0.0,0.0,0.0,0.0,0.0,3.75,0.0,1.25,1.25,2.5,0.0,0.0,1.25,0.0,0.0,0.0,0.0,2.5,0.0,0.0,0.0,1.25,3.75,0.0,0.0,1.875,2.5,0.0,2.5,2.5,2.5,1.25,0.0,0.0,2.5,1.25,1.25,1.875,0.0,2.5,2.5,0.0,2.5,2.5,3.75,0.0,0.0,3.75,0.0,3.75,2.5,3.75,3.75,3.75,2.5,5.0,1.25,0.0,3.75,3.75,1.25,3.75,3.75,2.5,3.125,2.5,1.25,2.5
74,9,0.0,0.0,0.0,0.0,0.0,0.0,5.0,0.0,1.25,1.25,3.75,0.0,0.0,1.25,0.0,0.0,0.0,0.0,3.75,0.0,0.0,0.0,1.25,5.0,0.0,0.0,2.5,3.75,0.0,3.75,2.5,3.75,1.25,0.0,0.0,2.5,1.25,2.5,2.5,0.0,3.75,3.125,0.0,2.5,2.5,4.375,0.0,0.625,5.0,0.0,5.0,3.75,5.0,3.75,4.375,2.5,5.0,2.5,0.0,5.0,4.375,2.5,4.375,5.0,3.75,3.75,3.75,1.25,3.75
74,10,0.0,0.0,0.0,0.0,0.0,0.0,3.75,0.0,1.25,1.25,3.125,0.0,0.0,1.25,0.0,0.0,0.0,0.0,3.125,0.0,0.0,0.0,1.25,5.0,0.0,0.0,2.5,3.125,0.0,3.125,2.5,3.125,1.25,0.0,0.0,2.5,1.25,2.5,2.5,0.0,3.75,2.5,0.0,2.5,2.5,3.75,0.0,0.0,5.0,0.0,4.375,3.75,3.75,3.75,3.75,2.5,5.0,1.25,0.0,4.375,3.75,1.25,3.75,3.75,3.75,3.75,3.75,1.25,2.5
74,11,0.0,0.0,0.0,0.0,0.0,0.0,3.75,0.0,1.25,1.25,2.5,0.0,0.0,1.25,0.0,0.0,0.0,0.0,2.5,0.0,0.0,0.0,1.25,3.75,0.0,0.0,1.25,2.5,0.0,2.5,2.5,2.5,1.25,0.0,0.0,2.5,1.25,1.25,1.875,0.0,2.5,2.5,0.0,2.5,2.5,3.75,0.0,0.0,3.75,0.0,3.75,2.5,3.75,3.125,3.75,2.5,5.0,1.25,0.0,3.75,3.75,1.25,3.75,3.75,2.5,2.5,3.125,1.25,2.5
75,9,0.0,0.0,0.0,0.0,0.0,0.0,5.0,0.0,1.25,1.25,3.125,0.0,0.0,1.25,0.0,0.0,0.0,0.0,3.75,0.0,0.0,0.0,1.25,5.0,1.25,0.0,2.5,3.75,0.0,3.75,2.5,3.75,1.875,0.0,0.0,2.5,1.25,2.5,2.5,0.0,3.75,3.125,0.0,2.5,2.5,3.75,0.0,1.25,5.0,0.0,4.375,3.75,4.375,3.75,4.375,2.5,5.0,2.5,0.0,4.375,5.0,2.5,3.75,5.0,3.75,3.75,3.75,1.25,3.75
75,10,0.0,0.0,0.0,0.0,0.0,0.0,3.75,0.0,1.25,1.25,2.5,0.0,0.0,1.25,0.0,0.0,0.0,0.0,3.75,0.0,0.0,0.0,1.25,4.375,0.0,0.0,2.5,3.75,0.0,3.125,2.5,3.75,1.25,0.0,0.0,2.5,1.25,2.5,1.25,0.0,3.75,2.5,0.0,2.5,2.5,3.75,0.0,0.0,5.0,0.0,3.75,3.75,3.75,3.125,3.75,1.25,5.0,1.25,0.0,3.75,4.375,2.5,3.75,3.75,3.75,3.75,3.75,1.25,2.5
75,11,0.0,0.0,0.0,0.0,0.0,0.0,3.75,0.0,1.25,1.25,2.5,0.0,0.0,1.25,0.0,0.0,0.0,0.0,2.5,0.0,0.0,0.0,1.25,3.75,0.0,0.0,1.25,2.5,0.0,2.5,2.5,2.5,1.25,0.0,0.0,2.5,1.25,1.25,1.25,0.0,2.5,2.5,0.0,2.5,2.5,3.75,0.0,0.0,3.75,0.0,3.75,2.5,3.75,2.5,3.75,1.875,4.375,1.25,0.0,3.75,3.75,1.25,3.75,3.75,2.5,2.5,3.125,1.25,2.5
76,9,0.0,0.0,0.0,0.0,0.625,0.0,3.75,0.0,1.25,1.25,2.5,0.0,0.0,1.25,0.0,0.0,0.0,0.0,3.75,0.0,0.0,0.0,1.25,5.0,1.25,0.0,1.25,3.75,0.0,3.75,2.5,3.75,2.5,0.0,0.0,2.5,1.25,2.5,1.25,0.0,3.75,3.75,0.0,3.125,3.125,3.75,0.0,1.25,5.0,0.0,3.75,3.75,3.75,3.75,5.0,2.5,5.0,2.5,0.0,4.375,5.0,2.5,3.75,4.375,3.75,3.75,3.75,0.625,3.125
76,10,0.0,0.0,0.0,0.0,0.0,0.0,3.75,0.0,1.25,1.25,2.5,0.0,0.0,1.25,0.0,0.0,0.0,0.0,3.75,0.0,0.0,0.0,1.25,4.375,1.25,0.0,1.875,3.75,0.0,3.125,2.5,3.75,1.25,0.0,0.0,2.5,1.875,2.5,1.25,0.0,3.75,2.5,0.0,2.5,2.5,3.75,0.0,0.625,5.0,0.0,3.75,3.75,3.75,3.125,3.75,1.875,5.0,1.25,0.0,3.75,4.375,1.25,3.75,3.75,3.75,3.125,3.75,0.0,2.5
76,11,0.0,0.0,0.0,0.0,0.0,0.0,3.75,0.0,1.25,1.25,2.5,0.0,0.0,1.25,0.0,0.0,0.0,0.0,2.5,0.625,0.0,0.0,1.25,3.75,1.25,0.0,1.25,2.5,0.0,2.5,2.5,2.5,1.25,0.0,0.0,2.5,1.25,1.25,1.25,0.0,2.5,2.5,0.0,2.5,2.5,3.75,0.0,0.0,4.375,0.0,3.75,2.5,3.75,2.5,3.75,1.25,3.75,1.25,0.0,3.75,3.75,1.25,3.75,3.75,2.5,2.5,3.125,0.625,2.5
77,9,0.0,0.0,0.0,0.0,1.25,0.0,3.75,0.0,1.25,1.25,2.5,0.0,0.0,1.25,0.0,1.25,0.0,0.0,3.75,1.25,0.0,0.0,1.25,5.0,1.875,0.0,1.25,3.75,0.0,3.75,2.5,3.75,2.5,0.0,0.0,2.5,2.5,2.5,1.25,0.0,3.75,3.75,0.0,3.125,3.75,3.75,0.0,1.25,5.0,0.0,3.75,3.75,3.75,3.125,5.0,2.5,5.0,2.5,0.0,5.0,5.0,2.5,3.75,4.375,3.75,3.75,3.75,0.0,2.5
77,10,0.0,0.0,0.0,0.0,1.25,0.0,3.75,0.0,1.25,1.25,2.5,0.0,0.0,1.25,0.0,0.625,0.0,0.0,3.75,1.25,0.0,0.0,1.25,3.75,1.25,0.0,1.25,3.75,0.0,3.125,2.5,3.75,1.25,0.0,0.0,2.5,2.5,1.25,1.25,0.0,3.125,3.125,0.0,2.5,2.5,3.75,0.0,1.25,5.0,0.0,3.75,3.75,3.75,2.5,4.375,1.25,5.0,1.25,0.0,3.75,4.375,1.25,3.75,3.75,3.75,2.5,3.75,0.0,2.5
77,11,0.0,0.0,0.0,0.0,0.625,0.0,3.125,0.0,1.25,0.625,1.875,0.0,0.0,1.25,0.0,1.25,0.0,0.0,2.5,1.25,0.0,0.0,0.0,3.75,1.25,0.0,1.25,3.125,0.0,2.5,2.5,3.125,1.25,0.0,0.0,2.5,1.25,1.25,1.25,0.0,2.5,2.5,0.0,2.5,2.5,3.125,0.0,1.25,4.375,0.0,3.125,2.5,3.125,2.5,3.75,1.25,3.75,1.25,0.0,3.75,3.75,1.25,3.125,3.75,2.5,2.5,3.75,0.0,1.875
78,9,0.0,0.0,1.25,0.0,1.25,0.0,3.75,0.0,1.25,1.25,2.5,0.0,0.0,1.25,0.0,1.25,0.0,0.0,3.75,1.25,0.0,0.0,0.625,4.375,2.5,0.0,1.25,3.75,0.0,3.75,2.5,3.75,2.5,0.0,0.0,2.5,2.5,2.5,1.25,0.0,3.125,3.75,0.0,3.75,3.75,3.75,0.0,1.25,5.0,0.0,3.75,3.75,3.75,2.5,5.0,1.875,5.0,2.5,0.0,4.375,5.0,1.25,3.75,3.75,3.75,2.5,4.375,0.0,2.5
78,10,0.0,0.0,1.25,0.0,1.25,0.0,2.5,0.0,1.25,0.625,2.5,0.0,0.0,1.25,0.0,1.25,0.0,0.0,3.125,1.25,0.0,0.0,0.0,3.75,1.875,0.0,1.25,3.75,0.0,3.125,2.5,3.75,1.25,0.0,0.0,2.5,2.5,1.875,1.25,0.0,3.125,3.125,0.0,2.5,2.5,3.75,0.0,1.25,5.0,0.0,3.75,3.75,3.75,2.5,4.375,1.25,5.0,1.25,0.0,3.75,3.75,1.25,3.75,3.75,3.75,2.5,3.75,0.0,1.25
78,11,0.0,0.0,1.25,0.0,1.25,0.0,2.5,0.0,1.25,0.625,1.25,0.0,0.0,1.25,0.0,1.25,0.0,0.0,2.5,1.25,0.0,0.0,0.0,3.75,1.25,0.0,1.25,3.125,0.0,2.5,2.5,3.125,1.25,0.0,0.0,2.5,1.875,1.25,1.25,0.0,2.5,2.5,0.0,2.5,2.5,3.125,0.0,1.25,5.0,0.0,3.75,3.125,3.125,2.5,3.75,1.25,3.75,1.25,0.0,3.75,3.75,1.25,3.125,3.75,2.5,2.5,3.75,0.0,1.25
79,9,0.0,0.0,1.25,0.0,1.25,0.0,3.125,0.0,1.25,0.625,2.5,0.0,0.0,1.25,0.0,1.25,0.0,0.0,3.75,1.875,0.0,0.0,0.0,3.75,3.125,0.0,1.25,3.75,0.0,3.75,2.5,3.75,2.5,0.0,0.0,2.5,2.5,2.5,1.25,0.0,2.5,3.75,0.0,3.125,3.75,3.75,0.0,1.875,5.0,0.0,3.75,3.75,3.75,2.5,5.0,1.25,5.0,2.5,0.0,4.375,5.0,1.25,3.75,3.75,3.75,2.5,3.75,0.0,2.5
79,10,0.0,0.0,1.25,0.0,1.25,0.0,2.5,0.0,1.25,0.0,1.25,0.0,0.0,1.25,0.0,1.25,0.0,0.0,3.125,1.875,0.0,0.0,0.0,3.75,2.5,0.0,1.25,3.75,0.0,3.125,2.5,3.75,1.25,0.0,0.0,2.5,2.5,2.5,1.25,0.0,2.5,3.125,0.0,2.5,2.5,3.75,0.0,1.25,5.0,0.0,3.75,3.75,3.75,2.5,5.0,1.25,3.75,1.25,0.0,3.75,4.375,1.25,3.75,3.75,3.75,2.5,3.75,0.0,1.25
79,11,0.0,0.0,1.25,0.0,1.25,0.0,2.5,0.0,1.25,0.0,1.25,0.0,0.0,1.25,0.0,1.25,0.0,0.0,2.5,2.5,0.0,0.0,0.0,3.125,2.5,0.0,1.25,3.125,0.0,2.5,2.5,3.125,1.25,0.0,0.0,2.5,2.5,1.25,1.25,0.0,2.5,2.5,0.0,2.5,2.5,2.5,0.0,1.25,5.0,0.0,3.125,3.125,2.5,1.875,3.75,1.25,3.75,1.25,0.0,3.75,3.75,1.25,2.5,3.125,2.5,2.5,3.75,0.0,1.25
80,9,0.0,0.0,1.25,0.0,2.5,0.0,2.5,0.0,1.25,0.0,2.5,0.0,0.0,1.25,0.0,2.5,0.0,0.0,3.75,2.5,0.0,0.0,0.0,3.75,3.75,0.0,1.25,3.75,0.0,3.75,2.5,3.75,2.5,0.0,0.0,2.5,3.125,2.5,1.25,0.0,2.5,3.75,0.0,3.125,3.75,3.75,0.0,2.5,5.0,0.0,3.75,3.75,3.75,2.5,5.0,1.875,4.375,2.5,0.0,3.75,5.0,1.25,3.75,3.75,3.75,2.5,3.75,0.0,1.25
80,10,0.0,0.0,1.25,0.0,1.25,0.0,2.5,0.0,1.25,0.0,1.25,0.0,0.0,1.25,0.0,1.875,0.0,0.0,3.75,2.5,0.0,0.0,0.0,3.75,3.125,0.0,1.25,3.75,0.0,2.5,2.5,3.75,1.25,0.0,0.0,2.5,2.5,2.5,1.25,0.0,2.5,3.125,0.0,2.5,3.75,3.75,0.0,1.25,5.0,0.0,3.75,3.75,3.125,1.25,5.0,1.25,3.75,1.25,0.0,3.75,4.375,1.25,3.75,3.75,3.75,2.5,3.75,0.0,1.25
80,11,0.0,0.0,1.25,0.0,1.25,0.0,2.5,0.0,1.25,0.0,1.25,0.0,0.0,1.25,0.0,1.875,0.0,0.0,2.5,2.5,0.0,0.0,0.0,2.5,2.5,0.0,0.625,3.125,0.0,2.5,2.5,3.125,1.25,0.0,0.0,2.5,2.5,1.25,1.25,0.0,2.5,2.5,0.0,2.5,2.5,2.5,0.0,1.25,5.0,0.0,3.125,3.75,2.5,1.25,3.75,1.25,3.75,1.25,0.0,3.75,3.75,1.25,2.5,3.125,2.5,1.875,3.125,0.0,1.25
81,9,0.0,0.0,1.25,0.0,2.5,0.0,2.5,0.0,1.875,0.0,2.5,0.0,1.25,1.25,0.0,2.5,0.0,0.0,3.75,3.125,0.0,0.0,0.0,3.75,4.375,0.0,0.625,3.75,0.0,3.75,2.5,3.75,2.5,0.0,0.0,2.5,3.75,2.5,1.25,0.0,2.5,3.75,0.0,2.5,4.375,3.75,0.0,2.5,5.0,0.0,3.75,4.375,3.125,1.875,5.0,1.25,4.375,2.5,0.0,3.75,5.0,1.25,3.75,3.75,3.75,2.5,3.75,0.0,1.25
81,10,0.0,0.0,1.25,0.0,2.5,0.0,1.875,0.0,1.25,0.0,1.25,0.0,1.25,1.25,0.0,2.5,0.0,0.0,2.5,2.5,0.0,0.0,0.0,3.75,3.75,0.0,0.0,3.75,0.0,2.5,2.5,3.75,1.25,0.0,0.0,2.5,3.75,1.875,1.25,0.0,2.5,3.125,0.0,2.5,3.75,3.75,0.0,1.25,5.0,0.0,3.75,3.75,2.5,1.25,5.0,1.25,3.75,1.25,0.0,3.75,5.0,0.625,3.75,3.75,3.75,1.875,2.5,0.0,1.25
81,11,0.0,0.0,1.25,0.0,1.25,0.0,1.875,0.0,1.25,0.0,1.25,0.0,1.25,1.25,0.0,2.5,0.0,0.0,2.5,2.5,0.0,0.0,0.0,2.5,3.125,0.0,0.0,3.125,0.0,2.5,2.5,2.5,1.25,0.0,0.0,2.5,2.5,1.25,0.625,0.0,2.5,2.5,0.0,2.5,2.5,2.5,0.0,1.25,5.0,0.0,3.125,3.75,2.5,1.25,3.75,1.25,3.75,1.25,0.0,3.75,3.75,0.0,2.5,2.5,2.5,1.25,2.5,0.0,0.625
82,9,0.0,0.0,2.5,0.0,2.5,0.0,2.5,0.0,2.5,0.0,1.25,0.0,1.25,1.25,0.0,2.5,0.625,0.0,3.125,3.75,0.0,0.0,0.0,3.75,5.0,0.0,0.0,3.75,0.0,3.75,2.5,3.75,2.5,0.0,0.0,3.125,3.75,2.5,1.25,0.0,2.5,3.75,0.0,2.5,5.0,3.75,0.0,2.5,5.0,0.0,3.75,5.0,2.5,1.25,5.0,1.25,3.75,2.5,0.0,3.75,5.0,0.0,3.75,3.75,3.75,2.5,3.75,0.0,1.25
82,10,0.0,0.0,2.5,0.0,2.5,0.0,1.25,0.0,1.25,0.0,1.25,0.0,1.25,1.25,0.0,2.5,0.0,0.0,2.5,3.75,0.0,0.0,0.0,3.125,3.75,0.0,0.0,3.75,0.0,2.5,2.5,3.75,1.25,0.0,0.0,2.5,3.75,1.875,0.625,0.0,2.5,3.125,0.0,2.5,3.75,3.75,0.0,1.25,5.0,0.0,3.75,3.75,2.5,1.25,5.0,1.25,3.75,1.25,0.0,3.75,4.375,0.0,3.75,3.75,3.75,2.5,2.5,0.0,0.0
82,11,0.0,0.0,2.5,0.0,2.5,0.0,1.25,0.0,1.25,0.0,1.25,0.0,1.25,1.25,0.0,2.5,0.0,0.0,2.5,3.75,0.0,0.0,0.0,2.5,3.75,0.0,0.0,3.125,0.0,2.5,2.5,2.5,1.25,0.0,0.0,2.5,2.5,1.25,0.625,0.0,2.5,2.5,0.0,2.5,3.75,2.5,0.0,1.25,5.0,0.0,3.125,3.75,2.5,1.25,4.375,1.25,3.125,1.25,0.0,3.125,3.75,0.0,2.5,2.5,2.5,1.25,2.5,0.0,0.0
83,9,0.0,0.0,2.5,0.0,2.5,0.0,1.25,0.0,2.5,0.0,1.25,0.0,1.25,1.25,0.0,3.75,1.25,0.0,3.125,3.75,0.0,0.0,0.0,3.125,5.0,0.0,0.0,3.75,0.0,3.75,2.5,3.75,1.875,0.0,0.0,3.125,3.75,2.5,1.25,0.0,2.5,3.75,0.0,2.5,5.0,3.75,0.0,2.5,5.0,0.0,3.75,5.0,2.5,1.25,5.0,1.25,3.75,2.5,0.0,3.75,5.0,0.0,3.75,3.75,3.75,2.5,3.75,0.0,0.0
83,10,0.0,0.0,2.5,0.0,2.5,0.0,1.25,0.0,1.25,0.0,1.25,0.0,1.25,1.25,0.0,2.5,1.25,0.0,2.5,3.75,0.0,0.0,0.0,2.5,4.375,0.0,0.0,3.75,0.0,2.5,2.5,2.5,1.25,0.0,0.0,2.5,3.75,2.5,0.625,0.0,2.5,3.125,0.0,2.5,3.75,3.75,0.0,1.25,5.0,0.0,3.75,3.75,2.5,1.25,5.0,1.25,3.75,1.25,0.0,3.75,4.375,0.0,3.75,3.75,3.75,2.5,2.5,0.0,0.0
83,11,0.0,0.0,2.5,0.0,2.5,0.0,1.25,0.0,1.25,0.0,1.25,0.0,1.25,1.25,0.0,2.5,0.625,0.0,2.5,3.75,0.0,0.0,0.0,2.5,3.75,0.0,0.0,3.125,0.0,2.5,2.5,2.5,1.25,0.0,0.0,2.5,3.125,1.875,0.0,0.0,2.5,2.5,0.0,2.5,3.75,2.5,0.0,1.875,5.0,0.0,3.75,3.75,2.5,1.25,4.375,1.25,3.125,1.25,0.0,3.125,3.75,0.0,2.5,2.5,3.125,1.25,2.5,0.0,0.0
84,9,0.0,0.0,2.5,0.0,3.75,0.0,1.25,0.0,2.5,0.0,1.25,0.0,1.25,1.25,0.0,3.75,1.25,0.0,2.5,4.375,0.0,0.0,0.0,3.125,5.0,0.0,0.0,3.75,0.0,2.5,2.5,2.5,1.25,0.0,0.0,3.125,3.75,2.5,1.25,0.0,2.5,3.75,0.0,2.5,5.0,3.75,0.0,2.5,5.0,0.0,3.75,5.0,2.5,1.25,5.0,1.25,3.75,2.5,0.0,3.75,5.0,0.0,3.75,3.75,3.75,2.5,2.5,0.0,0.0
84,10,0.0,0.0,2.5,0.0,2.5,0.0,1.25,0.0,1.25,0.0,1.25,0.0,1.25,1.25,0.0,3.125,1.25,0.0,2.5,4.375,0.0,0.0,0.0,2.5,5.0,0.0,0.0,3.75,0.0,2.5,2.5,2.5,1.25,0.0,0.0,2.5,3.75,2.5,0.625,0.0,2.5,2.5,0.0,2.5,3.75,3.75,0.0,1.25,5.0,0.0,3.75,3.75,2.5,1.25,5.0,1.25,3.75,1.25,0.0,3.75,4.375,0.0,3.75,3.125,3.75,1.25,2.5,0.0,0.0
84,11,0.0,0.0,2.5,0.0,2.5,0.0,1.25,0.0,1.25,0.0,1.25,0.0,1.25,1.25,0.0,2.5,1.25,0.0,2.5,3.75,0.0,0.0,0.0,2.5,4.375,0.0,0.0,3.125,0.0,2.5,2.5,2.5,1.25,0.0,0.0,2.5,3.75,1.875,0.0,0.0,2.5,2.5,0.0,2.5,3.75,2.5,0.0,1.25,4.375,0.0,3.75,3.75,2.5,1.25,5.0,1.25,3.125,1.25,0.0,3.125,3.75,0.0,2.5,2.5,2.5,1.25,2.5,0.0,0.0
85,9,0.0,0.0,2.5,0.0,3.125,0.0,1.25,0.0,1.875,0.0,1.25,0.0,1.25,1.25,0.0,3.75,1.25,0.0,2.5,4.375,0.0,0.0,1.25,2.5,5.0,0.0,0.0,3.75,0.0,2.5,2.5,2.5,1.25,0.0,0.0,3.75,5.0,2.5,1.25,0.0,2.5,3.75,0.0,2.5,5.0,3.75,0.0,2.5,5.0,0.0,4.375,5.0,2.5,1.25,5.0,1.25,3.75,2.5,0.0,3.75,5.0,0.0,3.75,3.75,3.75,2.5,2.5,0.625,0.0
85,10,0.0,0.0,2.5,0.0,2.5,0.0,1.25,0.0,1.25,0.0,1.25,0.0,1.25,1.25,0.0,3.125,1.25,0.0,1.875,4.375,0.0,0.0,0.0,2.5,5.0,0.0,0.0,3.75,0.0,2.5,2.5,2.5,1.25,0.0,0.0,2.5,4.375,2.5,1.25,0.0,2.5,3.125,0.0,2.5,3.75,3.75,0.0,1.25,5.0,0.0,3.75,3.75,2.5,1.25,5.0,1.25,3.75,1.25,0.0,3.75,3.75,0.0,3.75,2.5,3.125,1.25,1.875,0.0,0.0
85,11,0.0,0.0,2.5,0.0,2.5,0.0,1.25,0.0,1.25,0.0,1.25,0.0,1.25,1.25,0.0,3.75,1.25,0.0,1.875,4.375,0.0,0.0,0.0,2.5,4.375,0.0,0.0,3.125,0.0,2.5,1.875,2.5,1.25,0.0,0.0,2.5,3.75,2.5,0.625,0.0,2.5,2.5,0.0,2.5,3.75,2.5,0.0,1.25,3.75,0.0,3.75,3.75,2.5,0.625,5.0,1.25,3.125,1.25,0.0,3.125,3.75,0.0,2.5,2.5,2.5,1.25,1.875,0.0,0.0
86,9,0.0,0.0,2.5,0.0,2.5,0.0,1.25,0.0,1.25,0.0,1.25,0.0,1.25,1.25,0.0,3.75,2.5,0.0,2.5,5.0,0.0,1.25,1.25,2.5,5.0,0.0,0.0,3.75,0.0,2.5,2.5,2.5,1.25,0.0,0.0,3.75,5.0,2.5,1.25,0.0,2.5,3.125,0.0,2.5,5.0,3.75,0.0,1.875,5.0,0.0,4.375,5.0,2.5,1.25,5.0,1.25,3.75,2.5,0.0,3.75,5.0,0.0,3.75,3.75,3.75,2.5,1.25,1.25,0.0
86,10,0.0,0.0,1.25,0.0,2.5,0.0,1.25,0.0,1.25,0.0,1.25,0.0,1.25,1.25,0.0,3.75,1.25,0.0,2.5,5.0,0.0,0.625,1.25,2.5,5.0,0.0,0.0,3.75,0.0,2.5,2.5,2.5,1.25,0.0,0.0,2.5,5.0,2.5,1.25,0.0,2.5,2.5,0.0,2.5,3.75,3.75,0.0,1.25,4.375,0.0,3.75,3.75,2.5,1.25,5.0,1.25,3.75,1.25,0.0,3.75,3.75,0.0,3.125,2.5,2.5,1.25,1.25,0.625,0.0
86,11,0.0,0.0,1.25,0.0,2.5,0.0,1.25,0.0,1.25,0.0,1.25,0.0,1.875,1.25,0.0,3.125,1.25,0.0,1.875,4.375,0.0,0.625,0.625,2.5,4.375,0.0,0.0,3.125,0.0,2.5,1.25,2.5,1.25,0.0,0.0,2.5,3.75,2.5,0.625,0.0,2.5,2.5,0.0,1.875,3.75,2.5,0.0,1.25,3.75,0.0,3.75,3.75,2.5,0.625,5.0,1.25,3.75,1.25,0.0,2.5,3.75,0.0,2.5,2.5,2.5,1.25,1.25,0.625,0.0
87,9,0.0,0.0,1.25,0.0,2.5,0.0,1.25,0.0,1.25,0.0,1.25,0.0,2.5,1.25,0.0,3.75,2.5,0.0,2.5,5.0,0.0,1.25,1.25,2.5,5.0,0.0,0.0,3.75,0.0,2.5,2.5,2.5,1.25,0.0,0.0,3.75,5.0,3.125,1.25,0.0,2.5,3.125,0.0,2.5,5.0,3.75,0.0,1.25,5.0,0.0,4.375,5.0,2.5,1.25,5.0,1.25,4.375,2.5,0.0,3.75,4.375,0.0,3.75,3.75,3.75,2.5,1.25,1.25,0.0
87,10,0.0,0.0,1.25,0.0,2.5,0.0,1.25,0.0,1.25,0.0,1.25,0.0,1.25,1.25,0.0,3.75,1.875,0.0,2.5,4.375,0.0,1.25,1.25,2.5,5.0,0.0,0.0,3.75,0.0,2.5,1.875,2.5,0.625,0.0,0.0,2.5,5.0,2.5,1.25,0.0,2.5,2.5,0.0,2.5,3.75,3.75,0.0,1.25,3.75,0.0,3.75,4.375,2.5,0.625,5.0,1.25,3.75,1.25,0.0,3.75,3.75,0.0,3.125,2.5,2.5,2.5,1.25,1.25,0.0
87,11,0.0,0.0,1.25,0.0,1.875,0.0,1.25,0.0,1.25,0.0,1.25,0.0,1.875,1.25,0.0,2.5,1.25,0.0,2.5,4.375,0.0,1.25,1.25,2.5,4.375,0.0,0.0,3.125,0.0,2.5,1.25,1.25,0.625,0.0,0.0,2.5,3.75,2.5,1.25,0.0,2.5,2.5,0.0,1.25,3.75,2.5,0.0,1.25,3.75,0.0,3.75,3.75,2.5,1.25,5.0,1.25,3.75,1.25,0.0,2.5,3.75,0.0,2.5,2.5,2.5,1.875,1.25,1.25,0.0
88,9,0.0,0.0,1.25,0.0,2.5,0.0,1.25,0.0,1.25,0.0,1.25,0.0,2.5,1.25,0.0,3.75,2.5,0.0,2.5,4.375,0.0,1.25,1.25,2.5,5.0,0.0,0.0,3.75,0.0,2.5,2.5,2.5,0.0,0.0,0.0,3.75,5.0,3.75,1.25,0.0,1.875,3.125,0.0,2.5,4.375,3.75,0.0,1.25,4.375,0.0,4.375,5.0,2.5,1.25,5.0,1.25,4.375,2.5,0.0,3.75,3.75,0.0,3.75,3.75,3.75,2.5,1.25,1.25,0.0
88,10,0.0,0.0,1.25,0.0,1.25,0.0,1.25,0.0,1.25,0.0,1.25,0.0,1.875,1.25,0.0,2.5,2.5,0.0,2.5,4.375,0.0,1.25,1.25,2.5,5.0,0.0,0.0,3.75,0.0,2.5,1.25,2.5,0.0,0.0,0.0,2.5,5.0,2.5,1.25,0.0,2.5,2.5,0.0,1.25,3.75,3.75,0.0,1.25,3.75,0.0,3.75,3.75,2.5,1.25,5.0,1.25,3.75,1.25,0.0,3.75,3.75,0.0,3.125,3.125,2.5,2.5,1.25,1.25,0.0
88,11,0.0,0.0,1.25,0.0,1.25,0.0,1.25,0.0,1.25,0.0,1.25,0.0,2.5,1.25,0.0,2.5,1.25,0.0,2.5,3.75,0.0,1.25,1.25,2.5,4.375,0.0,0.0,3.125,0.0,2.5,1.25,1.25,0.0,0.0,0.0,2.5,3.75,2.5,1.25,0.0,1.875,2.5,0.0,1.25,3.75,3.125,0.0,0.625,3.125,0.0,3.75,3.75,2.5,1.25,4.375,1.25,3.75,1.25,0.0,2.5,3.75,0.0,2.5,2.5,2.5,1.875,1.25,1.25,0.0
89,9,0.0,0.0,1.25,0.0,2.5,0.0,1.25,0.0,1.25,0.0,1.875,0.0,2.5,1.25,0.0,3.125,2.5,0.0,2.5,3.75,0.0,1.875,2.5,2.5,5.0,0.0,0.0,3.75,0.0,2.5,2.5,1.25,0.0,0.0,0.0,3.75,5.0,3.75,1.25,0.0,1.875,2.5,0.0,2.5,3.75,3.75,0.0,1.25,3.75,0.0,4.375,3.75,2.5,1.25,5.0,1.25,4.375,1.875,0.0,3.75,3.75,0.0,3.75,3.75,3.125,2.5,1.25,1.25,0.0
89,10,0.0,0.0,1.25,0.0,1.25,0.0,1.25,0.0,0.625,0.0,1.25,0.0,2.5,1.25,0.0,2.5,2.5,0.0,1.875,3.75,0.0,1.25,1.25,2.5,5.0,0.0,0.0,3.75,0.0,2.5,1.25,1.25,0.0,0.0,0.0,3.125,5.0,2.5,1.25,0.0,1.875,2.5,0.0,1.25,3.75,3.75,0.0,0.0,3.75,0.0,3.75,3.75,2.5,1.25,5.0,1.25,3.75,1.25,0.0,3.75,3.75,0.0,3.75,2.5,2.5,1.875,0.0,1.25,0.0
89,11,0.0,0.0,1.25,0.0,1.25,0.0,1.25,0.0,0.0,0.0,1.25,0.0,2.5,1.25,0.0,2.5,1.25,0.0,1.875,3.75,0.0,1.25,1.25,2.5,4.375,0.0,0.0,3.125,0.0,2.5,1.25,1.25,0.0,0.0,0.0,2.5,3.75,2.5,1.25,0.0,1.25,2.5,0.0,1.25,2.5,3.125,0.0,0.0,2.5,0.0,3.75,3.75,2.5,1.25,4.375,1.25,3.75,1.25,0.0,2.5,3.125,0.0,2.5,2.5,2.5,1.875,0.0,1.25,0.0
90,9,0.0,0.0,1.25,0.0,1.25,0.0,1.25,0.0,0.0,0.0,2.5,0.0,2.5,1.25,0.0,2.5,2.5,0.0,2.5,3.75,0.0,2.5,2.5,2.5,5.0,0.0,0.625,4.375,0.0,2.5,2.5,1.25,0.0,0.0,0.0,3.75,5.0,3.75,2.5,0.0,1.25,2.5,0.0,1.875,3.75,3.75,0.0,0.0,3.75,0.0,4.375,3.75,3.125,1.25,5.0,1.25,5.0,1.25,0.0,3.75,3.75,0.0,3.75,3.125,2.5,2.5,0.0,1.875,0.0
90,10,0.0,0.0,0.625,0.0,1.25,0.0,1.25,0.0,0.0,0.0,1.25,0.0,1.875,1.25,0.0,2.5,2.5,0.0,2.5,3.75,0.0,1.875,1.25,2.5,5.0,0.0,0.0,3.75,0.0,2.5,1.875,1.25,0.0,0.0,0.0,3.125,4.375,2.5,1.25,0.0,1.875,2.5,0.0,1.25,2.5,3.75,0.0,0.0,3.75,0.0,3.75,3.75,2.5,1.25,5.0,1.25,3.75,1.25,0.0,3.75,3.75,0.0,3.75,2.5,2.5,2.5,0.0,1.25,0.0
90,11,0.0,0.0,1.25,0.0,1.25,0.0,1.25,0.0,0.0,0.0,1.25,0.0,2.5,1.25,0.0,2.5,2.5,0.0,1.875,3.75,0.0,1.875,1.25,2.5,4.375,0.0,0.0,3.75,0.0,2.5,1.25,1.25,0.0,0.0,0.0,2.5,3.75,2.5,1.25,0.0,1.25,2.5,0.0,1.25,2.5,3.75,0.0,0.0,2.5,0.0,3.75,3.125,2.5,1.25,3.75,1.25,3.75,1.25,0.0,2.5,2.5,0.0,2.5,2.5,2.5,2.5,0.0,1.25,0.0
91,9,0.0,0.0,0.0,0.0,1.25,0.0,1.25,0.0,0.0,0.0,2.5,0.0,2.5,1.25,0.0,2.5,2.5,0.0,2.5,3.75,0.0,2.5,2.5,3.125,5.0,0.0,1.25,4.375,0.0,3.125,2.5,1.25,0.0,0.0,0.0,3.75,4.375,3.75,2.5,0.0,1.25,3.125,0.0,1.25,3.75,3.75,0.0,0.0,3.75,0.0,4.375,3.75,3.75,1.25,5.0,1.25,5.0,1.25,0.0,3.75,3.75,0.0,3.75,3.125,2.5,2.5,0.0,2.5,0.0
91,10,0.0,0.0,0.0,0.0,1.25,0.0,1.25,0.0,0.0,0.0,1.25,0.0,1.875,1.25,0.0,2.5,2.5,0.0,2.5,3.75,0.0,2.5,1.25,2.5,5.0,0.0,1.25,3.75,0.0,2.5,1.25,1.25,0.0,0.0,0.0,3.125,3.75,3.75,1.25,0.0,1.25,2.5,0.0,1.25,2.5,3.75,0.0,0.0,3.75,0.0,3.75,3.75,2.5,1.25,4.375,1.25,3.75,1.25,0.0,3.75,3.75,0.0,3.75,2.5,2.5,2.5,0.0,1.25,0.0
91,11,0.0,0.0,0.0,0.0,1.25,0.0,1.25,0.0,0.0,0.0,1.25,0.0,2.5,1.25,0.0,2.5,2.5,0.0,2.5,3.75,0.0,2.5,1.25,2.5,3.75,0.0,1.25,3.75,0.0,2.5,1.25,1.25,0.0,0.0,0.0,2.5,3.75,2.5,1.25,0.0,1.25,2.5,0.0,1.25,2.5,3.75,0.0,0.0,2.5,0.0,3.75,3.125,2.5,1.25,3.75,1.25,3.75,1.25,0.0,2.5,2.5,0.0,2.5,2.5,2.5,2.5,0.0,1.25,0.0
92,9,0.0,0.0,0.0,0.0,1.25,0.0,1.25,0.0,0.0,0.0,2.5,0.0,2.5,1.25,0.0,2.5,2.5,0.0,2.5,3.75,0.0,3.75,2.5,3.125,5.0,0.0,1.25,4.375,0.0,3.75,1.25,1.25,0.0,0.0,0.0,3.75,3.75,3.75,2.5,0.0,1.25,2.5,0.0,1.25,2.5,4.375,0.0,0.0,3.75,0.0,4.375,3.75,3.75,1.875,5.0,1.25,5.0,1.25,0.0,3.75,3.75,0.0,3.75,3.125,2.5,3.125,0.0,2.5,0.0
92,10,0.0,0.0,0.0,0.0,0.0,0.0,1.25,0.0,0.0,0.0,1.875,0.0,1.875,1.25,0.0,2.5,2.5,0.0,2.5,3.75,0.0,2.5,1.25,2.5,4.375,0.0,1.25,3.75,0.0,2.5,1.25,1.25,0.0,0.0,0.0,3.125,3.75,3.75,1.875,0.0,1.875,2.5,0.0,1.25,2.5,3.75,0.0,0.0,3.75,0.0,3.75,3.75,3.75,1.25,3.75,1.25,3.75,0.625,0.0,3.75,2.5,0.0,3.125,2.5,2.5,2.5,0.0,1.25,0.0
92,11,0.0,0.0,0.0,0.0,0.0,0.0,1.25,0.0,0.0,0.0,1.25,0.0,1.875,1.25,0.0,2.5,1.25,0.0,2.5,3.75,0.0,2.5,1.25,2.5,3.75,0.0,1.25,3.75,0.0,2.5,1.25,1.25,0.0,0.0,0.0,2.5,3.75,2.5,1.25,0.0,1.25,2.5,0.0,1.25,2.5,3.75,0.0,0.0,2.5,0.0,3.75,2.5,2.5,1.25,3.75,1.25,3.75,0.0,0.0,2.5,2.5,0.0,2.5,2.5,1.875,2.5,0.0,1.25,0.0
93,9,0.0,0.0,0.0,0.0,0.0,0.0,1.25,0.0,0.0,1.25,2.5,0.0,2.5,1.25,0.0,2.5,2.5,0.0,2.5,3.75,0.0,3.75,2.5,3.125,5.0,0.0,1.25,4.375,0.0,3.75,1.25,1.25,0.0,0.0,0.0,3.75,3.75,3.75,2.5,0.0,1.875,2.5,0.0,1.25,2.5,4.375,0.0,0.0,3.75,0.0,5.0,3.75,3.75,2.5,4.375,1.25,5.0,0.625,0.0,3.75,3.125,0.0,3.75,2.5,2.5,3.125,0.0,2.5,0.0
93,10,0.0,0.0,0.0,0.0,0.0,0.0,1.25,0.0,0.0,0.0,2.5,0.0,1.875,1.25,0.0,2.5,1.25,0.0,2.5,3.125,0.0,2.5,1.25,2.5,4.375,0.0,1.25,3.75,0.0,2.5,1.25,1.25,0.0,0.0,0.0,3.125,3.75,3.75,1.875,0.0,1.875,2.5,0.0,1.25,1.875,3.75,0.0,0.0,3.125,0.0,3.75,3.75,2.5,1.875,3.75,1.25,4.375,0.0,0.0,3.75,2.5,0.0,3.75,2.5,2.5,2.5,0.0,1.25,0.0
93,11,0.0,0.0,0.0,0.0,0.0,0.0,1.25,0.0,0.0,0.625,2.5,0.0,1.875,1.25,0.0,1.875,1.25,0.0,2.5,3.125,0.0,2.5,1.25,2.5,3.75,0.0,1.25,3.75,0.0,2.5,1.25,1.25,0.0,0.0,0.0,2.5,3.125,3.125,1.25,0.0,1.25,2.5,0.0,1.25,1.25,3.75,0.0,0.0,2.5,0.0,3.75,2.5,2.5,1.25,3.75,1.25,3.75,0.0,0.0,2.5,2.5,0.0,2.5,2.5,1.875,2.5,0.0,1.25,0.0
94,9,0.0,0.0,0.0,0.0,0.0,0.0,1.25,0.0,0.0,1.25,2.5,0.0,2.5,1.25,0.0,2.5,1.25,0.0,2.5,3.75,0.0,3.75,1.25,3.125,5.0,0.0,2.5,4.375,0.0,3.75,1.875,1.25,0.0,0.0,0.0,3.75,3.75,3.75,2.5,0.0,1.875,2.5,0.0,1.25,1.25,4.375,0.0,0.0,3.75,0.0,5.0,3.75,3.75,2.5,3.75,1.25,5.0,0.0,0.0,3.75,2.5,0.0,3.75,2.5,2.5,2.5,0.0,2.5,0.0
94,10,0.0,0.0,0.0,0.0,0.0,0.0,1.25,0.0,0.0,1.25,2.5,0.0,1.25,1.25,0.0,2.5,1.25,0.0,2.5,2.5,0.0,2.5,1.25,2.5,3.75,0.0,1.25,3.75,0.0,2.5,1.25,1.25,0.0,0.0,0.0,3.75,3.75,3.75,1.25,0.0,1.875,2.5,0.0,1.25,1.25,3.75,0.0,0.0,3.125,0.0,4.375,3.75,2.5,2.5,3.75,1.25,4.375,0.0,0.0,3.75,2.5,0.0,3.75,2.5,1.25,2.5,0.0,1.25,0.0
94,11,0.0,0.0,0.0,0.0,0.0,0.0,1.25,0.0,0.0,1.25,2.5,0.0,1.25,1.25,0.0,1.25,1.25,0.0,2.5,2.5,0.0,2.5,1.25,2.5,3.75,0.0,1.25,3.75,0.0,2.5,1.25,1.25,0.0,0.0,0.0,2.5,2.5,3.125,1.25,0.0,1.25,2.5,0.0,1.25,1.25,3.75,0.0,0.0,2.5,0.0,3.75,2.5,2.5,2.5,3.75,1.25,3.75,0.0,0.0,3.125,2.5,0.0,2.5,2.5,1.25,2.5,0.0,1.25,0.0
95,9,0.0,0.0,0.0,0.0,0.0,0.0,1.25,0.0,0.0,1.25,2.5,0.0,1.875,1.25,0.0,2.5,1.25,0.0,2.5,3.75,0.0,3.75,1.25,3.125,4.375,0.0,2.5,4.375,0.0,3.75,1.25,1.25,0.0,0.0,0.0,3.75,3.75,3.75,2.5,0.0,2.5,3.125,0.0,1.25,1.25,4.375,0.0,0.0,3.75,0.0,5.0,3.75,3.75,2.5,3.75,1.25,5.0,0.0,0.0,3.75,2.5,0.0,3.75,3.125,2.5,2.5,0.0,2.5,0.0
95,10,0.0,0.0,0.0,0.0,0.0,0.0,1.25,0.0,0.0,1.25,2.5,0.0,1.25,1.25,0.0,2.5,1.25,0.0,2.5,2.5,0.0,2.5,1.25,3.125,3.75,0.0,2.5,3.75,0.0,2.5,1.25,1.25,0.0,0.0,0.0,3.75,3.125,3.75,1.25,0.0,2.5,2.5,0.0,1.25,1.25,3.75,0.0,0.0,3.75,0.0,4.375,3.125,3.75,2.5,3.75,1.25,3.75,0.0,0.0,3.75,2.5,0.0,3.75,2.5,1.25,2.5,0.0,1.25,0.0
95,11,0.0,0.0,0.0,0.0,0.0,0.0,1.25,0.0,0.0,1.25,2.5,0.0,1.25,1.25,0.0,1.25,1.25,0.0,2.5,2.5,0.0,2.5,1.25,2.5,3.75,0.0,1.875,3.75,0.0,2.5,1.25,1.25,0.0,0.0,0.0,2.5,2.5,3.75,1.25,0.0,1.25,2.5,0.0,1.25,1.25,3.75,0.0,0.0,2.5,0.0,3.75,2.5,3.125,2.5,3.125,1.25,3.75,0.0,0.0,3.125,2.5,0.0,2.5,2.5,1.25,2.5,0.0,1.25,0.0
96,9,0.0,0.0,0.0,0.0,0.0,0.0,0.625,0.0,0.0,1.25,2.5,0.0,1.25,1.25,0.0,2.5,1.25,0.0,2.5,3.75,0.0,3.75,1.25,3.125,4.375,0.0,3.75,4.375,0.0,3.75,1.25,1.25,0.0,0.0,0.0,3.75,2.5,3.75,2.5,0.0,2.5,3.125,0.0,1.25,1.25,4.375,0.0,0.0,3.75,0.0,5.0,3.75,3.75,3.125,3.75,1.25,5.0,0.0,0.0,3.75,2.5,0.0,3.75,2.5,2.5,2.5,0.0,2.5,0.0
96,10,0.0,0.0,0.0,0.0,0.0,0.0,0.625,0.0,0.0,1.25,2.5,0.0,1.25,1.25,0.0,2.5,1.25,0.0,2.5,2.5,0.0,3.75,1.25,2.5,3.75,0.0,2.5,3.75,0.0,2.5,1.25,1.25,0.0,0.0,0.0,3.75,2.5,3.75,1.25,0.0,2.5,3.125,0.0,1.25,1.25,3.75,0.0,0.0,3.75,0.0,4.375,3.125,3.75,2.5,3.75,1.25,3.75,0.0,0.0,3.75,2.5,0.0,3.125,2.5,1.875,2.5,0.0,1.25,0.0
96,11,0.0,0.0,0.0,0.0,0.0,0.0,0.625,0.0,0.0,1.25,2.5,0.0,1.25,1.25,0.0,1.25,1.25,0.0,2.5,2.5,0.0,3.125,1.25,2.5,3.125,0.0,2.5,3.125,0.0,2.5,1.25,1.25,0.0,0.0,0.0,3.125,2.5,3.125,1.25,0.0,1.875,2.5,0.0,1.25,0.625,3.75,0.0,0.0,2.5,0.0,3.75,2.5,2.5,2.5,2.5,1.25,3.75,0.0,0.0,3.125,2.5,0.0,2.5,2.5,1.25,2.5,0.0,1.875,0.0
97,9,0.0,0.0,0.0,0.0,0.0,0.0,0.0,0.0,0.0,1.25,3.75,0.0,1.25,1.25,0.0,2.5,1.25,0.0,2.5,3.75,0.0,3.75,1.25,3.125,3.75,0.0,3.75,4.375,0.0,3.75,2.5,1.25,0.0,0.0,0.0,4.375,2.5,3.75,1.25,0.0,2.5,3.75,0.0,1.25,0.0,3.75,0.0,0.0,3.75,0.0,5.0,3.75,3.75,3.75,3.75,1.25,5.0,0.0,0.0,3.75,2.5,0.0,3.75,2.5,2.5,2.5,0.625,2.5,0.0
97,10,0.0,0.0,0.0,0.0,0.0,0.0,0.0,0.0,0.0,1.25,2.5,0.0,1.25,1.25,0.0,2.5,0.0,0.0,2.5,2.5,0.0,3.75,1.25,2.5,3.75,0.0,2.5,3.125,0.0,2.5,1.25,1.25,0.0,0.0,0.0,3.75,2.5,3.75,1.25,0.0,2.5,3.125,0.0,1.25,0.0,3.75,0.0,0.0,3.75,0.0,4.375,3.75,2.5,2.5,3.75,1.25,3.75,0.0,0.0,3.75,2.5,0.0,3.75,2.5,1.25,1.875,0.0,1.25,0.0
97,11,0.0,0.0,0.0,0.0,0.0,0.0,0.0,0.0,0.0,1.25,2.5,0.0,1.25,1.25,0.0,1.25,0.0,0.0,2.5,2.5,0.0,3.125,1.25,2.5,3.125,0.0,2.5,3.125,0.0,2.5,1.25,1.25,0.0,0.0,0.0,3.125,2.5,2.5,1.25,0.0,1.875,2.5,0.0,1.25,0.0,3.75,0.0,0.0,2.5,0.0,3.75,2.5,2.5,2.5,2.5,1.25,3.75,0.0,0.0,3.125,2.5,0.0,2.5,2.5,1.25,1.875,0.0,1.25,0.0
98,9,0.0,0.0,0.0,0.0,0.0,0.0,0.0,0.0,0.0,1.25,3.75,0.0,1.875,1.25,0.0,2.5,0.0,0.0,2.5,3.75,0.0,3.75,1.25,2.5,3.75,0.0,3.75,3.75,0.0,3.75,2.5,1.25,1.25,0.0,0.0,4.375,2.5,3.75,1.25,0.0,2.5,3.75,0.0,1.25,0.0,3.75,0.0,0.0,3.75,0.0,5.0,3.75,3.75,3.75,3.75,1.25,5.0,0.0,0.0,3.75,2.5,0.0,3.75,2.5,1.25,2.5,1.25,2.5,0.0
98,10,0.0,0.0,0.0,0.0,0.0,0.0,0.0,0.0,0.0,1.25,3.125,0.0,1.25,1.25,0.0,2.5,0.0,0.0,1.875,2.5,0.0,3.125,1.25,2.5,3.75,0.0,2.5,3.125,0.0,2.5,2.5,1.25,0.0,0.0,0.0,3.75,2.5,3.75,1.25,0.0,2.5,3.125,0.0,1.25,0.0,3.75,0.0,0.0,3.75,0.0,5.0,3.75,2.5,2.5,3.75,1.25,3.75,0.0,0.0,3.75,2.5,0.0,3.125,2.5,1.25,1.25,0.0,1.25,0.0
98,11,0.0,0.0,0.0,0.0,0.0,0.0,0.0,0.0,0.0,1.25,2.5,0.0,1.25,1.25,0.0,1.875,0.0,0.0,2.5,2.5,0.0,2.5,0.625,2.5,3.125,0.0,2.5,2.5,0.0,2.5,1.25,1.25,0.0,0.0,0.0,3.75,1.875,2.5,1.25,0.0,2.5,2.5,0.0,1.25,0.0,3.125,0.0,0.0,2.5,0.0,3.75,2.5,2.5,2.5,2.5,1.25,3.75,0.0,0.0,3.125,2.5,0.0,2.5,2.5,1.25,1.25,0.625,1.25,0.0
99,9,0.0,0.0,0.0,0.0,0.0,0.0,0.0,0.0,1.25,1.25,3.75,0.0,1.25,1.25,0.0,2.5,0.0,0.0,1.875,3.75,0.0,3.75,0.0,2.5,3.75,0.0,4.375,3.75,0.0,3.125,2.5,1.25,1.25,0.0,0.0,4.375,2.5,3.75,1.25,0.0,2.5,3.75,0.0,1.25,0.0,3.75,0.0,1.25,3.75,0.0,5.0,3.75,3.75,3.75,3.75,1.25,4.375,0.0,0.0,3.75,3.125,0.0,3.75,2.5,1.25,1.875,1.25,2.5,0.0
99,10,0.0,0.0,0.0,0.0,0.0,0.0,0.0,0.0,1.25,1.25,2.5,0.0,1.25,1.25,0.0,2.5,0.0,0.0,1.25,3.125,0.0,2.5,0.0,2.5,3.75,0.0,3.75,2.5,0.0,2.5,1.25,1.25,1.25,0.0,0.0,3.75,2.5,2.5,1.25,0.0,2.5,3.125,0.0,1.25,0.0,3.75,0.0,0.0,3.75,0.0,5.0,3.75,3.125,3.125,3.75,1.25,3.75,0.0,0.0,3.75,2.5,0.0,2.5,2.5,1.25,1.25,0.625,1.25,0.0
99,11,0.0,0.0,0.0,0.0,0.0,0.0,0.0,0.0,1.25,1.25,2.5,0.0,1.25,1.25,0.0,2.5,0.0,0.0,1.25,2.5,0.0,2.5,0.0,2.5,2.5,0.0,3.125,2.5,0.0,2.5,1.25,1.25,1.25,0.0,0.0,3.75,1.25,2.5,0.625,0.0,2.5,2.5,0.0,1.25,0.0,2.5,0.0,0.0,3.125,0.0,3.75,2.5,2.5,2.5,2.5,1.25,3.75,0.0,0.0,3.75,2.5,0.0,2.5,2.5,1.25,1.25,1.25,1.25,0.0
100,9,0.0,0.0,0.0,0.0,0.0,0.0,0.0,0.0,1.25,1.25,3.75,0.0,1.25,1.25,0.0,2.5,0.0,0.0,1.25,3.75,0.0,3.75,0.0,2.5,3.75,0.0,5.0,3.125,0.0,3.125,2.5,1.25,1.25,0.0,0.0,5.0,2.5,2.5,0.625,0.0,2.5,3.75,0.0,1.25,0.0,3.75,0.0,1.25,3.75,0.0,5.0,3.75,3.125,3.75,3.75,1.25,4.375,0.0,0.0,3.75,3.75,0.0,3.75,2.5,2.5,1.25,1.25,2.5,0.0
100,10,0.0,0.0,0.0,0.0,0.0,0.0,0.0,0.0,1.25,1.25,3.125,0.0,1.25,1.25,0.0,2.5,0.0,0.0,1.25,2.5,0.0,2.5,0.0,1.875,3.75,0.0,3.75,2.5,0.0,2.5,2.5,1.25,1.25,0.0,0.0,3.75,2.5,2.5,0.0,0.0,2.5,3.75,0.0,1.25,0.0,3.75,0.0,1.25,3.75,0.0,5.0,3.75,2.5,2.5,3.125,1.25,3.75,0.0,0.0,3.75,2.5,0.0,2.5,2.5,1.25,1.25,1.25,1.25,0.0
100,11,0.0,0.0,0.0,0.0,0.0,0.0,0.0,0.0,1.25,0.625,3.125,0.0,1.25,1.25,0.0,2.5,0.0,0.0,1.25,2.5,0.0,2.5,0.0,2.5,2.5,0.0,3.75,2.5,0.0,2.5,1.25,1.25,1.25,0.0,0.0,3.75,1.25,2.5,0.0,0.0,2.5,2.5,0.0,1.25,0.0,2.5,0.0,0.625,3.125,0.0,3.75,2.5,2.5,2.5,2.5,1.25,3.75,0.0,0.0,3.75,2.5,0.0,2.5,2.5,1.25,1.25,1.25,1.25,0.0
101,9,0.0,0.0,0.0,0.0,0.0,0.0,0.0,0.0,1.25,1.25,3.75,0.0,1.875,1.25,0.0,2.5,0.0,0.0,1.25,3.75,0.0,2.5,0.0,1.25,3.75,0.0,5.0,2.5,0.0,2.5,2.5,1.25,1.25,0.0,0.0,5.0,2.5,2.5,0.0,0.0,3.75,3.75,0.0,1.25,0.0,3.75,0.0,1.25,3.75,0.0,5.0,3.75,2.5,3.75,3.75,1.25,4.375,0.0,0.0,3.75,3.75,0.0,3.75,2.5,2.5,1.25,1.25,2.5,0.0
101,10,0.0,0.0,0.0,0.0,0.0,0.0,0.0,0.0,1.25,0.0,3.75,0.0,1.25,1.25,0.0,2.5,0.0,0.0,1.25,3.125,0.0,2.5,0.0,1.25,3.75,0.0,3.75,2.5,0.0,2.5,2.5,1.25,1.25,0.0,0.0,3.75,2.5,2.5,0.0,0.0,2.5,3.75,0.0,1.25,0.0,3.75,0.0,1.25,3.75,0.0,5.0,3.75,2.5,2.5,2.5,1.25,3.75,0.0,0.0,3.75,3.125,0.0,2.5,2.5,1.25,1.25,1.25,1.25,0.0
101,11,0.0,0.0,0.0,0.0,0.0,0.0,0.0,0.0,1.25,0.0,3.125,0.0,1.25,1.25,0.0,2.5,0.0,0.0,1.25,3.125,0.0,2.5,0.0,1.25,2.5,0.0,3.75,1.875,0.0,2.5,2.5,1.25,1.25,0.0,0.0,3.75,1.25,2.5,0.0,0.0,2.5,2.5,0.0,1.25,0.0,2.5,0.0,1.25,2.5,0.0,4.375,2.5,2.5,2.5,2.5,1.25,3.75,0.0,0.0,3.75,2.5,0.0,2.5,2.5,1.25,1.25,1.25,1.25,0.0
102,9,0.0,0.0,0.0,0.0,0.0,0.0,0.0,0.0,1.25,0.0,3.75,0.0,2.5,0.625,0.0,3.75,0.0,0.0,1.25,3.75,0.0,2.5,0.0,1.25,3.75,0.0,5.0,2.5,0.0,2.5,2.5,1.25,2.5,0.0,0.0,5.0,1.875,2.5,0.0,0.0,3.75,3.75,0.0,1.25,0.0,3.75,0.0,1.25,3.75,0.0,5.0,3.75,2.5,3.75,3.75,1.25,3.75,0.0,0.0,3.75,3.75,0.0,3.75,2.5,1.25,1.25,1.25,1.25,0.0
102,10,0.0,0.0,0.0,0.0,0.0,0.0,0.0,0.0,1.25,0.0,2.5,0.0,1.875,0.0,0.0,2.5,0.0,0.0,1.25,3.75,0.0,2.5,0.0,1.25,3.75,0.0,3.75,1.875,0.0,2.5,2.5,1.25,1.25,0.0,0.0,3.75,1.875,1.875,0.0,0.0,3.75,3.75,0.0,1.25,0.0,3.125,0.0,1.25,3.75,0.0,5.0,3.75,2.5,2.5,3.125,0.625,3.75,0.0,0.0,3.75,3.125,0.0,2.5,2.5,1.25,1.25,1.25,1.25,0.0
102,11,0.0,0.0,0.0,0.0,0.0,0.0,0.0,0.0,1.25,0.0,2.5,0.0,1.25,0.0,0.0,2.5,0.0,0.0,1.25,3.125,0.0,2.5,0.0,1.25,2.5,0.0,3.75,1.25,0.0,1.875,2.5,1.25,1.25,0.0,0.0,3.75,1.25,1.875,0.0,0.0,2.5,2.5,0.0,1.25,0.0,2.5,0.0,1.25,2.5,0.0,4.375,2.5,2.5,2.5,2.5,0.625,3.125,0.0,0.0,3.125,2.5,0.0,2.5,2.5,1.25,1.25,1.25,1.25,0.0
103,9,0.0,0.0,0.0,0.0,0.0,0.0,0.0,0.0,1.25,0.0,2.5,0.0,2.5,0.0,0.0,3.75,0.0,0.0,0.0,3.75,0.0,2.5,0.0,1.25,3.75,0.0,5.0,2.5,0.0,2.5,3.125,1.25,2.5,0.0,0.0,4.375,1.875,2.5,0.0,0.0,3.75,3.75,0.0,1.25,0.0,3.75,0.0,2.5,3.75,0.0,5.0,3.75,2.5,3.75,3.75,0.625,3.75,0.0,0.0,3.75,3.75,0.0,3.125,2.5,1.25,1.25,1.25,1.25,0.0
103,10,0.0,0.0,0.0,0.0,0.0,0.0,0.0,0.0,1.25,0.0,2.5,0.0,1.25,0.0,0.0,2.5,0.0,0.0,0.0,3.75,0.0,2.5,0.0,1.25,3.75,0.0,3.75,1.25,0.0,2.5,2.5,1.25,1.875,0.0,0.0,3.75,1.25,1.25,0.0,0.0,2.5,3.75,0.0,1.25,0.0,3.125,0.0,1.25,3.75,0.0,5.0,3.75,2.5,2.5,3.125,0.0,3.75,0.0,0.0,3.75,2.5,0.0,2.5,1.25,1.25,0.625,1.25,1.25,0.0
103,11,0.0,0.0,0.0,0.0,0.0,0.0,0.0,0.0,1.25,0.0,2.5,0.0,1.25,0.0,0.0,2.5,0.0,0.0,0.0,3.125,0.0,2.5,0.0,1.25,2.5,0.0,3.75,1.25,0.0,1.25,2.5,1.25,1.25,0.0,0.0,3.75,1.25,1.25,0.0,0.0,2.5,3.125,0.0,1.25,0.0,2.5,0.0,1.25,2.5,0.0,4.375,2.5,2.5,2.5,2.5,0.0,3.125,0.0,0.0,3.125,2.5,0.0,2.5,1.25,1.25,0.625,1.25,1.25,0.0
104,9,0.0,0.0,0.0,0.0,0.0,0.0,0.625,0.0,1.25,0.0,2.5,0.0,1.875,0.0,0.0,3.75,0.0,0.0,0.0,3.75,0.0,2.5,0.0,1.25,3.75,0.0,5.0,1.25,0.0,2.5,2.5,1.25,2.5,0.0,0.0,4.375,2.5,1.25,0.0,0.0,3.75,3.75,0.0,1.25,0.0,3.75,0.0,2.5,3.75,0.0,5.0,3.75,2.5,3.125,3.75,0.625,3.75,0.0,0.0,3.75,3.75,0.0,3.125,2.5,1.875,1.25,1.25,1.25,0.0
104,10,0.0,0.0,0.0,0.0,0.0,0.0,0.0,0.0,1.25,0.0,2.5,0.0,1.25,0.0,0.0,3.125,0.0,0.0,0.0,3.125,0.0,1.25,0.0,0.625,3.75,0.0,3.75,1.25,0.0,1.25,2.5,1.25,2.5,0.0,0.0,3.75,1.875,1.25,0.0,0.0,2.5,3.75,0.0,1.25,0.0,3.125,0.0,1.25,3.75,0.0,4.375,3.125,2.5,2.5,3.125,0.0,3.75,0.0,0.0,3.75,3.75,0.0,2.5,1.875,1.25,0.625,1.25,1.25,0.0
104,11,0.0,0.0,0.0,0.0,0.0,0.0,0.0,0.0,1.25,0.0,2.5,0.0,1.25,0.0,0.0,2.5,0.0,0.0,0.0,3.125,0.0,1.25,0.0,1.25,2.5,0.0,3.75,1.25,0.0,1.25,2.5,1.25,1.25,0.0,0.0,3.125,1.25,1.25,0.0,0.0,2.5,3.125,0.0,1.25,0.0,2.5,0.0,1.25,2.5,0.0,3.75,2.5,1.875,2.5,2.5,0.0,2.5,0.0,0.0,2.5,2.5,0.0,2.5,1.25,1.25,0.625,1.25,1.25,0.0
105,9,0.0,0.0,0.0,0.0,0.625,0.0,1.25,0.0,1.25,0.0,2.5,0.0,2.5,0.0,0.0,3.75,0.0,0.0,0.0,3.75,0.0,2.5,0.0,0.625,3.75,0.0,5.0,1.25,0.0,2.5,3.75,1.25,2.5,0.0,0.0,3.75,2.5,1.25,0.0,0.0,3.75,3.75,0.0,1.875,0.0,3.75,0.0,2.5,3.75,0.0,5.0,3.75,2.5,2.5,3.75,0.625,3.75,0.0,0.0,3.75,3.75,0.0,3.125,2.5,2.5,1.25,1.25,1.25,0.0
105,10,0.0,0.0,0.0,0.0,0.0,0.0,0.0,0.0,1.25,0.0,2.5,0.0,1.25,0.0,0.0,3.125,0.0,0.0,0.0,3.125,0.0,1.25,0.0,0.0,3.75,0.0,3.75,1.25,0.0,1.25,2.5,0.625,2.5,0.0,0.0,3.75,2.5,1.25,0.0,0.0,3.75,3.75,0.0,1.25,0.0,3.125,0.0,1.875,2.5,0.0,4.375,3.125,1.25,2.5,3.125,0.0,3.75,0.0,0.0,3.125,3.75,0.0,2.5,1.25,1.25,0.625,1.25,0.0,0.0
105,11,0.0,0.0,0.0,0.0,0.0,0.0,0.0,0.0,1.25,0.0,2.5,0.0,1.25,0.0,0.0,3.125,0.0,0.0,0.0,2.5,0.0,1.25,0.0,0.0,2.5,0.0,3.75,1.25,0.0,1.25,2.5,1.25,1.25,0.0,0.0,2.5,1.25,1.25,0.0,0.0,3.125,3.125,0.0,1.25,0.0,2.5,0.0,1.25,2.5,0.0,3.75,2.5,1.25,2.5,2.5,0.0,2.5,0.0,0.0,2.5,2.5,0.0,2.5,1.25,1.25,0.625,1.25,0.0,0.0
106,9,0.0,0.0,0.0,0.0,1.25,0.0,1.25,0.0,1.25,0.0,2.5,0.0,2.5,0.0,0.0,3.75,0.0,0.0,0.0,3.75,0.0,1.25,0.0,0.0,3.75,0.0,5.0,1.25,0.0,1.25,3.75,1.25,2.5,0.0,0.0,3.75,2.5,1.25,0.0,0.0,3.75,3.75,0.0,2.5,0.0,3.75,0.0,2.5,2.5,0.0,5.0,3.75,2.5,2.5,3.75,0.625,3.75,0.0,0.0,3.75,3.75,0.0,3.75,2.5,1.875,1.25,1.25,0.625,0.0
106,10,0.0,0.0,0.0,0.0,0.625,0.0,0.625,0.0,1.25,0.0,2.5,0.0,2.5,0.0,0.0,3.75,0.0,0.0,0.0,3.125,0.0,1.25,0.0,0.0,3.75,0.0,3.75,1.25,0.0,1.25,2.5,0.625,2.5,0.0,0.0,3.75,2.5,1.25,0.0,0.0,3.75,3.75,0.0,1.875,0.0,3.125,0.0,1.875,2.5,0.0,4.375,2.5,1.25,2.5,3.75,0.0,3.75,0.0,0.0,3.125,3.125,0.0,2.5,1.25,1.25,1.25,1.25,0.0,0.0
106,11,0.0,0.0,0.0,0.0,0.625,0.0,0.625,0.0,1.25,0.0,2.5,0.0,1.875,0.0,0.0,3.125,0.0,0.0,0.0,2.5,0.0,1.25,0.0,0.0,2.5,0.0,3.75,1.25,0.0,1.25,2.5,0.625,1.875,0.0,0.0,2.5,1.25,1.25,0.0,0.0,2.5,3.125,0.0,1.25,0.0,2.5,0.0,1.25,2.5,0.0,3.75,2.5,1.25,2.5,2.5,0.0,2.5,0.0,0.0,2.5,2.5,0.0,2.5,1.25,1.25,0.625,1.25,0.0,0.0
107,9,0.0,0.0,0.0,0.0,1.25,0.0,1.25,0.0,1.25,0.0,2.5,0.0,2.5,0.0,0.0,4.375,0.0,0.0,0.0,3.75,0.0,1.25,0.0,0.0,3.75,0.0,5.0,1.25,0.0,1.875,3.75,1.25,2.5,0.0,0.0,3.75,2.5,1.25,0.0,0.0,3.75,3.75,0.0,2.5,0.0,3.75,0.0,2.5,2.5,0.0,5.0,3.125,2.5,2.5,3.75,0.625,3.75,0.0,0.0,3.75,3.75,0.0,3.125,1.875,1.875,1.25,1.25,0.0,0.0
107,10,0.0,0.0,0.0,0.0,1.25,0.0,1.25,0.0,1.25,0.0,2.5,0.0,2.5,0.0,0.0,3.75,0.0,0.0,0.0,3.125,0.0,1.25,0.0,0.0,3.75,0.0,3.75,1.25,0.0,1.25,2.5,0.625,2.5,0.0,0.0,3.75,2.5,1.25,0.0,0.0,2.5,3.75,0.0,1.25,0.0,3.125,0.0,1.25,2.5,0.0,3.75,2.5,1.25,2.5,3.75,0.0,3.75,0.0,0.0,3.125,2.5,0.0,2.5,1.25,1.25,1.25,1.25,0.0,0.0
107,11,0.0,0.0,0.0,0.0,1.25,0.0,1.25,0.0,1.25,0.0,2.5,0.0,1.875,0.0,0.0,3.75,0.0,0.0,0.0,2.5,0.0,1.25,0.0,0.0,2.5,0.0,3.125,1.25,0.0,1.25,2.5,1.25,1.25,0.0,0.0,2.5,1.25,1.25,0.0,0.0,2.5,3.125,0.0,1.25,0.0,2.5,0.0,1.25,2.5,0.0,3.75,2.5,1.25,1.25,2.5,0.0,2.5,0.0,0.0,2.5,2.5,0.0,2.5,1.25,1.25,1.25,1.25,0.0,0.0
108,9,0.0,0.0,0.0,0.0,1.25,0.0,1.25,0.0,1.25,0.0,2.5,0.0,2.5,0.0,0.0,5.0,0.0,0.0,0.0,3.75,0.0,1.25,0.0,0.0,3.75,0.0,3.75,1.25,0.0,2.5,3.75,1.25,2.5,0.0,0.0,3.75,2.5,1.25,0.0,0.0,3.75,3.75,0.0,2.5,0.625,3.75,0.0,2.5,2.5,0.0,5.0,2.5,2.5,2.5,3.75,1.25,3.75,0.0,0.0,3.75,3.75,0.0,3.125,1.875,2.5,1.25,1.25,0.0,0.0
108,10,0.0,0.0,0.0,0.0,1.25,0.0,1.25,0.0,1.25,0.0,2.5,0.0,2.5,0.0,0.0,3.75,0.0,0.0,0.0,3.125,0.0,1.25,0.0,0.0,3.75,0.0,3.125,1.25,0.0,1.25,2.5,1.25,1.25,0.0,0.0,3.125,2.5,1.25,0.0,0.0,2.5,3.75,0.0,1.25,0.0,3.75,0.0,1.25,2.5,0.0,3.75,2.5,1.875,1.25,3.75,0.625,3.75,0.0,0.0,3.125,3.125,0.0,2.5,1.25,1.25,0.625,1.25,0.0,0.0
108,11,0.0,0.0,0.0,0.0,1.25,0.0,1.25,0.0,1.25,0.0,1.25,0.0,2.5,0.0,0.0,3.75,0.0,0.0,0.0,2.5,0.0,1.25,0.0,0.0,2.5,0.0,2.5,1.25,0.0,1.25,2.5,1.25,1.25,0.0,0.0,2.5,1.875,1.25,0.0,0.0,2.5,3.75,0.0,1.25,0.625,3.125,0.0,1.25,2.5,0.0,3.75,2.5,1.25,1.25,2.5,0.625,2.5,0.0,0.0,2.5,2.5,0.0,2.5,1.25,1.25,1.25,1.25,0.0,0.0
109,9,0.0,0.0,0.0,0.0,1.25,0.0,1.25,0.0,1.25,0.0,2.5,0.0,3.125,0.0,0.0,5.0,0.0,0.0,0.0,3.75,0.0,1.25,0.0,0.0,3.75,0.0,3.75,1.25,0.0,2.5,3.75,1.25,2.5,0.0,0.0,3.75,2.5,1.25,0.0,0.0,3.75,3.75,0.0,2.5,1.25,3.75,0.0,2.5,2.5,0.0,4.375,2.5,1.25,1.25,3.75,1.25,3.75,0.0,0.0,3.75,3.75,0.0,2.5,1.25,2.5,1.25,1.25,0.0,0.0
109,10,0.0,0.0,0.0,0.0,1.25,0.0,1.25,0.0,1.25,0.0,1.25,0.0,2.5,0.0,0.0,3.75,0.0,0.0,0.0,2.5,0.0,1.25,0.0,0.0,3.75,0.0,2.5,1.25,0.0,1.25,2.5,1.25,1.25,0.0,0.0,2.5,2.5,1.25,0.0,0.0,3.125,3.75,0.0,1.875,1.25,3.75,0.0,1.25,2.5,0.0,3.75,2.5,1.25,1.25,3.75,1.25,3.75,0.0,0.0,2.5,2.5,0.0,2.5,1.25,1.25,0.625,1.25,0.0,0.0
109,11,0.0,0.0,0.0,0.0,1.25,0.0,1.25,0.0,1.25,0.0,1.25,0.0,2.5,0.0,0.0,3.75,0.0,0.0,0.0,2.5,0.0,1.25,0.0,0.0,2.5,0.0,2.5,1.25,0.0,1.25,2.5,1.25,1.25,0.0,0.0,2.5,2.5,1.25,0.0,0.0,3.125,3.75,0.0,1.25,1.25,3.125,0.0,1.25,1.875,0.0,3.75,2.5,1.25,1.25,2.5,1.25,2.5,0.0,0.0,2.5,2.5,0.0,2.5,1.25,1.25,1.25,1.25,0.0,0.0
110,9,0.0,0.0,0.0,0.0,1.875,0.0,1.25,0.0,1.25,0.0,1.25,0.0,3.75,0.0,0.0,5.0,0.0,0.0,0.0,3.75,0.0,1.25,0.0,0.0,3.75,0.0,3.75,1.25,0.0,2.5,3.125,1.25,1.25,0.0,0.0,3.75,2.5,1.25,0.0,0.0,3.75,3.75,0.0,2.5,1.25,3.75,0.0,1.25,2.5,0.0,3.75,2.5,1.25,1.25,3.75,1.25,3.75,0.0,0.0,3.75,3.75,0.0,2.5,1.25,1.875,1.25,1.25,0.0,0.0
110,10,0.0,0.0,0.0,0.0,1.25,0.0,1.25,0.0,1.25,0.0,1.25,0.0,3.125,0.0,0.0,3.75,0.0,0.0,0.0,2.5,0.0,0.625,0.0,0.0,3.75,0.0,2.5,1.25,0.0,1.25,2.5,1.25,1.25,0.0,0.0,2.5,2.5,1.25,0.0,0.0,3.125,3.75,0.0,2.5,1.25,3.125,0.0,1.25,2.5,0.0,3.75,2.5,1.25,1.25,3.75,1.25,3.75,0.0,0.0,2.5,2.5,0.0,2.5,1.25,1.25,1.25,1.25,0.0,0.0
110,11,0.0,0.0,0.0,0.0,1.25,0.0,1.25,0.0,0.625,0.0,1.25,0.0,2.5,0.0,0.0,3.75,0.0,0.0,0.0,2.5,0.0,1.25,0.0,0.0,2.5,0.0,2.5,1.25,0.0,1.25,2.5,1.25,1.25,0.0,0.0,2.5,2.5,1.25,0.0,0.0,2.5,3.125,0.0,1.875,1.25,3.125,0.0,1.25,1.25,0.0,3.125,1.875,1.25,1.25,2.5,1.25,2.5,0.0,0.0,2.5,2.5,0.0,2.5,1.25,1.25,1.25,1.25,0.0,0.0
111,9,0.0,0.0,0.0,0.0,1.875,0.0,1.25,0.0,0.625,0.0,1.25,0.0,3.75,0.0,0.0,5.0,0.0,0.0,0.0,3.75,0.0,0.0,0.0,1.25,3.75,0.0,2.5,1.25,0.0,2.5,2.5,1.25,1.25,0.0,0.0,3.75,3.75,1.25,0.0,0.0,3.125,3.75,0.0,2.5,1.25,3.75,0.0,1.25,2.5,0.0,3.75,2.5,1.875,1.25,3.75,1.25,3.75,0.0,0.0,3.75,3.125,0.0,2.5,1.25,1.875,1.25,1.25,0.0,0.0
111,10,0.0,0.0,0.0,0.0,1.25,0.0,1.25,0.0,0.625,0.0,1.25,0.0,2.5,0.0,0.0,3.75,0.0,0.0,0.0,2.5,0.0,0.0,0.0,1.25,3.125,0.0,2.5,1.25,0.0,1.25,2.5,1.25,1.25,0.0,0.0,2.5,2.5,1.25,0.0,0.0,2.5,3.75,0.0,1.25,1.25,3.125,0.0,1.25,2.5,0.0,3.75,2.5,1.25,1.25,3.75,1.25,3.75,0.0,0.0,2.5,2.5,0.0,2.5,1.25,1.25,1.25,1.25,0.0,0.0
111,11,0.0,0.0,0.0,0.0,1.25,0.0,1.25,0.0,0.625,0.0,1.25,0.0,2.5,0.0,0.0,3.75,0.0,0.0,0.0,2.5,0.0,0.625,0.0,0.625,2.5,0.0,2.5,1.25,0.0,1.25,2.5,1.25,1.25,0.0,0.0,2.5,2.5,1.25,0.0,0.0,2.5,2.5,0.0,1.875,1.25,3.125,0.0,1.25,1.25,0.0,2.5,1.875,1.25,1.25,3.125,1.25,2.5,0.0,0.0,2.5,2.5,0.0,2.5,1.25,1.25,1.25,1.25,0.0,0.0
112,9,0.0,0.0,0.0,0.0,1.875,0.0,1.25,0.0,0.0,0.0,1.25,0.0,3.75,0.0,0.0,4.375,0.0,0.0,0.0,3.125,0.0,0.0,0.0,1.25,3.75,0.0,2.5,2.5,0.0,2.5,2.5,1.25,1.25,0.0,0.0,3.125,3.75,1.25,0.0,0.0,3.125,3.75,0.0,2.5,1.25,3.75,0.0,1.25,2.5,0.0,3.75,2.5,2.5,1.25,3.75,1.25,3.75,0.0,0.0,3.75,3.125,0.0,2.5,1.25,1.875,1.25,1.25,0.0,0.0
112,10,0.0,0.0,0.0,0.0,1.25,0.0,1.25,0.0,0.0,0.0,1.25,0.0,2.5,0.0,0.0,3.75,0.0,0.0,0.0,2.5,0.0,0.0,0.0,1.25,2.5,0.0,1.875,1.875,0.0,2.5,2.5,1.25,1.25,0.0,0.0,2.5,3.125,1.25,0.0,0.0,2.5,3.75,0.0,1.875,1.25,3.125,0.0,1.25,2.5,0.0,3.75,2.5,1.25,1.25,3.75,1.25,3.75,0.0,0.0,2.5,2.5,0.0,2.5,1.25,1.25,1.25,1.25,0.0,0.0
112,11,0.0,0.0,0.0,0.0,1.25,0.0,1.25,0.0,0.0,0.0,1.25,0.0,2.5,0.0,0.0,3.75,0.0,0.0,0.0,2.5,0.0,0.625,0.0,1.25,2.5,0.0,1.25,1.25,0.0,1.875,2.5,1.25,1.25,0.0,0.0,2.5,2.5,1.25,0.0,0.0,2.5,2.5,0.0,1.875,1.25,3.125,0.0,0.625,1.25,0.0,2.5,1.875,1.25,1.25,3.125,1.25,2.5,0.0,0.0,2.5,2.5,0.0,1.875,1.25,1.25,1.25,1.25,0.0,0.0
113,9,0.0,0.0,0.0,0.0,1.25,0.0,1.25,0.0,0.0,0.0,1.25,0.0,3.75,0.0,0.0,3.75,1.25,0.0,0.0,2.5,0.0,0.0,0.0,1.25,3.75,0.0,2.5,2.5,0.0,2.5,2.5,1.25,1.25,0.0,0.0,3.75,3.75,1.25,0.0,0.0,2.5,3.75,0.0,2.5,1.25,3.75,0.0,1.25,2.5,0.0,3.75,2.5,2.5,1.25,3.75,1.25,3.75,0.0,0.0,3.125,2.5,0.0,2.5,1.25,1.25,1.25,1.25,0.0,0.0
113,10,0.0,0.0,0.0,0.0,1.25,0.0,1.25,0.0,0.0,0.0,1.25,0.0,2.5,0.0,0.0,3.75,0.625,0.0,0.0,2.5,0.0,0.0,0.0,1.25,2.5,0.0,1.25,2.5,0.0,2.5,2.5,1.25,0.625,0.0,0.0,2.5,2.5,1.25,0.0,0.0,2.5,3.75,0.0,1.875,1.25,3.125,0.0,0.0,2.5,0.0,3.125,2.5,1.25,1.25,3.75,1.25,3.75,0.0,0.0,2.5,2.5,0.0,2.5,1.25,1.25,1.25,1.25,0.0,0.0
113,11,0.0,0.0,0.0,0.0,1.25,0.0,1.25,0.0,0.0,0.0,1.25,0.0,2.5,0.0,0.0,3.125,0.0,0.0,0.0,2.5,0.0,0.0,0.0,1.25,2.5,0.0,1.25,1.25,0.0,1.875,1.875,1.25,0.0,0.0,0.0,2.5,2.5,1.25,0.0,0.0,2.5,3.125,0.0,1.875,1.25,3.125,0.0,0.0,1.25,0.0,2.5,1.875,1.25,1.25,3.125,1.25,3.125,0.0,0.0,2.5,2.5,0.0,1.25,1.25,1.25,1.25,1.25,0.0,0.0
114,9,0.0,0.0,0.0,0.0,1.25,0.0,1.25,0.0,0.0,0.0,1.25,0.0,3.75,0.0,0.0,3.75,1.25,0.0,0.0,2.5,0.0,0.0,0.0,1.25,3.75,0.0,2.5,2.5,0.0,2.5,2.5,1.25,0.0,0.0,0.0,3.75,3.75,1.25,0.0,0.0,2.5,3.75,0.0,2.5,1.25,3.75,0.0,0.0,2.5,0.0,3.75,2.5,2.5,1.25,3.75,1.875,3.75,0.0,0.0,3.125,2.5,0.0,2.5,1.875,1.25,1.25,1.875,0.0,0.0
114,10,0.0,0.0,0.0,0.0,1.25,0.0,1.25,0.0,0.0,0.0,1.25,0.0,3.125,0.0,0.0,3.75,1.25,0.0,0.0,2.5,0.0,0.0,0.0,1.25,2.5,0.0,1.25,2.5,0.0,2.5,1.25,1.25,0.0,0.0,0.0,2.5,2.5,0.625,0.0,0.0,2.5,3.75,0.0,1.875,1.25,3.125,0.0,0.0,2.5,0.0,2.5,1.875,1.25,1.25,3.75,1.25,3.75,0.0,0.0,2.5,2.5,0.0,2.5,1.25,1.25,1.25,1.25,0.0,0.0
114,11,0.0,0.0,0.0,0.0,1.25,0.0,1.25,0.0,0.0,0.0,1.25,0.0,2.5,0.0,0.0,2.5,0.625,0.0,0.0,2.5,0.0,0.625,0.0,1.25,2.5,0.0,1.25,1.875,0.0,1.875,1.25,1.25,0.0,0.0,0.0,2.5,2.5,1.25,0.0,0.0,2.5,2.5,0.0,1.875,1.25,2.5,0.0,0.0,1.25,0.0,2.5,1.875,1.25,1.25,3.75,1.25,3.125,0.0,0.0,2.5,2.5,0.0,1.25,1.25,1.25,1.25,1.25,0.0,0.0
115,9,0.0,0.0,0.0,0.0,1.25,0.0,1.25,0.0,0.0,0.0,1.25,0.0,3.75,0.0,0.0,3.75,1.25,0.0,0.0,2.5,0.0,0.0,0.625,1.875,3.125,0.0,1.25,2.5,0.0,2.5,1.875,1.25,0.0,0.0,0.0,3.75,3.75,1.25,0.0,0.0,2.5,3.75,0.0,2.5,1.25,3.75,0.0,0.0,2.5,0.0,3.75,2.5,2.5,1.25,3.75,1.875,3.75,0.0,0.0,3.125,2.5,0.0,2.5,2.5,1.875,1.25,1.25,0.0,0.0
115,10,0.0,0.0,0.0,0.0,1.25,0.0,0.625,0.0,0.0,0.0,1.25,0.0,2.5,0.0,0.0,2.5,1.25,0.0,0.0,2.5,0.0,0.0,0.0,1.25,2.5,0.0,1.25,2.5,0.0,2.5,1.25,1.25,0.0,0.0,0.0,2.5,2.5,0.625,0.0,0.0,1.875,3.75,0.0,1.25,1.25,2.5,0.0,0.0,2.5,0.0,3.125,1.875,2.5,1.25,3.75,1.25,3.75,0.0,0.0,2.5,2.5,0.0,1.875,1.25,1.25,1.25,1.25,0.0,0.0
115,11,0.0,0.0,0.0,0.0,1.25,0.0,0.625,0.0,0.0,0.0,1.25,0.0,2.5,0.0,0.0,2.5,1.25,0.0,0.0,2.5,0.0,0.625,0.0,1.25,2.5,0.0,1.25,2.5,0.0,2.5,1.25,1.25,0.0,0.0,0.0,2.5,2.5,1.25,0.0,0.0,1.875,2.5,0.0,1.25,1.25,2.5,0.0,0.0,1.875,0.0,2.5,1.875,2.5,1.25,3.75,1.25,3.125,0.0,0.0,2.5,2.5,0.0,1.25,1.25,1.25,1.25,1.25,0.0,0.0
116,9,0.0,0.0,0.0,0.0,1.25,0.0,0.625,0.0,0.0,0.0,1.25,0.0,2.5,0.0,0.0,3.75,1.25,0.0,0.0,2.5,0.0,0.0,1.25,2.5,3.125,0.0,1.25,2.5,0.0,2.5,1.25,1.25,0.0,0.0,0.0,3.75,3.75,1.25,0.0,0.0,2.5,3.75,0.0,2.5,1.25,3.75,0.0,0.0,2.5,0.0,3.75,2.5,2.5,1.25,4.375,1.875,3.75,0.0,0.0,3.125,2.5,0.0,2.5,2.5,1.25,1.25,1.25,0.0,0.0
116,10,0.0,0.0,0.0,0.0,0.625,0.0,0.0,0.0,0.0,0.0,1.25,0.0,2.5,0.0,0.0,2.5,1.25,0.0,0.0,2.5,0.0,0.0,0.625,1.875,2.5,0.0,1.25,2.5,0.0,2.5,1.25,1.25,0.0,0.0,0.0,2.5,2.5,1.25,0.0,0.0,2.5,3.75,0.0,1.25,1.25,2.5,0.0,0.0,2.5,0.0,3.75,2.5,2.5,1.25,3.75,1.25,3.75,0.0,0.0,2.5,2.5,0.0,1.25,1.875,1.25,1.25,1.25,0.0,0.0
116,11,0.0,0.0,0.0,0.0,0.625,0.0,0.0,0.0,0.0,0.0,1.25,0.0,2.5,0.0,0.0,2.5,1.25,0.0,0.0,2.5,0.0,0.625,0.625,1.25,2.5,0.0,1.25,2.5,0.0,2.5,1.25,1.25,0.0,0.0,0.0,2.5,2.5,1.25,0.0,0.0,1.875,2.5,0.0,1.25,1.25,2.5,0.0,0.0,2.5,0.0,2.5,1.875,2.5,1.25,3.75,1.25,3.125,0.0,0.0,2.5,2.5,0.0,1.25,1.25,1.25,1.25,1.25,0.0,0.0
117,9,0.0,0.0,0.0,0.0,0.625,0.0,0.0,0.0,0.0,0.0,1.25,0.0,2.5,0.0,0.0,2.5,2.5,0.0,0.0,2.5,0.0,0.625,1.25,2.5,3.125,0.0,1.25,2.5,0.0,2.5,1.25,1.25,0.0,0.0,0.0,3.75,2.5,1.25,0.0,0.0,2.5,3.75,0.0,2.5,1.25,3.125,0.0,0.0,3.125,0.0,3.75,2.5,2.5,1.25,5.0,1.25,3.75,0.0,0.0,3.125,2.5,0.0,2.5,2.5,1.25,1.25,1.25,0.0,0.0
117,10,0.0,0.0,0.0,0.0,0.0,0.0,0.0,0.0,0.0,0.0,1.25,0.0,2.5,0.0,0.0,2.5,1.25,0.0,0.0,2.5,0.0,0.0,1.25,1.875,2.5,0.0,1.25,2.5,0.0,2.5,1.25,1.25,0.0,0.0,0.0,2.5,2.5,1.25,0.0,0.0,2.5,3.75,0.0,1.25,1.25,2.5,0.0,0.0,2.5,0.0,3.75,2.5,2.5,1.25,3.75,1.25,3.75,0.0,0.0,2.5,2.5,0.0,1.25,1.875,1.25,1.25,1.25,0.0,0.0
117,11,0.0,0.0,0.0,0.0,0.0,0.0,0.0,0.0,0.0,0.0,1.25,0.0,2.5,0.0,0.0,2.5,1.25,0.0,0.625,2.5,0.0,0.625,1.25,1.25,2.5,0.0,1.25,2.5,0.0,2.5,1.25,1.25,0.0,0.0,0.0,2.5,2.5,1.25,0.0,0.0,1.875,2.5,0.0,1.25,1.25,2.5,0.0,0.0,2.5,0.0,2.5,1.875,2.5,1.25,3.75,1.25,3.125,0.0,0.0,2.5,1.875,0.0,1.25,1.25,1.25,1.25,1.25,0.0,0.0
118,9,0.0,0.0,0.0,0.0,0.0,0.0,0.0,0.0,0.0,0.0,1.25,0.0,2.5,0.0,0.0,2.5,2.5,0.0,1.25,2.5,0.0,1.25,1.25,2.5,3.75,0.0,1.25,3.125,0.0,2.5,1.25,1.25,0.0,0.0,0.0,3.75,2.5,1.25,0.0,0.0,2.5,3.75,0.0,1.25,1.25,3.125,0.0,0.0,3.125,0.0,3.75,2.5,2.5,1.25,5.0,1.25,3.75,0.0,0.0,3.125,2.5,0.0,2.5,2.5,1.25,1.25,1.25,0.0,0.0
118,10,0.0,0.0,0.0,0.0,0.0,0.0,0.0,0.0,0.0,0.0,1.25,0.0,2.5,0.0,0.0,2.5,1.25,0.0,0.0,2.5,0.0,0.625,1.25,2.5,2.5,0.0,1.25,2.5,0.0,2.5,1.25,1.25,0.0,0.0,0.0,2.5,2.5,0.625,0.0,0.0,1.875,3.125,0.0,1.25,0.625,2.5,0.0,0.0,2.5,0.0,2.5,1.875,2.5,1.25,3.75,1.25,3.75,0.0,0.0,2.5,2.5,0.0,2.5,1.25,1.25,1.25,1.25,0.0,0.0
118,11,0.0,0.0,0.0,0.0,0.0,0.0,0.0,0.0,0.0,0.0,1.25,0.0,2.5,0.0,0.0,2.5,1.25,0.0,0.625,2.5,0.0,0.625,1.25,1.25,2.5,0.0,1.25,2.5,0.0,2.5,1.25,1.25,0.0,0.0,0.0,2.5,2.5,1.25,0.0,0.0,1.25,2.5,0.0,1.25,1.25,2.5,0.0,0.0,2.5,0.0,2.5,1.875,2.5,1.25,3.75,1.25,3.75,0.0,0.0,2.5,1.875,0.0,1.25,1.25,1.25,1.25,1.25,0.0,0.0
119,9,0.0,0.0,0.0,0.0,0.0,0.0,0.0,0.0,0.0,0.0,1.25,0.0,2.5,0.0,0.0,2.5,2.5,0.0,1.25,2.5,0.0,1.25,1.25,2.5,3.125,0.0,1.25,3.125,0.0,2.5,1.25,1.25,0.0,0.0,0.0,3.75,2.5,1.25,0.0,0.0,1.25,3.75,0.0,1.25,0.0,3.125,0.0,0.0,3.75,0.0,3.75,2.5,3.125,1.25,4.375,1.25,3.75,0.0,0.0,3.125,2.5,0.0,2.5,2.5,1.875,1.25,1.25,0.0,0.0
119,10,0.0,0.0,0.0,0.0,0.0,0.0,0.0,0.0,0.0,0.0,1.25,0.0,2.5,0.0,0.0,2.5,1.25,0.0,1.25,2.5,0.0,1.25,1.25,2.5,2.5,0.0,1.25,2.5,0.0,2.5,1.25,1.25,0.0,0.0,0.0,2.5,2.5,1.25,0.0,0.0,1.25,2.5,0.0,1.25,0.0,2.5,0.0,0.0,2.5,0.0,3.125,2.5,2.5,1.25,3.75,1.25,3.75,0.0,0.0,2.5,2.5,0.0,1.875,1.25,1.25,1.25,1.25,0.0,0.0
119,11,0.0,0.0,0.0,0.0,0.0,0.0,0.0,0.0,0.0,0.0,1.25,0.0,2.5,0.0,0.0,1.875,1.25,0.0,1.25,1.875,0.0,1.25,1.25,1.875,2.5,0.0,1.25,2.5,0.0,2.5,1.25,1.25,0.0,0.0,0.0,2.5,2.5,1.25,0.0,0.0,1.25,2.5,0.0,1.25,0.0,2.5,0.0,0.0,2.5,0.0,2.5,1.875,2.5,1.25,3.75,1.25,3.125,0.0,0.0,2.5,1.875,0.0,1.25,1.25,1.25,1.25,1.25,0.0,0.0
120,9,0.0,0.0,0.0,0.0,0.0,0.0,0.0,0.0,0.0,0.0,1.25,0.0,2.5,0.0,0.0,2.5,2.5,0.0,1.25,2.5,0.0,1.25,2.5,2.5,3.125,0.0,1.25,3.75,0.0,2.5,1.25,1.25,0.0,0.0,0.0,3.75,2.5,1.25,0.0,0.0,1.875,3.75,0.0,1.25,0.0,3.125,0.0,0.0,3.75,0.0,3.75,2.5,3.125,1.25,5.0,1.25,3.75,0.0,0.0,2.5,2.5,0.0,2.5,2.5,1.25,1.25,1.25,0.0,0.0
120,10,0.0,0.0,0.0,0.0,0.0,0.0,0.0,0.0,0.0,0.0,1.25,0.0,1.875,0.0,0.0,1.875,1.25,0.0,1.25,2.5,0.0,1.25,1.25,2.5,2.5,0.0,1.25,2.5,0.0,2.5,1.25,1.25,0.0,0.0,0.0,2.5,1.875,1.25,0.0,0.0,1.25,3.125,0.0,1.25,0.0,2.5,0.0,0.0,3.125,0.0,3.75,2.5,2.5,1.25,3.75,1.25,3.75,0.0,0.0,2.5,1.875,0.0,1.875,2.5,1.25,1.25,0.0,0.0,0.0
120,11,0.0,0.0,0.0,0.0,0.0,0.0,0.0,0.0,0.0,0.0,1.25,0.0,1.875,0.0,0.0,1.875,1.25,0.0,1.25,1.875,0.0,1.25,1.25,1.875,2.5,0.0,1.25,2.5,0.0,2.5,1.25,1.25,0.0,0.0,0.0,2.5,1.875,1.25,0.0,0.0,1.25,2.5,0.0,1.25,0.0,2.5,0.0,0.0,2.5,0.0,2.5,2.5,2.5,1.25,3.75,1.25,3.125,0.0,0.0,2.5,1.875,0.0,1.25,1.25,1.25,1.25,0.0,0.0,0.0
121,9,0.0,0.0,0.0,0.0,0.0,0.0,0.0,0.0,0.0,0.0,1.25,0.0,2.5,0.0,0.0,2.5,2.5,0.0,1.25,2.5,0.0,1.25,2.5,2.5,3.75,0.0,1.25,3.75,0.0,2.5,1.25,1.25,0.0,0.0,0.0,3.75,2.5,1.25,0.0,0.0,2.5,3.75,0.0,1.25,0.0,3.125,0.0,0.0,3.75,0.0,3.75,2.5,3.125,1.25,5.0,1.25,3.75,0.0,0.0,2.5,2.5,0.0,2.5,2.5,1.25,1.25,0.625,0.0,0.0
121,10,0.0,0.0,0.0,0.0,0.0,0.0,0.0,0.0,0.0,0.0,1.25,0.0,2.5,0.0,0.0,1.25,1.25,0.0,1.25,2.5,0.0,1.25,1.25,2.5,2.5,0.0,1.25,2.5,0.0,2.5,1.25,0.625,0.0,0.0,0.0,2.5,1.25,1.25,0.0,0.0,1.875,3.75,0.0,1.25,0.0,2.5,0.0,0.0,3.125,0.0,3.75,2.5,2.5,1.25,3.75,0.625,3.75,0.0,0.0,2.5,1.875,0.0,1.875,2.5,1.25,1.25,0.0,0.0,0.0
121,11,0.0,0.0,0.0,0.0,0.0,0.0,0.0,0.0,0.0,0.0,1.25,0.0,1.875,0.0,0.0,1.25,1.25,0.0,1.25,1.875,0.0,1.25,1.25,2.5,2.5,0.0,1.25,2.5,0.0,2.5,1.25,0.625,0.0,0.0,0.0,2.5,1.25,1.25,0.0,0.0,1.25,2.5,0.0,1.25,0.0,2.5,0.0,0.0,2.5,0.0,2.5,2.5,2.5,1.25,3.75,0.625,3.125,0.0,0.0,2.5,1.25,0.0,1.25,1.875,1.25,1.25,0.0,0.0,0.0
122,9,0.0,0.0,0.0,0.0,0.0,0.0,0.625,0.0,0.625,0.0,1.25,0.0,2.5,0.0,0.0,2.5,1.875,0.0,1.25,2.5,0.0,1.25,2.5,2.5,3.75,0.0,1.25,3.75,0.0,2.5,1.25,1.25,0.0,0.0,0.0,3.75,2.5,1.25,0.0,0.0,1.875,3.75,0.0,1.25,0.0,3.125,0.0,0.0,3.75,0.0,3.75,2.5,2.5,1.25,5.0,0.0,3.75,0.0,0.0,2.5,2.5,0.0,2.5,2.5,1.25,1.25,0.0,0.0,0.0
122,10,0.0,0.0,0.0,0.0,0.0,0.0,0.0,0.0,0.0,0.0,1.25,0.0,2.5,0.0,0.0,1.25,1.25,0.0,1.25,2.5,0.0,1.25,1.25,2.5,2.5,0.0,1.25,3.75,0.0,2.5,1.25,0.625,0.0,0.0,0.0,2.5,1.25,1.25,0.0,0.0,1.25,2.5,0.0,1.25,0.0,2.5,0.0,0.0,3.125,0.0,3.75,2.5,2.5,1.25,3.75,0.0,3.75,0.0,0.0,2.5,1.25,0.0,2.5,1.25,1.25,1.25,0.0,0.0,0.0
122,11,0.0,0.0,0.0,0.0,0.0,0.0,0.0,0.0,0.0,0.0,1.25,0.0,1.875,0.0,0.0,1.25,1.25,0.0,1.25,1.875,0.0,1.25,1.25,2.5,2.5,0.0,1.25,2.5,0.0,1.25,1.25,0.625,0.0,0.0,0.0,2.5,1.25,1.25,0.0,0.0,1.25,2.5,0.0,1.25,0.0,2.5,0.0,0.0,2.5,0.0,2.5,2.5,2.5,1.25,3.75,0.0,2.5,0.0,0.0,2.5,1.25,0.0,1.25,1.25,1.25,1.25,0.0,0.0,0.0
123,9,0.0,0.0,0.0,0.0,0.0,0.0,0.625,0.0,1.25,0.0,1.25,0.0,2.5,0.0,0.0,1.875,1.25,0.0,1.25,2.5,0.0,1.25,2.5,2.5,3.75,0.0,1.25,3.75,0.0,2.5,1.25,1.25,0.0,0.0,0.0,3.75,2.5,1.25,0.0,0.0,1.25,3.75,0.0,1.25,0.0,3.125,0.0,0.0,3.75,0.0,3.75,2.5,2.5,1.25,5.0,0.0,3.75,0.0,0.0,2.5,2.5,0.0,2.5,2.5,1.25,1.25,0.0,0.0,0.0
123,10,0.0,0.0,0.0,0.0,0.0,0.0,0.0,0.0,1.25,0.0,1.25,0.0,2.5,0.0,0.0,1.25,1.25,0.0,1.25,2.5,0.0,1.25,1.25,2.5,2.5,0.0,1.25,3.125,0.0,1.875,1.25,0.625,0.0,0.0,0.0,2.5,1.25,1.25,0.0,0.0,1.25,2.5,0.0,1.25,0.0,2.5,0.0,0.0,3.75,0.0,3.75,2.5,2.5,1.25,3.75,0.0,3.75,0.0,0.0,2.5,1.25,0.0,2.5,1.25,1.25,1.25,0.0,0.0,0.0
123,11,0.0,0.0,0.0,0.0,0.0,0.0,0.0,0.0,0.625,0.0,1.25,0.0,2.5,0.0,0.0,1.25,1.25,0.0,1.25,1.875,0.0,1.25,1.25,2.5,2.5,0.0,1.25,2.5,0.0,1.25,1.25,0.625,0.0,0.0,0.0,2.5,1.25,1.25,0.0,0.0,1.25,2.5,0.0,1.25,0.0,2.5,0.0,0.0,2.5,0.0,2.5,2.5,2.5,1.25,3.75,0.0,2.5,0.0,0.0,2.5,1.25,0.0,1.875,1.25,1.25,1.25,0.0,0.0,0.0
124,9,0.0,0.0,0.0,0.0,0.0,0.0,1.25,0.0,1.25,0.0,1.25,0.0,2.5,0.0,0.0,1.25,1.25,0.0,1.25,2.5,0.0,1.25,2.5,2.5,3.125,0.0,1.875,3.75,0.0,2.5,1.25,1.25,0.0,0.0,0.0,3.75,1.25,1.25,0.0,0.0,1.25,3.75,0.0,1.25,0.0,3.75,0.0,0.0,3.75,0.0,3.75,3.125,2.5,1.25,5.0,0.0,3.75,0.0,0.0,2.5,2.5,0.0,2.5,2.5,1.25,1.25,0.0,0.0,0.0
124,10,0.0,0.0,0.0,0.0,0.0,0.0,0.625,0.0,1.25,0.0,1.25,0.0,2.5,0.0,0.0,1.25,1.25,0.0,1.25,2.5,0.0,1.25,1.25,2.5,2.5,0.0,1.25,3.125,0.0,1.875,1.25,0.625,0.0,0.0,0.0,2.5,1.25,1.25,0.0,0.0,1.25,2.5,0.0,1.25,0.0,2.5,0.0,0.0,3.75,0.0,3.75,2.5,2.5,1.25,3.75,0.0,3.75,0.0,0.0,2.5,1.25,0.0,2.5,2.5,1.25,1.25,0.0,0.0,0.0
124,11,0.0,0.0,0.0,0.0,0.0,0.0,0.625,0.0,1.25,0.0,1.25,0.0,2.5,0.0,0.0,1.25,1.25,0.0,1.25,1.875,0.0,1.25,1.25,2.5,2.5,0.0,1.25,2.5,0.0,1.25,1.25,0.625,0.0,0.0,0.0,2.5,1.25,1.25,0.0,0.0,1.25,2.5,0.0,1.25,0.0,2.5,0.0,0.0,3.125,0.0,2.5,2.5,2.5,1.25,3.75,0.0,2.5,0.0,0.0,1.875,1.25,0.0,1.875,1.25,1.25,1.25,0.0,0.0,0.0
125,9,0.0,0.0,0.0,0.0,0.0,0.0,1.25,0.0,1.25,0.0,1.25,0.0,2.5,0.0,0.0,1.25,1.25,0.0,1.25,2.5,0.0,1.25,2.5,2.5,3.75,0.0,2.5,3.75,0.0,2.5,1.25,1.25,0.0,0.0,0.0,3.75,1.25,1.25,0.0,0.0,1.25,3.75,0.0,1.25,0.0,3.75,0.0,0.0,3.75,0.0,3.75,3.125,2.5,1.25,5.0,0.0,3.75,0.0,0.0,2.5,2.5,0.0,2.5,2.5,1.25,1.25,0.0,1.25,0.0
125,10,0.0,0.0,0.0,0.0,0.0,0.0,1.25,0.0,1.25,0.0,1.25,0.0,2.5,0.0,0.0,1.25,0.625,0.0,1.25,2.5,0.0,1.25,1.25,2.5,2.5,0.0,1.25,3.75,0.0,1.875,1.25,0.625,0.0,0.0,0.0,2.5,1.25,1.25,0.0,0.0,1.25,3.125,0.0,1.25,0.0,3.125,0.0,0.0,3.75,0.0,3.75,2.5,2.5,1.25,3.75,0.0,3.75,0.0,0.0,2.5,1.875,0.0,2.5,1.875,1.25,1.25,0.0,0.0,0.0
125,11,0.0,0.0,0.0,0.0,0.0,0.0,1.25,0.0,1.25,0.0,1.25,0.0,2.5,0.0,0.0,1.25,0.625,0.0,1.25,2.5,0.0,1.25,1.25,2.5,2.5,0.0,1.25,3.125,0.0,1.25,1.25,1.25,0.0,0.0,0.0,2.5,1.25,1.25,0.0,0.0,1.25,2.5,0.0,1.25,0.0,2.5,0.0,0.0,2.5,0.0,2.5,2.5,2.5,1.25,3.75,0.0,2.5,0.0,0.0,1.875,1.25,0.0,1.875,1.25,1.25,1.25,0.0,0.0,0.0
126,9,0.0,0.0,0.0,0.0,0.0,0.0,1.25,0.0,1.25,0.0,1.25,0.0,3.75,0.0,0.0,1.875,1.25,0.0,1.25,2.5,0.0,1.25,1.25,2.5,3.75,0.0,2.5,3.75,0.0,2.5,1.25,1.25,0.0,0.0,0.0,3.75,1.25,1.25,0.0,0.0,1.25,3.75,0.0,1.25,0.0,3.75,0.0,0.0,3.75,0.0,3.75,2.5,2.5,1.25,5.0,0.0,3.75,0.0,0.0,2.5,2.5,0.0,2.5,1.875,1.25,1.25,0.0,1.25,0.0
126,10,0.0,0.0,0.0,0.0,0.0,0.0,1.25,0.0,1.25,0.0,1.25,0.0,2.5,0.0,0.0,1.25,0.0,0.0,1.25,2.5,0.0,1.25,1.25,2.5,3.125,0.0,1.875,3.75,0.0,1.25,1.25,1.25,0.0,0.0,0.0,2.5,1.25,1.25,0.0,0.0,1.25,2.5,0.0,1.25,0.0,3.125,0.0,0.0,3.125,0.0,3.75,2.5,2.5,1.25,3.75,0.0,3.75,0.0,0.0,2.5,1.25,0.0,2.5,1.25,1.25,1.25,0.0,1.25,0.0
126,11,0.0,0.0,0.0,0.0,0.0,0.0,1.25,0.0,1.25,0.0,1.25,0.0,2.5,0.0,0.0,1.25,0.0,0.0,1.25,2.5,0.0,1.25,1.25,2.5,2.5,0.0,1.875,3.125,0.0,1.25,1.25,1.25,0.0,0.0,0.0,2.5,1.25,1.25,0.0,0.0,1.25,2.5,0.0,1.25,0.0,2.5,0.0,0.0,2.5,0.0,2.5,2.5,1.875,1.25,3.75,0.0,2.5,0.0,0.0,2.5,1.25,0.0,1.25,1.25,1.25,1.25,0.0,0.625,0.0
127,9,0.0,0.0,0.0,0.0,0.0,0.0,1.25,0.0,1.875,0.0,1.25,0.0,3.75,0.625,0.0,2.5,0.0,0.0,1.25,3.125,0.0,1.25,1.25,2.5,3.75,0.0,2.5,3.75,0.0,2.5,1.25,1.25,0.0,0.0,0.0,3.75,1.25,1.25,0.0,0.0,1.25,3.75,0.0,1.25,0.0,3.75,0.0,0.0,3.75,0.0,3.75,3.75,2.5,1.25,5.0,0.0,3.75,0.0,0.0,2.5,2.5,0.0,2.5,1.25,1.25,1.25,0.0,1.25,0.0
127,10,0.0,0.0,0.0,0.0,0.0,0.0,1.25,0.0,1.25,0.0,1.25,0.0,2.5,0.0,0.0,1.25,0.0,0.0,1.25,2.5,0.0,1.25,1.25,2.5,3.125,0.0,2.5,3.75,0.0,1.25,1.25,1.25,0.0,0.0,0.0,2.5,1.25,1.25,0.0,0.0,1.25,2.5,0.0,0.625,0.0,3.75,0.0,0.0,2.5,0.0,3.75,2.5,2.5,1.25,3.75,0.0,3.125,0.0,0.0,2.5,1.25,0.0,2.5,1.25,1.25,1.25,0.0,1.25,0.0
127,11,0.0,0.0,0.0,0.0,0.0,0.0,1.25,0.0,1.25,0.0,1.25,0.0,2.5,0.625,0.0,1.875,0.0,0.0,1.25,2.5,0.0,1.25,1.25,2.5,2.5,0.0,1.875,3.125,0.0,1.25,1.25,1.25,0.0,0.0,0.0,2.5,1.25,1.25,0.0,0.0,1.25,2.5,0.0,1.25,0.0,2.5,0.0,0.0,2.5,0.0,2.5,2.5,1.25,1.25,3.75,0.0,2.5,0.0,0.0,1.875,1.25,0.0,1.25,1.25,1.25,1.25,0.0,1.25,0.0
128,9,0.0,0.0,0.0,0.0,0.0,0.0,1.25,0.0,1.25,0.0,1.25,0.0,3.75,1.25,0.0,2.5,0.0,0.0,2.5,3.75,0.0,1.25,1.25,3.125,3.75,0.0,2.5,3.75,0.0,2.5,1.25,1.25,0.0,0.0,0.0,3.75,1.25,1.25,0.0,0.0,1.25,3.75,0.0,1.25,1.25,4.375,0.0,0.0,3.75,0.0,3.75,3.75,2.5,1.25,5.0,0.0,3.75,0.625,0.0,2.5,2.5,0.0,2.5,1.25,1.25,1.25,0.0,1.875,0.0
128,10,0.0,0.0,0.0,0.0,0.0,0.0,1.25,0.0,1.25,0.0,1.25,0.0,2.5,0.625,0.0,1.875,0.0,0.0,1.875,2.5,0.0,1.25,1.25,2.5,3.125,0.0,2.5,3.125,0.0,1.25,1.25,1.25,0.0,0.0,0.0,2.5,1.25,1.25,0.0,0.0,1.25,3.125,0.0,0.625,0.0,3.75,0.0,0.0,2.5,0.0,3.125,3.125,1.875,1.25,3.75,0.0,2.5,0.0,0.0,2.5,1.875,0.0,1.875,1.25,1.25,0.625,0.0,1.25,0.0
128,11,0.0,0.0,0.0,0.0,0.0,0.0,1.25,0.0,1.25,0.0,1.25,0.0,2.5,1.25,0.0,1.875,0.0,0.0,1.25,2.5,0.0,1.25,1.25,2.5,2.5,0.0,2.5,3.125,0.0,1.25,1.25,1.25,0.0,0.0,0.0,2.5,1.25,1.25,0.0,0.0,1.25,2.5,0.0,0.625,0.625,3.125,0.0,0.0,2.5,0.0,2.5,2.5,1.25,1.25,3.75,0.0,2.5,0.0,0.0,1.25,1.25,0.0,1.25,1.25,1.25,0.625,0.0,1.25,0.0
129,9,0.0,0.0,0.0,0.0,0.0,0.0,1.25,0.0,1.25,0.0,1.25,0.0,3.75,1.25,0.0,2.5,0.0,0.0,2.5,3.75,0.0,1.25,1.25,3.125,3.75,0.0,2.5,3.75,0.0,2.5,1.25,1.25,0.0,0.0,0.0,3.75,1.25,1.25,0.0,0.0,1.25,3.75,0.0,1.25,1.25,4.375,0.0,0.0,3.125,0.0,3.75,3.75,1.875,1.25,5.0,0.0,3.75,1.25,0.0,2.5,2.5,0.0,2.5,1.875,1.25,0.0,0.0,2.5,0.0
129,10,0.0,0.0,0.0,0.0,0.0,0.0,1.25,0.0,1.25,0.0,1.25,0.0,2.5,1.25,0.0,1.875,0.0,0.0,2.5,3.125,0.0,1.25,0.625,2.5,3.75,0.0,2.5,3.75,0.0,1.25,1.25,1.25,0.0,0.0,0.0,2.5,1.25,1.25,0.0,0.0,1.25,3.125,0.0,0.625,1.25,3.75,0.0,0.0,2.5,0.0,3.125,2.5,1.25,1.25,3.75,0.0,2.5,0.625,0.0,1.875,2.5,0.0,1.875,1.25,1.25,0.0,0.0,1.25,0.0
129,11,0.0,0.0,0.0,0.0,0.0,0.0,1.25,0.0,1.25,0.0,1.25,0.0,2.5,1.25,0.0,2.5,0.0,0.0,1.25,2.5,0.0,1.25,0.0,2.5,2.5,0.0,2.5,3.125,0.0,1.25,1.25,1.25,0.0,0.0,0.0,2.5,1.25,1.25,0.0,0.0,1.25,2.5,0.0,1.25,1.25,3.75,0.0,0.0,2.5,0.0,2.5,2.5,1.25,1.25,3.75,0.0,2.5,0.0,0.0,1.25,1.25,0.0,1.25,1.25,1.25,0.0,0.0,1.25,0.0
130,9,0.0,0.0,1.25,0.0,0.0,0.0,1.25,0.0,1.25,0.0,1.25,0.0,3.75,1.25,0.0,2.5,0.0,0.0,2.5,3.75,0.0,1.25,0.625,3.75,3.75,0.0,2.5,3.75,0.0,1.25,1.25,1.875,0.0,0.0,0.0,3.125,1.25,1.25,0.0,0.0,1.875,3.75,0.0,1.25,1.25,5.0,0.0,0.0,3.125,0.0,3.75,2.5,2.5,1.25,4.375,0.0,3.75,1.25,0.0,2.5,2.5,0.0,2.5,1.25,1.25,0.0,0.0,2.5,0.0
130,10,0.0,0.0,0.0,0.0,0.0,0.0,1.25,0.0,1.25,0.0,1.25,0.0,2.5,1.25,0.0,2.5,0.0,0.0,2.5,3.125,0.0,1.25,0.0,2.5,3.75,0.0,2.5,3.75,0.0,1.25,1.25,1.25,0.0,0.0,0.0,2.5,1.25,1.25,0.0,0.0,1.25,3.125,0.0,0.625,1.25,3.75,0.0,0.0,2.5,0.0,3.125,2.5,1.25,1.25,3.75,0.0,2.5,1.25,0.0,1.875,2.5,0.0,1.875,1.25,1.25,0.0,0.0,1.875,0.0
130,11,0.0,0.0,0.0,0.0,0.0,0.0,1.25,0.0,1.25,0.0,1.25,0.0,2.5,1.25,0.0,2.5,0.0,0.0,1.875,2.5,0.0,1.25,0.0,2.5,2.5,0.0,2.5,3.125,0.0,1.25,1.25,1.25,0.0,0.0,0.0,2.5,1.25,1.25,0.0,0.0,1.25,3.125,0.0,1.25,1.25,3.75,0.0,0.0,2.5,0.0,2.5,2.5,1.25,1.25,3.75,0.0,2.5,1.25,0.0,1.25,1.25,0.0,1.25,1.25,1.25,0.0,0.0,1.25,0.0
131,9,0.0,0.0,1.25,0.0,0.0,0.0,1.25,0.0,1.25,0.0,1.25,0.0,3.75,1.25,0.0,2.5,0.0,0.0,2.5,3.75,0.0,1.25,0.0,3.75,3.75,0.0,3.75,3.75,0.0,2.5,1.25,1.25,0.0,0.0,0.0,3.125,1.25,1.25,0.0,0.0,1.25,3.75,0.0,1.25,1.25,5.0,0.0,0.0,2.5,0.0,3.75,2.5,1.25,1.25,3.75,0.0,3.75,1.25,0.0,2.5,2.5,0.0,2.5,1.25,1.25,0.0,0.0,2.5,0.0
131,10,0.0,0.0,0.625,0.0,0.0,0.0,1.25,0.0,1.25,0.0,1.25,0.0,2.5,1.25,0.0,2.5,0.0,0.0,2.5,3.125,0.0,1.25,0.0,2.5,3.75,0.0,2.5,3.75,0.0,1.25,1.25,1.25,0.0,0.0,0.0,2.5,1.25,1.25,0.0,0.0,1.25,3.125,0.0,0.625,1.25,3.75,0.0,0.0,2.5,0.0,3.125,2.5,1.25,1.25,3.75,0.0,2.5,1.25,0.0,1.25,2.5,0.0,1.25,1.25,1.25,0.0,0.0,2.5,0.0
131,11,0.0,0.0,0.625,0.0,0.0,0.0,1.25,0.0,1.25,0.0,1.25,0.0,2.5,1.25,0.0,2.5,0.0,0.0,2.5,2.5,0.0,1.25,0.0,2.5,3.125,0.0,2.5,2.5,0.0,1.25,1.25,1.25,0.0,0.0,0.0,2.5,1.25,1.25,0.0,0.0,1.25,3.125,0.0,0.625,1.25,3.75,0.0,0.0,2.5,0.0,2.5,2.5,1.25,1.25,3.75,0.0,2.5,1.25,0.0,1.25,1.25,0.0,1.25,1.25,1.25,0.0,0.0,1.25,0.0
132,9,0.0,0.0,1.25,0.0,1.25,0.0,1.25,0.0,1.25,0.0,1.25,0.0,3.75,1.25,0.0,2.5,0.0,0.0,2.5,3.75,0.0,1.25,0.0,3.75,3.75,0.0,3.75,3.75,0.0,2.5,2.5,1.25,0.0,0.0,0.0,2.5,1.25,1.25,0.0,0.0,1.25,3.75,0.0,1.25,1.25,5.0,0.0,1.25,2.5,0.0,3.75,2.5,1.25,1.25,3.75,0.0,3.75,1.25,0.0,2.5,2.5,0.0,2.5,1.25,1.25,0.0,0.0,2.5,0.0
132,10,0.0,0.0,1.25,0.0,0.625,0.0,1.25,0.0,1.25,0.0,1.25,0.0,2.5,1.25,0.0,2.5,0.0,0.0,2.5,3.75,0.0,1.25,0.0,3.125,3.75,0.0,2.5,3.125,0.0,1.25,1.875,1.25,0.0,0.0,0.0,2.5,1.25,0.625,0.0,0.0,1.25,3.75,0.0,1.25,1.25,4.375,0.0,0.0,2.5,0.0,3.125,2.5,1.25,1.25,3.75,0.0,2.5,1.25,0.0,1.25,2.5,0.0,1.25,1.25,0.625,0.0,0.0,2.5,0.0
132,11,0.0,0.0,1.25,0.0,0.625,0.0,1.25,0.0,1.25,0.0,1.25,0.0,2.5,1.25,0.0,2.5,0.0,0.0,2.5,3.125,0.0,1.25,0.0,2.5,3.125,0.0,2.5,2.5,0.0,1.25,1.25,1.25,0.0,0.0,0.0,2.5,1.25,0.625,0.0,0.0,1.25,3.125,0.0,0.625,1.25,3.75,0.0,0.0,2.5,0.0,2.5,2.5,1.25,1.25,3.125,0.0,2.5,1.25,0.0,1.25,1.25,0.0,1.25,1.25,0.625,0.0,0.0,1.875,0.0
133,9,0.0,0.0,1.875,0.0,1.25,0.0,1.25,0.0,1.25,0.0,1.25,0.0,3.75,1.25,0.0,2.5,0.0,0.0,2.5,3.75,0.0,1.25,0.0,3.75,4.375,0.0,3.125,3.75,0.0,2.5,2.5,1.25,0.0,0.0,0.0,2.5,1.25,0.625,0.0,0.0,1.25,3.75,0.0,1.25,1.25,5.0,0.0,1.25,2.5,0.0,3.75,2.5,1.25,1.25,3.75,0.0,3.75,2.5,0.0,2.5,2.5,0.0,2.5,1.25,1.25,0.0,1.25,2.5,0.0
133,10,0.0,0.0,1.25,0.0,1.25,0.0,1.25,0.0,0.625,0.0,1.25,0.0,2.5,1.25,0.0,2.5,0.0,0.0,2.5,3.75,0.0,1.25,0.0,3.125,3.75,0.0,2.5,2.5,0.0,2.5,1.875,1.25,0.0,0.0,0.0,2.5,1.25,0.0,0.0,0.0,1.25,3.125,0.0,0.625,1.25,3.75,0.0,1.25,2.5,0.0,2.5,2.5,1.25,1.25,3.75,0.0,2.5,1.25,0.0,2.5,2.5,0.0,1.25,1.25,0.625,0.0,0.0,2.5,0.0
133,11,0.0,0.0,1.25,0.0,1.25,0.0,1.25,0.0,0.625,0.0,1.25,0.0,2.5,1.25,0.0,2.5,0.0,0.0,2.5,3.125,0.0,1.25,0.0,2.5,3.75,0.0,2.5,2.5,0.0,1.25,1.25,1.25,0.0,0.0,0.0,1.875,1.25,0.0,0.0,0.0,1.25,3.125,0.0,0.625,1.25,3.75,0.0,0.625,2.5,0.0,2.5,1.875,1.25,1.25,2.5,0.0,2.5,1.25,0.0,1.25,1.25,0.0,1.25,1.25,0.625,0.0,0.625,1.25,0.0
134,9,0.0,0.0,2.5,0.0,1.25,0.0,1.25,0.0,0.625,0.0,1.25,0.0,3.75,1.25,0.0,2.5,0.0,0.0,2.5,3.75,0.0,1.25,0.0,3.75,4.375,0.0,3.125,3.125,0.0,3.125,2.5,1.25,0.0,0.0,0.0,2.5,1.25,0.0,0.0,0.0,1.25,3.75,0.0,1.25,1.25,5.0,0.0,1.25,2.5,0.0,3.75,2.5,1.25,1.25,3.75,0.0,3.125,2.5,0.0,2.5,2.5,0.0,2.5,1.25,1.25,0.0,1.25,2.5,0.0
134,10,0.0,0.0,1.25,0.0,1.25,0.0,0.625,0.0,0.0,0.0,1.25,0.0,2.5,1.25,0.0,2.5,0.0,0.0,2.5,3.75,0.0,1.25,0.0,3.125,3.75,0.0,2.5,2.5,0.0,2.5,1.875,1.25,0.0,0.0,0.0,2.5,1.25,0.0,0.0,0.0,1.25,3.125,0.0,0.625,1.25,3.75,0.0,1.25,2.5,0.0,3.125,2.5,1.25,1.25,3.75,0.0,2.5,1.875,0.0,2.5,2.5,0.0,1.875,1.25,0.625,0.0,1.25,2.5,0.0
134,11,0.0,0.0,1.25,0.0,1.25,0.0,1.25,0.0,0.0,0.0,1.25,0.0,2.5,1.25,0.0,2.5,0.0,0.0,2.5,3.125,0.0,1.25,0.0,2.5,3.75,0.0,2.5,2.5,0.0,2.5,1.875,1.25,0.0,0.0,0.0,1.875,1.25,0.0,0.0,0.0,1.25,3.125,0.0,1.25,1.25,3.75,0.0,1.25,2.5,0.0,2.5,1.875,1.25,1.25,2.5,0.0,2.5,1.25,0.0,1.25,1.25,0.0,1.25,1.25,0.625,0.0,1.25,1.25,0.0
135,9,0.0,0.0,2.5,0.0,1.25,0.0,1.25,0.0,0.0,0.0,1.25,0.0,3.75,1.25,0.0,2.5,0.0,0.0,3.125,3.75,0.0,1.25,0.0,3.75,5.0,0.0,3.75,3.125,0.0,3.75,2.5,1.25,1.25,0.0,0.0,2.5,1.25,0.0,0.0,0.0,1.25,3.75,0.0,1.25,1.25,5.0,0.0,1.25,2.5,0.0,3.75,2.5,1.25,1.25,3.75,0.0,3.125,2.5,0.0,2.5,2.5,0.0,2.5,1.25,1.25,0.0,1.25,2.5,0.0
135,10,0.0,0.0,1.25,0.0,1.25,0.0,0.625,0.0,0.0,0.0,1.25,0.0,2.5,1.25,0.0,2.5,0.0,0.0,2.5,3.75,0.0,1.25,0.0,3.75,3.75,0.0,2.5,2.5,0.0,2.5,2.5,1.25,0.625,0.0,0.0,2.5,1.25,0.0,0.0,0.0,1.25,3.75,0.0,1.25,1.25,3.75,0.0,1.25,2.5,0.0,3.125,2.5,1.25,1.25,3.75,0.0,2.5,1.25,0.0,1.25,2.5,0.0,2.5,1.25,0.0,0.0,1.25,2.5,0.0
135,11,0.0,0.0,1.25,0.0,1.25,0.0,0.625,0.0,0.0,0.0,1.25,0.0,2.5,1.25,0.0,2.5,0.0,0.0,2.5,3.125,0.0,1.25,0.0,2.5,3.75,0.0,2.5,2.5,0.0,2.5,2.5,1.25,0.0,0.0,0.0,1.25,1.25,0.0,0.0,0.0,1.25,3.125,0.0,1.25,1.25,3.75,0.0,1.25,2.5,0.0,2.5,1.875,1.25,1.25,2.5,0.0,2.5,1.25,0.0,1.25,1.25,0.0,1.25,1.25,0.625,0.0,1.25,1.25,0.0
136,9,0.0,0.0,2.5,0.0,1.25,0.0,1.25,0.0,0.0,0.0,1.25,0.0,3.125,1.25,0.0,2.5,0.0,0.0,3.75,3.75,0.0,1.25,0.0,3.75,5.0,0.0,2.5,3.125,0.0,3.75,3.125,1.25,1.25,0.0,0.0,2.5,1.25,0.0,0.0,0.0,1.25,3.75,0.0,1.25,1.25,5.0,0.0,2.5,2.5,0.0,3.75,2.5,1.25,1.25,3.75,0.0,3.125,2.5,0.0,2.5,2.5,0.0,2.5,1.25,1.25,0.0,1.25,2.5,0.0
136,10,0.0,0.0,1.875,0.0,1.25,0.0,0.625,0.0,0.0,0.0,1.25,0.0,2.5,1.25,0.0,2.5,0.0,0.0,3.125,3.75,0.0,1.25,0.0,3.75,4.375,0.0,2.5,2.5,0.0,3.125,2.5,1.25,1.25,0.0,0.0,1.875,1.25,0.0,0.0,0.0,1.875,3.75,0.0,1.25,1.25,4.375,0.0,1.25,2.5,0.0,2.5,2.5,1.25,0.625,3.75,0.0,2.5,1.25,0.0,1.25,1.875,0.0,2.5,1.25,0.625,0.0,1.25,1.875,0.0
136,11,0.0,0.0,1.25,0.0,1.25,0.0,0.625,0.0,0.0,0.0,1.25,0.0,2.5,1.25,0.0,2.5,0.0,0.0,2.5,3.125,0.0,1.25,0.0,2.5,3.75,0.0,2.5,2.5,0.0,2.5,2.5,1.25,0.625,0.0,0.0,1.25,1.25,0.0,0.0,0.0,1.25,3.125,0.0,1.25,1.25,3.75,0.0,1.25,2.5,0.0,2.5,1.875,1.25,0.625,2.5,0.0,2.5,1.25,0.0,1.25,1.25,0.0,1.875,1.25,0.625,0.0,1.25,1.25,0.0
137,9,0.0,0.0,2.5,0.0,1.875,0.0,1.25,0.0,0.0,0.0,1.25,0.0,2.5,1.25,0.0,2.5,0.0,0.0,3.75,3.75,0.0,1.25,0.0,3.75,5.0,0.0,2.5,3.125,0.0,3.75,3.75,1.25,1.25,0.0,0.0,2.5,2.5,0.0,0.0,0.0,1.25,3.75,0.0,1.25,1.25,5.0,0.0,2.5,2.5,0.0,3.75,2.5,1.25,0.625,3.75,0.0,3.75,2.5,0.0,2.5,2.5,0.0,3.75,1.25,1.25,1.25,1.875,2.5,0.0
137,10,0.0,0.0,1.875,0.0,1.25,0.0,0.625,0.0,0.0,0.0,1.25,0.0,2.5,1.25,0.0,2.5,0.0,0.0,2.5,3.75,0.0,1.25,0.0,3.125,4.375,0.0,2.5,2.5,0.0,3.75,3.125,1.25,1.25,0.0,0.0,1.25,1.25,0.0,0.0,0.0,1.25,3.75,0.0,1.25,0.625,3.75,0.0,1.25,2.5,0.0,2.5,2.5,1.25,0.0,3.75,0.0,2.5,1.25,0.0,2.5,1.25,0.0,2.5,1.25,1.25,0.0,1.25,1.25,0.0
137,11,0.0,0.0,1.25,0.0,1.25,0.0,0.625,0.0,0.0,0.0,1.25,0.0,2.5,1.25,0.0,2.5,0.0,0.0,2.5,3.125,0.0,1.25,0.0,2.5,3.75,0.0,2.5,2.5,0.0,2.5,2.5,1.25,1.25,0.0,0.0,1.25,1.25,0.0,0.0,0.0,1.25,3.125,0.0,1.25,1.25,3.75,0.0,1.25,2.5,0.0,2.5,1.875,1.25,0.0,2.5,0.0,2.5,1.25,0.0,1.25,1.25,0.0,2.5,1.25,1.25,1.25,1.25,1.25,0.0
138,9,0.0,0.0,2.5,0.0,1.875,0.0,1.25,0.0,0.0,0.0,1.25,0.0,2.5,1.25,0.0,2.5,0.0,0.0,2.5,3.75,0.0,1.25,0.0,3.75,5.0,0.0,2.5,3.75,0.0,4.375,3.75,1.25,1.25,0.0,0.0,1.875,2.5,0.0,0.0,0.0,1.25,3.75,0.0,1.25,0.625,5.0,0.0,2.5,2.5,0.0,3.75,2.5,1.25,0.0,3.75,0.0,3.125,2.5,0.0,2.5,2.5,0.0,3.75,1.25,1.25,1.25,2.5,2.5,0.0
138,10,0.0,0.0,1.875,0.0,1.25,0.0,0.625,0.0,0.0,0.0,1.25,0.0,2.5,1.25,0.0,2.5,0.0,0.0,2.5,3.75,0.0,1.25,0.0,3.75,4.375,0.0,2.5,2.5,0.0,3.75,3.75,1.25,1.25,0.0,0.0,1.25,1.25,0.0,0.0,0.0,1.25,3.75,0.0,1.25,0.0,3.75,0.0,1.25,2.5,0.0,3.125,2.5,1.25,0.0,3.75,0.0,2.5,1.25,0.0,2.5,1.25,0.0,3.125,1.25,1.25,1.25,1.875,1.25,0.0
138,11,0.0,0.0,1.25,0.0,1.25,0.0,0.625,0.0,0.0,0.0,1.25,0.0,2.5,1.25,0.0,2.5,0.0,0.0,2.5,3.125,0.0,1.25,0.0,2.5,3.75,0.0,2.5,2.5,0.0,3.75,2.5,1.25,1.25,0.0,0.0,1.25,1.25,0.0,0.0,0.0,1.25,3.75,0.0,1.25,0.625,3.75,0.0,1.25,2.5,0.0,2.5,2.5,1.25,0.0,2.5,0.0,2.5,1.25,0.0,1.25,1.25,0.0,2.5,1.25,1.25,1.25,2.5,1.25,0.0
139,9,0.0,0.0,2.5,0.0,1.25,0.0,1.25,0.0,0.0,0.0,1.25,0.0,3.125,1.25,0.0,2.5,1.25,0.0,2.5,3.75,0.0,1.25,0.0,3.75,5.0,0.0,2.5,3.75,0.0,5.0,3.75,1.25,2.5,0.0,0.0,1.25,2.5,0.0,0.0,0.0,1.875,3.75,0.0,1.25,0.0,5.0,0.0,2.5,2.5,0.0,3.75,2.5,1.25,0.0,3.75,0.0,3.125,1.25,0.0,1.875,1.875,0.0,4.375,2.5,1.25,1.25,2.5,1.25,0.0
139,10,0.0,0.0,1.875,0.0,1.25,0.0,1.25,0.0,0.0,0.0,1.25,0.0,2.5,1.25,0.0,2.5,0.0,0.0,2.5,3.75,0.0,1.25,0.0,3.75,5.0,0.0,2.5,2.5,0.0,3.75,3.75,1.25,1.25,0.0,0.0,1.25,1.875,0.0,0.0,0.0,1.25,3.75,0.0,1.25,0.0,3.75,0.0,1.25,2.5,0.0,3.75,2.5,1.25,0.0,3.75,0.0,2.5,1.25,0.0,1.25,1.25,0.0,3.75,1.875,1.25,1.25,2.5,1.25,0.0
139,11,0.0,0.0,1.25,0.0,1.25,0.0,1.25,0.0,0.0,0.0,1.25,0.0,2.5,1.25,0.0,2.5,0.0,0.0,2.5,3.125,0.0,1.25,0.0,2.5,3.75,0.0,1.875,2.5,0.0,3.75,3.75,1.25,1.25,0.0,0.0,1.25,1.25,0.0,0.0,0.0,1.25,3.75,0.0,1.25,0.0,3.75,0.0,1.25,2.5,0.0,3.125,2.5,1.25,0.0,2.5,0.0,2.5,1.25,0.0,1.25,1.25,0.0,2.5,1.875,1.25,1.25,2.5,1.25,0.0
140,9,0.0,0.0,2.5,0.0,1.25,0.0,1.25,0.0,0.0,0.0,1.25,0.0,3.125,1.25,0.0,2.5,1.25,0.0,2.5,3.75,0.0,1.25,0.0,3.75,5.0,0.0,2.5,3.75,0.0,5.0,3.75,1.25,2.5,0.0,0.0,1.25,3.125,0.0,1.25,0.0,2.5,4.375,0.0,1.25,0.0,4.375,0.0,2.5,2.5,0.0,3.75,2.5,1.25,0.0,3.75,0.0,3.125,1.25,0.0,1.25,1.25,0.0,5.0,2.5,1.25,1.875,2.5,1.25,0.0
140,10,0.0,0.0,1.25,0.0,1.25,0.0,1.25,0.0,0.0,0.0,1.25,0.0,2.5,1.25,0.0,2.5,1.25,0.0,2.5,3.75,0.0,1.25,0.0,3.75,4.375,0.0,2.5,3.125,0.0,3.75,3.75,1.25,1.25,0.0,0.0,1.25,2.5,0.0,0.0,0.0,2.5,3.75,0.0,1.25,0.0,3.75,0.0,1.25,2.5,0.0,3.75,2.5,1.25,0.0,3.125,0.0,2.5,1.25,0.0,1.25,1.25,0.0,3.75,2.5,1.25,1.25,2.5,1.25,0.0
140,11,0.0,0.0,1.25,0.0,1.25,0.0,1.25,0.0,0.0,0.0,1.25,0.0,2.5,1.25,0.0,2.5,0.625,0.0,2.5,2.5,0.0,1.25,0.0,2.5,3.75,0.0,1.875,2.5,0.0,3.75,3.75,1.25,1.25,0.0,0.0,1.25,1.875,0.0,0.0,0.0,1.25,3.75,0.0,1.25,0.0,3.75,0.0,1.25,2.5,0.0,3.75,2.5,1.25,0.0,2.5,0.0,2.5,1.25,0.0,1.25,1.25,0.0,3.75,2.5,1.25,1.25,2.5,0.625,0.0
141,9,0.0,0.0,2.5,0.0,1.25,0.0,1.25,0.0,0.0,0.0,1.25,0.0,2.5,1.25,0.0,2.5,1.25,0.0,2.5,3.75,0.0,1.25,0.0,3.75,5.0,0.0,2.5,3.75,0.0,5.0,3.75,1.25,2.5,0.0,0.0,1.25,3.75,0.0,1.25,0.0,2.5,4.375,0.0,1.25,0.0,3.75,0.0,2.5,2.5,0.0,3.75,3.75,1.25,0.0,3.75,0.0,2.5,1.25,0.0,1.875,1.25,0.0,5.0,2.5,2.5,2.5,3.75,1.25,0.0
141,10,0.0,0.0,1.25,0.0,1.25,0.0,1.25,0.0,0.0,0.0,1.25,0.0,2.5,1.25,0.0,2.5,1.25,0.0,2.5,3.75,0.0,1.25,0.0,3.125,4.375,0.0,1.25,3.75,0.0,4.375,3.75,1.25,1.875,0.0,0.0,1.25,2.5,0.0,0.625,0.0,2.5,3.75,0.0,1.25,0.0,3.75,0.0,1.25,2.5,0.0,3.75,2.5,1.25,0.0,3.125,0.0,2.5,1.25,0.0,1.25,1.25,0.0,3.75,2.5,2.5,2.5,2.5,0.0,0.0
141,11,0.0,0.0,1.25,0.0,1.25,0.0,1.25,0.0,0.0,0.0,1.25,0.0,2.5,1.25,0.0,2.5,1.25,0.0,1.875,3.125,0.0,1.25,0.0,2.5,3.75,0.0,1.25,2.5,0.0,3.75,3.75,1.25,1.25,0.0,0.0,1.25,2.5,0.0,0.625,0.0,1.25,3.75,0.0,1.25,0.0,2.5,0.0,1.25,1.875,0.0,3.75,2.5,1.25,0.0,2.5,0.0,2.5,1.25,0.0,1.25,1.25,0.0,3.75,2.5,2.5,2.5,2.5,0.0,0.0
142,9,0.0,0.0,1.875,0.0,1.25,0.0,1.25,0.0,0.0,0.0,1.25,0.0,3.75,1.25,0.0,2.5,1.25,0.0,2.5,3.75,0.0,1.25,0.0,3.75,5.0,0.0,2.5,3.75,0.0,5.0,3.75,2.5,2.5,0.0,0.0,1.25,3.75,1.25,1.25,0.0,2.5,5.0,0.0,1.25,0.0,3.75,0.0,1.25,2.5,0.0,4.375,3.75,1.875,0.0,3.75,0.0,2.5,1.25,0.0,1.875,1.875,0.0,5.0,3.75,2.5,2.5,3.75,0.0,0.0
142,10,0.0,0.0,1.25,0.0,0.625,0.0,1.25,0.0,0.0,0.0,1.25,0.0,2.5,1.25,0.0,2.5,1.25,0.0,2.5,3.75,0.0,1.25,0.0,3.125,4.375,0.0,1.25,3.75,0.0,5.0,3.75,1.25,2.5,0.0,0.0,1.25,2.5,0.625,1.25,0.0,2.5,3.75,0.0,1.25,0.0,3.125,0.0,1.25,2.5,0.0,3.75,3.125,1.25,0.0,3.125,0.0,2.5,0.625,0.0,1.25,1.25,0.0,4.375,3.75,2.5,2.5,2.5,0.0,0.0
142,11,0.0,0.0,1.25,0.0,0.625,0.0,1.25,0.0,0.0,0.0,1.25,0.0,2.5,1.25,0.0,2.5,1.25,0.0,1.875,3.125,0.0,1.25,0.0,2.5,3.75,0.0,1.25,3.125,0.0,4.375,3.75,1.25,1.25,0.0,0.0,1.25,2.5,0.0,1.25,0.0,1.25,3.75,0.0,1.25,0.0,2.5,0.0,1.25,1.875,0.0,3.75,2.5,1.25,0.0,2.5,0.0,2.5,0.0,0.0,1.25,1.25,0.0,3.75,3.125,2.5,2.5,3.125,0.0,0.0
143,9,0.0,0.0,1.25,0.0,1.25,0.0,1.25,0.0,0.0,0.0,1.25,0.0,3.75,1.25,0.0,2.5,1.875,0.0,2.5,3.75,0.0,1.875,0.0,3.75,5.0,0.0,1.875,4.375,0.0,5.0,3.75,2.5,2.5,0.0,0.0,1.25,3.75,1.25,1.25,0.0,2.5,5.0,0.0,1.25,0.0,3.75,0.0,1.25,2.5,0.0,5.0,3.75,2.5,0.0,3.75,0.0,2.5,0.0,0.0,1.25,2.5,0.0,5.0,3.75,3.75,3.125,3.75,0.0,0.0
143,10,0.0,0.0,1.25,0.0,0.0,0.0,1.25,0.0,0.0,0.0,1.25,0.0,2.5,1.25,0.0,2.5,1.25,0.0,2.5,3.75,0.0,1.25,0.0,3.125,4.375,0.0,1.25,3.75,0.0,5.0,3.75,1.25,1.25,0.0,0.0,1.25,2.5,1.25,1.25,0.0,2.5,3.75,0.0,1.25,0.0,2.5,0.0,1.25,2.5,0.0,3.75,3.75,1.25,0.0,3.125,0.0,2.5,0.0,0.0,1.25,1.875,0.0,5.0,3.75,2.5,2.5,3.75,0.0,0.0
143,11,0.0,0.0,1.25,0.0,0.0,0.0,1.25,0.0,0.0,0.0,1.25,0.0,2.5,1.25,0.0,1.875,1.25,0.0,1.25,2.5,0.0,1.25,0.0,2.5,3.75,0.0,1.25,3.75,0.0,4.375,3.75,1.25,1.25,0.0,0.0,1.25,2.5,1.25,1.25,0.0,2.5,3.75,0.0,1.25,0.0,2.5,0.0,1.25,1.875,0.0,3.75,3.125,1.25,0.0,2.5,0.0,1.875,0.0,0.0,1.25,1.25,0.0,4.375,3.75,2.5,2.5,3.125,0.0,0.0
144,9,0.0,0.0,1.25,0.0,0.625,0.0,1.25,0.0,0.0,0.0,1.25,0.0,3.75,1.25,0.0,2.5,2.5,0.0,2.5,3.75,0.0,2.5,0.0,3.75,5.0,0.0,1.25,5.0,0.0,5.0,3.75,2.5,2.5,0.0,0.0,1.25,3.75,1.25,2.5,0.0,3.125,5.0,0.0,1.25,0.0,3.125,0.0,1.25,2.5,0.0,5.0,4.375,2.5,0.0,3.75,0.0,2.5,0.0,0.0,1.25,2.5,0.0,5.0,3.75,3.75,3.75,3.75,0.0,0.0
144,10,0.0,0.0,0.625,0.0,0.0,0.0,1.25,0.0,0.0,0.0,1.25,0.0,3.125,1.25,0.0,2.5,1.25,0.0,1.25,3.75,0.0,1.25,0.0,3.125,4.375,0.0,1.25,3.75,0.0,5.0,3.75,2.5,1.25,0.0,0.0,1.25,3.125,1.25,1.25,0.0,2.5,3.75,0.0,1.25,0.0,2.5,0.0,1.25,2.5,0.0,3.75,3.75,2.5,0.0,2.5,0.0,2.5,0.0,0.0,1.25,2.5,0.0,5.0,3.75,3.75,3.75,3.75,0.0,0.0
144,11,0.0,0.0,0.625,0.0,0.0,0.0,1.25,0.0,0.0,0.0,1.25,0.0,2.5,1.25,0.0,2.5,1.25,0.0,1.25,2.5,0.0,1.25,0.0,2.5,3.75,0.0,1.25,3.75,0.0,4.375,3.75,2.5,1.25,0.0,0.0,1.25,3.125,1.25,1.25,0.0,2.5,3.75,0.0,1.25,0.0,2.5,0.0,0.625,1.25,0.0,3.75,3.75,1.875,0.0,2.5,0.0,1.875,0.0,0.0,1.25,1.25,0.0,4.375,3.75,3.75,3.75,3.125,0.0,0.0
145,9,0.0,0.0,1.25,0.0,0.0,0.0,1.25,0.0,0.0,0.0,1.875,0.0,3.75,1.25,0.0,2.5,2.5,0.0,2.5,3.75,0.0,2.5,0.0,3.75,5.0,0.0,1.25,5.0,0.0,5.0,3.75,3.75,2.5,0.0,0.0,1.875,4.375,1.875,2.5,0.0,3.75,5.0,0.0,1.25,0.0,2.5,0.0,1.25,1.875,0.0,5.0,5.0,2.5,0.0,3.125,0.0,2.5,0.0,0.0,1.875,2.5,0.0,5.0,4.375,3.75,3.75,3.75,0.0,0.0
145,10,0.0,0.0,0.0,0.0,0.0,0.0,1.25,0.0,0.0,0.0,1.25,0.0,3.125,1.25,0.0,2.5,1.25,0.0,2.5,3.75,0.0,1.25,0.0,3.125,4.375,0.0,1.25,3.75,0.0,5.0,3.75,2.5,1.25,0.0,0.0,1.25,3.75,1.25,1.25,0.0,2.5,3.75,0.0,1.25,0.0,2.5,0.0,0.625,1.875,0.0,3.75,3.75,2.5,0.0,2.5,0.0,2.5,0.0,0.0,1.25,2.5,0.0,5.0,4.375,3.75,3.75,3.75,0.0,0.0
145,11,0.0,0.0,0.0,0.0,0.0,0.0,1.25,0.0,0.0,0.0,1.25,0.0,2.5,1.25,0.0,2.5,1.25,0.0,1.25,2.5,0.0,1.25,0.0,2.5,3.75,0.0,1.25,3.75,0.0,4.375,3.75,2.5,1.25,0.0,0.0,1.25,3.125,1.25,1.25,0.0,2.5,3.75,0.0,1.25,0.0,2.5,0.0,0.0,1.25,0.0,3.75,3.75,2.5,0.0,2.5,0.0,1.875,0.0,0.0,1.25,1.875,0.0,4.375,4.375,3.75,3.75,3.75,0.0,0.0
146,9,0.0,0.0,0.0,0.0,0.0,0.0,1.25,0.0,0.0,0.0,1.875,0.0,3.75,1.25,0.0,3.125,2.5,0.0,2.5,3.75,0.0,2.5,0.0,3.75,5.0,0.0,1.25,5.0,0.0,5.0,3.75,3.75,1.25,0.0,0.0,2.5,4.375,2.5,2.5,0.0,3.75,5.0,0.0,1.25,0.0,2.5,0.0,0.0,1.25,0.0,5.0,5.0,3.75,0.0,2.5,0.0,2.5,0.0,0.0,1.875,3.125,0.0,5.0,5.0,3.75,3.75,3.75,0.0,0.0
146,10,0.0,0.0,0.0,0.0,0.0,0.0,1.25,0.0,0.0,0.0,1.25,0.0,3.75,1.25,0.0,2.5,1.25,0.0,2.5,3.75,0.0,1.875,0.625,3.125,4.375,0.0,1.25,5.0,0.0,4.375,3.75,2.5,1.25,0.0,0.0,1.25,3.75,1.875,1.25,0.0,3.125,3.75,0.0,1.25,0.0,1.875,0.0,0.0,1.25,0.0,4.375,4.375,2.5,0.0,2.5,0.0,2.5,0.0,0.0,1.25,2.5,0.0,5.0,5.0,3.75,3.75,2.5,0.0,0.0
146,11,0.0,0.0,0.0,0.0,0.0,0.0,1.25,0.0,0.0,0.0,1.25,0.0,3.125,1.25,0.0,2.5,1.25,0.0,1.25,2.5,0.0,2.5,0.625,2.5,3.75,0.0,1.25,3.75,0.0,3.75,3.75,2.5,1.25,0.0,0.0,1.25,3.75,1.25,1.25,0.0,2.5,3.75,0.0,1.25,0.0,1.25,0.0,0.0,1.25,0.0,3.75,3.75,2.5,0.0,2.5,0.0,1.25,0.0,0.0,1.25,2.5,0.0,4.375,4.375,3.75,3.75,2.5,0.0,0.0
147,9,0.0,0.0,0.0,0.0,0.0,0.0,1.25,0.0,0.0,0.0,2.5,0.0,4.375,1.25,0.0,3.125,2.5,0.0,2.5,3.75,0.0,2.5,1.25,3.75,5.0,0.0,1.25,5.0,0.0,5.0,3.75,3.75,1.25,0.0,0.0,2.5,4.375,2.5,2.5,0.0,3.75,4.375,0.0,2.5,0.625,2.5,0.0,0.0,1.25,0.0,5.0,5.0,3.75,0.0,2.5,0.625,2.5,0.0,0.0,2.5,3.75,0.0,5.0,5.0,3.75,3.75,2.5,0.0,0.0
147,10,0.0,0.0,0.0,0.0,0.0,0.0,1.25,0.0,0.0,0.0,1.25,0.0,3.75,1.25,0.0,2.5,1.25,0.0,2.5,3.75,0.0,2.5,1.25,3.125,3.75,0.0,1.25,4.375,0.0,4.375,3.75,3.75,1.25,0.0,0.0,1.875,3.75,2.5,1.25,0.0,3.75,3.75,0.0,1.875,0.0,1.875,0.0,0.0,1.25,0.0,3.75,4.375,3.75,0.0,2.5,0.0,2.5,0.0,0.0,1.25,2.5,0.0,4.375,5.0,3.75,3.75,2.5,0.0,0.0
147,11,0.0,0.0,0.0,0.0,0.0,0.0,1.25,0.0,0.0,0.0,1.25,0.0,3.75,1.25,0.0,2.5,1.25,0.0,1.25,2.5,0.0,2.5,1.25,2.5,3.75,0.0,1.25,3.75,0.0,3.75,3.75,2.5,1.25,0.0,0.0,1.875,3.75,2.5,1.25,0.0,3.75,3.75,0.0,1.25,0.0,1.25,0.0,0.0,1.25,0.0,3.75,3.75,2.5,0.0,2.5,0.625,1.25,0.0,0.0,1.25,2.5,0.0,4.375,4.375,3.75,3.75,2.5,0.0,0.0
148,9,0.0,0.0,0.0,0.0,0.0,0.0,1.25,0.0,0.0,0.0,2.5,0.0,5.0,2.5,0.0,3.75,1.25,0.0,2.5,3.75,0.0,3.125,1.25,3.75,4.375,0.0,1.25,5.0,0.0,5.0,3.75,3.75,1.25,0.0,0.0,2.5,3.75,2.5,2.5,0.0,5.0,3.75,0.0,2.5,1.25,2.5,0.0,0.0,1.25,0.0,5.0,5.0,3.75,0.0,2.5,1.25,2.5,0.0,0.0,2.5,3.75,0.0,5.0,5.0,3.75,3.75,2.5,0.0,0.0
148,10,0.0,0.0,0.0,0.0,0.0,0.0,0.625,0.0,0.0,0.0,1.25,0.0,3.75,1.25,0.0,2.5,1.25,0.0,2.5,3.75,0.0,2.5,1.25,3.125,3.75,0.0,1.25,4.375,0.0,3.75,3.125,3.75,1.25,0.0,0.0,2.5,3.75,2.5,1.25,0.0,3.75,3.75,0.0,2.5,1.25,1.875,0.0,0.0,1.25,0.0,3.75,5.0,3.75,0.0,2.5,1.25,2.5,0.0,0.0,1.875,3.75,0.0,4.375,4.375,3.75,3.125,2.5,0.0,0.0
148,11,0.0,0.0,0.0,0.0,0.0,0.0,1.25,0.0,0.0,0.0,1.25,0.0,3.75,1.25,0.0,2.5,1.25,0.0,1.25,2.5,0.0,2.5,1.25,2.5,3.75,0.0,1.25,3.75,0.0,3.75,2.5,2.5,1.25,0.0,0.0,2.5,3.75,2.5,1.25,0.0,3.75,3.125,0.0,2.5,0.625,1.25,0.0,0.0,1.25,0.0,3.75,3.75,3.75,0.0,1.875,1.25,1.25,0.0,0.0,1.25,3.125,0.0,3.75,4.375,3.75,3.75,2.5,0.0,0.0
149,9,0.0,0.0,0.0,0.0,0.0,0.0,1.25,0.0,0.0,0.0,2.5,0.0,5.0,2.5,0.0,3.75,1.25,0.0,2.5,3.75,0.0,3.125,1.25,3.75,4.375,0.0,1.25,5.0,0.0,4.375,3.75,3.75,1.25,0.0,0.0,2.5,3.75,2.5,2.5,0.0,5.0,3.75,0.0,3.75,1.25,2.5,0.0,0.0,1.25,0.0,5.0,5.0,4.375,1.25,2.5,1.25,2.5,0.0,0.0,2.5,4.375,0.0,5.0,4.375,3.75,2.5,2.5,0.0,0.0
149,10,0.0,0.0,0.0,0.0,0.0,0.0,0.0,0.0,0.0,0.0,1.25,0.0,3.75,1.25,0.0,2.5,1.25,0.0,2.5,3.75,0.0,2.5,1.25,3.125,3.75,0.0,1.25,4.375,0.0,3.75,2.5,3.75,0.0,0.0,0.0,2.5,3.75,2.5,1.25,0.0,3.75,3.75,0.0,2.5,1.25,1.25,0.0,0.0,1.25,0.0,3.75,5.0,3.75,0.0,2.5,1.25,2.5,0.0,0.0,2.5,3.75,0.0,3.75,4.375,3.75,2.5,2.5,0.0,0.0
149,11,0.0,0.0,0.0,0.0,0.0,0.0,0.625,0.0,0.0,0.0,1.25,0.0,3.75,1.25,0.0,2.5,1.25,0.0,2.5,2.5,0.0,2.5,1.25,2.5,3.75,0.0,1.25,3.75,0.0,3.125,2.5,3.125,0.0,0.0,0.0,2.5,3.125,2.5,1.25,0.0,3.75,3.125,0.0,2.5,1.25,1.25,0.0,0.0,1.25,0.0,3.75,4.375,3.75,0.0,1.875,1.25,1.25,0.0,0.0,1.25,3.75,0.0,3.75,3.75,3.75,2.5,2.5,0.0,0.0
150,9,0.0,0.0,0.0,0.0,0.625,0.0,0.625,0.0,0.0,1.25,2.5,0.0,5.0,2.5,0.0,3.75,1.25,0.0,2.5,3.75,0.0,3.75,1.25,3.75,4.375,0.0,1.25,5.0,0.0,3.75,2.5,3.75,0.0,0.0,0.0,3.125,3.75,3.75,1.25,0.0,5.0,3.75,0.0,3.75,1.25,2.5,0.0,0.0,1.25,0.0,5.0,5.0,5.0,1.25,2.5,1.25,2.5,0.0,0.0,2.5,5.0,0.0,4.375,3.75,3.75,2.5,1.25,0.0,0.0
150,10,0.0,0.0,0.0,0.0,0.0,0.0,0.0,0.0,0.0,0.0,1.25,0.0,3.75,1.875,0.0,3.125,1.25,0.0,2.5,3.75,0.0,2.5,1.25,3.75,3.75,0.0,1.25,4.375,0.0,3.125,2.5,3.75,0.0,0.0,0.0,2.5,3.75,2.5,1.25,0.0,3.75,3.75,0.0,2.5,1.25,1.25,0.0,0.0,1.25,0.0,3.75,5.0,3.75,1.25,2.5,1.25,2.5,0.0,0.0,2.5,3.75,0.0,3.75,3.75,2.5,2.5,1.25,0.0,0.0
150,11,0.0,0.0,0.0,0.0,0.0,0.0,0.0,0.0,0.0,0.0,1.25,0.0,3.75,1.25,0.0,2.5,1.25,0.0,2.5,2.5,0.0,2.5,1.25,3.125,3.75,0.0,1.25,3.75,0.0,2.5,2.5,3.75,0.0,0.0,0.0,2.5,2.5,2.5,1.25,0.0,3.75,2.5,0.0,2.5,1.25,1.25,0.0,0.0,1.25,0.0,3.75,3.75,3.75,1.25,1.25,1.25,1.25,0.0,0.0,2.5,3.75,0.0,3.125,3.75,2.5,2.5,1.25,0.0,0.0
151,9,0.0,0.0,0.0,0.0,1.25,0.0,0.0,0.0,0.0,1.25,2.5,0.0,5.0,2.5,0.0,3.75,1.25,0.0,2.5,3.75,0.0,3.75,1.25,3.75,3.75,0.0,1.25,5.0,0.0,3.75,2.5,3.75,0.0,0.0,0.0,3.75,3.75,3.75,1.25,0.0,5.0,3.75,0.0,3.75,1.25,2.5,0.0,0.0,1.25,0.0,4.375,5.0,5.0,1.25,2.5,1.25,2.5,0.0,0.0,3.75,5.0,0.0,3.75,3.75,2.5,2.5,1.25,0.0,0.0
151,10,0.0,0.0,0.0,0.0,0.625,0.0,0.0,0.0,0.0,0.625,1.875,0.0,3.75,2.5,0.0,3.125,0.625,0.0,2.5,3.75,0.0,2.5,1.25,3.75,3.75,0.0,1.25,3.75,0.0,2.5,2.5,3.75,0.0,0.0,0.0,2.5,2.5,2.5,1.25,0.0,4.375,3.125,0.0,3.75,1.25,1.875,0.0,0.0,1.25,0.0,3.75,5.0,4.375,1.25,2.5,1.25,2.5,0.0,0.0,2.5,5.0,0.0,3.125,3.75,2.5,1.25,1.25,0.0,0.0
151,11,0.0,0.0,0.0,0.0,0.625,0.0,0.0,0.0,0.0,0.625,1.25,0.0,3.75,1.875,0.0,2.5,0.625,0.0,2.5,2.5,0.0,2.5,1.25,3.125,3.125,0.0,1.25,3.75,0.0,2.5,2.5,3.125,0.0,0.0,0.0,2.5,2.5,2.5,1.25,0.0,3.75,2.5,0.0,3.125,1.25,1.25,0.0,0.0,1.25,0.0,3.75,3.75,3.75,1.25,1.25,1.25,1.25,0.0,0.0,2.5,3.75,0.0,2.5,3.125,2.5,2.5,1.25,0.0,0.0
152,9,0.0,0.0,0.0,0.0,1.25,0.0,0.0,0.0,0.0,1.25,2.5,0.0,5.0,2.5,0.0,3.75,1.25,0.0,3.125,3.75,0.0,3.75,1.25,3.75,3.75,0.0,1.25,4.375,0.0,2.5,2.5,3.75,0.0,0.0,0.0,3.75,3.75,3.75,1.25,0.0,5.0,3.125,0.0,5.0,1.25,2.5,0.0,0.0,1.25,0.0,3.75,5.0,5.0,1.25,2.5,1.25,2.5,0.0,0.0,3.75,5.0,0.0,3.125,3.125,2.5,1.25,1.25,0.0,0.0
152,10,0.0,0.0,0.0,0.0,0.625,0.0,0.0,0.0,0.0,0.625,1.875,0.0,3.75,2.5,0.0,3.75,0.625,0.0,2.5,3.75,0.0,2.5,1.25,3.75,3.75,0.0,1.25,3.75,0.0,2.5,2.5,3.75,0.0,0.0,0.0,3.75,2.5,3.125,1.25,0.0,4.375,2.5,0.0,3.75,1.25,2.5,0.0,0.0,1.25,0.0,3.75,5.0,5.0,1.25,2.5,1.25,2.5,0.0,0.0,3.75,5.0,0.0,2.5,2.5,2.5,1.25,1.25,0.0,0.0
152,11,0.0,0.0,0.0,0.0,0.625,0.0,0.0,0.0,0.0,0.625,1.25,0.0,3.75,2.5,0.0,3.125,0.625,0.0,2.5,2.5,0.0,2.5,1.25,3.125,3.125,0.0,1.25,3.75,0.0,2.5,2.5,2.5,0.0,0.0,0.0,3.125,2.5,2.5,0.625,0.0,3.75,2.5,0.0,3.75,1.25,1.875,0.0,0.0,1.25,0.0,3.125,3.75,3.75,1.25,1.25,1.25,1.875,0.0,0.0,2.5,4.375,0.0,1.875,2.5,1.25,1.25,1.25,0.0,0.0
153,9,0.0,0.0,0.0,0.0,1.25,0.0,0.0,0.0,0.0,1.25,2.5,0.0,5.0,2.5,0.0,3.75,1.25,0.0,3.75,3.75,0.0,3.75,1.25,4.375,3.75,0.0,2.5,3.75,0.0,2.5,2.5,3.75,0.0,0.0,0.0,3.75,2.5,3.75,1.25,0.0,5.0,2.5,0.0,5.0,1.25,2.5,0.0,0.0,1.25,0.0,3.75,5.0,5.0,2.5,2.5,1.25,2.5,0.0,0.0,3.75,5.0,0.0,2.5,2.5,1.25,1.25,0.0,0.0,0.0
153,10,0.0,0.0,0.0,0.0,1.25,0.0,0.0,0.0,0.0,1.25,2.5,0.0,3.75,2.5,0.0,3.75,0.0,0.0,2.5,3.75,0.0,2.5,1.25,3.75,3.75,0.0,1.875,3.75,0.0,2.5,2.5,3.125,0.0,0.0,0.0,3.75,2.5,2.5,0.0,0.0,5.0,2.5,0.0,4.375,1.25,2.5,0.0,0.0,1.25,0.0,3.75,5.0,5.0,1.25,2.5,1.25,2.5,0.0,0.0,3.75,5.0,0.0,1.875,2.5,1.25,1.25,0.0,0.0,0.0
153,11,0.0,0.0,0.0,0.0,1.25,0.0,0.0,0.0,0.0,1.25,1.25,0.0,3.75,2.5,0.0,3.75,0.0,0.0,2.5,2.5,0.0,2.5,1.25,3.75,3.125,0.0,1.25,3.75,0.0,1.25,1.25,2.5,0.0,0.0,0.0,3.125,2.5,2.5,0.0,0.0,3.75,1.875,0.0,3.75,1.25,2.5,0.0,0.0,1.25,0.0,2.5,3.75,3.75,1.25,1.25,1.25,1.875,0.0,0.0,3.125,5.0,0.0,1.25,2.5,1.25,1.25,0.0,0.0,0.0
154,9,0.0,0.0,0.0,0.0,1.25,0.0,0.0,0.0,0.0,1.25,2.5,0.0,5.0,2.5,0.0,4.375,0.625,0.0,3.75,3.75,0.0,3.75,1.25,4.375,4.375,0.0,2.5,3.75,0.0,1.875,1.25,3.75,0.0,0.0,0.0,3.75,2.5,3.75,0.0,0.0,5.0,2.5,0.0,5.0,1.25,3.75,0.0,0.0,1.25,0.0,3.75,5.0,5.0,2.5,2.5,1.25,2.5,0.0,0.0,5.0,5.0,0.0,1.875,2.5,1.25,1.25,0.0,0.0,0.0
154,10,0.0,0.0,0.0,0.0,1.25,0.0,0.0,0.0,0.0,1.25,2.5,0.0,3.75,2.5,0.0,3.75,0.0,0.0,3.125,3.75,0.0,2.5,1.25,3.75,3.75,0.0,2.5,3.75,0.0,1.25,1.25,2.5,0.0,0.0,0.0,3.75,2.5,2.5,0.0,0.0,4.375,2.5,0.0,5.0,1.25,2.5,0.0,0.0,1.25,0.0,3.75,3.75,5.0,2.5,2.5,1.25,2.5,0.0,0.0,3.75,5.0,0.0,1.25,1.25,1.25,0.0,0.0,0.0,0.0
154,11,0.0,0.0,0.0,0.0,1.25,0.0,0.0,0.0,0.0,1.25,1.875,0.0,3.75,2.5,0.0,3.75,0.0,0.0,2.5,2.5,0.0,2.5,1.25,3.75,3.75,0.0,1.25,3.125,0.0,1.25,1.25,2.5,0.0,0.0,0.0,3.75,2.5,2.5,0.0,0.0,3.75,1.25,0.0,3.75,1.25,2.5,0.0,0.0,1.25,0.0,2.5,3.75,3.75,1.25,1.25,1.25,2.5,0.0,0.0,3.75,5.0,0.0,1.25,1.25,1.25,0.0,0.0,0.0,0.0
155,9,0.0,0.0,0.0,0.0,1.25,0.0,0.0,0.0,0.0,1.25,2.5,0.0,4.375,2.5,0.0,4.375,0.0,0.0,3.75,3.75,0.0,3.75,1.25,4.375,4.375,0.0,2.5,3.75,0.0,1.25,1.25,3.75,0.0,0.0,0.0,4.375,2.5,2.5,0.0,0.0,5.0,2.5,0.0,5.0,2.5,3.75,0.0,0.0,1.25,0.0,3.75,5.0,5.0,2.5,2.5,1.25,3.75,0.0,0.0,5.0,5.0,0.0,1.25,1.25,0.0,0.0,0.0,0.0,0.0
155,10,0.0,0.0,0.0,0.0,1.25,0.0,0.0,0.0,0.0,1.25,2.5,0.0,3.75,2.5,0.0,3.75,0.0,0.0,3.75,3.75,0.0,2.5,1.25,3.75,3.75,0.0,2.5,3.125,0.0,1.25,1.25,2.5,0.0,0.0,0.0,3.75,2.5,2.5,0.0,0.0,4.375,2.5,0.0,5.0,1.25,3.75,0.0,0.0,1.25,0.0,2.5,3.75,5.0,2.5,2.5,1.25,3.125,0.0,0.0,4.375,5.0,0.0,1.25,1.25,0.0,0.0,0.0,0.0,0.0
155,11,0.0,0.0,0.0,0.0,1.25,0.0,0.0,0.0,0.0,1.25,2.5,0.0,3.75,2.5,0.0,3.75,0.0,0.0,3.125,2.5,0.0,2.5,1.25,3.75,3.75,0.0,1.875,2.5,0.0,1.25,1.25,2.5,0.0,0.0,0.0,3.75,1.875,2.5,0.0,0.0,3.75,1.25,0.0,3.75,1.25,2.5,0.0,0.0,1.25,0.0,2.5,3.75,3.75,1.875,1.875,1.25,2.5,0.0,0.0,3.75,5.0,0.0,0.625,1.25,0.0,0.0,0.0,0.0,0.0
156,9,0.0,0.0,0.0,0.0,1.25,0.0,0.0,0.0,0.0,1.875,3.125,0.0,3.75,3.125,0.0,4.375,0.0,0.0,3.75,3.75,0.0,3.125,1.25,4.375,4.375,0.0,2.5,3.75,0.0,1.25,1.25,3.125,0.0,0.0,0.0,4.375,2.5,2.5,0.0,0.0,5.0,2.5,0.0,5.0,2.5,3.75,0.0,0.0,1.25,0.0,2.5,3.75,5.0,2.5,2.5,1.25,3.75,0.0,0.0,5.0,5.0,0.0,1.25,1.25,0.0,0.0,0.0,0.0,0.0
156,10,0.0,0.0,0.0,0.0,1.25,0.0,0.0,0.0,0.0,1.25,2.5,0.0,3.75,2.5,0.0,3.75,0.0,0.0,3.75,3.75,0.0,2.5,1.25,3.75,3.75,0.0,2.5,3.125,0.0,1.25,1.25,2.5,0.0,0.0,0.0,3.75,2.5,2.5,0.0,0.0,3.75,1.875,0.0,5.0,1.25,3.75,0.0,0.0,1.25,0.0,2.5,3.75,5.0,2.5,2.5,1.25,3.75,0.0,0.0,5.0,5.0,0.0,0.0,1.25,0.0,0.0,0.0,0.0,0.0
156,11,0.0,0.0,0.0,0.0,1.25,0.0,0.0,0.0,0.0,1.25,2.5,0.0,3.125,2.5,0.0,3.75,0.0,0.0,3.75,3.125,0.0,2.5,1.25,3.75,3.75,0.0,2.5,2.5,0.0,1.25,1.25,2.5,0.0,0.0,0.0,3.75,1.25,2.5,0.0,0.0,3.75,1.25,0.0,5.0,1.25,3.125,0.0,0.0,1.25,0.0,2.5,3.125,3.75,2.5,2.5,1.25,2.5,0.0,0.0,3.75,5.0,0.0,0.0,1.25,0.0,0.0,0.0,0.0,0.0
157,9,0.0,0.0,0.0,0.0,1.875,0.0,0.0,0.0,0.625,1.875,3.75,0.0,3.75,3.75,0.0,5.0,0.625,0.0,3.75,3.75,0.0,2.5,0.625,4.375,5.0,0.0,2.5,3.75,0.0,1.25,1.25,2.5,0.0,0.0,0.0,5.0,1.875,2.5,0.0,0.0,4.375,2.5,0.0,5.0,2.5,4.375,0.0,0.0,2.5,0.0,2.5,3.75,5.0,3.75,2.5,0.0,3.75,0.0,0.0,5.0,5.0,0.0,0.0,1.25,0.0,0.0,0.0,0.0,0.0
157,10,0.0,0.0,0.0,0.0,1.25,0.0,0.0,0.0,0.0,1.25,2.5,0.0,3.75,2.5,0.0,3.75,0.0,0.0,3.75,3.75,0.0,2.5,0.625,3.75,3.75,0.0,2.5,3.125,0.0,1.25,1.25,2.5,0.0,0.0,0.0,3.75,1.25,2.5,0.0,0.0,3.75,1.25,0.0,5.0,2.5,3.75,0.0,0.0,1.875,0.0,2.5,3.75,4.375,2.5,2.5,0.0,3.75,0.0,0.0,5.0,5.0,0.0,0.0,0.0,0.0,0.0,0.0,0.0,0.0
157,11,0.0,0.0,0.0,0.0,1.25,0.0,0.0,0.0,0.0,1.25,2.5,0.0,2.5,2.5,0.0,3.75,0.0,0.0,3.75,3.125,0.0,2.5,0.625,3.75,3.75,0.0,2.5,2.5,0.0,1.25,1.25,2.5,0.0,0.0,0.0,3.75,1.25,2.5,0.0,0.0,3.75,1.25,0.0,5.0,1.25,3.75,0.0,0.0,1.25,0.0,1.875,2.5,3.75,2.5,2.5,0.625,2.5,0.0,0.0,3.75,5.0,0.0,0.0,0.0,0.0,0.0,0.0,0.0,0.0
158,9,0.0,0.0,0.0,0.0,2.5,0.0,0.0,0.0,1.25,1.875,3.75,0.0,3.75,2.5,0.0,5.0,0.625,0.0,3.75,3.75,0.0,2.5,0.0,4.375,5.0,0.0,2.5,3.75,0.0,1.25,1.25,2.5,0.0,0.0,0.0,5.0,1.875,2.5,0.0,0.0,3.75,2.5,0.0,5.0,2.5,4.375,0.0,0.0,2.5,0.0,2.5,3.75,5.0,3.75,3.75,0.0,3.75,0.0,0.0,5.0,5.0,0.0,0.0,0.0,0.0,0.0,0.0,0.0,0.0
158,10,0.0,0.0,0.0,0.0,1.25,0.0,0.0,0.0,0.625,1.25,2.5,0.0,3.75,2.5,0.0,3.75,0.0,0.0,3.75,3.75,0.0,2.5,0.0,3.75,3.75,0.0,2.5,3.125,0.0,1.25,1.25,2.5,0.0,0.0,0.0,3.75,1.25,1.875,0.0,0.0,3.75,1.25,0.0,5.0,2.5,3.75,0.0,0.0,2.5,0.0,2.5,3.75,3.75,2.5,2.5,0.0,3.75,0.0,0.0,5.0,5.0,0.0,0.0,0.0,0.0,0.0,0.0,0.0,0.0
158,11,0.0,0.0,0.0,0.0,1.25,0.0,0.0,0.0,0.625,1.25,2.5,0.0,2.5,2.5,0.0,3.75,0.625,0.0,3.75,3.75,0.0,1.875,0.0,3.75,3.75,0.0,2.5,2.5,0.0,1.25,1.25,1.875,0.0,0.0,0.0,3.75,1.25,1.875,0.0,0.0,3.125,1.25,0.0,3.75,2.5,3.75,0.0,0.0,1.25,0.0,1.25,2.5,3.75,2.5,2.5,0.0,3.125,0.0,0.0,3.75,5.0,0.0,0.0,0.0,0.0,0.0,0.0,0.0,0.0
159,9,0.0,0.0,0.0,0.0,1.875,0.0,0.0,0.0,1.25,1.875,3.75,0.0,3.75,3.125,0.0,4.375,1.25,0.0,3.75,3.75,0.0,2.5,0.0,3.75,5.0,0.0,3.125,3.75,0.0,1.25,1.25,2.5,0.0,0.0,0.0,5.0,1.875,2.5,0.0,0.0,3.75,2.5,0.0,5.0,3.75,5.0,0.0,0.625,2.5,0.0,2.5,3.75,5.0,3.75,3.75,0.0,4.375,0.0,0.0,5.0,5.0,0.0,0.0,0.0,0.0,0.0,0.0,0.0,0.0
159,10,0.0,0.0,0.0,0.0,1.25,0.0,0.0,0.0,1.25,1.25,3.125,0.0,3.75,2.5,0.0,3.75,0.625,0.0,3.75,3.75,0.0,2.5,0.0,3.75,3.75,0.0,2.5,3.125,0.0,1.25,1.25,1.25,0.0,0.0,0.0,3.75,1.875,1.875,0.0,0.0,3.75,1.875,0.0,5.0,2.5,3.75,0.0,0.0,2.5,0.0,2.5,2.5,3.75,3.125,3.75,0.0,3.75,0.0,0.0,5.0,5.0,0.0,0.0,0.0,0.0,0.0,0.0,0.0,0.0
159,11,0.0,0.0,0.0,0.0,1.25,0.0,0.0,0.0,1.25,1.25,2.5,0.0,2.5,2.5,0.0,3.75,1.25,0.0,3.125,3.75,0.0,1.25,0.0,3.125,3.75,0.0,2.5,2.5,0.0,1.25,1.25,1.25,0.0,0.0,0.0,3.75,1.25,1.25,0.0,0.0,2.5,1.25,0.0,3.75,2.5,3.75,0.0,0.0,2.5,0.0,1.25,2.5,3.75,2.5,2.5,0.0,3.75,0.0,0.0,4.375,5.0,0.0,0.0,0.0,0.0,0.0,0.0,0.0,0.0
160,9,0.0,0.0,0.0,0.0,1.25,0.0,1.25,0.0,1.25,1.25,3.75,0.0,3.75,3.75,0.0,4.375,1.25,0.0,3.75,5.0,0.0,2.5,0.0,3.75,5.0,0.0,3.75,3.75,0.0,1.875,1.25,2.5,0.0,0.0,0.0,5.0,1.25,2.5,0.0,0.0,3.75,2.5,0.0,5.0,3.75,5.0,0.0,1.25,2.5,0.0,2.5,2.5,3.75,3.75,3.75,0.0,5.0,0.0,0.0,5.0,5.0,0.0,0.0,0.0,0.0,0.0,0.0,0.0,0.0
160,10,0.0,0.0,0.0,0.0,1.25,0.0,0.0,0.0,1.25,1.25,3.75,0.0,3.75,2.5,0.0,3.75,1.25,0.0,3.75,3.75,0.0,1.875,0.0,3.75,3.75,0.0,2.5,3.75,0.0,1.875,1.25,1.25,0.0,0.0,0.0,3.75,1.25,1.875,0.0,0.0,2.5,2.5,0.0,4.375,2.5,4.375,0.0,1.25,2.5,0.0,2.5,2.5,3.75,3.75,3.75,0.0,3.75,0.0,0.0,5.0,5.0,0.0,0.0,0.0,0.0,0.0,0.0,0.0,0.0
160,11,0.0,0.0,0.0,0.0,1.25,0.0,0.0,0.0,1.25,1.25,3.125,0.0,2.5,2.5,0.0,3.75,1.25,0.0,3.125,3.75,0.0,1.25,0.0,3.125,3.75,0.0,2.5,2.5,0.0,1.25,1.25,1.25,0.0,0.0,0.0,3.75,1.25,1.875,0.0,0.0,2.5,1.25,0.0,3.75,2.5,3.75,0.0,1.25,2.5,0.0,1.25,2.5,3.75,3.125,2.5,0.0,3.75,0.0,0.0,4.375,5.0,0.0,0.0,0.0,0.0,0.0,0.0,0.0,0.0
161,9,0.0,0.0,0.625,0.0,1.25,0.0,1.25,0.0,1.25,1.25,4.375,0.0,3.75,3.75,0.0,4.375,1.25,0.0,3.75,5.0,0.0,2.5,0.0,3.75,5.0,0.0,3.75,3.75,0.0,2.5,1.25,1.875,1.25,0.0,0.0,5.0,1.875,2.5,0.0,0.0,2.5,2.5,0.0,5.0,3.75,5.0,0.0,1.25,3.125,0.0,2.5,2.5,3.75,5.0,3.75,0.0,5.0,0.0,0.0,5.0,5.0,0.0,0.0,0.0,0.0,0.0,0.0,0.0,0.0
161,10,0.0,0.0,0.0,0.0,1.25,0.0,1.25,0.0,1.25,1.25,3.75,0.0,3.75,2.5,0.0,3.75,1.25,0.0,3.75,4.375,0.0,1.25,0.0,3.75,4.375,0.0,3.75,3.75,0.0,2.5,1.25,1.25,0.0,0.0,0.0,3.75,1.875,1.25,0.0,0.0,2.5,2.5,0.0,3.75,2.5,3.75,0.0,1.25,2.5,0.0,1.875,2.5,3.75,3.75,3.75,0.0,4.375,0.0,0.0,5.0,4.375,0.0,0.0,0.0,0.0,0.0,0.0,0.0,0.0
161,11,0.0,0.0,0.0,0.0,1.25,0.0,1.25,0.0,1.25,1.25,3.75,0.0,2.5,2.5,0.0,3.75,1.25,0.0,2.5,3.75,0.0,1.25,0.0,3.125,3.75,0.0,2.5,2.5,0.0,1.25,1.25,1.25,0.0,0.0,0.0,3.75,1.25,1.25,0.0,0.0,1.875,1.875,0.0,3.75,2.5,3.75,0.0,1.25,2.5,0.0,1.25,2.5,3.125,3.75,2.5,0.0,3.75,0.0,0.0,4.375,4.375,0.0,0.0,0.0,0.0,0.0,0.0,0.0,0.0
162,9,0.0,0.0,1.25,0.0,1.25,0.0,1.25,0.0,1.25,1.25,4.375,0.0,3.75,2.5,0.0,3.75,1.25,0.0,3.75,5.0,0.0,2.5,0.0,3.75,5.0,0.0,3.75,3.75,0.0,2.5,1.25,1.25,1.25,0.0,0.0,5.0,2.5,2.5,0.0,0.0,2.5,2.5,0.0,4.375,3.75,5.0,0.0,1.25,3.75,0.0,2.5,2.5,3.75,5.0,3.75,0.0,5.0,0.0,0.0,5.0,5.0,0.0,0.0,0.0,0.0,0.0,0.0,0.0,0.0
162,10,0.0,0.0,0.625,0.0,1.25,0.0,1.25,0.0,1.25,1.25,3.75,0.0,3.75,2.5,0.0,3.75,1.25,0.0,3.75,4.375,0.0,1.25,0.0,3.75,4.375,0.0,3.75,3.75,0.0,2.5,1.25,1.25,1.25,0.0,0.0,3.75,2.5,1.25,0.0,0.0,2.5,2.5,0.0,3.75,2.5,3.75,0.0,1.25,2.5,0.0,2.5,2.5,3.75,3.75,3.75,0.0,4.375,0.0,0.0,5.0,3.75,0.0,0.0,0.0,0.0,0.0,0.0,0.0,0.0
162,11,0.0,0.0,0.0,0.0,1.25,0.0,1.25,0.0,1.25,1.25,3.75,0.0,2.5,2.5,0.0,3.75,1.25,0.0,2.5,3.75,0.0,1.25,0.0,2.5,3.75,0.0,2.5,2.5,0.0,1.875,1.25,1.25,0.625,0.0,0.0,3.75,1.25,1.25,0.0,0.0,1.25,2.5,0.0,3.75,2.5,3.75,0.0,1.25,2.5,0.0,1.25,1.25,2.5,3.75,2.5,0.0,3.75,0.0,0.0,3.75,3.75,0.0,0.0,0.0,0.0,0.0,0.0,0.0,0.0
163,9,0.0,0.0,1.25,0.0,1.25,0.0,1.875,0.0,2.5,1.25,5.0,0.0,3.75,2.5,0.0,3.75,1.25,0.0,3.75,5.0,0.0,2.5,0.0,3.75,5.0,0.0,3.75,3.75,0.0,2.5,1.25,1.25,1.25,0.0,0.0,5.0,2.5,2.5,0.0,0.0,2.5,3.75,0.0,3.75,3.75,5.0,0.0,1.25,3.75,0.0,2.5,2.5,3.75,5.0,3.75,1.25,5.0,0.0,0.0,5.0,5.0,0.0,0.0,0.0,0.0,0.0,0.0,0.0,0.0
163,10,0.0,0.0,1.25,0.0,1.25,0.0,1.25,0.0,1.25,1.25,3.75,0.0,3.75,2.5,0.0,3.75,1.25,0.0,3.125,4.375,0.0,1.25,0.0,3.75,3.75,0.0,3.75,3.75,0.0,2.5,1.25,1.25,1.25,0.0,0.0,3.75,2.5,1.25,0.0,0.0,1.25,2.5,0.0,2.5,2.5,3.75,0.0,1.25,3.125,0.0,2.5,1.875,2.5,3.75,3.75,0.0,4.375,0.0,0.0,5.0,3.75,0.0,0.0,0.0,0.0,0.0,0.0,0.0,0.0
163,11,0.0,0.0,1.25,0.0,1.25,0.0,1.25,0.0,1.25,1.25,3.75,0.0,2.5,2.5,0.0,3.125,1.25,0.0,2.5,3.75,0.0,1.25,0.0,2.5,3.75,0.0,2.5,2.5,0.0,2.5,1.25,1.25,1.25,0.0,0.0,3.75,1.875,1.25,0.0,0.0,1.25,2.5,0.0,2.5,2.5,3.75,0.0,1.25,2.5,0.0,1.25,1.25,2.5,3.75,3.125,0.0,3.75,0.0,0.0,3.75,3.75,0.0,0.0,0.0,0.0,0.0,0.0,0.0,0.0
164,9,0.0,0.0,1.25,0.0,1.25,0.0,2.5,0.0,2.5,1.25,5.0,0.0,3.75,2.5,0.0,3.75,1.25,0.0,3.75,5.0,0.0,1.25,0.0,3.75,5.0,0.0,3.75,3.75,0.0,2.5,1.875,1.25,1.25,0.0,0.0,5.0,2.5,1.875,0.0,0.0,1.25,3.75,0.0,3.75,3.75,4.375,0.0,1.25,3.75,0.0,2.5,1.875,3.125,5.0,4.375,1.25,5.0,0.0,0.0,5.0,3.75,0.0,0.0,0.0,0.0,0.0,0.0,0.0,0.0
164,10,0.0,0.0,1.25,0.0,1.25,0.0,1.875,0.0,1.25,1.25,3.75,0.0,3.75,2.5,0.0,3.75,1.25,0.0,2.5,4.375,0.0,1.25,0.0,3.125,3.75,0.0,3.75,3.75,0.0,2.5,1.25,1.25,1.25,0.0,0.0,3.75,2.5,1.25,0.0,0.0,1.25,3.125,0.0,2.5,3.125,3.75,0.0,1.875,3.75,0.0,2.5,1.25,2.5,5.0,3.75,1.25,4.375,0.0,0.0,5.0,3.75,0.0,0.0,0.0,0.0,0.0,0.0,0.0,0.0
164,11,0.0,0.0,1.25,0.0,1.25,0.0,1.25,0.0,1.25,1.25,3.75,0.0,2.5,2.5,0.0,3.125,1.25,0.0,2.5,3.75,0.0,1.25,0.0,2.5,3.75,0.0,2.5,3.125,0.0,2.5,1.25,1.25,1.25,0.0,0.0,3.75,2.5,1.25,0.0,0.0,1.25,2.5,0.0,2.5,2.5,3.75,0.0,1.25,3.125,0.0,1.875,1.25,2.5,3.75,3.75,0.625,3.75,0.0,0.0,3.75,3.125,0.0,0.0,0.0,0.0,0.0,0.0,0.0,0.0
165,9,0.0,0.0,1.25,0.0,1.25,0.0,2.5,0.0,2.5,1.25,5.0,0.0,3.75,2.5,0.0,3.75,1.25,0.0,3.75,5.0,0.0,1.25,0.625,3.75,5.0,0.0,3.75,4.375,0.0,3.75,2.5,1.25,2.5,0.0,0.0,5.0,2.5,1.875,1.25,0.0,1.25,3.75,0.0,2.5,3.75,3.75,0.0,1.875,3.75,0.0,2.5,1.875,2.5,5.0,5.0,1.25,5.0,0.0,0.0,5.0,3.75,0.0,0.0,0.0,0.0,0.0,0.0,0.0,0.0
165,10,0.0,0.0,1.25,0.0,1.25,0.0,2.5,0.0,1.875,1.25,3.75,0.0,3.75,2.5,0.0,3.75,1.25,0.0,3.125,4.375,0.0,1.25,0.0,2.5,4.375,0.0,3.75,3.75,0.0,3.125,1.875,1.25,1.25,0.0,0.0,3.75,2.5,1.25,0.625,0.0,1.25,3.75,0.0,2.5,2.5,3.75,0.0,1.25,3.75,0.0,2.5,1.25,2.5,5.0,3.75,1.25,3.75,0.0,0.0,5.0,2.5,0.0,0.0,0.0,0.0,0.0,0.0,0.0,0.0
165,11,0.0,0.0,1.25,0.0,1.25,0.0,2.5,0.0,1.875,1.25,3.75,0.0,2.5,2.5,0.0,3.125,1.25,0.0,2.5,3.75,0.0,1.25,0.0,2.5,3.75,0.0,3.125,3.75,0.0,2.5,1.25,1.25,1.25,0.0,0.0,3.75,2.5,1.25,0.625,0.0,1.25,2.5,0.0,2.5,2.5,3.75,0.0,1.25,3.75,0.0,1.875,1.25,2.5,3.75,3.75,1.25,3.75,0.0,0.0,3.75,2.5,0.0,0.0,0.0,0.0,0.0,0.0,0.0,0.0
166,9,0.0,0.0,1.875,0.0,1.25,0.0,3.75,0.0,2.5,1.25,5.0,0.0,3.75,2.5,0.0,3.75,1.25,0.0,3.75,5.0,0.0,1.25,1.25,3.75,5.0,0.0,3.75,4.375,0.0,3.75,2.5,1.25,2.5,0.0,0.0,5.0,3.125,1.25,1.25,0.0,1.25,4.375,0.0,2.5,3.75,3.75,0.0,1.25,3.75,0.0,2.5,1.25,2.5,5.0,5.0,2.5,5.0,0.0,0.0,5.0,2.5,0.0,0.0,0.0,0.0,0.0,0.0,0.0,0.0
166,10,0.0,0.0,1.25,0.0,1.25,0.0,2.5,0.0,2.5,1.25,4.375,0.0,3.75,2.5,0.0,3.75,1.25,0.0,3.125,4.375,0.0,1.25,0.625,3.125,4.375,0.0,3.75,3.75,0.0,3.75,2.5,0.625,1.25,0.0,0.0,3.75,2.5,1.25,1.25,0.0,1.25,3.75,0.0,2.5,2.5,3.75,0.0,1.25,3.75,0.0,2.5,1.25,2.5,5.0,3.75,1.25,3.75,0.0,0.0,3.75,2.5,0.0,0.0,0.0,0.0,0.0,0.0,0.0,0.0
166,11,0.0,0.0,1.25,0.0,1.25,0.0,2.5,0.0,2.5,1.25,3.75,0.0,2.5,2.5,0.0,2.5,1.25,0.0,2.5,3.75,0.0,1.25,0.0,2.5,3.75,0.0,3.125,3.75,0.0,2.5,1.25,0.625,1.25,0.0,0.0,3.75,2.5,1.25,1.25,0.0,1.25,3.75,0.0,1.25,2.5,3.75,0.0,1.25,3.75,0.0,1.875,1.25,1.875,3.75,3.75,1.25,3.75,0.0,0.0,3.75,2.5,0.0,0.0,0.0,0.0,0.0,0.0,0.0,0.0
167,9,0.0,0.0,1.875,0.0,1.25,0.0,3.75,0.0,2.5,1.25,5.0,0.0,3.75,2.5,0.0,3.75,1.25,0.0,3.125,5.0,0.0,2.5,1.25,3.125,5.0,0.0,3.75,4.375,0.0,3.75,2.5,1.25,2.5,0.0,0.0,5.0,3.75,1.875,1.25,0.0,1.25,5.0,0.0,2.5,3.75,3.75,0.0,1.25,3.75,0.0,2.5,1.25,2.5,5.0,5.0,2.5,4.375,0.0,0.0,5.0,2.5,0.0,0.0,0.0,0.0,0.0,0.0,0.0,0.0
167,10,0.0,0.0,1.25,0.0,1.25,0.0,2.5,0.0,2.5,1.25,4.375,0.0,3.75,2.5,0.0,3.125,1.25,0.0,2.5,4.375,0.0,1.25,1.25,2.5,3.75,0.0,3.75,3.75,0.0,3.75,2.5,0.625,1.25,0.0,0.0,4.375,3.125,1.25,1.25,0.0,1.25,3.75,0.0,1.25,2.5,3.75,0.0,1.25,3.75,0.0,2.5,1.25,2.5,4.375,4.375,2.5,3.75,0.0,0.0,3.75,1.25,0.0,0.0,0.0,0.0,0.0,0.0,0.0,0.0
167,11,0.0,0.0,1.25,0.0,1.25,0.0,2.5,0.0,2.5,1.25,3.75,0.0,2.5,2.5,0.0,2.5,1.25,0.0,2.5,3.75,0.0,1.25,1.25,2.5,3.75,0.0,3.125,3.75,0.0,2.5,1.875,0.625,1.25,0.0,0.0,3.75,2.5,1.25,1.25,0.0,1.25,3.75,0.0,1.25,2.5,3.125,0.0,1.25,3.75,0.0,2.5,1.25,1.25,3.75,3.75,1.25,3.75,0.0,0.0,3.75,1.25,0.0,0.0,0.0,0.0,0.0,0.0,0.0,0.0
168,9,0.0,0.0,2.5,0.0,1.25,0.0,5.0,0.0,2.5,1.25,5.0,0.0,3.75,2.5,0.0,3.75,1.25,0.0,3.125,5.0,0.0,2.5,1.25,2.5,5.0,0.0,3.75,5.0,0.0,3.75,2.5,1.25,2.5,0.0,0.0,5.0,3.75,2.5,1.25,0.0,1.25,5.0,0.0,1.25,2.5,3.75,0.0,1.25,3.75,0.0,3.125,1.25,1.25,5.0,5.0,3.75,3.75,0.0,0.0,3.75,1.25,0.0,0.0,0.0,0.0,0.0,0.0,0.0,0.0
168,10,0.0,0.0,1.25,0.0,1.25,0.0,3.75,0.0,2.5,1.25,4.375,0.0,3.75,2.5,0.0,3.125,1.25,0.0,2.5,4.375,0.0,1.25,1.25,2.5,3.75,0.0,3.75,4.375,0.0,3.75,2.5,0.625,1.25,0.0,0.0,4.375,3.75,1.25,1.25,0.0,1.25,3.75,0.0,1.25,2.5,3.75,0.0,1.25,3.75,0.0,2.5,1.25,1.25,3.75,4.375,2.5,3.75,0.0,0.0,3.75,1.25,0.0,0.0,0.0,0.0,0.0,0.0,0.0,0.0
168,11,0.0,0.0,1.25,0.0,1.25,0.0,3.125,0.0,2.5,1.25,3.75,0.0,3.125,2.5,0.0,2.5,1.25,0.0,2.5,3.75,0.0,1.25,1.25,2.5,3.75,0.0,3.125,3.75,0.0,2.5,1.875,0.625,1.25,0.0,0.0,3.75,2.5,1.25,1.25,0.0,1.25,3.75,0.0,1.25,1.875,3.125,0.0,1.25,3.75,0.0,2.5,1.25,1.25,3.75,3.75,2.5,3.75,0.0,0.0,3.125,1.25,0.0,0.0,0.0,0.0,0.0,0.0,0.0,0.0
169,9,0.0,0.0,2.5,0.0,1.25,0.0,5.0,0.0,3.125,1.25,5.0,0.0,3.75,2.5,0.0,3.75,1.25,0.0,3.75,5.0,0.0,2.5,1.25,2.5,5.0,0.0,3.75,5.0,0.0,3.75,2.5,1.25,2.5,0.0,0.0,5.0,3.75,2.5,1.25,0.0,1.25,5.0,0.0,1.25,2.5,3.75,0.0,1.25,3.75,0.0,3.125,1.25,1.25,5.0,5.0,3.75,4.375,0.0,0.0,3.75,1.25,0.0,0.0,0.0,0.0,0.0,0.0,0.0,0.0
169,10,0.0,0.0,1.25,0.0,1.25,0.0,3.75,0.0,2.5,1.25,4.375,0.0,3.75,2.5,0.0,3.75,1.25,0.0,3.125,4.375,0.0,1.875,1.25,2.5,4.375,0.0,3.75,4.375,0.0,3.75,2.5,0.625,1.25,0.0,0.0,3.75,3.75,1.25,1.25,0.0,1.25,4.375,0.0,1.25,1.875,3.125,0.0,1.25,3.75,0.0,2.5,1.25,1.25,3.75,4.375,2.5,3.75,0.0,0.0,3.75,1.25,0.0,0.0,0.0,0.0,0.0,0.0,0.0,0.0
169,11,0.0,0.0,1.25,0.0,1.25,0.0,3.75,0.0,2.5,1.25,3.75,0.0,3.125,2.5,0.0,2.5,1.25,0.0,2.5,3.75,0.0,1.25,1.25,2.5,3.75,0.0,3.125,3.75,0.0,3.125,2.5,0.625,1.25,0.0,0.0,3.75,3.125,1.25,1.25,0.0,1.25,3.75,0.0,1.25,1.25,3.125,0.0,1.25,3.75,0.0,2.5,1.25,1.25,3.75,3.75,2.5,3.75,0.0,0.0,2.5,1.25,0.0,0.0,0.0,0.0,0.0,0.0,0.0,0.0
170,9,0.0,0.0,2.5,0.0,1.25,0.0,5.0,0.0,3.75,1.25,5.0,0.0,3.75,3.75,0.0,3.75,1.25,0.0,3.75,5.0,0.0,2.5,1.875,3.125,5.0,0.0,3.75,5.0,0.0,3.75,2.5,1.25,2.5,0.0,0.0,5.0,3.75,2.5,1.25,0.0,1.875,5.0,0.0,1.25,2.5,3.75,0.0,1.25,3.75,0.0,3.75,1.25,1.25,5.0,5.0,3.75,3.75,1.25,0.0,3.75,1.25,0.0,0.0,0.0,0.0,0.0,0.0,0.0,0.0
170,10,0.0,0.0,1.25,0.0,1.25,0.0,3.75,0.0,2.5,1.25,4.375,0.0,3.75,2.5,0.0,3.75,1.25,0.0,3.125,4.375,0.0,1.25,1.25,3.125,3.75,0.0,3.75,4.375,0.0,3.75,2.5,1.25,1.25,0.0,0.0,3.75,3.75,1.25,1.25,0.0,1.25,5.0,0.0,1.25,1.25,3.75,0.0,1.25,3.75,0.0,3.125,1.25,1.25,3.75,4.375,3.125,3.75,1.25,0.0,2.5,0.625,0.0,0.0,0.0,0.0,0.0,0.0,0.0,0.0
170,11,0.0,0.0,1.25,0.0,1.25,0.0,3.75,0.0,2.5,1.25,3.75,0.0,3.125,2.5,0.0,2.5,1.25,0.0,2.5,3.75,0.0,1.25,1.25,2.5,3.75,0.0,3.125,3.75,0.0,3.125,2.5,0.625,1.25,0.0,0.0,3.75,3.125,1.25,1.25,0.0,1.25,3.75,0.0,1.25,1.25,2.5,0.0,1.25,3.75,0.0,2.5,1.25,1.25,3.75,3.75,2.5,3.75,0.625,0.0,2.5,0.625,0.0,0.0,0.0,0.0,0.0,0.0,0.0,0.0
171,9,0.0,0.0,2.5,0.0,1.25,0.0,5.0,0.0,3.75,2.5,5.0,0.0,3.75,3.75,0.0,3.75,1.25,0.0,3.75,5.0,0.0,2.5,1.875,3.125,5.0,0.0,3.75,5.0,0.0,3.75,2.5,1.25,2.5,0.0,0.0,5.0,3.75,2.5,1.25,0.0,1.875,5.0,0.0,1.25,1.25,3.75,0.0,0.625,3.75,0.0,3.75,1.25,1.25,3.75,5.0,4.375,3.75,1.25,0.0,3.125,0.0,0.0,0.0,0.0,0.0,0.0,0.0,0.0,0.0
171,10,0.0,0.0,1.25,0.0,1.25,0.0,4.375,0.0,3.75,1.25,4.375,0.0,3.75,2.5,0.0,3.75,1.25,0.0,3.125,5.0,0.0,1.875,1.25,3.125,4.375,0.0,3.75,4.375,0.0,3.75,2.5,1.25,1.25,0.0,0.0,3.75,3.75,2.5,1.25,0.0,1.25,5.0,0.0,1.25,1.25,3.75,0.0,0.0,3.75,0.0,3.125,1.25,1.25,3.75,5.0,3.75,3.75,1.25,0.0,2.5,0.0,0.0,0.0,0.0,0.0,0.0,0.0,0.0,0.0
171,11,0.0,0.0,1.25,0.0,1.25,0.0,3.75,0.0,3.125,1.25,3.75,0.0,3.125,2.5,0.0,2.5,1.25,0.0,2.5,4.375,0.0,1.25,1.25,2.5,3.75,0.0,3.125,3.75,0.0,3.75,2.5,1.25,1.25,0.0,0.0,3.75,3.75,1.25,1.25,0.0,1.25,3.75,0.0,0.625,1.25,3.125,0.0,0.0,3.75,0.0,2.5,1.25,1.25,3.125,3.75,2.5,3.75,1.25,0.0,2.5,0.0,0.0,0.0,0.0,0.0,0.0,0.0,0.0,0.0
172,9,0.0,0.0,2.5,0.0,1.25,0.0,5.0,0.0,3.75,2.5,5.0,0.0,4.375,3.75,0.0,3.75,1.25,0.0,3.75,5.0,0.0,2.5,2.5,2.5,5.0,0.0,3.75,5.0,0.0,5.0,2.5,1.25,1.25,0.0,0.0,4.375,3.75,2.5,1.25,0.0,2.5,5.0,0.0,1.25,1.25,3.75,0.0,0.0,3.75,0.0,3.75,1.875,1.25,3.75,5.0,5.0,3.75,1.25,0.0,2.5,0.0,0.0,0.0,0.0,0.0,0.0,0.0,0.0,0.0
172,10,0.0,0.0,1.25,0.0,1.25,0.0,5.0,0.0,3.75,1.25,4.375,0.0,3.75,3.125,0.0,3.75,1.25,0.0,3.125,5.0,0.0,2.5,1.25,2.5,4.375,0.0,3.75,5.0,0.0,3.75,2.5,1.25,1.25,0.0,0.0,3.75,3.75,2.5,1.25,0.0,1.25,5.0,0.0,1.25,1.25,3.75,0.0,0.0,3.75,0.0,3.125,1.875,1.25,2.5,5.0,3.75,3.75,1.25,0.0,2.5,0.0,0.0,0.0,0.0,0.0,0.0,0.0,0.0,0.0
172,11,0.0,0.0,1.25,0.0,1.25,0.0,4.375,0.0,3.75,1.25,3.75,0.0,3.125,2.5,0.0,3.125,1.25,0.0,2.5,4.375,0.0,1.875,1.25,2.5,3.75,0.0,3.75,3.75,0.0,3.75,2.5,1.25,1.25,0.0,0.0,3.75,3.75,1.25,1.25,0.0,1.25,3.75,0.0,0.625,1.25,3.125,0.0,0.0,3.75,0.0,2.5,1.25,1.25,2.5,3.75,3.125,3.75,1.25,0.0,2.5,0.0,0.0,0.0,0.0,0.0,0.0,0.0,0.0,0.0
173,9,0.0,0.0,2.5,0.0,1.25,0.0,5.0,0.0,3.75,2.5,5.0,0.0,4.375,3.75,0.0,3.75,1.25,0.0,3.75,5.0,0.0,2.5,2.5,3.75,5.0,0.0,3.75,5.0,0.0,4.375,2.5,1.25,1.25,0.0,0.0,3.75,3.75,2.5,1.25,0.0,2.5,5.0,0.0,1.25,1.25,3.75,0.0,0.0,3.75,0.0,3.75,2.5,1.25,2.5,5.0,5.0,4.375,2.5,0.0,2.5,0.0,0.0,0.0,0.0,0.0,0.0,0.0,0.0,0.0
173,10,0.0,0.0,1.25,0.0,1.25,0.0,5.0,0.0,3.75,1.25,3.75,0.0,3.75,3.75,0.0,3.75,1.25,0.0,3.125,5.0,0.0,2.5,1.25,3.125,4.375,0.0,3.75,5.0,0.0,3.75,2.5,1.25,1.25,0.0,0.0,3.75,3.75,1.25,1.25,0.0,2.5,5.0,0.0,1.25,1.25,3.75,0.0,0.0,3.75,0.0,3.75,2.5,1.25,2.5,5.0,3.75,3.75,1.25,0.0,2.5,0.0,0.0,0.0,0.0,0.0,0.0,0.0,0.0,0.0
173,11,0.0,0.0,1.25,0.0,1.25,0.0,4.375,0.0,3.75,1.25,3.75,0.0,3.75,2.5,0.0,3.75,1.25,0.0,2.5,4.375,0.0,1.875,1.875,2.5,3.75,0.0,3.75,3.75,0.0,3.75,2.5,1.25,1.25,0.0,0.0,3.75,3.75,1.25,1.25,0.0,1.875,3.75,0.0,0.625,1.25,3.125,0.0,0.0,3.125,0.0,2.5,1.25,0.625,2.5,3.75,3.125,3.75,1.25,0.0,2.5,0.0,0.0,0.0,0.0,0.0,0.0,0.0,0.0,0.0
174,9,0.0,0.0,2.5,0.0,1.25,0.0,5.0,0.0,4.375,2.5,5.0,0.0,4.375,3.75,0.0,5.0,1.25,0.0,3.75,5.0,0.0,2.5,2.5,3.75,5.0,0.0,3.75,5.0,0.0,3.75,2.5,1.25,1.25,0.0,0.0,3.75,3.75,2.5,1.25,0.0,2.5,5.0,0.0,1.25,1.25,3.75,0.0,0.0,3.75,0.0,3.75,2.5,1.25,2.5,5.0,5.0,5.0,2.5,0.0,2.5,0.0,0.0,0.0,0.0,0.0,0.0,0.0,0.0,0.0
174,10,0.0,0.0,1.25,0.0,1.25,0.0,5.0,0.0,3.75,1.875,3.75,0.0,3.75,3.75,0.0,3.75,1.25,0.0,3.75,5.0,0.0,2.5,1.875,3.75,4.375,0.0,3.75,5.0,0.0,3.75,2.5,1.25,1.25,0.0,0.0,3.75,3.75,2.5,1.25,0.0,2.5,5.0,0.0,1.25,1.25,3.75,0.0,0.0,3.125,0.0,3.75,2.5,1.25,2.5,5.0,3.75,4.375,1.25,0.0,2.5,0.0,0.0,0.0,0.0,0.0,0.0,0.0,0.0,0.0
174,11,0.0,0.0,1.25,0.0,1.25,0.0,4.375,0.0,3.75,1.25,3.75,0.0,3.75,2.5,0.0,3.75,1.25,0.0,2.5,4.375,0.0,2.5,1.875,3.125,3.75,0.0,3.75,3.75,0.0,3.75,2.5,1.25,1.25,0.0,0.0,3.75,3.125,1.25,1.25,0.0,2.5,3.75,0.0,0.625,0.625,2.5,0.0,0.0,3.125,0.0,2.5,1.25,1.25,2.5,4.375,2.5,3.75,1.25,0.0,2.5,0.0,0.0,0.0,0.0,0.0,0.0,0.0,0.0,0.0
175,9,0.0,0.0,2.5,0.0,1.25,0.0,5.0,0.0,5.0,2.5,5.0,0.0,4.375,3.75,0.0,5.0,1.875,0.0,3.75,5.0,0.0,2.5,2.5,3.75,5.0,0.0,3.75,5.0,0.0,3.75,2.5,1.875,1.25,0.0,0.0,3.75,3.75,2.5,1.25,0.0,3.75,5.0,0.0,1.25,1.25,3.75,0.0,0.0,3.75,0.0,3.75,2.5,1.25,2.5,5.0,4.375,5.0,2.5,0.0,2.5,0.0,0.0,0.0,0.0,0.0,0.0,0.0,0.0,0.0
175,10,0.0,0.0,1.25,0.0,1.25,0.0,5.0,0.0,3.75,2.5,3.75,0.0,3.75,3.75,0.0,4.375,1.25,0.0,3.75,5.0,0.0,2.5,1.875,3.75,4.375,0.0,3.75,4.375,0.0,3.75,2.5,1.875,0.0,0.0,0.0,3.75,3.75,2.5,1.25,0.0,2.5,4.375,0.0,1.25,1.25,3.75,0.0,0.0,3.125,0.0,3.125,2.5,1.25,1.25,5.0,3.75,5.0,1.25,0.0,2.5,0.0,0.0,0.0,0.0,0.0,0.0,0.0,0.0,0.0
175,11,0.0,0.0,1.25,0.0,1.25,0.0,4.375,0.0,3.75,1.25,3.75,0.0,3.75,2.5,0.0,3.75,1.25,0.0,2.5,4.375,0.0,2.5,1.875,3.125,3.75,0.0,3.75,3.75,0.0,3.75,2.5,1.25,0.0,0.0,0.0,3.125,3.125,1.25,1.25,0.0,2.5,3.75,0.0,0.625,0.625,2.5,0.0,0.0,3.125,0.0,2.5,1.25,1.25,1.25,4.375,2.5,3.75,1.25,0.0,2.5,0.0,0.0,0.0,0.0,0.0,0.0,0.0,0.0,0.0
176,9,0.0,0.0,2.5,0.0,1.25,0.0,5.0,0.0,5.0,2.5,5.0,0.0,4.375,3.75,0.0,5.0,1.875,0.0,3.75,5.0,0.0,3.125,2.5,3.75,5.0,0.0,3.75,5.0,0.0,4.375,3.125,2.5,0.0,0.0,0.0,3.75,3.75,2.5,1.25,0.0,3.75,5.0,0.0,1.25,1.25,3.75,0.0,0.0,3.125,0.0,3.75,2.5,1.25,1.25,5.0,3.75,5.0,2.5,0.0,2.5,0.0,0.0,0.0,0.0,0.0,0.0,0.0,0.0,0.0
176,10,0.0,0.0,1.25,0.0,1.25,0.0,5.0,0.0,3.75,2.5,3.75,0.0,3.75,3.75,0.0,4.375,1.25,0.0,3.75,5.0,0.0,2.5,1.875,3.75,5.0,0.0,3.75,4.375,0.0,3.75,3.125,2.5,0.0,0.0,0.0,3.75,3.75,2.5,1.25,0.0,3.125,3.75,0.0,1.25,1.25,3.75,0.0,0.0,3.125,0.0,3.125,2.5,1.25,1.25,5.0,2.5,5.0,1.875,0.0,2.5,0.0,0.0,0.0,0.0,0.0,0.0,0.0,0.0,0.0
176,11,0.0,0.0,1.25,0.0,1.25,0.0,4.375,0.0,3.75,1.875,3.125,0.0,3.75,2.5,0.0,3.75,1.25,0.0,2.5,5.0,0.0,2.5,1.875,3.75,3.75,0.0,3.75,3.75,0.0,3.75,2.5,1.25,0.0,0.0,0.0,3.125,3.125,1.25,1.25,0.0,2.5,3.75,0.0,1.25,0.625,3.125,0.0,0.0,2.5,0.0,2.5,1.875,1.25,1.25,4.375,2.5,4.375,1.25,0.0,2.5,0.0,0.0,0.0,0.0,0.0,0.0,0.0,0.0,0.0
177,9,0.0,0.0,2.5,0.0,1.875,0.0,5.0,0.0,5.0,2.5,4.375,0.0,4.375,3.75,0.0,5.0,1.875,0.0,3.75,5.0,0.0,3.75,2.5,3.75,5.0,0.0,3.75,5.0,0.0,3.75,3.125,2.5,0.0,0.0,0.0,3.75,3.75,2.5,1.25,0.0,3.75,5.0,0.0,1.25,1.25,3.75,0.0,0.0,2.5,0.0,3.75,2.5,1.25,1.25,5.0,3.75,5.0,2.5,0.0,3.75,0.0,0.0,0.0,0.0,0.0,0.0,0.0,0.0,0.0
177,10,0.0,0.0,1.25,0.0,1.25,0.0,4.375,0.0,3.75,2.5,3.75,0.0,3.75,3.75,0.0,4.375,1.25,0.0,3.75,5.0,0.0,3.125,1.25,3.75,5.0,0.0,3.75,4.375,0.0,3.75,2.5,2.5,0.0,0.0,0.0,3.75,3.75,2.5,1.25,0.0,3.75,3.75,0.0,1.25,1.25,3.75,0.0,0.0,2.5,0.0,3.125,2.5,1.25,1.25,5.0,2.5,5.0,1.25,0.0,2.5,0.0,0.0,0.0,0.0,0.0,0.0,0.0,0.0,0.0
177,11,0.0,0.0,1.875,0.0,1.25,0.0,3.75,0.0,3.75,1.875,3.75,0.0,3.75,3.125,0.0,3.75,1.25,0.0,2.5,4.375,0.0,2.5,1.25,3.75,3.75,0.0,3.75,3.75,0.0,3.75,2.5,1.875,0.0,0.0,0.0,3.125,3.125,1.25,1.25,0.0,2.5,3.75,0.0,1.25,0.625,2.5,0.0,0.0,2.5,0.0,2.5,2.5,1.25,1.25,4.375,2.5,5.0,1.25,0.0,2.5,0.0,0.0,0.0,0.0,0.0,0.0,0.0,0.0,0.0
178,9,0.0,0.0,2.5,0.0,2.5,0.0,5.0,0.0,5.0,2.5,4.375,0.0,4.375,3.75,0.0,5.0,2.5,0.0,3.75,5.0,0.0,3.75,2.5,5.0,5.0,0.0,3.75,5.0,0.0,3.75,3.125,2.5,0.0,0.0,0.0,3.75,3.75,2.5,1.25,0.0,3.75,5.0,0.0,1.25,1.25,3.75,0.0,0.0,2.5,0.0,3.75,2.5,1.25,1.25,5.0,3.125,5.0,2.5,0.0,3.75,1.25,0.0,0.0,0.0,0.0,0.0,0.0,0.0,0.0
178,10,0.0,0.0,1.875,0.0,1.875,0.0,4.375,0.0,4.375,2.5,3.75,0.0,3.75,3.75,0.0,4.375,1.25,0.0,3.75,5.0,0.0,3.75,1.25,3.75,5.0,0.0,3.75,4.375,0.0,3.75,2.5,2.5,0.0,0.0,0.0,3.75,3.75,2.5,1.25,0.0,3.75,3.75,0.0,1.25,1.25,3.75,0.0,0.0,2.5,0.0,2.5,2.5,1.25,1.25,5.0,2.5,5.0,1.25,0.0,3.75,1.25,0.0,0.0,0.0,0.0,0.0,0.0,0.0,0.0
178,11,0.0,0.0,2.5,0.0,1.25,0.0,3.75,0.0,3.75,1.875,3.75,0.0,3.75,3.125,0.0,3.75,1.25,0.0,2.5,4.375,0.0,2.5,1.25,3.75,3.75,0.0,3.125,3.75,0.0,3.125,2.5,2.5,0.0,0.0,0.0,3.125,2.5,1.875,1.25,0.0,2.5,3.75,0.0,1.25,0.625,2.5,0.0,0.0,2.5,0.0,2.5,2.5,1.25,1.25,4.375,1.875,5.0,1.25,0.0,3.75,1.25,0.0,0.0,0.0,0.0,0.0,0.0,0.0,0.0
179,9,0.0,0.0,2.5,0.0,2.5,0.0,5.0,0.0,4.375,2.5,4.375,0.0,4.375,3.75,0.0,5.0,2.5,0.0,3.75,5.0,0.0,3.75,2.5,5.0,5.0,0.0,3.75,4.375,0.0,3.75,3.75,2.5,0.0,0.0,0.0,3.75,3.75,2.5,1.25,0.0,3.75,4.375,0.0,1.25,1.25,3.75,0.0,0.0,2.5,0.0,2.5,2.5,1.25,1.25,5.0,2.5,5.0,1.25,0.0,3.75,1.25,0.0,0.0,0.0,0.0,0.0,0.0,0.0,0.0
179,10,0.0,0.0,2.5,0.0,2.5,0.0,4.375,0.0,3.75,2.5,3.75,0.0,3.75,3.75,0.0,5.0,1.25,0.0,3.75,5.0,0.0,3.75,1.25,4.375,5.0,0.0,3.75,3.75,0.0,3.75,3.125,2.5,0.0,0.0,0.0,3.75,3.125,2.5,1.25,0.0,3.75,3.75,0.0,1.25,1.25,3.125,0.0,0.0,2.5,0.0,2.5,2.5,1.25,1.25,5.0,1.875,5.0,1.25,0.0,3.75,1.25,0.0,0.0,0.0,0.0,0.0,0.0,0.0,0.0
179,11,0.0,0.0,2.5,0.0,1.875,0.0,3.75,0.0,3.75,1.875,3.75,0.0,3.75,3.125,0.0,3.75,1.25,0.0,3.125,4.375,0.0,2.5,1.25,3.75,3.75,0.0,3.75,3.75,0.0,3.125,2.5,2.5,0.0,0.0,0.0,3.125,2.5,1.875,1.25,0.0,2.5,3.75,0.0,1.25,1.25,2.5,0.0,0.0,2.5,0.0,2.5,2.5,1.25,0.625,4.375,1.25,4.375,1.25,0.0,3.75,1.25,0.0,0.0,0.0,0.0,0.0,0.0,0.0,0.0
180,9,0.0,0.0,2.5,0.0,3.125,0.0,5.0,0.0,4.375,2.5,3.75,0.0,5.0,3.75,0.0,5.0,2.5,0.0,3.75,5.0,0.0,3.75,2.5,5.0,5.0,0.0,3.75,4.375,0.0,3.75,3.75,3.75,0.0,0.0,0.0,3.75,3.75,2.5,1.25,0.0,3.75,4.375,0.0,1.25,1.25,3.75,0.0,0.0,2.5,0.0,3.125,2.5,1.25,1.25,5.0,2.5,5.0,1.25,0.0,3.75,1.25,0.0,0.0,0.0,0.0,0.0,0.0,0.0,0.0
180,10,0.0,0.0,2.5,0.0,2.5,0.0,4.375,0.0,3.75,2.5,3.75,0.0,3.75,3.75,0.0,5.0,1.25,0.0,3.75,5.0,0.0,3.75,1.875,5.0,5.0,0.0,3.75,3.75,0.0,3.75,3.125,3.125,0.0,0.0,0.0,3.75,3.75,2.5,1.25,0.0,3.75,3.75,0.0,1.25,1.25,3.125,0.0,0.0,2.5,0.0,2.5,2.5,1.25,0.625,4.375,1.25,4.375,1.25,0.0,3.75,1.25,0.0,0.0,0.0,0.0,0.0,0.0,0.0,0.0
180,11,0.0,0.0,2.5,0.0,2.5,0.0,3.75,0.0,3.75,1.875,3.125,0.0,3.75,2.5,0.0,3.75,1.875,0.0,3.125,3.75,0.0,2.5,1.875,3.75,3.75,0.0,3.75,3.75,0.0,3.125,2.5,2.5,0.0,0.0,0.0,3.125,2.5,2.5,1.25,0.0,2.5,3.125,0.0,1.25,1.25,2.5,0.0,0.0,2.5,0.0,2.5,2.5,1.25,0.625,3.75,1.25,4.375,1.25,0.0,3.75,1.25,0.0,0.0,0.0,0.0,0.0,0.0,0.0,0.0
181,9,0.0,0.0,2.5,0.0,3.75,0.0,5.0,0.0,3.75,2.5,4.375,0.0,5.0,3.75,0.0,5.0,2.5,0.0,3.75,5.0,0.0,3.75,2.5,5.0,5.0,0.0,3.75,4.375,0.0,3.75,3.75,3.75,0.0,0.0,0.0,3.75,3.75,2.5,1.25,0.0,3.75,3.75,0.0,1.25,1.25,3.75,0.0,0.0,2.5,0.0,3.125,2.5,1.25,1.25,5.0,1.25,3.75,1.25,0.0,3.75,2.5,0.0,0.0,0.0,0.0,0.0,0.0,0.0,0.0
181,10,0.0,0.0,2.5,0.0,3.125,0.0,4.375,0.0,3.75,2.5,3.75,0.0,4.375,3.75,0.0,4.375,1.25,0.0,3.75,5.0,0.0,3.75,1.875,5.0,5.0,0.0,3.75,3.75,0.0,3.75,3.125,3.75,0.0,0.0,0.0,3.75,3.75,2.5,1.25,0.0,3.75,3.75,0.0,1.25,1.25,3.125,0.0,0.0,2.5,0.0,2.5,2.5,1.25,1.25,4.375,1.25,3.75,1.25,0.0,3.125,1.25,0.0,0.0,0.0,0.0,0.0,0.0,0.0,0.0
181,11,0.0,0.0,2.5,0.0,2.5,0.0,3.75,0.0,3.75,2.5,3.75,0.0,3.75,2.5,0.0,3.75,1.875,0.0,3.125,3.75,0.0,2.5,1.875,3.75,3.75,0.0,3.125,3.75,0.0,2.5,2.5,2.5,0.0,0.0,0.0,2.5,2.5,2.5,1.25,0.0,2.5,2.5,0.0,1.25,1.25,2.5,0.0,0.0,2.5,0.0,2.5,2.5,1.25,0.625,3.75,1.25,3.75,1.25,0.0,3.75,1.25,0.0,0.0,0.0,0.0,0.0,0.0,0.0,0.0
182,9,0.0,0.0,3.75,0.0,3.75,0.0,5.0,0.0,3.75,2.5,5.0,0.0,5.0,3.75,0.0,5.0,2.5,0.0,3.75,5.0,0.0,3.75,2.5,5.0,5.0,0.0,3.75,3.75,0.0,3.75,3.75,3.75,0.0,0.0,0.0,3.75,3.75,2.5,1.25,0.0,3.75,3.75,0.0,1.25,1.25,3.75,0.0,0.0,2.5,0.0,2.5,2.5,2.5,1.25,5.0,1.25,3.75,1.25,0.0,3.75,2.5,0.0,0.0,0.0,0.0,0.0,0.0,0.0,0.0
182,10,0.0,0.0,2.5,0.0,3.75,0.0,4.375,0.0,3.75,2.5,3.75,0.0,4.375,3.75,0.0,4.375,2.5,0.0,3.75,5.0,0.0,3.75,2.5,5.0,5.0,0.0,3.75,3.75,0.0,3.75,3.75,3.75,0.0,0.0,0.0,3.75,3.125,2.5,1.25,0.0,3.75,3.75,0.0,1.25,1.25,2.5,0.0,0.0,2.5,0.0,2.5,2.5,1.875,0.625,3.75,1.25,3.75,1.25,0.0,2.5,2.5,0.0,0.0,0.0,0.0,0.0,0.0,0.0,0.0
182,11,0.0,0.0,2.5,0.0,2.5,0.0,3.75,0.0,3.75,2.5,3.75,0.0,3.75,2.5,0.0,3.75,1.875,0.0,3.75,3.75,0.0,3.125,2.5,3.75,3.75,0.0,2.5,3.75,0.0,2.5,2.5,2.5,0.0,0.0,0.0,2.5,2.5,2.5,1.25,0.0,2.5,2.5,0.0,1.25,1.25,2.5,0.0,0.0,2.5,0.0,2.5,2.5,1.25,0.625,3.125,0.625,3.75,0.625,0.0,2.5,2.5,0.0,0.0,0.0,0.0,0.0,0.0,0.0,0.0
183,9,0.0,0.0,3.75,0.0,3.75,0.0,5.0,0.0,3.75,2.5,4.375,0.0,5.0,3.75,0.0,5.0,2.5,0.0,3.75,5.0,0.0,3.75,2.5,5.0,5.0,0.0,3.75,3.75,0.0,3.75,3.75,3.75,1.25,0.0,0.0,3.75,3.75,2.5,2.5,0.0,3.75,3.75,0.0,1.25,1.25,3.125,0.0,0.0,2.5,0.0,2.5,2.5,2.5,1.25,4.375,1.25,3.75,0.625,0.0,2.5,2.5,0.0,0.0,0.0,0.0,0.0,0.0,0.0,0.0
183,10,0.0,0.0,2.5,0.0,3.75,0.0,4.375,0.0,3.75,2.5,3.75,0.0,5.0,3.75,0.0,4.375,2.5,0.0,3.75,5.0,0.0,3.75,2.5,5.0,5.0,0.0,3.75,3.75,0.0,3.75,3.75,3.75,1.25,0.0,0.0,3.75,3.75,2.5,1.25,0.0,3.75,3.75,0.0,1.25,1.25,2.5,0.0,0.0,2.5,0.0,2.5,2.5,1.25,0.625,3.75,0.0,3.125,0.0,0.0,2.5,2.5,0.0,0.0,0.0,0.0,0.0,0.0,0.0,0.0
183,11,0.0,0.0,2.5,0.0,2.5,0.0,3.75,0.0,3.75,2.5,3.75,0.0,3.75,2.5,0.0,3.75,2.5,0.0,3.75,3.75,0.0,3.125,2.5,4.375,3.75,0.0,2.5,3.75,0.0,2.5,3.125,3.125,1.25,0.0,0.0,3.125,3.125,2.5,1.25,0.0,2.5,2.5,0.0,1.25,1.25,2.5,0.0,0.0,2.5,0.0,2.5,2.5,1.25,0.625,2.5,0.0,2.5,0.0,0.0,2.5,2.5,0.0,0.0,0.0,0.0,0.0,0.0,0.0,0.0
184,9,0.0,0.0,3.75,0.0,3.75,0.0,5.0,0.0,3.75,2.5,5.0,0.0,5.0,3.75,0.0,5.0,2.5,0.0,3.75,5.0,0.0,3.75,2.5,5.0,5.0,0.0,3.75,3.75,0.0,3.75,3.75,3.75,1.25,0.0,0.0,3.75,3.75,2.5,2.5,0.0,3.75,3.75,0.0,1.25,1.25,3.125,0.0,1.25,2.5,0.0,2.5,2.5,2.5,1.25,3.75,0.0,2.5,0.0,0.0,2.5,2.5,0.0,0.0,0.0,0.0,0.0,0.0,0.0,0.0
184,10,0.0,0.0,2.5,0.0,3.75,0.0,4.375,0.0,3.75,2.5,3.75,0.0,5.0,3.75,0.0,4.375,2.5,0.0,3.75,4.375,0.0,3.75,2.5,5.0,5.0,0.0,3.75,3.75,0.0,3.75,3.75,3.75,1.25,0.0,0.0,3.75,3.75,2.5,1.875,0.0,3.125,3.75,0.0,1.875,1.25,2.5,0.0,0.0,2.5,0.0,2.5,2.5,1.25,1.25,2.5,0.0,2.5,0.0,0.0,2.5,2.5,0.0,0.0,0.0,0.0,0.0,0.0,0.0,0.0
184,11,0.0,0.0,2.5,0.0,3.125,0.0,3.75,0.0,3.75,2.5,3.75,0.0,3.75,2.5,0.0,3.75,2.5,0.0,3.75,3.75,0.0,3.125,2.5,4.375,3.75,0.0,2.5,3.125,0.0,3.125,3.125,3.75,1.25,0.0,0.0,3.125,3.125,2.5,1.25,0.0,2.5,3.125,0.0,1.25,1.25,2.5,0.0,0.625,2.5,0.0,2.5,2.5,1.25,0.625,2.5,0.0,2.5,0.0,0.0,2.5,2.5,0.0,0.0,0.0,0.0,0.0,0.0,0.0,0.0
185,9,0.0,0.0,3.75,0.0,4.375,0.0,5.0,0.0,3.75,3.125,5.0,0.0,5.0,3.75,0.0,5.0,2.5,0.0,3.75,5.0,0.0,3.75,2.5,5.0,5.0,0.0,3.75,3.75,0.0,3.75,3.75,3.75,1.25,0.0,0.0,3.75,3.75,2.5,2.5,0.0,3.75,3.75,0.0,2.5,1.25,2.5,0.0,1.25,2.5,0.0,2.5,2.5,2.5,1.25,3.125,0.0,2.5,0.0,0.0,2.5,2.5,0.0,0.0,0.0,0.0,0.0,0.0,0.0,0.0
185,10,0.0,0.0,2.5,0.0,3.75,0.0,4.375,0.0,3.75,2.5,4.375,0.0,5.0,3.75,0.0,4.375,2.5,0.0,3.75,5.0,0.0,3.75,1.875,5.0,5.0,0.0,3.75,3.75,0.0,3.75,3.75,3.75,1.25,0.0,0.0,3.75,3.75,2.5,1.875,0.0,3.125,3.75,0.0,2.5,1.25,2.5,0.0,0.625,2.5,0.0,2.5,2.5,1.875,1.25,2.5,0.0,1.875,0.0,0.0,1.875,2.5,0.0,0.0,0.0,0.0,0.0,0.0,0.0,0.0
185,11,0.0,0.0,2.5,0.0,3.125,0.0,3.75,0.0,3.75,2.5,3.75,0.0,4.375,2.5,0.0,3.75,2.5,0.0,3.75,3.75,0.0,3.75,2.5,5.0,3.75,0.0,2.5,3.125,0.0,3.75,3.75,3.75,1.25,0.0,0.0,3.125,3.75,2.5,1.875,0.0,2.5,2.5,0.0,1.25,1.25,2.5,0.0,1.25,2.5,0.0,2.5,2.5,1.25,0.625,1.875,0.0,1.875,0.0,0.0,1.25,2.5,0.0,0.0,0.0,0.0,0.0,0.0,0.0,0.0
186,9,0.0,0.0,3.75,0.0,4.375,0.0,5.0,0.0,4.375,3.75,5.0,0.0,5.0,3.75,0.0,5.0,2.5,0.0,3.75,5.0,0.0,3.75,2.5,5.0,5.0,0.0,3.75,3.75,0.0,3.75,4.375,3.75,2.5,0.0,0.0,3.75,3.75,2.5,2.5,0.0,3.75,3.75,0.0,2.5,1.25,2.5,0.0,1.25,2.5,0.0,3.125,2.5,2.5,1.25,2.5,0.0,1.25,0.0,0.0,1.25,2.5,0.0,0.0,0.0,0.0,0.0,0.0,0.0,0.0
186,10,0.0,0.0,3.75,0.0,3.75,0.0,4.375,0.0,3.75,3.125,5.0,0.0,5.0,3.75,0.0,5.0,2.5,0.0,3.75,4.375,0.0,3.75,2.5,5.0,4.375,0.0,3.125,3.75,0.0,3.75,3.75,3.75,1.25,0.0,0.0,3.75,3.75,2.5,1.875,0.0,3.125,3.75,0.0,2.5,1.25,2.5,0.0,1.25,2.5,0.0,2.5,2.5,2.5,1.25,1.875,0.0,1.25,0.0,0.0,1.25,1.25,0.0,0.0,0.0,0.0,0.0,0.0,0.0,0.0
186,11,0.0,0.0,3.125,0.0,3.75,0.0,3.75,0.0,3.75,2.5,3.75,0.0,4.375,2.5,0.0,3.75,2.5,0.0,3.75,3.75,0.0,3.75,2.5,5.0,3.75,0.0,2.5,2.5,0.0,3.75,3.75,3.75,1.25,0.0,0.0,3.125,3.75,2.5,1.875,0.0,2.5,2.5,0.0,1.875,0.625,1.875,0.0,1.25,2.5,0.0,2.5,2.5,1.25,1.25,1.25,0.0,1.25,0.0,0.0,1.25,1.25,0.0,0.0,0.0,0.0,0.0,0.0,0.0,0.0
187,9,0.0,0.0,4.375,0.0,5.0,0.0,5.0,0.0,5.0,3.75,5.0,0.0,5.0,3.75,0.0,5.0,3.125,0.0,3.75,5.0,0.0,3.75,2.5,5.0,5.0,0.0,3.75,3.75,0.0,3.75,4.375,3.75,2.5,0.0,0.0,3.75,3.75,2.5,2.5,0.0,3.125,3.75,0.0,2.5,1.25,2.5,0.0,1.25,2.5,0.0,3.75,2.5,2.5,1.25,2.5,0.0,1.25,0.0,0.0,1.25,1.25,0.0,0.0,0.0,0.0,0.0,0.0,0.0,0.0
187,10,0.0,0.0,3.75,0.0,3.75,0.0,4.375,0.0,3.75,3.75,5.0,0.0,5.0,3.75,0.0,5.0,2.5,0.0,3.75,4.375,0.0,3.75,2.5,5.0,4.375,0.0,3.125,3.75,0.0,3.75,3.75,3.75,2.5,0.0,0.0,3.75,3.75,2.5,2.5,0.0,2.5,3.75,0.0,2.5,1.25,2.5,0.0,1.25,2.5,0.0,2.5,2.5,1.25,1.25,1.25,0.0,1.25,0.0,0.0,1.25,1.25,0.0,0.0,0.0,0.0,0.0,0.0,0.0,0.0
187,11,0.0,0.0,3.75,0.0,3.75,0.0,3.75,0.0,3.75,2.5,3.75,0.0,5.0,3.125,0.0,3.75,2.5,0.0,3.75,3.75,0.0,3.75,2.5,5.0,3.75,0.0,2.5,2.5,0.0,3.75,3.75,3.75,1.875,0.0,0.0,3.125,3.75,2.5,2.5,0.0,2.5,2.5,0.0,2.5,0.625,1.875,0.0,1.25,2.5,0.0,2.5,1.875,1.25,1.25,1.25,0.0,1.25,0.0,0.0,1.25,1.25,0.0,0.0,0.0,0.0,0.0,0.0,0.0,0.0
188,9,0.0,0.0,4.375,0.0,5.0,0.0,5.0,0.0,5.0,3.75,5.0,0.0,5.0,3.75,0.0,5.0,3.125,0.0,4.375,5.0,0.0,3.75,2.5,5.0,5.0,0.0,3.125,3.75,0.0,5.0,5.0,3.75,2.5,0.0,0.0,3.75,3.75,2.5,2.5,0.0,2.5,3.75,0.0,2.5,1.25,2.5,0.0,1.25,2.5,0.0,3.75,2.5,2.5,1.25,1.25,0.0,0.625,0.0,0.0,1.25,1.25,0.0,0.0,0.0,0.0,0.0,0.0,0.0,0.0
188,10,0.0,0.0,3.75,0.0,3.75,0.0,4.375,0.0,4.375,3.75,5.0,0.0,5.0,3.75,0.0,4.375,2.5,0.0,3.75,4.375,0.0,3.75,2.5,5.0,4.375,0.0,3.125,3.75,0.0,4.375,3.75,3.75,2.5,0.0,0.0,3.75,3.75,2.5,2.5,0.0,2.5,3.75,0.0,2.5,1.25,2.5,0.0,1.25,2.5,0.0,3.125,2.5,1.25,1.25,1.25,0.0,0.625,0.0,0.0,1.25,1.25,0.0,0.0,0.0,0.0,0.0,0.0,0.0,0.0
188,11,0.0,0.0,3.75,0.0,3.75,0.0,3.75,0.0,3.75,2.5,3.75,0.0,5.0,3.125,0.0,3.75,2.5,0.0,3.75,3.75,0.0,3.75,2.5,5.0,3.75,0.0,2.5,2.5,0.0,3.75,3.75,3.75,2.5,0.0,0.0,3.125,3.75,2.5,2.5,0.0,2.5,3.125,0.0,2.5,0.625,1.875,0.0,1.25,2.5,0.0,2.5,1.875,1.25,1.25,0.625,0.0,0.625,0.0,0.0,1.25,1.25,0.0,0.0,0.0,0.0,0.0,0.0,0.0,0.0
189,9,0.0,0.0,5.0,0.0,5.0,0.0,5.0,0.0,5.0,3.75,5.0,0.0,5.0,3.75,0.0,5.0,3.75,0.0,5.0,5.0,0.0,3.75,2.5,5.0,5.0,0.0,3.125,3.125,0.0,5.0,5.0,3.75,2.5,0.0,0.0,3.75,3.75,2.5,2.5,0.0,2.5,3.75,0.0,2.5,1.25,2.5,0.0,1.25,2.5,0.0,3.75,2.5,2.5,1.25,1.25,0.0,0.0,0.0,0.0,1.25,1.25,0.0,0.0,0.0,0.0,0.0,0.0,0.0,0.0
189,10,0.0,0.0,3.75,0.0,4.375,0.0,5.0,0.0,4.375,3.75,5.0,0.0,5.0,3.75,0.0,5.0,3.125,0.0,3.75,4.375,0.0,3.75,2.5,5.0,4.375,0.0,2.5,3.125,0.0,5.0,3.75,3.75,2.5,0.0,0.0,3.75,3.75,2.5,2.5,0.0,2.5,3.75,0.0,2.5,1.25,2.5,0.0,1.25,2.5,0.0,3.125,2.5,1.25,1.25,0.0,0.0,0.0,0.0,0.0,0.0,1.25,0.0,0.0,0.0,0.0,0.0,0.0,0.0,0.0
189,11,0.0,0.0,3.75,0.0,3.75,0.0,3.75,0.0,3.75,2.5,3.75,0.0,5.0,3.125,0.0,3.75,2.5,0.0,3.75,3.75,0.0,3.75,2.5,5.0,3.75,0.0,2.5,2.5,0.0,3.75,3.75,3.75,2.5,0.0,0.0,3.125,3.75,2.5,2.5,0.0,2.5,3.125,0.0,2.5,0.625,1.25,0.0,1.25,1.875,0.0,2.5,1.875,1.25,1.25,0.0,0.0,0.0,0.0,0.0,0.625,1.25,0.0,0.0,0.0,0.0,0.0,0.0,0.0,0.0
190,9,0.0,0.0,5.0,0.0,5.0,0.0,5.0,0.0,5.0,3.75,5.0,0.0,5.0,3.75,0.0,5.0,3.75,0.0,5.0,5.0,0.0,3.75,2.5,5.0,5.0,0.0,3.125,3.125,0.0,5.0,5.0,3.75,3.75,0.0,0.0,3.75,3.75,2.5,2.5,0.0,2.5,3.75,0.0,2.5,1.25,2.5,0.0,1.25,2.5,0.0,3.75,2.5,2.5,1.25,0.0,0.625,0.0,0.0,0.0,0.0,1.25,0.0,0.0,0.0,0.0,0.0,0.0,0.0,0.0
190,10,0.0,0.0,4.375,0.0,4.375,0.0,5.0,0.0,5.0,3.75,5.0,0.0,5.0,3.75,0.0,5.0,3.75,0.0,4.375,4.375,0.0,3.75,2.5,5.0,4.375,0.0,3.125,3.125,0.0,5.0,4.375,3.75,2.5,0.0,0.0,3.75,3.75,2.5,2.5,0.0,2.5,3.75,0.0,2.5,1.25,2.5,0.0,1.25,2.5,0.0,3.125,2.5,1.25,1.25,0.0,0.0,0.0,0.0,0.0,0.0,1.25,0.0,0.0,0.0,0.0,0.0,0.0,0.0,0.0
190,11,0.0,0.0,3.75,0.0,3.75,0.0,3.75,0.0,3.75,2.5,3.75,0.0,5.0,3.75,0.0,3.75,2.5,0.0,3.75,3.75,0.0,3.75,2.5,5.0,3.75,0.0,2.5,2.5,0.0,3.75,3.75,3.75,2.5,0.0,0.0,3.125,3.75,2.5,2.5,0.0,1.875,3.125,0.0,2.5,1.25,1.25,0.0,1.25,1.875,0.0,2.5,1.875,1.25,1.25,0.0,0.625,0.0,0.0,0.0,0.0,1.25,0.0,0.0,0.0,0.0,0.0,0.0,0.0,0.0
191,9,1.25,0.0,5.0,0.0,5.0,0.0,5.0,0.0,5.0,3.75,5.0,0.0,5.0,4.375,0.0,5.0,3.75,0.0,5.0,5.0,0.0,3.75,2.5,5.0,5.0,0.0,3.75,2.5,0.0,5.0,5.0,3.75,3.75,0.0,0.0,3.75,3.75,2.5,2.5,0.0,2.5,3.75,0.0,2.5,1.25,2.5,0.0,1.25,2.5,0.0,3.75,2.5,1.875,1.25,0.0,1.25,0.0,0.0,0.0,0.0,0.0,0.0,0.0,0.0,0.0,0.0,0.0,0.0,0.0
191,10,0.0,0.0,5.0,0.0,4.375,0.0,5.0,0.0,5.0,3.75,5.0,0.0,5.0,3.75,0.0,4.375,3.75,0.0,5.0,4.375,0.0,3.75,2.5,5.0,4.375,0.0,3.75,2.5,0.0,5.0,4.375,3.75,3.125,0.0,0.0,3.75,3.75,2.5,2.5,0.0,2.5,3.75,0.0,2.5,1.25,1.875,0.0,1.25,2.5,0.0,3.75,2.5,1.25,1.25,0.0,1.25,0.0,0.0,0.0,0.0,0.0,0.0,0.0,0.0,0.0,0.0,0.0,0.0,0.0
191,11,0.0,0.0,3.75,0.0,3.75,0.0,3.75,0.0,3.75,3.125,3.75,0.0,5.0,3.75,0.0,3.75,2.5,0.0,3.75,3.75,0.0,3.75,2.5,4.375,3.75,0.0,2.5,2.5,0.0,3.75,3.75,3.125,2.5,0.0,0.0,3.75,3.75,2.5,2.5,0.0,1.875,3.125,0.0,2.5,1.25,1.25,0.0,0.625,1.875,0.0,3.125,1.25,1.25,1.25,0.0,1.25,0.0,0.0,0.0,0.0,0.0,0.0,0.0,0.0,0.0,0.0,0.0,0.0,0.0
192,9,1.25,0.0,5.0,0.0,5.0,0.0,5.0,0.0,5.0,3.75,5.0,0.0,5.0,5.0,0.0,5.0,3.75,0.0,5.0,5.0,0.0,3.75,2.5,5.0,5.0,0.0,3.75,2.5,0.0,5.0,5.0,3.75,3.75,0.0,0.0,3.75,3.75,3.125,2.5,0.0,2.5,3.75,0.0,2.5,1.25,2.5,0.0,1.25,2.5,0.0,4.375,2.5,2.5,1.25,0.0,1.25,0.0,0.0,0.0,0.0,0.0,0.0,0.0,0.0,0.0,0.0,0.0,0.0,0.0
192,10,1.25,0.0,5.0,0.0,5.0,0.0,5.0,0.0,5.0,3.75,5.0,0.0,5.0,3.75,0.0,5.0,3.75,0.0,5.0,4.375,0.0,3.75,2.5,5.0,4.375,0.0,3.75,2.5,0.0,5.0,4.375,3.75,3.75,0.0,0.0,3.75,3.75,2.5,2.5,0.0,2.5,3.75,0.0,2.5,1.25,2.5,0.0,0.0,2.5,0.0,3.75,1.25,1.25,1.25,0.0,1.25,0.0,0.0,0.0,0.0,0.0,0.0,0.0,0.0,0.0,0.0,0.0,0.0,0.0
192,11,0.625,0.0,3.75,0.0,3.75,0.0,3.75,0.0,3.75,3.75,3.75,0.0,5.0,3.75,0.0,3.75,2.5,0.0,4.375,3.75,0.0,3.75,2.5,3.75,3.75,0.0,2.5,2.5,0.0,3.75,3.75,2.5,2.5,0.0,0.0,3.75,3.75,2.5,2.5,0.0,2.5,3.125,0.0,2.5,1.25,1.25,0.0,0.625,1.875,0.0,3.75,1.25,1.25,1.25,0.0,1.25,0.0,0.0,0.0,0.0,0.0,0.0,0.0,0.0,0.0,0.0,0.0,0.0,0.0
193,9,2.5,0.0,5.0,0.0,5.0,0.0,5.0,0.0,5.0,3.75,5.0,0.0,5.0,5.0,0.0,5.0,3.75,0.0,5.0,4.375,0.0,3.75,2.5,5.0,5.0,0.0,3.75,2.5,0.0,5.0,4.375,3.75,3.75,0.0,0.0,3.75,3.75,3.75,2.5,0.0,2.5,3.75,0.0,2.5,1.25,2.5,0.0,0.625,2.5,0.0,5.0,2.5,1.25,1.25,0.0,1.25,0.0,0.0,0.0,0.0,0.0,0.0,0.0,0.0,0.0,0.0,0.0,0.0,0.0
193,10,1.25,0.0,5.0,0.0,5.0,0.0,5.0,0.0,5.0,3.75,5.0,0.0,5.0,4.375,0.0,5.0,3.75,0.0,5.0,3.75,0.0,3.75,2.5,5.0,5.0,0.0,3.75,2.5,0.0,5.0,3.75,3.75,3.75,0.0,0.0,3.75,3.75,3.125,2.5,0.0,2.5,3.75,0.0,2.5,1.25,2.5,0.0,0.0,2.5,0.0,3.75,1.25,1.25,1.25,0.0,1.25,0.0,0.0,0.0,0.0,0.0,0.0,0.0,0.0,0.0,0.0,0.0,0.0,0.0
193,11,1.25,1.25,3.75,0.0,3.75,0.0,3.75,0.0,4.375,3.75,3.75,0.0,5.0,3.75,0.0,3.75,3.125,0.0,4.375,3.75,0.0,3.75,2.5,3.75,3.75,0.0,2.5,2.5,0.0,4.375,3.75,2.5,2.5,0.0,0.0,3.75,3.125,2.5,2.5,0.0,2.5,2.5,0.0,2.5,1.25,1.25,0.0,0.625,1.25,0.0,3.75,1.25,1.25,1.25,0.0,1.25,0.0,0.0,0.0,0.0,0.0,0.0,0.0,0.0,0.0,0.0,0.0,0.0,0.0
194,9,2.5,1.25,5.0,0.0,5.0,0.0,5.0,0.0,5.0,4.375,5.0,1.25,5.0,5.0,0.0,5.0,3.75,0.0,5.0,4.375,0.0,3.75,2.5,5.0,5.0,0.0,3.75,2.5,0.0,5.0,4.375,3.75,3.75,0.0,0.0,4.375,3.75,3.75,2.5,0.0,2.5,3.75,0.0,2.5,1.25,2.5,0.0,0.625,2.5,0.0,4.375,1.875,1.25,1.25,0.0,1.25,0.0,0.0,0.0,0.0,0.0,0.0,0.0,0.0,0.0,0.0,0.0,0.0,0.0
194,10,2.5,1.25,5.0,0.0,5.0,0.0,5.0,0.0,5.0,3.75,5.0,1.25,5.0,5.0,0.0,5.0,3.75,0.0,5.0,4.375,0.0,3.75,2.5,5.0,5.0,0.0,3.75,3.125,0.0,5.0,3.75,3.75,3.75,0.0,0.0,3.75,3.75,3.75,2.5,0.0,2.5,3.125,0.0,2.5,1.25,1.25,0.0,0.0,2.5,0.0,3.75,1.25,1.25,1.25,0.0,1.25,0.0,0.0,0.0,0.0,0.0,0.0,0.0,0.0,0.0,0.0,0.0,0.0,0.0
194,11,1.875,1.25,3.75,0.0,3.75,0.0,3.75,0.0,4.375,3.75,3.75,1.25,5.0,3.75,0.0,3.75,3.75,0.0,5.0,3.75,0.0,3.75,2.5,3.75,3.75,0.0,2.5,2.5,0.0,4.375,3.75,2.5,3.125,0.0,0.0,3.75,3.125,2.5,2.5,0.0,2.5,2.5,0.0,2.5,1.25,1.25,0.0,0.625,1.25,0.0,3.75,1.25,1.25,1.25,0.0,1.25,0.0,0.0,0.0,0.0,0.0,0.0,0.0,0.0,0.0,0.0,0.0,0.0,0.0
195,9,3.75,1.25,5.0,1.25,5.0,1.25,5.0,0.0,5.0,5.0,5.0,1.25,5.0,5.0,1.25,5.0,3.75,0.0,5.0,5.0,0.0,3.75,2.5,5.0,5.0,0.0,3.75,2.5,0.0,5.0,4.375,3.75,3.75,0.0,0.0,5.0,3.75,3.75,2.5,0.0,2.5,3.75,0.0,2.5,1.25,2.5,0.0,0.625,2.5,0.0,4.375,1.875,1.25,1.25,0.0,1.25,0.0,0.0,0.0,0.0,0.0,0.0,0.0,0.0,0.0,0.0,0.0,0.0,0.0
195,10,2.5,1.25,5.0,1.25,5.0,0.625,4.375,0.0,5.0,4.375,4.375,1.25,5.0,5.0,0.0,4.375,3.75,0.0,5.0,4.375,0.0,3.75,2.5,4.375,5.0,0.0,3.75,3.125,0.0,5.0,3.75,3.75,3.75,0.0,0.0,3.75,3.75,3.75,2.5,0.0,2.5,2.5,0.0,2.5,1.25,1.25,0.0,0.0,2.5,0.0,3.75,1.25,1.25,1.25,0.0,1.25,0.0,0.0,0.0,0.0,0.0,0.0,0.0,0.0,0.0,0.0,0.0,0.0,0.0
195,11,2.5,1.875,3.75,1.25,3.75,1.25,3.75,0.0,5.0,3.75,3.75,1.25,5.0,3.75,0.625,3.75,3.75,0.0,5.0,3.75,0.0,3.75,2.5,3.75,3.75,0.0,3.125,2.5,0.0,3.75,3.75,2.5,3.125,0.0,0.0,3.75,2.5,3.125,2.5,0.0,1.875,2.5,0.0,2.5,1.25,1.25,0.0,0.0,1.25,0.0,3.75,1.25,1.25,1.25,0.0,1.25,0.0,0.0,0.0,0.0,0.0,0.0,0.0,0.0,0.0,0.0,0.0,0.0,0.0
196,9,4.375,2.5,5.0,1.25,5.0,1.25,5.0,0.0,5.0,5.0,5.0,1.875,5.0,5.0,1.25,5.0,4.375,0.0,5.0,4.375,0.0,3.75,2.5,5.0,5.0,0.0,3.75,2.5,0.0,5.0,3.75,3.75,3.75,0.0,0.0,5.0,3.75,3.75,2.5,0.0,2.5,3.75,0.0,2.5,2.5,2.5,0.0,0.625,2.5,0.0,4.375,1.875,1.25,1.25,0.0,1.25,0.0,0.0,0.0,0.0,0.0,0.0,0.0,0.0,0.0,0.0,0.0,0.0,0.0
196,10,3.75,2.5,5.0,1.25,5.0,1.25,4.375,0.0,5.0,5.0,4.375,1.25,5.0,5.0,1.25,4.375,4.375,0.0,5.0,3.75,0.0,3.75,2.5,4.375,5.0,0.0,3.75,3.125,0.0,5.0,3.75,3.75,3.75,0.0,0.0,3.75,3.75,3.75,2.5,0.0,2.5,2.5,0.0,2.5,2.5,2.5,0.0,0.0,2.5,0.0,3.75,1.25,1.25,1.25,0.0,1.25,0.0,0.0,0.0,0.0,0.0,0.0,0.0,0.0,0.0,0.0,0.0,0.0,0.0
196,11,3.125,2.5,3.75,1.25,4.375,1.25,3.75,0.0,5.0,3.75,3.75,1.25,5.0,3.75,1.25,3.75,3.75,0.0,5.0,3.75,0.0,3.75,2.5,3.75,4.375,0.0,3.75,2.5,0.0,3.75,3.75,2.5,3.125,0.0,0.0,3.75,2.5,3.75,1.875,0.0,2.5,2.5,0.0,2.5,1.25,1.25,0.0,0.0,1.25,0.0,3.75,1.25,1.25,1.25,0.0,1.25,0.0,0.0,0.0,0.0,0.0,0.0,0.0,0.0,0.0,0.0,0.0,0.0,0.0
197,9,5.0,3.125,5.0,2.5,5.0,1.25,4.375,0.0,5.0,5.0,5.0,2.5,5.0,5.0,1.25,5.0,5.0,0.0,5.0,4.375,0.0,3.75,2.5,5.0,5.0,0.0,3.75,3.75,0.0,5.0,3.75,3.75,3.75,0.0,0.0,5.0,2.5,3.75,2.5,0.0,2.5,3.125,0.0,2.5,2.5,2.5,0.0,0.625,2.5,0.0,4.375,1.25,1.25,1.25,0.0,1.25,0.0,0.0,0.0,0.0,0.0,0.0,0.0,0.0,0.0,0.0,0.0,0.0,0.0
197,10,3.75,3.125,5.0,2.5,5.0,1.25,4.375,0.0,5.0,5.0,4.375,2.5,5.0,5.0,1.25,5.0,5.0,0.0,5.0,3.75,0.0,3.75,2.5,3.75,5.0,0.0,3.75,3.75,0.0,5.0,3.75,3.75,3.75,0.0,0.0,3.75,3.125,3.75,1.25,0.0,2.5,2.5,0.0,2.5,2.5,2.5,0.0,0.625,2.5,0.0,3.75,1.25,1.25,1.25,0.0,1.25,0.0,0.0,0.0,0.0,0.0,0.0,0.0,0.0,0.0,0.0,0.0,0.0,0.0
197,11,3.75,3.125,3.75,2.5,4.375,1.25,3.75,0.625,4.375,3.75,3.75,2.5,5.0,4.375,1.25,3.75,3.75,0.0,5.0,3.75,0.0,3.75,2.5,3.75,4.375,0.0,3.75,2.5,0.0,3.75,3.75,2.5,3.75,0.0,0.0,3.75,2.5,3.75,1.25,0.0,2.5,2.5,0.0,2.5,2.5,1.875,0.0,0.625,1.25,0.0,3.75,1.25,1.25,1.25,0.0,1.25,0.0,0.0,0.0,0.0,0.0,0.0,0.0,0.0,0.0,0.0,0.0,0.0,0.0
198,9,5.0,3.75,5.0,2.5,5.0,2.5,4.375,1.25,5.0,5.0,5.0,3.75,5.0,5.0,2.5,5.0,5.0,0.0,5.0,3.75,0.0,3.75,2.5,3.75,5.0,0.0,3.75,3.75,0.0,5.0,3.75,3.75,3.75,0.0,0.0,5.0,2.5,4.375,2.5,0.0,2.5,2.5,0.0,2.5,2.5,2.5,0.0,1.25,2.5,0.0,3.75,1.25,1.25,1.25,0.0,1.25,0.0,0.0,0.0,0.0,0.0,0.0,0.0,0.0,0.0,0.0,0.0,0.0,0.0
198,10,4.375,3.75,5.0,2.5,5.0,2.5,4.375,1.25,5.0,5.0,4.375,2.5,5.0,5.0,2.5,4.375,5.0,0.0,5.0,3.75,0.0,3.75,2.5,3.75,5.0,0.0,3.75,3.75,0.0,3.75,3.75,3.125,3.75,0.0,0.0,3.75,3.125,3.75,2.5,0.0,2.5,2.5,0.0,2.5,2.5,1.875,0.0,0.625,2.5,0.0,3.125,1.25,1.25,1.25,0.0,1.25,0.0,0.0,0.0,0.0,0.0,0.0,0.0,0.0,0.0,0.0,0.0,0.0,0.0
198,11,3.75,3.75,4.375,2.5,4.375,2.5,3.75,1.25,4.375,4.375,3.75,2.5,5.0,4.375,2.5,3.75,3.75,0.0,5.0,3.75,0.0,3.75,2.5,3.75,4.375,0.0,3.75,2.5,0.0,3.75,3.125,2.5,3.75,0.0,0.0,3.75,2.5,3.75,1.25,0.0,2.5,2.5,0.0,2.5,2.5,1.875,0.0,0.625,1.25,0.0,3.125,1.25,1.25,1.25,0.0,1.25,0.0,0.0,0.0,0.0,0.0,0.0,0.0,0.0,0.0,0.0,0.0,0.0,0.0
199,9,5.0,4.375,5.0,3.75,5.0,2.5,4.375,1.25,5.0,5.0,5.0,3.75,5.0,5.0,3.75,5.0,5.0,1.25,5.0,3.75,0.0,3.75,2.5,3.75,5.0,0.0,5.0,3.75,0.0,3.75,3.75,3.125,3.75,0.0,0.0,5.0,2.5,5.0,2.5,0.0,2.5,2.5,0.0,2.5,2.5,2.5,0.0,1.25,2.5,0.0,3.75,1.25,1.25,1.25,0.0,1.25,0.0,0.0,0.0,0.0,0.0,0.0,0.0,0.0,0.0,0.0,0.0,0.0,0.0
199,10,5.0,4.375,5.0,3.125,5.0,2.5,3.75,1.25,5.0,5.0,4.375,3.75,5.0,5.0,2.5,4.375,5.0,0.0,5.0,3.75,0.0,3.75,3.125,3.75,5.0,0.0,3.75,3.75,0.0,3.75,3.75,2.5,3.75,0.0,0.0,3.75,2.5,3.75,2.5,0.0,2.5,2.5,0.0,2.5,2.5,2.5,0.0,0.625,2.5,0.0,2.5,1.25,1.25,1.25,0.0,1.25,0.0,0.0,0.0,0.0,0.0,0.0,0.0,0.0,0.0,0.0,0.0,0.0,0.0
199,11,4.375,4.375,4.375,3.75,5.0,2.5,3.75,1.25,4.375,4.375,3.75,3.125,4.375,5.0,2.5,3.75,4.375,0.0,5.0,3.125,0.0,3.75,2.5,3.75,4.375,0.0,3.75,3.125,0.0,3.75,3.125,2.5,3.125,0.0,0.0,3.75,2.5,3.75,1.25,0.0,2.5,2.5,0.0,2.5,2.5,2.5,0.0,1.25,1.875,0.0,2.5,1.25,1.25,1.25,0.0,1.25,0.0,0.0,0.0,0.0,0.0,0.0,0.0,0.0,0.0,0.0,0.0,0.0,0.0
200,9,5.0,5.0,5.0,3.75,5.0,3.75,4.375,1.25,5.0,5.0,4.375,5.0,5.0,5.0,3.75,5.0,5.0,1.25,5.0,3.75,0.0,3.75,3.75,3.75,5.0,0.0,5.0,3.75,0.0,3.75,3.75,2.5,3.75,0.0,0.0,5.0,2.5,5.0,2.5,0.0,2.5,2.5,0.0,2.5,2.5,3.125,0.0,1.25,2.5,0.0,3.75,1.25,1.25,1.25,0.0,1.25,0.0,0.0,0.0,0.0,0.0,0.0,0.0,0.0,0.0,0.0,0.0,0.0,0.0
200,10,5.0,5.0,5.0,3.75,5.0,2.5,3.75,1.25,5.0,5.0,3.75,3.75,5.0,5.0,3.75,4.375,5.0,1.25,5.0,3.75,0.0,3.75,3.75,3.75,5.0,0.0,5.0,3.75,0.0,3.75,3.75,2.5,3.75,0.0,0.0,3.75,2.5,3.75,1.25,0.0,2.5,2.5,0.0,2.5,2.5,2.5,0.0,1.25,2.5,0.0,2.5,1.25,1.25,1.25,0.0,0.625,0.0,0.0,0.0,0.0,0.0,0.0,0.0,0.0,0.0,0.0,0.0,0.0,0.0
200,11,5.0,5.0,4.375,3.75,5.0,2.5,3.75,1.25,3.75,5.0,3.75,3.75,4.375,5.0,3.75,3.75,5.0,1.25,5.0,3.125,0.0,3.75,2.5,3.75,4.375,0.0,3.75,3.125,0.0,3.75,3.125,2.5,2.5,0.0,0.0,3.75,2.5,3.75,1.25,0.0,2.5,2.5,0.0,2.5,2.5,2.5,0.0,1.25,1.875,0.0,2.5,1.25,1.25,1.25,0.0,0.625,0.0,0.0,0.0,0.0,0.0,0.0,0.0,0.0,0.0,0.0,0.0,0.0,0.0
201,9,5.0,5.0,5.0,3.75,5.0,3.75,4.375,1.25,5.0,5.0,4.375,5.0,5.0,5.0,5.0,5.0,5.0,2.5,5.0,3.75,0.0,4.375,3.75,3.75,5.0,0.0,5.0,3.75,0.0,3.75,3.75,2.5,3.75,0.0,0.0,4.375,2.5,5.0,2.5,0.0,2.5,2.5,0.0,2.5,2.5,3.75,0.0,1.25,2.5,0.0,3.75,1.25,1.25,1.25,0.0,0.625,0.0,0.0,0.0,0.0,0.0,0.0,0.0,0.0,0.0,0.0,0.0,0.0,0.0
201,10,5.0,5.0,5.0,3.75,5.0,3.75,3.75,1.25,5.0,5.0,3.75,4.375,5.0,5.0,3.75,5.0,5.0,1.25,5.0,3.75,0.0,3.75,3.75,3.75,5.0,0.0,5.0,3.75,0.0,3.75,3.75,2.5,3.75,0.0,0.0,3.75,2.5,3.75,1.25,0.0,2.5,2.5,0.0,2.5,2.5,2.5,0.0,1.25,2.5,0.0,2.5,1.25,1.25,1.25,0.0,0.625,0.0,0.0,0.0,0.0,0.0,0.0,0.0,0.0,0.0,0.0,0.0,0.0,0.0
201,11,5.0,5.0,4.375,3.75,5.0,3.75,3.75,1.25,3.75,5.0,3.75,4.375,3.75,5.0,3.75,3.75,5.0,1.25,5.0,3.125,0.0,3.75,2.5,3.75,4.375,0.0,3.75,3.75,0.0,3.125,2.5,2.5,2.5,0.0,0.0,3.75,2.5,3.75,1.25,0.0,2.5,2.5,0.0,2.5,2.5,2.5,0.0,1.25,2.5,0.0,2.5,1.25,1.25,1.25,0.0,0.625,0.0,0.0,0.0,0.0,0.0,0.0,0.0,0.0,0.0,0.0,0.0,0.0,0.0
202,9,5.0,5.0,5.0,4.375,5.0,3.75,4.375,1.25,5.0,5.0,5.0,5.0,5.0,5.0,5.0,5.0,5.0,2.5,5.0,3.75,0.0,5.0,3.75,3.75,5.0,0.0,5.0,3.75,0.0,3.75,3.75,2.5,3.75,0.0,0.0,3.75,2.5,5.0,1.875,0.0,2.5,2.5,0.0,2.5,2.5,3.75,0.0,1.25,2.5,0.0,3.75,1.25,1.25,1.25,0.0,0.0,0.0,1.25,0.0,0.0,0.0,0.0,0.0,0.0,0.0,0.0,0.0,0.0,0.0
202,10,5.0,5.0,5.0,3.75,5.0,3.75,3.75,2.5,5.0,5.0,3.75,5.0,5.0,5.0,4.375,5.0,5.0,2.5,5.0,3.75,0.0,4.375,3.75,3.75,5.0,0.0,5.0,3.75,0.0,3.75,3.75,2.5,3.75,0.0,0.0,3.75,2.5,3.75,1.25,0.0,2.5,2.5,0.0,2.5,2.5,2.5,0.0,1.25,2.5,0.0,2.5,1.25,1.25,1.25,0.0,0.0,0.0,0.625,0.0,0.0,0.0,0.0,0.0,0.0,0.0,0.0,0.0,0.0,0.0
202,11,5.0,5.0,4.375,4.375,5.0,3.75,3.75,2.5,3.75,5.0,3.75,5.0,3.75,5.0,3.75,3.75,5.0,2.5,4.375,2.5,0.0,3.75,3.125,3.75,4.375,0.0,3.75,3.75,0.0,2.5,3.125,2.5,2.5,0.0,0.0,3.75,2.5,3.75,1.25,0.0,2.5,1.875,0.0,2.5,2.5,2.5,0.0,1.25,2.5,0.0,2.5,1.25,1.25,1.25,0.0,0.625,0.0,0.625,0.0,0.0,0.0,0.0,0.0,0.0,0.0,0.0,0.0,0.0,0.0
203,9,5.0,5.0,5.0,4.375,5.0,3.75,4.375,2.5,5.0,5.0,5.0,5.0,5.0,5.0,5.0,5.0,5.0,3.75,5.0,3.75,0.0,5.0,3.75,3.75,5.0,0.0,5.0,4.375,0.0,3.75,3.75,2.5,3.75,0.0,0.0,3.75,2.5,4.375,1.25,0.0,2.5,2.5,0.0,2.5,2.5,3.75,0.0,1.25,3.125,0.0,3.75,1.25,1.25,1.25,0.0,0.0,0.0,1.25,0.0,0.0,0.0,0.0,0.0,0.0,0.0,0.0,0.0,0.0,0.0
203,10,5.0,5.0,5.0,3.75,5.0,3.75,3.75,2.5,4.375,5.0,4.375,5.0,5.0,5.0,5.0,4.375,5.0,3.75,5.0,3.75,0.0,4.375,3.75,3.75,5.0,0.0,5.0,3.75,0.0,3.75,3.75,2.5,3.75,0.0,0.0,3.75,2.5,3.75,1.25,0.0,2.5,2.5,0.0,2.5,2.5,2.5,0.0,1.25,2.5,0.0,2.5,1.25,1.25,1.25,0.0,0.0,0.0,1.25,0.0,0.0,0.0,0.0,0.0,0.0,0.0,0.0,0.0,0.0,0.0
203,11,5.0,5.0,4.375,3.75,5.0,3.75,3.75,2.5,3.75,5.0,3.75,5.0,3.75,5.0,5.0,3.75,5.0,2.5,4.375,2.5,0.0,3.75,3.75,3.75,3.75,0.0,3.75,3.75,0.0,2.5,3.125,2.5,2.5,0.0,0.0,3.75,2.5,3.75,1.25,0.0,2.5,1.875,0.0,2.5,2.5,2.5,0.0,1.25,2.5,0.0,2.5,1.25,1.25,1.25,0.0,0.0,0.0,1.25,0.0,0.0,0.0,0.0,0.0,0.0,0.0,0.0,0.0,0.0,0.0
204,9,5.0,5.0,5.0,3.75,5.0,3.75,5.0,2.5,4.375,5.0,5.0,5.0,5.0,5.0,5.0,5.0,5.0,5.0,5.0,3.75,0.0,5.0,3.75,3.75,5.0,0.0,5.0,4.375,0.0,3.75,3.75,2.5,2.5,0.0,0.0,3.75,2.5,4.375,1.25,0.0,2.5,2.5,0.0,2.5,2.5,3.75,0.0,1.25,3.75,0.0,2.5,1.25,1.25,1.25,0.0,0.0,0.0,1.25,0.0,0.0,0.0,0.0,0.0,0.0,0.0,0.0,0.0,0.0,0.0
204,10,5.0,5.0,5.0,3.75,5.0,3.75,4.375,2.5,3.75,5.0,3.75,5.0,5.0,5.0,5.0,4.375,5.0,3.75,5.0,3.75,0.0,4.375,3.75,3.75,5.0,0.0,5.0,3.75,0.0,3.75,3.75,2.5,3.125,0.0,0.0,3.75,2.5,3.75,1.25,0.0,2.5,2.5,0.0,2.5,2.5,2.5,0.0,1.25,2.5,0.0,2.5,1.25,1.25,1.25,0.0,0.0,0.0,1.25,0.0,0.0,0.0,0.0,0.0,0.0,0.0,0.0,0.0,0.0,0.0
204,11,5.0,5.0,4.375,3.75,5.0,3.75,3.75,2.5,3.75,5.0,3.75,5.0,3.75,5.0,5.0,3.75,5.0,3.75,3.75,3.125,0.0,3.75,3.75,3.75,3.75,0.0,3.75,3.75,0.0,2.5,2.5,2.5,2.5,0.0,0.0,2.5,1.875,3.75,1.25,0.0,2.5,1.875,0.0,2.5,2.5,2.5,0.0,1.25,2.5,0.0,2.5,1.25,1.25,1.25,0.0,0.0,0.0,1.25,0.0,0.0,0.0,0.0,0.0,0.0,0.0,0.0,0.0,0.0,0.0
205,9,5.0,5.0,5.0,3.75,5.0,3.75,5.0,2.5,3.75,5.0,5.0,5.0,5.0,5.0,5.0,5.0,5.0,5.0,5.0,3.75,1.25,5.0,3.75,3.75,5.0,0.0,5.0,4.375,0.0,3.75,3.75,2.5,2.5,0.0,0.0,3.75,2.5,4.375,1.25,0.0,2.5,2.5,0.0,2.5,2.5,3.75,0.0,1.25,3.75,0.0,2.5,1.25,1.25,1.25,0.0,0.0,0.0,1.25,0.0,0.0,0.0,0.0,0.0,0.0,0.0,0.0,0.0,0.0,0.0
205,10,5.0,5.0,5.0,3.75,5.0,3.75,5.0,2.5,3.75,5.0,4.375,5.0,5.0,5.0,5.0,5.0,5.0,5.0,5.0,3.75,1.25,5.0,3.75,3.75,5.0,0.0,5.0,3.75,0.0,3.75,3.75,2.5,2.5,0.0,0.0,3.75,2.5,3.75,1.25,0.0,2.5,2.5,0.0,2.5,2.5,3.75,0.0,1.25,2.5,0.0,2.5,1.25,1.25,1.25,0.0,0.0,0.0,1.25,0.0,0.0,0.0,0.0,0.0,0.0,0.0,0.0,0.0,0.0,0.0
205,11,5.0,5.0,4.375,3.75,4.375,3.75,3.75,2.5,3.75,4.375,3.75,5.0,3.75,5.0,5.0,4.375,5.0,3.75,3.75,3.125,0.0,3.75,3.75,3.75,3.75,0.0,4.375,3.75,0.0,2.5,2.5,2.5,2.5,0.0,0.0,2.5,1.875,3.75,1.25,0.0,2.5,1.875,0.0,2.5,2.5,2.5,0.0,1.25,2.5,0.0,1.875,1.25,1.25,1.25,0.0,0.0,0.0,1.25,0.0,0.0,0.0,0.0,0.0,0.0,0.0,0.0,0.0,0.0,0.0
206,9,5.0,5.0,5.0,3.75,5.0,3.75,5.0,2.5,3.75,5.0,5.0,5.0,5.0,5.0,5.0,5.0,5.0,5.0,5.0,3.75,1.25,5.0,4.375,3.75,5.0,0.0,5.0,5.0,0.0,3.75,3.75,2.5,2.5,0.0,0.0,3.75,2.5,3.75,1.25,0.0,2.5,2.5,0.0,2.5,2.5,3.75,0.0,1.25,3.75,0.0,2.5,1.25,1.25,1.25,0.0,0.0,0.0,1.25,0.0,0.0,0.0,0.0,0.0,0.0,0.0,0.0,0.0,0.0,0.0
206,10,5.0,5.0,5.0,3.75,5.0,3.75,5.0,2.5,3.75,5.0,4.375,5.0,5.0,5.0,5.0,5.0,5.0,5.0,4.375,3.75,1.25,5.0,3.75,3.75,5.0,0.0,5.0,4.375,0.0,3.75,3.75,3.125,2.5,0.0,0.0,2.5,2.5,3.75,1.25,0.0,2.5,2.5,0.0,2.5,2.5,3.75,0.0,1.25,3.125,0.0,1.25,1.25,1.25,1.25,0.0,0.0,0.0,1.25,0.0,0.0,0.0,0.0,0.0,0.0,0.0,0.0,0.0,0.0,0.0
206,11,5.0,5.0,4.375,3.75,5.0,3.75,3.75,2.5,3.125,4.375,3.75,5.0,3.75,5.0,5.0,4.375,5.0,4.375,3.75,2.5,1.25,3.75,3.75,3.75,3.75,0.0,5.0,3.75,0.0,2.5,2.5,2.5,2.5,0.0,0.0,2.5,1.875,3.75,1.25,0.0,2.5,2.5,0.0,2.5,2.5,2.5,0.0,1.25,2.5,0.0,1.25,1.25,1.25,1.25,0.0,0.0,0.0,1.25,0.0,0.0,0.0,0.0,0.0,0.0,0.0,0.0,0.0,0.0,0.0
207,9,5.0,5.0,5.0,3.75,5.0,3.75,5.0,2.5,3.75,5.0,5.0,5.0,5.0,5.0,5.0,5.0,5.0,5.0,5.0,3.75,2.5,5.0,5.0,3.75,5.0,0.625,5.0,5.0,0.0,3.75,3.75,2.5,2.5,0.0,0.0,3.125,2.5,3.75,1.25,0.0,2.5,2.5,0.0,2.5,2.5,3.75,0.0,1.25,3.75,0.0,2.5,1.25,1.25,1.25,0.0,0.625,0.0,1.875,0.0,0.0,0.0,0.0,0.0,0.0,0.0,0.0,0.0,0.0,0.0
207,10,5.0,5.0,5.0,3.75,5.0,3.75,5.0,2.5,3.75,5.0,4.375,5.0,5.0,5.0,5.0,5.0,5.0,5.0,4.375,3.75,1.875,5.0,4.375,3.75,5.0,1.25,5.0,5.0,0.0,3.75,3.75,3.125,2.5,0.0,0.0,2.5,2.5,3.75,1.25,0.0,2.5,2.5,0.0,2.5,2.5,2.5,0.0,1.25,3.75,0.0,1.875,1.25,1.25,1.25,0.0,0.0,0.0,1.25,0.0,0.0,0.0,0.0,0.0,0.0,0.0,0.0,0.0,0.0,0.0
207,11,5.0,5.0,4.375,3.75,5.0,2.5,3.75,2.5,3.125,4.375,3.75,5.0,3.75,4.375,5.0,4.375,5.0,5.0,3.75,2.5,1.25,3.75,3.75,3.75,3.75,1.25,5.0,3.75,0.0,2.5,2.5,2.5,2.5,0.0,0.0,2.5,1.875,3.125,1.25,0.0,2.5,2.5,0.0,2.5,2.5,2.5,0.0,1.25,3.125,0.0,1.875,1.25,1.25,1.25,0.0,0.625,0.0,1.25,0.0,0.0,0.0,0.0,0.0,0.0,0.0,0.0,0.0,0.0,0.0
208,9,5.0,5.0,5.0,3.75,5.0,3.75,5.0,2.5,3.75,5.0,5.0,5.0,5.0,5.0,5.0,5.0,5.0,5.0,5.0,3.75,2.5,5.0,5.0,3.75,5.0,1.25,5.0,5.0,0.625,3.75,2.5,3.125,2.5,0.0,0.0,3.125,2.5,3.75,1.25,0.625,2.5,3.125,0.0,2.5,2.5,3.75,0.0,1.25,3.75,0.0,2.5,1.25,1.25,1.25,0.0,0.625,0.0,2.5,0.0,0.0,0.0,0.0,0.0,0.0,0.0,0.0,0.0,0.0,0.0
208,10,5.0,5.0,5.0,3.75,5.0,2.5,5.0,2.5,3.75,5.0,4.375,5.0,5.0,5.0,5.0,5.0,5.0,5.0,3.75,3.75,2.5,5.0,5.0,3.75,4.375,1.25,5.0,5.0,0.0,3.75,3.75,3.125,2.5,0.0,0.0,2.5,2.5,3.75,1.25,0.0,2.5,2.5,0.0,2.5,2.5,2.5,0.0,1.25,3.75,0.0,1.25,1.25,1.25,1.25,0.0,0.625,0.0,1.25,0.0,0.0,0.0,0.0,0.0,0.0,0.0,0.0,0.0,0.0,0.0
208,11,5.0,3.75,5.0,3.75,4.375,2.5,3.75,2.5,3.125,3.75,3.75,5.0,3.75,3.75,5.0,4.375,5.0,5.0,3.75,3.125,2.5,3.75,3.75,3.75,3.75,1.25,5.0,3.75,1.25,3.125,2.5,2.5,2.5,0.0,0.0,2.5,1.875,2.5,1.25,0.0,2.5,2.5,0.0,2.5,2.5,2.5,0.0,1.25,2.5,0.0,1.25,1.25,1.25,1.25,0.0,0.625,0.0,1.25,0.0,0.0,0.0,0.0,0.0,0.0,0.0,0.0,0.0,0.0,0.0
209,9,5.0,5.0,5.0,3.75,5.0,3.75,5.0,2.5,3.75,5.0,5.0,5.0,5.0,5.0,5.0,5.0,5.0,5.0,4.375,3.75,3.75,5.0,5.0,3.75,5.0,1.25,5.0,5.0,1.25,3.75,2.5,3.125,2.5,1.25,0.0,2.5,2.5,3.75,1.25,1.25,2.5,3.75,1.25,3.125,2.5,3.75,1.25,1.25,4.375,0.0,2.5,1.25,1.25,1.25,0.0,1.25,0.0,2.5,0.0,0.0,0.0,0.0,0.0,0.0,0.0,0.0,0.0,0.0,0.0
209,10,5.0,3.75,5.0,3.75,5.0,2.5,5.0,2.5,3.75,4.375,5.0,5.0,5.0,5.0,5.0,5.0,5.0,5.0,3.75,3.75,2.5,5.0,5.0,3.75,4.375,1.25,5.0,5.0,1.25,3.75,2.5,3.125,2.5,1.25,0.0,2.5,2.5,3.75,1.25,1.25,2.5,3.125,0.625,2.5,2.5,2.5,0.0,1.25,3.125,0.0,1.25,1.25,1.25,1.25,0.0,1.25,0.0,1.25,0.0,0.0,0.0,0.0,0.0,0.0,0.0,0.0,0.0,0.0,0.0
209,11,5.0,3.75,5.0,3.75,4.375,2.5,4.375,2.5,3.125,3.75,3.75,5.0,3.75,3.75,5.0,4.375,4.375,5.0,3.75,3.75,2.5,3.75,3.75,3.75,3.75,1.25,5.0,3.75,1.25,3.125,2.5,2.5,2.5,1.25,0.0,2.5,1.875,2.5,1.25,1.25,2.5,2.5,1.25,2.5,2.5,2.5,0.0,1.25,2.5,0.0,1.25,1.25,1.25,1.25,0.0,1.25,0.0,1.25,0.0,0.0,0.0,0.0,0.0,0.0,0.0,0.0,0.0,0.0,0.0
210,9,5.0,4.375,5.0,3.75,5.0,3.75,5.0,2.5,3.75,5.0,5.0,5.0,5.0,5.0,5.0,5.0,5.0,5.0,4.375,3.75,3.75,5.0,5.0,3.75,5.0,2.5,5.0,5.0,1.25,3.75,2.5,3.125,2.5,1.25,0.0,3.125,2.5,3.75,1.875,1.25,2.5,3.75,1.25,3.125,2.5,3.75,1.25,1.25,3.75,0.0,1.875,1.25,1.25,1.25,0.0,1.25,0.0,1.875,0.0,0.0,0.0,0.0,0.0,0.0,0.0,0.0,0.0,0.0,0.0
210,10,5.0,3.75,5.0,3.75,5.0,2.5,5.0,2.5,3.75,4.375,5.0,5.0,4.375,5.0,5.0,5.0,5.0,5.0,3.75,3.75,3.75,5.0,5.0,3.75,3.75,2.5,5.0,5.0,1.25,3.75,2.5,3.125,2.5,1.25,0.0,2.5,2.5,3.125,1.875,1.25,2.5,2.5,1.25,2.5,2.5,2.5,1.25,1.25,3.75,0.0,1.25,1.25,1.25,1.25,0.0,1.25,0.0,1.25,0.0,0.0,0.0,0.0,0.0,0.0,0.0,0.0,0.0,0.0,0.0
210,11,4.375,3.75,5.0,3.125,4.375,2.5,4.375,2.5,3.125,3.75,3.75,5.0,3.75,3.75,4.375,3.75,3.75,5.0,3.75,3.75,2.5,3.75,3.75,3.125,3.75,2.5,5.0,3.75,1.25,3.75,2.5,2.5,2.5,1.25,0.0,2.5,1.875,2.5,1.25,1.25,1.875,2.5,1.25,2.5,2.5,2.5,1.25,1.25,2.5,0.0,1.25,1.25,1.25,1.25,0.0,1.25,0.0,1.25,0.0,0.0,0.0,0.0,0.0,0.0,0.0,0.0,0.0,0.0,0.0
211,9,5.0,3.75,5.0,3.75,5.0,3.75,5.0,2.5,3.75,5.0,5.0,5.0,5.0,5.0,5.0,5.0,5.0,5.0,4.375,4.375,4.375,5.0,5.0,3.75,4.375,2.5,5.0,5.0,2.5,4.375,2.5,3.125,2.5,1.25,1.25,3.75,2.5,3.125,2.5,1.875,2.5,3.125,1.25,2.5,2.5,2.5,1.25,1.25,3.75,0.0,1.25,1.25,1.25,1.25,0.0,1.25,0.0,1.25,0.0,0.0,0.0,0.0,0.0,0.0,0.0,0.0,0.0,0.0,0.0
211,10,5.0,3.75,5.0,3.75,5.0,3.125,5.0,2.5,3.75,4.375,5.0,5.0,4.375,4.375,3.75,5.0,5.0,5.0,3.75,3.75,3.75,5.0,5.0,3.75,3.75,2.5,5.0,5.0,1.875,3.75,2.5,3.125,2.5,1.25,1.25,2.5,2.5,3.125,2.5,1.25,2.5,2.5,1.25,2.5,2.5,2.5,1.25,1.25,3.75,0.0,1.25,1.25,1.25,1.25,0.0,1.25,0.0,1.25,0.0,0.0,0.0,0.0,0.0,0.0,0.0,0.0,0.0,0.0,0.0
211,11,4.375,3.75,5.0,3.125,4.375,2.5,4.375,2.5,3.125,3.75,3.75,4.375,3.75,3.75,3.75,3.75,3.75,5.0,3.75,3.75,3.75,3.75,4.375,3.125,3.75,2.5,5.0,3.75,2.5,3.75,2.5,2.5,2.5,1.25,1.25,2.5,2.5,2.5,1.25,1.25,1.875,2.5,1.25,2.5,2.5,2.5,1.25,1.25,2.5,0.0,1.25,1.25,1.25,1.25,0.0,1.25,0.0,1.25,0.0,0.0,0.0,0.0,0.0,0.0,0.0,0.0,0.0,0.0,0.0
212,9,5.0,3.75,5.0,3.75,5.0,3.75,5.0,2.5,3.75,5.0,5.0,5.0,5.0,3.75,5.0,5.0,5.0,5.0,4.375,4.375,5.0,5.0,5.0,3.75,3.75,3.125,5.0,5.0,2.5,5.0,2.5,3.125,3.125,2.5,1.25,3.75,2.5,2.5,2.5,2.5,2.5,3.125,2.5,2.5,2.5,2.5,1.25,1.25,3.75,0.0,1.25,1.25,1.25,1.25,0.0,1.25,0.0,1.25,0.0,0.0,0.0,0.0,0.0,0.0,0.0,0.0,0.0,0.0,0.0
212,10,5.0,3.75,5.0,3.75,5.0,3.75,5.0,2.5,3.75,4.375,5.0,4.375,5.0,3.75,3.75,4.375,5.0,5.0,3.75,3.75,4.375,5.0,5.0,3.75,3.75,3.75,5.0,5.0,2.5,3.75,2.5,3.125,2.5,1.875,1.25,3.75,2.5,2.5,2.5,1.875,2.5,2.5,1.25,2.5,2.5,2.5,1.25,1.25,3.75,0.0,1.25,1.25,1.25,1.25,0.0,1.25,0.0,1.25,0.0,0.0,0.0,0.0,0.0,0.0,0.0,0.0,0.0,0.0,0.0
212,11,3.75,3.75,5.0,3.125,4.375,2.5,5.0,2.5,3.75,3.75,3.75,3.75,3.75,3.75,3.75,3.75,3.75,5.0,3.75,3.75,3.75,3.75,4.375,3.125,3.125,3.75,4.375,3.75,2.5,3.75,2.5,2.5,2.5,1.875,1.25,2.5,2.5,2.5,1.875,1.875,1.25,2.5,1.25,2.5,2.5,2.5,1.25,1.25,2.5,0.0,1.25,1.25,1.25,1.25,0.0,1.25,0.0,1.25,0.0,0.0,0.0,0.0,0.0,0.0,0.0,0.0,0.0,0.0,0.0
213,9,5.0,3.75,5.0,3.75,5.0,3.75,5.0,2.5,3.75,3.75,5.0,5.0,5.0,3.75,4.375,5.0,5.0,5.0,3.75,5.0,5.0,5.0,5.0,3.75,3.75,3.75,5.0,5.0,2.5,4.375,2.5,3.125,3.75,2.5,1.25,3.75,2.5,2.5,2.5,2.5,2.5,3.125,2.5,2.5,2.5,2.5,1.25,1.25,3.75,0.0,1.25,1.25,1.25,1.25,0.0,1.25,0.0,1.25,0.0,0.0,0.0,0.0,0.0,0.0,0.0,0.0,0.0,0.0,0.0
213,10,5.0,3.75,5.0,3.75,5.0,3.75,5.0,2.5,3.75,3.75,5.0,4.375,5.0,3.75,3.75,4.375,4.375,5.0,3.75,4.375,4.375,5.0,5.0,3.75,3.75,3.75,5.0,5.0,2.5,3.75,2.5,3.125,3.75,2.5,1.25,3.75,2.5,2.5,2.5,2.5,2.5,2.5,2.5,2.5,2.5,2.5,1.25,1.25,3.125,0.0,0.625,1.25,1.25,1.25,0.0,1.25,0.0,1.25,0.0,0.0,0.0,0.0,0.0,0.0,0.0,0.0,0.0,0.0,0.0
213,11,3.75,3.75,4.375,3.125,4.375,2.5,5.0,2.5,3.75,3.75,3.75,3.75,3.75,3.75,3.75,3.75,3.75,5.0,3.75,3.75,3.75,3.75,3.75,3.125,2.5,3.75,4.375,3.75,2.5,3.75,2.5,2.5,3.125,2.5,1.25,2.5,2.5,2.5,2.5,2.5,1.25,2.5,2.5,2.5,2.5,2.5,1.25,1.25,2.5,0.0,0.625,1.25,1.25,1.25,0.0,1.25,0.0,1.25,0.0,0.0,0.0,0.0,0.0,0.0,0.0,0.0,0.0,0.0,0.0
214,9,5.0,3.75,5.0,3.75,5.0,3.75,5.0,3.75,3.75,3.75,5.0,5.0,5.0,3.75,4.375,5.0,3.75,5.0,3.75,5.0,5.0,5.0,5.0,3.75,3.75,3.75,5.0,5.0,3.125,3.75,2.5,3.125,3.75,2.5,1.25,3.75,2.5,2.5,2.5,3.125,1.25,3.75,2.5,2.5,2.5,2.5,2.5,1.25,3.75,0.0,1.25,1.25,1.25,1.25,0.0,1.25,0.0,1.25,0.0,0.0,0.0,0.0,0.0,0.0,0.0,0.0,0.0,0.0,0.0
214,10,5.0,3.75,5.0,3.75,5.0,3.75,5.0,2.5,3.75,3.75,5.0,3.75,4.375,3.75,3.75,4.375,3.75,5.0,3.75,4.375,5.0,5.0,5.0,3.75,3.75,3.75,5.0,4.375,2.5,3.75,2.5,3.125,3.75,2.5,1.25,3.75,2.5,2.5,2.5,2.5,1.25,2.5,2.5,2.5,2.5,2.5,1.25,1.25,3.125,0.0,0.0,1.25,1.25,1.25,0.0,1.25,0.0,1.25,0.0,0.0,0.0,0.0,0.0,0.0,0.0,0.0,0.0,0.0,0.0
214,11,3.75,3.75,4.375,3.75,4.375,2.5,5.0,2.5,3.75,3.75,3.75,3.75,3.75,3.75,3.75,3.75,3.75,5.0,3.75,3.75,3.75,3.75,3.75,2.5,2.5,3.75,4.375,3.75,3.125,3.75,2.5,2.5,3.75,2.5,1.25,3.75,2.5,2.5,2.5,2.5,1.25,2.5,2.5,2.5,2.5,2.5,1.25,1.25,2.5,0.0,0.0,1.25,1.25,1.25,0.0,1.25,0.0,1.25,0.0,0.0,0.0,0.0,0.0,0.0,0.0,0.0,0.0,0.0,0.0
215,9,5.0,3.75,5.0,3.75,5.0,3.75,5.0,3.75,4.375,3.75,5.0,5.0,5.0,3.75,3.75,5.0,3.75,5.0,4.375,4.375,5.0,5.0,5.0,3.75,3.75,4.375,5.0,5.0,3.75,4.375,2.5,3.75,3.75,2.5,1.25,4.375,2.5,2.5,2.5,3.75,1.25,2.5,2.5,2.5,2.5,2.5,2.5,1.25,3.75,0.625,0.0,1.25,1.25,1.25,0.0,1.25,0.0,1.25,0.0,0.0,0.0,0.0,0.0,0.0,0.0,0.0,0.0,0.0,0.0
215,10,5.0,3.75,5.0,3.75,5.0,3.75,5.0,3.75,3.75,3.75,5.0,3.75,4.375,3.75,3.75,3.75,3.75,5.0,3.75,3.75,5.0,5.0,5.0,3.75,2.5,3.75,5.0,4.375,3.125,3.75,2.5,3.75,3.75,2.5,1.25,3.75,2.5,2.5,2.5,2.5,1.25,2.5,2.5,2.5,2.5,2.5,2.5,1.25,2.5,0.625,0.0,1.25,1.25,1.25,0.0,1.25,0.0,0.625,0.0,0.0,0.0,0.0,0.0,0.0,0.0,0.0,0.0,0.0,0.0
215,11,3.75,3.75,4.375,3.75,3.75,3.125,5.0,2.5,3.75,3.75,3.75,3.75,3.75,3.75,3.75,3.75,3.75,4.375,3.75,3.75,4.375,3.75,3.75,2.5,2.5,4.375,3.75,3.75,3.75,3.75,2.5,2.5,3.75,2.5,1.25,3.75,2.5,2.5,2.5,2.5,1.25,2.5,2.5,2.5,2.5,2.5,2.5,1.25,2.5,0.0,0.0,1.25,1.25,1.25,0.0,1.25,0.0,1.25,0.0,0.0,0.0,0.0,0.0,0.0,0.0,0.0,0.0,0.0,0.0
216,9,5.0,3.75,5.0,4.375,5.0,3.75,5.0,3.75,4.375,3.75,5.0,4.375,5.0,3.75,3.75,4.375,3.75,5.0,4.375,5.0,5.0,5.0,5.0,3.75,2.5,3.75,5.0,4.375,3.75,3.75,2.5,3.75,3.75,3.125,1.875,5.0,2.5,2.5,3.125,3.75,1.25,2.5,2.5,2.5,2.5,2.5,2.5,2.5,3.75,1.25,0.0,1.25,1.25,1.25,0.0,0.625,0.0,0.625,0.0,0.0,0.0,0.0,0.0,0.0,0.0,0.0,0.0,0.0,0.0
216,10,5.0,3.75,5.0,3.75,5.0,3.75,5.0,3.75,4.375,3.75,5.0,3.75,4.375,3.75,3.75,3.75,3.75,5.0,3.75,3.75,5.0,5.0,5.0,3.75,2.5,4.375,4.375,3.75,3.75,3.75,2.5,3.75,3.75,2.5,1.25,3.75,2.5,2.5,3.125,3.125,1.25,2.5,2.5,2.5,2.5,2.5,2.5,1.25,2.5,0.0,0.0,1.25,1.25,1.25,0.0,0.625,0.0,0.0,0.0,0.0,0.0,0.0,0.0,0.0,0.0,0.0,0.0,0.0,0.0
216,11,3.75,3.75,4.375,3.75,3.75,3.75,5.0,2.5,3.75,3.75,3.75,3.75,3.75,3.125,3.75,3.75,3.125,3.75,3.75,3.75,4.375,3.75,3.75,3.125,2.5,4.375,3.75,3.75,3.75,3.75,2.5,2.5,3.75,2.5,1.875,3.75,2.5,2.5,3.125,2.5,1.25,2.5,2.5,1.875,2.5,2.5,1.875,1.25,2.5,0.0,0.0,1.25,1.25,1.25,0.0,0.625,0.0,0.0,0.0,0.0,0.0,0.0,0.0,0.0,0.0,0.0,0.0,0.0,0.0
217,9,5.0,3.75,5.0,4.375,5.0,3.75,5.0,3.75,4.375,3.75,5.0,4.375,5.0,3.75,3.75,4.375,3.75,5.0,5.0,5.0,5.0,4.375,5.0,3.75,2.5,3.75,5.0,3.75,3.75,3.75,2.5,3.75,3.75,3.125,1.875,5.0,2.5,2.5,3.75,3.75,1.25,2.5,3.125,2.5,2.5,2.5,2.5,2.5,3.125,0.625,0.0,1.25,1.25,1.25,0.0,0.0,0.0,0.0,0.0,0.0,0.0,0.0,0.0,0.0,0.0,0.0,0.0,0.0,0.0
217,10,5.0,3.75,5.0,3.75,5.0,3.75,5.0,3.75,4.375,3.75,5.0,3.75,4.375,3.75,3.75,3.75,3.75,4.375,4.375,3.75,5.0,4.375,5.0,3.75,2.5,4.375,5.0,3.75,3.75,3.75,2.5,3.75,3.75,2.5,1.25,4.375,2.5,2.5,3.75,3.125,1.25,2.5,2.5,2.5,2.5,2.5,2.5,2.5,2.5,0.0,0.0,1.25,1.25,1.25,0.0,0.0,0.0,0.0,0.0,0.0,0.0,0.0,0.0,0.0,0.0,0.0,0.0,0.0,0.0
217,11,3.75,3.75,4.375,3.75,3.75,3.75,4.375,3.125,3.75,3.75,3.75,3.75,3.75,3.125,3.75,3.75,3.125,3.75,3.75,3.75,4.375,3.75,3.75,3.75,1.25,4.375,3.75,3.125,3.125,3.75,2.5,2.5,3.75,2.5,2.5,3.75,2.5,2.5,3.75,2.5,1.25,2.5,2.5,1.25,2.5,2.5,2.5,1.875,2.5,0.0,0.0,1.25,1.25,1.25,0.0,0.625,0.0,0.0,0.0,0.0,0.0,0.0,0.0,0.0,0.0,0.0,0.0,0.0,0.0
218,9,5.0,4.375,5.0,4.375,5.0,4.375,5.0,3.75,5.0,3.75,5.0,4.375,5.0,3.75,3.75,3.75,3.75,5.0,5.0,4.375,5.0,3.75,4.375,3.75,1.875,3.75,5.0,3.75,3.75,3.75,2.5,3.75,3.75,2.5,1.875,5.0,2.5,2.5,3.75,3.75,1.25,2.5,2.5,2.5,2.5,2.5,2.5,2.5,2.5,0.0,0.0,1.25,1.25,1.25,0.0,0.0,0.0,0.0,0.0,0.0,0.0,0.0,0.0,0.0,0.0,0.0,0.0,0.0,0.0
218,10,5.0,3.75,5.0,4.375,5.0,3.75,5.0,3.75,4.375,3.75,5.0,3.75,4.375,3.75,3.75,3.75,3.75,4.375,4.375,3.75,4.375,3.75,4.375,3.75,1.25,3.75,4.375,3.75,3.125,3.75,2.5,3.75,3.75,2.5,1.25,5.0,2.5,2.5,3.75,3.125,1.25,2.5,2.5,1.875,2.5,2.5,2.5,2.5,2.5,0.0,0.0,1.25,1.25,1.25,0.0,0.0,0.0,0.0,0.0,0.0,0.0,0.0,0.0,0.0,0.0,0.0,0.0,0.0,0.0
218,11,3.75,3.75,3.75,3.75,3.75,3.75,4.375,3.75,3.75,3.75,3.75,3.75,3.75,3.125,3.125,3.75,2.5,3.75,3.75,3.75,3.75,3.75,3.75,3.75,1.25,3.75,3.75,2.5,3.75,3.75,2.5,2.5,3.75,2.5,1.875,3.75,2.5,2.5,3.75,3.125,1.25,2.5,2.5,1.25,1.875,2.5,2.5,2.5,2.5,0.0,0.0,1.25,1.25,1.25,0.0,0.0,0.0,0.0,0.0,0.0,0.0,0.0,0.0,0.0,0.0,0.0,0.0,0.0,0.0
219,9,5.0,5.0,5.0,5.0,5.0,5.0,5.0,3.75,4.375,3.75,5.0,4.375,5.0,3.75,3.75,3.75,3.75,5.0,5.0,3.75,5.0,3.75,3.75,3.75,1.25,3.75,5.0,3.75,3.75,3.75,3.125,3.75,3.75,2.5,1.875,5.0,2.5,2.5,3.75,3.75,1.25,2.5,2.5,1.25,2.5,2.5,2.5,2.5,2.5,0.0,0.0,1.25,1.25,1.25,0.0,0.0,0.0,0.0,0.0,0.0,0.0,0.0,0.0,0.0,0.0,0.0,0.0,0.0,0.0
219,10,5.0,4.375,5.0,4.375,5.0,4.375,5.0,3.75,4.375,3.75,5.0,3.75,4.375,3.75,3.75,3.75,3.75,3.75,5.0,3.75,4.375,3.75,3.75,3.75,1.25,3.75,3.75,3.125,3.125,3.75,3.125,3.75,3.75,2.5,1.25,5.0,2.5,2.5,3.75,3.125,1.25,2.5,2.5,1.25,1.875,1.875,2.5,2.5,2.5,0.0,0.0,1.25,1.25,1.25,0.0,0.0,0.0,0.0,0.0,0.0,0.0,0.0,0.0,0.0,0.0,0.0,0.0,0.0,0.0
219,11,3.75,3.75,3.75,3.75,3.75,3.75,4.375,3.75,3.75,3.75,3.75,3.75,3.75,3.75,3.125,3.75,2.5,3.75,3.75,3.75,3.75,3.75,3.75,3.75,1.25,3.75,3.75,2.5,3.125,3.75,2.5,3.125,3.75,2.5,1.25,3.75,2.5,2.5,3.75,2.5,1.25,2.5,2.5,1.25,1.25,1.875,2.5,2.5,1.875,0.0,0.0,1.25,1.25,1.25,0.0,0.0,0.0,0.0,0.0,0.0,0.0,0.0,0.0,0.0,0.0,0.0,0.0,0.0,0.0
220,9,5.0,4.375,5.0,5.0,5.0,5.0,5.0,4.375,4.375,4.375,5.0,4.375,5.0,3.75,3.75,3.75,3.75,5.0,5.0,3.75,5.0,3.75,3.75,4.375,1.25,3.75,5.0,3.125,3.125,3.75,3.75,3.75,3.75,2.5,1.25,5.0,2.5,2.5,3.75,3.75,1.25,2.5,2.5,1.25,1.875,2.5,2.5,2.5,2.5,0.0,0.0,1.25,1.25,1.25,0.0,0.0,0.0,0.0,0.0,0.0,0.0,0.0,0.0,0.0,0.0,0.0,0.0,0.0,0.0
220,10,5.0,4.375,5.0,4.375,5.0,4.375,5.0,3.75,3.75,4.375,5.0,3.75,4.375,3.75,3.75,3.75,3.75,3.75,5.0,3.75,4.375,3.75,3.75,3.75,1.25,3.75,3.75,2.5,2.5,3.75,3.75,3.75,3.75,2.5,1.25,4.375,2.5,2.5,3.75,3.125,1.25,2.5,2.5,1.25,1.875,1.875,1.875,2.5,2.5,0.0,0.0,1.25,1.25,1.25,0.0,0.0,0.0,0.0,0.0,0.0,0.0,0.0,0.0,0.0,0.0,0.0,0.0,0.0,0.0
220,11,3.75,3.75,3.75,3.75,3.75,3.75,4.375,3.75,3.75,3.75,3.75,3.75,3.75,3.75,3.75,3.125,2.5,3.75,3.75,3.125,3.75,3.125,3.75,3.75,0.625,3.75,3.75,2.5,2.5,3.125,2.5,3.75,3.75,2.5,1.25,3.75,1.875,2.5,3.75,2.5,1.25,2.5,2.5,1.25,1.25,1.875,1.875,2.5,1.25,0.0,0.0,1.25,1.25,1.25,0.0,0.0,0.0,0.0,0.0,0.0,0.0,0.0,0.0,0.0,0.0,0.0,0.0,0.0,0.0
221,9,5.0,5.0,5.0,5.0,5.0,5.0,5.0,5.0,3.75,4.375,5.0,4.375,5.0,3.75,3.75,3.75,3.75,4.375,5.0,3.75,5.0,3.75,3.75,4.375,0.625,3.75,4.375,2.5,2.5,3.75,3.75,3.75,3.75,2.5,1.25,5.0,2.5,2.5,3.75,3.75,1.25,2.5,2.5,1.25,1.875,2.5,2.5,2.5,2.5,0.625,0.0,1.25,1.25,1.25,0.0,0.0,0.0,0.0,0.0,0.0,0.0,0.0,0.0,0.0,0.0,0.0,0.0,0.0,0.0
221,10,5.0,4.375,5.0,4.375,5.0,5.0,5.0,4.375,3.75,4.375,5.0,3.75,4.375,3.75,3.75,3.75,3.75,3.75,5.0,3.75,3.75,3.75,3.75,4.375,0.0,3.75,3.75,2.5,2.5,3.75,3.75,3.75,3.75,2.5,1.25,4.375,2.5,2.5,3.75,3.125,1.25,2.5,2.5,1.25,1.25,1.875,1.25,2.5,2.5,0.0,0.0,1.25,1.25,1.25,0.0,0.0,0.0,0.0,0.0,0.0,0.0,0.0,0.0,0.0,0.0,0.0,0.0,0.0,0.0
221,11,3.75,3.75,3.75,3.75,3.75,3.75,4.375,3.75,3.75,3.75,3.75,3.75,3.75,3.75,3.75,2.5,2.5,3.75,3.75,3.125,3.75,2.5,3.75,3.75,0.0,3.75,3.75,1.875,2.5,3.125,2.5,3.75,3.75,2.5,1.25,3.75,1.25,2.5,3.75,2.5,1.25,2.5,2.5,1.25,1.25,1.25,1.25,2.5,1.25,0.0,0.0,1.25,1.25,1.25,0.0,0.0,0.0,0.0,0.0,0.0,0.0,0.0,0.0,0.0,0.0,0.0,0.0,0.0,0.0
222,9,5.0,5.0,5.0,5.0,5.0,5.0,5.0,5.0,3.75,4.375,5.0,5.0,5.0,5.0,4.375,3.75,3.75,4.375,5.0,3.75,5.0,3.75,3.75,5.0,0.0,3.75,3.75,2.5,2.5,3.75,3.75,5.0,3.75,2.5,1.25,5.0,1.25,2.5,3.75,3.125,1.25,2.5,2.5,1.25,1.875,1.875,2.5,2.5,2.5,1.25,0.0,1.25,1.25,1.25,0.0,0.0,0.0,0.0,0.0,0.0,0.0,0.0,0.0,0.0,0.0,0.0,0.0,0.0,0.0
222,10,5.0,4.375,5.0,4.375,5.0,5.0,5.0,4.375,3.75,4.375,5.0,4.375,4.375,5.0,3.75,3.75,3.75,3.75,5.0,3.75,3.75,3.75,3.75,4.375,0.0,3.75,3.75,1.875,2.5,3.75,3.75,3.75,3.75,2.5,1.25,4.375,1.25,2.5,3.75,2.5,1.25,1.875,2.5,1.25,1.25,1.25,1.25,2.5,2.5,0.0,0.0,1.25,1.25,1.25,0.0,0.0,0.0,0.0,0.0,0.0,0.0,0.0,0.0,0.0,0.0,0.0,0.0,0.0,0.0
222,11,3.75,3.75,3.75,3.75,3.75,3.75,4.375,3.75,3.75,3.75,3.75,3.75,3.75,3.75,3.75,2.5,2.5,3.75,3.75,2.5,3.75,2.5,3.75,3.75,0.0,3.125,3.75,1.25,2.5,3.75,3.125,3.75,3.125,2.5,1.25,3.75,1.25,2.5,3.75,2.5,1.25,1.875,2.5,1.25,1.25,1.25,1.25,2.5,1.25,0.0,0.0,1.25,1.25,1.25,0.0,0.0,0.0,0.0,0.0,0.0,0.0,0.0,0.0,0.0,0.0,0.0,0.0,0.0,0.0
223,9,5.0,5.0,5.0,5.0,5.0,5.0,5.0,5.0,3.75,3.75,5.0,5.0,5.0,5.0,5.0,3.75,3.75,4.375,5.0,3.75,5.0,2.5,3.75,4.375,0.0,3.125,3.75,1.25,2.5,3.75,3.75,5.0,3.75,2.5,1.25,5.0,1.25,2.5,3.75,2.5,1.25,2.5,2.5,1.25,1.875,1.25,2.5,2.5,2.5,1.25,0.0,1.25,1.25,1.25,0.0,0.0,0.0,0.0,0.0,0.0,0.0,0.0,0.0,0.0,0.0,0.0,0.0,0.0,0.0
223,10,5.0,4.375,5.0,4.375,5.0,5.0,5.0,4.375,3.75,3.75,5.0,4.375,4.375,5.0,3.75,3.75,3.75,3.75,5.0,3.125,3.75,2.5,3.75,4.375,0.0,3.125,3.75,1.25,2.5,3.75,3.75,4.375,3.75,2.5,1.25,3.75,1.25,2.5,3.75,2.5,1.25,1.875,2.5,1.25,1.25,1.25,1.25,2.5,1.875,0.625,0.0,1.25,1.25,1.25,0.0,0.0,0.0,0.0,0.0,0.0,0.0,0.0,0.0,0.0,0.0,0.0,0.0,0.0,0.0
223,11,3.75,3.75,3.75,3.75,3.75,3.75,4.375,3.75,3.75,3.75,3.75,3.75,3.75,3.75,3.75,2.5,2.5,3.75,3.75,2.5,3.75,2.5,3.75,3.75,0.0,2.5,3.75,1.25,2.5,3.75,3.125,3.75,3.125,2.5,1.25,3.75,1.25,2.5,3.125,2.5,1.25,1.25,2.5,1.25,1.25,1.25,1.25,2.5,1.25,0.625,0.0,1.25,1.25,1.25,0.0,0.0,0.0,0.0,0.0,0.0,0.0,0.0,0.0,0.0,0.0,0.0,0.0,0.0,0.0
224,9,5.0,5.0,5.0,5.0,5.0,5.0,5.0,5.0,3.75,4.375,5.0,5.0,5.0,5.0,5.0,3.125,3.75,3.75,5.0,3.75,4.375,2.5,3.75,4.375,0.0,3.75,3.75,1.25,2.5,3.75,3.75,5.0,3.75,2.5,1.875,3.75,1.25,2.5,3.75,2.5,1.25,2.5,2.5,1.25,1.25,1.25,2.5,2.5,2.5,1.25,1.25,1.25,1.25,1.25,0.0,0.625,0.0,0.0,0.0,0.0,0.0,0.0,0.0,0.0,0.0,0.0,0.0,0.0,0.0
224,10,5.0,4.375,5.0,4.375,5.0,5.0,5.0,4.375,3.75,4.375,5.0,4.375,4.375,5.0,4.375,3.125,3.75,3.75,5.0,2.5,3.75,2.5,3.75,3.75,0.0,3.125,3.75,1.25,2.5,3.75,3.75,5.0,3.125,2.5,1.875,3.75,1.25,2.5,3.125,2.5,1.25,1.25,2.5,1.25,1.25,1.25,1.875,2.5,1.25,0.625,0.0,1.25,1.25,1.25,0.0,0.0,0.0,0.0,0.0,0.0,0.0,0.0,0.0,0.0,0.0,0.0,0.0,0.0,0.0
224,11,3.75,3.75,4.375,3.75,3.75,3.75,4.375,3.75,3.75,3.75,4.375,3.75,3.75,3.75,3.75,2.5,2.5,3.125,3.75,2.5,3.75,2.5,3.75,3.75,0.0,2.5,3.75,1.25,2.5,3.125,3.75,3.75,2.5,1.875,1.25,3.75,1.25,2.5,2.5,2.5,1.25,1.25,2.5,1.25,1.25,1.25,1.875,1.875,1.25,0.625,0.0,1.25,1.25,1.25,0.0,0.625,0.0,0.0,0.0,0.0,0.0,0.0,0.0,0.0,0.0,0.0,0.0,0.0,0.0
225,9,5.0,5.0,5.0,4.375,5.0,5.0,5.0,5.0,3.75,5.0,5.0,5.0,5.0,5.0,5.0,2.5,3.75,3.75,5.0,3.75,4.375,2.5,3.75,3.75,0.0,3.75,3.75,1.25,2.5,3.75,3.75,5.0,3.125,2.5,1.25,3.75,1.25,2.5,3.125,2.5,1.25,2.5,2.5,1.25,1.25,1.25,2.5,2.5,1.875,1.25,1.25,1.25,1.25,1.25,0.0,1.25,0.0,0.0,0.0,0.0,0.0,0.0,0.0,0.0,0.0,0.0,0.0,0.0,0.0
225,10,5.0,5.0,5.0,4.375,5.0,5.0,5.0,5.0,3.75,4.375,5.0,4.375,4.375,5.0,5.0,2.5,3.75,3.75,5.0,2.5,3.75,2.5,3.75,3.75,0.0,3.75,3.75,0.625,2.5,3.75,3.75,5.0,3.125,2.5,1.25,3.75,1.25,2.5,2.5,2.5,1.25,1.875,2.5,1.25,1.25,1.25,1.875,2.5,1.25,1.25,1.25,1.25,1.25,1.25,0.0,0.625,0.0,0.0,0.0,0.0,0.0,0.0,0.0,0.0,0.0,0.0,0.0,0.0,0.0
225,11,3.75,3.75,4.375,3.75,3.75,3.75,4.375,3.75,3.75,3.75,4.375,3.75,3.75,3.75,3.75,2.5,2.5,3.125,3.75,2.5,3.75,2.5,3.75,3.75,0.0,2.5,3.125,0.0,2.5,3.125,3.75,3.75,2.5,1.875,1.25,3.125,1.25,2.5,2.5,2.5,1.25,1.25,2.5,1.25,1.25,1.25,1.875,1.25,1.25,0.625,0.625,1.25,1.25,1.25,0.0,0.625,0.0,0.0,0.0,0.0,0.0,0.0,0.0,0.0,0.0,0.0,0.0,0.0,0.0
226,9,5.0,5.0,5.0,5.0,5.0,5.0,5.0,5.0,3.75,4.375,5.0,5.0,5.0,5.0,5.0,2.5,3.75,3.75,5.0,2.5,4.375,2.5,3.75,3.75,0.0,3.75,3.75,0.0,2.5,3.75,3.75,5.0,3.125,2.5,1.25,3.75,1.25,2.5,3.125,2.5,1.875,1.875,2.5,1.25,1.25,1.25,2.5,2.5,1.25,1.25,1.25,1.25,1.25,1.25,0.0,1.25,0.0,0.0,0.0,0.0,0.0,0.0,0.0,0.0,0.0,0.0,0.0,0.0,0.0
226,10,5.0,5.0,5.0,4.375,5.0,5.0,5.0,5.0,3.75,4.375,5.0,4.375,3.75,5.0,5.0,2.5,3.75,3.75,5.0,2.5,3.75,2.5,3.75,3.75,0.0,3.75,3.75,0.0,2.5,3.75,3.75,5.0,2.5,2.5,1.25,3.75,1.25,2.5,2.5,2.5,1.875,1.25,2.5,1.25,1.25,1.25,2.5,1.25,1.25,1.25,1.25,1.25,1.25,1.25,0.0,1.25,0.0,0.0,0.0,0.0,0.0,0.0,0.0,0.0,0.0,0.0,0.0,0.0,0.0
226,11,3.75,3.75,4.375,3.75,3.75,3.75,3.75,3.75,3.75,3.75,5.0,3.75,3.75,3.75,3.75,2.5,3.75,3.75,3.75,2.5,3.75,2.5,3.125,3.75,0.0,2.5,3.125,0.0,2.5,3.125,3.75,3.75,2.5,1.875,1.25,2.5,1.25,2.5,2.5,1.875,1.25,1.25,1.875,1.25,1.25,1.25,1.875,1.25,1.25,1.25,1.25,1.25,1.25,1.25,0.0,1.25,0.0,0.0,0.0,0.0,0.0,0.0,0.0,0.0,0.0,0.0,0.0,0.0,0.0
227,9,5.0,5.0,5.0,5.0,5.0,5.0,5.0,5.0,3.75,3.75,5.0,5.0,4.375,5.0,5.0,2.5,3.75,4.375,5.0,2.5,4.375,2.5,3.75,3.75,0.0,3.75,3.75,0.0,2.5,3.75,4.375,5.0,3.125,2.5,1.875,3.75,1.25,2.5,3.125,2.5,2.5,1.875,2.5,1.25,1.25,1.25,2.5,2.5,1.25,1.25,1.25,1.25,1.25,1.25,0.0,1.25,0.0,0.0,0.0,0.0,0.0,0.0,0.0,0.0,0.0,0.0,0.0,0.0,0.0
227,10,5.0,5.0,5.0,4.375,5.0,5.0,5.0,4.375,3.75,3.75,5.0,4.375,3.75,5.0,5.0,2.5,3.75,3.75,5.0,2.5,3.75,2.5,3.75,3.75,0.0,3.75,3.75,0.0,2.5,3.75,3.75,5.0,2.5,2.5,1.25,2.5,1.25,2.5,2.5,2.5,2.5,1.25,2.5,1.25,1.25,1.25,1.875,2.5,1.25,1.25,1.25,1.25,1.25,1.25,0.0,1.25,0.0,0.0,0.0,0.0,0.0,0.0,0.0,0.0,0.0,0.0,0.0,0.0,0.0
227,11,3.75,3.75,5.0,3.75,3.75,3.75,3.75,3.75,3.75,3.75,5.0,3.75,3.75,4.375,3.75,1.25,3.75,3.75,3.75,1.25,3.75,1.875,3.125,2.5,0.0,2.5,3.125,0.0,2.5,3.125,3.75,4.375,2.5,1.875,1.25,2.5,1.25,2.5,2.5,1.875,1.25,1.25,1.875,1.25,1.25,0.625,1.875,1.25,1.25,1.25,1.25,1.25,1.25,1.25,0.0,1.25,0.0,0.0,0.0,0.0,0.0,0.0,0.0,0.0,0.0,0.0,0.0,0.0,0.0
228,9,5.0,5.0,5.0,4.375,5.0,5.0,5.0,5.0,3.75,5.0,5.0,5.0,3.75,5.0,5.0,1.875,3.75,5.0,5.0,2.5,4.375,2.5,3.75,3.75,0.0,3.75,3.75,0.0,3.125,3.75,4.375,5.0,2.5,2.5,2.5,2.5,1.25,2.5,3.125,2.5,2.5,1.25,2.5,1.25,1.25,1.25,2.5,1.25,1.25,1.875,2.5,1.25,1.25,1.25,0.0,1.25,0.0,0.625,0.0,0.0,0.0,0.0,0.0,0.0,0.0,0.0,0.0,0.0,0.0
228,10,5.0,5.0,5.0,3.75,5.0,5.0,5.0,4.375,3.75,4.375,5.0,4.375,3.75,5.0,5.0,1.875,3.75,3.75,5.0,1.25,3.75,2.5,3.75,3.75,0.0,3.75,3.75,0.0,2.5,3.75,3.75,5.0,2.5,2.5,2.5,2.5,1.25,2.5,2.5,2.5,2.5,1.25,1.25,1.25,1.25,1.25,2.5,1.875,1.25,1.25,1.25,1.25,1.25,1.25,0.0,1.25,0.0,0.0,0.0,0.0,0.0,0.0,0.0,0.0,0.0,0.0,0.0,0.0,0.0
228,11,3.75,3.75,5.0,3.75,3.75,3.75,3.75,3.75,3.75,3.75,5.0,3.75,3.75,4.375,3.75,1.25,3.75,3.75,3.75,1.25,3.75,1.875,3.125,2.5,0.0,2.5,2.5,0.0,2.5,2.5,3.75,4.375,2.5,2.5,1.25,2.5,1.25,2.5,2.5,1.875,1.875,1.25,1.25,1.25,1.25,1.25,1.875,1.25,1.25,1.25,1.25,1.25,1.25,1.25,0.0,1.25,0.0,0.0,0.0,0.0,0.0,0.0,0.0,0.0,0.0,0.0,0.0,0.0,0.0
229,9,5.0,5.0,5.0,5.0,5.0,5.0,5.0,5.0,5.0,5.0,5.0,5.0,3.75,5.0,5.0,1.25,3.75,4.375,5.0,2.5,3.75,2.5,3.75,2.5,0.0,3.75,3.75,0.0,3.75,3.75,4.375,5.0,2.5,2.5,2.5,2.5,1.25,3.125,2.5,2.5,2.5,1.25,2.5,1.25,1.25,1.25,2.5,1.25,1.25,2.5,2.5,1.25,1.25,1.25,0.0,1.25,0.0,1.25,0.0,0.0,0.0,0.0,0.0,0.0,0.0,0.0,0.0,0.0,0.0
229,10,5.0,5.0,5.0,4.375,5.0,5.0,5.0,5.0,5.0,5.0,5.0,4.375,3.75,5.0,5.0,1.25,3.75,3.75,4.375,1.25,3.75,2.5,3.75,2.5,0.0,3.75,3.75,0.0,3.125,3.75,3.75,5.0,2.5,2.5,2.5,2.5,1.25,2.5,2.5,2.5,2.5,1.25,2.5,1.25,1.25,1.25,2.5,1.25,1.25,1.25,1.875,1.25,1.25,0.625,0.0,1.25,0.0,0.625,0.0,0.0,0.0,0.0,0.0,0.0,0.0,0.0,0.0,0.0,0.0
229,11,3.75,3.75,5.0,3.75,3.75,3.75,3.75,3.75,3.75,3.75,5.0,3.75,3.125,4.375,3.75,1.25,3.75,3.75,3.75,1.25,3.75,1.875,3.125,2.5,0.0,2.5,2.5,0.0,2.5,2.5,3.75,3.75,2.5,2.5,1.25,2.5,1.25,2.5,2.5,1.875,2.5,1.25,1.25,1.25,1.25,1.25,2.5,1.25,1.25,1.25,1.25,1.25,1.25,1.25,0.0,1.25,0.0,0.625,0.0,0.0,0.0,0.0,0.0,0.0,0.0,0.0,0.0,0.0,0.0
230,9,5.0,5.0,5.0,5.0,5.0,5.0,5.0,5.0,5.0,5.0,5.0,5.0,3.75,5.0,5.0,1.25,4.375,5.0,4.375,1.25,4.375,2.5,3.75,2.5,0.0,3.75,3.75,0.0,3.75,3.75,4.375,5.0,2.5,2.5,2.5,2.5,1.25,3.75,2.5,2.5,2.5,1.25,2.5,1.25,1.875,1.25,2.5,1.25,1.25,2.5,2.5,1.25,1.25,1.25,0.0,1.25,0.0,1.25,0.0,0.0,0.0,0.0,0.0,0.0,0.0,0.0,0.0,0.0,0.0
230,10,5.0,5.0,5.0,4.375,5.0,5.0,5.0,4.375,5.0,5.0,5.0,4.375,3.125,5.0,5.0,1.25,3.75,3.75,4.375,1.25,3.75,2.5,3.75,2.5,0.0,3.75,3.75,0.0,3.75,3.75,3.75,5.0,2.5,2.5,2.5,2.5,1.25,2.5,2.5,2.5,2.5,1.25,2.5,1.25,1.25,1.25,2.5,1.25,1.25,1.875,2.5,1.25,1.25,0.625,0.0,1.25,0.0,1.25,0.0,0.0,0.0,0.0,0.0,0.0,0.0,0.0,0.0,0.0,0.0
230,11,3.75,3.75,5.0,3.75,3.75,3.75,3.75,3.75,3.75,3.75,5.0,3.75,2.5,4.375,3.75,1.25,3.75,3.75,3.75,1.25,3.75,2.5,3.125,2.5,0.0,3.125,2.5,0.0,2.5,2.5,3.75,3.75,2.5,2.5,1.25,1.25,1.25,2.5,2.5,1.875,2.5,1.25,1.25,1.25,1.25,1.25,2.5,1.25,1.25,1.875,1.875,1.25,1.25,0.625,0.0,1.25,0.0,1.25,0.0,0.0,0.0,0.0,0.0,0.0,0.0,0.0,0.0,0.0,0.0
231,9,5.0,5.0,5.0,5.0,5.0,5.0,5.0,5.0,5.0,5.0,5.0,5.0,3.125,5.0,5.0,1.25,4.375,5.0,3.75,1.25,4.375,2.5,3.75,1.875,0.0,3.75,3.125,0.0,3.75,3.75,4.375,5.0,2.5,2.5,2.5,2.5,1.25,3.75,3.125,2.5,2.5,1.25,2.5,1.25,2.5,1.25,2.5,1.25,1.25,2.5,2.5,1.25,1.25,0.0,0.0,1.25,0.0,1.25,0.0,0.0,0.0,0.0,0.0,0.0,0.0,0.0,0.0,0.0,0.0
231,10,5.0,5.0,5.0,5.0,5.0,4.375,5.0,4.375,5.0,5.0,5.0,4.375,2.5,5.0,5.0,1.25,4.375,3.75,3.75,1.25,3.75,2.5,3.75,1.875,0.0,3.75,3.75,0.0,3.75,3.75,3.75,5.0,2.5,2.5,2.5,2.5,1.25,2.5,2.5,2.5,2.5,1.25,1.25,1.25,1.25,1.25,1.875,1.25,1.25,2.5,2.5,1.25,1.25,0.0,0.0,1.25,0.0,1.25,0.0,0.0,0.0,0.0,0.0,0.0,0.0,0.0,0.0,0.0,0.0
231,11,3.75,3.75,5.0,3.75,3.75,3.75,3.75,3.75,3.75,3.75,5.0,3.75,2.5,4.375,3.75,1.25,3.75,3.75,3.75,1.25,3.75,2.5,2.5,1.25,0.0,3.125,2.5,0.0,2.5,3.125,3.75,3.75,2.5,2.5,1.875,1.25,1.25,2.5,2.5,1.25,2.5,1.25,1.25,1.25,1.25,1.25,1.875,1.25,1.25,2.5,1.875,1.25,1.25,0.625,0.0,1.25,0.0,1.25,0.0,0.0,0.0,0.0,0.0,0.0,0.0,0.0,0.0,0.0,0.0
232,9,5.0,5.0,5.0,5.0,5.0,5.0,5.0,5.0,5.0,5.0,5.0,5.0,2.5,5.0,5.0,1.25,5.0,5.0,3.75,1.25,4.375,2.5,3.75,1.25,0.0,3.75,2.5,0.0,3.75,3.75,4.375,5.0,2.5,3.75,2.5,1.875,1.25,3.75,2.5,2.5,2.5,1.25,2.5,1.25,2.5,1.25,2.5,1.25,1.25,2.5,3.125,1.25,1.25,0.0,0.0,1.25,0.0,1.25,0.0,0.0,0.0,0.0,0.0,0.0,0.0,0.0,0.0,0.0,0.0
232,10,5.0,5.0,5.0,5.0,5.0,4.375,5.0,4.375,5.0,5.0,5.0,4.375,2.5,5.0,5.0,1.25,5.0,4.375,3.75,0.0,3.75,2.5,3.75,1.25,0.0,3.75,3.125,0.0,3.75,3.75,3.75,5.0,2.5,2.5,2.5,1.875,1.25,3.75,2.5,2.5,2.5,1.25,1.25,1.25,2.5,1.25,1.875,1.25,1.25,2.5,2.5,1.25,1.25,0.0,0.0,1.25,0.0,1.25,0.0,0.0,0.0,0.0,0.0,0.0,0.0,0.0,0.0,0.0,0.0
232,11,3.75,3.75,5.0,3.75,3.75,3.75,3.75,3.75,3.75,3.75,5.0,3.75,2.5,3.75,3.75,0.625,3.75,3.75,3.75,0.0,3.75,2.5,3.125,1.25,0.0,3.75,2.5,0.0,2.5,3.125,3.75,3.75,2.5,2.5,2.5,1.25,1.25,2.5,2.5,1.875,2.5,1.25,1.25,1.25,1.25,1.25,1.875,1.25,1.25,2.5,1.875,1.25,1.25,0.0,0.0,1.25,0.0,1.25,0.0,0.0,0.0,0.0,0.0,0.0,0.0,0.0,0.0,0.0,0.0
233,9,5.0,5.0,5.0,5.0,5.0,5.0,5.0,5.0,5.0,5.0,5.0,5.0,2.5,5.0,5.0,1.25,4.375,5.0,3.75,0.625,3.75,2.5,3.75,1.25,0.0,5.0,2.5,0.0,3.75,3.75,5.0,4.375,3.125,3.75,2.5,1.25,2.5,3.75,2.5,2.5,2.5,1.875,2.5,1.25,2.5,1.25,2.5,1.25,1.25,2.5,2.5,1.25,1.25,0.0,0.0,1.25,0.0,2.5,0.0,0.0,0.0,0.0,0.0,0.0,0.0,0.0,0.0,0.0,0.0
233,10,5.0,5.0,5.0,5.0,5.0,3.75,5.0,4.375,5.0,5.0,5.0,4.375,1.875,5.0,5.0,0.625,3.75,3.75,3.75,0.0,3.75,2.5,3.75,1.25,0.0,3.75,2.5,0.0,3.75,3.75,3.75,3.75,2.5,3.75,2.5,1.25,2.5,3.75,2.5,2.5,3.125,1.25,2.5,1.25,2.5,1.25,2.5,1.25,1.25,2.5,2.5,1.25,1.25,0.0,0.0,1.25,0.0,1.25,0.0,0.0,0.0,0.0,0.0,0.0,0.0,0.0,0.0,0.0,0.0
233,11,3.75,3.75,4.375,3.75,3.75,3.75,3.75,3.75,5.0,3.75,5.0,3.75,1.25,3.75,3.75,0.625,3.75,3.75,3.125,0.0,3.75,2.5,3.125,1.25,0.0,3.75,2.5,0.0,3.125,3.125,3.75,3.75,2.5,2.5,2.5,1.25,1.875,3.125,2.5,1.875,2.5,1.25,1.25,1.25,1.875,1.25,1.25,1.25,1.25,2.5,2.5,1.25,1.25,0.0,0.0,1.25,0.0,1.25,0.0,0.0,0.0,0.0,0.0,0.0,0.0,0.0,0.0,0.0,0.0
234,9,5.0,5.0,5.0,5.0,5.0,4.375,5.0,5.0,5.0,5.0,5.0,5.0,1.25,5.0,5.0,1.25,4.375,5.0,2.5,0.0,3.75,3.75,3.75,0.625,0.0,5.0,2.5,0.0,4.375,3.75,4.375,3.75,3.75,3.75,2.5,1.25,2.5,5.0,2.5,2.5,3.125,2.5,2.5,1.25,2.5,1.25,2.5,1.25,1.25,2.5,2.5,1.25,1.25,0.0,0.0,1.25,0.0,2.5,0.0,0.0,0.0,0.0,0.0,0.0,0.0,0.0,0.0,0.0,0.0
234,10,5.0,5.0,5.0,5.0,5.0,3.75,5.0,4.375,5.0,5.0,5.0,5.0,1.25,5.0,4.375,0.625,3.75,3.75,3.75,0.0,3.75,3.125,3.75,0.0,0.0,3.75,2.5,0.0,3.75,3.75,3.75,3.75,3.125,3.75,2.5,1.25,2.5,3.75,2.5,2.5,2.5,1.25,2.5,1.25,2.5,1.25,1.875,1.25,1.25,2.5,2.5,1.25,0.625,0.0,0.0,1.25,0.0,1.25,0.0,0.0,0.0,0.0,0.0,0.0,0.0,0.0,0.0,0.0,0.0
234,11,3.75,3.75,4.375,4.375,3.75,3.75,3.75,3.75,5.0,3.75,5.0,3.75,1.25,3.75,3.75,0.625,3.75,3.75,2.5,0.0,3.75,2.5,3.125,0.0,0.0,3.75,2.5,0.0,3.75,3.75,3.75,3.75,2.5,2.5,2.5,1.25,2.5,3.75,2.5,2.5,2.5,1.25,1.25,1.25,1.875,1.25,1.25,1.25,1.25,2.5,2.5,1.25,0.625,0.0,0.0,1.25,0.0,1.25,0.0,0.0,0.0,0.0,0.0,0.0,0.0,0.0,0.0,0.0,0.0
235,9,5.0,5.0,5.0,5.0,5.0,4.375,5.0,4.375,5.0,5.0,5.0,5.0,1.25,3.75,5.0,1.25,3.75,5.0,2.5,0.0,3.75,3.75,3.75,0.0,0.0,5.0,2.5,0.0,4.375,4.375,4.375,3.75,3.75,3.75,2.5,1.25,2.5,5.0,2.5,2.5,3.125,2.5,2.5,1.25,2.5,2.5,2.5,1.25,1.25,2.5,2.5,1.25,0.625,0.0,0.0,1.25,0.0,2.5,0.0,0.0,0.0,0.0,0.0,0.0,0.0,0.0,0.0,0.0,0.0
235,10,5.0,5.0,5.0,5.0,5.0,3.75,5.0,3.75,5.0,5.0,5.0,5.0,1.25,3.75,4.375,1.25,3.75,3.75,2.5,0.0,3.75,3.75,3.75,0.0,0.0,3.75,2.5,0.0,3.75,3.75,3.75,3.75,3.75,3.75,2.5,1.875,2.5,3.75,2.5,2.5,2.5,1.875,1.25,1.25,2.5,1.25,1.25,1.25,1.25,2.5,2.5,1.25,0.0,0.0,0.0,1.25,0.0,1.25,0.0,0.0,0.0,0.0,0.0,0.0,0.0,0.0,0.0,0.0,0.0
235,11,4.375,3.75,3.75,4.375,3.75,3.75,3.75,3.75,5.0,3.75,4.375,3.75,1.25,3.75,3.75,1.25,3.75,3.75,2.5,0.0,3.75,2.5,3.125,0.0,0.0,3.75,2.5,0.0,3.75,3.75,3.75,3.125,2.5,2.5,2.5,1.25,2.5,3.75,2.5,2.5,2.5,1.875,1.25,1.25,2.5,1.875,1.25,1.25,1.25,2.5,1.25,1.25,0.0,0.0,0.0,1.25,0.0,1.25,0.0,0.0,0.0,0.0,0.0,0.0,0.0,0.0,0.0,0.0,0.0
236,9,5.0,5.0,5.0,5.0,5.0,4.375,5.0,5.0,5.0,5.0,5.0,5.0,1.25,3.75,5.0,1.25,3.75,4.375,2.5,0.0,3.75,3.75,3.75,0.0,0.0,5.0,2.5,0.0,5.0,5.0,4.375,3.75,3.75,3.75,3.125,2.5,3.125,5.0,2.5,2.5,3.125,2.5,2.5,1.25,2.5,2.5,2.5,1.875,1.25,2.5,2.5,0.625,0.0,0.0,0.0,0.625,0.0,2.5,0.0,0.0,0.0,0.0,0.0,0.0,0.0,0.0,0.0,0.0,0.0
236,10,5.0,5.0,5.0,5.0,5.0,3.75,5.0,3.75,5.0,5.0,4.375,5.0,0.625,3.75,3.75,0.625,3.75,3.75,2.5,0.0,3.75,3.75,3.75,0.0,0.0,4.375,2.5,0.0,3.75,3.75,3.75,3.75,3.75,3.75,2.5,2.5,2.5,3.75,2.5,2.5,3.125,2.5,2.5,1.25,2.5,2.5,1.25,1.25,1.25,2.5,1.875,0.625,0.0,0.0,0.0,0.0,0.0,1.25,0.0,0.0,0.0,0.0,0.0,0.0,0.0,0.0,0.0,0.0,0.0
236,11,4.375,3.75,3.75,4.375,3.75,3.75,3.75,3.75,5.0,3.75,3.75,3.75,0.625,3.75,3.75,1.25,3.75,3.75,2.5,0.0,3.75,3.75,3.125,0.0,0.0,3.75,2.5,0.0,3.75,3.75,3.75,2.5,3.125,3.125,2.5,1.25,2.5,3.75,2.5,2.5,2.5,2.5,1.875,1.25,2.5,2.5,1.25,1.25,1.25,2.5,1.25,0.625,0.0,0.625,0.0,0.0,0.0,1.25,0.0,0.0,0.0,0.0,0.0,0.0,0.0,0.0,0.0,0.0,0.0
237,9,5.0,5.0,5.0,5.0,5.0,4.375,5.0,5.0,5.0,5.0,5.0,5.0,1.25,3.75,4.375,1.25,3.75,4.375,2.5,0.0,3.75,3.75,3.75,0.0,0.0,5.0,2.5,0.0,5.0,5.0,4.375,3.75,3.75,3.75,3.75,2.5,3.75,5.0,2.5,2.5,2.5,3.125,2.5,1.25,2.5,2.5,1.875,2.5,1.25,2.5,2.5,0.0,0.0,0.0,0.0,0.0,0.0,2.5,0.0,0.0,0.0,0.0,0.0,0.0,0.0,0.0,0.0,0.0,0.0
237,10,5.0,5.0,5.0,5.0,5.0,4.375,5.0,3.75,5.0,5.0,3.75,5.0,0.625,3.75,3.75,1.25,3.75,3.75,2.5,0.0,3.75,4.375,3.75,0.0,0.0,5.0,2.5,0.0,4.375,4.375,3.75,3.75,3.75,3.75,2.5,2.5,3.75,3.75,2.5,2.5,2.5,2.5,2.5,1.25,2.5,2.5,1.25,1.25,1.25,1.875,1.25,0.0,0.0,0.0,0.0,0.0,0.0,1.25,0.0,0.0,0.0,0.0,0.0,0.0,0.0,0.0,0.0,0.0,0.0
237,11,4.375,3.75,3.75,5.0,3.75,3.75,3.75,3.75,5.0,3.75,3.75,3.75,0.625,3.75,3.75,1.25,3.75,3.75,2.5,0.0,3.75,3.75,3.75,0.0,0.0,3.75,2.5,0.0,3.75,3.75,3.75,2.5,3.125,3.125,2.5,1.875,2.5,3.75,2.5,2.5,2.5,2.5,1.875,1.25,2.5,2.5,1.25,1.25,1.25,2.5,1.25,0.0,0.0,0.625,0.0,0.0,0.0,1.25,0.0,0.0,0.0,0.0,0.0,0.0,0.0,0.0,0.0,0.0,0.0
238,9,5.0,5.0,5.0,5.0,5.0,4.375,5.0,4.375,5.0,5.0,3.75,5.0,0.625,3.75,4.375,1.25,3.75,3.75,1.25,0.0,3.75,5.0,3.75,0.0,0.0,5.0,2.5,0.0,5.0,5.0,3.75,3.75,3.75,3.75,3.75,2.5,3.75,5.0,2.5,2.5,2.5,3.75,2.5,1.25,2.5,3.75,1.25,2.5,1.25,2.5,1.25,0.0,0.0,0.625,0.0,0.0,0.0,2.5,0.0,0.0,0.0,0.0,0.0,0.0,0.0,0.0,0.0,0.0,0.0
238,10,5.0,5.0,4.375,5.0,5.0,3.75,5.0,3.75,5.0,5.0,3.75,5.0,0.0,3.75,3.75,1.25,3.75,3.75,1.875,0.0,3.75,5.0,3.75,0.0,0.0,5.0,2.5,0.0,4.375,5.0,3.75,3.125,3.75,3.75,3.125,2.5,3.75,3.75,2.5,2.5,2.5,2.5,2.5,1.25,2.5,2.5,1.25,2.5,1.25,1.875,1.25,0.0,0.0,0.625,0.0,0.0,0.0,1.25,0.0,0.0,0.0,0.0,0.0,0.0,0.0,0.0,0.0,0.0,0.0
238,11,3.75,3.75,3.75,5.0,3.75,3.75,3.75,3.75,5.0,3.75,3.75,3.75,0.0,3.75,3.75,1.25,3.125,3.75,1.25,0.0,3.125,3.75,3.75,0.0,0.0,3.75,2.5,0.0,3.75,3.75,3.75,2.5,3.125,3.125,2.5,2.5,3.125,3.75,2.5,2.5,2.5,2.5,2.5,1.25,2.5,2.5,1.25,1.25,1.25,1.875,1.25,0.0,0.0,1.25,0.0,0.0,0.0,1.25,0.0,0.0,0.0,0.0,0.0,0.0,0.0,0.0,0.0,0.0,0.0
239,9,5.0,5.0,4.375,5.0,5.0,4.375,5.0,4.375,5.0,5.0,3.75,5.0,0.0,3.75,4.375,1.25,3.75,3.75,1.25,0.0,3.75,5.0,4.375,0.0,0.0,5.0,2.5,0.0,5.0,5.0,3.75,2.5,3.75,4.375,3.75,2.5,4.375,5.0,2.5,2.5,2.5,3.75,3.125,1.25,2.5,3.75,1.25,2.5,1.25,2.5,1.25,0.0,0.0,1.25,0.0,0.0,0.0,1.25,0.0,0.0,0.0,0.0,0.0,0.0,0.0,0.0,0.0,0.0,0.0
239,10,4.375,5.0,3.75,5.0,5.0,4.375,5.0,3.75,5.0,5.0,3.125,5.0,0.0,3.75,3.75,1.25,3.75,3.75,1.25,0.0,3.75,5.0,3.75,0.0,0.0,4.375,2.5,0.0,4.375,5.0,3.75,2.5,3.75,3.75,3.125,2.5,3.75,3.75,2.5,2.5,2.5,3.75,2.5,1.25,2.5,3.125,1.25,2.5,1.25,1.25,1.25,0.0,0.0,1.25,0.0,0.0,0.0,1.25,0.0,0.0,0.0,0.0,0.0,0.0,0.0,0.0,0.0,0.0,0.0
239,11,3.75,3.75,3.75,5.0,3.75,3.75,3.75,3.75,5.0,3.75,2.5,3.75,0.0,3.125,3.75,1.25,3.125,3.75,1.25,0.0,3.125,3.75,3.75,0.0,0.0,3.75,2.5,0.0,3.75,3.75,3.75,2.5,3.125,3.125,2.5,2.5,3.75,3.75,1.875,2.5,2.5,3.125,2.5,1.25,2.5,2.5,1.25,1.875,1.25,1.25,1.25,0.0,0.0,1.25,0.0,0.0,0.0,1.25,0.0,0.0,0.0,0.0,0.0,0.0,0.0,0.0,0.0,0.0,0.0
240,9,5.0,5.0,4.375,5.0,5.0,5.0,5.0,4.375,5.0,5.0,3.125,5.0,0.0,3.75,4.375,1.25,3.75,3.75,1.25,0.0,3.75,5.0,4.375,0.0,0.0,5.0,2.5,0.0,5.0,5.0,3.75,2.5,3.75,4.375,3.75,2.5,5.0,5.0,2.5,2.5,2.5,4.375,3.125,1.875,3.125,3.75,1.25,2.5,1.25,1.875,1.25,0.0,0.0,1.25,0.0,0.0,0.0,1.25,0.0,0.0,0.0,0.0,0.0,0.0,0.0,0.0,0.0,0.0,0.0
240,10,4.375,5.0,3.75,5.0,5.0,4.375,5.0,3.75,5.0,5.0,2.5,5.0,0.0,3.75,3.75,1.25,3.75,3.75,1.25,0.0,3.75,5.0,3.75,0.0,0.0,3.75,2.5,0.0,5.0,5.0,3.75,2.5,3.75,3.75,3.75,2.5,4.375,3.75,2.5,2.5,2.5,3.75,2.5,1.25,2.5,3.75,1.25,2.5,1.25,1.25,1.25,0.0,0.0,1.25,0.0,0.0,0.0,1.25,0.0,0.0,0.0,0.0,0.0,0.0,0.0,0.0,0.0,0.0,0.0
240,11,3.75,3.75,3.75,5.0,4.375,3.75,3.75,3.75,4.375,3.75,2.5,3.75,0.0,3.125,3.75,1.25,3.125,3.125,1.25,0.0,3.125,3.75,3.75,0.0,0.0,3.75,2.5,0.0,3.75,3.75,3.75,2.5,2.5,3.75,2.5,2.5,3.75,3.75,1.25,2.5,2.5,3.75,2.5,1.25,2.5,3.75,1.25,2.5,1.25,1.25,0.0,0.0,0.0,1.25,0.0,0.0,0.0,1.25,0.0,0.0,0.0,0.0,0.0,0.0,0.0,0.0,0.0,0.0,0.0
241,9,5.0,5.0,3.75,5.0,5.0,5.0,5.0,5.0,5.0,5.0,2.5,5.0,0.625,2.5,5.0,1.25,3.75,3.75,1.25,0.0,3.75,5.0,4.375,0.0,0.0,5.0,2.5,0.0,5.0,5.0,3.75,2.5,3.75,3.75,3.75,2.5,5.0,4.375,2.5,2.5,2.5,5.0,3.75,2.5,3.125,3.75,1.25,2.5,1.25,1.25,0.0,0.0,0.0,1.25,0.0,0.0,0.0,1.25,0.0,0.0,0.0,0.0,0.0,0.0,0.0,0.0,0.0,0.0,0.0
241,10,4.375,5.0,3.75,5.0,5.0,4.375,5.0,3.75,5.0,5.0,2.5,5.0,0.0,3.75,3.75,1.25,3.75,3.75,1.25,0.0,3.75,5.0,4.375,0.0,0.0,4.375,2.5,0.0,5.0,5.0,3.75,2.5,3.125,3.75,3.75,2.5,3.75,3.75,2.5,2.5,2.5,3.75,2.5,1.875,2.5,3.75,1.25,2.5,1.25,1.25,0.0,0.0,0.0,1.25,0.0,0.0,0.0,1.25,0.0,0.0,0.0,0.0,0.0,0.0,0.0,0.0,0.0,0.0,0.0
241,11,3.75,3.75,3.75,4.375,4.375,3.75,3.75,3.75,4.375,3.75,1.25,3.75,0.0,2.5,3.75,1.25,3.125,3.125,0.625,0.0,3.125,4.375,3.75,0.0,0.0,3.75,2.5,0.0,3.75,4.375,3.75,2.5,2.5,3.125,3.125,2.5,3.75,3.75,1.25,1.875,2.5,3.75,2.5,1.25,2.5,3.75,1.25,2.5,1.25,1.25,0.0,0.0,0.0,1.25,0.0,0.0,0.0,1.25,0.0,0.0,0.0,0.0,0.0,0.0,0.0,0.0,0.0,0.0,0.0
242,9,5.0,5.0,3.75,5.0,5.0,5.0,5.0,5.0,5.0,5.0,2.5,5.0,1.25,2.5,5.0,1.25,3.75,3.75,0.0,0.0,3.75,5.0,5.0,0.0,0.0,5.0,3.75,0.0,5.0,5.0,3.75,2.5,3.125,3.75,3.75,3.125,5.0,3.75,2.5,2.5,2.5,5.0,3.75,2.5,3.125,3.75,1.25,2.5,1.25,1.25,0.0,0.0,0.0,1.25,0.0,0.0,0.0,1.25,0.0,0.0,0.0,0.0,0.0,0.0,0.0,0.0,0.0,0.0,0.0
242,10,3.75,5.0,3.75,5.0,5.0,5.0,5.0,4.375,5.0,5.0,1.25,5.0,0.625,2.5,3.75,1.25,3.75,3.125,0.0,0.0,3.75,5.0,4.375,0.0,0.0,3.75,3.125,0.0,4.375,5.0,3.75,2.5,2.5,3.75,3.75,2.5,5.0,3.75,2.5,2.5,2.5,3.75,2.5,2.5,2.5,3.75,1.25,2.5,1.25,1.25,0.0,0.0,0.0,1.25,0.0,0.0,0.0,0.625,0.0,0.0,0.0,0.0,0.0,0.0,0.0,0.0,0.0,0.0,0.0
242,11,3.75,3.75,3.75,4.375,4.375,3.75,3.75,3.75,3.75,3.75,1.25,3.75,0.625,2.5,3.75,1.25,2.5,2.5,0.0,0.0,3.125,4.375,3.75,0.0,0.0,3.75,2.5,0.0,3.75,3.75,3.125,2.5,2.5,2.5,3.125,2.5,3.75,3.125,1.25,1.875,1.875,3.75,2.5,1.875,2.5,2.5,1.25,2.5,1.25,1.25,0.0,0.0,0.0,1.25,0.0,0.0,0.0,0.0,0.0,0.0,0.0,0.0,0.0,0.0,0.0,0.0,0.0,0.0,0.0
243,9,4.375,5.0,3.75,5.0,5.0,5.0,3.75,5.0,4.375,4.375,1.25,5.0,1.25,2.5,5.0,1.25,3.75,3.75,0.0,0.0,3.75,5.0,4.375,0.0,0.0,4.375,3.75,0.0,5.0,5.0,3.75,2.5,2.5,3.75,3.75,3.75,5.0,3.75,2.5,2.5,1.875,5.0,3.75,2.5,2.5,3.75,2.5,3.125,1.25,1.25,0.0,0.625,0.0,1.25,0.0,0.625,0.0,0.0,0.0,0.0,0.0,0.0,0.0,0.0,0.0,0.0,0.0,0.0,0.0
243,10,3.75,5.0,3.75,5.0,5.0,5.0,3.75,4.375,3.75,4.375,1.25,4.375,0.625,2.5,4.375,1.25,3.75,3.125,0.0,0.0,3.75,5.0,3.75,0.0,0.0,3.75,3.75,0.0,4.375,4.375,3.75,2.5,2.5,3.75,3.75,3.125,5.0,3.75,2.5,2.5,2.5,3.75,2.5,2.5,2.5,2.5,1.25,2.5,1.25,1.25,0.0,0.0,0.625,1.25,0.0,0.0,0.0,0.0,0.0,0.0,0.0,0.0,0.0,0.0,0.0,0.0,0.0,0.0,0.0
243,11,3.75,3.75,3.75,4.375,4.375,3.75,3.75,3.75,3.75,3.75,1.25,3.75,1.25,2.5,3.75,1.25,2.5,2.5,0.0,0.0,3.75,4.375,3.75,0.0,0.0,3.75,2.5,0.0,3.75,3.75,2.5,2.5,2.5,2.5,3.125,3.75,3.75,2.5,1.25,1.875,1.25,3.75,2.5,2.5,2.5,2.5,1.25,2.5,1.25,1.25,0.0,0.0,0.625,1.25,0.0,0.625,0.0,0.0,0.0,0.0,0.0,0.0,0.0,0.0,0.0,0.0,0.0,0.0,0.0
244,9,3.75,5.0,3.75,5.0,5.0,5.0,3.75,5.0,3.75,3.75,1.25,5.0,1.25,2.5,5.0,1.25,3.75,3.75,0.0,0.0,4.375,5.0,4.375,0.0,0.0,3.75,3.75,0.0,5.0,4.375,3.75,2.5,2.5,3.75,3.75,3.75,5.0,3.75,2.5,2.5,1.25,5.0,3.75,2.5,2.5,2.5,2.5,3.125,1.25,1.25,0.0,1.25,1.25,1.25,0.0,1.25,0.0,0.0,0.0,0.0,0.0,0.0,0.0,0.0,0.0,0.0,0.0,0.0,0.0
244,10,3.75,5.0,3.75,5.0,5.0,5.0,3.75,4.375,3.75,3.75,1.25,4.375,1.25,2.5,5.0,1.25,3.75,3.125,0.0,0.0,3.75,5.0,3.75,0.0,0.0,3.75,3.75,0.0,5.0,3.75,3.75,2.5,2.5,3.75,3.75,3.75,5.0,3.75,2.5,2.5,1.25,3.75,2.5,2.5,2.5,2.5,1.25,2.5,1.25,1.25,0.0,0.625,0.625,1.25,0.0,1.25,0.0,0.0,0.0,0.0,0.0,0.0,0.0,0.0,0.0,0.0,0.0,0.0,0.0
244,11,3.125,3.75,3.125,4.375,4.375,3.75,3.75,3.75,3.75,3.75,1.25,3.75,1.25,2.5,3.75,1.25,3.125,2.5,0.0,0.0,3.75,4.375,3.75,0.0,0.0,3.75,2.5,0.0,3.75,3.75,2.5,2.5,2.5,2.5,3.125,3.75,3.75,2.5,1.25,1.875,1.25,3.75,2.5,2.5,2.5,2.5,1.25,2.5,1.25,1.25,0.0,0.625,1.25,1.25,0.0,1.25,0.0,0.0,0.0,0.0,0.0,0.0,0.0,0.0,0.0,0.0,0.0,0.0,0.0
245,9,3.75,5.0,3.75,5.0,5.0,5.0,3.75,5.0,3.75,3.75,1.25,5.0,1.25,1.875,5.0,1.25,3.75,3.75,0.0,0.0,3.75,5.0,4.375,0.0,0.0,3.75,3.75,0.0,5.0,3.75,3.75,2.5,2.5,3.75,3.75,3.75,5.0,3.75,2.5,2.5,1.25,5.0,3.75,2.5,2.5,2.5,2.5,3.75,1.25,1.25,0.0,1.25,1.25,0.625,0.0,1.25,0.0,0.0,0.0,0.0,0.0,0.0,0.0,0.0,0.0,0.0,0.0,0.0,0.0
245,10,3.75,5.0,3.75,5.0,5.0,5.0,3.75,5.0,3.75,4.375,1.25,4.375,1.25,1.875,5.0,0.625,3.75,3.125,0.0,0.0,3.75,5.0,3.75,0.0,0.0,3.75,3.75,0.0,5.0,3.75,3.75,2.5,2.5,3.75,3.75,3.125,5.0,3.125,2.5,2.5,1.25,3.75,2.5,2.5,2.5,2.5,1.25,2.5,1.25,1.25,0.0,1.25,1.25,0.625,0.0,1.25,0.0,0.0,0.0,0.0,0.0,0.0,0.0,0.0,0.0,0.0,0.0,0.0,0.0
245,11,3.125,3.75,3.75,3.75,3.75,3.75,2.5,3.75,3.125,3.75,0.625,3.75,1.25,1.25,3.75,0.625,3.125,2.5,0.0,0.0,3.75,4.375,3.75,0.0,0.0,3.125,3.125,0.0,3.75,3.75,2.5,1.875,2.5,2.5,3.125,3.75,4.375,2.5,1.875,1.875,1.25,3.75,2.5,2.5,2.5,2.5,1.25,2.5,1.25,1.25,0.0,1.25,1.25,1.25,0.0,1.25,0.0,0.0,0.0,0.0,0.0,0.0,0.0,0.0,0.0,0.0,0.0,0.0,0.0
246,9,3.75,5.0,5.0,5.0,5.0,5.0,3.75,5.0,3.75,3.75,1.25,5.0,1.25,1.25,5.0,0.625,3.75,3.75,0.0,0.0,3.75,5.0,3.75,0.0,0.0,3.75,3.75,0.0,5.0,3.75,3.75,2.5,2.5,3.75,3.75,3.125,5.0,2.5,2.5,2.5,1.25,4.375,3.125,3.75,2.5,2.5,2.5,3.125,1.25,1.25,0.0,1.25,1.25,0.0,0.0,1.25,0.0,0.0,0.625,0.0,0.0,0.0,0.0,0.0,0.0,0.0,0.0,0.0,0.0
246,10,3.75,5.0,3.75,5.0,5.0,5.0,3.75,5.0,2.5,3.75,0.625,4.375,1.25,1.25,5.0,0.0,3.75,3.75,0.0,0.0,3.75,5.0,3.75,0.0,0.0,3.75,3.75,0.0,4.375,3.125,3.75,2.5,2.5,3.75,3.75,2.5,5.0,2.5,2.5,2.5,1.25,3.75,2.5,2.5,2.5,1.25,2.5,2.5,1.25,1.25,0.0,1.25,1.25,0.0,0.0,1.25,0.0,0.0,0.0,0.0,0.0,0.0,0.0,0.0,0.0,0.0,0.0,0.0,0.0
246,11,3.125,3.75,3.75,3.75,3.75,3.75,2.5,3.75,2.5,3.75,0.625,3.75,1.25,1.25,3.75,0.0,3.125,2.5,0.0,0.0,3.75,4.375,3.75,0.0,0.0,3.125,3.75,0.0,3.75,2.5,2.5,1.875,2.5,2.5,3.125,3.75,5.0,2.5,1.875,1.875,1.25,3.75,2.5,2.5,2.5,1.25,1.875,2.5,1.25,1.25,0.0,1.25,1.25,1.25,0.0,1.25,0.0,0.0,0.0,0.0,0.0,0.0,0.0,0.0,0.0,0.0,0.0,0.0,0.0
247,9,3.75,5.0,5.0,5.0,5.0,5.0,2.5,5.0,2.5,3.75,0.0,4.375,1.25,1.25,5.0,0.0,3.75,3.75,0.0,0.0,4.375,5.0,3.75,0.0,0.0,3.75,3.75,0.0,5.0,3.125,3.125,2.5,2.5,3.75,3.75,3.125,5.0,2.5,2.5,2.5,1.25,3.75,3.125,3.75,2.5,1.25,2.5,3.125,1.25,1.25,0.0,1.25,1.25,0.625,0.0,1.25,0.0,0.0,1.25,0.0,0.0,0.625,0.0,0.0,0.0,0.0,0.0,0.0,0.0
247,10,3.75,4.375,3.75,4.375,4.375,5.0,2.5,5.0,2.5,3.75,0.0,3.75,1.25,1.25,5.0,0.0,3.75,3.75,0.0,0.0,3.75,5.0,3.75,0.0,0.0,3.75,3.75,0.0,4.375,2.5,2.5,2.5,2.5,3.75,3.125,2.5,5.0,2.5,2.5,2.5,1.25,3.75,2.5,2.5,2.5,1.25,2.5,2.5,1.25,1.25,0.0,1.25,1.25,0.625,0.0,1.25,0.0,0.0,0.625,0.0,0.0,0.0,0.0,0.0,0.0,0.0,0.0,0.0,0.0
247,11,3.125,3.75,3.75,3.75,3.75,3.75,2.5,3.75,2.5,3.75,0.0,3.75,1.25,1.25,3.75,0.0,3.75,2.5,0.0,0.0,3.75,4.375,3.125,0.0,0.0,2.5,3.75,0.0,3.75,2.5,2.5,2.5,2.5,2.5,2.5,3.125,5.0,2.5,2.5,1.875,1.25,3.125,2.5,2.5,2.5,1.25,2.5,2.5,1.25,1.25,0.0,1.25,1.25,1.25,0.0,1.25,0.0,0.0,0.0,0.0,0.0,0.0,0.0,0.0,0.0,0.0,0.0,0.0,0.0
248,9,3.75,5.0,5.0,5.0,5.0,5.0,2.5,5.0,2.5,3.75,1.25,4.375,1.25,1.25,5.0,0.0,4.375,3.75,0.0,0.0,5.0,5.0,3.75,0.0,0.0,3.75,3.75,0.0,5.0,2.5,2.5,2.5,2.5,3.75,3.75,2.5,5.0,2.5,2.5,2.5,1.25,3.75,2.5,3.75,2.5,1.25,3.125,2.5,1.25,1.25,0.0,1.25,1.25,1.25,0.0,1.25,0.0,0.0,1.25,0.0,0.0,1.25,0.0,0.0,0.0,0.0,0.0,0.0,0.0
248,10,3.75,3.75,3.75,3.75,3.75,5.0,2.5,5.0,2.5,3.75,0.625,3.75,0.625,1.25,5.0,0.0,3.75,3.75,0.0,0.0,3.75,5.0,3.75,0.0,0.0,3.75,3.75,0.0,4.375,2.5,2.5,2.5,2.5,3.75,3.125,2.5,5.0,2.5,2.5,2.5,1.25,2.5,2.5,2.5,2.5,1.25,2.5,2.5,1.25,1.25,0.0,1.25,1.25,0.625,0.0,1.25,0.0,0.0,1.25,0.0,0.0,1.25,0.0,0.0,0.0,0.0,0.0,0.0,0.0
248,11,2.5,3.75,3.75,3.75,3.75,3.75,2.5,3.75,1.875,3.75,0.625,3.75,1.25,1.25,4.375,0.0,3.75,2.5,0.0,0.0,3.75,4.375,3.125,0.0,0.0,2.5,3.75,0.0,3.75,2.5,2.5,1.875,2.5,2.5,2.5,2.5,5.0,2.5,2.5,2.5,1.25,2.5,2.5,2.5,2.5,1.25,2.5,2.5,1.25,1.25,0.0,1.25,1.25,0.625,0.0,1.25,0.0,0.0,1.25,0.0,0.0,0.625,0.0,0.0,0.0,0.0,0.0,0.0,0.0
249,9,3.75,5.0,5.0,4.375,5.0,5.0,2.5,5.0,2.5,3.75,1.25,4.375,1.25,0.625,5.0,0.0,4.375,3.75,0.0,0.0,5.0,5.0,3.75,0.0,0.0,3.75,3.75,0.0,5.0,2.5,2.5,2.5,2.5,3.75,3.75,2.5,5.0,2.5,2.5,2.5,1.25,2.5,2.5,3.75,2.5,0.0,3.75,2.5,2.5,1.25,0.0,1.25,1.25,1.25,0.0,1.25,0.0,0.0,1.875,0.0,0.0,1.25,0.0,0.0,0.0,0.0,0.0,0.0,0.0
249,10,3.75,3.75,3.75,3.75,3.75,5.0,2.5,5.0,1.875,3.75,1.25,3.75,1.25,0.625,5.0,0.0,3.75,3.75,0.0,0.0,3.75,5.0,3.75,0.0,0.0,3.75,3.75,0.0,3.75,1.875,3.125,2.5,2.5,3.75,3.125,2.5,5.0,2.5,2.5,2.5,1.25,2.5,2.5,3.125,1.875,0.0,2.5,2.5,1.25,1.25,0.0,1.25,1.25,0.625,0.0,1.25,0.0,0.0,1.25,0.0,0.0,1.25,0.0,0.0,0.0,0.0,0.0,0.0,0.0
249,11,2.5,3.75,3.75,3.75,3.75,3.75,1.875,3.75,1.25,3.75,1.25,3.75,1.25,1.25,5.0,0.0,3.75,2.5,0.0,0.0,3.75,4.375,3.125,0.0,0.0,2.5,3.75,0.0,3.75,1.875,2.5,1.875,2.5,3.125,2.5,2.5,5.0,1.875,2.5,2.5,1.25,2.5,1.875,2.5,1.875,0.0,2.5,2.5,1.25,1.25,0.0,1.25,1.25,0.625,0.0,1.25,0.0,0.0,1.25,0.0,0.0,1.25,0.0,0.0,0.0,0.0,0.0,0.0,0.0
250,9,3.75,4.375,5.0,3.75,4.375,5.0,1.25,5.0,1.875,3.75,1.25,3.75,1.25,0.0,5.0,0.0,4.375,3.75,0.0,0.0,5.0,5.0,3.75,0.0,0.0,3.75,3.75,0.0,4.375,1.25,3.125,2.5,2.5,3.75,3.75,2.5,5.0,2.5,2.5,2.5,1.25,2.5,2.5,3.75,2.5,0.0,3.75,2.5,1.875,1.25,0.0,1.25,0.625,1.25,0.0,1.25,0.0,0.0,2.5,0.0,0.0,1.25,0.0,0.0,0.0,0.0,0.0,0.0,0.0
250,10,3.75,3.75,4.375,3.75,3.75,5.0,2.5,5.0,1.25,3.75,1.25,3.75,0.625,0.0,5.0,0.0,3.75,3.75,0.0,0.0,3.75,5.0,3.75,0.0,0.0,3.75,3.75,0.0,3.75,1.25,2.5,2.5,2.5,3.75,2.5,2.5,5.0,2.5,2.5,2.5,1.25,1.875,2.5,2.5,1.25,0.0,2.5,2.5,1.25,1.25,0.0,1.25,0.625,0.625,0.0,1.25,0.0,0.0,1.25,0.0,0.0,1.25,0.0,0.0,0.0,0.0,0.0,0.0,0.0
250,11,3.125,3.75,3.75,3.125,2.5,3.75,1.25,3.75,1.25,3.125,1.25,3.75,0.625,0.0,5.0,0.0,3.75,2.5,0.0,0.0,3.75,3.75,2.5,0.0,0.0,2.5,3.75,0.0,3.75,1.25,2.5,2.5,2.5,3.75,2.5,2.5,5.0,1.875,2.5,2.5,1.25,1.25,1.875,2.5,1.25,0.0,2.5,2.5,1.25,1.25,0.0,1.25,1.25,0.625,0.0,1.25,0.0,0.0,1.25,0.0,0.0,1.25,0.0,0.0,0.0,0.0,0.0,0.0,0.0
251,9,3.75,3.75,5.0,3.75,3.75,5.0,1.25,5.0,1.25,3.75,1.25,3.75,0.625,0.0,5.0,0.0,5.0,3.75,0.0,0.0,5.0,5.0,3.75,0.0,0.0,3.75,3.75,0.0,4.375,1.25,3.75,2.5,2.5,4.375,3.125,1.25,5.0,2.5,2.5,3.75,1.25,1.25,2.5,3.125,2.5,0.0,3.75,2.5,1.875,1.25,0.0,1.25,1.25,1.25,0.0,1.25,0.0,1.25,2.5,0.0,0.0,1.25,0.0,0.0,0.0,0.0,0.0,0.0,0.0
251,10,3.75,3.75,4.375,3.75,3.125,4.375,1.25,5.0,1.25,3.75,1.25,3.75,0.0,0.0,5.0,0.0,3.75,3.75,0.0,0.0,3.75,5.0,3.75,0.0,0.0,3.75,3.75,0.0,3.75,1.25,3.125,2.5,2.5,3.75,2.5,1.25,5.0,2.5,2.5,2.5,1.25,1.25,2.5,2.5,1.25,0.0,2.5,2.5,1.25,1.25,0.0,1.25,0.625,1.25,0.0,1.25,0.0,0.0,1.875,0.0,0.0,1.25,0.0,0.0,0.0,0.0,0.0,0.0,0.0
251,11,3.125,3.125,3.75,2.5,2.5,3.75,1.25,3.75,1.25,2.5,1.25,3.75,0.0,0.0,5.0,0.0,3.75,2.5,0.0,0.0,3.75,3.75,2.5,0.0,0.0,2.5,3.75,0.0,3.75,1.25,2.5,2.5,2.5,3.75,2.5,1.875,4.375,1.25,2.5,2.5,1.25,1.25,1.25,2.5,1.25,0.0,2.5,1.875,1.25,1.25,0.0,1.25,1.25,1.25,0.0,1.25,0.0,0.0,1.25,0.0,0.0,1.25,0.0,0.0,0.0,0.0,0.0,0.0,0.0
252,9,3.75,3.75,5.0,3.75,3.75,5.0,1.25,5.0,1.25,3.75,1.875,3.75,0.625,0.0,5.0,0.0,5.0,3.75,0.0,0.0,5.0,5.0,3.75,0.0,0.0,3.75,3.75,0.0,3.75,1.25,3.75,2.5,2.5,4.375,2.5,1.25,5.0,2.5,2.5,3.75,1.25,1.25,2.5,2.5,1.875,0.0,3.75,2.5,1.25,1.25,0.0,1.25,1.25,1.25,0.0,1.25,0.0,1.25,3.125,0.0,0.0,1.875,0.0,0.0,0.0,0.0,0.0,0.0,0.0
252,10,3.75,3.75,4.375,3.75,2.5,3.75,1.25,5.0,1.25,3.125,1.25,3.75,0.0,0.0,5.0,0.0,3.75,3.75,0.0,0.0,4.375,5.0,3.75,0.0,0.0,3.75,3.75,0.0,3.75,1.25,3.75,2.5,2.5,3.75,2.5,1.25,5.0,2.5,2.5,3.125,1.25,1.25,1.25,2.5,1.875,0.0,2.5,1.875,1.25,1.25,0.0,1.25,0.625,1.25,0.0,1.25,0.0,0.625,2.5,0.0,0.0,1.25,0.0,0.0,0.0,0.0,0.0,0.0,0.0
252,11,3.125,3.125,3.75,2.5,2.5,3.75,1.25,3.75,1.25,2.5,1.25,3.75,0.0,0.0,5.0,0.0,3.75,2.5,0.0,0.0,3.75,3.75,3.125,0.0,0.0,3.125,3.125,0.0,3.125,1.25,2.5,2.5,2.5,3.75,2.5,1.25,3.75,1.25,2.5,2.5,1.25,1.25,1.25,2.5,1.25,0.0,2.5,1.875,1.25,1.25,0.0,1.25,1.25,1.25,0.0,1.25,0.0,0.625,1.875,0.0,0.0,1.25,0.0,0.0,0.0,0.0,0.0,0.0,0.0
253,9,5.0,3.75,5.0,3.75,2.5,4.375,1.25,5.0,1.25,2.5,2.5,4.375,1.25,0.0,5.0,0.0,5.0,3.75,0.0,0.0,5.0,5.0,3.75,0.0,0.0,3.75,3.75,0.0,3.75,0.0,3.75,2.5,3.125,4.375,2.5,1.25,5.0,2.5,3.125,3.75,2.5,0.0,2.5,2.5,1.25,0.0,3.75,2.5,1.25,1.25,0.0,1.25,1.25,1.25,0.0,1.25,0.0,1.25,3.75,0.0,0.0,2.5,0.0,0.0,0.0,0.0,0.0,0.0,0.0
253,10,3.75,3.75,4.375,3.75,2.5,3.75,1.25,5.0,1.25,2.5,1.25,3.75,0.0,0.0,5.0,0.0,3.75,3.75,0.0,0.0,4.375,5.0,3.75,0.0,0.0,3.75,3.125,0.0,3.75,0.0,3.75,2.5,3.125,3.75,2.5,1.25,5.0,2.5,2.5,3.125,1.25,0.0,1.25,2.5,1.25,0.0,2.5,1.875,1.25,1.25,0.0,1.25,0.625,1.25,0.0,1.25,0.0,1.25,2.5,0.0,0.0,2.5,0.0,0.0,0.0,0.0,0.0,0.0,0.0
253,11,3.75,2.5,3.75,2.5,2.5,3.75,1.25,3.75,1.25,2.5,1.25,3.75,0.0,0.0,5.0,0.0,3.75,2.5,0.0,0.0,3.75,3.75,3.75,0.0,0.0,3.125,3.125,0.0,2.5,0.0,2.5,2.5,2.5,3.75,2.5,1.25,3.75,1.25,2.5,2.5,1.25,0.0,1.25,2.5,1.25,0.0,2.5,1.25,1.25,1.25,0.0,1.25,0.625,1.25,0.0,1.25,0.0,1.25,2.5,0.0,0.0,1.25,0.0,0.0,0.0,0.0,0.0,0.0,0.0
254,9,5.0,3.75,5.0,3.75,2.5,4.375,1.25,5.0,1.25,2.5,2.5,4.375,1.25,0.0,5.0,0.0,4.375,3.75,0.0,0.0,5.0,5.0,3.75,0.0,0.0,3.75,3.75,0.0,3.75,0.0,3.75,2.5,3.75,5.0,2.5,1.25,5.0,2.5,3.75,3.75,2.5,0.0,2.5,2.5,1.25,0.0,3.75,2.5,1.25,1.25,0.0,1.25,1.25,1.25,0.0,1.25,0.0,1.25,3.75,0.0,0.0,2.5,0.0,0.0,0.0,0.0,0.0,0.0,0.0
254,10,3.75,3.75,3.75,3.75,2.5,3.75,1.25,5.0,1.25,2.5,1.875,3.75,0.625,0.0,5.0,0.0,3.75,3.75,0.0,0.0,3.75,5.0,3.75,0.0,0.0,3.75,2.5,0.0,3.125,0.0,3.75,2.5,3.75,3.75,2.5,0.625,5.0,2.5,2.5,3.75,2.5,0.0,1.875,2.5,1.25,0.0,2.5,1.25,1.25,1.25,0.0,1.25,0.625,1.25,0.0,1.25,0.0,1.25,2.5,0.0,0.0,1.25,0.0,0.0,0.0,0.0,0.0,0.0,0.0
254,11,3.75,2.5,3.75,2.5,1.875,3.75,1.25,3.75,1.25,2.5,1.25,3.75,0.625,0.0,5.0,0.0,3.75,3.125,0.0,0.0,3.75,3.75,3.75,0.0,0.0,3.75,2.5,0.0,2.5,0.0,2.5,2.5,2.5,3.75,2.5,1.25,3.75,1.25,2.5,2.5,1.25,0.0,1.25,2.5,1.25,0.0,2.5,1.25,1.25,1.25,0.0,1.25,1.25,1.25,0.0,1.25,0.0,1.25,2.5,0.0,0.0,1.25,0.0,0.0,0.0,0.0,0.0,0.0,0.0
255,9,5.0,3.75,5.0,3.75,2.5,3.75,1.25,5.0,1.25,2.5,2.5,3.75,1.25,0.0,5.0,0.0,4.375,3.75,0.0,0.0,5.0,5.0,4.375,0.0,0.0,4.375,3.75,0.0,3.75,0.0,3.75,2.5,3.75,5.0,2.5,0.0,5.0,2.5,3.75,3.75,2.5,0.0,2.5,2.5,1.25,0.0,3.75,1.875,1.25,1.875,0.0,1.25,1.25,1.25,0.0,1.25,0.0,2.5,3.75,0.0,0.0,1.25,0.0,0.0,0.0,0.0,0.0,0.0,0.0
255,10,4.375,3.75,4.375,3.75,2.5,3.125,1.25,4.375,1.25,1.875,2.5,3.75,1.25,0.0,5.0,0.0,3.75,3.75,0.0,0.0,3.75,5.0,3.75,0.0,0.0,3.75,2.5,0.0,2.5,0.0,3.75,2.5,3.75,4.375,2.5,0.0,3.75,2.5,3.75,3.75,2.5,0.0,1.875,2.5,1.25,0.0,2.5,1.25,1.25,1.25,0.0,1.25,1.25,1.25,0.0,1.25,0.0,1.25,2.5,0.0,0.0,1.25,0.0,0.0,0.0,0.0,0.0,0.0,0.0
255,11,3.75,2.5,3.75,2.5,1.25,3.125,1.25,3.75,1.25,1.25,1.875,3.75,0.625,0.0,4.375,0.0,3.75,2.5,0.0,0.0,3.75,3.75,3.75,0.0,0.0,3.75,2.5,0.0,2.5,0.0,2.5,2.5,2.5,3.75,2.5,0.0,3.75,1.25,2.5,3.125,1.25,0.0,1.25,1.875,1.25,0.0,2.5,1.25,1.25,1.25,0.0,1.25,1.25,1.25,0.0,1.25,0.0,1.25,2.5,0.0,0.0,1.25,0.0,0.0,0.0,0.0,0.0,0.0,0.0
256,9,5.0,3.75,5.0,3.75,1.875,3.75,1.25,4.375,2.5,1.25,2.5,3.75,1.25,0.0,5.0,0.0,4.375,3.75,0.0,0.0,5.0,5.0,5.0,0.0,0.0,5.0,3.125,0.0,3.75,0.0,3.75,2.5,3.75,5.0,2.5,0.0,5.0,2.5,3.75,3.75,2.5,0.0,2.5,2.5,1.25,0.0,3.125,1.875,1.25,2.5,0.0,1.25,1.25,1.25,0.0,1.25,0.0,2.5,3.75,0.0,0.0,1.25,0.0,0.0,0.0,0.0,0.0,0.0,0.0
256,10,4.375,3.75,3.75,3.125,1.25,2.5,1.25,3.75,1.875,1.25,2.5,3.75,1.25,0.0,5.0,0.0,3.75,3.75,0.0,0.0,3.75,4.375,3.75,0.0,0.0,3.75,2.5,0.0,3.125,0.0,3.75,2.5,3.75,4.375,2.5,0.0,3.75,2.5,3.75,3.75,2.5,0.0,1.25,2.5,1.25,0.0,2.5,1.25,1.25,1.25,0.0,1.25,1.25,1.25,0.0,0.625,0.0,1.25,2.5,0.0,0.0,1.25,0.0,0.0,0.0,0.0,0.0,0.0,0.0
256,11,3.75,2.5,3.75,2.5,1.25,2.5,0.625,3.75,1.25,1.25,1.875,3.75,1.25,0.0,4.375,0.0,3.75,3.125,0.0,0.0,3.75,3.75,3.75,0.0,0.0,3.75,2.5,0.0,2.5,0.0,2.5,2.5,2.5,3.75,1.875,0.0,3.75,1.25,2.5,3.125,1.875,0.0,1.25,1.875,1.25,0.0,2.5,1.25,1.25,1.25,0.0,0.625,1.25,1.25,0.0,0.625,0.0,1.25,2.5,0.0,0.0,1.25,0.0,0.0,0.0,0.0,0.0,0.0,0.0
257,9,5.0,3.75,5.0,3.75,1.25,3.75,1.25,3.75,2.5,1.25,2.5,4.375,1.25,0.0,5.0,0.0,5.0,3.75,0.0,0.0,4.375,5.0,5.0,0.0,0.0,5.0,2.5,0.0,3.125,0.0,3.75,2.5,3.75,5.0,2.5,0.0,4.375,2.5,3.75,3.75,2.5,0.0,2.5,2.5,1.25,0.0,2.5,1.875,1.25,2.5,0.0,0.625,1.25,1.25,0.0,0.625,0.0,2.5,3.75,0.0,0.0,1.25,0.0,0.0,0.0,0.0,0.0,0.0,0.0
257,10,5.0,3.125,3.75,3.75,1.25,2.5,1.25,3.75,2.5,1.25,2.5,3.75,1.25,0.0,5.0,0.0,3.75,3.75,0.0,0.0,3.75,3.75,4.375,0.0,0.0,3.75,2.5,0.0,2.5,0.0,3.75,2.5,3.75,4.375,2.5,0.0,3.75,2.5,3.125,3.75,2.5,0.0,1.875,2.5,1.25,0.0,2.5,1.25,1.25,1.25,0.0,0.0,1.25,1.25,0.0,0.625,0.0,1.875,2.5,0.0,0.0,1.25,0.0,0.0,0.0,0.0,0.0,0.0,0.0
257,11,3.75,2.5,3.75,2.5,1.25,2.5,1.25,3.125,1.875,1.25,1.875,3.75,1.25,0.0,4.375,0.0,3.75,3.125,0.0,0.0,3.75,3.75,3.75,0.0,0.0,3.75,2.5,0.0,2.5,0.0,3.125,2.5,2.5,3.75,2.5,0.0,3.75,1.875,2.5,3.125,2.5,0.0,1.25,1.25,1.25,0.0,2.5,1.25,1.25,1.25,0.0,0.0,1.25,1.25,0.0,0.0,0.0,1.875,2.5,0.0,0.0,1.25,0.0,0.0,0.0,0.0,0.0,0.0,0.0
258,9,5.0,3.75,5.0,3.75,1.25,3.75,1.25,3.75,2.5,1.25,2.5,4.375,2.5,0.0,5.0,1.25,4.375,3.75,0.0,0.0,4.375,5.0,5.0,0.0,0.0,5.0,2.5,0.0,3.125,0.0,3.75,2.5,3.75,5.0,2.5,0.0,3.75,2.5,3.75,4.375,3.75,0.0,2.5,1.875,1.25,0.0,2.5,1.25,1.25,2.5,0.0,0.0,1.25,1.25,0.0,0.625,0.0,2.5,3.125,0.0,0.0,1.25,0.0,0.0,0.0,0.0,0.0,0.0,0.0
258,10,5.0,3.125,3.75,3.75,1.25,2.5,1.25,3.75,2.5,0.625,1.875,3.75,1.25,0.0,5.0,0.0,3.75,3.75,0.0,0.0,3.75,3.75,5.0,0.0,0.0,4.375,2.5,0.0,2.5,0.0,3.75,2.5,3.75,4.375,2.5,0.0,3.75,2.5,3.75,3.75,2.5,0.0,2.5,1.875,1.25,0.0,2.5,1.25,0.625,1.25,0.0,0.0,1.25,1.25,0.0,0.625,0.0,2.5,2.5,0.0,0.0,1.25,0.0,0.0,0.0,0.0,0.0,0.0,0.0
258,11,3.75,2.5,3.75,2.5,1.25,2.5,1.25,2.5,2.5,0.625,1.875,3.75,1.25,0.0,3.75,1.25,3.75,3.125,0.0,0.0,3.75,3.75,4.375,0.0,0.0,3.75,2.5,0.0,2.5,0.0,3.125,2.5,2.5,3.75,2.5,0.0,3.125,2.5,2.5,3.75,2.5,0.0,1.875,1.25,1.25,0.0,1.875,1.25,0.625,1.25,0.0,0.0,1.25,1.25,0.0,0.625,0.0,1.875,2.5,0.0,0.0,1.25,0.0,0.0,0.0,0.0,0.0,0.0,0.0
259,9,5.0,3.75,5.0,3.75,1.25,2.5,1.25,3.75,2.5,0.0,2.5,4.375,2.5,0.0,5.0,1.25,4.375,4.375,0.0,0.0,4.375,3.75,5.0,0.0,0.0,5.0,2.5,0.0,2.5,0.0,3.75,3.125,3.75,5.0,2.5,0.0,3.75,2.5,3.75,4.375,3.75,0.0,2.5,1.25,1.25,0.0,2.5,1.25,1.25,2.5,0.0,0.0,1.25,1.25,0.0,0.625,0.0,2.5,2.5,0.0,0.0,0.0,0.0,0.0,0.0,0.0,0.0,0.0,0.0
259,10,5.0,3.125,3.75,3.75,1.25,2.5,1.25,3.125,2.5,0.0,1.875,3.75,1.875,0.0,5.0,1.25,3.75,3.75,0.0,0.0,3.75,3.75,5.0,0.0,0.0,4.375,2.5,0.0,2.5,0.0,3.75,3.75,3.75,3.75,2.5,0.0,3.75,2.5,3.75,3.75,2.5,0.0,2.5,1.25,1.25,0.0,2.5,1.25,0.0,2.5,0.0,0.0,1.25,1.25,0.0,0.625,0.0,2.5,2.5,0.0,0.0,0.625,0.0,0.0,0.0,0.0,0.0,0.0,0.0
259,11,4.375,2.5,3.75,3.125,1.25,2.5,1.25,2.5,2.5,0.0,1.25,3.75,1.25,0.0,3.75,1.25,3.75,3.75,0.0,0.0,3.75,3.125,4.375,0.0,0.0,3.75,2.5,0.0,2.5,0.0,3.125,2.5,2.5,3.75,2.5,0.0,2.5,2.5,2.5,3.75,2.5,0.0,1.875,1.25,1.25,0.0,1.25,1.25,0.625,1.875,0.0,0.0,1.25,1.25,0.0,0.625,0.0,2.5,1.25,0.0,0.0,0.0,0.0,0.0,0.0,0.0,0.0,0.0,0.0
260,9,5.0,3.75,5.0,4.375,1.25,2.5,1.25,2.5,2.5,0.0,2.5,4.375,2.5,0.0,5.0,1.25,4.375,5.0,0.0,0.0,4.375,3.75,5.0,0.0,0.0,5.0,2.5,0.0,2.5,0.0,3.75,3.75,3.75,5.0,2.5,0.0,3.75,3.125,3.75,4.375,3.75,0.0,2.5,1.25,1.25,0.0,2.5,1.25,0.0,2.5,0.0,0.0,1.25,1.25,0.0,1.25,0.0,2.5,2.5,0.0,0.0,0.0,0.0,0.0,0.0,0.0,0.0,0.0,0.0
260,10,5.0,2.5,3.75,3.75,1.25,2.5,1.25,2.5,2.5,0.0,1.875,3.75,2.5,0.0,5.0,1.25,3.75,3.75,0.0,0.0,3.75,3.75,5.0,0.0,0.0,4.375,2.5,0.0,2.5,0.0,3.75,3.75,3.75,3.75,2.5,0.0,3.125,2.5,3.75,3.75,2.5,0.0,2.5,1.25,1.25,0.0,1.25,1.25,0.0,2.5,0.0,0.0,1.25,1.25,0.0,0.625,0.0,1.875,1.25,0.0,0.0,0.0,0.0,0.0,0.0,0.0,0.0,0.0,0.0
260,11,4.375,2.5,3.75,3.75,1.25,2.5,1.25,2.5,2.5,0.0,1.25,3.75,2.5,0.0,3.75,1.25,3.75,3.75,0.0,0.0,3.75,2.5,5.0,0.0,0.0,3.75,2.5,0.0,2.5,0.0,2.5,3.125,2.5,3.75,2.5,0.0,2.5,2.5,2.5,3.75,2.5,0.0,2.5,1.25,1.25,0.0,1.25,1.25,0.0,2.5,0.0,0.0,1.25,1.25,0.0,1.25,0.0,1.875,1.25,0.0,0.0,0.0,0.0,0.0,0.0,0.0,0.0,0.0,0.0
261,9,5.0,3.75,4.375,4.375,1.25,3.125,1.875,2.5,2.5,0.0,2.5,5.0,3.75,0.0,5.0,2.5,4.375,5.0,0.0,1.25,3.75,3.75,5.0,0.0,0.0,5.0,2.5,0.0,3.125,0.0,3.75,3.75,3.75,4.375,3.125,0.0,3.75,3.125,3.75,4.375,3.75,0.0,2.5,1.25,1.25,0.0,2.5,1.25,0.0,2.5,0.0,0.0,1.25,1.25,0.0,1.25,0.0,2.5,2.5,0.0,0.0,0.0,0.0,0.0,0.0,0.0,0.0,0.0,0.0
261,10,5.0,3.75,3.75,3.75,1.25,2.5,1.25,2.5,2.5,0.0,1.875,4.375,2.5,0.0,5.0,1.25,3.75,4.375,0.0,0.0,3.75,3.75,5.0,0.0,0.0,5.0,2.5,0.0,2.5,0.0,3.75,3.75,3.75,3.75,2.5,0.0,2.5,2.5,3.75,3.75,3.125,0.0,2.5,1.25,1.25,0.0,1.25,1.25,0.0,2.5,0.0,0.0,1.25,1.25,0.0,1.25,0.0,1.25,1.25,0.0,0.0,0.0,0.0,0.0,0.0,0.0,0.0,0.0,0.0
261,11,4.375,2.5,3.75,3.75,1.25,2.5,1.25,1.25,2.5,0.0,1.25,3.75,2.5,0.0,3.75,1.875,3.125,3.75,0.0,0.0,3.125,2.5,5.0,0.0,0.0,4.375,1.875,0.0,2.5,0.0,2.5,3.75,2.5,3.75,2.5,0.0,2.5,2.5,3.125,3.75,2.5,0.0,2.5,1.25,1.25,0.0,1.25,1.25,0.0,2.5,0.0,0.0,1.25,1.25,0.0,1.25,0.0,1.25,1.25,0.0,0.0,0.0,0.0,0.0,0.0,0.0,0.0,0.0,0.0
262,9,5.0,3.75,3.75,4.375,1.25,3.125,2.5,1.875,2.5,0.0,1.25,5.0,3.75,0.0,5.0,2.5,3.75,5.0,0.0,1.25,3.75,3.75,5.0,0.0,0.0,5.0,2.5,0.0,3.75,0.0,3.75,3.75,3.75,4.375,3.75,0.0,2.5,3.75,4.375,4.375,3.75,0.0,2.5,1.25,1.25,0.0,2.5,1.25,0.0,3.75,0.0,0.0,1.25,1.25,0.0,1.25,0.0,2.5,1.875,0.0,0.0,0.0,0.0,0.0,0.0,0.0,0.0,0.0,0.0
262,10,5.0,3.75,3.75,3.75,1.25,2.5,1.875,1.25,2.5,0.0,1.25,4.375,3.125,0.0,4.375,2.5,3.75,4.375,0.0,1.25,3.75,2.5,5.0,0.0,0.0,5.0,1.875,0.0,3.125,0.0,3.125,3.75,3.75,3.75,2.5,0.0,2.5,3.125,3.75,3.75,3.75,0.0,2.5,1.25,1.25,0.0,1.25,1.25,0.625,2.5,0.0,0.0,1.25,1.25,0.0,1.25,0.0,1.25,1.25,0.0,0.0,0.0,0.0,0.0,0.0,0.0,0.0,0.0,0.0
262,11,4.375,2.5,3.75,3.75,1.25,2.5,1.875,1.25,2.5,0.0,1.25,3.75,2.5,0.0,3.75,2.5,3.125,3.75,0.0,1.25,3.125,2.5,5.0,0.0,0.0,4.375,1.25,0.0,2.5,0.0,2.5,3.75,2.5,3.125,2.5,0.0,2.5,2.5,3.125,3.75,2.5,0.0,2.5,1.25,1.25,0.0,1.25,1.25,0.625,2.5,0.0,0.0,1.25,1.25,0.0,1.25,0.0,1.25,1.25,0.0,0.0,0.0,0.0,0.0,0.0,0.0,0.0,0.0,0.0
263,9,5.0,3.75,3.75,5.0,1.25,3.75,2.5,1.25,2.5,0.0,1.25,5.0,3.75,0.0,5.0,2.5,3.75,5.0,0.0,1.25,3.75,2.5,5.0,0.0,0.0,5.0,2.5,0.0,3.75,0.0,2.5,3.75,3.75,3.75,3.75,0.0,2.5,3.75,4.375,4.375,3.75,0.0,2.5,1.25,1.25,0.0,2.5,1.25,1.25,3.75,0.0,0.0,1.25,1.25,0.0,1.25,0.0,1.25,1.25,0.0,0.0,0.0,0.0,0.0,0.0,0.0,0.0,0.0,0.0
263,10,5.0,3.125,3.75,3.75,1.25,2.5,2.5,1.25,2.5,0.0,1.25,4.375,3.125,0.0,3.75,2.5,3.75,5.0,0.0,1.25,3.75,2.5,5.0,0.0,0.0,5.0,1.25,0.0,3.125,0.0,2.5,3.75,3.75,3.75,3.125,0.0,2.5,3.75,3.75,3.75,3.75,0.0,2.5,1.25,1.25,0.0,1.875,1.25,1.25,2.5,0.0,0.0,1.25,1.25,0.0,1.25,0.0,1.25,1.25,0.0,0.0,0.0,0.0,0.0,0.0,0.0,0.0,0.0,0.0
263,11,4.375,2.5,3.75,3.75,1.25,2.5,2.5,1.25,2.5,0.0,1.25,3.75,2.5,0.0,3.75,2.5,3.125,3.75,0.0,1.25,3.125,2.5,5.0,0.0,0.0,4.375,1.25,0.0,2.5,0.0,2.5,3.75,2.5,3.125,2.5,0.0,2.5,2.5,3.75,3.75,2.5,0.0,2.5,1.25,1.25,0.0,1.25,1.25,1.25,2.5,0.0,0.0,1.25,1.25,0.0,1.25,0.0,1.25,1.25,0.0,0.0,0.0,0.0,0.0,0.0,0.0,0.0,0.0,0.0
264,9,5.0,3.75,3.75,5.0,1.25,3.75,2.5,1.25,2.5,0.0,1.25,5.0,3.75,0.0,4.375,2.5,3.75,5.0,0.0,1.25,3.75,2.5,5.0,0.0,0.0,5.0,2.5,0.0,3.125,0.0,2.5,3.75,3.75,3.75,3.75,0.0,2.5,3.75,5.0,3.75,3.75,0.0,2.5,1.25,1.25,0.0,1.875,1.875,1.25,3.75,0.0,0.0,1.25,1.25,0.0,1.25,0.0,1.25,1.25,0.0,0.0,0.0,0.0,0.0,0.0,0.0,0.0,0.0,0.0
264,10,4.375,3.75,3.75,3.75,1.25,2.5,2.5,0.625,2.5,0.0,1.25,4.375,3.75,0.0,3.75,2.5,3.75,5.0,0.0,1.25,3.75,2.5,5.0,0.0,0.0,5.0,1.25,0.0,2.5,0.0,1.875,3.75,3.75,3.75,3.125,0.0,2.5,3.75,3.75,3.75,3.125,0.0,2.5,1.25,1.25,0.0,1.25,1.25,1.25,2.5,0.0,0.0,1.25,1.25,0.0,1.25,0.0,1.25,1.25,0.0,0.0,0.0,0.0,0.0,0.0,0.0,0.0,0.0,0.0
264,11,3.75,2.5,3.75,3.75,1.25,2.5,2.5,0.625,2.5,0.0,1.25,3.75,2.5,0.0,3.75,2.5,2.5,3.75,0.0,1.25,3.125,2.5,5.0,0.0,0.0,3.75,1.25,0.0,2.5,0.0,1.25,3.75,2.5,2.5,2.5,0.0,2.5,2.5,3.75,3.125,2.5,0.0,2.5,1.25,1.25,0.0,1.25,1.25,1.25,2.5,0.0,0.0,1.25,1.25,0.0,1.25,0.0,1.25,1.25,0.0,0.0,0.0,0.0,0.0,0.0,0.0,0.0,0.0,0.0
265,9,5.0,3.75,3.75,5.0,1.25,3.75,3.75,1.25,2.5,0.0,1.25,5.0,3.75,0.0,4.375,2.5,3.75,5.0,0.0,1.25,3.75,2.5,5.0,0.0,0.0,5.0,1.25,0.0,3.75,0.0,1.25,4.375,3.75,3.75,3.75,0.0,2.5,3.75,5.0,3.75,3.75,0.0,2.5,1.25,1.25,0.0,1.25,1.875,1.25,3.75,0.0,0.0,1.25,1.25,0.0,1.25,0.0,1.25,1.25,0.0,0.0,0.0,0.0,0.0,0.0,0.0,0.0,0.0,0.0
265,10,4.375,3.75,3.75,3.75,1.25,3.75,2.5,0.0,2.5,0.0,1.25,4.375,3.75,0.0,3.75,2.5,2.5,5.0,0.0,1.25,3.75,1.875,5.0,0.0,0.0,5.0,1.25,0.0,3.125,0.0,1.25,3.75,3.75,3.75,3.75,0.0,2.5,3.125,3.75,3.75,3.75,0.0,2.5,1.25,1.25,0.0,1.25,1.875,1.25,2.5,0.0,0.0,1.25,1.25,0.0,1.25,0.0,1.25,1.25,0.0,0.0,0.0,0.0,0.0,0.0,0.0,0.0,0.0,0.0
265,11,3.75,2.5,3.75,3.75,1.25,2.5,2.5,0.0,1.875,0.0,1.25,3.75,3.125,0.0,3.75,2.5,2.5,4.375,0.0,1.25,3.125,1.875,4.375,0.0,0.0,3.75,1.25,0.0,2.5,0.0,1.25,3.75,3.125,2.5,3.125,0.0,2.5,2.5,3.75,3.125,2.5,0.0,2.5,1.25,1.25,0.0,1.25,1.25,1.25,2.5,0.0,0.0,1.25,1.25,0.0,1.25,0.0,1.25,1.25,0.0,0.0,0.0,0.0,0.0,0.0,0.0,0.0,0.0,0.0
266,9,5.0,3.75,3.75,5.0,0.0,3.75,3.75,1.25,2.5,0.0,1.25,5.0,3.75,0.0,3.75,2.5,3.75,5.0,0.0,1.25,3.75,2.5,5.0,0.0,0.0,5.0,1.25,0.0,3.75,0.0,1.25,5.0,3.75,3.75,3.75,0.0,2.5,3.75,5.0,3.75,3.75,0.0,2.5,1.25,1.25,0.0,1.25,1.875,1.25,3.75,0.0,0.0,1.25,1.25,0.0,1.25,0.0,1.25,1.25,0.0,0.0,0.0,0.0,0.0,0.0,0.0,0.0,0.0,0.0
266,10,3.75,3.75,3.75,3.75,0.0,3.75,2.5,0.0,2.5,0.0,0.625,5.0,3.125,0.0,3.75,2.5,3.125,5.0,0.0,1.25,3.75,1.25,5.0,0.0,0.0,5.0,1.25,0.0,3.75,0.0,1.25,4.375,3.75,3.125,3.75,0.0,2.5,3.125,3.75,3.125,3.125,0.0,2.5,1.25,1.25,0.0,1.25,1.25,1.25,2.5,0.0,0.0,1.25,1.25,0.0,1.25,0.0,1.25,1.25,0.0,0.0,0.0,0.0,0.0,0.0,0.0,0.0,0.0,0.0
266,11,3.75,2.5,3.75,3.75,0.0,2.5,2.5,0.0,1.25,0.0,0.625,3.75,2.5,0.0,3.125,2.5,2.5,4.375,0.0,1.25,3.125,1.25,3.75,0.0,0.0,3.75,1.25,0.0,2.5,0.0,1.25,3.75,3.125,2.5,3.75,0.0,2.5,2.5,3.75,2.5,2.5,0.0,2.5,1.25,1.25,0.0,1.25,1.25,1.25,2.5,0.0,0.0,1.25,1.25,0.0,1.25,0.0,1.25,1.25,0.0,0.0,0.0,0.0,0.0,0.0,0.0,0.0,0.0,0.0
267,9,5.0,3.75,3.125,5.0,0.0,3.75,3.75,1.25,2.5,0.0,0.625,5.0,3.75,0.0,3.75,2.5,3.75,5.0,0.0,1.25,3.75,1.875,5.0,0.0,0.0,5.0,1.25,0.0,3.75,0.0,1.25,5.0,3.75,3.75,4.375,0.0,2.5,3.125,5.0,3.75,3.75,0.0,2.5,1.875,1.25,0.0,2.5,1.25,1.25,3.75,0.0,0.0,1.25,1.25,0.0,1.25,0.0,1.25,1.25,0.0,0.0,0.0,0.0,0.0,0.0,0.0,0.0,0.0,0.0
267,10,3.75,3.75,2.5,3.75,0.0,3.75,2.5,0.625,2.5,0.0,0.625,5.0,2.5,0.0,3.75,1.25,3.125,5.0,0.0,1.25,3.75,1.25,5.0,0.0,0.0,5.0,1.25,0.0,3.75,0.0,1.25,4.375,3.75,3.75,3.75,0.0,2.5,2.5,3.75,3.75,2.5,0.0,2.5,1.25,1.25,0.0,1.875,1.25,1.25,3.125,0.0,0.0,1.25,1.25,0.0,1.25,0.0,1.25,1.25,0.0,0.0,0.0,0.0,0.0,0.0,0.0,0.0,0.0,0.0
267,11,3.75,3.125,2.5,3.75,0.0,2.5,3.125,0.625,1.25,0.0,0.0,4.375,2.5,0.0,2.5,2.5,2.5,5.0,0.0,1.25,3.125,1.25,3.75,0.0,0.0,3.75,1.25,0.0,2.5,0.0,1.25,3.75,3.125,2.5,3.75,0.0,1.875,2.5,3.75,2.5,2.5,0.0,2.5,1.25,1.25,0.0,1.25,1.25,1.25,2.5,0.0,0.0,1.25,1.25,0.0,1.25,0.0,1.25,1.25,0.0,0.0,0.0,0.0,0.0,0.0,0.0,0.0,0.0,0.0
268,9,4.375,3.75,2.5,5.0,0.0,3.75,3.75,1.25,2.5,0.0,0.0,5.0,2.5,0.0,3.75,1.875,3.75,5.0,0.0,1.25,4.375,1.25,5.0,0.0,0.0,5.0,1.25,0.0,3.75,0.0,1.25,5.0,3.75,3.75,5.0,0.0,2.5,2.5,4.375,3.75,3.75,0.0,2.5,1.25,1.25,0.0,2.5,1.875,1.25,3.75,0.0,0.0,1.25,1.25,0.0,1.25,0.0,1.25,1.25,0.0,0.0,0.0,0.0,0.0,0.0,0.0,0.0,0.0,0.0
268,10,3.125,3.75,2.5,3.75,0.0,3.75,3.125,0.625,1.25,0.0,0.0,5.0,2.5,0.0,3.75,1.25,2.5,5.0,0.0,1.25,3.75,1.25,4.375,0.0,0.0,4.375,0.625,0.0,3.75,0.0,1.25,4.375,3.75,3.125,3.75,0.0,2.5,2.5,3.75,3.125,2.5,0.0,2.5,1.25,1.25,0.0,2.5,1.25,1.25,3.125,0.0,0.0,1.25,1.25,0.0,1.25,0.0,1.25,1.25,0.0,0.0,0.0,0.0,0.0,0.0,0.0,0.0,0.0,0.0
268,11,2.5,3.75,2.5,3.75,0.0,2.5,3.125,0.625,1.25,0.0,0.0,4.375,2.5,0.0,2.5,1.25,2.5,5.0,0.0,1.25,3.75,1.25,3.75,0.0,0.0,3.75,0.625,0.0,2.5,0.0,1.25,3.75,3.75,2.5,3.75,0.0,1.25,2.5,3.75,2.5,2.5,0.0,2.5,1.25,1.25,0.0,1.25,1.25,1.25,2.5,0.0,0.0,1.25,1.25,0.0,1.25,0.0,0.625,1.25,0.0,0.0,0.0,0.0,0.0,0.0,0.0,0.0,0.0,0.0
269,9,3.75,3.75,2.5,5.0,0.0,3.75,3.75,1.25,1.25,0.0,0.0,5.0,2.5,0.0,3.75,1.25,3.125,5.0,0.0,1.25,5.0,1.25,3.75,0.0,0.0,5.0,0.0,0.0,3.75,0.0,1.25,5.0,3.75,3.75,5.0,0.0,2.5,2.5,4.375,3.75,3.125,0.0,2.5,1.25,1.25,0.0,2.5,2.5,1.25,3.75,0.0,1.25,1.25,1.25,0.0,1.25,0.0,1.25,1.25,0.0,0.0,0.0,0.0,0.0,0.0,0.0,0.0,0.0,0.0
269,10,2.5,3.75,2.5,3.75,0.0,3.75,3.125,1.25,1.25,0.0,0.0,5.0,2.5,0.0,3.75,1.25,2.5,5.0,0.0,1.25,3.75,1.25,3.75,0.0,0.0,4.375,0.0,0.0,3.75,0.0,0.625,4.375,3.75,3.125,4.375,0.0,2.5,2.5,3.75,2.5,2.5,0.0,2.5,1.25,1.25,0.0,2.5,1.875,1.25,2.5,0.0,0.0,0.625,1.25,0.0,1.25,0.0,1.25,1.25,0.0,0.0,0.0,0.0,0.0,0.0,0.0,0.0,0.0,0.0
269,11,2.5,3.75,2.5,3.75,0.0,2.5,3.125,1.25,1.25,0.625,0.0,5.0,1.25,0.0,2.5,1.25,2.5,5.0,0.0,1.25,3.75,1.25,3.75,0.0,0.0,3.75,0.0,0.0,2.5,0.0,0.625,3.75,3.75,2.5,3.75,0.0,1.875,2.5,3.75,2.5,2.5,0.0,2.5,1.25,1.25,0.0,1.25,1.25,1.25,2.5,0.0,0.0,0.625,1.25,0.0,1.25,0.0,1.25,1.25,0.0,0.0,0.0,0.0,0.0,0.0,0.0,0.0,0.0,0.0
270,9,3.125,3.75,1.25,5.0,0.0,3.75,3.75,1.25,1.25,1.25,0.0,5.0,1.875,0.0,3.75,1.25,3.75,5.0,0.0,1.25,5.0,1.25,3.75,0.0,0.0,5.0,0.0,0.0,3.75,0.0,1.25,5.0,4.375,3.75,5.0,0.0,2.5,2.5,3.75,3.75,2.5,0.0,2.5,1.875,1.875,0.0,2.5,2.5,1.25,3.75,0.0,1.25,1.25,1.25,0.0,1.25,0.0,1.25,1.25,0.0,0.0,0.0,0.0,0.0,0.0,0.0,0.0,0.0,0.0
270,10,2.5,3.75,1.25,3.75,0.0,3.75,3.125,1.25,1.25,0.625,0.0,5.0,1.25,0.0,3.75,1.25,2.5,5.0,0.0,1.25,3.75,1.25,3.75,0.0,0.0,4.375,0.0,0.0,3.75,0.0,0.625,4.375,3.75,3.125,4.375,0.0,2.5,2.5,3.75,2.5,2.5,0.0,2.5,1.25,1.25,0.0,2.5,2.5,1.25,2.5,0.0,1.25,0.625,1.25,0.0,1.25,0.0,1.25,1.25,0.0,0.0,0.0,0.0,0.0,0.0,0.0,0.0,0.0,0.0
270,11,2.5,3.75,1.25,3.75,0.0,2.5,3.125,1.25,1.25,1.25,0.0,5.0,1.25,0.0,2.5,1.25,2.5,5.0,0.0,1.25,3.75,1.25,3.125,0.0,0.0,3.75,0.0,0.0,2.5,0.0,0.0,3.75,3.75,2.5,3.75,0.0,1.875,2.5,3.75,2.5,2.5,0.0,1.875,1.25,1.25,0.0,1.875,1.25,1.25,2.5,0.0,1.25,0.625,1.25,0.0,1.25,0.0,1.25,1.25,0.0,0.0,0.0,0.0,0.0,0.0,0.0,0.0,0.0,0.0
271,9,2.5,3.75,1.25,5.0,0.0,3.75,3.75,2.5,1.25,1.25,0.0,5.0,1.25,1.25,3.75,1.25,3.75,5.0,1.25,1.25,5.0,1.25,3.75,1.25,0.0,5.0,0.0,0.0,3.75,0.0,1.25,5.0,4.375,3.75,5.0,0.0,2.5,2.5,3.75,3.125,2.5,0.0,2.5,2.5,2.5,0.0,2.5,2.5,1.25,3.75,0.0,1.25,1.25,1.25,0.0,1.25,0.0,1.25,1.25,0.0,0.0,0.0,0.0,0.0,0.0,0.0,0.0,0.0,0.0
271,10,1.875,3.75,1.25,4.375,0.0,3.75,2.5,1.25,1.25,1.25,0.0,5.0,1.25,0.625,3.75,0.625,3.75,5.0,0.625,1.25,3.75,1.25,3.75,0.0,0.0,4.375,0.0,0.0,3.75,0.0,0.0,4.375,3.75,3.125,4.375,0.0,2.5,2.5,3.75,2.5,2.5,0.0,2.5,1.25,1.875,0.0,2.5,1.875,1.25,2.5,0.0,1.25,0.625,1.25,0.0,1.25,0.0,1.25,1.25,0.0,0.0,0.0,0.0,0.0,0.0,0.0,0.0,0.0,0.0
271,11,1.25,3.75,1.25,3.75,0.0,2.5,2.5,1.25,1.25,1.25,0.0,5.0,1.25,1.25,2.5,0.625,2.5,4.375,1.25,0.625,3.75,1.25,2.5,0.625,0.0,3.75,0.0,0.0,2.5,0.0,0.0,3.75,3.75,2.5,3.75,0.0,1.875,1.875,3.125,2.5,2.5,0.0,1.875,1.25,1.25,0.0,2.5,1.25,1.25,2.5,0.0,1.25,0.625,1.25,0.0,1.25,0.0,1.25,1.25,0.0,0.0,0.0,0.0,0.0,0.0,0.0,0.0,0.0,0.0
272,9,2.5,3.75,0.625,5.0,0.0,3.75,3.125,2.5,1.875,1.25,0.625,5.0,1.25,1.25,3.75,0.0,3.75,5.0,1.25,0.625,5.0,1.25,2.5,1.25,0.0,4.375,0.0,0.0,3.75,0.0,1.25,5.0,5.0,3.75,5.0,0.0,2.5,2.5,3.75,2.5,2.5,0.0,2.5,2.5,2.5,0.0,2.5,2.5,0.0,3.125,0.0,1.25,0.625,1.25,0.0,1.25,0.0,1.25,1.25,0.0,0.0,0.0,0.0,0.0,0.0,0.0,0.0,0.0,0.0
272,10,1.25,3.125,0.625,4.375,0.0,3.75,2.5,1.875,1.25,1.25,0.0,5.0,1.25,1.25,3.125,0.0,3.75,5.0,1.25,0.0,3.75,1.25,2.5,0.625,0.0,3.75,0.0,0.0,3.75,0.0,1.25,4.375,3.75,2.5,4.375,0.0,2.5,2.5,3.75,2.5,2.5,0.0,2.5,1.25,2.5,0.0,2.5,2.5,0.625,2.5,0.0,1.25,0.0,1.25,0.0,1.25,0.0,1.25,1.25,0.0,0.0,0.0,0.0,0.0,0.0,0.0,0.0,0.0,0.0
272,11,1.25,3.125,0.625,3.75,0.0,2.5,2.5,1.25,1.25,1.25,0.625,4.375,0.625,1.25,2.5,0.0,2.5,4.375,1.25,0.0,3.75,1.25,2.5,0.625,0.0,3.75,0.0,0.0,2.5,0.0,0.625,3.75,3.75,2.5,4.375,0.0,1.25,1.875,2.5,2.5,2.5,0.0,1.875,1.25,1.875,0.0,2.5,1.25,0.625,2.5,0.0,1.25,0.625,1.25,0.0,1.25,0.0,1.25,1.25,0.0,0.0,0.0,0.0,0.0,0.0,0.0,0.0,0.0,0.0
273,9,1.25,3.75,0.0,5.0,0.0,3.75,2.5,2.5,2.5,1.25,1.25,5.0,0.625,1.25,3.75,0.0,3.75,5.0,1.25,0.0,5.0,1.25,2.5,1.25,0.0,5.0,0.0,0.0,3.75,0.0,1.25,5.0,5.0,3.75,5.0,0.0,2.5,2.5,3.75,2.5,2.5,0.0,2.5,2.5,2.5,0.0,2.5,2.5,0.0,2.5,0.0,1.25,0.625,1.25,0.0,1.25,0.0,1.25,1.25,0.0,0.0,0.625,0.0,0.0,0.0,0.0,0.0,0.0,0.0
273,10,1.25,2.5,0.0,3.75,0.0,3.75,2.5,2.5,1.25,1.25,1.25,5.0,0.0,1.25,3.125,0.0,3.75,4.375,1.25,0.0,3.75,1.25,2.5,1.25,0.0,3.75,0.0,0.0,3.75,0.0,1.25,3.75,3.75,2.5,4.375,0.0,2.5,2.5,3.75,2.5,1.875,0.0,2.5,1.875,2.5,0.0,2.5,2.5,0.0,2.5,0.0,1.25,0.0,1.25,0.0,1.25,0.0,1.25,1.25,0.0,0.0,0.0,0.0,0.0,0.0,0.0,0.0,0.0,0.0
273,11,1.25,2.5,0.0,3.75,0.0,2.5,2.5,2.5,1.25,1.25,1.25,4.375,0.0,1.25,2.5,0.0,3.75,3.75,1.25,0.0,3.75,1.25,1.875,1.25,0.0,3.75,0.0,0.0,3.125,0.0,1.25,3.75,3.75,2.5,4.375,0.0,1.25,2.5,2.5,2.5,1.875,0.0,2.5,1.875,2.5,0.0,2.5,2.5,0.0,2.5,0.0,1.25,0.625,1.25,0.0,1.25,0.0,1.25,1.25,0.0,0.0,0.0,0.0,0.0,0.0,0.0,0.0,0.0,0.0
274,9,1.25,3.125,0.0,5.0,0.0,3.75,2.5,3.125,2.5,2.5,1.25,5.0,0.0,1.25,3.75,0.0,4.375,5.0,1.25,0.0,4.375,1.25,2.5,1.25,0.0,4.375,0.0,0.0,4.375,0.0,1.25,3.75,5.0,3.75,5.0,0.0,2.5,2.5,3.75,2.5,2.5,0.0,2.5,2.5,2.5,0.0,3.125,2.5,0.0,2.5,0.0,1.25,1.25,1.25,0.0,1.25,0.0,1.25,1.25,0.0,0.0,1.25,0.0,0.0,0.0,0.0,0.0,0.0,0.0
274,10,0.625,2.5,0.0,4.375,0.0,3.75,1.875,2.5,1.875,2.5,1.25,4.375,0.0,1.25,3.125,0.0,3.75,4.375,1.25,0.0,3.75,1.25,2.5,1.25,0.0,3.75,0.0,0.0,3.75,0.0,1.25,3.75,3.75,2.5,4.375,0.0,1.875,2.5,3.125,2.5,1.25,0.0,2.5,2.5,2.5,0.0,2.5,2.5,0.0,1.875,0.0,1.25,0.625,1.25,0.0,1.25,0.0,1.25,1.25,0.0,0.0,0.0,0.0,0.0,0.0,0.0,0.0,0.0,0.0
274,11,0.0,2.5,0.0,3.75,0.0,2.5,2.5,2.5,1.875,2.5,1.25,3.75,0.0,1.875,2.5,0.0,3.75,3.75,1.25,0.0,3.75,1.25,1.25,1.25,0.0,3.75,0.0,0.0,3.75,0.0,1.25,3.75,3.75,2.5,4.375,0.0,1.25,2.5,2.5,2.5,1.25,0.0,2.5,2.5,2.5,0.0,2.5,2.5,0.0,1.25,0.0,1.25,0.625,1.25,0.0,1.25,0.0,1.25,1.25,0.0,0.0,0.0,0.0,0.0,0.0,0.0,0.0,0.0,0.0
275,9,0.0,2.5,0.0,5.0,0.0,3.75,1.25,3.75,2.5,2.5,1.25,5.0,0.0,2.5,3.125,0.0,5.0,5.0,1.25,0.0,4.375,1.25,1.875,1.25,0.0,4.375,0.0,0.0,5.0,0.0,1.25,3.75,5.0,3.75,5.0,0.0,2.5,2.5,3.75,2.5,2.5,0.0,2.5,2.5,2.5,0.0,3.125,2.5,0.0,2.5,0.0,1.25,1.25,1.25,0.0,1.25,0.0,1.25,1.25,0.0,0.0,1.25,0.0,0.0,0.0,0.0,0.0,0.0,0.0
275,10,0.0,2.5,0.0,3.75,0.0,3.75,1.25,2.5,2.5,2.5,1.25,3.75,0.0,1.25,2.5,0.0,3.75,3.75,1.25,0.0,3.75,1.25,1.25,1.25,0.0,3.75,0.0,0.0,3.75,0.0,1.25,3.75,4.375,2.5,4.375,0.0,1.875,2.5,3.125,2.5,1.25,0.0,2.5,2.5,2.5,0.0,2.5,2.5,0.0,2.5,0.0,1.25,1.25,1.25,0.0,1.25,0.0,1.25,1.25,0.0,0.0,0.625,0.0,0.0,0.0,0.0,0.0,0.0,0.0
275,11,0.0,2.5,0.0,3.75,0.0,2.5,1.25,2.5,2.5,2.5,1.25,3.75,0.0,1.25,2.5,0.0,3.75,3.75,1.25,0.0,3.75,1.25,1.25,1.25,0.0,3.75,0.0,0.0,3.75,0.0,1.25,3.75,3.75,2.5,3.75,0.0,1.875,2.5,2.5,2.5,1.25,0.0,2.5,2.5,2.5,0.0,2.5,2.5,0.0,1.875,0.0,1.25,1.25,1.25,0.0,1.25,0.0,1.25,1.25,0.0,0.0,0.625,0.0,0.0,0.0,0.0,0.0,0.0,0.0
276,9,0.0,2.5,0.0,4.375,0.0,3.75,1.25,3.75,2.5,2.5,1.25,5.0,0.0,2.5,2.5,0.0,5.0,4.375,1.25,0.0,4.375,1.25,1.25,1.25,0.0,3.75,0.0,0.0,5.0,0.0,2.5,3.75,5.0,3.75,5.0,0.0,2.5,2.5,2.5,2.5,1.875,0.0,2.5,2.5,2.5,0.0,3.125,3.125,0.625,2.5,0.0,1.25,1.25,1.25,0.0,1.25,0.0,1.25,1.25,0.0,0.0,1.25,0.0,0.0,0.0,0.0,0.0,0.0,0.0
276,10,0.0,1.875,0.0,3.75,0.0,3.75,1.25,2.5,2.5,2.5,1.25,3.75,0.0,1.25,2.5,0.0,3.75,3.75,1.25,0.0,3.75,1.25,1.25,1.25,0.0,3.75,0.0,0.0,4.375,0.0,1.25,3.75,4.375,3.125,4.375,0.0,1.875,2.5,2.5,2.5,1.25,0.0,2.5,2.5,2.5,0.0,2.5,2.5,0.0,2.5,0.0,1.25,1.25,1.25,0.0,1.25,0.0,1.25,1.25,0.0,0.0,1.25,0.0,0.0,0.0,0.0,0.0,0.0,0.0
276,11,0.0,2.5,0.0,3.75,0.0,2.5,1.25,2.5,2.5,2.5,1.25,3.75,0.0,1.25,2.5,0.0,3.75,3.75,1.25,0.0,3.75,1.25,1.25,1.25,0.0,3.75,0.0,0.0,3.75,0.0,1.25,2.5,3.75,2.5,3.75,0.0,1.875,2.5,2.5,2.5,1.25,0.0,2.5,2.5,2.5,0.0,2.5,2.5,0.0,1.875,0.0,1.25,1.25,1.25,0.0,1.25,0.0,1.25,1.25,0.0,0.0,1.25,0.0,0.0,0.0,0.0,0.0,0.0,0.0
277,9,0.0,1.875,0.0,3.75,0.0,3.75,1.25,3.75,3.125,2.5,1.25,3.75,0.0,2.5,3.125,0.0,5.0,3.75,1.875,0.0,3.75,1.25,1.25,1.25,0.0,3.75,0.0,0.0,5.0,0.0,2.5,3.75,5.0,3.75,5.0,0.0,2.5,2.5,2.5,2.5,1.25,0.0,3.75,2.5,3.125,0.0,3.125,3.75,1.25,2.5,0.0,1.25,1.25,1.25,0.0,1.25,0.0,1.875,1.25,0.0,0.0,1.25,0.0,0.0,0.0,0.0,0.0,0.0,0.0
277,10,0.0,1.25,0.0,3.75,0.0,3.75,1.25,3.125,2.5,2.5,1.25,3.75,0.0,1.875,2.5,0.0,3.75,3.75,1.25,0.0,3.75,1.25,1.25,1.25,0.0,3.75,0.0,0.0,4.375,0.0,1.25,2.5,4.375,2.5,3.75,0.0,2.5,2.5,2.5,2.5,1.25,0.0,2.5,2.5,2.5,0.0,2.5,2.5,0.0,2.5,0.0,1.25,1.25,1.25,0.0,1.25,0.0,1.25,1.25,0.0,0.0,1.25,0.0,0.0,0.0,0.0,0.0,0.0,0.0
277,11,0.0,1.25,0.0,3.125,0.0,3.125,1.25,2.5,2.5,2.5,1.25,3.125,0.0,1.25,2.5,0.0,3.75,2.5,1.25,0.0,3.75,1.25,1.25,1.25,0.0,3.75,0.0,0.0,3.75,0.0,1.25,2.5,3.75,2.5,3.75,0.0,1.875,2.5,2.5,1.875,1.25,0.0,2.5,2.5,2.5,0.0,2.5,2.5,0.0,1.25,0.0,1.25,1.25,1.25,0.0,1.25,0.0,1.25,1.25,0.0,0.0,1.25,0.0,0.0,0.0,0.0,0.0,0.0,0.0
278,9,0.0,1.25,0.0,3.75,0.0,3.75,0.625,3.75,3.75,2.5,2.5,3.75,0.0,2.5,2.5,0.0,5.0,3.75,1.25,0.0,3.75,1.25,1.25,1.25,0.0,3.75,0.0,0.0,5.0,0.0,2.5,2.5,5.0,3.125,5.0,0.0,2.5,2.5,2.5,2.5,1.25,0.0,3.75,2.5,3.125,0.0,3.125,3.75,1.25,2.5,0.0,1.25,1.25,1.25,0.0,1.25,0.0,1.875,1.25,0.0,0.0,1.25,0.0,0.0,0.0,0.0,0.0,0.0,0.0
278,10,0.0,1.25,0.0,3.75,0.0,3.75,0.0,3.125,2.5,2.5,1.25,2.5,0.0,1.25,2.5,0.0,3.75,2.5,1.25,0.0,3.75,1.25,1.25,1.25,0.0,3.75,0.0,0.0,5.0,0.0,1.875,2.5,4.375,2.5,3.75,0.0,1.25,2.5,2.5,2.5,1.25,0.0,2.5,2.5,2.5,0.0,2.5,2.5,0.625,1.25,0.0,1.25,1.25,1.25,0.0,1.25,0.0,1.25,1.25,0.0,0.0,1.25,0.0,0.0,0.0,0.0,0.0,0.0,0.0
278,11,0.0,1.25,0.0,2.5,0.0,3.75,0.0,2.5,2.5,2.5,1.25,2.5,0.0,1.25,2.5,0.0,3.75,2.5,1.25,0.0,3.125,1.25,1.25,1.25,0.0,3.125,0.0,0.0,3.75,0.0,1.875,2.5,3.75,2.5,3.75,0.0,1.25,2.5,2.5,1.875,1.25,0.0,2.5,2.5,2.5,0.0,2.5,2.5,0.0,1.25,0.0,1.25,1.25,1.25,0.0,1.25,0.0,1.25,1.25,0.0,0.0,1.25,0.0,0.0,0.0,0.0,0.0,0.0,0.0
279,9,0.0,1.25,0.0,3.75,0.0,4.375,0.0,3.75,3.75,2.5,2.5,3.75,0.0,1.875,2.5,0.0,5.0,3.75,1.25,0.0,3.75,1.25,2.5,1.25,0.0,3.75,0.0,0.0,5.0,0.0,2.5,2.5,5.0,3.125,5.0,0.0,2.5,2.5,2.5,2.5,1.25,0.0,3.75,2.5,3.125,0.0,3.125,3.75,1.25,2.5,0.0,1.25,1.25,1.25,0.0,1.25,0.0,1.25,1.25,0.0,0.0,1.25,0.0,0.0,0.0,0.0,0.0,0.0,0.0
279,10,0.0,1.25,0.0,3.75,0.0,3.75,0.0,3.125,3.125,2.5,2.5,2.5,0.0,1.25,2.5,0.0,3.75,2.5,1.25,0.0,3.125,1.25,1.25,1.25,0.0,3.75,0.0,0.0,5.0,0.0,1.875,2.5,4.375,2.5,3.75,0.0,1.25,2.5,2.5,2.5,1.25,0.0,3.125,2.5,2.5,0.0,2.5,2.5,1.25,1.25,0.0,1.25,1.25,1.25,0.0,1.25,0.0,1.25,1.25,0.0,0.0,1.25,0.0,0.0,0.0,0.0,0.0,0.0,0.0
279,11,0.0,1.25,0.0,2.5,0.0,3.75,0.0,2.5,3.125,2.5,2.5,2.5,0.0,1.25,2.5,0.0,3.75,2.5,1.25,0.0,3.125,1.25,1.25,1.25,0.0,3.125,0.0,0.0,3.75,0.0,1.25,2.5,3.75,2.5,3.75,0.0,1.25,2.5,2.5,1.875,1.25,0.0,2.5,2.5,2.5,0.0,2.5,2.5,1.25,1.25,0.0,1.25,1.25,1.25,0.0,1.25,0.0,1.25,1.25,0.0,0.0,1.25,0.0,0.0,0.0,0.0,0.0,0.0,0.0
280,9,0.0,1.25,0.0,3.75,0.0,5.0,0.0,3.75,3.75,2.5,2.5,2.5,0.0,1.25,2.5,0.0,5.0,3.75,1.25,0.0,3.75,2.5,2.5,1.25,0.0,3.75,0.0,0.0,5.0,0.0,2.5,2.5,5.0,3.125,4.375,0.0,2.5,2.5,2.5,2.5,1.25,0.0,3.75,2.5,2.5,0.0,3.125,3.75,1.25,2.5,0.0,1.25,1.25,1.25,0.0,1.25,0.0,1.25,1.25,0.0,0.0,1.25,0.0,0.0,0.0,0.0,0.0,0.0,0.0
280,10,0.0,0.625,0.0,3.75,0.0,3.75,0.0,2.5,3.75,2.5,2.5,2.5,0.0,1.25,2.5,0.0,3.75,2.5,1.25,0.0,3.125,1.25,1.25,0.0,0.0,3.75,0.0,0.0,5.0,0.0,1.25,1.25,4.375,2.5,3.75,0.0,1.25,2.5,2.5,2.5,1.25,0.0,3.75,2.5,2.5,0.0,2.5,2.5,1.25,2.5,0.0,1.25,1.25,1.25,0.0,1.25,0.0,1.25,1.25,0.0,0.0,1.25,0.0,0.0,0.0,0.0,0.0,0.0,0.0
280,11,0.0,0.625,0.0,2.5,0.0,3.75,0.0,2.5,3.75,2.5,2.5,1.875,0.0,1.25,2.5,0.0,3.75,2.5,1.25,0.0,2.5,1.25,1.25,0.0,0.0,2.5,0.0,0.0,4.375,0.0,1.25,1.25,3.75,2.5,3.75,0.0,1.25,2.5,2.5,2.5,1.25,0.0,2.5,2.5,2.5,0.0,2.5,2.5,1.25,1.25,0.0,1.25,1.25,1.25,0.0,1.25,0.0,1.25,1.25,0.0,0.0,1.25,0.0,0.0,0.0,0.0,0.0,0.0,0.0
281,9,0.0,0.625,0.0,3.75,0.0,5.0,0.0,3.75,3.75,2.5,2.5,2.5,0.0,1.25,2.5,0.0,3.75,3.75,1.25,0.0,3.125,2.5,2.5,0.0,0.0,3.75,0.0,0.0,5.0,0.0,2.5,1.25,5.0,3.125,4.375,0.0,2.5,3.75,3.125,2.5,1.25,0.0,4.375,2.5,2.5,0.0,2.5,3.75,1.25,2.5,0.0,1.25,1.25,1.25,0.0,1.25,0.0,1.25,1.25,0.0,0.0,1.25,0.0,0.0,0.0,0.0,0.0,0.0,0.0
281,10,0.0,0.0,0.0,3.125,0.0,3.75,0.0,2.5,3.75,2.5,2.5,1.25,0.0,1.25,2.5,0.0,3.75,2.5,1.25,0.0,2.5,1.25,1.875,0.0,0.0,3.75,0.0,0.0,5.0,0.0,1.25,1.25,3.75,2.5,3.75,0.0,1.25,2.5,2.5,2.5,1.25,0.0,3.75,2.5,2.5,0.0,2.5,3.125,1.25,2.5,0.0,0.0,1.25,1.25,0.0,1.25,0.0,1.25,1.25,0.0,0.0,1.25,0.0,0.0,0.0,0.0,0.0,0.0,0.0
281,11,0.0,0.0,0.0,2.5,0.0,3.75,0.0,2.5,3.75,2.5,2.5,1.25,0.0,1.25,2.5,0.0,3.125,2.5,1.25,0.0,2.5,1.25,1.875,0.0,0.0,2.5,0.0,0.0,5.0,0.0,1.25,1.25,3.75,2.5,3.75,0.0,1.25,2.5,2.5,2.5,1.25,0.0,3.75,2.5,2.5,0.0,2.5,2.5,1.25,1.25,0.0,0.0,1.25,1.25,0.0,1.25,0.0,1.25,1.25,0.0,0.0,1.25,0.0,0.0,0.0,0.0,0.0,0.0,0.0
282,9,0.0,0.0,0.0,3.125,0.0,5.0,0.0,3.75,3.75,2.5,2.5,1.25,0.0,1.25,2.5,0.0,3.75,2.5,1.25,0.0,2.5,2.5,2.5,0.0,0.0,3.75,0.0,0.0,5.0,0.0,2.5,1.25,4.375,3.125,4.375,0.0,2.5,3.75,3.75,3.125,1.25,0.0,5.0,2.5,2.5,0.0,2.5,3.75,1.25,2.5,0.0,0.0,1.25,1.25,0.0,1.25,0.0,1.25,1.25,0.0,0.0,1.25,0.0,0.0,0.0,0.0,0.0,0.0,0.0
282,10,0.0,0.0,0.0,2.5,0.0,3.75,0.0,2.5,3.75,2.5,2.5,1.25,0.0,1.25,2.5,0.0,2.5,2.5,0.0,0.0,2.5,1.875,2.5,0.0,0.0,3.75,0.0,0.0,5.0,0.0,1.25,1.25,3.75,2.5,3.75,0.0,1.25,2.5,3.125,2.5,1.25,0.0,3.75,2.5,2.5,0.0,2.5,3.125,1.25,2.5,0.0,0.0,1.25,1.25,0.0,1.25,0.0,1.25,1.25,0.0,0.0,1.25,0.0,0.0,0.0,0.0,0.0,0.0,0.0
282,11,0.0,0.0,0.0,2.5,0.0,3.75,0.0,2.5,3.75,2.5,2.5,1.25,0.0,1.25,2.5,0.0,2.5,2.5,0.625,0.0,2.5,1.25,2.5,0.0,0.0,2.5,0.0,0.0,5.0,0.0,1.25,1.25,3.75,2.5,3.75,0.0,1.25,2.5,2.5,2.5,1.25,0.0,3.75,1.875,2.5,0.0,2.5,2.5,1.25,1.25,0.0,0.0,1.25,1.25,0.0,1.25,0.0,1.25,1.25,0.0,0.0,1.25,0.0,0.0,0.0,0.0,0.0,0.0,0.0
283,9,0.0,0.0,0.0,2.5,0.0,5.0,0.0,3.75,3.75,2.5,2.5,1.25,0.0,1.25,2.5,0.0,3.75,2.5,0.0,0.0,2.5,2.5,3.125,0.0,0.0,3.75,0.0,0.0,5.0,0.0,1.25,1.25,3.75,3.125,4.375,0.0,2.5,3.75,3.75,3.125,1.25,0.0,5.0,2.5,2.5,0.0,2.5,3.125,1.875,2.5,0.0,0.0,1.25,1.25,0.0,1.25,0.0,1.25,1.25,0.0,0.0,1.25,0.0,0.0,0.0,0.0,0.0,0.0,0.0
283,10,0.0,0.0,0.0,2.5,0.0,4.375,0.0,2.5,3.75,1.875,2.5,1.25,0.0,1.25,2.5,0.0,2.5,2.5,0.0,0.0,2.5,2.5,2.5,0.0,0.0,3.125,0.0,0.0,5.0,0.0,1.25,1.25,3.75,2.5,3.75,0.0,1.25,2.5,3.125,2.5,1.25,0.0,3.75,2.5,2.5,0.0,2.5,2.5,1.25,1.25,0.0,0.0,1.25,1.25,0.0,1.25,0.0,1.25,1.25,0.0,0.0,1.25,0.0,0.0,0.0,0.0,0.0,0.0,0.0
283,11,0.0,0.0,0.0,2.5,0.0,3.75,0.0,2.5,3.75,1.875,2.5,1.25,0.0,1.25,2.5,0.0,2.5,2.5,0.0,0.0,2.5,1.875,2.5,0.0,0.0,2.5,0.0,0.0,5.0,0.0,1.25,0.625,3.75,2.5,3.75,0.0,1.25,2.5,2.5,2.5,1.25,0.0,3.75,1.875,2.5,0.0,2.5,2.5,1.25,1.25,0.0,0.0,1.25,1.25,0.0,1.25,0.0,1.25,1.25,0.0,0.0,1.25,0.0,0.0,0.0,0.0,0.0,0.0,0.0
284,9,0.0,0.625,0.0,2.5,0.0,5.0,0.0,3.75,3.75,2.5,2.5,1.25,0.0,1.25,2.5,0.0,2.5,2.5,0.0,0.0,2.5,2.5,2.5,0.0,0.0,3.75,0.0,0.0,5.0,0.0,1.25,0.0,3.75,3.125,4.375,0.0,2.5,3.75,3.75,3.75,1.25,0.0,5.0,2.5,2.5,0.0,2.5,2.5,2.5,2.5,0.0,0.0,1.25,1.25,0.0,1.875,0.0,1.25,1.875,0.0,0.0,1.25,0.0,0.0,0.0,0.0,0.0,0.0,0.0
284,10,0.0,0.0,0.0,2.5,0.0,4.375,0.0,2.5,3.75,2.5,2.5,1.25,0.0,1.25,2.5,0.0,2.5,2.5,0.0,0.0,2.5,1.875,2.5,0.0,0.0,3.125,0.0,0.0,5.0,0.0,1.25,0.0,3.75,2.5,3.75,0.0,1.25,2.5,3.125,3.125,1.25,0.0,3.75,1.25,2.5,0.0,2.5,2.5,1.25,2.5,0.0,0.0,1.25,0.625,0.0,1.25,0.0,1.25,1.25,0.0,0.0,1.25,0.0,0.0,0.0,0.0,0.0,0.0,0.0
284,11,0.0,0.0,0.0,1.875,0.0,3.75,0.0,2.5,3.75,1.875,2.5,1.25,0.0,1.25,2.5,0.0,1.875,1.875,0.0,0.0,2.5,1.25,2.5,0.0,0.0,2.5,0.0,0.0,5.0,0.0,1.25,0.0,3.75,2.5,3.125,0.0,1.25,2.5,2.5,2.5,1.25,0.0,3.75,1.25,2.5,0.0,1.875,2.5,1.25,1.25,0.0,0.0,1.25,0.625,0.0,1.25,0.0,1.25,1.25,0.0,0.0,1.25,0.0,0.0,0.0,0.0,0.0,0.0,0.0
285,9,0.0,0.625,0.0,2.5,0.0,5.0,0.0,3.75,3.75,2.5,2.5,1.25,0.0,1.25,2.5,0.0,2.5,2.5,0.0,0.0,2.5,2.5,3.125,0.0,0.0,3.75,0.0,0.0,5.0,0.0,1.25,0.0,3.75,3.125,3.75,0.0,2.5,3.75,3.75,3.75,1.25,0.0,5.0,1.875,2.5,0.0,2.5,2.5,2.5,2.5,0.0,0.0,1.25,1.25,0.0,2.5,0.0,1.25,1.875,0.0,0.0,1.25,0.0,0.0,0.0,0.0,0.0,0.0,0.0
285,10,0.0,0.0,0.0,1.875,0.0,3.75,0.0,2.5,3.75,2.5,2.5,1.25,0.0,0.625,2.5,0.0,1.25,2.5,0.0,0.0,2.5,2.5,2.5,0.0,0.0,3.125,0.0,0.0,5.0,0.0,1.25,0.0,3.75,2.5,3.75,0.0,1.25,2.5,3.75,3.75,1.25,0.0,3.75,1.25,2.5,0.0,2.5,2.5,1.875,2.5,0.0,0.0,1.25,1.25,0.0,1.25,0.0,1.25,1.25,0.0,0.0,1.25,0.0,0.0,0.0,0.0,0.0,0.0,0.0
285,11,0.0,0.0,0.0,1.25,0.0,3.75,0.0,2.5,3.75,1.875,2.5,1.25,0.0,0.625,2.5,0.0,1.25,1.25,0.0,0.0,1.875,1.25,2.5,0.0,0.0,2.5,0.0,0.0,5.0,0.0,0.0,0.0,3.125,2.5,3.125,0.0,1.25,2.5,2.5,2.5,1.25,0.0,3.75,1.25,2.5,0.0,1.875,2.5,1.25,1.875,0.0,0.0,1.25,1.25,0.0,1.25,0.0,1.25,1.25,0.0,0.0,1.25,0.0,0.0,0.0,0.0,0.0,0.0,0.0
286,9,0.0,1.25,0.0,2.5,0.0,5.0,0.0,3.75,3.75,2.5,2.5,1.25,0.0,1.25,2.5,0.0,1.25,2.5,0.0,0.0,2.5,2.5,3.125,0.0,0.0,3.125,0.0,0.0,5.0,0.0,1.25,0.0,3.75,3.125,3.75,0.0,2.5,3.75,3.75,3.75,1.25,0.0,5.0,2.5,2.5,0.0,2.5,2.5,2.5,2.5,0.0,0.0,1.25,1.25,0.0,1.25,0.0,1.25,2.5,0.0,0.0,1.25,0.0,0.0,0.0,0.0,0.0,0.0,0.0
286,10,0.0,0.0,0.0,1.875,0.0,3.75,0.0,2.5,3.75,2.5,2.5,1.25,0.0,0.0,2.5,0.0,1.25,1.25,0.0,0.0,2.5,2.5,2.5,0.0,0.0,2.5,0.0,0.0,5.0,0.0,0.0,0.0,3.75,2.5,3.75,0.0,1.25,2.5,3.75,3.75,1.25,0.0,3.75,1.25,2.5,0.0,2.5,2.5,1.25,2.5,0.0,0.0,1.25,1.25,0.0,1.25,0.0,1.25,1.25,0.0,0.0,1.25,0.0,0.0,0.0,0.0,0.0,0.0,0.0
286,11,0.0,0.0,0.0,1.25,0.0,3.75,0.0,2.5,3.125,1.25,2.5,1.25,0.0,0.625,2.5,0.0,1.25,1.25,0.0,0.0,1.875,1.25,2.5,0.0,0.0,2.5,0.0,0.0,5.0,0.0,0.0,0.0,2.5,2.5,3.125,0.0,1.25,2.5,2.5,2.5,1.25,0.0,3.75,1.25,2.5,0.0,1.875,2.5,1.25,2.5,0.0,0.0,1.25,1.25,0.0,1.25,0.0,1.25,1.25,0.0,0.0,1.25,0.0,0.0,0.0,0.0,0.0,0.0,0.0
287,9,0.0,1.25,0.0,2.5,0.0,5.0,0.0,3.75,3.75,2.5,2.5,1.25,0.0,1.25,2.5,0.0,1.25,2.5,0.0,0.0,2.5,2.5,3.75,0.0,0.0,2.5,0.0,0.0,5.0,0.0,0.0,0.0,3.75,3.125,3.75,0.0,1.875,3.125,3.75,3.75,1.25,0.0,5.0,1.875,2.5,0.0,2.5,2.5,2.5,2.5,0.0,0.0,1.25,1.25,0.0,1.875,0.0,1.875,2.5,0.0,0.0,1.25,0.0,0.0,0.0,0.0,0.0,0.0,0.0
287,10,0.0,1.25,0.0,1.25,0.0,3.75,0.0,3.125,3.125,2.5,2.5,1.25,0.0,1.25,2.5,0.0,1.25,1.25,0.0,0.0,2.5,1.875,2.5,0.0,0.0,2.5,0.0,0.0,5.0,0.0,0.0,0.0,3.75,2.5,3.75,0.0,1.25,2.5,3.75,3.75,1.25,0.0,3.75,1.875,2.5,0.0,2.5,2.5,1.25,2.5,0.0,0.0,0.625,1.25,0.0,1.25,0.0,1.25,1.25,0.0,0.0,1.25,0.0,0.0,0.0,0.0,0.0,0.0,0.0
287,11,0.0,1.25,0.0,1.25,0.0,3.75,0.0,2.5,2.5,1.25,2.5,1.25,0.0,1.25,2.5,0.0,1.25,1.25,0.0,0.0,1.875,1.25,2.5,0.0,0.0,2.5,0.0,0.0,4.375,0.0,0.0,0.0,2.5,2.5,2.5,0.0,1.25,2.5,2.5,3.125,1.25,0.0,3.75,1.25,2.5,0.0,1.875,1.875,1.25,2.5,0.0,0.0,0.625,1.25,0.0,1.25,0.0,1.25,1.25,0.0,0.0,1.25,0.0,0.0,0.0,0.0,0.0,0.0,0.0
288,9,0.0,1.25,0.0,2.5,0.0,4.375,0.0,3.75,3.75,2.5,2.5,1.25,0.0,1.25,3.125,0.0,1.25,2.5,0.0,0.0,2.5,2.5,2.5,0.0,0.0,2.5,0.0,0.0,5.0,0.0,0.0,0.0,3.75,3.75,3.75,0.0,1.25,3.75,3.75,3.75,1.25,0.0,5.0,1.25,2.5,0.0,2.5,2.5,1.25,3.125,0.0,0.0,1.25,1.25,0.0,2.5,0.0,1.875,2.5,0.0,0.0,1.25,0.0,0.0,0.0,0.0,0.0,0.0,0.0
288,10,0.0,1.25,0.0,1.25,0.0,3.75,0.0,3.125,2.5,2.5,2.5,1.25,0.0,1.25,2.5,0.0,1.25,1.875,0.0,0.0,2.5,1.25,2.5,0.0,0.0,2.5,0.0,0.0,5.0,0.0,0.0,0.0,3.75,3.125,3.75,0.0,1.25,2.5,3.75,3.75,1.25,0.0,3.75,1.25,2.5,0.0,2.5,2.5,1.25,2.5,0.0,0.0,0.625,1.25,0.0,1.25,0.0,1.25,1.875,0.0,0.0,1.25,0.0,0.0,0.0,0.0,0.0,0.0,0.0
288,11,0.0,1.25,0.0,1.25,0.0,3.75,0.0,2.5,2.5,1.875,2.5,1.25,0.0,1.25,2.5,0.0,1.25,1.25,0.0,0.0,1.875,1.25,2.5,0.0,0.0,2.5,0.0,0.0,3.75,0.0,0.0,0.0,2.5,2.5,2.5,0.0,1.25,2.5,2.5,3.125,1.25,0.0,3.75,1.25,2.5,0.0,1.875,1.875,1.25,2.5,0.0,0.0,0.625,1.25,0.0,1.25,0.0,1.25,1.25,0.0,0.0,1.25,0.0,0.0,0.0,0.0,0.0,0.0,0.0
289,9,0.0,1.25,0.0,1.25,0.0,3.75,0.0,3.75,2.5,2.5,2.5,1.25,0.0,1.25,2.5,0.0,1.25,2.5,0.0,0.0,2.5,1.25,2.5,0.0,0.0,2.5,0.0,0.0,5.0,0.0,0.0,0.0,2.5,3.75,3.75,0.0,1.25,3.75,3.75,3.75,1.25,0.0,4.375,1.25,2.5,0.0,2.5,2.5,1.25,3.75,0.0,0.0,1.25,1.25,0.0,2.5,0.0,1.875,2.5,0.0,0.0,1.25,0.0,0.0,0.0,0.0,0.0,0.0,0.0
289,10,0.0,1.25,0.0,1.25,0.0,3.75,0.0,3.75,2.5,2.5,2.5,1.25,0.0,1.25,2.5,0.0,0.625,1.25,0.0,0.0,2.5,1.25,2.5,0.0,0.0,2.5,0.0,0.0,5.0,0.0,0.0,0.0,2.5,3.125,3.75,0.0,1.25,2.5,3.75,3.75,1.25,0.0,3.75,1.25,2.5,0.0,2.5,2.5,1.25,2.5,0.0,0.0,0.625,1.25,0.0,1.25,0.0,1.25,1.25,0.0,0.0,0.625,0.0,0.0,0.0,0.0,0.0,0.0,0.0
289,11,0.0,1.25,0.0,1.25,0.0,3.125,0.0,2.5,2.5,1.875,2.5,1.25,0.0,1.25,2.5,0.0,0.625,1.25,0.0,0.0,1.875,1.25,2.5,0.0,0.0,2.5,0.0,0.0,3.75,0.0,0.0,0.0,2.5,2.5,2.5,0.0,1.25,2.5,2.5,3.125,1.25,0.0,3.75,1.25,2.5,0.0,1.875,1.875,1.25,2.5,0.0,0.0,0.625,1.25,0.0,1.25,0.0,1.25,1.25,0.0,0.0,0.625,0.0,0.0,0.0,0.0,0.0,0.0,0.0
290,9,0.0,1.875,0.0,1.875,0.0,3.75,0.0,3.75,2.5,2.5,2.5,1.875,0.0,1.25,2.5,0.0,0.0,1.25,0.0,0.0,2.5,1.25,2.5,0.0,0.0,2.5,0.0,0.0,5.0,0.0,0.0,0.0,2.5,3.75,3.75,0.0,1.25,3.75,3.75,3.75,1.25,0.0,3.75,1.25,2.5,0.0,2.5,2.5,1.25,3.75,0.0,0.0,1.25,1.25,0.0,1.25,0.0,1.875,2.5,0.0,0.0,1.25,0.0,0.0,0.0,0.0,0.0,0.0,0.0
290,10,0.0,1.25,0.0,1.25,0.0,3.125,0.0,3.75,2.5,2.5,2.5,1.25,0.0,1.25,2.5,0.0,0.0,1.25,0.0,0.0,2.5,1.25,2.5,0.0,0.0,2.5,0.0,0.0,3.75,0.0,0.0,0.0,2.5,2.5,3.75,0.0,1.25,2.5,3.75,3.75,1.25,0.0,3.75,1.25,2.5,0.0,2.5,2.5,1.25,2.5,0.0,0.0,1.25,1.25,0.0,1.25,0.0,1.25,1.875,0.0,0.0,1.25,0.0,0.0,0.0,0.0,0.0,0.0,0.0
290,11,0.0,1.25,0.0,1.25,0.0,2.5,0.0,2.5,2.5,2.5,2.5,1.25,0.0,1.25,2.5,0.0,0.0,1.25,0.0,0.0,2.5,1.25,2.5,0.0,0.0,2.5,0.0,0.0,3.75,0.0,0.0,0.0,2.5,2.5,2.5,0.0,1.25,2.5,2.5,3.125,1.25,0.0,3.125,1.25,2.5,0.0,1.875,1.875,1.25,2.5,0.0,0.0,1.25,1.25,0.0,1.25,0.0,1.25,1.25,0.0,0.0,1.25,0.0,0.0,0.0,0.0,0.0,0.0,0.0
291,9,0.0,1.875,0.0,1.25,0.0,3.125,0.0,3.75,2.5,2.5,2.5,2.5,0.0,1.25,3.125,0.0,0.0,1.875,0.0,0.0,2.5,1.25,2.5,0.0,0.0,2.5,0.0,0.0,5.0,0.0,0.0,0.0,2.5,3.75,3.75,0.0,1.25,3.125,3.75,3.75,1.25,0.0,3.75,1.25,2.5,0.0,2.5,2.5,1.25,3.75,0.0,0.625,1.25,1.25,0.0,1.25,0.0,2.5,2.5,0.0,0.0,1.25,0.0,0.0,0.0,0.0,0.0,0.0,0.0
291,10,0.0,1.25,0.0,1.25,0.0,2.5,0.0,3.75,2.5,2.5,2.5,1.875,0.0,1.25,2.5,0.0,0.0,1.25,0.0,0.0,2.5,1.25,1.875,0.0,0.0,2.5,0.0,0.0,3.75,0.0,0.0,0.0,2.5,3.125,3.75,0.0,1.25,2.5,3.75,3.75,1.25,0.0,3.75,1.25,2.5,0.0,2.5,2.5,0.625,2.5,0.0,0.0,1.25,0.625,0.0,1.25,0.0,1.25,2.5,0.0,0.0,1.25,0.0,0.0,0.0,0.0,0.0,0.0,0.0
291,11,0.0,1.25,0.0,1.25,0.0,2.5,0.0,2.5,2.5,1.875,1.875,1.25,0.0,1.25,2.5,0.0,0.0,1.25,0.0,0.0,2.5,1.25,1.875,0.0,0.0,2.5,0.0,0.0,3.125,0.0,0.0,0.0,2.5,3.125,2.5,0.0,1.25,2.5,2.5,3.75,1.25,0.0,2.5,1.25,2.5,0.0,1.875,1.875,0.625,2.5,0.0,0.0,1.25,1.25,0.0,1.25,0.0,1.25,1.875,0.0,0.0,1.25,0.0,0.0,0.0,0.0,0.0,0.0,0.0
292,9,0.0,1.875,0.0,1.25,0.0,2.5,0.0,3.75,2.5,2.5,2.5,2.5,0.0,1.25,3.125,0.0,0.0,2.5,0.0,0.0,2.5,1.25,2.5,0.0,0.0,3.125,0.0,0.0,3.75,0.0,0.0,1.25,2.5,3.75,3.75,0.0,1.25,3.125,3.75,3.75,1.25,0.0,3.75,1.25,2.5,0.0,2.5,2.5,1.25,3.75,0.0,1.25,1.25,1.25,0.0,1.25,0.0,2.5,2.5,0.0,0.0,1.25,0.0,0.0,0.0,0.0,0.0,0.0,0.0
292,10,0.0,1.25,0.0,1.25,0.0,1.25,0.0,3.75,1.25,2.5,1.25,2.5,0.0,1.25,2.5,0.0,0.0,1.25,0.0,0.0,2.5,1.25,1.25,0.0,0.0,2.5,0.0,0.0,3.75,0.0,0.0,0.0,2.5,3.75,3.75,0.0,0.625,2.5,3.75,3.75,1.25,0.0,3.75,1.25,2.5,0.0,2.5,2.5,0.0,3.125,0.0,0.625,1.25,1.25,0.0,1.25,0.0,1.875,2.5,0.0,0.0,1.25,0.0,0.0,0.0,0.0,0.0,0.0,0.0
292,11,0.0,1.25,0.0,1.25,0.0,1.875,0.0,2.5,1.875,1.875,1.25,1.25,0.0,1.25,2.5,0.0,0.0,1.25,0.0,0.0,2.5,1.25,1.25,0.0,0.0,2.5,0.0,0.0,2.5,0.0,0.0,0.625,2.5,3.125,2.5,0.0,0.625,2.5,3.125,3.75,1.25,0.0,2.5,1.25,2.5,0.0,2.5,1.25,0.0,2.5,0.0,0.625,1.25,1.25,0.0,1.25,0.0,1.875,2.5,0.0,0.0,1.25,0.0,0.0,0.0,0.0,0.0,0.0,0.0
293,9,0.0,1.25,0.0,1.25,0.0,1.875,0.0,3.75,2.5,2.5,1.875,2.5,0.0,1.875,3.125,0.0,0.0,2.5,0.0,0.0,3.75,1.25,2.5,0.0,0.0,3.75,0.0,0.0,3.75,0.0,0.0,1.25,2.5,3.75,3.75,0.0,0.625,2.5,3.75,3.75,1.25,0.0,3.75,1.25,2.5,0.0,2.5,2.5,0.0,3.75,0.0,1.25,1.25,1.25,0.0,1.25,0.0,2.5,2.5,0.0,0.0,1.875,0.0,0.0,0.0,0.0,0.0,0.0,0.0
293,10,0.0,1.25,0.0,1.25,0.0,1.25,0.0,3.75,1.25,2.5,1.25,2.5,0.0,1.25,2.5,0.0,0.0,1.25,0.0,0.0,2.5,0.625,1.25,0.0,0.0,2.5,0.0,0.0,3.125,0.0,0.0,1.25,2.5,3.125,3.75,0.0,0.0,2.5,3.75,3.75,1.25,0.0,3.75,1.25,2.5,0.0,2.5,2.5,0.0,3.125,0.0,1.25,1.25,1.25,0.0,1.25,0.0,1.25,1.875,0.0,0.0,1.25,0.0,0.0,0.0,0.0,0.0,0.0,0.0
293,11,0.0,1.25,0.0,1.25,0.0,1.25,0.0,3.125,1.25,1.875,1.25,1.875,0.0,1.25,2.5,0.0,0.0,1.25,0.0,0.0,2.5,0.625,1.25,0.0,0.0,2.5,0.0,0.0,2.5,0.0,0.0,1.25,2.5,2.5,2.5,0.0,0.0,2.5,3.125,3.75,1.25,0.0,2.5,1.25,2.5,0.0,2.5,2.5,0.0,2.5,0.0,1.25,1.25,1.25,0.0,1.25,0.0,1.875,2.5,0.0,0.0,1.25,0.0,0.0,0.0,0.0,0.0,0.0,0.0
294,9,0.0,1.25,0.0,1.25,0.0,1.25,0.0,3.75,2.5,2.5,1.25,2.5,0.0,2.5,3.75,0.0,0.625,2.5,0.625,0.0,3.75,0.625,2.5,0.0,0.0,3.125,0.0,0.0,3.75,0.0,0.0,1.25,2.5,3.75,3.75,0.0,0.0,2.5,3.75,3.75,1.25,0.0,3.75,1.25,2.5,0.0,2.5,2.5,0.0,3.75,0.0,1.25,1.25,1.25,0.0,1.25,0.0,2.5,2.5,0.0,0.0,2.5,0.0,0.0,0.0,0.0,0.0,0.0,0.0
294,10,0.0,1.25,0.0,1.25,0.0,1.25,0.0,3.75,1.25,2.5,1.25,2.5,0.0,1.25,2.5,0.0,0.625,1.25,0.0,0.0,2.5,0.0,1.25,0.0,0.0,2.5,0.0,0.0,2.5,0.0,0.0,1.25,2.5,2.5,3.75,0.0,0.0,2.5,3.75,3.75,1.25,0.0,3.75,1.25,2.5,0.0,2.5,2.5,0.0,3.125,0.0,1.25,1.25,1.25,0.0,1.25,0.0,1.875,2.5,0.0,0.0,1.25,0.0,0.0,0.0,0.0,0.0,0.0,0.0
294,11,0.0,1.25,0.0,1.25,0.0,1.25,0.0,2.5,1.25,2.5,1.25,2.5,0.0,1.25,2.5,0.0,0.0,1.25,0.0,0.0,2.5,0.0,1.25,0.0,0.0,2.5,0.0,0.0,2.5,0.0,0.0,1.25,1.875,2.5,2.5,0.0,0.0,2.5,3.125,3.125,1.25,0.0,2.5,1.25,2.5,0.0,2.5,2.5,0.0,2.5,0.0,1.25,1.25,1.25,0.0,1.25,0.0,1.875,2.5,0.0,0.0,1.25,0.0,0.0,0.0,0.0,0.0,0.0,0.0
295,9,0.0,1.25,0.0,1.25,0.0,1.25,0.0,3.75,1.25,2.5,1.25,2.5,0.0,2.5,3.75,0.0,1.25,2.5,0.625,0.0,3.75,0.0,1.25,0.0,0.0,3.125,0.0,0.0,2.5,0.0,0.0,1.25,2.5,3.75,3.75,0.0,0.0,2.5,3.75,3.75,1.25,0.0,3.75,1.25,2.5,0.0,2.5,2.5,0.0,3.75,0.0,1.25,1.25,1.25,0.0,1.25,0.0,2.5,3.125,0.0,0.0,2.5,0.0,0.0,0.0,0.0,0.0,0.0,0.0
295,10,0.0,1.25,0.0,0.625,0.0,0.625,0.0,3.75,1.25,2.5,1.25,2.5,0.0,1.25,2.5,0.0,1.25,1.25,0.625,0.0,2.5,0.0,1.25,0.0,0.0,2.5,0.0,0.0,2.5,0.0,0.0,1.25,2.5,2.5,3.75,0.0,0.0,2.5,3.75,3.125,1.25,0.0,3.75,1.25,2.5,0.0,2.5,2.5,0.0,2.5,0.0,1.25,1.25,1.25,0.0,1.25,0.0,2.5,2.5,0.0,0.0,1.25,0.0,0.0,0.0,0.0,0.0,0.0,0.0
295,11,0.0,1.25,0.0,1.25,0.0,0.625,0.0,2.5,1.25,1.875,1.25,2.5,0.0,1.25,2.5,0.0,0.625,1.25,0.625,0.0,2.5,0.0,1.25,0.0,0.0,2.5,0.0,0.0,1.875,0.0,0.0,1.25,1.25,2.5,2.5,0.0,0.0,2.5,3.125,3.125,1.25,0.0,2.5,1.25,2.5,0.0,2.5,2.5,0.0,2.5,0.0,1.25,1.25,1.25,0.0,1.25,0.0,1.875,2.5,0.0,0.0,1.25,0.0,0.0,0.0,0.0,0.0,0.0,0.0
296,9,0.0,1.25,0.0,0.625,0.0,0.0,0.0,3.75,1.25,2.5,1.25,2.5,0.0,2.5,3.75,0.0,1.25,2.5,1.25,0.0,3.75,0.0,1.25,0.0,0.0,3.75,0.0,0.0,2.5,0.0,0.0,1.25,2.5,3.75,3.75,0.0,0.0,2.5,3.75,3.75,1.25,0.0,3.75,1.875,2.5,0.0,3.125,3.75,0.0,3.75,0.0,1.25,1.25,1.25,0.0,1.25,0.0,2.5,3.125,0.0,0.0,2.5,0.0,0.0,0.0,0.0,0.0,0.0,0.0
296,10,0.0,0.625,0.0,0.0,0.0,0.0,0.0,3.75,1.25,2.5,0.625,2.5,0.0,1.25,3.125,0.0,1.25,2.5,0.625,0.0,2.5,0.0,1.25,0.0,0.0,2.5,0.0,0.0,1.875,0.0,0.0,1.25,1.25,2.5,3.75,0.0,0.0,2.5,3.75,3.75,0.625,0.0,3.125,1.25,2.5,0.0,2.5,2.5,0.0,3.125,0.0,1.25,1.25,1.25,0.0,1.25,0.0,2.5,2.5,0.0,0.0,1.25,0.0,0.0,0.0,0.0,0.0,0.0,0.0
296,11,0.0,0.625,0.0,0.0,0.0,0.0,0.0,2.5,1.25,1.875,0.625,2.5,0.0,1.25,2.5,0.0,1.25,1.875,1.25,0.0,2.5,0.0,1.25,0.0,0.0,2.5,0.0,0.0,1.25,0.0,0.0,1.25,1.25,2.5,2.5,0.0,0.0,2.5,3.125,3.125,0.0,0.0,2.5,1.25,2.5,0.0,2.5,2.5,0.0,2.5,0.0,1.25,1.25,1.25,0.0,1.25,0.0,2.5,2.5,0.0,0.0,1.875,0.0,0.0,0.0,0.0,0.0,0.0,0.0
297,9,0.0,0.625,0.0,0.0,0.0,0.0,0.0,3.75,1.25,2.5,0.0,2.5,0.0,2.5,3.75,0.0,1.25,2.5,1.25,0.0,3.75,0.0,1.25,0.0,0.0,3.75,0.0,0.0,2.5,0.0,0.0,1.25,1.25,3.125,3.75,0.0,0.0,2.5,3.75,3.75,0.0,0.0,3.75,2.5,2.5,0.0,3.125,3.75,0.0,3.75,0.0,1.875,1.25,1.25,0.0,1.25,0.0,2.5,3.75,0.0,0.0,2.5,0.0,0.0,0.0,0.0,0.0,0.0,0.0
297,10,0.0,0.0,0.0,0.0,0.0,0.0,0.0,3.75,1.25,2.5,0.0,2.5,0.0,1.25,3.125,0.0,1.25,2.5,1.25,0.0,2.5,0.0,1.25,0.0,0.0,2.5,0.0,0.0,1.25,0.0,0.0,1.25,1.25,2.5,3.75,0.0,0.0,2.5,3.75,3.125,0.0,0.0,3.75,1.25,2.5,0.0,2.5,3.75,0.0,2.5,0.0,1.25,1.25,1.25,0.0,1.25,0.0,2.5,2.5,0.0,0.0,2.5,0.0,0.0,0.0,0.0,0.0,0.0,0.0
297,11,0.0,0.0,0.0,0.0,0.0,0.0,0.0,2.5,1.25,2.5,0.0,2.5,0.0,1.25,2.5,0.0,1.25,1.875,1.25,0.0,2.5,0.0,1.25,0.0,0.0,2.5,0.0,0.0,1.25,0.0,0.0,1.25,1.25,2.5,2.5,0.0,0.0,2.5,3.125,2.5,0.0,0.0,2.5,1.25,2.5,0.0,2.5,2.5,0.0,2.5,0.0,1.25,1.25,1.25,0.0,1.25,0.0,2.5,2.5,0.0,0.0,2.5,0.0,0.0,0.0,0.0,0.0,0.0,0.0
298,9,0.0,0.0,0.0,0.0,0.0,0.0,0.0,3.75,1.25,2.5,0.0,3.125,0.0,1.875,3.75,0.0,1.25,2.5,1.25,0.0,3.75,0.0,1.25,0.0,0.0,3.75,0.0,0.0,1.875,0.0,0.0,1.25,1.25,2.5,3.75,0.0,0.0,2.5,3.75,3.75,0.0,0.0,3.75,2.5,2.5,0.0,3.125,3.75,0.0,3.75,0.0,1.875,1.25,1.25,0.0,1.25,0.0,2.5,3.75,0.0,0.0,2.5,0.0,0.0,0.0,0.0,0.0,0.0,0.0
298,10,0.0,0.0,0.0,0.0,0.0,0.0,0.0,2.5,0.625,2.5,0.0,2.5,0.0,1.25,3.125,0.0,1.25,2.5,1.25,0.0,3.125,0.0,1.25,0.0,0.0,2.5,0.0,0.0,1.25,0.0,0.0,1.25,1.25,2.5,3.75,0.0,0.0,1.25,3.75,2.5,0.0,0.0,3.75,1.25,1.25,0.0,2.5,3.75,0.0,2.5,0.0,1.25,1.25,1.25,0.0,1.25,0.0,2.5,2.5,0.0,0.0,2.5,0.0,0.0,0.0,0.0,0.0,0.0,0.0
298,11,0.0,0.0,0.0,0.0,0.0,0.0,0.0,2.5,0.625,2.5,0.0,2.5,0.0,1.25,2.5,0.0,1.25,2.5,1.25,0.0,2.5,0.0,1.25,0.0,0.0,2.5,0.0,0.0,1.25,0.0,0.0,1.25,1.25,2.5,2.5,0.0,0.0,1.875,3.125,2.5,0.0,0.0,2.5,1.25,1.875,0.0,2.5,2.5,0.0,2.5,0.0,1.25,1.25,1.25,0.0,1.25,0.0,2.5,2.5,0.0,0.0,2.5,0.0,0.0,0.0,0.0,0.0,0.0,0.0
299,9,0.0,0.0,0.0,0.0,0.0,0.0,0.0,3.75,0.625,2.5,0.0,2.5,0.0,2.5,4.375,0.0,1.25,3.125,1.25,0.0,3.75,0.625,1.25,0.0,0.0,3.75,0.0,0.0,1.25,0.0,0.0,1.25,1.25,2.5,3.75,0.0,0.0,2.5,3.75,3.75,0.0,0.0,3.75,2.5,2.5,0.0,3.75,3.75,0.0,3.75,0.0,1.875,1.25,1.25,0.0,1.25,0.0,2.5,3.75,0.0,0.0,2.5,0.0,0.0,0.0,0.0,0.0,0.0,0.0
299,10,0.0,0.0,0.0,0.0,0.0,0.0,0.0,2.5,0.0,2.5,0.0,2.5,0.0,1.25,3.75,0.0,1.25,2.5,1.25,0.0,3.125,0.625,1.25,0.0,0.0,2.5,0.0,0.0,1.25,0.0,0.0,1.25,1.25,2.5,3.75,0.0,0.0,1.875,3.75,2.5,0.0,0.0,3.125,2.5,1.875,0.0,2.5,3.75,0.0,2.5,0.0,1.25,1.25,1.25,0.0,1.25,0.0,2.5,3.125,0.0,0.0,2.5,0.0,0.0,0.0,0.0,0.0,0.0,0.0
299,11,0.0,0.0,0.0,0.0,0.0,0.0,0.0,2.5,0.0,2.5,0.0,2.5,0.0,1.25,3.125,0.0,1.25,2.5,1.25,0.0,2.5,0.0,1.25,0.0,0.0,2.5,0.0,0.0,1.25,0.0,0.0,1.25,1.25,2.5,2.5,0.0,0.0,1.875,3.125,2.5,0.0,0.0,2.5,1.25,1.25,0.0,2.5,2.5,0.0,2.5,0.0,1.25,1.25,1.25,0.0,1.25,0.0,1.875,2.5,0.0,0.0,2.5,0.0,0.0,0.0,0.0,0.0,0.0,0.0
300,9,0.0,0.0,0.0,0.0,0.0,0.0,0.0,3.75,0.0,2.5,0.0,2.5,0.0,1.875,4.375,0.0,1.875,3.125,1.25,0.0,3.75,0.625,1.25,0.0,0.0,3.75,0.0,0.0,1.25,0.0,0.0,1.25,1.25,2.5,3.75,0.0,0.0,2.5,3.75,3.75,0.0,0.0,3.75,2.5,2.5,0.0,3.75,3.75,0.0,3.75,0.0,1.25,1.25,1.25,0.0,1.25,0.0,2.5,3.75,0.0,0.0,3.125,0.0,0.0,0.0,0.0,0.0,0.0,0.0
300,10,0.0,0.0,0.0,0.0,0.0,0.0,0.0,2.5,0.0,1.875,0.0,2.5,0.0,1.25,3.75,0.0,1.875,2.5,1.25,0.0,2.5,0.0,1.25,0.0,0.0,2.5,0.0,0.0,1.25,0.0,0.0,1.25,1.25,2.5,3.75,0.0,0.0,1.875,3.75,2.5,0.0,0.0,3.125,2.5,1.25,0.0,3.125,3.75,0.0,2.5,0.0,1.25,1.25,1.25,0.0,1.25,0.0,2.5,3.125,0.0,0.0,2.5,0.0,0.0,0.0,0.0,0.0,0.0,0.0
300,11,0.0,0.0,0.0,0.0,0.0,0.0,0.0,2.5,0.0,2.5,0.0,2.5,0.0,1.25,3.125,0.0,1.25,2.5,1.25,0.0,2.5,0.0,1.25,0.0,0.0,2.5,0.0,0.0,1.25,0.0,0.0,1.25,1.25,1.875,3.125,0.0,0.0,1.25,3.125,2.5,0.0,0.0,2.5,2.5,1.25,0.0,2.5,2.5,0.0,2.5,0.0,1.25,1.25,1.25,0.0,1.25,0.0,1.875,2.5,0.0,0.0,2.5,0.0,0.0,0.0,0.0,0.0,0.0,0.0
301,9,0.0,0.0,0.0,0.0,0.0,0.0,0.0,2.5,0.0,2.5,0.0,3.125,0.0,1.25,4.375,0.0,2.5,3.75,1.25,0.0,3.75,0.625,1.25,0.0,0.0,3.75,0.0,0.0,1.25,0.0,0.0,1.25,1.25,2.5,3.75,0.0,0.0,1.875,3.75,3.75,0.0,0.0,3.75,2.5,1.875,0.0,3.75,3.75,0.0,3.75,0.0,1.25,1.25,1.25,0.0,1.25,0.0,2.5,3.75,0.0,0.0,3.75,0.0,0.0,0.0,0.0,0.0,0.0,0.0
301,10,0.0,0.0,0.0,0.0,0.0,0.0,0.0,2.5,0.0,2.5,0.0,2.5,0.0,1.25,3.75,0.0,2.5,2.5,1.25,0.0,2.5,0.0,1.25,0.0,0.0,2.5,0.0,0.0,1.25,0.0,0.0,1.25,1.25,2.5,3.75,0.0,0.0,1.25,3.75,2.5,0.0,0.0,2.5,2.5,1.25,0.0,3.125,3.75,0.0,2.5,0.0,1.25,1.25,1.25,0.0,1.25,0.0,1.875,2.5,0.0,0.0,2.5,0.0,0.0,0.0,0.0,0.0,0.0,0.0
301,11,0.0,0.0,0.0,0.0,0.0,0.0,0.0,2.5,0.0,2.5,0.0,2.5,0.0,1.25,2.5,0.0,1.25,2.5,1.25,0.0,2.5,0.625,1.25,0.0,0.0,2.5,0.0,0.0,1.25,0.0,0.0,1.25,1.25,1.875,3.125,0.0,0.0,1.25,2.5,2.5,0.0,0.0,2.5,2.5,1.25,0.0,2.5,3.125,0.0,2.5,0.0,1.25,1.25,1.25,0.0,1.25,0.0,1.875,2.5,0.0,0.0,2.5,0.0,0.0,0.0,0.0,0.0,0.0,0.0
302,9,0.0,0.0,0.0,0.0,0.0,0.0,0.0,2.5,0.0,3.125,0.0,3.125,0.0,1.25,4.375,0.0,2.5,3.75,1.25,0.0,3.75,1.25,1.25,0.0,0.0,3.125,0.0,0.0,1.25,0.0,0.0,1.25,1.25,2.5,3.75,0.0,0.0,1.25,3.75,3.75,0.0,0.0,3.75,2.5,1.25,0.0,3.75,3.75,0.0,3.75,0.0,1.25,1.25,1.25,0.0,1.25,0.0,2.5,3.75,0.0,0.0,3.75,0.0,0.0,0.0,0.0,0.0,0.0,0.0
302,10,0.0,0.0,0.0,0.0,0.0,0.0,0.0,2.5,0.0,2.5,0.0,2.5,0.0,1.25,3.75,0.0,2.5,2.5,1.25,0.0,3.75,0.625,1.25,0.0,0.0,2.5,0.0,0.0,1.25,0.0,0.0,1.25,1.25,1.875,3.75,0.0,0.0,1.25,3.75,2.5,0.0,0.0,3.125,2.5,1.25,0.0,2.5,3.75,0.0,2.5,0.0,1.25,1.25,1.25,0.0,1.25,0.0,2.5,2.5,0.0,0.0,2.5,0.0,0.0,0.0,0.0,0.0,0.0,0.0
302,11,0.0,0.0,0.0,0.0,0.0,0.0,0.0,2.5,0.0,2.5,0.0,2.5,0.0,1.25,3.125,0.0,1.25,2.5,1.25,0.0,2.5,0.625,1.25,0.0,0.0,2.5,0.0,0.0,1.25,0.0,0.0,1.25,1.25,1.25,3.125,0.0,0.0,1.25,2.5,2.5,0.0,0.0,2.5,2.5,1.25,0.0,2.5,3.125,0.0,2.5,0.0,1.25,1.25,1.25,0.0,1.25,0.0,1.25,2.5,0.0,0.0,2.5,0.0,0.0,0.0,0.0,0.0,0.0,0.0
303,9,0.0,0.0,0.0,0.0,0.0,1.25,0.0,2.5,0.0,2.5,0.0,3.125,0.0,1.25,4.375,0.0,2.5,3.75,1.25,0.0,3.75,1.25,1.25,0.0,0.0,2.5,0.0,0.0,2.5,0.0,0.0,1.25,1.25,2.5,3.75,0.0,0.0,1.25,3.75,3.75,0.0,0.0,3.75,2.5,2.5,0.0,3.75,3.75,0.0,3.75,0.0,1.25,1.25,1.25,0.0,1.25,0.0,2.5,3.75,0.0,0.0,3.75,0.0,0.0,0.0,0.0,0.0,0.0,0.0
303,10,0.0,0.0,0.0,0.0,0.0,0.0,0.0,2.5,0.0,2.5,0.0,2.5,0.0,1.25,3.75,0.0,2.5,2.5,1.25,0.0,3.75,1.25,1.25,0.0,0.0,2.5,0.0,0.0,1.25,0.0,0.0,0.625,0.625,1.25,3.75,0.0,0.0,1.25,3.75,3.125,0.0,0.0,3.125,2.5,1.25,0.0,3.75,3.75,0.0,2.5,0.0,1.25,1.25,1.25,0.0,1.25,0.0,1.875,3.125,0.0,0.0,2.5,0.0,0.0,0.0,0.0,0.0,0.0,0.0
303,11,0.0,0.0,0.0,0.0,0.0,0.0,0.0,2.5,0.0,2.5,0.0,2.5,0.0,1.25,3.125,0.0,1.25,2.5,1.25,0.0,2.5,1.25,1.25,0.0,0.0,2.5,0.0,0.0,1.25,0.0,0.0,0.625,0.625,1.25,3.125,0.0,0.0,1.25,2.5,2.5,0.0,0.0,2.5,2.5,1.25,0.0,2.5,3.125,0.0,2.5,0.0,1.25,1.25,1.25,0.0,1.25,0.0,1.25,2.5,0.0,0.0,2.5,0.0,0.0,0.0,0.0,0.0,0.0,0.0
304,9,0.0,0.0,0.0,0.0,0.0,1.25,0.0,2.5,0.0,2.5,0.0,2.5,0.0,1.25,3.75,0.0,2.5,3.75,1.25,0.0,3.75,1.25,1.875,0.0,0.0,2.5,0.0,0.0,2.5,0.0,0.0,0.625,1.25,1.25,3.75,0.0,0.0,1.25,3.75,3.75,0.0,0.0,3.75,3.75,2.5,0.0,3.75,3.75,0.0,3.75,0.0,1.25,1.25,1.25,0.0,1.25,0.0,2.5,3.75,0.0,0.0,3.75,0.0,0.0,0.0,0.0,0.0,0.0,0.0
304,10,0.0,0.0,0.0,0.0,0.0,0.625,0.0,1.875,0.0,2.5,0.0,2.5,0.0,1.25,3.75,0.0,2.5,2.5,1.25,0.0,2.5,1.25,1.25,0.0,0.0,2.5,0.0,0.0,1.875,0.0,0.0,0.0,0.625,1.25,3.75,0.0,0.0,1.25,3.125,3.125,0.0,0.0,3.125,2.5,1.875,0.0,3.75,3.75,0.0,2.5,0.0,0.625,1.25,1.25,0.0,1.25,0.0,1.25,2.5,0.0,0.0,3.75,0.0,0.0,0.0,0.0,0.0,0.0,0.0
304,11,0.0,0.0,0.0,0.0,0.0,1.25,0.0,1.875,0.0,2.5,0.0,2.5,0.0,1.25,3.125,0.0,1.875,2.5,1.25,0.0,2.5,1.25,1.25,0.0,0.0,2.5,0.625,0.0,1.25,0.0,0.0,0.0,0.625,1.25,3.125,0.0,0.0,1.25,2.5,2.5,0.0,0.0,2.5,2.5,1.25,0.0,2.5,3.125,0.0,2.5,0.0,0.625,1.25,1.25,0.0,1.25,0.0,1.25,2.5,0.0,0.0,2.5,0.0,0.0,0.0,0.0,0.0,0.0,0.0
305,9,0.0,0.0,0.0,0.0,0.0,1.25,0.0,2.5,0.0,3.125,1.25,2.5,0.0,1.25,3.75,0.0,2.5,3.75,1.25,0.0,3.75,1.25,2.5,0.0,0.0,2.5,1.25,0.0,2.5,0.0,0.0,0.0,1.25,1.25,3.75,0.0,0.0,1.25,3.75,3.75,0.0,0.0,3.75,3.125,1.25,0.0,3.75,3.75,0.0,3.75,0.0,0.0,1.25,1.875,0.0,1.25,0.0,2.5,3.75,0.0,0.0,3.75,0.0,0.0,0.0,0.0,0.0,0.0,1.25
305,10,0.0,0.0,0.0,0.0,0.0,1.25,0.0,1.25,0.0,2.5,0.625,2.5,0.0,1.25,3.75,0.0,2.5,3.125,1.25,0.0,2.5,1.25,1.25,0.0,0.0,2.5,0.625,0.0,2.5,0.0,0.0,0.0,1.25,1.25,3.75,0.0,0.0,0.625,2.5,3.125,0.0,0.0,2.5,2.5,1.25,0.0,3.75,3.75,0.0,2.5,0.0,0.0,1.25,1.25,0.0,1.25,0.0,1.875,2.5,0.0,0.0,3.75,0.0,0.0,0.0,0.0,0.0,0.0,0.0
305,11,0.0,0.0,0.0,0.0,0.0,1.25,0.0,1.25,0.0,2.5,0.625,2.5,0.0,1.25,2.5,0.0,1.875,2.5,1.25,0.0,2.5,1.25,1.25,0.0,0.0,2.5,0.625,0.0,1.875,0.0,0.0,0.0,1.25,1.25,2.5,0.0,0.0,0.625,2.5,2.5,0.0,0.0,2.5,2.5,1.25,0.0,2.5,2.5,0.0,2.5,0.0,0.0,1.25,1.25,0.0,1.25,0.0,1.25,2.5,0.0,0.0,2.5,0.0,0.0,0.0,0.0,0.0,0.0,0.0
306,9,0.0,0.0,0.0,0.0,0.0,1.25,0.0,2.5,0.0,3.75,1.25,2.5,0.0,1.25,3.75,0.0,2.5,3.75,1.25,0.0,3.75,1.25,2.5,0.0,0.0,2.5,1.25,0.0,2.5,0.0,0.0,0.0,1.25,1.25,3.75,0.0,0.0,0.625,3.125,3.75,0.625,0.0,3.75,3.125,1.25,0.0,3.75,3.75,0.0,3.75,0.0,0.0,1.25,2.5,0.0,1.875,0.0,2.5,3.75,0.0,0.0,3.75,0.0,0.0,0.0,0.0,0.0,0.0,1.25
306,10,0.0,0.0,0.0,0.0,0.0,1.25,0.0,1.875,0.0,2.5,1.25,2.5,0.0,1.25,3.75,0.0,2.5,3.125,1.25,0.0,3.75,1.25,1.25,0.0,0.0,2.5,1.25,0.0,2.5,0.0,0.0,0.0,1.25,1.25,3.125,0.0,0.0,0.0,2.5,2.5,0.0,0.0,2.5,2.5,1.25,0.0,3.75,3.75,0.0,3.125,0.0,0.0,1.25,1.25,0.0,1.25,0.0,1.875,3.125,0.0,0.0,3.125,0.0,0.0,0.0,0.0,0.0,0.0,1.25
306,11,0.0,0.0,0.0,0.0,0.0,1.25,0.0,1.25,0.0,2.5,1.25,2.5,0.0,1.25,2.5,0.0,2.5,2.5,1.25,0.0,2.5,1.25,1.25,0.0,0.0,1.875,1.25,0.0,2.5,0.0,0.0,0.0,1.25,1.25,2.5,0.0,0.0,0.0,2.5,2.5,0.0,0.0,2.5,2.5,1.25,0.0,2.5,2.5,0.0,2.5,0.0,0.0,1.25,1.25,0.0,1.25,0.0,1.25,2.5,0.0,0.0,2.5,0.0,0.0,0.0,0.0,0.0,0.0,0.625
307,9,0.0,0.0,0.0,0.0,0.0,1.25,0.0,2.5,0.0,2.5,1.25,2.5,0.0,1.25,3.75,0.0,2.5,3.75,1.25,0.0,3.75,1.25,2.5,0.0,0.0,2.5,1.25,0.0,3.125,0.0,0.0,0.0,1.25,1.25,3.75,0.0,0.0,0.0,2.5,3.75,1.25,0.0,3.75,2.5,1.875,0.0,3.75,3.75,0.0,3.75,0.0,0.0,1.25,1.875,0.0,2.5,0.0,1.875,3.75,0.0,0.0,3.75,0.0,0.0,0.0,0.0,0.0,0.0,1.25
307,10,0.0,0.0,0.0,0.0,0.0,1.25,0.0,1.25,0.0,2.5,1.25,2.5,0.0,1.25,3.75,0.0,2.5,3.125,1.25,0.0,3.75,1.25,2.5,0.0,0.0,2.5,1.25,0.0,2.5,0.0,0.0,0.0,1.25,1.25,3.75,0.0,0.0,0.0,2.5,3.125,1.25,0.0,2.5,2.5,1.25,0.0,3.75,3.75,0.0,3.125,0.0,0.0,1.25,1.25,0.0,1.25,0.0,1.25,3.125,0.0,0.0,3.75,0.0,0.0,0.0,0.0,0.0,0.0,1.25
307,11,0.0,0.0,0.0,0.0,0.0,1.25,0.0,1.25,0.0,2.5,1.25,2.5,0.0,1.25,2.5,0.0,2.5,2.5,1.25,0.0,2.5,1.25,1.875,0.0,0.0,1.25,1.25,0.0,2.5,0.0,0.0,0.0,1.25,1.25,2.5,0.0,0.0,0.0,2.5,2.5,0.625,0.0,2.5,2.5,1.25,0.0,2.5,2.5,0.0,2.5,0.0,0.0,1.25,1.25,0.0,1.25,0.0,1.25,2.5,0.0,0.0,2.5,0.0,0.0,0.0,0.0,0.0,0.0,1.25
308,9,0.0,0.0,0.0,0.0,0.0,1.25,0.0,2.5,0.0,3.125,1.25,2.5,0.0,1.25,3.75,0.0,2.5,3.75,1.25,0.0,3.75,1.25,2.5,0.0,0.0,2.5,1.25,0.0,3.75,0.0,0.0,0.0,1.25,1.25,3.75,0.0,0.0,0.0,2.5,3.75,1.25,0.0,3.125,2.5,1.875,0.0,3.75,3.75,0.0,3.75,0.0,0.0,1.25,1.875,0.0,1.25,0.0,1.25,3.75,0.0,0.0,4.375,0.0,0.0,0.0,0.0,0.0,0.0,2.5
308,10,0.0,0.0,0.0,0.0,0.0,1.25,0.0,1.25,0.0,2.5,1.25,2.5,0.0,1.25,3.75,0.0,2.5,3.125,1.25,0.0,3.75,1.25,2.5,0.0,0.0,2.5,1.25,0.0,2.5,0.0,0.0,0.0,1.25,1.25,3.75,0.0,0.0,0.0,2.5,3.125,1.25,0.0,2.5,2.5,1.25,0.0,3.75,3.75,0.0,3.75,0.0,0.0,1.25,1.25,0.0,1.25,0.0,1.25,3.125,0.0,0.0,3.75,0.0,0.0,0.0,0.0,0.0,0.0,1.25
308,11,0.0,0.0,0.0,0.0,0.0,1.25,0.0,1.25,0.0,2.5,1.25,2.5,0.0,1.25,2.5,0.0,2.5,2.5,1.25,0.0,2.5,1.25,2.5,0.0,0.0,1.25,1.25,0.0,2.5,0.0,0.0,0.0,1.25,1.25,2.5,0.0,0.0,0.0,2.5,2.5,1.25,0.0,2.5,2.5,1.25,0.0,2.5,2.5,0.0,2.5,0.0,0.0,1.25,1.25,0.0,1.25,0.0,1.25,2.5,0.0,0.0,3.125,0.0,0.0,0.0,0.0,0.0,0.0,1.25
309,9,0.0,0.0,0.0,0.0,0.0,1.25,0.0,2.5,0.0,2.5,1.875,2.5,0.0,1.25,3.75,0.0,2.5,3.75,1.25,0.0,3.75,1.25,2.5,0.0,0.0,2.5,1.25,0.0,3.75,0.0,0.0,0.0,1.25,1.25,3.75,0.0,0.0,0.0,2.5,3.75,1.25,0.0,3.75,2.5,1.25,0.0,3.75,3.75,0.0,3.75,0.0,0.0,1.25,2.5,0.0,2.5,0.0,1.25,3.75,0.0,0.0,4.375,0.0,0.0,0.0,0.0,0.0,0.0,2.5
309,10,0.0,0.0,0.0,0.0,0.0,1.25,0.0,1.25,0.0,2.5,1.25,2.5,0.0,1.25,3.75,0.0,2.5,3.75,1.25,0.0,3.75,1.25,2.5,0.0,0.0,2.5,1.25,0.0,3.125,0.0,0.0,0.0,1.25,1.25,2.5,0.0,0.0,0.0,2.5,3.125,1.25,0.0,2.5,2.5,1.25,0.0,3.75,2.5,0.0,3.75,0.0,0.0,1.25,1.25,0.0,1.25,0.0,1.25,3.125,0.0,0.0,3.75,0.0,0.0,0.0,0.0,0.0,0.0,2.5
309,11,0.0,0.0,0.0,0.0,0.0,1.25,0.0,1.25,0.0,2.5,1.25,2.5,0.0,1.25,2.5,0.0,2.5,2.5,1.25,0.0,2.5,1.25,2.5,0.0,0.0,1.25,1.25,0.0,2.5,0.0,0.0,0.0,1.25,1.25,2.5,0.0,0.0,0.0,2.5,2.5,1.25,0.0,2.5,2.5,1.25,0.0,2.5,2.5,0.0,3.125,0.0,0.0,1.25,1.25,0.0,1.25,0.0,1.25,2.5,0.0,0.0,3.125,0.0,0.0,0.0,0.0,0.0,0.0,1.25
310,9,0.0,1.25,0.0,0.0,0.0,1.25,0.0,1.25,0.0,2.5,2.5,3.125,0.0,1.25,3.75,0.0,2.5,3.75,1.25,0.0,3.75,1.875,3.125,0.0,0.0,2.5,1.25,0.0,3.75,0.0,0.0,0.0,1.25,1.25,3.75,0.0,0.0,0.0,2.5,3.75,1.25,0.0,3.75,2.5,1.25,0.0,3.75,3.125,1.25,4.375,0.0,0.0,1.25,2.5,0.0,2.5,0.0,1.25,3.75,0.0,0.0,4.375,0.0,0.0,0.0,0.0,0.0,0.0,3.75
310,10,0.0,0.0,0.0,0.0,0.0,1.25,0.0,1.25,0.0,2.5,1.25,2.5,0.0,1.25,3.125,0.0,2.5,3.125,1.25,0.0,3.75,1.25,2.5,0.0,0.0,1.25,1.25,0.0,3.75,0.0,0.0,0.0,1.25,1.25,2.5,0.0,0.0,0.0,2.5,2.5,1.25,0.0,2.5,2.5,1.25,0.0,3.75,2.5,0.625,3.75,0.0,0.0,1.25,1.875,0.0,1.875,0.0,1.25,3.125,0.0,0.0,3.75,0.0,0.0,0.0,0.0,0.0,0.0,2.5
310,11,0.0,0.0,0.0,0.0,0.0,1.25,0.0,1.25,0.0,2.5,1.25,2.5,0.0,1.25,2.5,0.0,2.5,2.5,1.25,0.0,2.5,1.25,2.5,0.0,0.0,1.25,1.25,0.0,2.5,0.0,0.0,0.0,1.25,1.25,2.5,0.0,0.0,0.0,2.5,2.5,1.25,0.0,2.5,1.875,1.25,0.0,2.5,2.5,0.0,3.75,0.0,0.0,1.25,1.25,0.0,1.25,0.0,1.25,2.5,0.0,0.0,3.125,0.0,0.0,0.0,0.0,0.0,0.0,2.5
311,9,0.0,1.25,0.0,0.0,0.0,1.25,0.0,1.25,0.0,2.5,1.875,3.125,0.0,1.25,3.75,0.0,3.125,3.75,1.25,0.0,3.75,2.5,3.75,0.0,0.0,2.5,1.25,0.0,3.75,0.0,0.0,0.0,1.25,1.875,3.125,0.0,0.0,0.0,2.5,3.75,1.25,0.0,3.75,2.5,1.875,0.0,4.375,2.5,1.25,5.0,0.0,0.0,1.25,2.5,0.0,2.5,0.0,1.875,3.75,0.0,0.0,4.375,0.0,0.0,0.0,0.0,0.0,0.0,3.75
311,10,0.0,0.625,0.0,0.0,0.0,1.25,0.0,1.25,0.0,1.25,1.25,2.5,0.0,1.25,2.5,0.0,2.5,3.125,1.25,0.0,3.75,1.25,2.5,0.0,0.0,1.875,1.25,0.0,3.75,0.0,0.0,0.0,1.25,1.25,2.5,0.0,0.0,0.0,1.875,2.5,1.25,0.0,3.125,1.875,1.25,0.0,3.75,2.5,1.25,3.75,0.0,0.0,1.25,1.25,0.0,1.25,0.0,1.875,3.75,0.0,0.0,3.75,0.0,0.0,0.0,0.0,0.0,0.0,2.5
311,11,0.0,0.625,0.0,0.0,0.0,1.25,0.0,1.25,0.0,1.25,1.25,2.5,0.0,1.25,2.5,0.0,2.5,2.5,1.25,0.0,2.5,1.25,2.5,0.0,0.0,1.25,1.25,0.0,3.125,0.0,0.0,0.0,1.25,1.25,2.5,0.0,0.0,0.0,1.875,2.5,1.25,0.0,2.5,1.25,1.25,0.0,3.125,2.5,1.25,3.75,0.0,0.0,1.25,1.25,0.0,1.25,0.0,1.25,2.5,0.0,0.0,3.125,0.0,0.0,0.0,0.0,0.0,0.0,2.5
312,9,0.0,1.25,0.0,1.25,0.0,1.25,0.0,1.25,0.0,2.5,1.25,3.125,0.0,1.25,3.75,0.0,3.125,3.75,1.25,0.0,3.75,2.5,3.75,1.25,0.0,2.5,1.25,0.0,3.75,0.0,0.0,0.0,1.25,1.875,2.5,0.0,0.0,0.0,2.5,3.125,1.25,0.0,3.75,1.25,2.5,0.0,4.375,2.5,1.25,5.0,0.0,0.0,1.25,1.875,0.0,2.5,0.0,1.875,3.75,0.0,0.0,3.75,0.0,0.0,0.0,0.0,0.0,0.0,5.0
312,10,0.0,1.25,0.0,0.625,0.0,1.25,0.0,0.625,0.0,1.25,1.25,2.5,0.0,1.25,2.5,0.0,2.5,3.125,1.25,0.0,3.75,1.875,2.5,0.0,0.0,2.5,1.25,0.0,3.75,0.0,0.0,0.0,1.25,1.25,2.5,0.0,0.0,0.0,1.25,2.5,1.25,0.0,3.125,1.25,1.25,0.0,3.75,2.5,1.25,3.75,0.0,0.0,1.25,1.25,0.0,1.25,0.0,1.875,3.75,0.0,0.0,3.75,0.0,0.0,0.0,0.0,0.0,0.0,3.75
312,11,0.0,1.25,0.0,0.625,0.0,1.25,0.0,1.25,0.0,1.25,1.25,2.5,0.0,1.25,2.5,0.0,2.5,2.5,1.25,0.0,2.5,1.875,2.5,0.0,0.0,1.875,1.25,0.0,3.125,0.0,0.0,0.0,1.25,1.25,2.5,0.0,0.0,0.0,1.25,2.5,1.25,0.0,3.125,1.25,1.25,0.0,3.75,2.5,1.25,3.75,0.0,0.0,1.25,1.25,0.0,1.25,0.0,1.25,2.5,0.0,0.0,2.5,0.0,0.0,0.0,0.0,0.0,0.0,3.125
313,9,0.0,1.875,0.0,1.25,0.0,1.25,0.0,1.25,0.0,1.25,1.25,3.125,0.0,1.25,2.5,0.0,2.5,3.75,1.25,0.0,3.75,2.5,3.75,1.25,0.0,2.5,0.625,0.0,4.375,0.0,0.0,1.25,1.25,2.5,2.5,0.0,0.0,0.0,2.5,3.125,1.25,0.0,3.75,1.25,1.875,0.0,4.375,2.5,1.25,5.0,0.0,0.0,1.25,1.875,0.0,2.5,0.0,1.875,3.75,0.0,0.0,3.75,0.0,0.0,0.0,0.0,0.0,0.0,5.0
313,10,0.0,1.25,0.0,1.25,0.0,1.25,0.0,0.625,0.0,1.25,1.25,2.5,0.0,1.25,2.5,0.0,2.5,3.125,1.25,0.0,3.75,2.5,2.5,1.25,0.0,2.5,0.625,0.0,3.75,0.0,0.0,0.625,1.25,1.25,2.5,0.0,0.0,0.0,1.25,2.5,1.25,0.0,3.75,1.25,1.25,0.0,3.75,2.5,1.25,3.75,0.0,0.0,0.625,1.25,0.0,1.25,0.0,1.875,3.75,0.0,0.0,3.75,0.0,0.0,0.0,0.0,0.0,0.0,3.75
313,11,0.0,1.25,0.0,1.25,0.0,1.25,0.0,0.625,0.0,1.25,1.25,2.5,0.0,1.25,2.5,0.0,2.5,2.5,1.25,0.0,2.5,1.875,2.5,1.25,0.0,1.875,0.625,0.0,3.75,0.0,0.0,0.625,1.25,1.25,1.875,0.0,0.0,0.0,1.25,2.5,1.25,0.0,3.125,1.25,1.25,0.0,3.125,1.875,1.25,3.75,0.0,0.0,1.25,1.25,0.0,1.25,0.0,1.25,2.5,0.0,0.0,2.5,0.0,0.0,0.0,0.0,0.0,0.0,3.75
314,9,0.0,2.5,0.0,1.25,0.0,1.25,0.0,1.25,0.0,1.25,1.25,3.75,0.0,1.25,2.5,0.0,2.5,3.75,1.25,0.0,3.75,2.5,3.75,1.25,0.0,2.5,1.25,0.0,4.375,0.0,0.0,1.25,1.25,2.5,2.5,0.0,0.0,0.0,1.25,2.5,1.25,0.0,3.75,1.25,1.875,0.0,4.375,2.5,2.5,5.0,0.0,0.0,1.25,1.875,0.0,2.5,0.0,1.875,3.75,0.0,0.0,3.75,0.0,0.0,0.0,0.0,0.0,0.0,5.0
314,10,0.0,1.25,0.0,1.25,0.0,0.0,0.0,0.625,0.0,1.25,1.25,2.5,0.0,0.0,2.5,0.0,2.5,3.75,1.25,0.0,3.75,2.5,2.5,1.25,0.0,2.5,0.625,0.0,3.75,0.0,0.0,1.25,1.25,1.875,2.5,0.0,0.0,0.0,1.25,2.5,1.25,0.0,3.75,1.25,1.875,0.0,3.75,2.5,1.25,4.375,0.0,0.0,1.25,1.25,0.0,2.5,0.0,1.875,3.75,0.0,0.0,3.75,0.0,0.0,0.0,0.0,0.0,0.0,3.75
314,11,0.0,1.25,0.0,1.25,0.0,0.0,0.0,0.0,0.0,1.25,1.25,2.5,0.0,0.625,2.5,0.0,2.5,2.5,1.25,0.0,2.5,2.5,2.5,1.25,0.0,1.875,0.625,0.0,3.75,0.0,0.0,1.25,1.25,1.25,1.875,0.0,0.0,0.0,1.25,2.5,1.25,0.0,3.75,1.25,1.875,0.0,3.125,1.875,1.25,3.75,0.0,0.0,1.25,1.25,0.0,1.25,0.0,1.25,2.5,0.0,0.0,2.5,0.0,0.0,0.0,0.0,0.0,0.0,3.75
315,9,0.0,2.5,0.0,1.25,0.0,0.0,0.0,1.25,0.0,1.25,1.25,3.75,0.0,0.0,2.5,0.0,3.125,3.75,1.25,0.0,3.75,2.5,3.75,1.25,0.0,2.5,0.625,0.0,3.75,0.0,0.0,1.875,1.25,2.5,2.5,0.0,0.0,0.0,1.25,2.5,1.25,0.0,3.75,1.25,2.5,0.0,5.0,2.5,2.5,5.0,0.0,0.0,1.25,1.875,0.0,2.5,0.0,2.5,4.375,0.0,0.0,3.75,0.0,0.0,0.0,0.0,0.0,1.25,5.0
315,10,0.0,1.25,0.0,1.25,0.0,0.0,0.0,0.0,0.0,0.625,1.25,2.5,0.0,0.0,2.5,0.0,2.5,3.75,1.25,0.0,3.75,2.5,2.5,1.25,0.0,2.5,0.0,0.0,3.75,0.0,0.0,1.25,1.25,2.5,1.875,0.0,0.0,0.0,1.25,2.5,1.25,0.0,3.75,1.25,1.25,0.0,3.75,2.5,1.25,3.75,0.0,0.0,1.25,1.25,0.0,2.5,0.0,2.5,3.75,0.0,0.0,3.75,0.0,0.0,0.0,0.0,0.0,0.0,5.0
315,11,0.0,1.25,0.0,1.25,0.0,0.0,0.0,0.625,0.0,0.0,1.25,2.5,0.0,0.0,2.5,0.0,2.5,2.5,1.25,0.0,2.5,2.5,2.5,1.25,0.0,1.875,0.625,0.0,3.125,0.0,0.0,1.25,1.25,1.875,1.25,0.0,0.0,0.0,1.25,2.5,1.25,0.0,3.75,1.25,1.25,0.0,3.75,1.25,1.25,3.75,0.0,0.0,0.625,1.25,0.0,1.25,0.0,1.25,3.125,0.0,0.0,2.5,0.0,0.0,0.0,0.0,0.0,0.0,4.375
316,9,0.0,2.5,0.0,1.25,0.0,0.0,0.0,1.25,0.0,0.625,1.25,3.125,0.0,0.0,2.5,0.0,2.5,3.75,1.25,0.0,3.75,2.5,3.125,1.25,0.0,2.5,0.625,0.0,3.75,0.0,0.0,2.5,1.25,2.5,2.5,0.0,0.0,0.0,1.25,2.5,1.25,0.0,3.75,1.25,2.5,0.0,5.0,2.5,2.5,5.0,0.0,0.0,1.25,1.25,0.0,2.5,0.0,2.5,4.375,0.0,0.0,3.75,0.0,0.0,0.0,0.0,0.0,1.25,5.0
316,10,0.0,1.875,0.0,1.25,0.0,0.0,0.0,0.0,0.0,0.0,0.625,2.5,0.0,0.0,2.5,0.0,2.5,3.75,1.25,0.0,3.75,2.5,2.5,1.25,0.0,2.5,0.0,0.0,3.75,0.0,0.0,1.25,1.25,2.5,1.875,0.0,0.0,0.0,1.25,2.5,1.25,0.0,3.75,1.25,1.25,0.0,3.75,2.5,1.875,3.75,0.0,0.0,0.625,1.25,0.0,1.25,0.0,2.5,3.75,0.0,0.0,3.125,0.0,0.0,0.0,0.0,0.0,1.25,5.0
316,11,0.0,1.25,0.0,1.25,0.0,0.0,0.0,0.625,0.0,0.0,0.0,2.5,0.0,0.0,2.5,0.0,2.5,2.5,1.25,0.0,3.125,2.5,2.5,1.25,0.0,2.5,0.0,0.0,2.5,0.0,0.0,1.25,1.25,2.5,1.25,0.0,0.0,0.0,1.25,1.875,1.25,0.0,3.75,1.25,1.25,0.0,3.75,1.25,1.25,3.75,0.0,0.0,0.625,1.25,0.0,1.25,0.0,1.25,3.75,0.0,0.0,2.5,0.0,0.0,0.0,0.0,0.0,0.625,5.0
317,9,0.0,2.5,0.0,1.875,0.0,0.0,0.0,1.25,0.0,0.0,0.625,3.75,0.0,0.0,2.5,0.0,2.5,3.75,1.25,0.0,3.75,2.5,3.125,2.5,0.0,3.125,0.625,0.0,3.75,0.0,1.25,2.5,1.25,3.75,2.5,0.0,0.0,0.625,1.25,2.5,1.25,0.0,3.75,1.25,1.875,0.0,5.0,2.5,2.5,5.0,0.0,0.0,1.25,2.5,0.0,2.5,0.0,2.5,3.75,0.0,0.0,3.75,0.0,0.0,0.0,0.0,0.0,2.5,5.0
317,10,0.0,1.875,0.0,1.25,0.0,0.0,0.0,0.625,0.0,0.0,0.0,2.5,0.0,0.0,2.5,0.0,2.5,3.75,1.25,0.0,3.75,2.5,2.5,1.25,0.0,2.5,0.0,0.0,3.75,0.0,1.25,2.5,1.25,2.5,1.25,0.0,0.0,0.0,1.25,1.25,0.625,0.0,3.75,1.25,1.25,0.0,3.75,2.5,1.875,3.75,0.0,0.0,1.25,1.25,0.0,2.5,0.0,2.5,3.75,0.0,0.0,3.125,0.0,0.0,0.0,0.0,0.0,1.25,5.0
317,11,0.0,1.25,0.0,1.25,0.0,0.0,0.0,0.625,0.0,0.0,0.0,2.5,0.0,0.0,2.5,0.0,2.5,2.5,1.25,0.0,3.125,2.5,2.5,1.25,0.0,2.5,0.0,0.0,2.5,0.0,1.25,1.875,1.25,2.5,1.25,0.0,0.0,0.0,1.25,1.875,0.625,0.0,3.75,1.25,1.25,0.0,3.75,1.25,1.25,3.75,0.0,0.0,1.25,1.25,0.0,1.25,0.0,1.25,2.5,0.0,0.0,2.5,0.0,0.0,0.0,0.0,0.0,1.25,5.0
318,9,0.0,2.5,0.0,1.875,0.0,0.0,0.0,1.25,0.0,0.0,0.0,3.125,0.0,0.0,2.5,0.0,2.5,3.75,1.25,0.0,3.75,2.5,3.125,2.5,0.0,3.75,1.25,0.0,3.75,0.0,1.25,3.75,1.25,3.75,1.875,0.0,0.0,1.25,1.25,2.5,0.0,0.0,3.75,1.25,1.875,0.0,5.0,2.5,2.5,4.375,0.0,0.0,1.25,2.5,0.0,2.5,0.0,2.5,3.75,0.0,0.0,3.125,0.0,0.0,0.0,0.0,1.25,2.5,5.0
318,10,0.0,1.875,0.0,1.25,0.0,0.0,0.0,0.625,0.0,0.0,0.0,2.5,0.0,0.0,2.5,0.0,2.5,3.75,1.25,0.0,3.75,2.5,2.5,1.25,0.0,2.5,0.625,0.0,3.75,0.0,1.25,2.5,1.25,3.125,1.25,0.0,0.0,0.625,0.625,2.5,0.0,0.0,3.75,1.25,1.25,0.0,3.75,2.5,1.25,3.75,0.0,0.0,1.25,1.25,0.0,2.5,0.0,2.5,3.75,0.0,0.0,2.5,0.0,0.0,0.0,0.0,1.25,2.5,5.0
318,11,0.0,1.25,0.0,1.25,0.0,0.0,0.0,0.625,0.0,0.0,0.0,2.5,0.0,0.0,2.5,0.0,2.5,2.5,1.25,0.0,3.125,2.5,2.5,1.25,0.0,2.5,0.625,0.0,2.5,0.0,1.25,2.5,1.25,2.5,1.25,0.0,0.0,0.625,0.625,1.875,0.0,0.0,3.75,1.25,1.25,0.0,3.125,1.25,1.25,3.75,0.0,0.0,1.25,1.25,0.0,1.25,0.0,1.25,2.5,0.0,0.0,2.5,0.0,0.0,0.0,0.0,0.625,1.25,5.0
319,9,0.0,2.5,0.0,1.25,0.0,0.0,0.0,1.25,0.0,0.0,0.0,3.125,0.0,0.0,2.5,0.0,2.5,3.75,1.25,0.0,3.75,2.5,3.125,2.5,0.0,3.75,1.25,0.0,3.75,0.0,1.25,3.75,1.25,5.0,1.25,0.0,0.0,1.25,1.25,2.5,0.0,0.0,3.75,1.25,1.25,0.0,5.0,2.5,2.5,3.75,0.0,1.25,1.25,2.5,0.0,2.5,0.0,2.5,3.75,0.0,0.0,2.5,0.0,0.625,0.0,0.0,1.25,3.75,5.0
319,10,0.0,1.875,0.0,1.25,0.0,0.0,0.0,0.625,0.0,0.0,0.0,2.5,0.0,0.0,2.5,0.0,2.5,3.75,0.625,0.0,3.75,2.5,2.5,1.25,0.0,3.125,1.25,0.0,3.75,0.0,1.25,2.5,1.25,3.75,1.25,0.0,0.0,1.25,0.0,2.5,0.0,0.0,3.75,1.25,1.25,0.0,3.75,2.5,1.25,3.75,0.0,0.625,1.25,1.875,0.0,2.5,0.0,2.5,3.75,0.0,0.0,2.5,0.0,0.0,0.0,0.0,1.25,2.5,5.0
319,11,0.0,1.25,0.0,1.25,0.0,0.0,0.0,0.625,0.0,0.0,0.0,2.5,0.0,0.0,2.5,0.0,1.875,2.5,0.0,0.0,3.125,2.5,2.5,1.25,0.0,2.5,1.25,0.0,2.5,0.0,1.25,2.5,1.25,3.75,1.25,0.0,0.0,1.25,0.625,1.25,0.0,0.0,3.125,1.25,1.25,0.0,3.75,1.25,1.25,3.125,0.0,0.625,1.25,1.25,0.0,1.25,0.0,1.25,2.5,0.0,0.0,2.5,0.0,0.0,0.0,0.0,1.25,2.5,5.0
320,9,0.0,2.5,0.0,1.25,0.0,0.0,0.0,1.25,0.0,0.0,0.0,2.5,0.0,0.625,3.75,0.0,2.5,3.75,0.0,0.0,3.75,2.5,2.5,2.5,0.0,3.75,1.25,0.0,3.75,0.0,2.5,3.75,2.5,5.0,1.25,0.0,0.0,1.25,1.25,2.5,0.0,0.0,3.75,1.25,2.5,0.0,5.0,2.5,1.25,3.75,0.0,1.25,1.25,2.5,0.0,2.5,0.0,2.5,3.75,0.0,0.0,2.5,0.0,1.25,0.0,1.25,1.25,3.75,5.0
320,10,0.0,1.25,0.0,1.25,0.0,0.0,0.0,1.25,0.0,0.0,0.0,2.5,0.0,0.0,2.5,0.0,1.875,3.75,0.0,0.0,3.75,2.5,2.5,1.25,0.0,3.75,1.25,0.0,3.125,0.0,1.25,3.125,1.25,3.75,1.25,0.0,0.0,1.25,0.0,2.5,0.0,0.0,3.75,1.25,1.875,0.0,3.75,2.5,1.25,3.75,0.0,1.25,1.25,1.25,0.0,1.25,0.0,2.5,3.75,0.0,0.0,2.5,0.0,0.625,0.0,1.25,1.25,3.125,5.0
320,11,0.0,1.25,0.0,1.25,0.0,0.0,0.0,1.25,0.0,0.0,0.0,2.5,0.0,0.0,2.5,0.0,1.875,2.5,0.0,0.0,3.125,1.875,2.5,1.25,0.0,2.5,1.25,0.0,2.5,0.0,1.25,3.75,1.25,3.75,1.25,0.0,0.0,1.25,0.0,1.875,0.0,0.0,3.125,1.25,1.25,0.0,3.75,1.25,1.25,2.5,0.0,1.25,1.25,1.25,0.0,1.25,0.0,1.875,2.5,0.0,0.0,2.5,0.0,0.625,0.0,1.25,1.25,2.5,5.0
321,9,0.0,2.5,0.0,1.25,0.0,0.0,0.0,1.25,0.0,0.0,0.0,2.5,0.0,1.25,3.75,0.0,2.5,3.75,0.0,0.0,3.75,2.5,2.5,2.5,0.0,3.75,1.25,0.0,3.125,0.0,2.5,3.75,2.5,5.0,1.25,0.0,0.0,2.5,1.25,2.5,0.0,0.0,3.75,1.25,2.5,0.0,5.0,2.5,1.25,3.75,0.0,1.25,2.5,2.5,0.0,2.5,0.0,2.5,3.75,0.0,0.0,2.5,0.0,1.25,1.25,1.25,2.5,5.0,5.0
321,10,0.0,1.25,0.0,1.25,0.0,0.0,0.0,1.25,0.0,0.0,0.0,2.5,0.0,0.0,2.5,0.0,1.875,3.75,0.0,0.0,3.75,2.5,2.5,1.25,0.0,3.75,1.25,0.0,2.5,0.0,2.5,3.75,2.5,3.75,1.25,0.0,0.0,1.25,0.625,2.5,0.0,0.0,3.75,1.25,1.25,0.0,3.75,2.5,1.25,3.75,0.0,1.25,1.25,2.5,0.0,1.875,0.0,2.5,3.125,0.0,0.0,2.5,0.0,1.25,0.0,1.25,2.5,3.75,5.0
321,11,0.0,1.25,0.0,1.25,0.0,0.0,0.0,1.25,0.0,0.0,0.0,2.5,0.0,0.0,2.5,0.0,1.25,3.125,0.0,0.0,2.5,1.875,2.5,1.25,0.0,2.5,1.25,0.0,2.5,0.0,2.5,3.75,2.5,3.75,1.25,0.0,0.0,1.25,0.625,2.5,0.0,0.0,2.5,1.25,1.25,0.0,3.75,1.25,1.25,2.5,0.0,1.25,1.25,1.875,0.0,1.25,0.0,1.25,2.5,0.0,0.0,2.5,0.0,1.25,0.0,1.25,2.5,2.5,5.0
322,9,0.0,1.875,0.0,1.25,0.0,0.0,0.0,1.25,0.0,0.0,0.0,2.5,0.0,1.25,3.75,0.0,1.875,3.75,0.0,0.0,3.75,2.5,2.5,1.25,0.0,3.75,1.875,0.0,3.125,0.0,2.5,4.375,2.5,5.0,1.25,0.0,0.0,2.5,1.25,3.75,0.0,0.0,3.75,1.25,2.5,0.0,5.0,2.5,1.25,3.75,0.0,1.25,2.5,3.125,0.0,2.5,0.0,2.5,3.75,0.0,0.0,2.5,0.0,1.25,1.25,2.5,3.75,5.0,5.0
322,10,0.0,1.25,0.0,0.625,0.0,0.0,0.0,1.25,0.0,0.0,0.0,1.875,0.0,0.625,2.5,0.0,1.25,3.75,0.0,0.0,3.75,2.5,2.5,1.25,0.0,3.75,1.25,0.0,2.5,0.0,2.5,3.75,2.5,5.0,1.25,0.0,0.0,1.25,1.25,2.5,0.0,0.0,3.125,1.25,1.25,0.0,3.75,2.5,1.25,3.75,0.0,1.25,1.875,2.5,0.0,1.875,0.0,2.5,3.125,0.0,0.0,2.5,0.0,1.25,1.25,1.25,3.75,3.75,5.0
322,11,0.0,1.25,0.0,0.625,0.0,0.0,0.0,1.25,0.0,0.0,0.0,1.25,0.0,0.625,2.5,0.0,1.25,3.125,0.0,0.0,2.5,1.25,2.5,1.25,0.0,2.5,1.25,0.0,2.5,0.0,2.5,3.75,2.5,3.75,1.25,0.0,0.0,1.25,1.25,2.5,0.0,0.0,2.5,1.25,1.25,0.0,3.75,1.875,1.25,2.5,0.0,1.25,1.25,2.5,0.0,1.25,0.0,1.25,2.5,0.0,0.0,2.5,0.0,1.25,1.25,1.25,3.125,3.75,5.0
323,9,0.0,1.25,0.0,1.25,0.0,0.0,0.0,1.25,0.0,0.0,0.0,2.5,0.0,1.25,3.75,0.0,1.25,3.75,0.0,0.0,3.75,2.5,2.5,1.25,0.0,3.75,2.5,0.0,3.125,0.0,3.75,3.75,3.75,5.0,1.25,0.0,0.0,2.5,1.25,3.75,0.0,0.0,3.125,1.25,2.5,0.0,5.0,2.5,1.25,3.75,0.0,1.25,2.5,3.75,0.0,2.5,0.0,2.5,3.75,0.0,0.0,2.5,0.0,1.25,1.25,2.5,3.75,5.0,5.0
323,10,0.0,1.25,0.0,0.0,0.0,0.0,0.0,1.25,0.0,0.0,0.0,1.25,0.0,1.25,2.5,0.0,1.25,3.75,0.0,0.0,3.75,2.5,2.5,1.25,0.0,3.75,1.25,0.0,2.5,0.0,2.5,3.75,3.125,5.0,1.25,0.0,0.0,1.25,1.25,2.5,0.0,0.0,2.5,1.25,1.875,0.0,3.75,2.5,0.625,3.125,0.0,1.25,2.5,2.5,0.0,2.5,0.0,2.5,3.125,0.0,0.0,2.5,0.0,1.25,1.25,2.5,3.75,4.375,5.0
323,11,0.0,1.25,0.0,0.0,0.0,0.0,0.0,1.25,0.0,0.0,0.0,1.25,0.0,1.25,2.5,0.0,1.25,3.125,0.0,0.0,2.5,1.25,2.5,1.25,0.0,3.125,1.25,0.0,2.5,0.0,2.5,3.75,2.5,3.75,1.25,0.0,0.0,1.25,1.25,2.5,0.0,0.0,2.5,1.25,1.25,0.0,3.75,1.875,0.625,2.5,0.0,1.25,2.5,2.5,0.0,1.25,0.0,1.25,2.5,0.0,0.0,2.5,0.0,1.25,1.25,2.5,3.75,3.75,5.0
324,9,0.0,1.25,0.0,0.625,0.0,0.0,0.0,1.25,0.0,0.0,0.0,1.25,0.0,1.25,3.75,0.0,1.25,3.75,0.0,0.0,3.75,2.5,2.5,1.25,0.0,3.75,2.5,0.0,2.5,0.625,3.75,3.75,3.75,5.0,1.25,0.0,0.0,2.5,1.25,4.375,0.0,0.0,2.5,2.5,2.5,0.0,4.375,2.5,0.625,3.75,0.0,1.25,2.5,3.75,0.0,2.5,0.0,2.5,3.75,0.0,0.0,2.5,0.0,1.25,2.5,3.75,4.375,5.0,5.0
324,10,0.0,0.625,0.0,0.0,0.0,0.0,0.0,1.25,0.0,0.0,0.0,1.25,0.0,1.25,3.125,0.0,1.25,3.75,0.0,0.0,3.75,1.25,2.5,1.25,0.0,3.75,2.5,0.0,2.5,0.0,2.5,3.75,3.75,5.0,1.25,0.0,0.0,2.5,1.25,3.125,0.0,0.0,2.5,1.25,2.5,0.0,3.75,2.5,0.0,2.5,0.0,1.25,2.5,2.5,0.0,2.5,0.0,2.5,3.125,0.0,0.0,2.5,0.0,1.25,1.25,2.5,4.375,4.375,5.0
324,11,0.0,0.625,0.0,0.0,0.0,0.0,0.0,1.25,0.0,0.0,0.0,1.25,0.0,1.25,2.5,0.0,1.25,3.75,0.0,0.0,2.5,1.25,2.5,1.25,0.0,3.125,2.5,0.0,2.5,0.625,2.5,3.75,3.75,4.375,1.25,0.0,0.0,1.25,1.25,2.5,0.0,0.0,2.5,1.25,2.5,0.0,3.75,1.25,0.0,2.5,0.0,1.25,2.5,2.5,0.0,1.25,0.0,1.25,2.5,0.0,0.0,2.5,0.0,1.25,1.25,2.5,4.375,3.75,5.0
325,9,0.0,1.25,0.0,0.0,0.0,0.0,0.0,1.25,0.0,0.0,0.0,1.25,0.0,1.25,3.75,0.0,1.25,4.375,0.0,0.0,3.75,1.875,2.5,1.25,0.0,4.375,2.5,0.0,2.5,1.25,3.75,3.75,4.375,5.0,1.25,0.0,0.0,2.5,2.5,5.0,0.0,0.0,2.5,2.5,2.5,0.0,4.375,2.5,0.0,3.125,0.0,1.25,3.75,3.75,0.0,2.5,0.0,2.5,3.75,0.0,0.0,2.5,0.0,1.25,2.5,3.75,5.0,5.0,5.0
325,10,0.0,0.0,0.0,0.0,0.0,0.0,0.0,1.25,0.0,0.0,0.0,1.25,0.0,1.25,3.125,0.0,1.25,3.75,0.0,0.0,3.125,1.25,2.5,0.625,0.0,3.75,2.5,0.0,2.5,1.25,2.5,3.75,3.75,5.0,1.25,0.0,0.0,2.5,1.25,3.75,0.0,0.0,2.5,2.5,2.5,0.0,3.75,2.5,0.0,2.5,0.0,1.25,2.5,3.125,0.0,2.5,0.0,2.5,3.125,0.0,0.0,2.5,0.0,1.25,2.5,3.75,5.0,5.0,5.0
325,11,0.0,0.0,0.0,0.0,0.0,0.0,0.0,1.25,0.0,0.0,0.0,1.25,0.0,1.25,2.5,0.0,1.25,3.75,0.0,0.0,2.5,1.25,2.5,0.0,0.0,3.75,2.5,0.0,2.5,1.25,2.5,2.5,3.75,4.375,1.25,0.0,0.0,2.5,1.875,3.75,0.0,0.0,1.875,1.25,2.5,0.0,3.75,1.25,0.0,2.5,0.0,1.25,2.5,2.5,0.0,1.875,0.0,1.25,2.5,0.0,0.0,2.5,0.0,1.25,2.5,3.75,4.375,4.375,5.0
326,9,0.0,0.0,0.0,0.0,0.0,0.0,0.0,1.25,0.0,0.0,0.0,1.25,0.0,1.875,3.75,0.0,1.25,4.375,0.0,0.0,3.75,1.25,3.125,0.0,0.0,4.375,2.5,0.0,3.125,1.25,3.125,3.75,5.0,5.0,1.875,0.0,0.0,2.5,2.5,5.0,0.0,0.0,2.5,2.5,2.5,0.0,4.375,2.5,0.0,3.125,0.0,1.25,3.75,4.375,0.0,2.5,0.0,2.5,3.75,0.0,0.0,2.5,0.0,1.25,2.5,3.75,5.0,5.0,5.0
326,10,0.0,0.0,0.0,0.0,0.0,0.0,0.0,1.25,0.0,0.0,0.0,1.25,0.0,1.25,2.5,0.0,1.25,3.75,0.0,0.0,3.125,1.25,2.5,0.0,0.0,3.75,2.5,0.0,2.5,1.25,2.5,3.75,3.75,5.0,1.25,0.0,0.0,2.5,2.5,3.75,0.0,0.0,1.25,1.25,2.5,0.0,3.75,2.5,0.0,2.5,0.0,1.25,2.5,3.125,0.0,2.5,0.0,2.5,3.75,0.0,0.0,2.5,0.0,1.25,2.5,3.75,5.0,5.0,5.0
326,11,0.0,0.0,0.0,0.0,0.0,0.0,0.0,1.25,0.0,0.0,0.0,1.25,0.0,1.25,2.5,0.0,1.25,3.75,0.0,0.0,2.5,1.25,2.5,0.0,0.0,3.75,2.5,0.0,2.5,1.25,2.5,2.5,3.75,3.75,1.25,0.0,0.0,2.5,2.5,3.75,0.0,0.0,1.25,1.25,2.5,0.0,3.75,1.875,0.0,2.5,0.0,1.25,2.5,3.125,0.0,1.875,0.0,1.25,3.125,0.0,0.0,2.5,0.0,1.25,2.5,3.75,5.0,4.375,4.375
327,9,0.0,0.0,0.0,0.0,0.0,0.0,0.0,1.25,0.0,0.0,0.0,1.25,0.0,2.5,3.75,0.0,1.25,4.375,0.0,0.0,3.75,1.25,3.125,0.0,0.0,4.375,3.75,0.0,3.125,1.25,2.5,3.75,5.0,5.0,2.5,0.0,0.0,3.125,2.5,5.0,0.0,0.0,1.875,2.5,3.75,0.0,4.375,2.5,0.0,2.5,0.0,1.25,3.75,5.0,0.0,2.5,0.0,2.5,3.75,0.0,0.0,2.5,0.0,1.25,3.75,3.75,5.0,5.0,5.0
327,10,0.0,0.0,0.0,0.0,0.0,0.0,0.0,1.25,0.0,0.0,0.0,1.25,0.0,1.25,2.5,0.0,1.25,3.75,0.0,0.0,2.5,1.25,3.125,0.0,0.0,3.75,2.5,0.0,2.5,1.25,2.5,2.5,3.75,5.0,1.875,0.0,0.0,2.5,2.5,3.75,0.0,0.0,1.25,1.25,2.5,0.0,3.75,2.5,0.0,2.5,0.0,1.25,2.5,3.75,0.0,2.5,0.0,2.5,3.75,0.0,0.0,2.5,0.0,1.25,2.5,3.75,5.0,5.0,5.0
327,11,0.0,0.0,0.0,0.0,0.0,0.0,0.0,1.25,0.0,0.0,0.0,1.25,0.0,1.25,2.5,0.0,1.25,3.75,0.0,0.0,2.5,1.25,2.5,0.0,0.0,3.75,2.5,0.0,2.5,1.25,2.5,2.5,3.75,3.75,1.25,0.0,0.0,2.5,2.5,3.75,0.0,0.0,1.25,1.25,2.5,0.0,3.75,1.875,0.0,2.5,0.0,1.25,2.5,3.75,0.0,2.5,0.0,1.25,3.125,0.0,0.0,2.5,0.0,1.25,2.5,3.75,5.0,4.375,3.75
328,9,0.0,0.0,0.0,0.0,0.0,0.0,0.0,1.25,0.0,0.0,0.0,1.25,0.0,2.5,3.75,0.0,1.25,5.0,0.0,0.0,3.125,1.25,3.75,0.0,0.0,5.0,3.75,0.0,3.125,1.25,2.5,3.125,5.0,5.0,2.5,0.0,0.0,2.5,3.125,5.0,0.0,0.0,1.875,2.5,3.75,0.0,4.375,2.5,0.0,2.5,0.0,1.25,3.125,5.0,0.0,2.5,0.0,2.5,3.75,0.0,0.0,2.5,0.0,1.25,3.75,3.75,5.0,5.0,5.0
328,10,0.0,0.0,0.0,0.0,0.0,0.0,0.0,0.625,0.0,0.0,0.0,0.625,0.0,1.25,3.125,0.0,1.25,3.75,0.0,0.0,2.5,1.25,3.125,0.0,0.0,3.75,2.5,0.0,2.5,1.25,2.5,2.5,4.375,4.375,2.5,0.0,0.0,2.5,2.5,3.75,0.0,0.0,1.25,1.25,3.125,0.0,3.75,2.5,0.0,2.5,0.0,1.25,2.5,3.75,0.0,2.5,0.0,2.5,3.75,0.0,0.0,2.5,0.0,1.25,2.5,3.75,5.0,5.0,4.375
328,11,0.0,0.0,0.0,0.0,0.0,0.0,0.0,1.25,0.0,0.0,0.0,1.25,0.0,1.25,2.5,0.0,1.25,3.75,0.0,0.0,2.5,1.25,2.5,0.0,0.0,3.75,2.5,0.0,2.5,1.25,2.5,2.5,3.75,3.75,1.25,0.0,0.0,2.5,2.5,3.75,0.0,0.0,1.25,1.875,2.5,0.0,3.75,1.875,0.0,2.5,0.0,1.25,2.5,3.125,0.0,2.5,0.0,1.25,3.75,0.0,0.0,2.5,0.0,1.25,2.5,3.75,5.0,4.375,3.75
329,9,0.0,0.0,0.0,0.0,0.0,0.0,0.0,1.25,0.0,0.0,0.0,1.25,0.0,2.5,3.125,0.0,1.25,5.0,0.0,0.0,2.5,1.875,3.75,0.0,0.0,5.0,3.75,0.0,3.125,1.25,2.5,2.5,5.0,5.0,2.5,0.0,0.0,2.5,3.75,5.0,0.0,0.0,1.875,2.5,3.75,0.0,4.375,2.5,0.0,2.5,0.0,1.25,2.5,5.0,0.0,3.75,0.0,2.5,5.0,0.0,0.0,2.5,0.0,1.25,3.75,3.75,5.0,5.0,5.0
329,10,0.0,0.0,0.0,0.0,0.0,0.0,0.0,0.0,0.0,0.0,0.0,0.625,0.0,1.25,2.5,0.0,1.25,3.75,0.0,0.0,2.5,1.25,3.125,0.0,0.0,3.75,2.5,0.0,2.5,1.25,2.5,2.5,5.0,3.75,2.5,0.0,0.0,2.5,3.125,3.75,0.0,0.0,1.25,1.875,3.75,0.0,3.75,2.5,0.0,2.5,0.0,1.25,2.5,3.75,0.0,3.125,0.0,2.5,3.75,0.0,0.0,2.5,0.0,1.25,2.5,3.75,5.0,5.0,3.75
329,11,0.0,0.0,0.0,0.0,0.0,0.0,0.0,0.625,0.0,0.0,0.0,0.625,0.0,1.25,2.5,0.0,1.25,3.75,0.0,0.0,2.5,1.25,2.5,0.0,0.0,3.75,2.5,0.0,2.5,1.25,2.5,2.5,3.75,3.75,2.5,0.0,0.0,2.5,2.5,3.75,0.0,0.0,1.25,1.875,2.5,0.0,3.75,2.5,0.0,2.5,0.0,0.625,1.875,3.75,0.0,2.5,0.0,1.25,3.75,0.0,0.0,1.875,0.0,1.25,3.75,3.75,4.375,4.375,3.75
330,9,0.0,0.0,0.0,0.0,0.0,0.625,0.0,0.625,0.0,0.0,0.0,1.25,0.0,2.5,2.5,0.0,1.25,4.375,0.0,0.0,2.5,2.5,3.75,0.0,0.0,5.0,3.75,0.0,3.75,1.25,2.5,2.5,5.0,5.0,3.75,0.0,0.0,2.5,3.75,5.0,0.0,0.0,1.25,2.5,3.75,0.0,3.75,2.5,0.0,2.5,0.0,0.0,2.5,5.0,0.0,3.75,0.0,2.5,5.0,0.0,0.0,2.5,0.0,1.25,3.75,3.75,5.0,5.0,5.0
330,10,0.0,0.0,0.0,0.0,0.0,0.0,0.0,0.0,0.0,0.0,0.0,0.625,0.0,1.25,2.5,0.0,1.25,3.75,0.0,0.0,2.5,1.25,3.75,0.0,0.0,3.75,2.5,0.0,3.125,1.25,2.5,2.5,3.75,3.75,2.5,0.0,0.0,2.5,2.5,3.75,0.0,0.0,1.25,1.25,3.75,0.0,3.125,2.5,0.0,2.5,0.0,0.0,2.5,3.75,0.0,3.75,0.0,2.5,4.375,0.0,0.0,2.5,0.0,0.0,2.5,3.75,5.0,5.0,3.75
330,11,0.0,0.0,0.0,0.0,0.0,0.0,0.0,0.0,0.0,0.0,0.0,0.625,0.0,1.25,2.5,0.0,1.25,3.75,0.0,0.0,1.875,1.25,3.125,0.0,0.0,3.75,2.5,0.0,2.5,1.25,1.25,2.5,3.75,3.75,2.5,0.0,0.0,2.5,3.125,3.75,0.0,0.0,1.25,1.25,2.5,0.0,3.125,2.5,0.0,2.5,0.0,0.0,1.25,3.75,0.0,3.125,0.0,1.875,3.75,0.0,0.0,1.875,0.0,0.0,2.5,3.75,4.375,4.375,3.75
331,9,0.0,0.0,0.0,0.0,0.0,1.25,0.0,0.0,0.0,0.0,0.0,1.25,0.0,1.875,2.5,0.0,2.5,4.375,0.0,0.0,2.5,2.5,3.75,0.0,0.0,5.0,3.75,0.0,3.75,1.25,2.5,2.5,5.0,5.0,3.75,0.0,0.0,2.5,3.75,5.0,0.0,0.0,1.25,1.25,4.375,0.0,3.75,3.75,0.0,2.5,0.0,0.0,2.5,4.375,0.0,3.75,0.0,2.5,5.0,0.0,0.0,2.5,0.0,1.25,3.75,3.75,4.375,5.0,4.375
331,10,0.0,0.0,0.0,0.0,0.0,0.625,0.0,0.0,0.0,0.0,0.0,0.625,0.0,1.25,1.875,0.0,1.25,3.75,0.0,0.0,2.5,1.25,3.75,0.0,0.0,3.75,2.5,0.0,3.125,1.25,1.25,2.5,3.75,3.75,3.125,0.0,0.0,1.25,3.125,3.75,0.0,0.0,1.25,1.25,3.75,0.0,3.125,2.5,0.0,2.5,0.0,0.0,1.875,3.75,0.0,3.75,0.0,2.5,4.375,0.0,0.0,2.5,0.0,0.0,2.5,3.75,4.375,5.0,3.75
331,11,0.0,0.0,0.0,0.0,0.0,0.625,0.0,0.0,0.0,0.0,0.0,0.625,0.0,1.25,1.875,0.0,1.25,3.75,0.0,0.0,1.875,1.25,3.125,0.0,0.0,3.75,2.5,0.0,2.5,1.25,1.25,1.25,3.75,3.75,2.5,0.0,0.0,1.25,3.125,3.75,0.0,0.0,1.25,1.25,2.5,0.0,3.125,2.5,0.0,2.5,0.0,0.0,1.25,2.5,0.0,3.75,0.0,2.5,3.75,0.0,0.0,1.875,0.0,0.0,2.5,3.75,3.75,4.375,3.75
332,9,0.0,0.0,0.0,0.0,0.0,1.25,0.0,0.0,0.0,0.0,0.0,1.25,0.0,1.25,2.5,0.0,2.5,5.0,0.0,0.0,2.5,2.5,3.75,0.0,0.0,5.0,2.5,0.0,3.75,1.25,2.5,2.5,5.0,4.375,3.75,0.0,0.0,2.5,3.75,4.375,0.0,0.0,1.25,1.25,5.0,0.0,3.75,3.75,0.0,2.5,0.0,0.0,2.5,3.75,0.0,5.0,0.0,2.5,5.0,0.0,0.0,2.5,0.0,1.25,3.75,3.75,4.375,5.0,3.75
332,10,0.0,0.0,0.0,0.0,0.0,1.25,0.0,0.0,0.0,0.0,0.0,1.25,0.0,1.25,1.25,0.0,2.5,3.75,0.0,0.0,2.5,1.25,3.125,0.0,0.0,3.75,2.5,0.0,3.125,1.25,1.25,2.5,4.375,3.75,3.75,0.0,0.0,1.25,3.125,3.75,0.0,0.0,1.25,1.25,3.75,0.0,3.125,3.125,0.0,2.5,0.0,0.0,1.25,3.75,0.0,3.75,0.0,2.5,5.0,0.0,0.0,2.5,0.0,0.0,2.5,3.75,4.375,5.0,3.75
332,11,0.0,0.0,0.0,0.0,0.0,1.25,0.0,0.0,0.0,0.0,0.0,1.25,0.0,1.25,1.25,0.0,1.875,3.75,0.0,0.0,1.875,1.25,2.5,0.0,0.0,3.75,2.5,0.0,2.5,1.25,1.25,1.25,3.75,3.75,2.5,0.0,0.0,1.25,3.125,3.75,0.0,0.0,1.25,1.25,3.75,0.0,3.125,2.5,0.0,2.5,0.0,0.0,1.25,2.5,0.0,3.75,0.0,2.5,3.75,0.0,0.0,1.25,0.0,0.0,2.5,3.75,3.75,4.375,3.125
333,9,0.0,0.0,0.0,0.0,0.0,1.25,0.0,0.0,0.0,0.0,0.0,1.25,0.0,1.25,1.875,0.0,2.5,4.375,1.25,0.0,2.5,2.5,3.75,0.0,0.0,5.0,2.5,0.0,3.75,1.25,1.875,2.5,5.0,3.75,3.75,0.0,0.625,2.5,3.75,3.75,0.0,0.0,2.5,1.25,5.0,0.0,3.75,3.75,0.0,3.125,0.0,0.0,1.25,3.75,0.0,5.0,0.0,3.125,5.0,0.0,0.0,2.5,0.0,1.25,3.75,3.75,4.375,5.0,3.75
333,10,0.0,0.0,0.0,0.0,0.0,1.25,0.0,0.0,0.0,0.0,0.0,1.25,0.0,1.25,1.25,0.0,2.5,3.75,1.25,0.0,2.5,2.5,3.75,0.0,0.0,3.75,2.5,0.0,2.5,1.25,1.25,2.5,3.75,3.75,3.75,0.0,0.0,1.25,2.5,3.75,0.0,0.0,1.875,1.25,3.75,0.0,2.5,2.5,0.0,2.5,0.0,0.0,1.25,2.5,0.0,5.0,0.0,2.5,5.0,0.0,0.0,2.5,0.0,0.0,2.5,3.75,3.75,5.0,3.75
333,11,0.0,0.0,0.0,0.0,0.0,1.25,0.0,0.0,0.0,0.0,0.0,1.25,0.0,1.25,1.25,0.0,2.5,3.125,0.0,0.0,2.5,2.5,2.5,0.0,0.0,3.75,2.5,0.0,2.5,1.25,1.25,1.25,3.75,3.125,3.125,0.0,0.0,1.25,2.5,3.125,0.0,0.0,1.25,1.25,3.75,0.0,2.5,2.5,0.0,2.5,0.0,0.0,1.25,2.5,0.0,3.75,0.0,2.5,4.375,0.0,0.0,1.875,0.0,0.0,2.5,3.75,3.75,3.75,2.5
334,9,0.0,0.0,0.0,0.0,0.0,1.25,0.0,0.0,0.0,0.0,0.0,2.5,0.0,1.25,1.25,0.0,2.5,3.75,1.25,0.0,2.5,2.5,3.75,0.0,0.0,4.375,2.5,0.0,3.75,1.25,1.25,2.5,5.0,3.75,4.375,0.0,1.25,1.25,3.125,3.75,0.0,0.0,2.5,1.25,5.0,0.0,3.75,3.75,0.0,3.75,0.0,0.0,1.25,3.75,0.0,5.0,0.0,3.75,5.0,0.0,0.0,2.5,0.0,1.25,3.75,3.75,3.75,5.0,3.75
334,10,0.0,0.0,0.0,0.0,0.0,1.25,0.0,0.0,0.0,0.0,0.0,1.25,0.0,1.25,1.25,0.0,2.5,3.75,1.25,0.0,2.5,2.5,3.75,0.0,0.0,3.75,2.5,0.0,3.125,1.25,1.25,2.5,3.75,3.75,3.75,0.0,0.625,1.25,2.5,3.125,0.0,0.0,2.5,1.25,3.75,0.0,2.5,3.75,0.0,2.5,0.0,0.0,1.25,2.5,0.0,5.0,0.0,3.125,5.0,0.0,0.0,2.5,0.0,0.0,2.5,3.75,3.75,4.375,3.75
334,11,0.0,0.0,0.0,0.0,0.0,1.25,0.0,0.0,0.0,0.0,0.0,1.25,0.0,1.25,1.25,0.0,2.5,3.125,1.25,0.0,2.5,2.5,2.5,0.0,0.0,3.75,2.5,0.0,2.5,1.25,1.25,1.25,3.75,2.5,3.75,0.0,0.0,1.25,2.5,2.5,0.0,0.0,1.875,1.25,3.125,0.0,2.5,2.5,0.0,2.5,0.0,0.0,1.25,2.5,0.0,3.75,0.0,2.5,4.375,0.0,0.0,1.875,0.0,0.0,2.5,3.75,3.75,3.75,2.5
335,9,0.0,0.0,0.0,0.0,0.0,1.25,0.0,0.0,0.0,0.0,0.0,2.5,0.0,1.25,1.25,0.0,3.125,3.75,1.25,0.0,2.5,2.5,3.75,0.0,0.0,4.375,2.5,0.0,3.75,1.25,1.25,2.5,5.0,3.75,5.0,0.0,1.25,1.25,2.5,3.75,0.0,0.0,2.5,1.25,5.0,0.0,3.125,3.75,0.0,3.75,0.0,0.0,1.25,2.5,0.0,5.0,0.0,3.75,5.0,0.0,0.0,2.5,0.0,1.25,3.75,3.75,3.75,5.0,3.75
335,10,0.0,0.0,0.0,0.0,0.0,1.25,0.0,0.0,0.0,0.0,0.0,1.25,0.0,0.625,0.625,0.0,2.5,3.75,1.25,0.0,2.5,2.5,2.5,0.0,0.0,3.75,2.5,0.0,2.5,0.625,1.25,2.5,3.75,3.75,3.75,0.0,1.25,1.25,2.5,2.5,0.0,0.0,2.5,1.25,3.75,0.0,2.5,3.75,0.0,2.5,0.0,0.0,1.25,2.5,0.0,5.0,0.0,3.75,5.0,0.0,0.0,2.5,0.0,0.0,2.5,3.75,3.75,4.375,3.75
335,11,0.0,0.0,0.0,0.0,0.0,1.25,0.0,0.0,0.0,0.0,0.0,1.875,0.0,0.0,0.625,0.0,2.5,2.5,1.25,0.0,2.5,2.5,2.5,0.0,0.0,3.75,2.5,0.0,2.5,1.25,1.25,1.25,3.75,2.5,3.75,0.0,1.25,1.25,2.5,2.5,0.0,0.0,2.5,1.25,3.125,0.0,2.5,3.75,0.0,2.5,0.0,0.0,1.25,2.5,0.0,3.75,0.0,2.5,3.75,0.0,0.0,1.875,0.0,0.0,2.5,3.125,3.75,3.75,2.5
336,9,0.0,0.0,0.0,0.0,0.0,1.25,0.0,0.0,0.0,0.0,0.0,2.5,0.0,1.25,0.0,0.0,3.75,3.75,1.25,0.0,3.125,2.5,2.5,0.0,0.0,3.75,2.5,0.0,3.75,1.25,1.25,2.5,5.0,3.75,5.0,0.0,1.25,1.25,2.5,3.75,0.0,0.0,2.5,1.25,3.75,0.0,3.125,5.0,0.0,3.75,0.0,0.0,1.25,2.5,0.0,5.0,0.0,3.75,5.0,0.0,0.0,2.5,0.0,1.25,3.75,3.75,3.75,5.0,3.75
336,10,0.0,0.0,0.0,0.0,0.0,1.25,0.0,0.0,0.0,0.0,0.0,2.5,0.0,0.0,0.0,0.0,2.5,3.125,1.25,0.0,2.5,2.5,2.5,0.0,0.0,3.75,2.5,0.0,2.5,0.625,1.25,2.5,3.75,3.75,4.375,0.0,1.25,1.25,2.5,2.5,0.0,0.0,2.5,0.625,3.75,0.0,2.5,3.75,0.0,3.125,0.0,0.0,1.25,2.5,0.0,5.0,0.0,3.75,5.0,0.0,0.0,2.5,0.0,1.25,2.5,3.75,3.75,3.75,3.125
336,11,0.0,0.0,0.0,0.0,0.0,1.25,0.0,0.0,0.0,0.0,0.0,2.5,0.0,0.0,0.0,0.0,2.5,2.5,1.25,0.0,2.5,2.5,2.5,0.0,0.0,3.125,2.5,0.0,2.5,0.625,1.25,1.25,3.75,2.5,3.75,0.0,1.25,1.25,2.5,2.5,0.0,0.0,2.5,0.0,2.5,0.0,2.5,3.75,0.0,2.5,0.0,0.0,1.25,2.5,0.0,4.375,0.0,2.5,3.75,0.0,0.0,2.5,0.0,0.625,2.5,3.125,3.125,3.75,2.5
337,9,0.0,0.0,0.0,0.0,0.0,1.25,0.0,0.0,0.0,0.0,0.0,2.5,0.0,1.25,0.0,0.0,3.75,3.75,1.25,0.0,3.125,2.5,2.5,0.0,0.0,3.75,2.5,0.0,3.75,1.25,1.25,2.5,4.375,3.75,5.0,0.0,1.25,1.25,2.5,3.75,0.0,0.0,3.75,0.0,3.75,0.0,2.5,5.0,0.0,3.75,0.0,0.0,1.25,2.5,0.0,5.0,0.0,3.75,5.0,0.0,0.0,3.125,0.0,1.25,3.75,3.75,3.75,4.375,3.125
337,10,0.0,0.0,0.0,0.0,0.0,1.25,0.0,0.0,0.0,0.0,0.0,2.5,0.0,0.0,0.0,0.0,3.125,2.5,1.25,0.0,2.5,2.5,2.5,0.0,0.0,3.125,1.25,0.0,2.5,0.625,1.25,2.5,3.75,3.75,4.375,0.0,1.25,1.25,2.5,2.5,0.0,0.0,3.125,0.0,2.5,0.0,2.5,3.75,0.0,3.75,0.0,0.0,1.25,2.5,0.0,5.0,0.0,3.75,4.375,0.0,0.0,2.5,0.0,1.25,3.75,3.75,3.75,3.75,2.5
337,11,0.0,0.0,0.0,0.0,0.0,1.25,0.0,0.0,0.0,0.0,0.0,2.5,0.0,0.0,0.0,0.0,2.5,2.5,1.25,0.0,2.5,2.5,2.5,0.0,0.0,2.5,1.25,0.0,2.5,0.625,1.25,1.875,3.75,2.5,3.75,0.0,1.25,1.25,2.5,2.5,0.0,0.0,2.5,0.0,2.5,0.0,2.5,3.75,0.0,2.5,0.0,0.0,1.25,2.5,0.0,4.375,0.0,3.125,3.75,0.0,0.0,2.5,0.0,1.25,3.125,3.75,3.125,3.75,2.5
338,9,0.0,0.0,0.0,0.0,0.0,1.25,0.0,0.0,0.0,0.0,0.0,3.125,0.0,1.25,0.0,0.0,3.75,2.5,1.25,0.0,3.75,2.5,2.5,0.0,0.0,3.75,2.5,0.0,3.75,1.25,1.25,2.5,3.75,3.75,5.0,0.0,2.5,1.25,2.5,3.75,0.0,0.0,3.75,0.0,3.75,0.0,2.5,5.0,0.0,3.75,0.0,0.0,1.25,2.5,0.0,5.0,0.0,5.0,5.0,0.0,0.0,3.75,0.0,1.25,3.75,3.75,3.75,4.375,3.125
338,10,0.0,0.0,0.0,0.0,0.0,1.25,0.0,0.0,0.0,0.0,0.0,2.5,0.0,0.625,0.0,0.0,2.5,2.5,1.25,0.0,2.5,2.5,2.5,0.0,0.0,2.5,1.25,0.0,3.125,0.625,1.25,2.5,3.75,3.125,5.0,0.0,1.25,1.25,2.5,2.5,0.0,0.0,3.125,0.0,2.5,0.0,2.5,3.75,0.0,3.75,0.0,0.0,1.25,2.5,0.0,5.0,0.0,3.75,4.375,0.0,0.0,2.5,0.0,1.25,3.75,3.75,3.75,3.75,2.5
338,11,0.0,0.0,0.0,0.0,0.0,1.25,0.0,0.0,0.0,0.0,0.0,2.5,0.0,0.0,0.0,0.0,2.5,2.5,1.25,0.0,2.5,2.5,2.5,0.0,0.0,2.5,1.25,0.0,2.5,1.25,1.25,1.875,3.125,2.5,3.75,0.0,1.25,1.25,2.5,2.5,0.0,0.0,2.5,0.0,2.5,0.0,1.875,3.75,0.0,3.125,0.0,0.0,1.25,1.25,0.0,4.375,0.0,3.75,3.75,0.0,0.0,2.5,0.0,1.25,3.75,3.75,2.5,3.125,2.5
339,9,0.0,0.0,0.0,0.0,0.0,1.25,0.0,0.0,0.0,0.0,0.0,3.75,0.0,1.25,0.0,0.0,3.75,2.5,1.25,0.0,3.75,2.5,2.5,0.0,0.0,3.75,1.875,0.0,3.75,1.25,1.25,2.5,3.75,3.75,5.0,0.0,2.5,1.25,2.5,3.75,0.0,0.0,3.75,0.0,2.5,0.0,2.5,5.0,0.0,5.0,0.0,0.0,1.25,2.5,0.0,5.0,0.0,5.0,5.0,0.0,0.0,3.75,0.0,2.5,3.75,4.375,3.75,3.75,2.5
339,10,0.0,0.0,0.0,0.0,0.0,1.25,0.0,0.0,0.0,0.0,0.0,2.5,0.0,0.0,0.0,0.0,3.125,2.5,1.25,0.0,2.5,2.5,2.5,0.0,0.0,2.5,1.25,0.0,3.125,1.25,1.25,2.5,3.75,3.125,5.0,0.0,1.25,1.25,2.5,2.5,0.0,0.0,3.75,0.0,2.5,0.0,2.5,4.375,0.0,3.75,0.0,0.0,1.25,2.5,0.0,5.0,0.0,3.75,3.75,0.0,0.0,3.125,0.0,1.25,3.75,3.75,3.75,3.75,2.5
339,11,0.0,0.0,0.0,0.0,0.0,1.25,0.0,0.0,0.0,0.0,0.0,2.5,0.0,0.0,0.0,0.0,2.5,1.25,1.25,0.0,2.5,2.5,1.875,0.0,0.0,2.5,1.25,0.0,2.5,1.25,1.25,2.5,3.125,2.5,3.75,0.0,1.25,1.25,2.5,2.5,0.0,0.0,2.5,0.0,2.5,0.0,2.5,3.75,0.0,3.75,0.0,0.0,1.25,1.25,0.0,5.0,0.0,3.75,3.75,0.0,0.0,2.5,0.0,1.25,3.75,3.75,2.5,2.5,2.5
340,9,0.0,0.0,0.0,0.0,0.0,1.25,0.0,0.0,0.0,0.0,0.0,3.75,0.0,1.25,0.625,0.0,3.75,2.5,1.25,0.0,3.75,2.5,2.5,0.0,0.0,3.125,1.25,0.0,3.75,1.25,1.25,2.5,3.75,3.75,5.0,0.0,2.5,1.25,2.5,3.75,0.0,0.0,3.75,0.0,2.5,0.0,2.5,5.0,0.0,5.0,0.0,0.0,1.25,2.5,0.0,5.0,0.0,5.0,3.75,0.0,0.0,3.75,0.0,2.5,5.0,4.375,3.75,3.75,2.5
340,10,0.0,0.0,0.0,0.0,0.0,0.625,0.0,0.0,0.0,0.0,0.0,2.5,0.0,1.25,0.0,0.0,3.75,1.25,1.25,0.0,3.125,2.5,2.5,0.0,0.0,2.5,1.25,0.0,3.125,1.25,1.25,2.5,3.75,3.125,5.0,0.0,1.875,1.25,2.5,3.125,0.0,0.0,3.75,0.0,2.5,0.0,2.5,5.0,0.0,3.75,0.0,0.0,1.25,2.5,0.0,5.0,0.0,4.375,3.75,0.0,0.0,3.75,0.0,2.5,3.75,3.75,3.75,3.75,2.5
340,11,0.0,0.0,0.0,0.0,0.0,0.625,0.0,0.0,0.0,0.0,0.0,2.5,0.0,0.0,0.0,0.0,2.5,1.25,1.25,0.0,2.5,2.5,1.25,0.0,0.0,2.5,1.25,0.0,2.5,1.25,1.25,2.5,3.125,2.5,3.75,0.0,1.25,1.25,2.5,2.5,0.0,0.0,3.125,0.0,1.25,0.0,2.5,3.75,0.0,3.75,0.0,0.0,1.25,1.25,0.0,5.0,0.0,3.75,3.125,0.0,0.0,2.5,0.0,1.875,3.75,3.75,2.5,2.5,2.5
341,9,0.0,0.0,0.0,0.625,0.0,1.25,0.0,0.0,0.0,0.0,0.0,3.75,0.0,1.25,1.25,0.0,3.75,1.25,1.25,0.0,3.75,2.5,2.5,0.0,0.0,2.5,1.25,0.0,3.75,1.25,1.25,2.5,3.75,3.75,5.0,0.0,2.5,1.25,2.5,3.75,0.0,0.0,4.375,0.0,2.5,0.0,2.5,5.0,0.0,5.0,0.0,0.0,1.25,1.875,0.0,5.0,0.0,5.0,3.75,0.0,0.0,3.75,0.0,3.75,5.0,4.375,3.75,3.75,2.5
341,10,0.0,0.0,0.0,0.0,0.0,0.625,0.0,0.0,0.0,0.0,0.0,2.5,0.0,1.25,0.0,0.0,3.125,1.25,1.25,0.0,3.125,2.5,1.875,0.0,0.0,2.5,1.25,0.0,3.125,1.25,1.25,2.5,3.75,3.125,5.0,0.0,2.5,1.25,2.5,3.125,0.0,0.0,3.75,0.0,1.875,0.0,2.5,5.0,0.0,3.75,0.0,0.0,1.25,2.5,0.0,5.0,0.0,5.0,3.75,0.0,0.0,3.75,0.0,2.5,3.75,3.75,3.75,3.125,2.5
341,11,0.0,0.0,0.0,0.0,0.0,0.0,0.0,0.0,0.0,0.0,0.0,2.5,0.0,1.25,0.625,0.0,2.5,1.25,1.25,0.0,3.125,2.5,1.25,0.0,0.0,2.5,1.25,0.0,2.5,1.25,1.25,2.5,3.125,2.5,3.75,0.0,1.25,1.25,2.5,2.5,0.0,0.0,3.75,0.0,1.25,0.0,2.5,3.75,0.0,3.75,0.0,0.0,1.25,1.25,0.0,4.375,0.0,3.75,2.5,0.0,0.0,3.125,0.0,2.5,3.75,3.75,2.5,2.5,1.875
342,9,0.0,0.0,0.0,1.25,0.0,1.25,0.0,0.625,0.0,0.0,0.0,3.75,0.0,1.25,1.25,0.0,3.75,1.25,1.25,0.0,3.75,2.5,2.5,0.0,0.0,2.5,1.25,0.0,3.75,1.25,1.25,2.5,3.75,3.75,5.0,0.0,2.5,1.25,2.5,3.75,0.0,0.0,5.0,0.0,2.5,0.0,2.5,5.0,0.0,5.0,0.0,0.0,1.25,1.25,0.0,5.0,0.0,5.0,3.75,0.0,0.0,3.75,0.0,3.75,5.0,4.375,3.75,3.75,2.5
342,10,0.0,0.0,0.0,0.625,0.0,0.0,0.0,0.0,0.0,0.0,0.0,2.5,0.0,1.25,0.625,0.0,2.5,1.25,1.25,0.0,2.5,1.875,1.25,0.0,0.0,2.5,1.25,0.0,3.75,1.25,1.25,2.5,3.75,3.125,5.0,0.0,2.5,1.25,2.5,3.125,0.0,0.0,3.75,0.0,1.25,0.0,2.5,5.0,0.0,4.375,0.0,0.0,1.25,2.5,0.0,5.0,0.0,5.0,2.5,0.0,0.0,3.75,0.0,2.5,4.375,3.75,3.75,3.125,2.5
342,11,0.0,0.0,0.0,0.0,0.0,0.0,0.0,0.625,0.0,0.0,0.0,2.5,0.0,1.25,1.25,0.0,2.5,1.25,1.25,0.0,3.125,2.5,1.25,0.0,0.0,1.875,1.25,0.0,2.5,1.25,1.25,2.5,2.5,2.5,3.75,0.0,1.875,1.25,2.5,2.5,0.0,0.0,3.75,0.0,1.25,0.0,2.5,3.75,0.0,3.75,0.0,0.0,1.25,1.25,0.0,3.75,0.0,3.75,2.5,0.0,0.0,3.125,0.0,2.5,3.75,3.75,2.5,2.5,1.25
343,9,0.0,0.0,0.0,1.25,0.0,0.0,0.0,1.25,0.0,0.0,0.0,3.75,0.0,2.5,1.25,0.0,2.5,0.625,0.625,0.0,3.75,2.5,1.875,0.0,0.0,2.5,1.25,0.0,3.75,1.25,1.25,3.125,3.75,3.75,5.0,0.0,2.5,1.875,2.5,3.75,0.0,0.0,5.0,0.0,2.5,0.0,2.5,5.0,0.0,5.0,0.0,0.0,1.25,1.25,0.0,5.0,0.0,5.0,2.5,0.0,0.0,4.375,0.0,3.75,5.0,3.75,3.75,3.125,2.5
343,10,0.0,0.0,0.0,1.25,0.0,0.0,0.0,0.625,0.0,0.0,0.0,2.5,0.0,1.25,1.25,0.0,2.5,0.0,0.0,0.0,2.5,1.25,1.25,0.0,0.0,2.5,1.25,0.0,3.75,1.25,1.25,2.5,3.75,2.5,5.0,0.0,2.5,1.875,2.5,3.75,0.0,0.0,3.75,0.0,1.875,0.0,2.5,5.0,0.0,5.0,0.0,0.0,1.25,2.5,0.0,5.0,0.0,5.0,2.5,0.0,0.0,3.75,0.0,3.75,3.75,3.75,3.125,2.5,2.5
343,11,0.0,0.0,0.0,1.25,0.0,0.0,0.0,0.625,0.0,0.0,0.0,2.5,0.0,1.25,1.25,0.0,2.5,0.0,0.625,0.0,3.125,1.25,1.25,0.0,0.0,1.875,1.25,0.0,2.5,1.25,1.25,2.5,2.5,2.5,3.75,0.0,1.25,1.25,2.5,2.5,0.0,0.0,3.75,0.0,1.25,0.0,2.5,3.75,0.0,4.375,0.0,0.0,1.25,1.25,0.0,4.375,0.0,3.75,2.5,0.0,0.0,3.75,0.0,3.75,3.75,3.125,2.5,2.5,1.25
344,9,0.0,0.0,0.0,1.25,0.0,0.0,0.0,1.25,0.0,0.0,0.0,3.75,0.0,2.5,1.875,0.0,2.5,0.0,0.0,0.0,3.75,1.875,1.875,0.0,0.0,2.5,1.25,0.0,3.75,1.25,1.25,3.75,3.75,3.75,5.0,0.0,2.5,1.875,2.5,3.75,0.0,0.0,5.0,0.0,2.5,0.0,3.125,5.0,0.0,5.0,0.0,0.0,1.25,1.25,0.0,5.0,0.0,5.0,2.5,0.0,0.0,5.0,0.0,5.0,5.0,3.75,3.75,2.5,2.5
344,10,0.0,0.0,0.0,1.25,0.0,0.0,0.0,1.25,0.0,0.0,0.0,2.5,0.0,1.25,1.25,0.0,2.5,0.0,0.0,0.0,2.5,1.25,1.25,0.0,0.0,1.875,1.25,0.0,3.75,1.25,1.25,2.5,3.75,3.125,5.0,0.0,2.5,1.875,2.5,3.75,0.0,0.0,3.75,0.0,2.5,0.0,2.5,5.0,0.0,5.0,0.0,0.0,1.25,2.5,0.0,5.0,0.0,5.0,2.5,0.0,0.0,4.375,0.0,3.75,5.0,3.75,2.5,2.5,2.5
344,11,0.0,0.0,0.0,1.25,0.0,0.0,0.0,1.25,0.0,0.0,0.0,2.5,0.0,1.25,1.25,0.0,2.5,0.0,0.0,0.0,2.5,1.25,1.25,0.0,0.0,1.25,0.625,0.0,2.5,1.25,1.25,2.5,2.5,2.5,3.75,0.0,1.25,1.25,2.5,3.125,0.0,0.0,3.75,0.0,1.25,0.0,2.5,4.375,0.0,4.375,0.0,0.0,1.25,1.25,0.0,3.75,0.0,3.75,2.5,0.0,0.0,3.75,0.0,3.75,3.75,3.125,2.5,2.5,1.25
345,9,0.0,0.0,0.0,1.25,0.0,0.0,0.0,1.25,0.0,0.0,0.0,3.75,0.0,2.5,2.5,0.0,2.5,0.0,0.0,0.0,3.125,1.25,1.875,0.0,0.0,2.5,1.25,0.0,3.75,1.25,1.25,3.125,3.75,3.75,5.0,0.0,2.5,2.5,2.5,3.75,0.0,0.0,5.0,0.0,2.5,0.0,3.75,5.0,0.0,5.0,0.0,0.0,1.25,1.25,0.0,5.0,0.0,5.0,2.5,0.0,0.0,5.0,0.0,5.0,5.0,3.75,3.125,2.5,2.5
345,10,0.0,0.0,0.0,1.25,0.0,0.0,0.0,1.25,0.0,0.0,0.0,2.5,0.0,2.5,1.25,0.0,2.5,0.0,0.0,0.0,2.5,1.25,1.25,0.0,0.0,2.5,0.0,0.0,3.75,1.25,1.25,2.5,3.75,3.125,5.0,0.0,2.5,1.875,2.5,3.75,0.0,0.0,3.75,0.0,2.5,0.0,3.125,5.0,0.0,5.0,0.0,0.0,1.25,1.25,0.0,3.75,0.0,5.0,2.5,0.0,0.0,5.0,0.0,3.75,5.0,3.75,2.5,2.5,2.5
345,11,0.0,0.0,0.0,1.25,0.0,0.0,0.0,1.25,0.0,0.0,0.0,2.5,0.0,1.25,1.875,0.0,2.5,0.0,0.0,0.0,2.5,1.25,1.25,0.0,0.0,1.25,0.625,0.0,3.125,1.25,1.25,2.5,2.5,2.5,3.75,0.0,1.25,1.25,2.5,3.125,0.0,0.0,3.75,0.0,1.25,0.0,2.5,3.75,0.0,4.375,0.0,0.0,1.25,1.25,0.0,3.75,0.0,4.375,1.875,0.0,0.0,3.75,0.0,3.75,3.75,3.125,2.5,1.875,1.25
346,9,0.0,0.0,0.0,2.5,0.0,0.0,0.0,1.25,0.0,0.0,0.0,2.5,0.0,2.5,2.5,0.0,1.25,0.0,0.0,0.0,2.5,1.25,2.5,0.0,0.0,2.5,0.625,0.0,3.75,1.25,1.25,3.125,3.75,3.75,5.0,0.0,2.5,2.5,2.5,3.75,0.0,0.0,5.0,0.0,2.5,0.0,3.75,5.0,0.0,5.0,0.0,1.25,1.25,1.25,0.0,5.0,0.0,5.0,2.5,0.0,0.0,5.0,0.0,5.0,5.0,3.75,2.5,2.5,2.5
346,10,0.0,0.0,0.0,1.25,0.0,0.0,0.0,1.25,0.0,0.0,0.0,2.5,0.0,2.5,2.5,0.0,1.25,0.0,0.0,0.0,2.5,1.25,1.875,0.0,0.0,2.5,0.0,0.0,3.75,1.25,1.25,2.5,3.75,2.5,5.0,0.0,2.5,2.5,2.5,3.75,0.0,0.0,3.75,0.0,2.5,0.0,3.75,5.0,0.0,5.0,0.0,0.0,1.25,1.25,0.0,3.75,0.0,5.0,2.5,0.0,0.0,5.0,0.0,3.75,5.0,3.75,2.5,2.5,2.5
346,11,0.0,0.0,0.0,1.25,0.0,0.0,0.0,1.25,0.0,0.0,0.0,2.5,0.0,1.25,2.5,0.0,1.25,0.0,0.0,0.0,2.5,1.25,1.25,0.0,0.0,1.875,0.625,0.0,3.125,1.25,1.25,2.5,2.5,2.5,3.75,0.0,1.25,1.25,2.5,3.125,0.0,0.0,3.75,0.0,2.5,0.0,2.5,3.75,0.0,4.375,0.0,0.0,1.25,1.25,0.0,3.75,0.0,5.0,1.25,0.0,0.0,3.75,0.0,3.75,3.75,2.5,2.5,1.875,1.875
347,9,0.0,0.0,0.0,1.875,0.0,0.0,0.0,1.25,0.0,1.25,0.0,2.5,0.0,2.5,3.125,0.0,1.25,0.625,0.0,0.0,2.5,1.25,2.5,1.25,0.0,2.5,0.625,0.0,3.75,1.25,1.25,3.75,3.125,3.75,5.0,0.0,2.5,2.5,2.5,3.75,0.0,0.0,5.0,0.0,2.5,0.0,3.75,5.0,0.0,5.0,0.0,1.25,1.25,1.25,0.0,4.375,0.0,5.0,2.5,0.0,0.0,5.0,0.0,5.0,5.0,3.75,2.5,2.5,2.5
347,10,0.0,0.0,0.0,1.25,0.0,0.0,0.0,1.25,0.0,0.625,0.0,2.5,0.0,2.5,2.5,0.0,1.25,0.0,0.0,0.0,1.875,1.25,1.875,0.625,0.0,2.5,0.0,0.0,3.75,1.25,1.25,2.5,3.125,2.5,5.0,0.0,2.5,2.5,2.5,3.75,0.0,0.0,3.75,0.0,2.5,0.0,3.75,4.375,0.0,5.0,0.0,1.25,1.25,1.25,0.0,3.75,0.0,5.0,2.5,0.0,0.0,5.0,0.0,3.75,5.0,3.75,2.5,2.5,2.5
347,11,0.0,0.0,0.0,1.25,0.0,0.0,0.0,1.25,0.0,0.0,0.0,2.5,0.0,2.5,2.5,0.0,1.25,0.0,0.0,0.0,2.5,1.25,1.25,0.625,0.0,1.875,0.0,0.0,3.75,1.25,1.25,2.5,2.5,2.5,3.75,0.0,1.25,2.5,2.5,3.125,0.0,0.0,3.75,0.0,2.5,0.0,3.125,3.75,0.0,4.375,0.0,0.0,1.25,1.25,0.0,3.125,0.0,5.0,1.25,0.0,0.0,3.75,0.0,3.75,3.75,2.5,2.5,1.875,1.25
348,9,0.0,0.0,0.0,1.875,0.0,0.0,0.0,1.25,1.25,1.25,0.0,2.5,0.0,2.5,3.75,0.0,1.25,0.625,0.0,0.0,2.5,1.25,2.5,1.25,0.0,2.5,0.625,0.0,3.75,1.25,1.25,3.75,3.125,3.75,5.0,0.0,2.5,2.5,2.5,4.375,0.0,0.0,5.0,0.625,3.125,0.0,3.75,5.0,1.25,5.0,0.0,1.25,1.25,1.25,0.0,3.75,0.0,5.0,2.5,0.0,0.0,5.0,0.0,5.0,5.0,3.75,2.5,2.5,2.5
348,10,0.0,0.0,0.0,1.25,0.0,0.0,0.0,1.25,1.25,1.25,0.0,1.875,0.0,2.5,2.5,0.0,1.25,0.0,0.0,0.0,1.25,1.25,1.875,1.25,0.0,2.5,0.0,0.0,3.75,1.25,1.25,2.5,2.5,2.5,4.375,0.0,2.5,2.5,2.5,3.75,0.0,0.0,3.75,0.625,2.5,0.0,3.75,3.75,0.625,5.0,0.0,1.25,1.25,1.25,0.0,3.125,0.0,5.0,2.5,0.0,0.0,5.0,0.0,5.0,4.375,3.125,2.5,2.5,2.5
348,11,0.0,0.0,0.0,1.25,0.0,0.0,0.0,1.25,1.25,1.25,0.0,1.25,0.0,1.875,2.5,0.0,1.25,0.625,0.0,0.0,1.25,1.25,1.25,1.25,0.0,1.875,0.0,0.0,3.75,1.25,1.25,2.5,2.5,2.5,3.75,0.0,1.25,2.5,2.5,3.75,0.0,0.0,3.75,0.625,2.5,0.0,3.125,3.75,0.625,4.375,0.0,1.25,1.25,1.25,0.0,2.5,0.0,5.0,1.25,0.0,0.0,3.75,0.0,4.375,3.75,2.5,1.875,1.875,1.875
349,9,0.0,0.0,0.0,2.5,0.0,0.0,0.0,1.25,1.25,1.25,0.0,1.875,0.0,2.5,3.75,0.0,1.25,1.25,0.0,0.0,1.25,1.25,2.5,1.25,0.0,2.5,0.625,0.0,3.75,1.25,1.25,3.75,2.5,3.75,5.0,0.0,2.5,2.5,2.5,3.75,0.0,0.0,5.0,1.25,3.75,0.0,3.75,5.0,1.25,5.0,0.0,1.25,1.25,1.25,0.0,3.75,0.0,5.0,2.5,0.0,0.0,5.0,0.0,5.0,5.0,3.125,2.5,2.5,2.5
349,10,0.0,0.0,0.0,1.25,0.0,0.0,0.0,1.25,1.25,1.25,0.0,1.25,0.0,2.5,2.5,0.0,0.625,0.625,0.0,0.0,1.25,1.25,2.5,1.25,0.0,2.5,0.0,0.0,3.75,0.625,1.25,2.5,2.5,3.125,4.375,0.0,2.5,2.5,2.5,3.75,0.0,0.0,3.75,1.25,3.125,0.0,3.75,3.75,1.25,5.0,0.0,1.25,1.25,1.25,0.0,2.5,0.0,5.0,2.5,0.0,0.0,5.0,0.0,4.375,3.75,2.5,2.5,2.5,2.5
349,11,0.0,0.0,0.0,1.25,0.0,0.0,0.0,1.25,1.25,1.25,0.0,1.25,0.0,1.25,2.5,0.0,1.25,1.25,0.0,0.0,1.25,1.25,1.25,1.25,0.0,2.5,0.0,0.0,3.125,0.625,1.25,2.5,2.5,2.5,3.75,0.0,1.25,2.5,2.5,3.75,0.0,0.0,3.75,1.25,2.5,0.0,3.125,3.75,1.25,3.75,0.0,1.25,1.25,1.25,0.0,2.5,0.0,5.0,1.875,0.0,0.0,4.375,0.0,4.375,3.75,2.5,1.25,1.25,2.5
350,9,0.0,0.0,0.0,1.25,0.0,0.0,0.0,1.25,1.25,2.5,0.0,1.25,0.0,2.5,3.75,0.0,0.0,1.25,0.0,0.0,1.25,1.25,2.5,1.875,0.0,2.5,1.25,0.0,4.375,1.25,1.875,3.75,2.5,3.75,5.0,1.25,2.5,3.125,2.5,3.75,0.0,0.0,5.0,1.25,3.75,0.0,4.375,5.0,1.25,5.0,0.0,1.25,1.25,0.0,0.0,2.5,0.0,5.0,2.5,0.0,0.0,5.0,0.0,5.0,3.75,2.5,2.5,2.5,2.5
350,10,0.0,0.0,0.0,1.25,0.0,0.0,0.0,1.25,1.25,1.875,0.0,1.25,0.0,2.5,2.5,0.0,0.0,1.25,0.0,0.0,1.25,1.25,2.5,1.25,0.0,2.5,0.625,0.0,3.75,0.625,1.25,2.5,2.5,3.125,4.375,1.25,2.5,3.125,2.5,3.75,0.0,0.0,3.75,1.25,3.75,0.0,3.75,3.75,1.25,4.375,0.0,1.25,1.25,1.25,0.0,2.5,0.0,5.0,2.5,0.0,0.0,5.0,0.0,4.375,3.75,2.5,2.5,2.5,2.5
350,11,0.0,0.0,0.0,1.25,0.0,0.0,0.0,1.25,1.25,1.25,0.0,1.25,0.0,1.25,2.5,0.0,0.0,1.25,0.0,0.0,1.25,1.25,1.875,1.25,0.0,2.5,0.625,0.0,3.75,0.625,1.25,2.5,2.5,2.5,3.75,1.25,1.25,2.5,2.5,3.125,0.0,0.0,3.75,1.25,2.5,0.0,3.75,3.75,1.25,3.75,0.0,1.25,1.25,1.25,0.0,2.5,0.0,5.0,2.5,0.0,0.0,5.0,0.0,4.375,2.5,2.5,1.25,1.875,2.5
351,9,0.0,0.0,0.0,1.25,0.0,0.0,0.0,1.25,1.25,2.5,0.0,1.25,0.0,2.5,3.75,0.0,0.0,1.25,0.0,0.0,1.25,1.25,2.5,2.5,0.0,2.5,1.25,0.0,4.375,1.25,1.875,3.75,2.5,3.75,5.0,1.25,2.5,3.75,2.5,4.375,0.0,0.0,5.0,1.25,3.75,0.0,4.375,3.75,1.25,5.0,0.0,1.875,1.875,0.0,0.0,2.5,1.25,5.0,2.5,1.25,0.0,5.0,0.0,5.0,3.75,2.5,2.5,2.5,2.5
351,10,0.0,0.0,0.0,1.25,0.0,0.0,0.0,1.25,1.25,2.5,0.0,1.25,0.0,1.25,2.5,0.0,0.0,1.25,0.0,0.0,1.25,1.25,2.5,1.25,0.0,2.5,0.625,0.0,3.75,0.625,1.25,3.125,2.5,2.5,3.75,1.25,2.5,3.75,2.5,3.75,0.0,0.0,3.75,1.25,3.75,0.0,3.75,3.75,1.25,4.375,0.0,1.25,1.25,0.0,0.0,2.5,0.0,5.0,2.5,1.25,0.0,5.0,0.0,3.75,3.75,2.5,2.5,2.5,2.5
351,11,0.0,0.0,0.0,1.25,0.0,0.0,0.0,1.25,1.25,1.875,0.0,1.25,0.0,1.25,2.5,0.0,0.0,1.25,0.0,0.0,1.25,1.25,1.875,1.25,0.0,2.5,0.625,0.0,3.75,0.625,1.25,2.5,2.5,2.5,3.75,1.25,1.25,2.5,2.5,3.75,0.0,0.0,3.75,1.25,3.125,0.0,3.75,3.75,1.25,3.75,0.0,1.25,1.25,0.0,0.0,2.5,0.0,5.0,2.5,1.25,0.0,5.0,0.0,3.75,2.5,1.875,1.25,2.5,2.5
352,9,0.0,0.0,0.0,1.25,0.0,0.0,0.0,1.25,2.5,3.125,0.0,1.25,0.0,1.25,3.75,0.0,0.0,1.875,0.0,0.0,1.25,1.25,2.5,2.5,0.0,2.5,1.25,0.0,3.75,0.625,1.25,3.75,2.5,3.75,5.0,1.25,2.5,3.75,2.5,4.375,0.0,0.0,5.0,1.875,3.75,0.0,5.0,3.75,1.875,5.0,0.0,2.5,1.875,0.0,0.0,2.5,1.25,5.0,3.75,1.25,1.25,5.0,1.25,5.0,3.75,2.5,2.5,2.5,2.5
352,10,0.0,0.0,0.0,1.25,0.0,0.0,0.0,0.625,1.25,2.5,0.0,1.25,0.0,1.25,2.5,0.0,0.0,1.25,0.0,0.0,1.25,1.25,2.5,1.25,0.0,2.5,0.625,0.0,3.75,0.0,1.25,2.5,2.5,2.5,3.75,1.25,2.5,3.75,2.5,3.75,0.0,0.0,3.75,1.25,3.75,0.0,3.75,3.75,1.25,4.375,0.0,1.25,1.25,0.0,0.0,2.5,1.25,5.0,3.125,1.25,1.25,5.0,0.625,3.75,3.125,2.5,2.5,2.5,2.5
352,11,0.0,0.0,0.0,1.25,0.0,0.0,0.0,0.625,1.25,2.5,0.0,1.25,0.0,1.25,2.5,0.0,0.0,1.25,0.0,0.0,1.25,1.25,2.5,1.25,0.0,2.5,1.25,0.0,3.75,0.0,1.25,2.5,2.5,2.5,3.75,1.25,1.25,2.5,2.5,3.75,0.0,0.0,3.75,1.25,3.75,0.0,3.75,3.125,1.25,3.75,0.0,1.25,1.25,0.0,0.0,1.25,1.25,4.375,2.5,1.25,0.625,5.0,0.0,3.75,2.5,1.25,1.25,2.5,2.5
353,9,0.0,0.0,0.0,1.25,0.0,0.625,0.0,1.25,2.5,3.75,0.0,1.25,0.0,1.25,3.75,0.0,0.0,1.875,0.0,0.0,1.25,1.25,2.5,2.5,0.0,2.5,1.25,0.0,3.75,0.625,1.25,3.75,2.5,3.75,4.375,1.25,1.875,3.75,2.5,3.75,0.0,0.0,5.0,1.875,3.75,0.0,5.0,3.75,2.5,5.0,0.0,2.5,2.5,0.0,0.0,2.5,1.25,5.0,3.75,1.25,1.25,5.0,1.25,5.0,3.125,2.5,2.5,2.5,2.5
353,10,0.0,0.0,0.0,0.0,0.0,0.0,0.0,0.0,1.25,3.75,0.0,1.25,0.0,1.25,2.5,0.0,0.0,1.25,0.0,0.0,1.25,1.25,2.5,1.25,0.0,2.5,1.25,0.0,3.75,0.0,1.25,2.5,2.5,3.125,3.75,1.25,2.5,3.75,2.5,3.75,0.0,0.0,3.75,1.25,3.75,0.0,3.75,3.75,1.25,4.375,0.0,1.25,1.25,0.0,0.0,2.5,1.25,5.0,3.125,1.25,1.25,5.0,1.25,3.75,2.5,2.5,2.5,2.5,2.5
353,11,0.0,0.0,0.0,0.0,0.0,0.0,0.0,0.0,1.25,2.5,0.0,1.25,0.0,1.25,2.5,0.0,0.0,1.25,0.0,0.0,1.25,1.25,2.5,1.25,0.0,2.5,1.25,0.0,3.125,0.625,1.25,2.5,2.5,2.5,3.75,1.25,1.25,2.5,2.5,3.75,0.0,0.0,3.75,1.875,3.75,0.0,3.75,3.125,1.25,3.75,0.0,1.25,1.875,0.0,0.0,1.25,1.25,3.75,2.5,1.25,1.25,5.0,1.25,3.75,2.5,1.25,1.25,2.5,2.5
354,9,0.0,0.0,0.0,0.625,0.0,1.25,0.0,0.625,2.5,3.75,0.0,1.25,0.0,1.25,3.125,0.0,0.0,2.5,0.0,0.0,1.25,1.25,2.5,2.5,0.0,2.5,1.25,0.0,3.75,1.25,1.875,3.75,2.5,3.75,4.375,2.5,1.875,3.75,2.5,3.75,0.0,0.0,5.0,2.5,3.75,0.0,5.0,3.75,2.5,5.0,0.0,1.875,2.5,0.0,0.0,2.5,1.25,5.0,3.75,2.5,1.25,5.0,2.5,4.375,2.5,2.5,2.5,3.75,2.5
354,10,0.0,0.0,0.0,0.0,0.0,0.0,0.0,0.0,2.5,3.75,0.0,0.625,0.0,1.25,2.5,0.0,0.0,1.25,0.0,0.0,1.25,1.25,2.5,1.25,0.0,2.5,1.25,0.0,3.75,1.25,1.25,2.5,2.5,3.125,3.75,1.25,2.5,3.75,3.125,3.75,0.0,0.0,3.75,2.5,3.75,0.0,3.75,3.75,1.875,3.75,0.0,1.25,1.25,0.0,0.0,2.5,1.25,4.375,3.75,2.5,1.25,5.0,1.25,3.75,2.5,1.875,2.5,2.5,2.5
354,11,0.0,0.0,0.0,0.0,0.0,0.0,0.0,0.0,1.875,3.125,0.0,0.625,0.0,1.25,2.5,0.0,0.0,1.875,0.0,0.0,1.25,1.25,2.5,1.25,0.0,2.5,1.25,0.0,3.125,1.25,1.25,2.5,2.5,2.5,3.75,1.25,1.25,2.5,2.5,3.125,0.0,0.0,3.75,2.5,3.75,0.0,3.75,3.125,1.25,3.75,0.0,1.25,2.5,0.0,0.0,1.25,1.25,3.75,2.5,1.875,1.25,5.0,1.25,3.75,1.875,1.25,1.875,2.5,2.5
355,9,0.0,0.0,0.0,0.0,0.0,1.25,0.0,0.625,2.5,4.375,0.0,1.25,0.0,1.25,2.5,0.0,0.0,2.5,0.0,0.0,2.5,1.25,2.5,2.5,0.0,2.5,1.25,0.0,3.75,1.25,1.25,3.75,2.5,3.75,4.375,2.5,1.25,3.75,2.5,3.75,0.0,0.0,4.375,2.5,3.75,0.0,5.0,3.75,2.5,5.0,0.0,1.25,2.5,0.0,0.0,2.5,2.5,5.0,3.75,2.5,2.5,5.0,2.5,3.75,2.5,2.5,2.5,3.75,2.5
355,10,0.0,0.0,0.0,0.0,0.0,1.25,0.0,0.0,1.25,3.75,0.0,0.625,0.0,0.625,2.5,0.0,0.0,1.875,0.0,0.0,1.25,1.25,2.5,1.25,0.0,2.5,1.25,0.0,3.75,1.25,1.25,3.125,2.5,2.5,3.75,1.875,1.875,3.75,2.5,3.75,0.0,0.0,3.75,2.5,3.75,0.0,3.75,3.75,1.25,4.375,0.0,1.25,1.875,0.0,0.0,2.5,1.25,3.75,3.75,2.5,2.5,5.0,1.875,3.125,1.25,1.25,2.5,3.125,2.5
355,11,0.0,0.0,0.0,0.0,0.0,0.625,0.0,0.0,1.25,3.125,0.0,0.625,0.0,0.0,2.5,0.0,0.0,2.5,0.0,0.0,1.25,1.25,2.5,1.25,0.0,2.5,1.25,0.0,3.125,1.25,1.25,2.5,2.5,2.5,3.75,1.875,1.25,2.5,2.5,3.125,0.0,0.0,3.75,2.5,3.75,0.0,3.75,3.125,1.25,3.75,0.0,1.25,2.5,0.0,0.0,1.25,1.25,3.75,3.125,2.5,1.875,5.0,1.25,3.125,1.25,1.25,2.5,2.5,2.5
356,9,0.0,0.0,0.0,0.0,0.0,1.25,0.0,0.0,2.5,3.75,0.0,1.25,0.0,0.0,2.5,0.0,0.0,2.5,0.0,0.0,2.5,1.25,2.5,1.25,0.0,2.5,1.25,0.0,3.75,1.25,1.25,3.75,2.5,3.75,3.75,2.5,1.25,3.75,3.125,3.75,0.0,0.0,4.375,2.5,3.75,0.0,5.0,3.75,2.5,5.0,0.0,1.25,2.5,0.625,0.0,2.5,2.5,4.375,4.375,2.5,2.5,5.0,3.75,3.75,2.5,2.5,3.125,3.75,2.5
356,10,0.0,0.0,0.0,0.0,0.0,1.25,0.0,0.0,1.25,3.75,0.0,0.625,0.0,0.0,1.875,0.0,0.0,2.5,0.0,0.0,1.875,1.25,2.5,1.25,0.0,2.5,1.25,0.0,3.125,1.25,1.25,2.5,2.5,3.125,3.75,2.5,1.875,3.75,3.125,3.75,0.0,0.0,3.75,2.5,3.75,0.0,4.375,3.75,1.25,4.375,0.0,1.25,1.875,0.0,0.0,2.5,2.5,3.75,3.75,2.5,2.5,5.0,2.5,2.5,2.5,1.875,2.5,3.75,2.5
356,11,0.0,0.0,0.0,0.0,0.0,1.25,0.0,0.0,1.25,3.75,0.0,0.625,0.0,0.0,1.875,0.0,0.0,2.5,0.0,0.0,1.25,1.25,2.5,1.25,0.0,2.5,1.25,0.0,2.5,1.25,1.25,2.5,2.5,2.5,3.125,2.5,1.25,2.5,2.5,3.125,0.0,0.0,3.75,2.5,3.75,0.0,3.75,3.125,1.25,3.75,0.0,1.25,2.5,0.0,0.0,1.25,2.5,3.75,3.75,2.5,2.5,5.0,2.5,2.5,1.25,1.25,2.5,2.5,2.5
357,9,0.0,0.0,0.0,0.0,0.0,1.25,0.0,0.625,1.25,3.75,0.0,1.25,0.0,0.0,2.5,0.0,0.0,2.5,0.0,0.0,2.5,1.25,2.5,1.25,0.0,3.125,1.25,0.0,3.75,1.25,1.25,3.75,2.5,3.75,3.75,2.5,1.25,3.75,3.75,3.75,0.0,0.0,4.375,2.5,3.75,0.0,5.0,3.75,1.25,4.375,0.0,1.25,2.5,1.25,0.0,2.5,2.5,3.75,5.0,3.75,2.5,5.0,3.75,3.75,2.5,2.5,3.125,3.75,2.5
357,10,0.0,0.0,0.0,0.0,0.0,1.25,0.0,0.0,1.25,3.75,0.0,1.25,0.0,0.0,1.25,0.0,0.0,2.5,0.0,0.0,2.5,1.25,2.5,1.25,0.0,2.5,1.25,0.0,3.125,1.25,1.25,2.5,2.5,3.75,3.75,2.5,1.25,3.75,3.75,3.75,0.0,0.0,3.75,2.5,3.75,0.0,4.375,3.75,1.25,3.75,0.0,1.25,1.875,0.625,0.0,2.5,2.5,3.75,3.75,2.5,2.5,5.0,2.5,2.5,1.875,1.875,2.5,3.75,2.5
357,11,0.0,0.0,0.0,0.0,0.0,1.25,0.0,0.0,1.25,3.75,0.0,0.625,0.0,0.0,1.25,0.0,0.0,2.5,0.0,0.0,1.875,1.25,2.5,1.25,0.0,2.5,1.25,0.0,2.5,1.25,1.25,2.5,2.5,2.5,2.5,2.5,1.25,3.125,2.5,3.125,0.0,0.0,3.75,2.5,3.125,0.0,3.75,3.125,1.25,3.75,0.0,1.25,2.5,0.625,0.0,1.25,2.5,3.75,3.75,2.5,2.5,5.0,2.5,2.5,1.25,1.25,2.5,2.5,2.5
358,9,0.0,0.0,0.0,0.0,0.0,1.25,0.0,0.625,1.25,3.75,0.0,1.25,0.0,0.0,2.5,0.0,0.0,2.5,0.0,0.0,2.5,1.25,2.5,1.25,0.0,3.125,1.25,0.0,3.75,2.5,1.25,3.75,3.75,3.75,3.75,2.5,1.25,3.75,3.75,3.75,0.0,0.0,4.375,3.125,3.75,0.0,5.0,3.75,1.25,4.375,0.0,1.25,1.875,1.25,0.0,2.5,2.5,3.75,5.0,3.75,3.75,5.0,4.375,2.5,1.25,2.5,3.75,3.75,2.5
358,10,0.0,0.0,0.0,0.0,0.0,1.25,0.0,0.0,1.25,3.75,0.0,0.625,0.0,0.0,1.25,0.0,0.0,1.875,0.0,0.0,2.5,0.625,2.5,1.25,0.0,2.5,1.25,0.0,3.125,1.25,1.25,2.5,2.5,3.125,3.75,2.5,1.25,3.75,3.75,3.75,0.0,0.0,3.75,2.5,3.75,0.0,4.375,3.75,1.25,3.75,0.0,0.625,1.25,1.25,0.0,2.5,2.5,3.75,4.375,3.75,3.75,5.0,3.75,2.5,1.25,1.875,3.125,3.75,2.5
358,11,0.0,0.0,0.0,0.0,0.0,1.25,0.0,0.0,1.25,2.5,0.0,1.25,0.0,0.0,1.25,0.0,0.0,2.5,0.0,0.0,2.5,0.625,2.5,1.25,0.0,2.5,1.25,0.0,2.5,1.25,1.25,2.5,2.5,2.5,2.5,2.5,1.25,3.125,2.5,3.125,0.0,0.0,3.75,2.5,3.125,0.0,3.75,3.125,1.25,3.75,0.0,0.625,1.875,1.25,0.0,2.5,2.5,3.125,3.75,2.5,3.125,4.375,2.5,2.5,1.25,1.25,2.5,2.5,2.5
359,9,0.0,0.0,0.0,0.0,0.0,1.875,0.0,0.625,1.25,3.75,0.0,1.25,0.0,0.0,1.875,0.0,0.0,2.5,0.0,0.0,3.75,1.25,2.5,1.25,0.0,3.75,1.25,0.0,3.75,2.5,1.25,3.75,3.75,3.75,3.75,2.5,1.25,3.75,3.75,3.75,0.625,0.0,3.75,3.75,3.75,0.0,5.0,3.75,1.25,4.375,0.0,1.25,1.875,1.25,0.0,2.5,2.5,3.75,5.0,3.75,3.75,5.0,5.0,2.5,1.25,2.5,3.75,3.75,2.5
359,10,0.0,0.0,0.0,0.0,0.0,1.25,0.0,0.0,1.25,3.125,0.0,1.25,0.0,0.0,1.25,0.0,0.0,1.875,0.0,0.0,2.5,0.625,2.5,1.25,0.0,2.5,0.625,0.0,3.125,2.5,1.25,3.125,2.5,3.125,3.75,2.5,1.25,3.75,3.75,3.75,0.625,0.0,3.75,3.125,3.75,0.0,4.375,3.75,1.25,3.75,0.0,0.0,1.25,1.25,0.0,2.5,2.5,3.75,4.375,3.75,3.75,5.0,3.75,1.875,1.25,2.5,3.75,3.75,2.5
359,11,0.0,0.0,0.0,0.0,0.0,1.25,0.0,0.0,1.25,2.5,0.0,1.25,0.0,0.0,1.25,0.0,0.0,2.5,0.0,0.0,2.5,0.625,1.875,0.0,0.0,2.5,1.25,0.0,2.5,2.5,1.25,2.5,2.5,2.5,2.5,2.5,1.25,3.125,2.5,3.125,0.625,0.0,3.125,2.5,3.125,0.0,3.75,3.75,1.25,3.75,0.0,0.0,1.25,1.25,0.0,2.5,2.5,2.5,3.75,3.75,3.75,4.375,3.125,1.875,1.25,1.25,2.5,2.5,2.5
